src,dst,kind,status,error
partition0.cxi,originals/partition0.cxi,FILE,OK,
partition0,originals/3ds_pristine,"DIR pristine unpacked 3DS partition (romfs+exefs+headers, kept intact)",OK,
ncsdheader.bin,originals/ncsdheader.bin,FILE,OK,
analysis/ps2_korean/MGS,originals/ps2,DIR PS2 Korean ISO extract (CODEC/DEMO/MOVIE/SLOT/STAGE.DAT),OK,
analysis/ps2_korean/stages,originals/ps2_stages,DIR PS2 stage extract,OK,
analysis/3ds_code_en_decompressed.bin,originals/code/3ds_code_en_decompressed.bin,FILE,OK,
analysis/3ds_code_jp_decompressed.bin,originals/code/3ds_code_jp_decompressed.bin,FILE,OK,
analysis/code_decompressed.bin,originals/code/code_decompressed.bin,FILE,OK,
analysis/code_decompressed2.bin,originals/code/code_decompressed2.bin,FILE,OK,
Citra,vendor/Citra,DIR,OK,
plugins,vendor/plugins,DIR,OK,
scripting,vendor/scripting,DIR,OK,
citra-qt.exe,vendor/citra-qt.exe,FILE,OK,
citra.exe,vendor/citra.exe,FILE,OK,
citra-room.exe,vendor/citra-room.exe,FILE,OK,
Qt6Concurrent.dll,vendor/Qt6Concurrent.dll,FILE,OK,
Qt6Core.dll,vendor/Qt6Core.dll,FILE,OK,
Qt6Gui.dll,vendor/Qt6Gui.dll,FILE,OK,
Qt6Multimedia.dll,vendor/Qt6Multimedia.dll,FILE,OK,
Qt6Network.dll,vendor/Qt6Network.dll,FILE,OK,
Qt6Svg.dll,vendor/Qt6Svg.dll,FILE,OK,
Qt6Widgets.dll,vendor/Qt6Widgets.dll,FILE,OK,
qt.conf,vendor/qt.conf,FILE,OK,
license.txt,vendor/license.txt,FILE,OK,
dist,builds/archive/dist,DIR generated patch/mod distributions,OK,
output,builds/current/output,DIR staged POC output,OK,
analysis/_archive_2026-08-07,archive/old-data/analysis_archive_2026-08-07,DIR,OK,
analysis/ps2_korean/_archive_2026-08-07,archive/old-data/ps2_korean_archive_2026-08-07,DIR,OK,
analysis/rejected,archive/old-data/rejected,DIR analysis/README: never use for builds,OK,
analysis/archive,archive/old-data/analysis_archive_misc,DIR,OK,
analysis/1 korean_localization_bundle_2026-08-12/translation_sources/natural_full_pre_compaction,translation/10_master/bundle_natural_full,DIR,OK,
analysis/1 korean_localization_bundle_2026-08-12/translation_sources/applied_compact,translation/30_shortened/bundle_applied_compact,DIR,OK,
analysis/1 korean_localization_bundle_2026-08-12/translation_sources/shinsnote_reference,translation/00_source/shinsnote/bundle_reference,DIR,OK,
analysis/1 korean_localization_bundle_2026-08-12/translation_sources/codec_3ds_original,translation/00_source/codec_3ds_english,DIR,OK,
analysis/1 korean_localization_bundle_2026-08-12/translation_sources/3ds_only_dialogue,translation/10_master/3ds_only,DIR,OK,
analysis/1 korean_localization_bundle_2026-08-12/game_dat,translation/40_build_input/bundle_game_dat,DIR,OK,
analysis/1 korean_localization_bundle_2026-08-12/glyph_analysis,glyph/validation/bundle_2026-08-12,DIR,OK,
analysis/1 korean_localization_bundle_2026-08-12/docs,wiki/History/bundle_docs_2026-08-12,"DIR may duplicate already-migrated docs; kept separately, not overwritten",OK,
analysis/1 korean_localization_bundle_2026-08-12/translation_sources/codec_translation_official_plus_3ds.json,translation/90_archive/pre_bundle_compat/codec_translation_official_plus_3ds.json,"FILE bundle README: superseded, kept for old-bundle compatibility only",OK,
analysis/1 korean_localization_bundle_2026-08-12/translation_sources/demo_live_natural_rebased.csv,translation/90_archive/pre_bundle_compat/demo_live_natural_rebased.csv,"FILE bundle README: superseded, kept for old-bundle compatibility only",OK,
analysis/1 korean_localization_bundle_2026-08-12/translation_sources/movie_live_rebased.csv,translation/90_archive/pre_bundle_compat/movie_live_rebased.csv,"FILE bundle README: superseded, kept for old-bundle compatibility only",OK,
analysis/1 korean_localization_bundle_2026-08-12/translation_sources/mgs3d_review_v10.json,translation/90_archive/pre_bundle_compat/mgs3d_review_v10.json,"FILE bundle README: superseded, kept for old-bundle compatibility only",OK,
analysis/1 korean_localization_bundle_2026-08-12/README.md,translation/BUNDLE-README-2026-08-12.md,FILE,OK,
analysis/ps2_korean/codec-3ds-INTEGRATED-review.csv,translation/10_master/codec-3ds-INTEGRATED-review.csv,FILE,OK,
analysis/ps2_korean/codec-3ds-INTEGRATED-review.csv.bak-2026-08-05-pre-lang-fix,translation/90_archive/codec-3ds-INTEGRATED-review.csv.bak-2026-08-05-pre-lang-fix,FILE,OK,
analysis/ps2_korean/codec-3ds-INTEGRATED-review.csv.before-1999-merge-2026-08-05.bak,translation/90_archive/codec-3ds-INTEGRATED-review.csv.before-1999-merge-2026-08-05.bak,FILE,OK,
analysis/ps2_korean/codec-3ds-INTEGRATED-review.csv.before-abbrev-round1-2026-08-05.bak,translation/90_archive/codec-3ds-INTEGRATED-review.csv.before-abbrev-round1-2026-08-05.bak,FILE,OK,
analysis/ps2_korean/codec-3ds-INTEGRATED-review.csv.before-clear6-2026-08-05.bak,translation/90_archive/codec-3ds-INTEGRATED-review.csv.before-clear6-2026-08-05.bak,FILE,OK,
analysis/ps2_korean/codec-3ds-INTERGRATED-review.csv_trans,translation/10_master/manual_backlog,DIR,OK,
analysis/ps2_korean/full_build/translator_worklist_4994.csv,translation/30_shortened/translator_worklist_4994.csv,FILE,OK,
analysis/ps2_korean/full_build/translator_worklist_skip_6_try.csv,translation/30_shortened/translator_worklist_skip_6_try.csv,FILE,OK,
analysis/ps2_korean/full_build/translator_worklist_skip_17_leave_english.csv,translation/30_shortened/translator_worklist_skip_17_leave_english.csv,FILE,OK,
analysis/shinsnote_mgs3,translation/00_source/shinsnote/pages,DIR,OK,
신스노트 대사집,translation/00_source/shinsnote/original_scrape,DIR,OK,
analysis/capacity_plan_unchanged_build.dat.hangul.json,archive/old-data/capacity_plan_unchanged_build.dat.hangul.json,FILE,OK,
analysis/ps2_korean/codec_ps2_official_first_radio_fixed.dat.hangul.json,archive/old-data/ps2_korean/codec_ps2_official_first_radio_fixed.dat.hangul.json,FILE,OK,
analysis/ps2_korean/codec_ps2_static_first_radio_4copy.dat.hangul.json,archive/old-data/ps2_korean/codec_ps2_static_first_radio_4copy.dat.hangul.json,FILE,OK,
analysis/ps2_korean/codec_static_8101_probe.dat.hangul.json,archive/old-data/ps2_korean/codec_static_8101_probe.dat.hangul.json,FILE,OK,
analysis/ps2_korean/codec_static_8101_probe_4copy.dat.hangul.json,archive/old-data/ps2_korean/codec_static_8101_probe_4copy.dat.hangul.json,FILE,OK,
analysis/ps2_korean/movie_a_inspect.csv,archive/old-data/ps2_korean/movie_a_inspect.csv,FILE,OK,
analysis/ps2_korean/romforge_codec.dat.before-ps2none-donor-build-2026-08-05.bak,archive/old-data/ps2_korean/romforge_codec.dat.before-ps2none-donor-build-2026-08-05.bak,FILE,OK,
analysis/ps2_korean/analysis_bundle/movie_demo/codec_ps2_official_first_radio_fixed.dat.hangul.json,archive/old-data/ps2_korean/analysis_bundle/movie_demo/codec_ps2_official_first_radio_fixed.dat.hangul.json,FILE,OK,
analysis/ps2_korean/analysis_bundle/movie_demo/codec_ps2_static_first_radio_4copy.dat.hangul.json,archive/old-data/ps2_korean/analysis_bundle/movie_demo/codec_ps2_static_first_radio_4copy.dat.hangul.json,FILE,OK,
analysis/ps2_korean/analysis_bundle/movie_demo/codec_static_8101_probe.dat.hangul.json,archive/old-data/ps2_korean/analysis_bundle/movie_demo/codec_static_8101_probe.dat.hangul.json,FILE,OK,
analysis/ps2_korean/analysis_bundle/movie_demo/codec_static_8101_probe_4copy.dat.hangul.json,archive/old-data/ps2_korean/analysis_bundle/movie_demo/codec_static_8101_probe_4copy.dat.hangul.json,FILE,OK,
analysis/ps2_korean/analysis_bundle/movie_demo/codec_static_media_191_fixed.dat.hangul.json,archive/old-data/ps2_korean/analysis_bundle/movie_demo/codec_static_media_191_fixed.dat.hangul.json,FILE,OK,
analysis/ps2_korean/analysis_bundle/movie_demo/codec_static_media_fixed.dat.hangul.json,archive/old-data/ps2_korean/analysis_bundle/movie_demo/codec_static_media_fixed.dat.hangul.json,FILE,OK,
analysis/ps2_korean/analysis_bundle/movie_demo/demo_pakistan.dat.hangul.json,archive/old-data/ps2_korean/analysis_bundle/movie_demo/demo_pakistan.dat.hangul.json,FILE,OK,
analysis/ps2_korean/analysis_bundle/movie_demo/movie_a_inspect.csv,archive/old-data/ps2_korean/analysis_bundle/movie_demo/movie_a_inspect.csv,FILE,OK,
analysis/ps2_korean/analysis_bundle/review4/current/codec_selection_report.json,archive/old-data/ps2_korean/analysis_bundle/review4/current/codec_selection_report.json,FILE,OK,
analysis/ps2_korean/analysis_bundle/review4/swap-trials/01-report.json,archive/old-data/ps2_korean/analysis_bundle/review4/swap-trials/01-report.json,FILE,OK,
analysis/ps2_korean/analysis_bundle/review4/swap-trials/02-report.json,archive/old-data/ps2_korean/analysis_bundle/review4/swap-trials/02-report.json,FILE,OK,
analysis/ps2_korean/analysis_bundle/review4/swap-trials/03-report.json,archive/old-data/ps2_korean/analysis_bundle/review4/swap-trials/03-report.json,FILE,OK,
analysis/ps2_korean/analysis_bundle/review4/swap-trials/04-report.json,archive/old-data/ps2_korean/analysis_bundle/review4/swap-trials/04-report.json,FILE,OK,
analysis/ps2_korean/analysis_bundle/review4/swap-trials/05-report.json,archive/old-data/ps2_korean/analysis_bundle/review4/swap-trials/05-report.json,FILE,OK,
analysis/ps2_korean/analysis_bundle/review4/swap-trials/06-report.json,archive/old-data/ps2_korean/analysis_bundle/review4/swap-trials/06-report.json,FILE,OK,
analysis/ps2_korean/analysis_bundle/review4/swap-trials/07-report.json,archive/old-data/ps2_korean/analysis_bundle/review4/swap-trials/07-report.json,FILE,OK,
analysis/ps2_korean/analysis_bundle/review4/swap-trials/08-report.json,archive/old-data/ps2_korean/analysis_bundle/review4/swap-trials/08-report.json,FILE,OK,
analysis/ps2_korean/analysis_bundle/review4/swap-trials/09-report.json,archive/old-data/ps2_korean/analysis_bundle/review4/swap-trials/09-report.json,FILE,OK,
analysis/ps2_korean/analysis_bundle/review4/swap-trials/combo-best-plus-jin-report.json,archive/old-data/ps2_korean/analysis_bundle/review4/swap-trials/combo-best-plus-jin-report.json,FILE,OK,
analysis/ps2_korean/analysis_bundle/review4/swap-trials/combo-best-report.json,archive/old-data/ps2_korean/analysis_bundle/review4/swap-trials/combo-best-report.json,FILE,OK,
analysis/ps2_korean/analysis_bundle/review4/swap-trials/combo-position-report.json,archive/old-data/ps2_korean/analysis_bundle/review4/swap-trials/combo-position-report.json,FILE,OK,
analysis/ps2_korean/full_build/_scratch/movie_baseline_inspect.csv,archive/old-data/ps2_korean/full_build/_scratch/movie_baseline_inspect.csv,FILE,OK,
analysis/arm,experiments/arm,DIR,OK,
analysis/citra_smoke_runtime/citra.exe,experiments/citra_smoke_runtime/citra.exe,FILE,OK,
analysis/citra_smoke_runtime/citra_log_191.txt,experiments/citra_smoke_runtime/citra_log_191.txt,FILE,OK,
analysis/citra_smoke_runtime/qt.conf,experiments/citra_smoke_runtime/qt.conf,FILE,OK,
analysis/citra_smoke_runtime/Qt6Core.dll,experiments/citra_smoke_runtime/Qt6Core.dll,FILE,OK,
analysis/citra_smoke_runtime/Qt6Gui.dll,experiments/citra_smoke_runtime/Qt6Gui.dll,FILE,OK,
analysis/citra_smoke_runtime/Qt6Network.dll,experiments/citra_smoke_runtime/Qt6Network.dll,FILE,OK,
analysis/citra_smoke_runtime/dist/citra.png,experiments/citra_smoke_runtime/dist/citra.png,FILE,OK,
analysis/citra_smoke_runtime/plugins/generic/qtuiotouchplugin.dll,experiments/citra_smoke_runtime/plugins/generic/qtuiotouchplugin.dll,FILE,OK,
analysis/citra_smoke_runtime/plugins/iconengines/qsvgicon.dll,experiments/citra_smoke_runtime/plugins/iconengines/qsvgicon.dll,FILE,OK,
analysis/citra_smoke_runtime/plugins/imageformats/qgif.dll,experiments/citra_smoke_runtime/plugins/imageformats/qgif.dll,FILE,OK,
analysis/citra_smoke_runtime/plugins/imageformats/qico.dll,experiments/citra_smoke_runtime/plugins/imageformats/qico.dll,FILE,OK,
analysis/citra_smoke_runtime/plugins/imageformats/qjpeg.dll,experiments/citra_smoke_runtime/plugins/imageformats/qjpeg.dll,FILE,OK,
analysis/citra_smoke_runtime/plugins/imageformats/qsvg.dll,experiments/citra_smoke_runtime/plugins/imageformats/qsvg.dll,FILE,OK,
analysis/citra_smoke_runtime/plugins/multimedia/windowsmediaplugin.dll,experiments/citra_smoke_runtime/plugins/multimedia/windowsmediaplugin.dll,FILE,OK,
analysis/citra_smoke_runtime/plugins/networkinformation/qnetworklistmanager.dll,experiments/citra_smoke_runtime/plugins/networkinformation/qnetworklistmanager.dll,FILE,OK,
analysis/citra_smoke_runtime/plugins/platforms/qwindows.dll,experiments/citra_smoke_runtime/plugins/platforms/qwindows.dll,FILE,OK,
analysis/citra_smoke_runtime/plugins/styles/qwindowsvistastyle.dll,experiments/citra_smoke_runtime/plugins/styles/qwindowsvistastyle.dll,FILE,OK,
analysis/citra_smoke_runtime/plugins/tls/qcertonlybackend.dll,experiments/citra_smoke_runtime/plugins/tls/qcertonlybackend.dll,FILE,OK,
analysis/citra_smoke_runtime/plugins/tls/qopensslbackend.dll,experiments/citra_smoke_runtime/plugins/tls/qopensslbackend.dll,FILE,OK,
analysis/citra_smoke_runtime/plugins/tls/qschannelbackend.dll,experiments/citra_smoke_runtime/plugins/tls/qschannelbackend.dll,FILE,OK,
analysis/citra_smoke_runtime/user/config/sdl2-config.ini,experiments/citra_smoke_runtime/user/config/sdl2-config.ini,FILE,OK,
analysis/citra_smoke_runtime/user/config/telemetry_id,experiments/citra_smoke_runtime/user/config/telemetry_id,FILE,OK,
analysis/citra_smoke_runtime/user/log/citra_log.txt,experiments/citra_smoke_runtime/user/log/citra_log.txt,FILE,OK,
analysis/citra_smoke_runtime/user/log/citra_log.txt.old.txt,experiments/citra_smoke_runtime/user/log/citra_log.txt.old.txt,FILE,OK,
analysis/citra_smoke_runtime/user/nand/data/00000000000000000000000000000000/extdata/00048000/F000000B/metadata,experiments/citra_smoke_runtime/user/nand/data/00000000000000000000000000000000/extdata/00048000/F000000B/metadata,FILE,OK,
analysis/citra_smoke_runtime/user/nand/data/00000000000000000000000000000000/extdata/00048000/F000000B/user/gamecoin.dat,experiments/citra_smoke_runtime/user/nand/data/00000000000000000000000000000000/extdata/00048000/F000000B/user/gamecoin.dat,FILE,OK,
analysis/citra_smoke_runtime/user/nand/data/00000000000000000000000000000000/sysdata/00010017/00000000/config,experiments/citra_smoke_runtime/user/nand/data/00000000000000000000000000000000/sysdata/00010017/00000000/config,FILE,OK,
analysis/citra_smoke_runtime/user/nand/data/00000000000000000000000000000000/sysdata/00010026/00000000/eventlog.dat,experiments/citra_smoke_runtime/user/nand/data/00000000000000000000000000000000/sysdata/00010026/00000000/eventlog.dat,FILE,OK,
analysis/citra_smoke_runtime/user/nand/data/00000000000000000000000000000000/sysdata/00010026/00000000/CEC/MBoxList____,experiments/citra_smoke_runtime/user/nand/data/00000000000000000000000000000000/sysdata/00010026/00000000/CEC/MBoxList____,FILE,OK,
analysis/citra_smoke_runtime/user/nand/data/00000000000000000000000000000000/sysdata/00010035/00000000/news.db,experiments/citra_smoke_runtime/user/nand/data/00000000000000000000000000000000/sysdata/00010035/00000000/news.db,FILE,OK,
analysis/citra_smoke_runtime/user/sdmc/Nintendo 3DS/00000000000000000000000000000000/00000000000000000000000000000000/title/00040000/00081e00/data/00000001.metadata,experiments/citra_smoke_runtime/user/sdmc/Nintendo 3DS/00000000000000000000000000000000/00000000000000000000000000000000/title/00040000/00081e00/data/00000001.metadata,FILE,OK,
analysis/citra_smoke_runtime/user/shaders/opengl/precompiled/separable/0004000000081E00.bin,experiments/citra_smoke_runtime/user/shaders/opengl/precompiled/separable/0004000000081E00.bin,FILE,OK,
analysis/citra_smoke_runtime/user/shaders/opengl/transferable/0004000000081E00.bin,experiments/citra_smoke_runtime/user/shaders/opengl/transferable/0004000000081E00.bin,FILE,OK,
analysis/citra_smoke_runtime/user/sysdata/aes_keys.txt,experiments/citra_smoke_runtime/user/sysdata/aes_keys.txt,FILE,OK,
analysis/citra_smoke_runtime/user/sysdata/mcu.dat,experiments/citra_smoke_runtime/user/sysdata/mcu.dat,FILE,OK,
analysis/citra_smoke_runtime/user/sysdata/seeddb.bin,experiments/citra_smoke_runtime/user/sysdata/seeddb.bin,FILE,OK,
analysis/codec_grow_stress_20260810,experiments/codec_grow_stress_20260810,DIR,OK,
analysis/fixed_budget_build_2026-08-12,experiments/fixed_budget_build_2026-08-12,DIR,OK,
analysis/full_korean_apply_2026-08-12,experiments/full_korean_apply_2026-08-12,DIR,OK,
analysis/gcx53_dynamic_debug/azahar_rebuild_20260810.log.err,experiments/gcx53_dynamic_debug/azahar_rebuild_20260810.log.err,FILE,OK,
analysis/gcx53_dynamic_debug/azahar_rebuild_filepatch_only_20260810.log.err,experiments/gcx53_dynamic_debug/azahar_rebuild_filepatch_only_20260810.log.err,FILE,OK,
analysis/gcx53_dynamic_debug/azahar_rebuild_innerpatch0010_20260810.log.err,experiments/gcx53_dynamic_debug/azahar_rebuild_innerpatch0010_20260810.log.err,FILE,OK,
analysis/gcx53_dynamic_debug/azahar_rebuild_normal_expanded_20260810.log.err,experiments/gcx53_dynamic_debug/azahar_rebuild_normal_expanded_20260810.log.err,FILE,OK,
analysis/gcx53_dynamic_debug/azahar_rebuild_override0010_20260810.log.err,experiments/gcx53_dynamic_debug/azahar_rebuild_override0010_20260810.log.err,FILE,OK,
analysis/gcx53_dynamic_debug/azahar_rebuild_override_20260810.log.err,experiments/gcx53_dynamic_debug/azahar_rebuild_override_20260810.log.err,FILE,OK,
analysis/gcx53_dynamic_debug/azahar_rebuild_parserdump0010_20260810.log.err,experiments/gcx53_dynamic_debug/azahar_rebuild_parserdump0010_20260810.log.err,FILE,OK,
analysis/gcx53_dynamic_debug/azahar_rebuild_parserdump_20260810.log.err,experiments/gcx53_dynamic_debug/azahar_rebuild_parserdump_20260810.log.err,FILE,OK,
analysis/gcx53_dynamic_debug/build_azahar.cmd,experiments/gcx53_dynamic_debug/build_azahar.cmd,FILE,OK,
analysis/gcx53_dynamic_debug/codec_gcx53_shift_0010_inner_offsets_patched.dat,experiments/gcx53_dynamic_debug/codec_gcx53_shift_0010_inner_offsets_patched.dat,FILE,OK,
analysis/gcx53_dynamic_debug/gdb_companion_args_controller_20260810.log.err,experiments/gcx53_dynamic_debug/gdb_companion_args_controller_20260810.log.err,FILE,OK,
analysis/gcx53_dynamic_debug/gdb_companion_args_controller_20260810_retry.log.err,experiments/gcx53_dynamic_debug/gdb_companion_args_controller_20260810_retry.log.err,FILE,OK,
analysis/gcx53_dynamic_debug/gdb_companion_args_controller_20260810_retry2.log.err,experiments/gcx53_dynamic_debug/gdb_companion_args_controller_20260810_retry2.log.err,FILE,OK,
analysis/gcx53_dynamic_debug/layeredfs_codec_before_shift_20260810.dat,experiments/gcx53_dynamic_debug/layeredfs_codec_before_shift_20260810.dat,FILE,OK,
analysis/gcx53_dynamic_debug/log_run_A_normal_20260809_160305.txt,experiments/gcx53_dynamic_debug/log_run_A_normal_20260809_160305.txt,FILE,OK,
analysis/gcx53_dynamic_debug/rebuild_azahar.cmd,experiments/gcx53_dynamic_debug/rebuild_azahar.cmd,FILE,OK,
analysis/global_korean_glyph_poc_2026-08-12/code.poc.bin,experiments/global_korean_glyph_poc_2026-08-12/code.poc.bin,FILE,OK,
analysis/global_korean_glyph_poc_2026-08-12/code.poc.decompressed.bin,experiments/global_korean_glyph_poc_2026-08-12/code.poc.decompressed.bin,FILE,OK,
analysis/global_korean_glyph_poc_2026-08-12/desktop_debug.png,experiments/global_korean_glyph_poc_2026-08-12/desktop_debug.png,FILE,OK,
analysis/global_korean_glyph_poc_2026-08-12/exheader.poc.bin,experiments/global_korean_glyph_poc_2026-08-12/exheader.poc.bin,FILE,OK,
analysis/global_korean_glyph_poc_2026-08-12/korean_page.bin,experiments/global_korean_glyph_poc_2026-08-12/korean_page.bin,FILE,OK,
analysis/global_korean_glyph_poc_2026-08-12/korean_token_map.csv,experiments/global_korean_glyph_poc_2026-08-12/korean_token_map.csv,FILE,OK,
analysis/global_korean_glyph_poc_2026-08-12/movie.poc.dat,experiments/global_korean_glyph_poc_2026-08-12/movie.poc.dat,FILE,OK,
analysis/global_korean_glyph_poc_2026-08-12/patch_manifest.json,experiments/global_korean_glyph_poc_2026-08-12/patch_manifest.json,FILE,OK,
analysis/global_korean_glyph_poc_2026-08-12/poc_trampolines.bin,experiments/global_korean_glyph_poc_2026-08-12/poc_trampolines.bin,FILE,OK,
analysis/global_korean_glyph_poc_2026-08-12/poc_trampolines.elf,experiments/global_korean_glyph_poc_2026-08-12/poc_trampolines.elf,FILE,OK,
analysis/global_korean_glyph_poc_2026-08-12/poc_trampolines.o,experiments/global_korean_glyph_poc_2026-08-12/poc_trampolines.o,FILE,OK,
analysis/global_korean_glyph_poc_2026-08-12/poc_trampolines.s,experiments/global_korean_glyph_poc_2026-08-12/poc_trampolines.s,FILE,OK,
analysis/global_korean_glyph_poc_2026-08-12/test_results.json,experiments/global_korean_glyph_poc_2026-08-12/test_results.json,FILE,OK,
analysis/global_korean_glyph_poc_2026-08-12/cci_build/exefs.bin,experiments/global_korean_glyph_poc_2026-08-12/cci_build/exefs.bin,FILE,OK,
analysis/global_korean_glyph_poc_2026-08-12/cci_build/exefsheader.bin,experiments/global_korean_glyph_poc_2026-08-12/cci_build/exefsheader.bin,FILE,OK,
analysis/global_korean_glyph_poc_2026-08-12/cci_build/exefs_poc.bin,experiments/global_korean_glyph_poc_2026-08-12/cci_build/exefs_poc.bin,FILE,OK,
analysis/global_korean_glyph_poc_2026-08-12/cci_build/ncchheader.bin,experiments/global_korean_glyph_poc_2026-08-12/cci_build/ncchheader.bin,FILE,OK,
analysis/global_korean_glyph_poc_2026-08-12/cci_build/ncsdheader.bin,experiments/global_korean_glyph_poc_2026-08-12/cci_build/ncsdheader.bin,FILE,OK,
analysis/global_korean_glyph_poc_2026-08-12/cci_build/original_exefs.bin,experiments/global_korean_glyph_poc_2026-08-12/cci_build/original_exefs.bin,FILE,OK,
analysis/global_korean_glyph_poc_2026-08-12/cci_build/original_exheader.bin,experiments/global_korean_glyph_poc_2026-08-12/cci_build/original_exheader.bin,FILE,OK,
analysis/global_korean_glyph_poc_2026-08-12/cci_build/original_romfs.bin,experiments/global_korean_glyph_poc_2026-08-12/cci_build/original_romfs.bin,FILE,OK,
analysis/global_korean_glyph_poc_2026-08-12/cci_build/partition1.cfa,experiments/global_korean_glyph_poc_2026-08-12/cci_build/partition1.cfa,FILE,OK,
analysis/global_korean_glyph_poc_2026-08-12/cci_build/partition7.cfa,experiments/global_korean_glyph_poc_2026-08-12/cci_build/partition7.cfa,FILE,OK,
analysis/global_korean_glyph_poc_2026-08-12/cci_build/plain.bin,experiments/global_korean_glyph_poc_2026-08-12/cci_build/plain.bin,FILE,OK,
analysis/global_korean_glyph_poc_2026-08-12/cci_build/romfs_poc.bin,experiments/global_korean_glyph_poc_2026-08-12/cci_build/romfs_poc.bin,FILE,OK,
analysis/global_korean_glyph_poc_2026-08-12/cci_build/original_exefs/.code.bin,experiments/global_korean_glyph_poc_2026-08-12/cci_build/original_exefs/.code.bin,FILE,OK,
analysis/global_korean_glyph_poc_2026-08-12/cci_build/original_exefs/banner.bnr,experiments/global_korean_glyph_poc_2026-08-12/cci_build/original_exefs/banner.bnr,FILE,OK,
analysis/global_korean_glyph_poc_2026-08-12/cci_build/original_exefs/icon.icn,experiments/global_korean_glyph_poc_2026-08-12/cci_build/original_exefs/icon.icn,FILE,OK,
analysis/global_korean_glyph_poc_2026-08-12/cci_build/original_exefs/logo.darc.lz,experiments/global_korean_glyph_poc_2026-08-12/cci_build/original_exefs/logo.darc.lz,FILE,OK,
analysis/global_korean_glyph_poc_2026-08-12/romforge_isolated_full/partition0/content.bin,experiments/global_korean_glyph_poc_2026-08-12/romforge_isolated_full/partition0/content.bin,FILE,OK,
analysis/global_korean_glyph_poc_2026-08-12/romforge_isolated_full/partition0/exheader.bin,experiments/global_korean_glyph_poc_2026-08-12/romforge_isolated_full/partition0/exheader.bin,FILE,OK,
analysis/global_korean_glyph_poc_2026-08-12/romforge_isolated_full/partition0/header.bin,experiments/global_korean_glyph_poc_2026-08-12/romforge_isolated_full/partition0/header.bin,FILE,OK,
analysis/global_korean_glyph_poc_2026-08-12/romforge_isolated_full/partition0/plain.bin,experiments/global_korean_glyph_poc_2026-08-12/romforge_isolated_full/partition0/plain.bin,FILE,OK,
analysis/global_korean_glyph_poc_2026-08-12/romforge_isolated_full/partition0/exefs/banner.bin,experiments/global_korean_glyph_poc_2026-08-12/romforge_isolated_full/partition0/exefs/banner.bin,FILE,OK,
analysis/global_korean_glyph_poc_2026-08-12/romforge_isolated_full/partition0/exefs/code.bin,experiments/global_korean_glyph_poc_2026-08-12/romforge_isolated_full/partition0/exefs/code.bin,FILE,OK,
analysis/global_korean_glyph_poc_2026-08-12/romforge_isolated_full/partition0/exefs/icon.bin,experiments/global_korean_glyph_poc_2026-08-12/romforge_isolated_full/partition0/exefs/icon.bin,FILE,OK,
analysis/global_korean_glyph_poc_2026-08-12/romforge_isolated_full/partition0/exefs/logo.bin,experiments/global_korean_glyph_poc_2026-08-12/romforge_isolated_full/partition0/exefs/logo.bin,FILE,OK,
analysis/global_korean_glyph_poc_2026-08-12/romforge_isolated_full/partition0/romfs/codec.dat,experiments/global_korean_glyph_poc_2026-08-12/romforge_isolated_full/partition0/romfs/codec.dat,FILE,OK,
analysis/global_korean_glyph_poc_2026-08-12/romforge_isolated_full/partition0/romfs/demo.dat,experiments/global_korean_glyph_poc_2026-08-12/romforge_isolated_full/partition0/romfs/demo.dat,FILE,OK,
analysis/global_korean_glyph_poc_2026-08-12/romforge_isolated_full/partition0/romfs/demo.dat.bak-before-autofit106-2026-08-07,experiments/global_korean_glyph_poc_2026-08-12/romforge_isolated_full/partition0/romfs/demo.dat.bak-before-autofit106-2026-08-07,FILE,OK,
analysis/global_korean_glyph_poc_2026-08-12/romforge_isolated_full/partition0/romfs/Manual.cfa,experiments/global_korean_glyph_poc_2026-08-12/romforge_isolated_full/partition0/romfs/Manual.cfa,FILE,OK,
analysis/global_korean_glyph_poc_2026-08-12/romforge_isolated_full/partition0/romfs/MGS3D.icn,experiments/global_korean_glyph_poc_2026-08-12/romforge_isolated_full/partition0/romfs/MGS3D.icn,FILE,OK,
analysis/global_korean_glyph_poc_2026-08-12/romforge_isolated_full/partition0/romfs/MGS3D_Release.rsf,experiments/global_korean_glyph_poc_2026-08-12/romforge_isolated_full/partition0/romfs/MGS3D_Release.rsf,FILE,OK,
analysis/global_korean_glyph_poc_2026-08-12/romforge_isolated_full/partition0/romfs/movie.dat,experiments/global_korean_glyph_poc_2026-08-12/romforge_isolated_full/partition0/romfs/movie.dat,FILE,OK,
analysis/global_korean_glyph_poc_2026-08-12/romforge_isolated_full/partition0/romfs/movie.dat.bak-before-record0-2-3-5-12-28-29-2026-08-07,experiments/global_korean_glyph_poc_2026-08-12/romforge_isolated_full/partition0/romfs/movie.dat.bak-before-record0-2-3-5-12-28-29-2026-08-07,FILE,OK,
analysis/global_korean_glyph_poc_2026-08-12/romforge_isolated_full/partition0/romfs/slot.dat,experiments/global_korean_glyph_poc_2026-08-12/romforge_isolated_full/partition0/romfs/slot.dat,FILE,OK,
analysis/global_korean_glyph_poc_2026-08-12/romforge_isolated_full/partition0/romfs/vox.dat,experiments/global_korean_glyph_poc_2026-08-12/romforge_isolated_full/partition0/romfs/vox.dat,FILE,OK,
analysis/global_korean_glyph_poc_2026-08-12/romforge_isolated_full/partition0/romfs/hiteffect/parameters,experiments/global_korean_glyph_poc_2026-08-12/romforge_isolated_full/partition0/romfs/hiteffect/parameters,FILE,OK,
analysis/global_korean_glyph_poc_2026-08-12/romforge_isolated_full/partition0/romfs/movie/ending.moflex,experiments/global_korean_glyph_poc_2026-08-12/romforge_isolated_full/partition0/romfs/movie/ending.moflex,FILE,OK,
analysis/global_korean_glyph_poc_2026-08-12/romforge_isolated_full/partition0/romfs/movie/ending_01.moflex,experiments/global_korean_glyph_poc_2026-08-12/romforge_isolated_full/partition0/romfs/movie/ending_01.moflex,FILE,OK,
analysis/global_korean_glyph_poc_2026-08-12/romforge_isolated_full/partition0/romfs/movie/ending_02.moflex,experiments/global_korean_glyph_poc_2026-08-12/romforge_isolated_full/partition0/romfs/movie/ending_02.moflex,FILE,OK,
analysis/global_korean_glyph_poc_2026-08-12/romforge_isolated_full/partition0/romfs/movie/kyleOP.moflex,experiments/global_korean_glyph_poc_2026-08-12/romforge_isolated_full/partition0/romfs/movie/kyleOP.moflex,FILE,OK,
analysis/global_korean_glyph_poc_2026-08-12/romforge_isolated_full/partition0/romfs/movie/m010_020_m010.moflex,experiments/global_korean_glyph_poc_2026-08-12/romforge_isolated_full/partition0/romfs/movie/m010_020_m010.moflex,FILE,OK,
analysis/global_korean_glyph_poc_2026-08-12/romforge_isolated_full/partition0/romfs/movie/m010_030_m020.moflex,experiments/global_korean_glyph_poc_2026-08-12/romforge_isolated_full/partition0/romfs/movie/m010_030_m020.moflex,FILE,OK,
analysis/global_korean_glyph_poc_2026-08-12/romforge_isolated_full/partition0/romfs/movie/m160_020_m010.moflex,experiments/global_korean_glyph_poc_2026-08-12/romforge_isolated_full/partition0/romfs/movie/m160_020_m010.moflex,FILE,OK,
analysis/global_korean_glyph_poc_2026-08-12/romforge_isolated_full/partition0/romfs/movie/m200_010_r010_02.moflex,experiments/global_korean_glyph_poc_2026-08-12/romforge_isolated_full/partition0/romfs/movie/m200_010_r010_02.moflex,FILE,OK,
analysis/global_korean_glyph_poc_2026-08-12/romforge_isolated_full/partition0/romfs/movie/m310_050_m010.moflex,experiments/global_korean_glyph_poc_2026-08-12/romforge_isolated_full/partition0/romfs/movie/m310_050_m010.moflex,FILE,OK,
analysis/global_korean_glyph_poc_2026-08-12/romforge_isolated_full/partition0/romfs/movie/m380_020_r010_03.moflex,experiments/global_korean_glyph_poc_2026-08-12/romforge_isolated_full/partition0/romfs/movie/m380_020_r010_03.moflex,FILE,OK,
analysis/global_korean_glyph_poc_2026-08-12/romforge_isolated_full/partition0/romfs/movie/m420_010_r010_02.moflex,experiments/global_korean_glyph_poc_2026-08-12/romforge_isolated_full/partition0/romfs/movie/m420_010_r010_02.moflex,FILE,OK,
analysis/global_korean_glyph_poc_2026-08-12/romforge_isolated_full/partition0/romfs/movie/m450_030_m010.moflex,experiments/global_korean_glyph_poc_2026-08-12/romforge_isolated_full/partition0/romfs/movie/m450_030_m010.moflex,FILE,OK,
analysis/global_korean_glyph_poc_2026-08-12/romforge_isolated_full/partition0/romfs/movie/m600_020_m010.moflex,experiments/global_korean_glyph_poc_2026-08-12/romforge_isolated_full/partition0/romfs/movie/m600_020_m010.moflex,FILE,OK,
analysis/global_korean_glyph_poc_2026-08-12/romforge_isolated_full/partition0/romfs/movie/m600_030_m020.moflex,experiments/global_korean_glyph_poc_2026-08-12/romforge_isolated_full/partition0/romfs/movie/m600_030_m020.moflex,FILE,OK,
analysis/global_korean_glyph_poc_2026-08-12/romforge_isolated_full/partition0/romfs/movie/m600_040_m030.moflex,experiments/global_korean_glyph_poc_2026-08-12/romforge_isolated_full/partition0/romfs/movie/m600_040_m030.moflex,FILE,OK,
analysis/global_korean_glyph_poc_2026-08-12/romforge_isolated_full/partition0/romfs/movie/m680_050_m010.moflex,experiments/global_korean_glyph_poc_2026-08-12/romforge_isolated_full/partition0/romfs/movie/m680_050_m010.moflex,FILE,OK,
analysis/global_korean_glyph_poc_2026-08-12/romforge_isolated_full/partition0/romfs/movie/m680_050_m020.moflex,experiments/global_korean_glyph_poc_2026-08-12/romforge_isolated_full/partition0/romfs/movie/m680_050_m020.moflex,FILE,OK,
analysis/global_korean_glyph_poc_2026-08-12/romforge_isolated_full/partition0/romfs/movie/m680_060_m010.moflex,experiments/global_korean_glyph_poc_2026-08-12/romforge_isolated_full/partition0/romfs/movie/m680_060_m010.moflex,FILE,OK,
analysis/global_korean_glyph_poc_2026-08-12/romforge_isolated_full/partition0/romfs/movie/mvmovietable,experiments/global_korean_glyph_poc_2026-08-12/romforge_isolated_full/partition0/romfs/movie/mvmovietable,FILE,OK,
analysis/global_korean_glyph_poc_2026-08-12/romforge_isolated_full/partition0/romfs/movie/rm1m032_01.moflex,experiments/global_korean_glyph_poc_2026-08-12/romforge_isolated_full/partition0/romfs/movie/rm1m032_01.moflex,FILE,OK,
analysis/global_korean_glyph_poc_2026-08-12/romforge_isolated_full/partition0/romfs/movie/rm1m034_01.moflex,experiments/global_korean_glyph_poc_2026-08-12/romforge_isolated_full/partition0/romfs/movie/rm1m034_01.moflex,FILE,OK,
analysis/global_korean_glyph_poc_2026-08-12/romforge_isolated_full/partition0/romfs/movie/rm1m242_01.moflex,experiments/global_korean_glyph_poc_2026-08-12/romforge_isolated_full/partition0/romfs/movie/rm1m242_01.moflex,FILE,OK,
analysis/global_korean_glyph_poc_2026-08-12/romforge_isolated_full/partition0/romfs/movie/v020_020_m010.moflex,experiments/global_korean_glyph_poc_2026-08-12/romforge_isolated_full/partition0/romfs/movie/v020_020_m010.moflex,FILE,OK,
analysis/global_korean_glyph_poc_2026-08-12/romforge_isolated_full/partition0/romfs/movie/v030_030_r030_02.moflex,experiments/global_korean_glyph_poc_2026-08-12/romforge_isolated_full/partition0/romfs/movie/v030_030_r030_02.moflex,FILE,OK,
analysis/global_korean_glyph_poc_2026-08-12/romforge_isolated_full/partition0/romfs/movie/v030_030_r030_03.moflex,experiments/global_korean_glyph_poc_2026-08-12/romforge_isolated_full/partition0/romfs/movie/v030_030_r030_03.moflex,FILE,OK,
analysis/global_korean_glyph_poc_2026-08-12/romforge_isolated_full/partition0/romfs/movie/v040_010_r010_02.moflex,experiments/global_korean_glyph_poc_2026-08-12/romforge_isolated_full/partition0/romfs/movie/v040_010_r010_02.moflex,FILE,OK,
analysis/global_korean_glyph_poc_2026-08-12/romforge_isolated_full/partition0/romfs/movie/v040_010_r010_02_e.moflex,experiments/global_korean_glyph_poc_2026-08-12/romforge_isolated_full/partition0/romfs/movie/v040_010_r010_02_e.moflex,FILE,OK,
analysis/global_korean_glyph_poc_2026-08-12/romforge_isolated_full/partition0/romfs/movie/v040_010_r010_07.moflex,experiments/global_korean_glyph_poc_2026-08-12/romforge_isolated_full/partition0/romfs/movie/v040_010_r010_07.moflex,FILE,OK,
analysis/global_korean_glyph_poc_2026-08-12/romforge_isolated_full/partition0/romfs/movie/v040_010_r010_07_e.moflex,experiments/global_korean_glyph_poc_2026-08-12/romforge_isolated_full/partition0/romfs/movie/v040_010_r010_07_e.moflex,FILE,OK,
analysis/global_korean_glyph_poc_2026-08-12/romforge_isolated_full/partition0/romfs/movie/v040_010_r010_11.moflex,experiments/global_korean_glyph_poc_2026-08-12/romforge_isolated_full/partition0/romfs/movie/v040_010_r010_11.moflex,FILE,OK,
analysis/global_korean_glyph_poc_2026-08-12/romforge_isolated_full/partition0/romfs/movie/v050_020_r010_02.moflex,experiments/global_korean_glyph_poc_2026-08-12/romforge_isolated_full/partition0/romfs/movie/v050_020_r010_02.moflex,FILE,OK,
analysis/global_korean_glyph_poc_2026-08-12/romforge_isolated_full/partition0/romfs/movie/v050_020_r010_02_e.moflex,experiments/global_korean_glyph_poc_2026-08-12/romforge_isolated_full/partition0/romfs/movie/v050_020_r010_02_e.moflex,FILE,OK,
analysis/global_korean_glyph_poc_2026-08-12/romforge_isolated_full/partition0/romfs/movie/v050_020_r010_03.moflex,experiments/global_korean_glyph_poc_2026-08-12/romforge_isolated_full/partition0/romfs/movie/v050_020_r010_03.moflex,FILE,OK,
analysis/global_korean_glyph_poc_2026-08-12/romforge_isolated_full/partition0/romfs/movie/v050_020_r010_04.moflex,experiments/global_korean_glyph_poc_2026-08-12/romforge_isolated_full/partition0/romfs/movie/v050_020_r010_04.moflex,FILE,OK,
analysis/global_korean_glyph_poc_2026-08-12/romforge_isolated_full/partition0/romfs/movie/v050_020_r010_04_e.moflex,experiments/global_korean_glyph_poc_2026-08-12/romforge_isolated_full/partition0/romfs/movie/v050_020_r010_04_e.moflex,FILE,OK,
analysis/global_korean_glyph_poc_2026-08-12/romforge_isolated_full/partition0/romfs/movie/v060_020_r010_01.moflex,experiments/global_korean_glyph_poc_2026-08-12/romforge_isolated_full/partition0/romfs/movie/v060_020_r010_01.moflex,FILE,OK,
analysis/global_korean_glyph_poc_2026-08-12/romforge_isolated_full/partition0/romfs/movie/v080_020_m010.moflex,experiments/global_korean_glyph_poc_2026-08-12/romforge_isolated_full/partition0/romfs/movie/v080_020_m010.moflex,FILE,OK,
analysis/global_korean_glyph_poc_2026-08-12/romforge_isolated_full/partition0/romfs/movie/v100_030_r010_03.moflex,experiments/global_korean_glyph_poc_2026-08-12/romforge_isolated_full/partition0/romfs/movie/v100_030_r010_03.moflex,FILE,OK,
analysis/global_korean_glyph_poc_2026-08-12/romforge_isolated_full/partition0/romfs/movie/v100_030_r010_03_e.moflex,experiments/global_korean_glyph_poc_2026-08-12/romforge_isolated_full/partition0/romfs/movie/v100_030_r010_03_e.moflex,FILE,OK,
analysis/global_korean_glyph_poc_2026-08-12/romforge_isolated_full/partition0/romfs/photo_camouf/base.bin,experiments/global_korean_glyph_poc_2026-08-12/romforge_isolated_full/partition0/romfs/photo_camouf/base.bin,FILE,OK,
analysis/global_korean_glyph_poc_2026-08-12/romforge_isolated_full/partition0/romfs/photo_camouf/top.bin,experiments/global_korean_glyph_poc_2026-08-12/romforge_isolated_full/partition0/romfs/photo_camouf/top.bin,FILE,OK,
analysis/global_korean_glyph_poc_2026-08-12/romforge_isolated_full/partition0/romfs/shaders/dg_clone.picaco,experiments/global_korean_glyph_poc_2026-08-12/romforge_isolated_full/partition0/romfs/shaders/dg_clone.picaco,FILE,OK,
analysis/global_korean_glyph_poc_2026-08-12/romforge_isolated_full/partition0/romfs/shaders/dg_default.picaco,experiments/global_korean_glyph_poc_2026-08-12/romforge_isolated_full/partition0/romfs/shaders/dg_default.picaco,FILE,OK,
analysis/global_korean_glyph_poc_2026-08-12/romforge_isolated_full/partition0/romfs/shaders/dg_dmapack.picaco,experiments/global_korean_glyph_poc_2026-08-12/romforge_isolated_full/partition0/romfs/shaders/dg_dmapack.picaco,FILE,OK,
analysis/global_korean_glyph_poc_2026-08-12/romforge_isolated_full/partition0/romfs/shaders/dg_draw2d.picaco,experiments/global_korean_glyph_poc_2026-08-12/romforge_isolated_full/partition0/romfs/shaders/dg_draw2d.picaco,FILE,OK,
analysis/global_korean_glyph_poc_2026-08-12/romforge_isolated_full/partition0/romfs/shaders/dg_linelist.picaco,experiments/global_korean_glyph_poc_2026-08-12/romforge_isolated_full/partition0/romfs/shaders/dg_linelist.picaco,FILE,OK,
analysis/global_korean_glyph_poc_2026-08-12/romforge_isolated_full/partition0/romfs/shaders/dg_linestrip.picaco,experiments/global_korean_glyph_poc_2026-08-12/romforge_isolated_full/partition0/romfs/shaders/dg_linestrip.picaco,FILE,OK,
analysis/global_korean_glyph_poc_2026-08-12/romforge_isolated_full/partition0/romfs/shaders/dg_model.picaco,experiments/global_korean_glyph_poc_2026-08-12/romforge_isolated_full/partition0/romfs/shaders/dg_model.picaco,FILE,OK,
analysis/global_korean_glyph_poc_2026-08-12/romforge_isolated_full/partition0/romfs/shaders/dg_model_clip.picaco,experiments/global_korean_glyph_poc_2026-08-12/romforge_isolated_full/partition0/romfs/shaders/dg_model_clip.picaco,FILE,OK,
analysis/global_korean_glyph_poc_2026-08-12/romforge_isolated_full/partition0/romfs/shaders/dg_model_texproj.picaco,experiments/global_korean_glyph_poc_2026-08-12/romforge_isolated_full/partition0/romfs/shaders/dg_model_texproj.picaco,FILE,OK,
analysis/global_korean_glyph_poc_2026-08-12/romforge_isolated_full/partition0/romfs/shaders/dg_shadowmodel.picaco,experiments/global_korean_glyph_poc_2026-08-12/romforge_isolated_full/partition0/romfs/shaders/dg_shadowmodel.picaco,FILE,OK,
analysis/global_korean_glyph_poc_2026-08-12/romforge_isolated_full/partition0/romfs/shaders/dg_simple.picaco,experiments/global_korean_glyph_poc_2026-08-12/romforge_isolated_full/partition0/romfs/shaders/dg_simple.picaco,FILE,OK,
analysis/global_korean_glyph_poc_2026-08-12/romforge_isolated_full/partition0/romfs/shaders/dg_specular00.lut,experiments/global_korean_glyph_poc_2026-08-12/romforge_isolated_full/partition0/romfs/shaders/dg_specular00.lut,FILE,OK,
analysis/global_korean_glyph_poc_2026-08-12/romforge_isolated_full/partition0/romfs/shaders/dg_specular01.lut,experiments/global_korean_glyph_poc_2026-08-12/romforge_isolated_full/partition0/romfs/shaders/dg_specular01.lut,FILE,OK,
analysis/global_korean_glyph_poc_2026-08-12/romforge_isolated_full/partition0/romfs/shaders/dg_sprite.picaco,experiments/global_korean_glyph_poc_2026-08-12/romforge_isolated_full/partition0/romfs/shaders/dg_sprite.picaco,FILE,OK,
analysis/global_korean_glyph_poc_2026-08-12/romforge_isolated_full/partition0/romfs/shaders/nwfont_RectDrawerShader.shbin,experiments/global_korean_glyph_poc_2026-08-12/romforge_isolated_full/partition0/romfs/shaders/nwfont_RectDrawerShader.shbin,FILE,OK,
analysis/global_korean_glyph_poc_2026-08-12/romforge_isolated_full/partition0/romfs/shaders/nwfont_TextWriterShader.shbin,experiments/global_korean_glyph_poc_2026-08-12/romforge_isolated_full/partition0/romfs/shaders/nwfont_TextWriterShader.shbin,FILE,OK,
analysis/global_korean_glyph_poc_2026-08-12/romforge_isolated_full/partition0/romfs/shaders/nwlyt_ConstColorShader.shbin,experiments/global_korean_glyph_poc_2026-08-12/romforge_isolated_full/partition0/romfs/shaders/nwlyt_ConstColorShader.shbin,FILE,OK,
analysis/global_korean_glyph_poc_2026-08-12/romforge_isolated_full/partition0/romfs/shaders/nwlyt_PaneShader.shbin,experiments/global_korean_glyph_poc_2026-08-12/romforge_isolated_full/partition0/romfs/shaders/nwlyt_PaneShader.shbin,FILE,OK,
analysis/global_korean_glyph_poc_2026-08-12/romforge_isolated_full/partition0/romfs/sound/adx/01dummy.acb,experiments/global_korean_glyph_poc_2026-08-12/romforge_isolated_full/partition0/romfs/sound/adx/01dummy.acb,FILE,OK,
analysis/global_korean_glyph_poc_2026-08-12/romforge_isolated_full/partition0/romfs/sound/adx/01system.acb,experiments/global_korean_glyph_poc_2026-08-12/romforge_isolated_full/partition0/romfs/sound/adx/01system.acb,FILE,OK,
analysis/global_korean_glyph_poc_2026-08-12/romforge_isolated_full/partition0/romfs/sound/adx/02dummy.acb,experiments/global_korean_glyph_poc_2026-08-12/romforge_isolated_full/partition0/romfs/sound/adx/02dummy.acb,FILE,OK,
analysis/global_korean_glyph_poc_2026-08-12/romforge_isolated_full/partition0/romfs/sound/adx/02snake1.acb,experiments/global_korean_glyph_poc_2026-08-12/romforge_isolated_full/partition0/romfs/sound/adx/02snake1.acb,FILE,OK,
analysis/global_korean_glyph_poc_2026-08-12/romforge_isolated_full/partition0/romfs/sound/adx/02snake2.acb,experiments/global_korean_glyph_poc_2026-08-12/romforge_isolated_full/partition0/romfs/sound/adx/02snake2.acb,FILE,OK,
analysis/global_korean_glyph_poc_2026-08-12/romforge_isolated_full/partition0/romfs/sound/adx/03boss_1.acb,experiments/global_korean_glyph_poc_2026-08-12/romforge_isolated_full/partition0/romfs/sound/adx/03boss_1.acb,FILE,OK,
analysis/global_korean_glyph_poc_2026-08-12/romforge_isolated_full/partition0/romfs/sound/adx/03dummy.acb,experiments/global_korean_glyph_poc_2026-08-12/romforge_isolated_full/partition0/romfs/sound/adx/03dummy.acb,FILE,OK,
analysis/global_korean_glyph_poc_2026-08-12/romforge_isolated_full/partition0/romfs/sound/adx/03endog1.acb,experiments/global_korean_glyph_poc_2026-08-12/romforge_isolated_full/partition0/romfs/sound/adx/03endog1.acb,FILE,OK,
analysis/global_korean_glyph_poc_2026-08-12/romforge_isolated_full/partition0/romfs/sound/adx/03end__1.acb,experiments/global_korean_glyph_poc_2026-08-12/romforge_isolated_full/partition0/romfs/sound/adx/03end__1.acb,FILE,OK,
analysis/global_korean_glyph_poc_2026-08-12/romforge_isolated_full/partition0/romfs/sound/adx/03enemy1.acb,experiments/global_korean_glyph_poc_2026-08-12/romforge_isolated_full/partition0/romfs/sound/adx/03enemy1.acb,FILE,OK,
analysis/global_korean_glyph_poc_2026-08-12/romforge_isolated_full/partition0/romfs/sound/adx/03enemy2.acb,experiments/global_korean_glyph_poc_2026-08-12/romforge_isolated_full/partition0/romfs/sound/adx/03enemy2.acb,FILE,OK,
analysis/global_korean_glyph_poc_2026-08-12/romforge_isolated_full/partition0/romfs/sound/adx/03ensid1.acb,experiments/global_korean_glyph_poc_2026-08-12/romforge_isolated_full/partition0/romfs/sound/adx/03ensid1.acb,FILE,OK,
analysis/global_korean_glyph_poc_2026-08-12/romforge_isolated_full/partition0/romfs/sound/adx/03fear_1.acb,experiments/global_korean_glyph_poc_2026-08-12/romforge_isolated_full/partition0/romfs/sound/adx/03fear_1.acb,FILE,OK,
analysis/global_korean_glyph_poc_2026-08-12/romforge_isolated_full/partition0/romfs/sound/adx/03fury_1.acb,experiments/global_korean_glyph_poc_2026-08-12/romforge_isolated_full/partition0/romfs/sound/adx/03fury_1.acb,FILE,OK,
analysis/global_korean_glyph_poc_2026-08-12/romforge_isolated_full/partition0/romfs/sound/adx/03gavia1.acb,experiments/global_korean_glyph_poc_2026-08-12/romforge_isolated_full/partition0/romfs/sound/adx/03gavia1.acb,FILE,OK,
analysis/global_korean_glyph_poc_2026-08-12/romforge_isolated_full/partition0/romfs/sound/adx/03johny1.acb,experiments/global_korean_glyph_poc_2026-08-12/romforge_isolated_full/partition0/romfs/sound/adx/03johny1.acb,FILE,OK,
analysis/global_korean_glyph_poc_2026-08-12/romforge_isolated_full/partition0/romfs/sound/adx/03ocelt1.acb,experiments/global_korean_glyph_poc_2026-08-12/romforge_isolated_full/partition0/romfs/sound/adx/03ocelt1.acb,FILE,OK,
analysis/global_korean_glyph_poc_2026-08-12/romforge_isolated_full/partition0/romfs/sound/adx/03ol1eee.acb,experiments/global_korean_glyph_poc_2026-08-12/romforge_isolated_full/partition0/romfs/sound/adx/03ol1eee.acb,FILE,OK,
analysis/global_korean_glyph_poc_2026-08-12/romforge_isolated_full/partition0/romfs/sound/adx/03ol2esr.acb,experiments/global_korean_glyph_poc_2026-08-12/romforge_isolated_full/partition0/romfs/sound/adx/03ol2esr.acb,FILE,OK,
analysis/global_korean_glyph_poc_2026-08-12/romforge_isolated_full/partition0/romfs/sound/adx/03ol3ebh.acb,experiments/global_korean_glyph_poc_2026-08-12/romforge_isolated_full/partition0/romfs/sound/adx/03ol3ebh.acb,FILE,OK,
analysis/global_korean_glyph_poc_2026-08-12/romforge_isolated_full/partition0/romfs/sound/adx/03ol5eso.acb,experiments/global_korean_glyph_poc_2026-08-12/romforge_isolated_full/partition0/romfs/sound/adx/03ol5eso.acb,FILE,OK,
analysis/global_korean_glyph_poc_2026-08-12/romforge_isolated_full/partition0/romfs/sound/adx/03ol7ero.acb,experiments/global_korean_glyph_poc_2026-08-12/romforge_isolated_full/partition0/romfs/sound/adx/03ol7ero.acb,FILE,OK,
analysis/global_korean_glyph_poc_2026-08-12/romforge_isolated_full/partition0/romfs/sound/adx/03ol9ses.acb,experiments/global_korean_glyph_poc_2026-08-12/romforge_isolated_full/partition0/romfs/sound/adx/03ol9ses.acb,FILE,OK,
analysis/global_korean_glyph_poc_2026-08-12/romforge_isolated_full/partition0/romfs/sound/adx/03olaseb.acb,experiments/global_korean_glyph_poc_2026-08-12/romforge_isolated_full/partition0/romfs/sound/adx/03olaseb.acb,FILE,OK,
analysis/global_korean_glyph_poc_2026-08-12/romforge_isolated_full/partition0/romfs/sound/adx/03olbser.acb,experiments/global_korean_glyph_poc_2026-08-12/romforge_isolated_full/partition0/romfs/sound/adx/03olbser.acb,FILE,OK,
analysis/global_korean_glyph_poc_2026-08-12/romforge_isolated_full/partition0/romfs/sound/adx/03olcseh.acb,experiments/global_korean_glyph_poc_2026-08-12/romforge_isolated_full/partition0/romfs/sound/adx/03olcseh.acb,FILE,OK,
analysis/global_korean_glyph_poc_2026-08-12/romforge_isolated_full/partition0/romfs/sound/adx/03oldseo.acb,experiments/global_korean_glyph_poc_2026-08-12/romforge_isolated_full/partition0/romfs/sound/adx/03oldseo.acb,FILE,OK,
analysis/global_korean_glyph_poc_2026-08-12/romforge_isolated_full/partition0/romfs/sound/adx/03pain_1.acb,experiments/global_korean_glyph_poc_2026-08-12/romforge_isolated_full/partition0/romfs/sound/adx/03pain_1.acb,FILE,OK,
analysis/global_korean_glyph_poc_2026-08-12/romforge_isolated_full/partition0/romfs/sound/adx/03saru_1.acb,experiments/global_korean_glyph_poc_2026-08-12/romforge_isolated_full/partition0/romfs/sound/adx/03saru_1.acb,FILE,OK,
analysis/global_korean_glyph_poc_2026-08-12/romforge_isolated_full/partition0/romfs/sound/adx/03shago1.acb,experiments/global_korean_glyph_poc_2026-08-12/romforge_isolated_full/partition0/romfs/sound/adx/03shago1.acb,FILE,OK,
analysis/global_korean_glyph_poc_2026-08-12/romforge_isolated_full/partition0/romfs/sound/adx/03sorrw1.acb,experiments/global_korean_glyph_poc_2026-08-12/romforge_isolated_full/partition0/romfs/sound/adx/03sorrw1.acb,FILE,OK,
analysis/global_korean_glyph_poc_2026-08-12/romforge_isolated_full/partition0/romfs/sound/adx/03spets1.acb,experiments/global_korean_glyph_poc_2026-08-12/romforge_isolated_full/partition0/romfs/sound/adx/03spets1.acb,FILE,OK,
analysis/global_korean_glyph_poc_2026-08-12/romforge_isolated_full/partition0/romfs/sound/adx/03thund1.acb,experiments/global_korean_glyph_poc_2026-08-12/romforge_isolated_full/partition0/romfs/sound/adx/03thund1.acb,FILE,OK,
analysis/global_korean_glyph_poc_2026-08-12/romforge_isolated_full/partition0/romfs/sound/adx/04dummy.acb,experiments/global_korean_glyph_poc_2026-08-12/romforge_isolated_full/partition0/romfs/sound/adx/04dummy.acb,FILE,OK,
analysis/global_korean_glyph_poc_2026-08-12/romforge_isolated_full/partition0/romfs/sound/adx/04lobby1.acb,experiments/global_korean_glyph_poc_2026-08-12/romforge_isolated_full/partition0/romfs/sound/adx/04lobby1.acb,FILE,OK,
analysis/global_korean_glyph_poc_2026-08-12/romforge_isolated_full/partition0/romfs/sound/adx/04m001a1.acb,experiments/global_korean_glyph_poc_2026-08-12/romforge_isolated_full/partition0/romfs/sound/adx/04m001a1.acb,FILE,OK,
analysis/global_korean_glyph_poc_2026-08-12/romforge_isolated_full/partition0/romfs/sound/adx/04m004a1.acb,experiments/global_korean_glyph_poc_2026-08-12/romforge_isolated_full/partition0/romfs/sound/adx/04m004a1.acb,FILE,OK,
analysis/global_korean_glyph_poc_2026-08-12/romforge_isolated_full/partition0/romfs/sound/adx/04m006a1.acb,experiments/global_korean_glyph_poc_2026-08-12/romforge_isolated_full/partition0/romfs/sound/adx/04m006a1.acb,FILE,OK,
analysis/global_korean_glyph_poc_2026-08-12/romforge_isolated_full/partition0/romfs/sound/adx/04m022a1.acb,experiments/global_korean_glyph_poc_2026-08-12/romforge_isolated_full/partition0/romfs/sound/adx/04m022a1.acb,FILE,OK,
analysis/global_korean_glyph_poc_2026-08-12/romforge_isolated_full/partition0/romfs/sound/adx/04m053a1.acb,experiments/global_korean_glyph_poc_2026-08-12/romforge_isolated_full/partition0/romfs/sound/adx/04m053a1.acb,FILE,OK,
analysis/global_korean_glyph_poc_2026-08-12/romforge_isolated_full/partition0/romfs/sound/adx/04m121a1.acb,experiments/global_korean_glyph_poc_2026-08-12/romforge_isolated_full/partition0/romfs/sound/adx/04m121a1.acb,FILE,OK,
analysis/global_korean_glyph_poc_2026-08-12/romforge_isolated_full/partition0/romfs/sound/adx/04m201a1.acb,experiments/global_korean_glyph_poc_2026-08-12/romforge_isolated_full/partition0/romfs/sound/adx/04m201a1.acb,FILE,OK,
analysis/global_korean_glyph_poc_2026-08-12/romforge_isolated_full/partition0/romfs/sound/adx/04n001a1.acb,experiments/global_korean_glyph_poc_2026-08-12/romforge_isolated_full/partition0/romfs/sound/adx/04n001a1.acb,FILE,OK,
analysis/global_korean_glyph_poc_2026-08-12/romforge_isolated_full/partition0/romfs/sound/adx/04n002a1.acb,experiments/global_korean_glyph_poc_2026-08-12/romforge_isolated_full/partition0/romfs/sound/adx/04n002a1.acb,FILE,OK,
analysis/global_korean_glyph_poc_2026-08-12/romforge_isolated_full/partition0/romfs/sound/adx/04n003a1.acb,experiments/global_korean_glyph_poc_2026-08-12/romforge_isolated_full/partition0/romfs/sound/adx/04n003a1.acb,FILE,OK,
analysis/global_korean_glyph_poc_2026-08-12/romforge_isolated_full/partition0/romfs/sound/adx/04n004a1.acb,experiments/global_korean_glyph_poc_2026-08-12/romforge_isolated_full/partition0/romfs/sound/adx/04n004a1.acb,FILE,OK,
analysis/global_korean_glyph_poc_2026-08-12/romforge_isolated_full/partition0/romfs/sound/adx/04open_1.acb,experiments/global_korean_glyph_poc_2026-08-12/romforge_isolated_full/partition0/romfs/sound/adx/04open_1.acb,FILE,OK,
analysis/global_korean_glyph_poc_2026-08-12/romforge_isolated_full/partition0/romfs/sound/adx/04s012a1.acb,experiments/global_korean_glyph_poc_2026-08-12/romforge_isolated_full/partition0/romfs/sound/adx/04s012a1.acb,FILE,OK,
analysis/global_korean_glyph_poc_2026-08-12/romforge_isolated_full/partition0/romfs/sound/adx/04s021a1.acb,experiments/global_korean_glyph_poc_2026-08-12/romforge_isolated_full/partition0/romfs/sound/adx/04s021a1.acb,FILE,OK,
analysis/global_korean_glyph_poc_2026-08-12/romforge_isolated_full/partition0/romfs/sound/adx/04s022a1.acb,experiments/global_korean_glyph_poc_2026-08-12/romforge_isolated_full/partition0/romfs/sound/adx/04s022a1.acb,FILE,OK,
analysis/global_korean_glyph_poc_2026-08-12/romforge_isolated_full/partition0/romfs/sound/adx/04s023a1.acb,experiments/global_korean_glyph_poc_2026-08-12/romforge_isolated_full/partition0/romfs/sound/adx/04s023a1.acb,FILE,OK,
analysis/global_korean_glyph_poc_2026-08-12/romforge_isolated_full/partition0/romfs/sound/adx/04s031a1.acb,experiments/global_korean_glyph_poc_2026-08-12/romforge_isolated_full/partition0/romfs/sound/adx/04s031a1.acb,FILE,OK,
analysis/global_korean_glyph_poc_2026-08-12/romforge_isolated_full/partition0/romfs/sound/adx/04s032a1.acb,experiments/global_korean_glyph_poc_2026-08-12/romforge_isolated_full/partition0/romfs/sound/adx/04s032a1.acb,FILE,OK,
analysis/global_korean_glyph_poc_2026-08-12/romforge_isolated_full/partition0/romfs/sound/adx/04s032b1.acb,experiments/global_korean_glyph_poc_2026-08-12/romforge_isolated_full/partition0/romfs/sound/adx/04s032b1.acb,FILE,OK,
analysis/global_korean_glyph_poc_2026-08-12/romforge_isolated_full/partition0/romfs/sound/adx/04s041a1.acb,experiments/global_korean_glyph_poc_2026-08-12/romforge_isolated_full/partition0/romfs/sound/adx/04s041a1.acb,FILE,OK,
analysis/global_korean_glyph_poc_2026-08-12/romforge_isolated_full/partition0/romfs/sound/adx/04s042a1.acb,experiments/global_korean_glyph_poc_2026-08-12/romforge_isolated_full/partition0/romfs/sound/adx/04s042a1.acb,FILE,OK,
analysis/global_korean_glyph_poc_2026-08-12/romforge_isolated_full/partition0/romfs/sound/adx/04s043a1.acb,experiments/global_korean_glyph_poc_2026-08-12/romforge_isolated_full/partition0/romfs/sound/adx/04s043a1.acb,FILE,OK,
analysis/global_korean_glyph_poc_2026-08-12/romforge_isolated_full/partition0/romfs/sound/adx/04s044a1.acb,experiments/global_korean_glyph_poc_2026-08-12/romforge_isolated_full/partition0/romfs/sound/adx/04s044a1.acb,FILE,OK,
analysis/global_korean_glyph_poc_2026-08-12/romforge_isolated_full/partition0/romfs/sound/adx/04s045a1.acb,experiments/global_korean_glyph_poc_2026-08-12/romforge_isolated_full/partition0/romfs/sound/adx/04s045a1.acb,FILE,OK,
analysis/global_korean_glyph_poc_2026-08-12/romforge_isolated_full/partition0/romfs/sound/adx/04s051b1.acb,experiments/global_korean_glyph_poc_2026-08-12/romforge_isolated_full/partition0/romfs/sound/adx/04s051b1.acb,FILE,OK,
analysis/global_korean_glyph_poc_2026-08-12/romforge_isolated_full/partition0/romfs/sound/adx/04s052a1.acb,experiments/global_korean_glyph_poc_2026-08-12/romforge_isolated_full/partition0/romfs/sound/adx/04s052a1.acb,FILE,OK,
analysis/global_korean_glyph_poc_2026-08-12/romforge_isolated_full/partition0/romfs/sound/adx/04s053a1.acb,experiments/global_korean_glyph_poc_2026-08-12/romforge_isolated_full/partition0/romfs/sound/adx/04s053a1.acb,FILE,OK,
analysis/global_korean_glyph_poc_2026-08-12/romforge_isolated_full/partition0/romfs/sound/adx/04s056a1.acb,experiments/global_korean_glyph_poc_2026-08-12/romforge_isolated_full/partition0/romfs/sound/adx/04s056a1.acb,FILE,OK,
analysis/global_korean_glyph_poc_2026-08-12/romforge_isolated_full/partition0/romfs/sound/adx/04s061a1.acb,experiments/global_korean_glyph_poc_2026-08-12/romforge_isolated_full/partition0/romfs/sound/adx/04s061a1.acb,FILE,OK,
analysis/global_korean_glyph_poc_2026-08-12/romforge_isolated_full/partition0/romfs/sound/adx/04s062a1.acb,experiments/global_korean_glyph_poc_2026-08-12/romforge_isolated_full/partition0/romfs/sound/adx/04s062a1.acb,FILE,OK,
analysis/global_korean_glyph_poc_2026-08-12/romforge_isolated_full/partition0/romfs/sound/adx/04s063a1.acb,experiments/global_korean_glyph_poc_2026-08-12/romforge_isolated_full/partition0/romfs/sound/adx/04s063a1.acb,FILE,OK,
analysis/global_korean_glyph_poc_2026-08-12/romforge_isolated_full/partition0/romfs/sound/adx/04s064a1.acb,experiments/global_korean_glyph_poc_2026-08-12/romforge_isolated_full/partition0/romfs/sound/adx/04s064a1.acb,FILE,OK,
analysis/global_korean_glyph_poc_2026-08-12/romforge_isolated_full/partition0/romfs/sound/adx/04s071a1.acb,experiments/global_korean_glyph_poc_2026-08-12/romforge_isolated_full/partition0/romfs/sound/adx/04s071a1.acb,FILE,OK,
analysis/global_korean_glyph_poc_2026-08-12/romforge_isolated_full/partition0/romfs/sound/adx/04s081a1.acb,experiments/global_korean_glyph_poc_2026-08-12/romforge_isolated_full/partition0/romfs/sound/adx/04s081a1.acb,FILE,OK,
analysis/global_korean_glyph_poc_2026-08-12/romforge_isolated_full/partition0/romfs/sound/adx/04s081a2.acb,experiments/global_korean_glyph_poc_2026-08-12/romforge_isolated_full/partition0/romfs/sound/adx/04s081a2.acb,FILE,OK,
analysis/global_korean_glyph_poc_2026-08-12/romforge_isolated_full/partition0/romfs/sound/adx/04s091a1.acb,experiments/global_korean_glyph_poc_2026-08-12/romforge_isolated_full/partition0/romfs/sound/adx/04s091a1.acb,FILE,OK,
analysis/global_korean_glyph_poc_2026-08-12/romforge_isolated_full/partition0/romfs/sound/adx/04s101a1.acb,experiments/global_korean_glyph_poc_2026-08-12/romforge_isolated_full/partition0/romfs/sound/adx/04s101a1.acb,FILE,OK,
analysis/global_korean_glyph_poc_2026-08-12/romforge_isolated_full/partition0/romfs/sound/adx/04s111a1.acb,experiments/global_korean_glyph_poc_2026-08-12/romforge_isolated_full/partition0/romfs/sound/adx/04s111a1.acb,FILE,OK,
analysis/global_korean_glyph_poc_2026-08-12/romforge_isolated_full/partition0/romfs/sound/adx/04s113a1.acb,experiments/global_korean_glyph_poc_2026-08-12/romforge_isolated_full/partition0/romfs/sound/adx/04s113a1.acb,FILE,OK,
analysis/global_korean_glyph_poc_2026-08-12/romforge_isolated_full/partition0/romfs/sound/adx/04s121a1.acb,experiments/global_korean_glyph_poc_2026-08-12/romforge_isolated_full/partition0/romfs/sound/adx/04s121a1.acb,FILE,OK,
analysis/global_korean_glyph_poc_2026-08-12/romforge_isolated_full/partition0/romfs/sound/adx/04s122a1.acb,experiments/global_korean_glyph_poc_2026-08-12/romforge_isolated_full/partition0/romfs/sound/adx/04s122a1.acb,FILE,OK,
analysis/global_korean_glyph_poc_2026-08-12/romforge_isolated_full/partition0/romfs/sound/adx/04s141a1.acb,experiments/global_korean_glyph_poc_2026-08-12/romforge_isolated_full/partition0/romfs/sound/adx/04s141a1.acb,FILE,OK,
analysis/global_korean_glyph_poc_2026-08-12/romforge_isolated_full/partition0/romfs/sound/adx/04s151a1.acb,experiments/global_korean_glyph_poc_2026-08-12/romforge_isolated_full/partition0/romfs/sound/adx/04s151a1.acb,FILE,OK,
analysis/global_korean_glyph_poc_2026-08-12/romforge_isolated_full/partition0/romfs/sound/adx/04s161a1.acb,experiments/global_korean_glyph_poc_2026-08-12/romforge_isolated_full/partition0/romfs/sound/adx/04s161a1.acb,FILE,OK,
analysis/global_korean_glyph_poc_2026-08-12/romforge_isolated_full/partition0/romfs/sound/adx/04s171a1.acb,experiments/global_korean_glyph_poc_2026-08-12/romforge_isolated_full/partition0/romfs/sound/adx/04s171a1.acb,FILE,OK,
analysis/global_korean_glyph_poc_2026-08-12/romforge_isolated_full/partition0/romfs/sound/adx/04s171b1.acb,experiments/global_korean_glyph_poc_2026-08-12/romforge_isolated_full/partition0/romfs/sound/adx/04s171b1.acb,FILE,OK,
analysis/global_korean_glyph_poc_2026-08-12/romforge_isolated_full/partition0/romfs/sound/adx/04s181a1.acb,experiments/global_korean_glyph_poc_2026-08-12/romforge_isolated_full/partition0/romfs/sound/adx/04s181a1.acb,FILE,OK,
analysis/global_korean_glyph_poc_2026-08-12/romforge_isolated_full/partition0/romfs/sound/adx/04s191a1.acb,experiments/global_korean_glyph_poc_2026-08-12/romforge_isolated_full/partition0/romfs/sound/adx/04s191a1.acb,FILE,OK,
analysis/global_korean_glyph_poc_2026-08-12/romforge_isolated_full/partition0/romfs/sound/adx/04s201a1.acb,experiments/global_korean_glyph_poc_2026-08-12/romforge_isolated_full/partition0/romfs/sound/adx/04s201a1.acb,FILE,OK,
analysis/global_korean_glyph_poc_2026-08-12/romforge_isolated_full/partition0/romfs/sound/adx/04s211a1.acb,experiments/global_korean_glyph_poc_2026-08-12/romforge_isolated_full/partition0/romfs/sound/adx/04s211a1.acb,FILE,OK,
analysis/global_korean_glyph_poc_2026-08-12/romforge_isolated_full/partition0/romfs/sound/adx/04t011a1.acb,experiments/global_korean_glyph_poc_2026-08-12/romforge_isolated_full/partition0/romfs/sound/adx/04t011a1.acb,FILE,OK,
analysis/global_korean_glyph_poc_2026-08-12/romforge_isolated_full/partition0/romfs/sound/adx/04t012a1.acb,experiments/global_korean_glyph_poc_2026-08-12/romforge_isolated_full/partition0/romfs/sound/adx/04t012a1.acb,FILE,OK,
analysis/global_korean_glyph_poc_2026-08-12/romforge_isolated_full/partition0/romfs/sound/adx/04theat1.acb,experiments/global_korean_glyph_poc_2026-08-12/romforge_isolated_full/partition0/romfs/sound/adx/04theat1.acb,FILE,OK,
analysis/global_korean_glyph_poc_2026-08-12/romforge_isolated_full/partition0/romfs/sound/adx/04title1.acb,experiments/global_korean_glyph_poc_2026-08-12/romforge_isolated_full/partition0/romfs/sound/adx/04title1.acb,FILE,OK,
analysis/global_korean_glyph_poc_2026-08-12/romforge_isolated_full/partition0/romfs/sound/adx/04v001a1.acb,experiments/global_korean_glyph_poc_2026-08-12/romforge_isolated_full/partition0/romfs/sound/adx/04v001a1.acb,FILE,OK,
analysis/global_korean_glyph_poc_2026-08-12/romforge_isolated_full/partition0/romfs/sound/adx/04v003a1.acb,experiments/global_korean_glyph_poc_2026-08-12/romforge_isolated_full/partition0/romfs/sound/adx/04v003a1.acb,FILE,OK,
analysis/global_korean_glyph_poc_2026-08-12/romforge_isolated_full/partition0/romfs/sound/adx/04v004a1.acb,experiments/global_korean_glyph_poc_2026-08-12/romforge_isolated_full/partition0/romfs/sound/adx/04v004a1.acb,FILE,OK,
analysis/global_korean_glyph_poc_2026-08-12/romforge_isolated_full/partition0/romfs/sound/adx/04v005a1.acb,experiments/global_korean_glyph_poc_2026-08-12/romforge_isolated_full/partition0/romfs/sound/adx/04v005a1.acb,FILE,OK,
analysis/global_korean_glyph_poc_2026-08-12/romforge_isolated_full/partition0/romfs/sound/adx/04v006a1.acb,experiments/global_korean_glyph_poc_2026-08-12/romforge_isolated_full/partition0/romfs/sound/adx/04v006a1.acb,FILE,OK,
analysis/global_korean_glyph_poc_2026-08-12/romforge_isolated_full/partition0/romfs/sound/adx/04v007a1.acb,experiments/global_korean_glyph_poc_2026-08-12/romforge_isolated_full/partition0/romfs/sound/adx/04v007a1.acb,FILE,OK,
analysis/global_korean_glyph_poc_2026-08-12/romforge_isolated_full/partition0/romfs/sound/adx/bgm.acb,experiments/global_korean_glyph_poc_2026-08-12/romforge_isolated_full/partition0/romfs/sound/adx/bgm.acb,FILE,OK,
analysis/global_korean_glyph_poc_2026-08-12/romforge_isolated_full/partition0/romfs/sound/adx/bgm_2.acb,experiments/global_korean_glyph_poc_2026-08-12/romforge_isolated_full/partition0/romfs/sound/adx/bgm_2.acb,FILE,OK,
analysis/global_korean_glyph_poc_2026-08-12/romforge_isolated_full/partition0/romfs/sound/adx/bgm_2_streamfiles.awb,experiments/global_korean_glyph_poc_2026-08-12/romforge_isolated_full/partition0/romfs/sound/adx/bgm_2_streamfiles.awb,FILE,OK,
analysis/global_korean_glyph_poc_2026-08-12/romforge_isolated_full/partition0/romfs/sound/adx/bgm_streamfiles.awb,experiments/global_korean_glyph_poc_2026-08-12/romforge_isolated_full/partition0/romfs/sound/adx/bgm_streamfiles.awb,FILE,OK,
analysis/global_korean_glyph_poc_2026-08-12/romforge_isolated_full/partition0/romfs/sound/adx/demo.acb,experiments/global_korean_glyph_poc_2026-08-12/romforge_isolated_full/partition0/romfs/sound/adx/demo.acb,FILE,OK,
analysis/global_korean_glyph_poc_2026-08-12/romforge_isolated_full/partition0/romfs/sound/adx/demo_streamfiles.awb,experiments/global_korean_glyph_poc_2026-08-12/romforge_isolated_full/partition0/romfs/sound/adx/demo_streamfiles.awb,FILE,OK,
analysis/global_korean_glyph_poc_2026-08-12/romforge_isolated_full/partition0/romfs/sound/adx/mgs3_3ds.acf,experiments/global_korean_glyph_poc_2026-08-12/romforge_isolated_full/partition0/romfs/sound/adx/mgs3_3ds.acf,FILE,OK,
analysis/global_korean_glyph_poc_2026-08-12/romforge_isolated_full/partition0/romfs/sound/adx/movie.acb,experiments/global_korean_glyph_poc_2026-08-12/romforge_isolated_full/partition0/romfs/sound/adx/movie.acb,FILE,OK,
analysis/global_korean_glyph_poc_2026-08-12/romforge_isolated_full/partition0/romfs/sound/adx/movie_streamfiles.awb,experiments/global_korean_glyph_poc_2026-08-12/romforge_isolated_full/partition0/romfs/sound/adx/movie_streamfiles.awb,FILE,OK,
analysis/global_korean_glyph_poc_2026-08-12/romforge_isolated_full/partition0/romfs/sound/adx/vox.acb,experiments/global_korean_glyph_poc_2026-08-12/romforge_isolated_full/partition0/romfs/sound/adx/vox.acb,FILE,OK,
analysis/global_korean_glyph_poc_2026-08-12/romforge_isolated_full/partition0/romfs/sound/adx/vox_streamfiles.awb,experiments/global_korean_glyph_poc_2026-08-12/romforge_isolated_full/partition0/romfs/sound/adx/vox_streamfiles.awb,FILE,OK,
analysis/global_korean_glyph_poc_2026-08-12/romforge_isolated_full/partition0/romfs/sound/table/sddemotable.txt,experiments/global_korean_glyph_poc_2026-08-12/romforge_isolated_full/partition0/romfs/sound/table/sddemotable.txt,FILE,OK,
analysis/global_korean_glyph_poc_2026-08-12/romforge_isolated_full/partition0/romfs/sound/table/sdvoxtable.txt,experiments/global_korean_glyph_poc_2026-08-12/romforge_isolated_full/partition0/romfs/sound/table/sdvoxtable.txt,FILE,OK,
analysis/global_korean_glyph_poc_2026-08-12/romforge_isolated_full/partition0/romfs/stage/dg_clone.shbin,experiments/global_korean_glyph_poc_2026-08-12/romforge_isolated_full/partition0/romfs/stage/dg_clone.shbin,FILE,OK,
analysis/global_korean_glyph_poc_2026-08-12/romforge_isolated_full/partition0/romfs/stage/dg_default.shbin,experiments/global_korean_glyph_poc_2026-08-12/romforge_isolated_full/partition0/romfs/stage/dg_default.shbin,FILE,OK,
analysis/global_korean_glyph_poc_2026-08-12/romforge_isolated_full/partition0/romfs/stage/dg_dmapack.shbin,experiments/global_korean_glyph_poc_2026-08-12/romforge_isolated_full/partition0/romfs/stage/dg_dmapack.shbin,FILE,OK,
analysis/global_korean_glyph_poc_2026-08-12/romforge_isolated_full/partition0/romfs/stage/dg_draw2d.shbin,experiments/global_korean_glyph_poc_2026-08-12/romforge_isolated_full/partition0/romfs/stage/dg_draw2d.shbin,FILE,OK,
analysis/global_korean_glyph_poc_2026-08-12/romforge_isolated_full/partition0/romfs/stage/dg_linelist.shbin,experiments/global_korean_glyph_poc_2026-08-12/romforge_isolated_full/partition0/romfs/stage/dg_linelist.shbin,FILE,OK,
analysis/global_korean_glyph_poc_2026-08-12/romforge_isolated_full/partition0/romfs/stage/dg_linestrip.shbin,experiments/global_korean_glyph_poc_2026-08-12/romforge_isolated_full/partition0/romfs/stage/dg_linestrip.shbin,FILE,OK,
analysis/global_korean_glyph_poc_2026-08-12/romforge_isolated_full/partition0/romfs/stage/dg_model.shbin,experiments/global_korean_glyph_poc_2026-08-12/romforge_isolated_full/partition0/romfs/stage/dg_model.shbin,FILE,OK,
analysis/global_korean_glyph_poc_2026-08-12/romforge_isolated_full/partition0/romfs/stage/dg_model_clip.shbin,experiments/global_korean_glyph_poc_2026-08-12/romforge_isolated_full/partition0/romfs/stage/dg_model_clip.shbin,FILE,OK,
analysis/global_korean_glyph_poc_2026-08-12/romforge_isolated_full/partition0/romfs/stage/dg_model_texproj.shbin,experiments/global_korean_glyph_poc_2026-08-12/romforge_isolated_full/partition0/romfs/stage/dg_model_texproj.shbin,FILE,OK,
analysis/global_korean_glyph_poc_2026-08-12/romforge_isolated_full/partition0/romfs/stage/dg_shadowmodel.shbin,experiments/global_korean_glyph_poc_2026-08-12/romforge_isolated_full/partition0/romfs/stage/dg_shadowmodel.shbin,FILE,OK,
analysis/global_korean_glyph_poc_2026-08-12/romforge_isolated_full/partition0/romfs/stage/dg_simple.shbin,experiments/global_korean_glyph_poc_2026-08-12/romforge_isolated_full/partition0/romfs/stage/dg_simple.shbin,FILE,OK,
analysis/global_korean_glyph_poc_2026-08-12/romforge_isolated_full/partition0/romfs/stage/dg_sprite.shbin,experiments/global_korean_glyph_poc_2026-08-12/romforge_isolated_full/partition0/romfs/stage/dg_sprite.shbin,FILE,OK,
analysis/global_korean_glyph_poc_2026-08-12/romforge_isolated_full/partition0/romfs/stage/camera/data.cnf,experiments/global_korean_glyph_poc_2026-08-12/romforge_isolated_full/partition0/romfs/stage/camera/data.cnf,FILE,OK,
analysis/global_korean_glyph_poc_2026-08-12/romforge_isolated_full/partition0/romfs/stage/camera/scenerio.gcx,experiments/global_korean_glyph_poc_2026-08-12/romforge_isolated_full/partition0/romfs/stage/camera/scenerio.gcx,FILE,OK,
analysis/global_korean_glyph_poc_2026-08-12/romforge_isolated_full/partition0/romfs/stage/ending/cache.hpk,experiments/global_korean_glyph_poc_2026-08-12/romforge_isolated_full/partition0/romfs/stage/ending/cache.hpk,FILE,OK,
analysis/global_korean_glyph_poc_2026-08-12/romforge_isolated_full/partition0/romfs/stage/ending/data.cnf,experiments/global_korean_glyph_poc_2026-08-12/romforge_isolated_full/partition0/romfs/stage/ending/data.cnf,FILE,OK,
analysis/global_korean_glyph_poc_2026-08-12/romforge_isolated_full/partition0/romfs/stage/ending/scenerio.gcx,experiments/global_korean_glyph_poc_2026-08-12/romforge_isolated_full/partition0/romfs/stage/ending/scenerio.gcx,FILE,OK,
analysis/global_korean_glyph_poc_2026-08-12/romforge_isolated_full/partition0/romfs/stage/hx001a/cache.hpk,experiments/global_korean_glyph_poc_2026-08-12/romforge_isolated_full/partition0/romfs/stage/hx001a/cache.hpk,FILE,OK,
analysis/global_korean_glyph_poc_2026-08-12/romforge_isolated_full/partition0/romfs/stage/hx001a/data.cnf,experiments/global_korean_glyph_poc_2026-08-12/romforge_isolated_full/partition0/romfs/stage/hx001a/data.cnf,FILE,OK,
analysis/global_korean_glyph_poc_2026-08-12/romforge_isolated_full/partition0/romfs/stage/hx001a/scenerio.gcx,experiments/global_korean_glyph_poc_2026-08-12/romforge_isolated_full/partition0/romfs/stage/hx001a/scenerio.gcx,FILE,OK,
analysis/global_korean_glyph_poc_2026-08-12/romforge_isolated_full/partition0/romfs/stage/init/cache.hpk,experiments/global_korean_glyph_poc_2026-08-12/romforge_isolated_full/partition0/romfs/stage/init/cache.hpk,FILE,OK,
analysis/global_korean_glyph_poc_2026-08-12/romforge_isolated_full/partition0/romfs/stage/init/data.cnf,experiments/global_korean_glyph_poc_2026-08-12/romforge_isolated_full/partition0/romfs/stage/init/data.cnf,FILE,OK,
analysis/global_korean_glyph_poc_2026-08-12/romforge_isolated_full/partition0/romfs/stage/init/scenerio.gcx,experiments/global_korean_glyph_poc_2026-08-12/romforge_isolated_full/partition0/romfs/stage/init/scenerio.gcx,FILE,OK,
analysis/global_korean_glyph_poc_2026-08-12/romforge_isolated_full/partition0/romfs/stage/kyle_op/cache.hpk,experiments/global_korean_glyph_poc_2026-08-12/romforge_isolated_full/partition0/romfs/stage/kyle_op/cache.hpk,FILE,OK,
analysis/global_korean_glyph_poc_2026-08-12/romforge_isolated_full/partition0/romfs/stage/kyle_op/data.cnf,experiments/global_korean_glyph_poc_2026-08-12/romforge_isolated_full/partition0/romfs/stage/kyle_op/data.cnf,FILE,OK,
analysis/global_korean_glyph_poc_2026-08-12/romforge_isolated_full/partition0/romfs/stage/kyle_op/scenerio.gcx,experiments/global_korean_glyph_poc_2026-08-12/romforge_isolated_full/partition0/romfs/stage/kyle_op/scenerio.gcx,FILE,OK,
analysis/global_korean_glyph_poc_2026-08-12/romforge_isolated_full/partition0/romfs/stage/motest/data.cnf,experiments/global_korean_glyph_poc_2026-08-12/romforge_isolated_full/partition0/romfs/stage/motest/data.cnf,FILE,OK,
analysis/global_korean_glyph_poc_2026-08-12/romforge_isolated_full/partition0/romfs/stage/motest/scenerio.gcx,experiments/global_korean_glyph_poc_2026-08-12/romforge_isolated_full/partition0/romfs/stage/motest/scenerio.gcx,FILE,OK,
analysis/global_korean_glyph_poc_2026-08-12/romforge_isolated_full/partition0/romfs/stage/mresult/data.cnf,experiments/global_korean_glyph_poc_2026-08-12/romforge_isolated_full/partition0/romfs/stage/mresult/data.cnf,FILE,OK,
analysis/global_korean_glyph_poc_2026-08-12/romforge_isolated_full/partition0/romfs/stage/mresult/scenerio.gcx,experiments/global_korean_glyph_poc_2026-08-12/romforge_isolated_full/partition0/romfs/stage/mresult/scenerio.gcx,FILE,OK,
analysis/global_korean_glyph_poc_2026-08-12/romforge_isolated_full/partition0/romfs/stage/mselect/data.cnf,experiments/global_korean_glyph_poc_2026-08-12/romforge_isolated_full/partition0/romfs/stage/mselect/data.cnf,FILE,OK,
analysis/global_korean_glyph_poc_2026-08-12/romforge_isolated_full/partition0/romfs/stage/mselect/scenerio.gcx,experiments/global_korean_glyph_poc_2026-08-12/romforge_isolated_full/partition0/romfs/stage/mselect/scenerio.gcx,FILE,OK,
analysis/global_korean_glyph_poc_2026-08-12/romforge_isolated_full/partition0/romfs/stage/r_sna01/data.cnf,experiments/global_korean_glyph_poc_2026-08-12/romforge_isolated_full/partition0/romfs/stage/r_sna01/data.cnf,FILE,OK,
analysis/global_korean_glyph_poc_2026-08-12/romforge_isolated_full/partition0/romfs/stage/r_sna01/resident.hpk,experiments/global_korean_glyph_poc_2026-08-12/romforge_isolated_full/partition0/romfs/stage/r_sna01/resident.hpk,FILE,OK,
analysis/global_korean_glyph_poc_2026-08-12/romforge_isolated_full/partition0/romfs/stage/r_sna01/scenerio.gcx,experiments/global_korean_glyph_poc_2026-08-12/romforge_isolated_full/partition0/romfs/stage/r_sna01/scenerio.gcx,FILE,OK,
analysis/global_korean_glyph_poc_2026-08-12/romforge_isolated_full/partition0/romfs/stage/r_sna02/data.cnf,experiments/global_korean_glyph_poc_2026-08-12/romforge_isolated_full/partition0/romfs/stage/r_sna02/data.cnf,FILE,OK,
analysis/global_korean_glyph_poc_2026-08-12/romforge_isolated_full/partition0/romfs/stage/r_sna02/resident.hpk,experiments/global_korean_glyph_poc_2026-08-12/romforge_isolated_full/partition0/romfs/stage/r_sna02/resident.hpk,FILE,OK,
analysis/global_korean_glyph_poc_2026-08-12/romforge_isolated_full/partition0/romfs/stage/r_sna02/scenerio.gcx,experiments/global_korean_glyph_poc_2026-08-12/romforge_isolated_full/partition0/romfs/stage/r_sna02/scenerio.gcx,FILE,OK,
analysis/global_korean_glyph_poc_2026-08-12/romforge_isolated_full/partition0/romfs/stage/s000a_0/cache.hpk,experiments/global_korean_glyph_poc_2026-08-12/romforge_isolated_full/partition0/romfs/stage/s000a_0/cache.hpk,FILE,OK,
analysis/global_korean_glyph_poc_2026-08-12/romforge_isolated_full/partition0/romfs/stage/s000a_0/data.cnf,experiments/global_korean_glyph_poc_2026-08-12/romforge_isolated_full/partition0/romfs/stage/s000a_0/data.cnf,FILE,OK,
analysis/global_korean_glyph_poc_2026-08-12/romforge_isolated_full/partition0/romfs/stage/s000a_0/scenerio.gcx,experiments/global_korean_glyph_poc_2026-08-12/romforge_isolated_full/partition0/romfs/stage/s000a_0/scenerio.gcx,FILE,OK,
analysis/global_korean_glyph_poc_2026-08-12/romforge_isolated_full/partition0/romfs/stage/s000a_0_0/data.cnf,experiments/global_korean_glyph_poc_2026-08-12/romforge_isolated_full/partition0/romfs/stage/s000a_0_0/data.cnf,FILE,OK,
analysis/global_korean_glyph_poc_2026-08-12/romforge_isolated_full/partition0/romfs/stage/s000a_0_0/scenerio.gcx,experiments/global_korean_glyph_poc_2026-08-12/romforge_isolated_full/partition0/romfs/stage/s000a_0_0/scenerio.gcx,FILE,OK,
analysis/global_korean_glyph_poc_2026-08-12/romforge_isolated_full/partition0/romfs/stage/s000a_1/cache.hpk,experiments/global_korean_glyph_poc_2026-08-12/romforge_isolated_full/partition0/romfs/stage/s000a_1/cache.hpk,FILE,OK,
analysis/global_korean_glyph_poc_2026-08-12/romforge_isolated_full/partition0/romfs/stage/s000a_1/data.cnf,experiments/global_korean_glyph_poc_2026-08-12/romforge_isolated_full/partition0/romfs/stage/s000a_1/data.cnf,FILE,OK,
analysis/global_korean_glyph_poc_2026-08-12/romforge_isolated_full/partition0/romfs/stage/s000a_1/scenerio.gcx,experiments/global_korean_glyph_poc_2026-08-12/romforge_isolated_full/partition0/romfs/stage/s000a_1/scenerio.gcx,FILE,OK,
analysis/global_korean_glyph_poc_2026-08-12/romforge_isolated_full/partition0/romfs/stage/s001a/cache.hpk,experiments/global_korean_glyph_poc_2026-08-12/romforge_isolated_full/partition0/romfs/stage/s001a/cache.hpk,FILE,OK,
analysis/global_korean_glyph_poc_2026-08-12/romforge_isolated_full/partition0/romfs/stage/s001a/data.cnf,experiments/global_korean_glyph_poc_2026-08-12/romforge_isolated_full/partition0/romfs/stage/s001a/data.cnf,FILE,OK,
analysis/global_korean_glyph_poc_2026-08-12/romforge_isolated_full/partition0/romfs/stage/s001a/scenerio.gcx,experiments/global_korean_glyph_poc_2026-08-12/romforge_isolated_full/partition0/romfs/stage/s001a/scenerio.gcx,FILE,OK,
analysis/global_korean_glyph_poc_2026-08-12/romforge_isolated_full/partition0/romfs/stage/s002a/cache.hpk,experiments/global_korean_glyph_poc_2026-08-12/romforge_isolated_full/partition0/romfs/stage/s002a/cache.hpk,FILE,OK,
analysis/global_korean_glyph_poc_2026-08-12/romforge_isolated_full/partition0/romfs/stage/s002a/data.cnf,experiments/global_korean_glyph_poc_2026-08-12/romforge_isolated_full/partition0/romfs/stage/s002a/data.cnf,FILE,OK,
analysis/global_korean_glyph_poc_2026-08-12/romforge_isolated_full/partition0/romfs/stage/s002a/scenerio.gcx,experiments/global_korean_glyph_poc_2026-08-12/romforge_isolated_full/partition0/romfs/stage/s002a/scenerio.gcx,FILE,OK,
analysis/global_korean_glyph_poc_2026-08-12/romforge_isolated_full/partition0/romfs/stage/s003a/cache.hpk,experiments/global_korean_glyph_poc_2026-08-12/romforge_isolated_full/partition0/romfs/stage/s003a/cache.hpk,FILE,OK,
analysis/global_korean_glyph_poc_2026-08-12/romforge_isolated_full/partition0/romfs/stage/s003a/data.cnf,experiments/global_korean_glyph_poc_2026-08-12/romforge_isolated_full/partition0/romfs/stage/s003a/data.cnf,FILE,OK,
analysis/global_korean_glyph_poc_2026-08-12/romforge_isolated_full/partition0/romfs/stage/s003a/scenerio.gcx,experiments/global_korean_glyph_poc_2026-08-12/romforge_isolated_full/partition0/romfs/stage/s003a/scenerio.gcx,FILE,OK,
analysis/global_korean_glyph_poc_2026-08-12/romforge_isolated_full/partition0/romfs/stage/s004a/cache.hpk,experiments/global_korean_glyph_poc_2026-08-12/romforge_isolated_full/partition0/romfs/stage/s004a/cache.hpk,FILE,OK,
analysis/global_korean_glyph_poc_2026-08-12/romforge_isolated_full/partition0/romfs/stage/s004a/data.cnf,experiments/global_korean_glyph_poc_2026-08-12/romforge_isolated_full/partition0/romfs/stage/s004a/data.cnf,FILE,OK,
analysis/global_korean_glyph_poc_2026-08-12/romforge_isolated_full/partition0/romfs/stage/s004a/scenerio.gcx,experiments/global_korean_glyph_poc_2026-08-12/romforge_isolated_full/partition0/romfs/stage/s004a/scenerio.gcx,FILE,OK,
analysis/global_korean_glyph_poc_2026-08-12/romforge_isolated_full/partition0/romfs/stage/s004a_0/cache.hpk,experiments/global_korean_glyph_poc_2026-08-12/romforge_isolated_full/partition0/romfs/stage/s004a_0/cache.hpk,FILE,OK,
analysis/global_korean_glyph_poc_2026-08-12/romforge_isolated_full/partition0/romfs/stage/s004a_0/data.cnf,experiments/global_korean_glyph_poc_2026-08-12/romforge_isolated_full/partition0/romfs/stage/s004a_0/data.cnf,FILE,OK,
analysis/global_korean_glyph_poc_2026-08-12/romforge_isolated_full/partition0/romfs/stage/s004a_0/scenerio.gcx,experiments/global_korean_glyph_poc_2026-08-12/romforge_isolated_full/partition0/romfs/stage/s004a_0/scenerio.gcx,FILE,OK,
analysis/global_korean_glyph_poc_2026-08-12/romforge_isolated_full/partition0/romfs/stage/s005a/cache.hpk,experiments/global_korean_glyph_poc_2026-08-12/romforge_isolated_full/partition0/romfs/stage/s005a/cache.hpk,FILE,OK,
analysis/global_korean_glyph_poc_2026-08-12/romforge_isolated_full/partition0/romfs/stage/s005a/data.cnf,experiments/global_korean_glyph_poc_2026-08-12/romforge_isolated_full/partition0/romfs/stage/s005a/data.cnf,FILE,OK,
analysis/global_korean_glyph_poc_2026-08-12/romforge_isolated_full/partition0/romfs/stage/s005a/scenerio.gcx,experiments/global_korean_glyph_poc_2026-08-12/romforge_isolated_full/partition0/romfs/stage/s005a/scenerio.gcx,FILE,OK,
analysis/global_korean_glyph_poc_2026-08-12/romforge_isolated_full/partition0/romfs/stage/s006a/cache.hpk,experiments/global_korean_glyph_poc_2026-08-12/romforge_isolated_full/partition0/romfs/stage/s006a/cache.hpk,FILE,OK,
analysis/global_korean_glyph_poc_2026-08-12/romforge_isolated_full/partition0/romfs/stage/s006a/data.cnf,experiments/global_korean_glyph_poc_2026-08-12/romforge_isolated_full/partition0/romfs/stage/s006a/data.cnf,FILE,OK,
analysis/global_korean_glyph_poc_2026-08-12/romforge_isolated_full/partition0/romfs/stage/s006a/scenerio.gcx,experiments/global_korean_glyph_poc_2026-08-12/romforge_isolated_full/partition0/romfs/stage/s006a/scenerio.gcx,FILE,OK,
analysis/global_korean_glyph_poc_2026-08-12/romforge_isolated_full/partition0/romfs/stage/s006a_0/cache.hpk,experiments/global_korean_glyph_poc_2026-08-12/romforge_isolated_full/partition0/romfs/stage/s006a_0/cache.hpk,FILE,OK,
analysis/global_korean_glyph_poc_2026-08-12/romforge_isolated_full/partition0/romfs/stage/s006a_0/data.cnf,experiments/global_korean_glyph_poc_2026-08-12/romforge_isolated_full/partition0/romfs/stage/s006a_0/data.cnf,FILE,OK,
analysis/global_korean_glyph_poc_2026-08-12/romforge_isolated_full/partition0/romfs/stage/s006a_0/scenerio.gcx,experiments/global_korean_glyph_poc_2026-08-12/romforge_isolated_full/partition0/romfs/stage/s006a_0/scenerio.gcx,FILE,OK,
analysis/global_korean_glyph_poc_2026-08-12/romforge_isolated_full/partition0/romfs/stage/s006b/cache.hpk,experiments/global_korean_glyph_poc_2026-08-12/romforge_isolated_full/partition0/romfs/stage/s006b/cache.hpk,FILE,OK,
analysis/global_korean_glyph_poc_2026-08-12/romforge_isolated_full/partition0/romfs/stage/s006b/data.cnf,experiments/global_korean_glyph_poc_2026-08-12/romforge_isolated_full/partition0/romfs/stage/s006b/data.cnf,FILE,OK,
analysis/global_korean_glyph_poc_2026-08-12/romforge_isolated_full/partition0/romfs/stage/s006b/scenerio.gcx,experiments/global_korean_glyph_poc_2026-08-12/romforge_isolated_full/partition0/romfs/stage/s006b/scenerio.gcx,FILE,OK,
analysis/global_korean_glyph_poc_2026-08-12/romforge_isolated_full/partition0/romfs/stage/s012a/cache.hpk,experiments/global_korean_glyph_poc_2026-08-12/romforge_isolated_full/partition0/romfs/stage/s012a/cache.hpk,FILE,OK,
analysis/global_korean_glyph_poc_2026-08-12/romforge_isolated_full/partition0/romfs/stage/s012a/data.cnf,experiments/global_korean_glyph_poc_2026-08-12/romforge_isolated_full/partition0/romfs/stage/s012a/data.cnf,FILE,OK,
analysis/global_korean_glyph_poc_2026-08-12/romforge_isolated_full/partition0/romfs/stage/s012a/scenerio.gcx,experiments/global_korean_glyph_poc_2026-08-12/romforge_isolated_full/partition0/romfs/stage/s012a/scenerio.gcx,FILE,OK,
analysis/global_korean_glyph_poc_2026-08-12/romforge_isolated_full/partition0/romfs/stage/s021a/cache.hpk,experiments/global_korean_glyph_poc_2026-08-12/romforge_isolated_full/partition0/romfs/stage/s021a/cache.hpk,FILE,OK,
analysis/global_korean_glyph_poc_2026-08-12/romforge_isolated_full/partition0/romfs/stage/s021a/data.cnf,experiments/global_korean_glyph_poc_2026-08-12/romforge_isolated_full/partition0/romfs/stage/s021a/data.cnf,FILE,OK,
analysis/global_korean_glyph_poc_2026-08-12/romforge_isolated_full/partition0/romfs/stage/s021a/scenerio.gcx,experiments/global_korean_glyph_poc_2026-08-12/romforge_isolated_full/partition0/romfs/stage/s021a/scenerio.gcx,FILE,OK,
analysis/global_korean_glyph_poc_2026-08-12/romforge_isolated_full/partition0/romfs/stage/s022a/cache.hpk,experiments/global_korean_glyph_poc_2026-08-12/romforge_isolated_full/partition0/romfs/stage/s022a/cache.hpk,FILE,OK,
analysis/global_korean_glyph_poc_2026-08-12/romforge_isolated_full/partition0/romfs/stage/s022a/data.cnf,experiments/global_korean_glyph_poc_2026-08-12/romforge_isolated_full/partition0/romfs/stage/s022a/data.cnf,FILE,OK,
analysis/global_korean_glyph_poc_2026-08-12/romforge_isolated_full/partition0/romfs/stage/s022a/scenerio.gcx,experiments/global_korean_glyph_poc_2026-08-12/romforge_isolated_full/partition0/romfs/stage/s022a/scenerio.gcx,FILE,OK,
analysis/global_korean_glyph_poc_2026-08-12/romforge_isolated_full/partition0/romfs/stage/s023a/cache.hpk,experiments/global_korean_glyph_poc_2026-08-12/romforge_isolated_full/partition0/romfs/stage/s023a/cache.hpk,FILE,OK,
analysis/global_korean_glyph_poc_2026-08-12/romforge_isolated_full/partition0/romfs/stage/s023a/data.cnf,experiments/global_korean_glyph_poc_2026-08-12/romforge_isolated_full/partition0/romfs/stage/s023a/data.cnf,FILE,OK,
analysis/global_korean_glyph_poc_2026-08-12/romforge_isolated_full/partition0/romfs/stage/s023a/scenerio.gcx,experiments/global_korean_glyph_poc_2026-08-12/romforge_isolated_full/partition0/romfs/stage/s023a/scenerio.gcx,FILE,OK,
analysis/global_korean_glyph_poc_2026-08-12/romforge_isolated_full/partition0/romfs/stage/s023a_0/cache.hpk,experiments/global_korean_glyph_poc_2026-08-12/romforge_isolated_full/partition0/romfs/stage/s023a_0/cache.hpk,FILE,OK,
analysis/global_korean_glyph_poc_2026-08-12/romforge_isolated_full/partition0/romfs/stage/s023a_0/data.cnf,experiments/global_korean_glyph_poc_2026-08-12/romforge_isolated_full/partition0/romfs/stage/s023a_0/data.cnf,FILE,OK,
analysis/global_korean_glyph_poc_2026-08-12/romforge_isolated_full/partition0/romfs/stage/s023a_0/scenerio.gcx,experiments/global_korean_glyph_poc_2026-08-12/romforge_isolated_full/partition0/romfs/stage/s023a_0/scenerio.gcx,FILE,OK,
analysis/global_korean_glyph_poc_2026-08-12/romforge_isolated_full/partition0/romfs/stage/s031a/cache.hpk,experiments/global_korean_glyph_poc_2026-08-12/romforge_isolated_full/partition0/romfs/stage/s031a/cache.hpk,FILE,OK,
analysis/global_korean_glyph_poc_2026-08-12/romforge_isolated_full/partition0/romfs/stage/s031a/data.cnf,experiments/global_korean_glyph_poc_2026-08-12/romforge_isolated_full/partition0/romfs/stage/s031a/data.cnf,FILE,OK,
analysis/global_korean_glyph_poc_2026-08-12/romforge_isolated_full/partition0/romfs/stage/s031a/scenerio.gcx,experiments/global_korean_glyph_poc_2026-08-12/romforge_isolated_full/partition0/romfs/stage/s031a/scenerio.gcx,FILE,OK,
analysis/global_korean_glyph_poc_2026-08-12/romforge_isolated_full/partition0/romfs/stage/s032a/cache.hpk,experiments/global_korean_glyph_poc_2026-08-12/romforge_isolated_full/partition0/romfs/stage/s032a/cache.hpk,FILE,OK,
analysis/global_korean_glyph_poc_2026-08-12/romforge_isolated_full/partition0/romfs/stage/s032a/data.cnf,experiments/global_korean_glyph_poc_2026-08-12/romforge_isolated_full/partition0/romfs/stage/s032a/data.cnf,FILE,OK,
analysis/global_korean_glyph_poc_2026-08-12/romforge_isolated_full/partition0/romfs/stage/s032a/scenerio.gcx,experiments/global_korean_glyph_poc_2026-08-12/romforge_isolated_full/partition0/romfs/stage/s032a/scenerio.gcx,FILE,OK,
analysis/global_korean_glyph_poc_2026-08-12/romforge_isolated_full/partition0/romfs/stage/s032b/cache.hpk,experiments/global_korean_glyph_poc_2026-08-12/romforge_isolated_full/partition0/romfs/stage/s032b/cache.hpk,FILE,OK,
analysis/global_korean_glyph_poc_2026-08-12/romforge_isolated_full/partition0/romfs/stage/s032b/data.cnf,experiments/global_korean_glyph_poc_2026-08-12/romforge_isolated_full/partition0/romfs/stage/s032b/data.cnf,FILE,OK,
analysis/global_korean_glyph_poc_2026-08-12/romforge_isolated_full/partition0/romfs/stage/s032b/scenerio.gcx,experiments/global_korean_glyph_poc_2026-08-12/romforge_isolated_full/partition0/romfs/stage/s032b/scenerio.gcx,FILE,OK,
analysis/global_korean_glyph_poc_2026-08-12/romforge_isolated_full/partition0/romfs/stage/s032b_0/cache.hpk,experiments/global_korean_glyph_poc_2026-08-12/romforge_isolated_full/partition0/romfs/stage/s032b_0/cache.hpk,FILE,OK,
analysis/global_korean_glyph_poc_2026-08-12/romforge_isolated_full/partition0/romfs/stage/s032b_0/data.cnf,experiments/global_korean_glyph_poc_2026-08-12/romforge_isolated_full/partition0/romfs/stage/s032b_0/data.cnf,FILE,OK,
analysis/global_korean_glyph_poc_2026-08-12/romforge_isolated_full/partition0/romfs/stage/s032b_0/scenerio.gcx,experiments/global_korean_glyph_poc_2026-08-12/romforge_isolated_full/partition0/romfs/stage/s032b_0/scenerio.gcx,FILE,OK,
analysis/global_korean_glyph_poc_2026-08-12/romforge_isolated_full/partition0/romfs/stage/s033a/cache.hpk,experiments/global_korean_glyph_poc_2026-08-12/romforge_isolated_full/partition0/romfs/stage/s033a/cache.hpk,FILE,OK,
analysis/global_korean_glyph_poc_2026-08-12/romforge_isolated_full/partition0/romfs/stage/s033a/data.cnf,experiments/global_korean_glyph_poc_2026-08-12/romforge_isolated_full/partition0/romfs/stage/s033a/data.cnf,FILE,OK,
analysis/global_korean_glyph_poc_2026-08-12/romforge_isolated_full/partition0/romfs/stage/s033a/scenerio.gcx,experiments/global_korean_glyph_poc_2026-08-12/romforge_isolated_full/partition0/romfs/stage/s033a/scenerio.gcx,FILE,OK,
analysis/global_korean_glyph_poc_2026-08-12/romforge_isolated_full/partition0/romfs/stage/s041a/cache.hpk,experiments/global_korean_glyph_poc_2026-08-12/romforge_isolated_full/partition0/romfs/stage/s041a/cache.hpk,FILE,OK,
analysis/global_korean_glyph_poc_2026-08-12/romforge_isolated_full/partition0/romfs/stage/s041a/data.cnf,experiments/global_korean_glyph_poc_2026-08-12/romforge_isolated_full/partition0/romfs/stage/s041a/data.cnf,FILE,OK,
analysis/global_korean_glyph_poc_2026-08-12/romforge_isolated_full/partition0/romfs/stage/s041a/scenerio.gcx,experiments/global_korean_glyph_poc_2026-08-12/romforge_isolated_full/partition0/romfs/stage/s041a/scenerio.gcx,FILE,OK,
analysis/global_korean_glyph_poc_2026-08-12/romforge_isolated_full/partition0/romfs/stage/s042a/cache.hpk,experiments/global_korean_glyph_poc_2026-08-12/romforge_isolated_full/partition0/romfs/stage/s042a/cache.hpk,FILE,OK,
analysis/global_korean_glyph_poc_2026-08-12/romforge_isolated_full/partition0/romfs/stage/s042a/data.cnf,experiments/global_korean_glyph_poc_2026-08-12/romforge_isolated_full/partition0/romfs/stage/s042a/data.cnf,FILE,OK,
analysis/global_korean_glyph_poc_2026-08-12/romforge_isolated_full/partition0/romfs/stage/s042a/scenerio.gcx,experiments/global_korean_glyph_poc_2026-08-12/romforge_isolated_full/partition0/romfs/stage/s042a/scenerio.gcx,FILE,OK,
analysis/global_korean_glyph_poc_2026-08-12/romforge_isolated_full/partition0/romfs/stage/s043a/cache.hpk,experiments/global_korean_glyph_poc_2026-08-12/romforge_isolated_full/partition0/romfs/stage/s043a/cache.hpk,FILE,OK,
analysis/global_korean_glyph_poc_2026-08-12/romforge_isolated_full/partition0/romfs/stage/s043a/data.cnf,experiments/global_korean_glyph_poc_2026-08-12/romforge_isolated_full/partition0/romfs/stage/s043a/data.cnf,FILE,OK,
analysis/global_korean_glyph_poc_2026-08-12/romforge_isolated_full/partition0/romfs/stage/s043a/scenerio.gcx,experiments/global_korean_glyph_poc_2026-08-12/romforge_isolated_full/partition0/romfs/stage/s043a/scenerio.gcx,FILE,OK,
analysis/global_korean_glyph_poc_2026-08-12/romforge_isolated_full/partition0/romfs/stage/s043a_0/cache.hpk,experiments/global_korean_glyph_poc_2026-08-12/romforge_isolated_full/partition0/romfs/stage/s043a_0/cache.hpk,FILE,OK,
analysis/global_korean_glyph_poc_2026-08-12/romforge_isolated_full/partition0/romfs/stage/s043a_0/data.cnf,experiments/global_korean_glyph_poc_2026-08-12/romforge_isolated_full/partition0/romfs/stage/s043a_0/data.cnf,FILE,OK,
analysis/global_korean_glyph_poc_2026-08-12/romforge_isolated_full/partition0/romfs/stage/s043a_0/scenerio.gcx,experiments/global_korean_glyph_poc_2026-08-12/romforge_isolated_full/partition0/romfs/stage/s043a_0/scenerio.gcx,FILE,OK,
analysis/global_korean_glyph_poc_2026-08-12/romforge_isolated_full/partition0/romfs/stage/s044a/cache.hpk,experiments/global_korean_glyph_poc_2026-08-12/romforge_isolated_full/partition0/romfs/stage/s044a/cache.hpk,FILE,OK,
analysis/global_korean_glyph_poc_2026-08-12/romforge_isolated_full/partition0/romfs/stage/s044a/data.cnf,experiments/global_korean_glyph_poc_2026-08-12/romforge_isolated_full/partition0/romfs/stage/s044a/data.cnf,FILE,OK,
analysis/global_korean_glyph_poc_2026-08-12/romforge_isolated_full/partition0/romfs/stage/s044a/scenerio.gcx,experiments/global_korean_glyph_poc_2026-08-12/romforge_isolated_full/partition0/romfs/stage/s044a/scenerio.gcx,FILE,OK,
analysis/global_korean_glyph_poc_2026-08-12/romforge_isolated_full/partition0/romfs/stage/s044a_0/cache.hpk,experiments/global_korean_glyph_poc_2026-08-12/romforge_isolated_full/partition0/romfs/stage/s044a_0/cache.hpk,FILE,OK,
analysis/global_korean_glyph_poc_2026-08-12/romforge_isolated_full/partition0/romfs/stage/s044a_0/data.cnf,experiments/global_korean_glyph_poc_2026-08-12/romforge_isolated_full/partition0/romfs/stage/s044a_0/data.cnf,FILE,OK,
analysis/global_korean_glyph_poc_2026-08-12/romforge_isolated_full/partition0/romfs/stage/s044a_0/scenerio.gcx,experiments/global_korean_glyph_poc_2026-08-12/romforge_isolated_full/partition0/romfs/stage/s044a_0/scenerio.gcx,FILE,OK,
analysis/global_korean_glyph_poc_2026-08-12/romforge_isolated_full/partition0/romfs/stage/s045a/cache.hpk,experiments/global_korean_glyph_poc_2026-08-12/romforge_isolated_full/partition0/romfs/stage/s045a/cache.hpk,FILE,OK,
analysis/global_korean_glyph_poc_2026-08-12/romforge_isolated_full/partition0/romfs/stage/s045a/data.cnf,experiments/global_korean_glyph_poc_2026-08-12/romforge_isolated_full/partition0/romfs/stage/s045a/data.cnf,FILE,OK,
analysis/global_korean_glyph_poc_2026-08-12/romforge_isolated_full/partition0/romfs/stage/s045a/scenerio.gcx,experiments/global_korean_glyph_poc_2026-08-12/romforge_isolated_full/partition0/romfs/stage/s045a/scenerio.gcx,FILE,OK,
analysis/global_korean_glyph_poc_2026-08-12/romforge_isolated_full/partition0/romfs/stage/s051a/cache.hpk,experiments/global_korean_glyph_poc_2026-08-12/romforge_isolated_full/partition0/romfs/stage/s051a/cache.hpk,FILE,OK,
analysis/global_korean_glyph_poc_2026-08-12/romforge_isolated_full/partition0/romfs/stage/s051a/data.cnf,experiments/global_korean_glyph_poc_2026-08-12/romforge_isolated_full/partition0/romfs/stage/s051a/data.cnf,FILE,OK,
analysis/global_korean_glyph_poc_2026-08-12/romforge_isolated_full/partition0/romfs/stage/s051a/scenerio.gcx,experiments/global_korean_glyph_poc_2026-08-12/romforge_isolated_full/partition0/romfs/stage/s051a/scenerio.gcx,FILE,OK,
analysis/global_korean_glyph_poc_2026-08-12/romforge_isolated_full/partition0/romfs/stage/s051b/cache.hpk,experiments/global_korean_glyph_poc_2026-08-12/romforge_isolated_full/partition0/romfs/stage/s051b/cache.hpk,FILE,OK,
analysis/global_korean_glyph_poc_2026-08-12/romforge_isolated_full/partition0/romfs/stage/s051b/data.cnf,experiments/global_korean_glyph_poc_2026-08-12/romforge_isolated_full/partition0/romfs/stage/s051b/data.cnf,FILE,OK,
analysis/global_korean_glyph_poc_2026-08-12/romforge_isolated_full/partition0/romfs/stage/s051b/scenerio.gcx,experiments/global_korean_glyph_poc_2026-08-12/romforge_isolated_full/partition0/romfs/stage/s051b/scenerio.gcx,FILE,OK,
analysis/global_korean_glyph_poc_2026-08-12/romforge_isolated_full/partition0/romfs/stage/s051b_0/cache.hpk,experiments/global_korean_glyph_poc_2026-08-12/romforge_isolated_full/partition0/romfs/stage/s051b_0/cache.hpk,FILE,OK,
analysis/global_korean_glyph_poc_2026-08-12/romforge_isolated_full/partition0/romfs/stage/s051b_0/data.cnf,experiments/global_korean_glyph_poc_2026-08-12/romforge_isolated_full/partition0/romfs/stage/s051b_0/data.cnf,FILE,OK,
analysis/global_korean_glyph_poc_2026-08-12/romforge_isolated_full/partition0/romfs/stage/s051b_0/scenerio.gcx,experiments/global_korean_glyph_poc_2026-08-12/romforge_isolated_full/partition0/romfs/stage/s051b_0/scenerio.gcx,FILE,OK,
analysis/global_korean_glyph_poc_2026-08-12/romforge_isolated_full/partition0/romfs/stage/s052a/cache.hpk,experiments/global_korean_glyph_poc_2026-08-12/romforge_isolated_full/partition0/romfs/stage/s052a/cache.hpk,FILE,OK,
analysis/global_korean_glyph_poc_2026-08-12/romforge_isolated_full/partition0/romfs/stage/s052a/data.cnf,experiments/global_korean_glyph_poc_2026-08-12/romforge_isolated_full/partition0/romfs/stage/s052a/data.cnf,FILE,OK,
analysis/global_korean_glyph_poc_2026-08-12/romforge_isolated_full/partition0/romfs/stage/s052a/scenerio.gcx,experiments/global_korean_glyph_poc_2026-08-12/romforge_isolated_full/partition0/romfs/stage/s052a/scenerio.gcx,FILE,OK,
analysis/global_korean_glyph_poc_2026-08-12/romforge_isolated_full/partition0/romfs/stage/s052b/cache.hpk,experiments/global_korean_glyph_poc_2026-08-12/romforge_isolated_full/partition0/romfs/stage/s052b/cache.hpk,FILE,OK,
analysis/global_korean_glyph_poc_2026-08-12/romforge_isolated_full/partition0/romfs/stage/s052b/data.cnf,experiments/global_korean_glyph_poc_2026-08-12/romforge_isolated_full/partition0/romfs/stage/s052b/data.cnf,FILE,OK,
analysis/global_korean_glyph_poc_2026-08-12/romforge_isolated_full/partition0/romfs/stage/s052b/scenerio.gcx,experiments/global_korean_glyph_poc_2026-08-12/romforge_isolated_full/partition0/romfs/stage/s052b/scenerio.gcx,FILE,OK,
analysis/global_korean_glyph_poc_2026-08-12/romforge_isolated_full/partition0/romfs/stage/s053a/cache.hpk,experiments/global_korean_glyph_poc_2026-08-12/romforge_isolated_full/partition0/romfs/stage/s053a/cache.hpk,FILE,OK,
analysis/global_korean_glyph_poc_2026-08-12/romforge_isolated_full/partition0/romfs/stage/s053a/data.cnf,experiments/global_korean_glyph_poc_2026-08-12/romforge_isolated_full/partition0/romfs/stage/s053a/data.cnf,FILE,OK,
analysis/global_korean_glyph_poc_2026-08-12/romforge_isolated_full/partition0/romfs/stage/s053a/scenerio.gcx,experiments/global_korean_glyph_poc_2026-08-12/romforge_isolated_full/partition0/romfs/stage/s053a/scenerio.gcx,FILE,OK,
analysis/global_korean_glyph_poc_2026-08-12/romforge_isolated_full/partition0/romfs/stage/s054a_0/cache.hpk,experiments/global_korean_glyph_poc_2026-08-12/romforge_isolated_full/partition0/romfs/stage/s054a_0/cache.hpk,FILE,OK,
analysis/global_korean_glyph_poc_2026-08-12/romforge_isolated_full/partition0/romfs/stage/s054a_0/data.cnf,experiments/global_korean_glyph_poc_2026-08-12/romforge_isolated_full/partition0/romfs/stage/s054a_0/data.cnf,FILE,OK,
analysis/global_korean_glyph_poc_2026-08-12/romforge_isolated_full/partition0/romfs/stage/s054a_0/scenerio.gcx,experiments/global_korean_glyph_poc_2026-08-12/romforge_isolated_full/partition0/romfs/stage/s054a_0/scenerio.gcx,FILE,OK,
analysis/global_korean_glyph_poc_2026-08-12/romforge_isolated_full/partition0/romfs/stage/s054a_0_0/data.cnf,experiments/global_korean_glyph_poc_2026-08-12/romforge_isolated_full/partition0/romfs/stage/s054a_0_0/data.cnf,FILE,OK,
analysis/global_korean_glyph_poc_2026-08-12/romforge_isolated_full/partition0/romfs/stage/s054a_0_0/scenerio.gcx,experiments/global_korean_glyph_poc_2026-08-12/romforge_isolated_full/partition0/romfs/stage/s054a_0_0/scenerio.gcx,FILE,OK,
analysis/global_korean_glyph_poc_2026-08-12/romforge_isolated_full/partition0/romfs/stage/s055a/cache.hpk,experiments/global_korean_glyph_poc_2026-08-12/romforge_isolated_full/partition0/romfs/stage/s055a/cache.hpk,FILE,OK,
analysis/global_korean_glyph_poc_2026-08-12/romforge_isolated_full/partition0/romfs/stage/s055a/data.cnf,experiments/global_korean_glyph_poc_2026-08-12/romforge_isolated_full/partition0/romfs/stage/s055a/data.cnf,FILE,OK,
analysis/global_korean_glyph_poc_2026-08-12/romforge_isolated_full/partition0/romfs/stage/s055a/scenerio.gcx,experiments/global_korean_glyph_poc_2026-08-12/romforge_isolated_full/partition0/romfs/stage/s055a/scenerio.gcx,FILE,OK,
analysis/global_korean_glyph_poc_2026-08-12/romforge_isolated_full/partition0/romfs/stage/s056a/cache.hpk,experiments/global_korean_glyph_poc_2026-08-12/romforge_isolated_full/partition0/romfs/stage/s056a/cache.hpk,FILE,OK,
analysis/global_korean_glyph_poc_2026-08-12/romforge_isolated_full/partition0/romfs/stage/s056a/data.cnf,experiments/global_korean_glyph_poc_2026-08-12/romforge_isolated_full/partition0/romfs/stage/s056a/data.cnf,FILE,OK,
analysis/global_korean_glyph_poc_2026-08-12/romforge_isolated_full/partition0/romfs/stage/s056a/scenerio.gcx,experiments/global_korean_glyph_poc_2026-08-12/romforge_isolated_full/partition0/romfs/stage/s056a/scenerio.gcx,FILE,OK,
analysis/global_korean_glyph_poc_2026-08-12/romforge_isolated_full/partition0/romfs/stage/s061a/cache.hpk,experiments/global_korean_glyph_poc_2026-08-12/romforge_isolated_full/partition0/romfs/stage/s061a/cache.hpk,FILE,OK,
analysis/global_korean_glyph_poc_2026-08-12/romforge_isolated_full/partition0/romfs/stage/s061a/data.cnf,experiments/global_korean_glyph_poc_2026-08-12/romforge_isolated_full/partition0/romfs/stage/s061a/data.cnf,FILE,OK,
analysis/global_korean_glyph_poc_2026-08-12/romforge_isolated_full/partition0/romfs/stage/s061a/scenerio.gcx,experiments/global_korean_glyph_poc_2026-08-12/romforge_isolated_full/partition0/romfs/stage/s061a/scenerio.gcx,FILE,OK,
analysis/global_korean_glyph_poc_2026-08-12/romforge_isolated_full/partition0/romfs/stage/s062a/cache.hpk,experiments/global_korean_glyph_poc_2026-08-12/romforge_isolated_full/partition0/romfs/stage/s062a/cache.hpk,FILE,OK,
analysis/global_korean_glyph_poc_2026-08-12/romforge_isolated_full/partition0/romfs/stage/s062a/data.cnf,experiments/global_korean_glyph_poc_2026-08-12/romforge_isolated_full/partition0/romfs/stage/s062a/data.cnf,FILE,OK,
analysis/global_korean_glyph_poc_2026-08-12/romforge_isolated_full/partition0/romfs/stage/s062a/scenerio.gcx,experiments/global_korean_glyph_poc_2026-08-12/romforge_isolated_full/partition0/romfs/stage/s062a/scenerio.gcx,FILE,OK,
analysis/global_korean_glyph_poc_2026-08-12/romforge_isolated_full/partition0/romfs/stage/s063a/cache.hpk,experiments/global_korean_glyph_poc_2026-08-12/romforge_isolated_full/partition0/romfs/stage/s063a/cache.hpk,FILE,OK,
analysis/global_korean_glyph_poc_2026-08-12/romforge_isolated_full/partition0/romfs/stage/s063a/data.cnf,experiments/global_korean_glyph_poc_2026-08-12/romforge_isolated_full/partition0/romfs/stage/s063a/data.cnf,FILE,OK,
analysis/global_korean_glyph_poc_2026-08-12/romforge_isolated_full/partition0/romfs/stage/s063a/scenerio.gcx,experiments/global_korean_glyph_poc_2026-08-12/romforge_isolated_full/partition0/romfs/stage/s063a/scenerio.gcx,FILE,OK,
analysis/global_korean_glyph_poc_2026-08-12/romforge_isolated_full/partition0/romfs/stage/s063a_0/cache.hpk,experiments/global_korean_glyph_poc_2026-08-12/romforge_isolated_full/partition0/romfs/stage/s063a_0/cache.hpk,FILE,OK,
analysis/global_korean_glyph_poc_2026-08-12/romforge_isolated_full/partition0/romfs/stage/s063a_0/data.cnf,experiments/global_korean_glyph_poc_2026-08-12/romforge_isolated_full/partition0/romfs/stage/s063a_0/data.cnf,FILE,OK,
analysis/global_korean_glyph_poc_2026-08-12/romforge_isolated_full/partition0/romfs/stage/s063a_0/scenerio.gcx,experiments/global_korean_glyph_poc_2026-08-12/romforge_isolated_full/partition0/romfs/stage/s063a_0/scenerio.gcx,FILE,OK,
analysis/global_korean_glyph_poc_2026-08-12/romforge_isolated_full/partition0/romfs/stage/s063b/cache.hpk,experiments/global_korean_glyph_poc_2026-08-12/romforge_isolated_full/partition0/romfs/stage/s063b/cache.hpk,FILE,OK,
analysis/global_korean_glyph_poc_2026-08-12/romforge_isolated_full/partition0/romfs/stage/s063b/data.cnf,experiments/global_korean_glyph_poc_2026-08-12/romforge_isolated_full/partition0/romfs/stage/s063b/data.cnf,FILE,OK,
analysis/global_korean_glyph_poc_2026-08-12/romforge_isolated_full/partition0/romfs/stage/s063b/scenerio.gcx,experiments/global_korean_glyph_poc_2026-08-12/romforge_isolated_full/partition0/romfs/stage/s063b/scenerio.gcx,FILE,OK,
analysis/global_korean_glyph_poc_2026-08-12/romforge_isolated_full/partition0/romfs/stage/s064a/cache.hpk,experiments/global_korean_glyph_poc_2026-08-12/romforge_isolated_full/partition0/romfs/stage/s064a/cache.hpk,FILE,OK,
analysis/global_korean_glyph_poc_2026-08-12/romforge_isolated_full/partition0/romfs/stage/s064a/data.cnf,experiments/global_korean_glyph_poc_2026-08-12/romforge_isolated_full/partition0/romfs/stage/s064a/data.cnf,FILE,OK,
analysis/global_korean_glyph_poc_2026-08-12/romforge_isolated_full/partition0/romfs/stage/s064a/scenerio.gcx,experiments/global_korean_glyph_poc_2026-08-12/romforge_isolated_full/partition0/romfs/stage/s064a/scenerio.gcx,FILE,OK,
analysis/global_korean_glyph_poc_2026-08-12/romforge_isolated_full/partition0/romfs/stage/s064a_0/cache.hpk,experiments/global_korean_glyph_poc_2026-08-12/romforge_isolated_full/partition0/romfs/stage/s064a_0/cache.hpk,FILE,OK,
analysis/global_korean_glyph_poc_2026-08-12/romforge_isolated_full/partition0/romfs/stage/s064a_0/data.cnf,experiments/global_korean_glyph_poc_2026-08-12/romforge_isolated_full/partition0/romfs/stage/s064a_0/data.cnf,FILE,OK,
analysis/global_korean_glyph_poc_2026-08-12/romforge_isolated_full/partition0/romfs/stage/s064a_0/scenerio.gcx,experiments/global_korean_glyph_poc_2026-08-12/romforge_isolated_full/partition0/romfs/stage/s064a_0/scenerio.gcx,FILE,OK,
analysis/global_korean_glyph_poc_2026-08-12/romforge_isolated_full/partition0/romfs/stage/s064b/cache.hpk,experiments/global_korean_glyph_poc_2026-08-12/romforge_isolated_full/partition0/romfs/stage/s064b/cache.hpk,FILE,OK,
analysis/global_korean_glyph_poc_2026-08-12/romforge_isolated_full/partition0/romfs/stage/s064b/data.cnf,experiments/global_korean_glyph_poc_2026-08-12/romforge_isolated_full/partition0/romfs/stage/s064b/data.cnf,FILE,OK,
analysis/global_korean_glyph_poc_2026-08-12/romforge_isolated_full/partition0/romfs/stage/s064b/scenerio.gcx,experiments/global_korean_glyph_poc_2026-08-12/romforge_isolated_full/partition0/romfs/stage/s064b/scenerio.gcx,FILE,OK,
analysis/global_korean_glyph_poc_2026-08-12/romforge_isolated_full/partition0/romfs/stage/s065a/cache.hpk,experiments/global_korean_glyph_poc_2026-08-12/romforge_isolated_full/partition0/romfs/stage/s065a/cache.hpk,FILE,OK,
analysis/global_korean_glyph_poc_2026-08-12/romforge_isolated_full/partition0/romfs/stage/s065a/data.cnf,experiments/global_korean_glyph_poc_2026-08-12/romforge_isolated_full/partition0/romfs/stage/s065a/data.cnf,FILE,OK,
analysis/global_korean_glyph_poc_2026-08-12/romforge_isolated_full/partition0/romfs/stage/s065a/scenerio.gcx,experiments/global_korean_glyph_poc_2026-08-12/romforge_isolated_full/partition0/romfs/stage/s065a/scenerio.gcx,FILE,OK,
analysis/global_korean_glyph_poc_2026-08-12/romforge_isolated_full/partition0/romfs/stage/s065a_0/cache.hpk,experiments/global_korean_glyph_poc_2026-08-12/romforge_isolated_full/partition0/romfs/stage/s065a_0/cache.hpk,FILE,OK,
analysis/global_korean_glyph_poc_2026-08-12/romforge_isolated_full/partition0/romfs/stage/s065a_0/data.cnf,experiments/global_korean_glyph_poc_2026-08-12/romforge_isolated_full/partition0/romfs/stage/s065a_0/data.cnf,FILE,OK,
analysis/global_korean_glyph_poc_2026-08-12/romforge_isolated_full/partition0/romfs/stage/s065a_0/scenerio.gcx,experiments/global_korean_glyph_poc_2026-08-12/romforge_isolated_full/partition0/romfs/stage/s065a_0/scenerio.gcx,FILE,OK,
analysis/global_korean_glyph_poc_2026-08-12/romforge_isolated_full/partition0/romfs/stage/s065b/cache.hpk,experiments/global_korean_glyph_poc_2026-08-12/romforge_isolated_full/partition0/romfs/stage/s065b/cache.hpk,FILE,OK,
analysis/global_korean_glyph_poc_2026-08-12/romforge_isolated_full/partition0/romfs/stage/s065b/data.cnf,experiments/global_korean_glyph_poc_2026-08-12/romforge_isolated_full/partition0/romfs/stage/s065b/data.cnf,FILE,OK,
analysis/global_korean_glyph_poc_2026-08-12/romforge_isolated_full/partition0/romfs/stage/s065b/scenerio.gcx,experiments/global_korean_glyph_poc_2026-08-12/romforge_isolated_full/partition0/romfs/stage/s065b/scenerio.gcx,FILE,OK,
analysis/global_korean_glyph_poc_2026-08-12/romforge_isolated_full/partition0/romfs/stage/s066a/cache.hpk,experiments/global_korean_glyph_poc_2026-08-12/romforge_isolated_full/partition0/romfs/stage/s066a/cache.hpk,FILE,OK,
analysis/global_korean_glyph_poc_2026-08-12/romforge_isolated_full/partition0/romfs/stage/s066a/data.cnf,experiments/global_korean_glyph_poc_2026-08-12/romforge_isolated_full/partition0/romfs/stage/s066a/data.cnf,FILE,OK,
analysis/global_korean_glyph_poc_2026-08-12/romforge_isolated_full/partition0/romfs/stage/s066a/scenerio.gcx,experiments/global_korean_glyph_poc_2026-08-12/romforge_isolated_full/partition0/romfs/stage/s066a/scenerio.gcx,FILE,OK,
analysis/global_korean_glyph_poc_2026-08-12/romforge_isolated_full/partition0/romfs/stage/s071a/cache.hpk,experiments/global_korean_glyph_poc_2026-08-12/romforge_isolated_full/partition0/romfs/stage/s071a/cache.hpk,FILE,OK,
analysis/global_korean_glyph_poc_2026-08-12/romforge_isolated_full/partition0/romfs/stage/s071a/data.cnf,experiments/global_korean_glyph_poc_2026-08-12/romforge_isolated_full/partition0/romfs/stage/s071a/data.cnf,FILE,OK,
analysis/global_korean_glyph_poc_2026-08-12/romforge_isolated_full/partition0/romfs/stage/s071a/scenerio.gcx,experiments/global_korean_glyph_poc_2026-08-12/romforge_isolated_full/partition0/romfs/stage/s071a/scenerio.gcx,FILE,OK,
analysis/global_korean_glyph_poc_2026-08-12/romforge_isolated_full/partition0/romfs/stage/s072a/cache.hpk,experiments/global_korean_glyph_poc_2026-08-12/romforge_isolated_full/partition0/romfs/stage/s072a/cache.hpk,FILE,OK,
analysis/global_korean_glyph_poc_2026-08-12/romforge_isolated_full/partition0/romfs/stage/s072a/data.cnf,experiments/global_korean_glyph_poc_2026-08-12/romforge_isolated_full/partition0/romfs/stage/s072a/data.cnf,FILE,OK,
analysis/global_korean_glyph_poc_2026-08-12/romforge_isolated_full/partition0/romfs/stage/s072a/scenerio.gcx,experiments/global_korean_glyph_poc_2026-08-12/romforge_isolated_full/partition0/romfs/stage/s072a/scenerio.gcx,FILE,OK,
analysis/global_korean_glyph_poc_2026-08-12/romforge_isolated_full/partition0/romfs/stage/s072b/cache.hpk,experiments/global_korean_glyph_poc_2026-08-12/romforge_isolated_full/partition0/romfs/stage/s072b/cache.hpk,FILE,OK,
analysis/global_korean_glyph_poc_2026-08-12/romforge_isolated_full/partition0/romfs/stage/s072b/data.cnf,experiments/global_korean_glyph_poc_2026-08-12/romforge_isolated_full/partition0/romfs/stage/s072b/data.cnf,FILE,OK,
analysis/global_korean_glyph_poc_2026-08-12/romforge_isolated_full/partition0/romfs/stage/s072b/scenerio.gcx,experiments/global_korean_glyph_poc_2026-08-12/romforge_isolated_full/partition0/romfs/stage/s072b/scenerio.gcx,FILE,OK,
analysis/global_korean_glyph_poc_2026-08-12/romforge_isolated_full/partition0/romfs/stage/s073a/cache.hpk,experiments/global_korean_glyph_poc_2026-08-12/romforge_isolated_full/partition0/romfs/stage/s073a/cache.hpk,FILE,OK,
analysis/global_korean_glyph_poc_2026-08-12/romforge_isolated_full/partition0/romfs/stage/s073a/data.cnf,experiments/global_korean_glyph_poc_2026-08-12/romforge_isolated_full/partition0/romfs/stage/s073a/data.cnf,FILE,OK,
analysis/global_korean_glyph_poc_2026-08-12/romforge_isolated_full/partition0/romfs/stage/s073a/scenerio.gcx,experiments/global_korean_glyph_poc_2026-08-12/romforge_isolated_full/partition0/romfs/stage/s073a/scenerio.gcx,FILE,OK,
analysis/global_korean_glyph_poc_2026-08-12/romforge_isolated_full/partition0/romfs/stage/s073b/cache.hpk,experiments/global_korean_glyph_poc_2026-08-12/romforge_isolated_full/partition0/romfs/stage/s073b/cache.hpk,FILE,OK,
analysis/global_korean_glyph_poc_2026-08-12/romforge_isolated_full/partition0/romfs/stage/s073b/data.cnf,experiments/global_korean_glyph_poc_2026-08-12/romforge_isolated_full/partition0/romfs/stage/s073b/data.cnf,FILE,OK,
analysis/global_korean_glyph_poc_2026-08-12/romforge_isolated_full/partition0/romfs/stage/s073b/scenerio.gcx,experiments/global_korean_glyph_poc_2026-08-12/romforge_isolated_full/partition0/romfs/stage/s073b/scenerio.gcx,FILE,OK,
analysis/global_korean_glyph_poc_2026-08-12/romforge_isolated_full/partition0/romfs/stage/s074a/cache.hpk,experiments/global_korean_glyph_poc_2026-08-12/romforge_isolated_full/partition0/romfs/stage/s074a/cache.hpk,FILE,OK,
analysis/global_korean_glyph_poc_2026-08-12/romforge_isolated_full/partition0/romfs/stage/s074a/data.cnf,experiments/global_korean_glyph_poc_2026-08-12/romforge_isolated_full/partition0/romfs/stage/s074a/data.cnf,FILE,OK,
analysis/global_korean_glyph_poc_2026-08-12/romforge_isolated_full/partition0/romfs/stage/s074a/scenerio.gcx,experiments/global_korean_glyph_poc_2026-08-12/romforge_isolated_full/partition0/romfs/stage/s074a/scenerio.gcx,FILE,OK,
analysis/global_korean_glyph_poc_2026-08-12/romforge_isolated_full/partition0/romfs/stage/s074a_0/cache.hpk,experiments/global_korean_glyph_poc_2026-08-12/romforge_isolated_full/partition0/romfs/stage/s074a_0/cache.hpk,FILE,OK,
analysis/global_korean_glyph_poc_2026-08-12/romforge_isolated_full/partition0/romfs/stage/s074a_0/data.cnf,experiments/global_korean_glyph_poc_2026-08-12/romforge_isolated_full/partition0/romfs/stage/s074a_0/data.cnf,FILE,OK,
analysis/global_korean_glyph_poc_2026-08-12/romforge_isolated_full/partition0/romfs/stage/s074a_0/scenerio.gcx,experiments/global_korean_glyph_poc_2026-08-12/romforge_isolated_full/partition0/romfs/stage/s074a_0/scenerio.gcx,FILE,OK,
analysis/global_korean_glyph_poc_2026-08-12/romforge_isolated_full/partition0/romfs/stage/s075a/cache.hpk,experiments/global_korean_glyph_poc_2026-08-12/romforge_isolated_full/partition0/romfs/stage/s075a/cache.hpk,FILE,OK,
analysis/global_korean_glyph_poc_2026-08-12/romforge_isolated_full/partition0/romfs/stage/s075a/data.cnf,experiments/global_korean_glyph_poc_2026-08-12/romforge_isolated_full/partition0/romfs/stage/s075a/data.cnf,FILE,OK,
analysis/global_korean_glyph_poc_2026-08-12/romforge_isolated_full/partition0/romfs/stage/s075a/scenerio.gcx,experiments/global_korean_glyph_poc_2026-08-12/romforge_isolated_full/partition0/romfs/stage/s075a/scenerio.gcx,FILE,OK,
analysis/global_korean_glyph_poc_2026-08-12/romforge_isolated_full/partition0/romfs/stage/s075a_0/cache.hpk,experiments/global_korean_glyph_poc_2026-08-12/romforge_isolated_full/partition0/romfs/stage/s075a_0/cache.hpk,FILE,OK,
analysis/global_korean_glyph_poc_2026-08-12/romforge_isolated_full/partition0/romfs/stage/s075a_0/data.cnf,experiments/global_korean_glyph_poc_2026-08-12/romforge_isolated_full/partition0/romfs/stage/s075a_0/data.cnf,FILE,OK,
analysis/global_korean_glyph_poc_2026-08-12/romforge_isolated_full/partition0/romfs/stage/s075a_0/scenerio.gcx,experiments/global_korean_glyph_poc_2026-08-12/romforge_isolated_full/partition0/romfs/stage/s075a_0/scenerio.gcx,FILE,OK,
analysis/global_korean_glyph_poc_2026-08-12/romforge_isolated_full/partition0/romfs/stage/s081a/cache.hpk,experiments/global_korean_glyph_poc_2026-08-12/romforge_isolated_full/partition0/romfs/stage/s081a/cache.hpk,FILE,OK,
analysis/global_korean_glyph_poc_2026-08-12/romforge_isolated_full/partition0/romfs/stage/s081a/data.cnf,experiments/global_korean_glyph_poc_2026-08-12/romforge_isolated_full/partition0/romfs/stage/s081a/data.cnf,FILE,OK,
analysis/global_korean_glyph_poc_2026-08-12/romforge_isolated_full/partition0/romfs/stage/s081a/scenerio.gcx,experiments/global_korean_glyph_poc_2026-08-12/romforge_isolated_full/partition0/romfs/stage/s081a/scenerio.gcx,FILE,OK,
analysis/global_korean_glyph_poc_2026-08-12/romforge_isolated_full/partition0/romfs/stage/s081a_0/cache.hpk,experiments/global_korean_glyph_poc_2026-08-12/romforge_isolated_full/partition0/romfs/stage/s081a_0/cache.hpk,FILE,OK,
analysis/global_korean_glyph_poc_2026-08-12/romforge_isolated_full/partition0/romfs/stage/s081a_0/data.cnf,experiments/global_korean_glyph_poc_2026-08-12/romforge_isolated_full/partition0/romfs/stage/s081a_0/data.cnf,FILE,OK,
analysis/global_korean_glyph_poc_2026-08-12/romforge_isolated_full/partition0/romfs/stage/s081a_0/scenerio.gcx,experiments/global_korean_glyph_poc_2026-08-12/romforge_isolated_full/partition0/romfs/stage/s081a_0/scenerio.gcx,FILE,OK,
analysis/global_korean_glyph_poc_2026-08-12/romforge_isolated_full/partition0/romfs/stage/s091a/cache.hpk,experiments/global_korean_glyph_poc_2026-08-12/romforge_isolated_full/partition0/romfs/stage/s091a/cache.hpk,FILE,OK,
analysis/global_korean_glyph_poc_2026-08-12/romforge_isolated_full/partition0/romfs/stage/s091a/data.cnf,experiments/global_korean_glyph_poc_2026-08-12/romforge_isolated_full/partition0/romfs/stage/s091a/data.cnf,FILE,OK,
analysis/global_korean_glyph_poc_2026-08-12/romforge_isolated_full/partition0/romfs/stage/s091a/scenerio.gcx,experiments/global_korean_glyph_poc_2026-08-12/romforge_isolated_full/partition0/romfs/stage/s091a/scenerio.gcx,FILE,OK,
analysis/global_korean_glyph_poc_2026-08-12/romforge_isolated_full/partition0/romfs/stage/s091a_0/cache.hpk,experiments/global_korean_glyph_poc_2026-08-12/romforge_isolated_full/partition0/romfs/stage/s091a_0/cache.hpk,FILE,OK,
analysis/global_korean_glyph_poc_2026-08-12/romforge_isolated_full/partition0/romfs/stage/s091a_0/data.cnf,experiments/global_korean_glyph_poc_2026-08-12/romforge_isolated_full/partition0/romfs/stage/s091a_0/data.cnf,FILE,OK,
analysis/global_korean_glyph_poc_2026-08-12/romforge_isolated_full/partition0/romfs/stage/s091a_0/scenerio.gcx,experiments/global_korean_glyph_poc_2026-08-12/romforge_isolated_full/partition0/romfs/stage/s091a_0/scenerio.gcx,FILE,OK,
analysis/global_korean_glyph_poc_2026-08-12/romforge_isolated_full/partition0/romfs/stage/s091b/cache.hpk,experiments/global_korean_glyph_poc_2026-08-12/romforge_isolated_full/partition0/romfs/stage/s091b/cache.hpk,FILE,OK,
analysis/global_korean_glyph_poc_2026-08-12/romforge_isolated_full/partition0/romfs/stage/s091b/data.cnf,experiments/global_korean_glyph_poc_2026-08-12/romforge_isolated_full/partition0/romfs/stage/s091b/data.cnf,FILE,OK,
analysis/global_korean_glyph_poc_2026-08-12/romforge_isolated_full/partition0/romfs/stage/s091b/scenerio.gcx,experiments/global_korean_glyph_poc_2026-08-12/romforge_isolated_full/partition0/romfs/stage/s091b/scenerio.gcx,FILE,OK,
analysis/global_korean_glyph_poc_2026-08-12/romforge_isolated_full/partition0/romfs/stage/s091c/cache.hpk,experiments/global_korean_glyph_poc_2026-08-12/romforge_isolated_full/partition0/romfs/stage/s091c/cache.hpk,FILE,OK,
analysis/global_korean_glyph_poc_2026-08-12/romforge_isolated_full/partition0/romfs/stage/s091c/data.cnf,experiments/global_korean_glyph_poc_2026-08-12/romforge_isolated_full/partition0/romfs/stage/s091c/data.cnf,FILE,OK,
analysis/global_korean_glyph_poc_2026-08-12/romforge_isolated_full/partition0/romfs/stage/s091c/scenerio.gcx,experiments/global_korean_glyph_poc_2026-08-12/romforge_isolated_full/partition0/romfs/stage/s091c/scenerio.gcx,FILE,OK,
analysis/global_korean_glyph_poc_2026-08-12/romforge_isolated_full/partition0/romfs/stage/s092a/cache.hpk,experiments/global_korean_glyph_poc_2026-08-12/romforge_isolated_full/partition0/romfs/stage/s092a/cache.hpk,FILE,OK,
analysis/global_korean_glyph_poc_2026-08-12/romforge_isolated_full/partition0/romfs/stage/s092a/data.cnf,experiments/global_korean_glyph_poc_2026-08-12/romforge_isolated_full/partition0/romfs/stage/s092a/data.cnf,FILE,OK,
analysis/global_korean_glyph_poc_2026-08-12/romforge_isolated_full/partition0/romfs/stage/s092a/scenerio.gcx,experiments/global_korean_glyph_poc_2026-08-12/romforge_isolated_full/partition0/romfs/stage/s092a/scenerio.gcx,FILE,OK,
analysis/global_korean_glyph_poc_2026-08-12/romforge_isolated_full/partition0/romfs/stage/s092a_0/cache.hpk,experiments/global_korean_glyph_poc_2026-08-12/romforge_isolated_full/partition0/romfs/stage/s092a_0/cache.hpk,FILE,OK,
analysis/global_korean_glyph_poc_2026-08-12/romforge_isolated_full/partition0/romfs/stage/s092a_0/data.cnf,experiments/global_korean_glyph_poc_2026-08-12/romforge_isolated_full/partition0/romfs/stage/s092a_0/data.cnf,FILE,OK,
analysis/global_korean_glyph_poc_2026-08-12/romforge_isolated_full/partition0/romfs/stage/s092a_0/scenerio.gcx,experiments/global_korean_glyph_poc_2026-08-12/romforge_isolated_full/partition0/romfs/stage/s092a_0/scenerio.gcx,FILE,OK,
analysis/global_korean_glyph_poc_2026-08-12/romforge_isolated_full/partition0/romfs/stage/s092b/cache.hpk,experiments/global_korean_glyph_poc_2026-08-12/romforge_isolated_full/partition0/romfs/stage/s092b/cache.hpk,FILE,OK,
analysis/global_korean_glyph_poc_2026-08-12/romforge_isolated_full/partition0/romfs/stage/s092b/data.cnf,experiments/global_korean_glyph_poc_2026-08-12/romforge_isolated_full/partition0/romfs/stage/s092b/data.cnf,FILE,OK,
analysis/global_korean_glyph_poc_2026-08-12/romforge_isolated_full/partition0/romfs/stage/s092b/scenerio.gcx,experiments/global_korean_glyph_poc_2026-08-12/romforge_isolated_full/partition0/romfs/stage/s092b/scenerio.gcx,FILE,OK,
analysis/global_korean_glyph_poc_2026-08-12/romforge_isolated_full/partition0/romfs/stage/s092c/cache.hpk,experiments/global_korean_glyph_poc_2026-08-12/romforge_isolated_full/partition0/romfs/stage/s092c/cache.hpk,FILE,OK,
analysis/global_korean_glyph_poc_2026-08-12/romforge_isolated_full/partition0/romfs/stage/s092c/data.cnf,experiments/global_korean_glyph_poc_2026-08-12/romforge_isolated_full/partition0/romfs/stage/s092c/data.cnf,FILE,OK,
analysis/global_korean_glyph_poc_2026-08-12/romforge_isolated_full/partition0/romfs/stage/s092c/scenerio.gcx,experiments/global_korean_glyph_poc_2026-08-12/romforge_isolated_full/partition0/romfs/stage/s092c/scenerio.gcx,FILE,OK,
analysis/global_korean_glyph_poc_2026-08-12/romforge_isolated_full/partition0/romfs/stage/s093a/cache.hpk,experiments/global_korean_glyph_poc_2026-08-12/romforge_isolated_full/partition0/romfs/stage/s093a/cache.hpk,FILE,OK,
analysis/global_korean_glyph_poc_2026-08-12/romforge_isolated_full/partition0/romfs/stage/s093a/data.cnf,experiments/global_korean_glyph_poc_2026-08-12/romforge_isolated_full/partition0/romfs/stage/s093a/data.cnf,FILE,OK,
analysis/global_korean_glyph_poc_2026-08-12/romforge_isolated_full/partition0/romfs/stage/s093a/scenerio.gcx,experiments/global_korean_glyph_poc_2026-08-12/romforge_isolated_full/partition0/romfs/stage/s093a/scenerio.gcx,FILE,OK,
analysis/global_korean_glyph_poc_2026-08-12/romforge_isolated_full/partition0/romfs/stage/s093a_0/cache.hpk,experiments/global_korean_glyph_poc_2026-08-12/romforge_isolated_full/partition0/romfs/stage/s093a_0/cache.hpk,FILE,OK,
analysis/global_korean_glyph_poc_2026-08-12/romforge_isolated_full/partition0/romfs/stage/s093a_0/data.cnf,experiments/global_korean_glyph_poc_2026-08-12/romforge_isolated_full/partition0/romfs/stage/s093a_0/data.cnf,FILE,OK,
analysis/global_korean_glyph_poc_2026-08-12/romforge_isolated_full/partition0/romfs/stage/s093a_0/scenerio.gcx,experiments/global_korean_glyph_poc_2026-08-12/romforge_isolated_full/partition0/romfs/stage/s093a_0/scenerio.gcx,FILE,OK,
analysis/global_korean_glyph_poc_2026-08-12/romforge_isolated_full/partition0/romfs/stage/s093b/cache.hpk,experiments/global_korean_glyph_poc_2026-08-12/romforge_isolated_full/partition0/romfs/stage/s093b/cache.hpk,FILE,OK,
analysis/global_korean_glyph_poc_2026-08-12/romforge_isolated_full/partition0/romfs/stage/s093b/data.cnf,experiments/global_korean_glyph_poc_2026-08-12/romforge_isolated_full/partition0/romfs/stage/s093b/data.cnf,FILE,OK,
analysis/global_korean_glyph_poc_2026-08-12/romforge_isolated_full/partition0/romfs/stage/s093b/scenerio.gcx,experiments/global_korean_glyph_poc_2026-08-12/romforge_isolated_full/partition0/romfs/stage/s093b/scenerio.gcx,FILE,OK,
analysis/global_korean_glyph_poc_2026-08-12/romforge_isolated_full/partition0/romfs/stage/s093c/cache.hpk,experiments/global_korean_glyph_poc_2026-08-12/romforge_isolated_full/partition0/romfs/stage/s093c/cache.hpk,FILE,OK,
analysis/global_korean_glyph_poc_2026-08-12/romforge_isolated_full/partition0/romfs/stage/s093c/data.cnf,experiments/global_korean_glyph_poc_2026-08-12/romforge_isolated_full/partition0/romfs/stage/s093c/data.cnf,FILE,OK,
analysis/global_korean_glyph_poc_2026-08-12/romforge_isolated_full/partition0/romfs/stage/s093c/scenerio.gcx,experiments/global_korean_glyph_poc_2026-08-12/romforge_isolated_full/partition0/romfs/stage/s093c/scenerio.gcx,FILE,OK,
analysis/global_korean_glyph_poc_2026-08-12/romforge_isolated_full/partition0/romfs/stage/s094a/cache.hpk,experiments/global_korean_glyph_poc_2026-08-12/romforge_isolated_full/partition0/romfs/stage/s094a/cache.hpk,FILE,OK,
analysis/global_korean_glyph_poc_2026-08-12/romforge_isolated_full/partition0/romfs/stage/s094a/data.cnf,experiments/global_korean_glyph_poc_2026-08-12/romforge_isolated_full/partition0/romfs/stage/s094a/data.cnf,FILE,OK,
analysis/global_korean_glyph_poc_2026-08-12/romforge_isolated_full/partition0/romfs/stage/s094a/scenerio.gcx,experiments/global_korean_glyph_poc_2026-08-12/romforge_isolated_full/partition0/romfs/stage/s094a/scenerio.gcx,FILE,OK,
analysis/global_korean_glyph_poc_2026-08-12/romforge_isolated_full/partition0/romfs/stage/s094b/cache.hpk,experiments/global_korean_glyph_poc_2026-08-12/romforge_isolated_full/partition0/romfs/stage/s094b/cache.hpk,FILE,OK,
analysis/global_korean_glyph_poc_2026-08-12/romforge_isolated_full/partition0/romfs/stage/s094b/data.cnf,experiments/global_korean_glyph_poc_2026-08-12/romforge_isolated_full/partition0/romfs/stage/s094b/data.cnf,FILE,OK,
analysis/global_korean_glyph_poc_2026-08-12/romforge_isolated_full/partition0/romfs/stage/s094b/scenerio.gcx,experiments/global_korean_glyph_poc_2026-08-12/romforge_isolated_full/partition0/romfs/stage/s094b/scenerio.gcx,FILE,OK,
analysis/global_korean_glyph_poc_2026-08-12/romforge_isolated_full/partition0/romfs/stage/s094c/cache.hpk,experiments/global_korean_glyph_poc_2026-08-12/romforge_isolated_full/partition0/romfs/stage/s094c/cache.hpk,FILE,OK,
analysis/global_korean_glyph_poc_2026-08-12/romforge_isolated_full/partition0/romfs/stage/s094c/data.cnf,experiments/global_korean_glyph_poc_2026-08-12/romforge_isolated_full/partition0/romfs/stage/s094c/data.cnf,FILE,OK,
analysis/global_korean_glyph_poc_2026-08-12/romforge_isolated_full/partition0/romfs/stage/s094c/scenerio.gcx,experiments/global_korean_glyph_poc_2026-08-12/romforge_isolated_full/partition0/romfs/stage/s094c/scenerio.gcx,FILE,OK,
analysis/global_korean_glyph_poc_2026-08-12/romforge_isolated_full/partition0/romfs/stage/s101a/cache.hpk,experiments/global_korean_glyph_poc_2026-08-12/romforge_isolated_full/partition0/romfs/stage/s101a/cache.hpk,FILE,OK,
analysis/global_korean_glyph_poc_2026-08-12/romforge_isolated_full/partition0/romfs/stage/s101a/data.cnf,experiments/global_korean_glyph_poc_2026-08-12/romforge_isolated_full/partition0/romfs/stage/s101a/data.cnf,FILE,OK,
analysis/global_korean_glyph_poc_2026-08-12/romforge_isolated_full/partition0/romfs/stage/s101a/scenerio.gcx,experiments/global_korean_glyph_poc_2026-08-12/romforge_isolated_full/partition0/romfs/stage/s101a/scenerio.gcx,FILE,OK,
analysis/global_korean_glyph_poc_2026-08-12/romforge_isolated_full/partition0/romfs/stage/s101a_0/cache.hpk,experiments/global_korean_glyph_poc_2026-08-12/romforge_isolated_full/partition0/romfs/stage/s101a_0/cache.hpk,FILE,OK,
analysis/global_korean_glyph_poc_2026-08-12/romforge_isolated_full/partition0/romfs/stage/s101a_0/data.cnf,experiments/global_korean_glyph_poc_2026-08-12/romforge_isolated_full/partition0/romfs/stage/s101a_0/data.cnf,FILE,OK,
analysis/global_korean_glyph_poc_2026-08-12/romforge_isolated_full/partition0/romfs/stage/s101a_0/scenerio.gcx,experiments/global_korean_glyph_poc_2026-08-12/romforge_isolated_full/partition0/romfs/stage/s101a_0/scenerio.gcx,FILE,OK,
analysis/global_korean_glyph_poc_2026-08-12/romforge_isolated_full/partition0/romfs/stage/s101b/cache.hpk,experiments/global_korean_glyph_poc_2026-08-12/romforge_isolated_full/partition0/romfs/stage/s101b/cache.hpk,FILE,OK,
analysis/global_korean_glyph_poc_2026-08-12/romforge_isolated_full/partition0/romfs/stage/s101b/data.cnf,experiments/global_korean_glyph_poc_2026-08-12/romforge_isolated_full/partition0/romfs/stage/s101b/data.cnf,FILE,OK,
analysis/global_korean_glyph_poc_2026-08-12/romforge_isolated_full/partition0/romfs/stage/s101b/scenerio.gcx,experiments/global_korean_glyph_poc_2026-08-12/romforge_isolated_full/partition0/romfs/stage/s101b/scenerio.gcx,FILE,OK,
analysis/global_korean_glyph_poc_2026-08-12/romforge_isolated_full/partition0/romfs/stage/s111a/cache.hpk,experiments/global_korean_glyph_poc_2026-08-12/romforge_isolated_full/partition0/romfs/stage/s111a/cache.hpk,FILE,OK,
analysis/global_korean_glyph_poc_2026-08-12/romforge_isolated_full/partition0/romfs/stage/s111a/data.cnf,experiments/global_korean_glyph_poc_2026-08-12/romforge_isolated_full/partition0/romfs/stage/s111a/data.cnf,FILE,OK,
analysis/global_korean_glyph_poc_2026-08-12/romforge_isolated_full/partition0/romfs/stage/s111a/scenerio.gcx,experiments/global_korean_glyph_poc_2026-08-12/romforge_isolated_full/partition0/romfs/stage/s111a/scenerio.gcx,FILE,OK,
analysis/global_korean_glyph_poc_2026-08-12/romforge_isolated_full/partition0/romfs/stage/s111a_0/cache.hpk,experiments/global_korean_glyph_poc_2026-08-12/romforge_isolated_full/partition0/romfs/stage/s111a_0/cache.hpk,FILE,OK,
analysis/global_korean_glyph_poc_2026-08-12/romforge_isolated_full/partition0/romfs/stage/s111a_0/data.cnf,experiments/global_korean_glyph_poc_2026-08-12/romforge_isolated_full/partition0/romfs/stage/s111a_0/data.cnf,FILE,OK,
analysis/global_korean_glyph_poc_2026-08-12/romforge_isolated_full/partition0/romfs/stage/s111a_0/scenerio.gcx,experiments/global_korean_glyph_poc_2026-08-12/romforge_isolated_full/partition0/romfs/stage/s111a_0/scenerio.gcx,FILE,OK,
analysis/global_korean_glyph_poc_2026-08-12/romforge_isolated_full/partition0/romfs/stage/s111a_0_0/data.cnf,experiments/global_korean_glyph_poc_2026-08-12/romforge_isolated_full/partition0/romfs/stage/s111a_0_0/data.cnf,FILE,OK,
analysis/global_korean_glyph_poc_2026-08-12/romforge_isolated_full/partition0/romfs/stage/s111a_0_0/scenerio.gcx,experiments/global_korean_glyph_poc_2026-08-12/romforge_isolated_full/partition0/romfs/stage/s111a_0_0/scenerio.gcx,FILE,OK,
analysis/global_korean_glyph_poc_2026-08-12/romforge_isolated_full/partition0/romfs/stage/s112a/cache.hpk,experiments/global_korean_glyph_poc_2026-08-12/romforge_isolated_full/partition0/romfs/stage/s112a/cache.hpk,FILE,OK,
analysis/global_korean_glyph_poc_2026-08-12/romforge_isolated_full/partition0/romfs/stage/s112a/data.cnf,experiments/global_korean_glyph_poc_2026-08-12/romforge_isolated_full/partition0/romfs/stage/s112a/data.cnf,FILE,OK,
analysis/global_korean_glyph_poc_2026-08-12/romforge_isolated_full/partition0/romfs/stage/s112a/scenerio.gcx,experiments/global_korean_glyph_poc_2026-08-12/romforge_isolated_full/partition0/romfs/stage/s112a/scenerio.gcx,FILE,OK,
analysis/global_korean_glyph_poc_2026-08-12/romforge_isolated_full/partition0/romfs/stage/s112a_0/cache.hpk,experiments/global_korean_glyph_poc_2026-08-12/romforge_isolated_full/partition0/romfs/stage/s112a_0/cache.hpk,FILE,OK,
analysis/global_korean_glyph_poc_2026-08-12/romforge_isolated_full/partition0/romfs/stage/s112a_0/data.cnf,experiments/global_korean_glyph_poc_2026-08-12/romforge_isolated_full/partition0/romfs/stage/s112a_0/data.cnf,FILE,OK,
analysis/global_korean_glyph_poc_2026-08-12/romforge_isolated_full/partition0/romfs/stage/s112a_0/scenerio.gcx,experiments/global_korean_glyph_poc_2026-08-12/romforge_isolated_full/partition0/romfs/stage/s112a_0/scenerio.gcx,FILE,OK,
analysis/global_korean_glyph_poc_2026-08-12/romforge_isolated_full/partition0/romfs/stage/s113a/cache.hpk,experiments/global_korean_glyph_poc_2026-08-12/romforge_isolated_full/partition0/romfs/stage/s113a/cache.hpk,FILE,OK,
analysis/global_korean_glyph_poc_2026-08-12/romforge_isolated_full/partition0/romfs/stage/s113a/data.cnf,experiments/global_korean_glyph_poc_2026-08-12/romforge_isolated_full/partition0/romfs/stage/s113a/data.cnf,FILE,OK,
analysis/global_korean_glyph_poc_2026-08-12/romforge_isolated_full/partition0/romfs/stage/s113a/scenerio.gcx,experiments/global_korean_glyph_poc_2026-08-12/romforge_isolated_full/partition0/romfs/stage/s113a/scenerio.gcx,FILE,OK,
analysis/global_korean_glyph_poc_2026-08-12/romforge_isolated_full/partition0/romfs/stage/s121a/cache.hpk,experiments/global_korean_glyph_poc_2026-08-12/romforge_isolated_full/partition0/romfs/stage/s121a/cache.hpk,FILE,OK,
analysis/global_korean_glyph_poc_2026-08-12/romforge_isolated_full/partition0/romfs/stage/s121a/data.cnf,experiments/global_korean_glyph_poc_2026-08-12/romforge_isolated_full/partition0/romfs/stage/s121a/data.cnf,FILE,OK,
analysis/global_korean_glyph_poc_2026-08-12/romforge_isolated_full/partition0/romfs/stage/s121a/scenerio.gcx,experiments/global_korean_glyph_poc_2026-08-12/romforge_isolated_full/partition0/romfs/stage/s121a/scenerio.gcx,FILE,OK,
analysis/global_korean_glyph_poc_2026-08-12/romforge_isolated_full/partition0/romfs/stage/s121a_0/cache.hpk,experiments/global_korean_glyph_poc_2026-08-12/romforge_isolated_full/partition0/romfs/stage/s121a_0/cache.hpk,FILE,OK,
analysis/global_korean_glyph_poc_2026-08-12/romforge_isolated_full/partition0/romfs/stage/s121a_0/data.cnf,experiments/global_korean_glyph_poc_2026-08-12/romforge_isolated_full/partition0/romfs/stage/s121a_0/data.cnf,FILE,OK,
analysis/global_korean_glyph_poc_2026-08-12/romforge_isolated_full/partition0/romfs/stage/s121a_0/scenerio.gcx,experiments/global_korean_glyph_poc_2026-08-12/romforge_isolated_full/partition0/romfs/stage/s121a_0/scenerio.gcx,FILE,OK,
analysis/global_korean_glyph_poc_2026-08-12/romforge_isolated_full/partition0/romfs/stage/s121a_1/cache.hpk,experiments/global_korean_glyph_poc_2026-08-12/romforge_isolated_full/partition0/romfs/stage/s121a_1/cache.hpk,FILE,OK,
analysis/global_korean_glyph_poc_2026-08-12/romforge_isolated_full/partition0/romfs/stage/s121a_1/data.cnf,experiments/global_korean_glyph_poc_2026-08-12/romforge_isolated_full/partition0/romfs/stage/s121a_1/data.cnf,FILE,OK,
analysis/global_korean_glyph_poc_2026-08-12/romforge_isolated_full/partition0/romfs/stage/s121a_1/scenerio.gcx,experiments/global_korean_glyph_poc_2026-08-12/romforge_isolated_full/partition0/romfs/stage/s121a_1/scenerio.gcx,FILE,OK,
analysis/global_korean_glyph_poc_2026-08-12/romforge_isolated_full/partition0/romfs/stage/s121a_1_0/data.cnf,experiments/global_korean_glyph_poc_2026-08-12/romforge_isolated_full/partition0/romfs/stage/s121a_1_0/data.cnf,FILE,OK,
analysis/global_korean_glyph_poc_2026-08-12/romforge_isolated_full/partition0/romfs/stage/s121a_1_0/scenerio.gcx,experiments/global_korean_glyph_poc_2026-08-12/romforge_isolated_full/partition0/romfs/stage/s121a_1_0/scenerio.gcx,FILE,OK,
analysis/global_korean_glyph_poc_2026-08-12/romforge_isolated_full/partition0/romfs/stage/s122a/cache.hpk,experiments/global_korean_glyph_poc_2026-08-12/romforge_isolated_full/partition0/romfs/stage/s122a/cache.hpk,FILE,OK,
analysis/global_korean_glyph_poc_2026-08-12/romforge_isolated_full/partition0/romfs/stage/s122a/data.cnf,experiments/global_korean_glyph_poc_2026-08-12/romforge_isolated_full/partition0/romfs/stage/s122a/data.cnf,FILE,OK,
analysis/global_korean_glyph_poc_2026-08-12/romforge_isolated_full/partition0/romfs/stage/s122a/scenerio.gcx,experiments/global_korean_glyph_poc_2026-08-12/romforge_isolated_full/partition0/romfs/stage/s122a/scenerio.gcx,FILE,OK,
analysis/global_korean_glyph_poc_2026-08-12/romforge_isolated_full/partition0/romfs/stage/s131a_0/cache.hpk,experiments/global_korean_glyph_poc_2026-08-12/romforge_isolated_full/partition0/romfs/stage/s131a_0/cache.hpk,FILE,OK,
analysis/global_korean_glyph_poc_2026-08-12/romforge_isolated_full/partition0/romfs/stage/s131a_0/data.cnf,experiments/global_korean_glyph_poc_2026-08-12/romforge_isolated_full/partition0/romfs/stage/s131a_0/data.cnf,FILE,OK,
analysis/global_korean_glyph_poc_2026-08-12/romforge_isolated_full/partition0/romfs/stage/s131a_0/scenerio.gcx,experiments/global_korean_glyph_poc_2026-08-12/romforge_isolated_full/partition0/romfs/stage/s131a_0/scenerio.gcx,FILE,OK,
analysis/global_korean_glyph_poc_2026-08-12/romforge_isolated_full/partition0/romfs/stage/s141a/cache.hpk,experiments/global_korean_glyph_poc_2026-08-12/romforge_isolated_full/partition0/romfs/stage/s141a/cache.hpk,FILE,OK,
analysis/global_korean_glyph_poc_2026-08-12/romforge_isolated_full/partition0/romfs/stage/s141a/data.cnf,experiments/global_korean_glyph_poc_2026-08-12/romforge_isolated_full/partition0/romfs/stage/s141a/data.cnf,FILE,OK,
analysis/global_korean_glyph_poc_2026-08-12/romforge_isolated_full/partition0/romfs/stage/s141a/scenerio.gcx,experiments/global_korean_glyph_poc_2026-08-12/romforge_isolated_full/partition0/romfs/stage/s141a/scenerio.gcx,FILE,OK,
analysis/global_korean_glyph_poc_2026-08-12/romforge_isolated_full/partition0/romfs/stage/s141a_0/cache.hpk,experiments/global_korean_glyph_poc_2026-08-12/romforge_isolated_full/partition0/romfs/stage/s141a_0/cache.hpk,FILE,OK,
analysis/global_korean_glyph_poc_2026-08-12/romforge_isolated_full/partition0/romfs/stage/s141a_0/data.cnf,experiments/global_korean_glyph_poc_2026-08-12/romforge_isolated_full/partition0/romfs/stage/s141a_0/data.cnf,FILE,OK,
analysis/global_korean_glyph_poc_2026-08-12/romforge_isolated_full/partition0/romfs/stage/s141a_0/scenerio.gcx,experiments/global_korean_glyph_poc_2026-08-12/romforge_isolated_full/partition0/romfs/stage/s141a_0/scenerio.gcx,FILE,OK,
analysis/global_korean_glyph_poc_2026-08-12/romforge_isolated_full/partition0/romfs/stage/s151a/cache.hpk,experiments/global_korean_glyph_poc_2026-08-12/romforge_isolated_full/partition0/romfs/stage/s151a/cache.hpk,FILE,OK,
analysis/global_korean_glyph_poc_2026-08-12/romforge_isolated_full/partition0/romfs/stage/s151a/data.cnf,experiments/global_korean_glyph_poc_2026-08-12/romforge_isolated_full/partition0/romfs/stage/s151a/data.cnf,FILE,OK,
analysis/global_korean_glyph_poc_2026-08-12/romforge_isolated_full/partition0/romfs/stage/s151a/scenerio.gcx,experiments/global_korean_glyph_poc_2026-08-12/romforge_isolated_full/partition0/romfs/stage/s151a/scenerio.gcx,FILE,OK,
analysis/global_korean_glyph_poc_2026-08-12/romforge_isolated_full/partition0/romfs/stage/s151a_0/cache.hpk,experiments/global_korean_glyph_poc_2026-08-12/romforge_isolated_full/partition0/romfs/stage/s151a_0/cache.hpk,FILE,OK,
analysis/global_korean_glyph_poc_2026-08-12/romforge_isolated_full/partition0/romfs/stage/s151a_0/data.cnf,experiments/global_korean_glyph_poc_2026-08-12/romforge_isolated_full/partition0/romfs/stage/s151a_0/data.cnf,FILE,OK,
analysis/global_korean_glyph_poc_2026-08-12/romforge_isolated_full/partition0/romfs/stage/s151a_0/scenerio.gcx,experiments/global_korean_glyph_poc_2026-08-12/romforge_isolated_full/partition0/romfs/stage/s151a_0/scenerio.gcx,FILE,OK,
analysis/global_korean_glyph_poc_2026-08-12/romforge_isolated_full/partition0/romfs/stage/s152a/cache.hpk,experiments/global_korean_glyph_poc_2026-08-12/romforge_isolated_full/partition0/romfs/stage/s152a/cache.hpk,FILE,OK,
analysis/global_korean_glyph_poc_2026-08-12/romforge_isolated_full/partition0/romfs/stage/s152a/data.cnf,experiments/global_korean_glyph_poc_2026-08-12/romforge_isolated_full/partition0/romfs/stage/s152a/data.cnf,FILE,OK,
analysis/global_korean_glyph_poc_2026-08-12/romforge_isolated_full/partition0/romfs/stage/s152a/scenerio.gcx,experiments/global_korean_glyph_poc_2026-08-12/romforge_isolated_full/partition0/romfs/stage/s152a/scenerio.gcx,FILE,OK,
analysis/global_korean_glyph_poc_2026-08-12/romforge_isolated_full/partition0/romfs/stage/s152a_0/cache.hpk,experiments/global_korean_glyph_poc_2026-08-12/romforge_isolated_full/partition0/romfs/stage/s152a_0/cache.hpk,FILE,OK,
analysis/global_korean_glyph_poc_2026-08-12/romforge_isolated_full/partition0/romfs/stage/s152a_0/data.cnf,experiments/global_korean_glyph_poc_2026-08-12/romforge_isolated_full/partition0/romfs/stage/s152a_0/data.cnf,FILE,OK,
analysis/global_korean_glyph_poc_2026-08-12/romforge_isolated_full/partition0/romfs/stage/s152a_0/scenerio.gcx,experiments/global_korean_glyph_poc_2026-08-12/romforge_isolated_full/partition0/romfs/stage/s152a_0/scenerio.gcx,FILE,OK,
analysis/global_korean_glyph_poc_2026-08-12/romforge_isolated_full/partition0/romfs/stage/s161a/cache.hpk,experiments/global_korean_glyph_poc_2026-08-12/romforge_isolated_full/partition0/romfs/stage/s161a/cache.hpk,FILE,OK,
analysis/global_korean_glyph_poc_2026-08-12/romforge_isolated_full/partition0/romfs/stage/s161a/data.cnf,experiments/global_korean_glyph_poc_2026-08-12/romforge_isolated_full/partition0/romfs/stage/s161a/data.cnf,FILE,OK,
analysis/global_korean_glyph_poc_2026-08-12/romforge_isolated_full/partition0/romfs/stage/s161a/scenerio.gcx,experiments/global_korean_glyph_poc_2026-08-12/romforge_isolated_full/partition0/romfs/stage/s161a/scenerio.gcx,FILE,OK,
analysis/global_korean_glyph_poc_2026-08-12/romforge_isolated_full/partition0/romfs/stage/s161a_0/cache.hpk,experiments/global_korean_glyph_poc_2026-08-12/romforge_isolated_full/partition0/romfs/stage/s161a_0/cache.hpk,FILE,OK,
analysis/global_korean_glyph_poc_2026-08-12/romforge_isolated_full/partition0/romfs/stage/s161a_0/data.cnf,experiments/global_korean_glyph_poc_2026-08-12/romforge_isolated_full/partition0/romfs/stage/s161a_0/data.cnf,FILE,OK,
analysis/global_korean_glyph_poc_2026-08-12/romforge_isolated_full/partition0/romfs/stage/s161a_0/scenerio.gcx,experiments/global_korean_glyph_poc_2026-08-12/romforge_isolated_full/partition0/romfs/stage/s161a_0/scenerio.gcx,FILE,OK,
analysis/global_korean_glyph_poc_2026-08-12/romforge_isolated_full/partition0/romfs/stage/s161a_1/cache.hpk,experiments/global_korean_glyph_poc_2026-08-12/romforge_isolated_full/partition0/romfs/stage/s161a_1/cache.hpk,FILE,OK,
analysis/global_korean_glyph_poc_2026-08-12/romforge_isolated_full/partition0/romfs/stage/s161a_1/data.cnf,experiments/global_korean_glyph_poc_2026-08-12/romforge_isolated_full/partition0/romfs/stage/s161a_1/data.cnf,FILE,OK,
analysis/global_korean_glyph_poc_2026-08-12/romforge_isolated_full/partition0/romfs/stage/s161a_1/scenerio.gcx,experiments/global_korean_glyph_poc_2026-08-12/romforge_isolated_full/partition0/romfs/stage/s161a_1/scenerio.gcx,FILE,OK,
analysis/global_korean_glyph_poc_2026-08-12/romforge_isolated_full/partition0/romfs/stage/s161a_2/cache.hpk,experiments/global_korean_glyph_poc_2026-08-12/romforge_isolated_full/partition0/romfs/stage/s161a_2/cache.hpk,FILE,OK,
analysis/global_korean_glyph_poc_2026-08-12/romforge_isolated_full/partition0/romfs/stage/s161a_2/data.cnf,experiments/global_korean_glyph_poc_2026-08-12/romforge_isolated_full/partition0/romfs/stage/s161a_2/data.cnf,FILE,OK,
analysis/global_korean_glyph_poc_2026-08-12/romforge_isolated_full/partition0/romfs/stage/s161a_2/scenerio.gcx,experiments/global_korean_glyph_poc_2026-08-12/romforge_isolated_full/partition0/romfs/stage/s161a_2/scenerio.gcx,FILE,OK,
analysis/global_korean_glyph_poc_2026-08-12/romforge_isolated_full/partition0/romfs/stage/s162a/cache.hpk,experiments/global_korean_glyph_poc_2026-08-12/romforge_isolated_full/partition0/romfs/stage/s162a/cache.hpk,FILE,OK,
analysis/global_korean_glyph_poc_2026-08-12/romforge_isolated_full/partition0/romfs/stage/s162a/data.cnf,experiments/global_korean_glyph_poc_2026-08-12/romforge_isolated_full/partition0/romfs/stage/s162a/data.cnf,FILE,OK,
analysis/global_korean_glyph_poc_2026-08-12/romforge_isolated_full/partition0/romfs/stage/s162a/scenerio.gcx,experiments/global_korean_glyph_poc_2026-08-12/romforge_isolated_full/partition0/romfs/stage/s162a/scenerio.gcx,FILE,OK,
analysis/global_korean_glyph_poc_2026-08-12/romforge_isolated_full/partition0/romfs/stage/s162a_0/cache.hpk,experiments/global_korean_glyph_poc_2026-08-12/romforge_isolated_full/partition0/romfs/stage/s162a_0/cache.hpk,FILE,OK,
analysis/global_korean_glyph_poc_2026-08-12/romforge_isolated_full/partition0/romfs/stage/s162a_0/data.cnf,experiments/global_korean_glyph_poc_2026-08-12/romforge_isolated_full/partition0/romfs/stage/s162a_0/data.cnf,FILE,OK,
analysis/global_korean_glyph_poc_2026-08-12/romforge_isolated_full/partition0/romfs/stage/s162a_0/scenerio.gcx,experiments/global_korean_glyph_poc_2026-08-12/romforge_isolated_full/partition0/romfs/stage/s162a_0/scenerio.gcx,FILE,OK,
analysis/global_korean_glyph_poc_2026-08-12/romforge_isolated_full/partition0/romfs/stage/s163a/cache.hpk,experiments/global_korean_glyph_poc_2026-08-12/romforge_isolated_full/partition0/romfs/stage/s163a/cache.hpk,FILE,OK,
analysis/global_korean_glyph_poc_2026-08-12/romforge_isolated_full/partition0/romfs/stage/s163a/data.cnf,experiments/global_korean_glyph_poc_2026-08-12/romforge_isolated_full/partition0/romfs/stage/s163a/data.cnf,FILE,OK,
analysis/global_korean_glyph_poc_2026-08-12/romforge_isolated_full/partition0/romfs/stage/s163a/scenerio.gcx,experiments/global_korean_glyph_poc_2026-08-12/romforge_isolated_full/partition0/romfs/stage/s163a/scenerio.gcx,FILE,OK,
analysis/global_korean_glyph_poc_2026-08-12/romforge_isolated_full/partition0/romfs/stage/s163a_0/cache.hpk,experiments/global_korean_glyph_poc_2026-08-12/romforge_isolated_full/partition0/romfs/stage/s163a_0/cache.hpk,FILE,OK,
analysis/global_korean_glyph_poc_2026-08-12/romforge_isolated_full/partition0/romfs/stage/s163a_0/data.cnf,experiments/global_korean_glyph_poc_2026-08-12/romforge_isolated_full/partition0/romfs/stage/s163a_0/data.cnf,FILE,OK,
analysis/global_korean_glyph_poc_2026-08-12/romforge_isolated_full/partition0/romfs/stage/s163a_0/scenerio.gcx,experiments/global_korean_glyph_poc_2026-08-12/romforge_isolated_full/partition0/romfs/stage/s163a_0/scenerio.gcx,FILE,OK,
analysis/global_korean_glyph_poc_2026-08-12/romforge_isolated_full/partition0/romfs/stage/s163b/cache.hpk,experiments/global_korean_glyph_poc_2026-08-12/romforge_isolated_full/partition0/romfs/stage/s163b/cache.hpk,FILE,OK,
analysis/global_korean_glyph_poc_2026-08-12/romforge_isolated_full/partition0/romfs/stage/s163b/data.cnf,experiments/global_korean_glyph_poc_2026-08-12/romforge_isolated_full/partition0/romfs/stage/s163b/data.cnf,FILE,OK,
analysis/global_korean_glyph_poc_2026-08-12/romforge_isolated_full/partition0/romfs/stage/s163b/scenerio.gcx,experiments/global_korean_glyph_poc_2026-08-12/romforge_isolated_full/partition0/romfs/stage/s163b/scenerio.gcx,FILE,OK,
analysis/global_korean_glyph_poc_2026-08-12/romforge_isolated_full/partition0/romfs/stage/s164a_0/cache.hpk,experiments/global_korean_glyph_poc_2026-08-12/romforge_isolated_full/partition0/romfs/stage/s164a_0/cache.hpk,FILE,OK,
analysis/global_korean_glyph_poc_2026-08-12/romforge_isolated_full/partition0/romfs/stage/s164a_0/data.cnf,experiments/global_korean_glyph_poc_2026-08-12/romforge_isolated_full/partition0/romfs/stage/s164a_0/data.cnf,FILE,OK,
analysis/global_korean_glyph_poc_2026-08-12/romforge_isolated_full/partition0/romfs/stage/s164a_0/scenerio.gcx,experiments/global_korean_glyph_poc_2026-08-12/romforge_isolated_full/partition0/romfs/stage/s164a_0/scenerio.gcx,FILE,OK,
analysis/global_korean_glyph_poc_2026-08-12/romforge_isolated_full/partition0/romfs/stage/s171a/cache.hpk,experiments/global_korean_glyph_poc_2026-08-12/romforge_isolated_full/partition0/romfs/stage/s171a/cache.hpk,FILE,OK,
analysis/global_korean_glyph_poc_2026-08-12/romforge_isolated_full/partition0/romfs/stage/s171a/data.cnf,experiments/global_korean_glyph_poc_2026-08-12/romforge_isolated_full/partition0/romfs/stage/s171a/data.cnf,FILE,OK,
analysis/global_korean_glyph_poc_2026-08-12/romforge_isolated_full/partition0/romfs/stage/s171a/scenerio.gcx,experiments/global_korean_glyph_poc_2026-08-12/romforge_isolated_full/partition0/romfs/stage/s171a/scenerio.gcx,FILE,OK,
analysis/global_korean_glyph_poc_2026-08-12/romforge_isolated_full/partition0/romfs/stage/s171a_0/cache.hpk,experiments/global_korean_glyph_poc_2026-08-12/romforge_isolated_full/partition0/romfs/stage/s171a_0/cache.hpk,FILE,OK,
analysis/global_korean_glyph_poc_2026-08-12/romforge_isolated_full/partition0/romfs/stage/s171a_0/data.cnf,experiments/global_korean_glyph_poc_2026-08-12/romforge_isolated_full/partition0/romfs/stage/s171a_0/data.cnf,FILE,OK,
analysis/global_korean_glyph_poc_2026-08-12/romforge_isolated_full/partition0/romfs/stage/s171a_0/scenerio.gcx,experiments/global_korean_glyph_poc_2026-08-12/romforge_isolated_full/partition0/romfs/stage/s171a_0/scenerio.gcx,FILE,OK,
analysis/global_korean_glyph_poc_2026-08-12/romforge_isolated_full/partition0/romfs/stage/s171b/cache.hpk,experiments/global_korean_glyph_poc_2026-08-12/romforge_isolated_full/partition0/romfs/stage/s171b/cache.hpk,FILE,OK,
analysis/global_korean_glyph_poc_2026-08-12/romforge_isolated_full/partition0/romfs/stage/s171b/data.cnf,experiments/global_korean_glyph_poc_2026-08-12/romforge_isolated_full/partition0/romfs/stage/s171b/data.cnf,FILE,OK,
analysis/global_korean_glyph_poc_2026-08-12/romforge_isolated_full/partition0/romfs/stage/s171b/scenerio.gcx,experiments/global_korean_glyph_poc_2026-08-12/romforge_isolated_full/partition0/romfs/stage/s171b/scenerio.gcx,FILE,OK,
analysis/global_korean_glyph_poc_2026-08-12/romforge_isolated_full/partition0/romfs/stage/s171b_0/cache.hpk,experiments/global_korean_glyph_poc_2026-08-12/romforge_isolated_full/partition0/romfs/stage/s171b_0/cache.hpk,FILE,OK,
analysis/global_korean_glyph_poc_2026-08-12/romforge_isolated_full/partition0/romfs/stage/s171b_0/data.cnf,experiments/global_korean_glyph_poc_2026-08-12/romforge_isolated_full/partition0/romfs/stage/s171b_0/data.cnf,FILE,OK,
analysis/global_korean_glyph_poc_2026-08-12/romforge_isolated_full/partition0/romfs/stage/s171b_0/scenerio.gcx,experiments/global_korean_glyph_poc_2026-08-12/romforge_isolated_full/partition0/romfs/stage/s171b_0/scenerio.gcx,FILE,OK,
analysis/global_korean_glyph_poc_2026-08-12/romforge_isolated_full/partition0/romfs/stage/s181a/cache.hpk,experiments/global_korean_glyph_poc_2026-08-12/romforge_isolated_full/partition0/romfs/stage/s181a/cache.hpk,FILE,OK,
analysis/global_korean_glyph_poc_2026-08-12/romforge_isolated_full/partition0/romfs/stage/s181a/data.cnf,experiments/global_korean_glyph_poc_2026-08-12/romforge_isolated_full/partition0/romfs/stage/s181a/data.cnf,FILE,OK,
analysis/global_korean_glyph_poc_2026-08-12/romforge_isolated_full/partition0/romfs/stage/s181a/scenerio.gcx,experiments/global_korean_glyph_poc_2026-08-12/romforge_isolated_full/partition0/romfs/stage/s181a/scenerio.gcx,FILE,OK,
analysis/global_korean_glyph_poc_2026-08-12/romforge_isolated_full/partition0/romfs/stage/s182a/cache.hpk,experiments/global_korean_glyph_poc_2026-08-12/romforge_isolated_full/partition0/romfs/stage/s182a/cache.hpk,FILE,OK,
analysis/global_korean_glyph_poc_2026-08-12/romforge_isolated_full/partition0/romfs/stage/s182a/data.cnf,experiments/global_korean_glyph_poc_2026-08-12/romforge_isolated_full/partition0/romfs/stage/s182a/data.cnf,FILE,OK,
analysis/global_korean_glyph_poc_2026-08-12/romforge_isolated_full/partition0/romfs/stage/s182a/scenerio.gcx,experiments/global_korean_glyph_poc_2026-08-12/romforge_isolated_full/partition0/romfs/stage/s182a/scenerio.gcx,FILE,OK,
analysis/global_korean_glyph_poc_2026-08-12/romforge_isolated_full/partition0/romfs/stage/s183a/cache.hpk,experiments/global_korean_glyph_poc_2026-08-12/romforge_isolated_full/partition0/romfs/stage/s183a/cache.hpk,FILE,OK,
analysis/global_korean_glyph_poc_2026-08-12/romforge_isolated_full/partition0/romfs/stage/s183a/data.cnf,experiments/global_korean_glyph_poc_2026-08-12/romforge_isolated_full/partition0/romfs/stage/s183a/data.cnf,FILE,OK,
analysis/global_korean_glyph_poc_2026-08-12/romforge_isolated_full/partition0/romfs/stage/s183a/scenerio.gcx,experiments/global_korean_glyph_poc_2026-08-12/romforge_isolated_full/partition0/romfs/stage/s183a/scenerio.gcx,FILE,OK,
analysis/global_korean_glyph_poc_2026-08-12/romforge_isolated_full/partition0/romfs/stage/s191a/cache.hpk,experiments/global_korean_glyph_poc_2026-08-12/romforge_isolated_full/partition0/romfs/stage/s191a/cache.hpk,FILE,OK,
analysis/global_korean_glyph_poc_2026-08-12/romforge_isolated_full/partition0/romfs/stage/s191a/data.cnf,experiments/global_korean_glyph_poc_2026-08-12/romforge_isolated_full/partition0/romfs/stage/s191a/data.cnf,FILE,OK,
analysis/global_korean_glyph_poc_2026-08-12/romforge_isolated_full/partition0/romfs/stage/s191a/scenerio.gcx,experiments/global_korean_glyph_poc_2026-08-12/romforge_isolated_full/partition0/romfs/stage/s191a/scenerio.gcx,FILE,OK,
analysis/global_korean_glyph_poc_2026-08-12/romforge_isolated_full/partition0/romfs/stage/s191a_0/cache.hpk,experiments/global_korean_glyph_poc_2026-08-12/romforge_isolated_full/partition0/romfs/stage/s191a_0/cache.hpk,FILE,OK,
analysis/global_korean_glyph_poc_2026-08-12/romforge_isolated_full/partition0/romfs/stage/s191a_0/data.cnf,experiments/global_korean_glyph_poc_2026-08-12/romforge_isolated_full/partition0/romfs/stage/s191a_0/data.cnf,FILE,OK,
analysis/global_korean_glyph_poc_2026-08-12/romforge_isolated_full/partition0/romfs/stage/s191a_0/scenerio.gcx,experiments/global_korean_glyph_poc_2026-08-12/romforge_isolated_full/partition0/romfs/stage/s191a_0/scenerio.gcx,FILE,OK,
analysis/global_korean_glyph_poc_2026-08-12/romforge_isolated_full/partition0/romfs/stage/s191b/cache.hpk,experiments/global_korean_glyph_poc_2026-08-12/romforge_isolated_full/partition0/romfs/stage/s191b/cache.hpk,FILE,OK,
analysis/global_korean_glyph_poc_2026-08-12/romforge_isolated_full/partition0/romfs/stage/s191b/data.cnf,experiments/global_korean_glyph_poc_2026-08-12/romforge_isolated_full/partition0/romfs/stage/s191b/data.cnf,FILE,OK,
analysis/global_korean_glyph_poc_2026-08-12/romforge_isolated_full/partition0/romfs/stage/s191b/scenerio.gcx,experiments/global_korean_glyph_poc_2026-08-12/romforge_isolated_full/partition0/romfs/stage/s191b/scenerio.gcx,FILE,OK,
analysis/global_korean_glyph_poc_2026-08-12/romforge_isolated_full/partition0/romfs/stage/s192a/cache.hpk,experiments/global_korean_glyph_poc_2026-08-12/romforge_isolated_full/partition0/romfs/stage/s192a/cache.hpk,FILE,OK,
analysis/global_korean_glyph_poc_2026-08-12/romforge_isolated_full/partition0/romfs/stage/s192a/data.cnf,experiments/global_korean_glyph_poc_2026-08-12/romforge_isolated_full/partition0/romfs/stage/s192a/data.cnf,FILE,OK,
analysis/global_korean_glyph_poc_2026-08-12/romforge_isolated_full/partition0/romfs/stage/s192a/scenerio.gcx,experiments/global_korean_glyph_poc_2026-08-12/romforge_isolated_full/partition0/romfs/stage/s192a/scenerio.gcx,FILE,OK,
analysis/global_korean_glyph_poc_2026-08-12/romforge_isolated_full/partition0/romfs/stage/s192a_0/cache.hpk,experiments/global_korean_glyph_poc_2026-08-12/romforge_isolated_full/partition0/romfs/stage/s192a_0/cache.hpk,FILE,OK,
analysis/global_korean_glyph_poc_2026-08-12/romforge_isolated_full/partition0/romfs/stage/s192a_0/data.cnf,experiments/global_korean_glyph_poc_2026-08-12/romforge_isolated_full/partition0/romfs/stage/s192a_0/data.cnf,FILE,OK,
analysis/global_korean_glyph_poc_2026-08-12/romforge_isolated_full/partition0/romfs/stage/s192a_0/scenerio.gcx,experiments/global_korean_glyph_poc_2026-08-12/romforge_isolated_full/partition0/romfs/stage/s192a_0/scenerio.gcx,FILE,OK,
analysis/global_korean_glyph_poc_2026-08-12/romforge_isolated_full/partition0/romfs/stage/s201a/cache.hpk,experiments/global_korean_glyph_poc_2026-08-12/romforge_isolated_full/partition0/romfs/stage/s201a/cache.hpk,FILE,OK,
analysis/global_korean_glyph_poc_2026-08-12/romforge_isolated_full/partition0/romfs/stage/s201a/data.cnf,experiments/global_korean_glyph_poc_2026-08-12/romforge_isolated_full/partition0/romfs/stage/s201a/data.cnf,FILE,OK,
analysis/global_korean_glyph_poc_2026-08-12/romforge_isolated_full/partition0/romfs/stage/s201a/scenerio.gcx,experiments/global_korean_glyph_poc_2026-08-12/romforge_isolated_full/partition0/romfs/stage/s201a/scenerio.gcx,FILE,OK,
analysis/global_korean_glyph_poc_2026-08-12/romforge_isolated_full/partition0/romfs/stage/s201a_0/cache.hpk,experiments/global_korean_glyph_poc_2026-08-12/romforge_isolated_full/partition0/romfs/stage/s201a_0/cache.hpk,FILE,OK,
analysis/global_korean_glyph_poc_2026-08-12/romforge_isolated_full/partition0/romfs/stage/s201a_0/data.cnf,experiments/global_korean_glyph_poc_2026-08-12/romforge_isolated_full/partition0/romfs/stage/s201a_0/data.cnf,FILE,OK,
analysis/global_korean_glyph_poc_2026-08-12/romforge_isolated_full/partition0/romfs/stage/s201a_0/scenerio.gcx,experiments/global_korean_glyph_poc_2026-08-12/romforge_isolated_full/partition0/romfs/stage/s201a_0/scenerio.gcx,FILE,OK,
analysis/global_korean_glyph_poc_2026-08-12/romforge_isolated_full/partition0/romfs/stage/s201a_0_0/data.cnf,experiments/global_korean_glyph_poc_2026-08-12/romforge_isolated_full/partition0/romfs/stage/s201a_0_0/data.cnf,FILE,OK,
analysis/global_korean_glyph_poc_2026-08-12/romforge_isolated_full/partition0/romfs/stage/s201a_0_0/scenerio.gcx,experiments/global_korean_glyph_poc_2026-08-12/romforge_isolated_full/partition0/romfs/stage/s201a_0_0/scenerio.gcx,FILE,OK,
analysis/global_korean_glyph_poc_2026-08-12/romforge_isolated_full/partition0/romfs/stage/s201a_1/cache.hpk,experiments/global_korean_glyph_poc_2026-08-12/romforge_isolated_full/partition0/romfs/stage/s201a_1/cache.hpk,FILE,OK,
analysis/global_korean_glyph_poc_2026-08-12/romforge_isolated_full/partition0/romfs/stage/s201a_1/data.cnf,experiments/global_korean_glyph_poc_2026-08-12/romforge_isolated_full/partition0/romfs/stage/s201a_1/data.cnf,FILE,OK,
analysis/global_korean_glyph_poc_2026-08-12/romforge_isolated_full/partition0/romfs/stage/s201a_1/scenerio.gcx,experiments/global_korean_glyph_poc_2026-08-12/romforge_isolated_full/partition0/romfs/stage/s201a_1/scenerio.gcx,FILE,OK,
analysis/global_korean_glyph_poc_2026-08-12/romforge_isolated_full/partition0/romfs/stage/s211a/cache.hpk,experiments/global_korean_glyph_poc_2026-08-12/romforge_isolated_full/partition0/romfs/stage/s211a/cache.hpk,FILE,OK,
analysis/global_korean_glyph_poc_2026-08-12/romforge_isolated_full/partition0/romfs/stage/s211a/data.cnf,experiments/global_korean_glyph_poc_2026-08-12/romforge_isolated_full/partition0/romfs/stage/s211a/data.cnf,FILE,OK,
analysis/global_korean_glyph_poc_2026-08-12/romforge_isolated_full/partition0/romfs/stage/s211a/scenerio.gcx,experiments/global_korean_glyph_poc_2026-08-12/romforge_isolated_full/partition0/romfs/stage/s211a/scenerio.gcx,FILE,OK,
analysis/global_korean_glyph_poc_2026-08-12/romforge_isolated_full/partition0/romfs/stage/s211a_0/cache.hpk,experiments/global_korean_glyph_poc_2026-08-12/romforge_isolated_full/partition0/romfs/stage/s211a_0/cache.hpk,FILE,OK,
analysis/global_korean_glyph_poc_2026-08-12/romforge_isolated_full/partition0/romfs/stage/s211a_0/data.cnf,experiments/global_korean_glyph_poc_2026-08-12/romforge_isolated_full/partition0/romfs/stage/s211a_0/data.cnf,FILE,OK,
analysis/global_korean_glyph_poc_2026-08-12/romforge_isolated_full/partition0/romfs/stage/s211a_0/scenerio.gcx,experiments/global_korean_glyph_poc_2026-08-12/romforge_isolated_full/partition0/romfs/stage/s211a_0/scenerio.gcx,FILE,OK,
analysis/global_korean_glyph_poc_2026-08-12/romforge_isolated_full/partition0/romfs/stage/s211a_1/cache.hpk,experiments/global_korean_glyph_poc_2026-08-12/romforge_isolated_full/partition0/romfs/stage/s211a_1/cache.hpk,FILE,OK,
analysis/global_korean_glyph_poc_2026-08-12/romforge_isolated_full/partition0/romfs/stage/s211a_1/data.cnf,experiments/global_korean_glyph_poc_2026-08-12/romforge_isolated_full/partition0/romfs/stage/s211a_1/data.cnf,FILE,OK,
analysis/global_korean_glyph_poc_2026-08-12/romforge_isolated_full/partition0/romfs/stage/s211a_1/scenerio.gcx,experiments/global_korean_glyph_poc_2026-08-12/romforge_isolated_full/partition0/romfs/stage/s211a_1/scenerio.gcx,FILE,OK,
analysis/global_korean_glyph_poc_2026-08-12/romforge_isolated_full/partition0/romfs/stage/s211a_3/cache.hpk,experiments/global_korean_glyph_poc_2026-08-12/romforge_isolated_full/partition0/romfs/stage/s211a_3/cache.hpk,FILE,OK,
analysis/global_korean_glyph_poc_2026-08-12/romforge_isolated_full/partition0/romfs/stage/s211a_3/data.cnf,experiments/global_korean_glyph_poc_2026-08-12/romforge_isolated_full/partition0/romfs/stage/s211a_3/data.cnf,FILE,OK,
analysis/global_korean_glyph_poc_2026-08-12/romforge_isolated_full/partition0/romfs/stage/s211a_3/scenerio.gcx,experiments/global_korean_glyph_poc_2026-08-12/romforge_isolated_full/partition0/romfs/stage/s211a_3/scenerio.gcx,FILE,OK,
analysis/global_korean_glyph_poc_2026-08-12/romforge_isolated_full/partition0/romfs/stage/s221a_0/cache.hpk,experiments/global_korean_glyph_poc_2026-08-12/romforge_isolated_full/partition0/romfs/stage/s221a_0/cache.hpk,FILE,OK,
analysis/global_korean_glyph_poc_2026-08-12/romforge_isolated_full/partition0/romfs/stage/s221a_0/data.cnf,experiments/global_korean_glyph_poc_2026-08-12/romforge_isolated_full/partition0/romfs/stage/s221a_0/data.cnf,FILE,OK,
analysis/global_korean_glyph_poc_2026-08-12/romforge_isolated_full/partition0/romfs/stage/s221a_0/scenerio.gcx,experiments/global_korean_glyph_poc_2026-08-12/romforge_isolated_full/partition0/romfs/stage/s221a_0/scenerio.gcx,FILE,OK,
analysis/global_korean_glyph_poc_2026-08-12/romforge_isolated_full/partition0/romfs/stage/s223a_0/cache.hpk,experiments/global_korean_glyph_poc_2026-08-12/romforge_isolated_full/partition0/romfs/stage/s223a_0/cache.hpk,FILE,OK,
analysis/global_korean_glyph_poc_2026-08-12/romforge_isolated_full/partition0/romfs/stage/s223a_0/data.cnf,experiments/global_korean_glyph_poc_2026-08-12/romforge_isolated_full/partition0/romfs/stage/s223a_0/data.cnf,FILE,OK,
analysis/global_korean_glyph_poc_2026-08-12/romforge_isolated_full/partition0/romfs/stage/s223a_0/scenerio.gcx,experiments/global_korean_glyph_poc_2026-08-12/romforge_isolated_full/partition0/romfs/stage/s223a_0/scenerio.gcx,FILE,OK,
analysis/global_korean_glyph_poc_2026-08-12/romforge_isolated_full/partition0/romfs/stage/s224a_0/cache.hpk,experiments/global_korean_glyph_poc_2026-08-12/romforge_isolated_full/partition0/romfs/stage/s224a_0/cache.hpk,FILE,OK,
analysis/global_korean_glyph_poc_2026-08-12/romforge_isolated_full/partition0/romfs/stage/s224a_0/data.cnf,experiments/global_korean_glyph_poc_2026-08-12/romforge_isolated_full/partition0/romfs/stage/s224a_0/data.cnf,FILE,OK,
analysis/global_korean_glyph_poc_2026-08-12/romforge_isolated_full/partition0/romfs/stage/s224a_0/scenerio.gcx,experiments/global_korean_glyph_poc_2026-08-12/romforge_isolated_full/partition0/romfs/stage/s224a_0/scenerio.gcx,FILE,OK,
analysis/global_korean_glyph_poc_2026-08-12/romforge_isolated_full/partition0/romfs/stage/sdtest/cache.hpk,experiments/global_korean_glyph_poc_2026-08-12/romforge_isolated_full/partition0/romfs/stage/sdtest/cache.hpk,FILE,OK,
analysis/global_korean_glyph_poc_2026-08-12/romforge_isolated_full/partition0/romfs/stage/sdtest/data.cnf,experiments/global_korean_glyph_poc_2026-08-12/romforge_isolated_full/partition0/romfs/stage/sdtest/data.cnf,FILE,OK,
analysis/global_korean_glyph_poc_2026-08-12/romforge_isolated_full/partition0/romfs/stage/sdtest/scenerio.gcx,experiments/global_korean_glyph_poc_2026-08-12/romforge_isolated_full/partition0/romfs/stage/sdtest/scenerio.gcx,FILE,OK,
analysis/global_korean_glyph_poc_2026-08-12/romforge_isolated_full/partition0/romfs/stage/select/cache.hpk,experiments/global_korean_glyph_poc_2026-08-12/romforge_isolated_full/partition0/romfs/stage/select/cache.hpk,FILE,OK,
analysis/global_korean_glyph_poc_2026-08-12/romforge_isolated_full/partition0/romfs/stage/select/data.cnf,experiments/global_korean_glyph_poc_2026-08-12/romforge_isolated_full/partition0/romfs/stage/select/data.cnf,FILE,OK,
analysis/global_korean_glyph_poc_2026-08-12/romforge_isolated_full/partition0/romfs/stage/select/scenerio.gcx,experiments/global_korean_glyph_poc_2026-08-12/romforge_isolated_full/partition0/romfs/stage/select/scenerio.gcx,FILE,OK,
analysis/global_korean_glyph_poc_2026-08-12/romforge_isolated_full/partition0/romfs/stage/selectD/cache.hpk,experiments/global_korean_glyph_poc_2026-08-12/romforge_isolated_full/partition0/romfs/stage/selectD/cache.hpk,FILE,OK,
analysis/global_korean_glyph_poc_2026-08-12/romforge_isolated_full/partition0/romfs/stage/selectD/data.cnf,experiments/global_korean_glyph_poc_2026-08-12/romforge_isolated_full/partition0/romfs/stage/selectD/data.cnf,FILE,OK,
analysis/global_korean_glyph_poc_2026-08-12/romforge_isolated_full/partition0/romfs/stage/selectD/scenerio.gcx,experiments/global_korean_glyph_poc_2026-08-12/romforge_isolated_full/partition0/romfs/stage/selectD/scenerio.gcx,FILE,OK,
analysis/global_korean_glyph_poc_2026-08-12/romforge_isolated_full/partition0/romfs/stage/selectP/cache.hpk,experiments/global_korean_glyph_poc_2026-08-12/romforge_isolated_full/partition0/romfs/stage/selectP/cache.hpk,FILE,OK,
analysis/global_korean_glyph_poc_2026-08-12/romforge_isolated_full/partition0/romfs/stage/selectP/data.cnf,experiments/global_korean_glyph_poc_2026-08-12/romforge_isolated_full/partition0/romfs/stage/selectP/data.cnf,FILE,OK,
analysis/global_korean_glyph_poc_2026-08-12/romforge_isolated_full/partition0/romfs/stage/selectP/scenerio.gcx,experiments/global_korean_glyph_poc_2026-08-12/romforge_isolated_full/partition0/romfs/stage/selectP/scenerio.gcx,FILE,OK,
analysis/global_korean_glyph_poc_2026-08-12/romforge_isolated_full/partition0/romfs/stage/selectR/cache.hpk,experiments/global_korean_glyph_poc_2026-08-12/romforge_isolated_full/partition0/romfs/stage/selectR/cache.hpk,FILE,OK,
analysis/global_korean_glyph_poc_2026-08-12/romforge_isolated_full/partition0/romfs/stage/selectR/data.cnf,experiments/global_korean_glyph_poc_2026-08-12/romforge_isolated_full/partition0/romfs/stage/selectR/data.cnf,FILE,OK,
analysis/global_korean_glyph_poc_2026-08-12/romforge_isolated_full/partition0/romfs/stage/selectR/scenerio.gcx,experiments/global_korean_glyph_poc_2026-08-12/romforge_isolated_full/partition0/romfs/stage/selectR/scenerio.gcx,FILE,OK,
analysis/global_korean_glyph_poc_2026-08-12/romforge_isolated_full/partition0/romfs/stage/theater/cache.hpk,experiments/global_korean_glyph_poc_2026-08-12/romforge_isolated_full/partition0/romfs/stage/theater/cache.hpk,FILE,OK,
analysis/global_korean_glyph_poc_2026-08-12/romforge_isolated_full/partition0/romfs/stage/theater/data.cnf,experiments/global_korean_glyph_poc_2026-08-12/romforge_isolated_full/partition0/romfs/stage/theater/data.cnf,FILE,OK,
analysis/global_korean_glyph_poc_2026-08-12/romforge_isolated_full/partition0/romfs/stage/theater/scenerio.gcx,experiments/global_korean_glyph_poc_2026-08-12/romforge_isolated_full/partition0/romfs/stage/theater/scenerio.gcx,FILE,OK,
analysis/global_korean_glyph_poc_2026-08-12/romforge_isolated_full/partition0/romfs/stage/title/cache.hpk,experiments/global_korean_glyph_poc_2026-08-12/romforge_isolated_full/partition0/romfs/stage/title/cache.hpk,FILE,OK,
analysis/global_korean_glyph_poc_2026-08-12/romforge_isolated_full/partition0/romfs/stage/title/data.cnf,experiments/global_korean_glyph_poc_2026-08-12/romforge_isolated_full/partition0/romfs/stage/title/data.cnf,FILE,OK,
analysis/global_korean_glyph_poc_2026-08-12/romforge_isolated_full/partition0/romfs/stage/title/scenerio.gcx,experiments/global_korean_glyph_poc_2026-08-12/romforge_isolated_full/partition0/romfs/stage/title/scenerio.gcx,FILE,OK,
analysis/global_korean_glyph_poc_2026-08-12/romforge_isolated_full/partition0/romfs/stage/title0/cache.hpk,experiments/global_korean_glyph_poc_2026-08-12/romforge_isolated_full/partition0/romfs/stage/title0/cache.hpk,FILE,OK,
analysis/global_korean_glyph_poc_2026-08-12/romforge_isolated_full/partition0/romfs/stage/title0/data.cnf,experiments/global_korean_glyph_poc_2026-08-12/romforge_isolated_full/partition0/romfs/stage/title0/data.cnf,FILE,OK,
analysis/global_korean_glyph_poc_2026-08-12/romforge_isolated_full/partition0/romfs/stage/title0/scenerio.gcx,experiments/global_korean_glyph_poc_2026-08-12/romforge_isolated_full/partition0/romfs/stage/title0/scenerio.gcx,FILE,OK,
analysis/global_korean_glyph_poc_2026-08-12/romforge_isolated_full/partition0/romfs/stage/title1/cache.hpk,experiments/global_korean_glyph_poc_2026-08-12/romforge_isolated_full/partition0/romfs/stage/title1/cache.hpk,FILE,OK,
analysis/global_korean_glyph_poc_2026-08-12/romforge_isolated_full/partition0/romfs/stage/title1/data.cnf,experiments/global_korean_glyph_poc_2026-08-12/romforge_isolated_full/partition0/romfs/stage/title1/data.cnf,FILE,OK,
analysis/global_korean_glyph_poc_2026-08-12/romforge_isolated_full/partition0/romfs/stage/title1/scenerio.gcx,experiments/global_korean_glyph_poc_2026-08-12/romforge_isolated_full/partition0/romfs/stage/title1/scenerio.gcx,FILE,OK,
analysis/global_korean_glyph_poc_2026-08-12/romforge_isolated_full/partition0/romfs/stage/v000a_0/cache.hpk,experiments/global_korean_glyph_poc_2026-08-12/romforge_isolated_full/partition0/romfs/stage/v000a_0/cache.hpk,FILE,OK,
analysis/global_korean_glyph_poc_2026-08-12/romforge_isolated_full/partition0/romfs/stage/v000a_0/data.cnf,experiments/global_korean_glyph_poc_2026-08-12/romforge_isolated_full/partition0/romfs/stage/v000a_0/data.cnf,FILE,OK,
analysis/global_korean_glyph_poc_2026-08-12/romforge_isolated_full/partition0/romfs/stage/v000a_0/scenerio.gcx,experiments/global_korean_glyph_poc_2026-08-12/romforge_isolated_full/partition0/romfs/stage/v000a_0/scenerio.gcx,FILE,OK,
analysis/global_korean_glyph_poc_2026-08-12/romforge_isolated_full/partition0/romfs/stage/v000a_0_0/data.cnf,experiments/global_korean_glyph_poc_2026-08-12/romforge_isolated_full/partition0/romfs/stage/v000a_0_0/data.cnf,FILE,OK,
analysis/global_korean_glyph_poc_2026-08-12/romforge_isolated_full/partition0/romfs/stage/v000a_0_0/scenerio.gcx,experiments/global_korean_glyph_poc_2026-08-12/romforge_isolated_full/partition0/romfs/stage/v000a_0_0/scenerio.gcx,FILE,OK,
analysis/global_korean_glyph_poc_2026-08-12/romforge_isolated_full/partition0/romfs/stage/v000a_1/cache.hpk,experiments/global_korean_glyph_poc_2026-08-12/romforge_isolated_full/partition0/romfs/stage/v000a_1/cache.hpk,FILE,OK,
analysis/global_korean_glyph_poc_2026-08-12/romforge_isolated_full/partition0/romfs/stage/v000a_1/data.cnf,experiments/global_korean_glyph_poc_2026-08-12/romforge_isolated_full/partition0/romfs/stage/v000a_1/data.cnf,FILE,OK,
analysis/global_korean_glyph_poc_2026-08-12/romforge_isolated_full/partition0/romfs/stage/v000a_1/scenerio.gcx,experiments/global_korean_glyph_poc_2026-08-12/romforge_isolated_full/partition0/romfs/stage/v000a_1/scenerio.gcx,FILE,OK,
analysis/global_korean_glyph_poc_2026-08-12/romforge_isolated_full/partition0/romfs/stage/v001a/cache.hpk,experiments/global_korean_glyph_poc_2026-08-12/romforge_isolated_full/partition0/romfs/stage/v001a/cache.hpk,FILE,OK,
analysis/global_korean_glyph_poc_2026-08-12/romforge_isolated_full/partition0/romfs/stage/v001a/data.cnf,experiments/global_korean_glyph_poc_2026-08-12/romforge_isolated_full/partition0/romfs/stage/v001a/data.cnf,FILE,OK,
analysis/global_korean_glyph_poc_2026-08-12/romforge_isolated_full/partition0/romfs/stage/v001a/scenerio.gcx,experiments/global_korean_glyph_poc_2026-08-12/romforge_isolated_full/partition0/romfs/stage/v001a/scenerio.gcx,FILE,OK,
analysis/global_korean_glyph_poc_2026-08-12/romforge_isolated_full/partition0/romfs/stage/v001a_0/cache.hpk,experiments/global_korean_glyph_poc_2026-08-12/romforge_isolated_full/partition0/romfs/stage/v001a_0/cache.hpk,FILE,OK,
analysis/global_korean_glyph_poc_2026-08-12/romforge_isolated_full/partition0/romfs/stage/v001a_0/data.cnf,experiments/global_korean_glyph_poc_2026-08-12/romforge_isolated_full/partition0/romfs/stage/v001a_0/data.cnf,FILE,OK,
analysis/global_korean_glyph_poc_2026-08-12/romforge_isolated_full/partition0/romfs/stage/v001a_0/scenerio.gcx,experiments/global_korean_glyph_poc_2026-08-12/romforge_isolated_full/partition0/romfs/stage/v001a_0/scenerio.gcx,FILE,OK,
analysis/global_korean_glyph_poc_2026-08-12/romforge_isolated_full/partition0/romfs/stage/v003a/cache.hpk,experiments/global_korean_glyph_poc_2026-08-12/romforge_isolated_full/partition0/romfs/stage/v003a/cache.hpk,FILE,OK,
analysis/global_korean_glyph_poc_2026-08-12/romforge_isolated_full/partition0/romfs/stage/v003a/data.cnf,experiments/global_korean_glyph_poc_2026-08-12/romforge_isolated_full/partition0/romfs/stage/v003a/data.cnf,FILE,OK,
analysis/global_korean_glyph_poc_2026-08-12/romforge_isolated_full/partition0/romfs/stage/v003a/scenerio.gcx,experiments/global_korean_glyph_poc_2026-08-12/romforge_isolated_full/partition0/romfs/stage/v003a/scenerio.gcx,FILE,OK,
analysis/global_korean_glyph_poc_2026-08-12/romforge_isolated_full/partition0/romfs/stage/v004a/cache.hpk,experiments/global_korean_glyph_poc_2026-08-12/romforge_isolated_full/partition0/romfs/stage/v004a/cache.hpk,FILE,OK,
analysis/global_korean_glyph_poc_2026-08-12/romforge_isolated_full/partition0/romfs/stage/v004a/data.cnf,experiments/global_korean_glyph_poc_2026-08-12/romforge_isolated_full/partition0/romfs/stage/v004a/data.cnf,FILE,OK,
analysis/global_korean_glyph_poc_2026-08-12/romforge_isolated_full/partition0/romfs/stage/v004a/scenerio.gcx,experiments/global_korean_glyph_poc_2026-08-12/romforge_isolated_full/partition0/romfs/stage/v004a/scenerio.gcx,FILE,OK,
analysis/global_korean_glyph_poc_2026-08-12/romforge_isolated_full/partition0/romfs/stage/v004a_0/cache.hpk,experiments/global_korean_glyph_poc_2026-08-12/romforge_isolated_full/partition0/romfs/stage/v004a_0/cache.hpk,FILE,OK,
analysis/global_korean_glyph_poc_2026-08-12/romforge_isolated_full/partition0/romfs/stage/v004a_0/data.cnf,experiments/global_korean_glyph_poc_2026-08-12/romforge_isolated_full/partition0/romfs/stage/v004a_0/data.cnf,FILE,OK,
analysis/global_korean_glyph_poc_2026-08-12/romforge_isolated_full/partition0/romfs/stage/v004a_0/scenerio.gcx,experiments/global_korean_glyph_poc_2026-08-12/romforge_isolated_full/partition0/romfs/stage/v004a_0/scenerio.gcx,FILE,OK,
analysis/global_korean_glyph_poc_2026-08-12/romforge_isolated_full/partition0/romfs/stage/v005a/cache.hpk,experiments/global_korean_glyph_poc_2026-08-12/romforge_isolated_full/partition0/romfs/stage/v005a/cache.hpk,FILE,OK,
analysis/global_korean_glyph_poc_2026-08-12/romforge_isolated_full/partition0/romfs/stage/v005a/data.cnf,experiments/global_korean_glyph_poc_2026-08-12/romforge_isolated_full/partition0/romfs/stage/v005a/data.cnf,FILE,OK,
analysis/global_korean_glyph_poc_2026-08-12/romforge_isolated_full/partition0/romfs/stage/v005a/scenerio.gcx,experiments/global_korean_glyph_poc_2026-08-12/romforge_isolated_full/partition0/romfs/stage/v005a/scenerio.gcx,FILE,OK,
analysis/global_korean_glyph_poc_2026-08-12/romforge_isolated_full/partition0/romfs/stage/v005a_0/cache.hpk,experiments/global_korean_glyph_poc_2026-08-12/romforge_isolated_full/partition0/romfs/stage/v005a_0/cache.hpk,FILE,OK,
analysis/global_korean_glyph_poc_2026-08-12/romforge_isolated_full/partition0/romfs/stage/v005a_0/data.cnf,experiments/global_korean_glyph_poc_2026-08-12/romforge_isolated_full/partition0/romfs/stage/v005a_0/data.cnf,FILE,OK,
analysis/global_korean_glyph_poc_2026-08-12/romforge_isolated_full/partition0/romfs/stage/v005a_0/scenerio.gcx,experiments/global_korean_glyph_poc_2026-08-12/romforge_isolated_full/partition0/romfs/stage/v005a_0/scenerio.gcx,FILE,OK,
analysis/global_korean_glyph_poc_2026-08-12/romforge_isolated_full/partition0/romfs/stage/v005a_1/cache.hpk,experiments/global_korean_glyph_poc_2026-08-12/romforge_isolated_full/partition0/romfs/stage/v005a_1/cache.hpk,FILE,OK,
analysis/global_korean_glyph_poc_2026-08-12/romforge_isolated_full/partition0/romfs/stage/v005a_1/data.cnf,experiments/global_korean_glyph_poc_2026-08-12/romforge_isolated_full/partition0/romfs/stage/v005a_1/data.cnf,FILE,OK,
analysis/global_korean_glyph_poc_2026-08-12/romforge_isolated_full/partition0/romfs/stage/v005a_1/scenerio.gcx,experiments/global_korean_glyph_poc_2026-08-12/romforge_isolated_full/partition0/romfs/stage/v005a_1/scenerio.gcx,FILE,OK,
analysis/global_korean_glyph_poc_2026-08-12/romforge_isolated_full/partition0/romfs/stage/v005a_2/cache.hpk,experiments/global_korean_glyph_poc_2026-08-12/romforge_isolated_full/partition0/romfs/stage/v005a_2/cache.hpk,FILE,OK,
analysis/global_korean_glyph_poc_2026-08-12/romforge_isolated_full/partition0/romfs/stage/v005a_2/data.cnf,experiments/global_korean_glyph_poc_2026-08-12/romforge_isolated_full/partition0/romfs/stage/v005a_2/data.cnf,FILE,OK,
analysis/global_korean_glyph_poc_2026-08-12/romforge_isolated_full/partition0/romfs/stage/v005a_2/scenerio.gcx,experiments/global_korean_glyph_poc_2026-08-12/romforge_isolated_full/partition0/romfs/stage/v005a_2/scenerio.gcx,FILE,OK,
analysis/global_korean_glyph_poc_2026-08-12/romforge_isolated_full/partition0/romfs/stage/v006a/cache.hpk,experiments/global_korean_glyph_poc_2026-08-12/romforge_isolated_full/partition0/romfs/stage/v006a/cache.hpk,FILE,OK,
analysis/global_korean_glyph_poc_2026-08-12/romforge_isolated_full/partition0/romfs/stage/v006a/data.cnf,experiments/global_korean_glyph_poc_2026-08-12/romforge_isolated_full/partition0/romfs/stage/v006a/data.cnf,FILE,OK,
analysis/global_korean_glyph_poc_2026-08-12/romforge_isolated_full/partition0/romfs/stage/v006a/scenerio.gcx,experiments/global_korean_glyph_poc_2026-08-12/romforge_isolated_full/partition0/romfs/stage/v006a/scenerio.gcx,FILE,OK,
analysis/global_korean_glyph_poc_2026-08-12/romforge_isolated_full/partition0/romfs/stage/v006a_0/cache.hpk,experiments/global_korean_glyph_poc_2026-08-12/romforge_isolated_full/partition0/romfs/stage/v006a_0/cache.hpk,FILE,OK,
analysis/global_korean_glyph_poc_2026-08-12/romforge_isolated_full/partition0/romfs/stage/v006a_0/data.cnf,experiments/global_korean_glyph_poc_2026-08-12/romforge_isolated_full/partition0/romfs/stage/v006a_0/data.cnf,FILE,OK,
analysis/global_korean_glyph_poc_2026-08-12/romforge_isolated_full/partition0/romfs/stage/v006a_0/scenerio.gcx,experiments/global_korean_glyph_poc_2026-08-12/romforge_isolated_full/partition0/romfs/stage/v006a_0/scenerio.gcx,FILE,OK,
analysis/global_korean_glyph_poc_2026-08-12/romforge_isolated_full/partition0/romfs/stage/v006a_0_0/data.cnf,experiments/global_korean_glyph_poc_2026-08-12/romforge_isolated_full/partition0/romfs/stage/v006a_0_0/data.cnf,FILE,OK,
analysis/global_korean_glyph_poc_2026-08-12/romforge_isolated_full/partition0/romfs/stage/v006a_0_0/scenerio.gcx,experiments/global_korean_glyph_poc_2026-08-12/romforge_isolated_full/partition0/romfs/stage/v006a_0_0/scenerio.gcx,FILE,OK,
analysis/global_korean_glyph_poc_2026-08-12/romforge_isolated_full/partition0/romfs/stage/v006b/cache.hpk,experiments/global_korean_glyph_poc_2026-08-12/romforge_isolated_full/partition0/romfs/stage/v006b/cache.hpk,FILE,OK,
analysis/global_korean_glyph_poc_2026-08-12/romforge_isolated_full/partition0/romfs/stage/v006b/data.cnf,experiments/global_korean_glyph_poc_2026-08-12/romforge_isolated_full/partition0/romfs/stage/v006b/data.cnf,FILE,OK,
analysis/global_korean_glyph_poc_2026-08-12/romforge_isolated_full/partition0/romfs/stage/v006b/scenerio.gcx,experiments/global_korean_glyph_poc_2026-08-12/romforge_isolated_full/partition0/romfs/stage/v006b/scenerio.gcx,FILE,OK,
analysis/global_korean_glyph_poc_2026-08-12/romforge_isolated_full/partition0/romfs/stage/v007a/cache.hpk,experiments/global_korean_glyph_poc_2026-08-12/romforge_isolated_full/partition0/romfs/stage/v007a/cache.hpk,FILE,OK,
analysis/global_korean_glyph_poc_2026-08-12/romforge_isolated_full/partition0/romfs/stage/v007a/data.cnf,experiments/global_korean_glyph_poc_2026-08-12/romforge_isolated_full/partition0/romfs/stage/v007a/data.cnf,FILE,OK,
analysis/global_korean_glyph_poc_2026-08-12/romforge_isolated_full/partition0/romfs/stage/v007a/scenerio.gcx,experiments/global_korean_glyph_poc_2026-08-12/romforge_isolated_full/partition0/romfs/stage/v007a/scenerio.gcx,FILE,OK,
analysis/global_korean_glyph_poc_2026-08-12/romforge_isolated_full/partition0/romfs/stage/v007a_0/cache.hpk,experiments/global_korean_glyph_poc_2026-08-12/romforge_isolated_full/partition0/romfs/stage/v007a_0/cache.hpk,FILE,OK,
analysis/global_korean_glyph_poc_2026-08-12/romforge_isolated_full/partition0/romfs/stage/v007a_0/data.cnf,experiments/global_korean_glyph_poc_2026-08-12/romforge_isolated_full/partition0/romfs/stage/v007a_0/data.cnf,FILE,OK,
analysis/global_korean_glyph_poc_2026-08-12/romforge_isolated_full/partition0/romfs/stage/v007a_0/scenerio.gcx,experiments/global_korean_glyph_poc_2026-08-12/romforge_isolated_full/partition0/romfs/stage/v007a_0/scenerio.gcx,FILE,OK,
analysis/global_korean_glyph_poc_2026-08-12/romforge_isolated_full/partition0/romfs/stage/v008a_0/cache.hpk,experiments/global_korean_glyph_poc_2026-08-12/romforge_isolated_full/partition0/romfs/stage/v008a_0/cache.hpk,FILE,OK,
analysis/global_korean_glyph_poc_2026-08-12/romforge_isolated_full/partition0/romfs/stage/v008a_0/data.cnf,experiments/global_korean_glyph_poc_2026-08-12/romforge_isolated_full/partition0/romfs/stage/v008a_0/data.cnf,FILE,OK,
analysis/global_korean_glyph_poc_2026-08-12/romforge_isolated_full/partition0/romfs/stage/v008a_0/scenerio.gcx,experiments/global_korean_glyph_poc_2026-08-12/romforge_isolated_full/partition0/romfs/stage/v008a_0/scenerio.gcx,FILE,OK,
analysis/global_korean_glyph_poc_2026-08-12/romforge_isolated_full/partition0/romfs/ui/font.la2,experiments/global_korean_glyph_poc_2026-08-12/romforge_isolated_full/partition0/romfs/ui/font.la2,FILE,OK,
analysis/global_korean_glyph_poc_2026-08-12/romforge_isolated_full/partition0/romfs/ui/homeNixSign.la2,experiments/global_korean_glyph_poc_2026-08-12/romforge_isolated_full/partition0/romfs/ui/homeNixSign.la2,FILE,OK,
analysis/global_korean_glyph_poc_2026-08-12/romforge_isolated_full/partition0/romfs/ui/cockpit/ActionIcon.la2,experiments/global_korean_glyph_poc_2026-08-12/romforge_isolated_full/partition0/romfs/ui/cockpit/ActionIcon.la2,FILE,OK,
analysis/global_korean_glyph_poc_2026-08-12/romforge_isolated_full/partition0/romfs/ui/cockpit/ending_thanks_bottom.la2,experiments/global_korean_glyph_poc_2026-08-12/romforge_isolated_full/partition0/romfs/ui/cockpit/ending_thanks_bottom.la2,FILE,OK,
analysis/global_korean_glyph_poc_2026-08-12/romforge_isolated_full/partition0/romfs/ui/cockpit/ending_thanks_top.la2,experiments/global_korean_glyph_poc_2026-08-12/romforge_isolated_full/partition0/romfs/ui/cockpit/ending_thanks_top.la2,FILE,OK,
analysis/global_korean_glyph_poc_2026-08-12/romforge_isolated_full/partition0/romfs/ui/cockpit/enemy_counter.la2,experiments/global_korean_glyph_poc_2026-08-12/romforge_isolated_full/partition0/romfs/ui/cockpit/enemy_counter.la2,FILE,OK,
analysis/global_korean_glyph_poc_2026-08-12/romforge_isolated_full/partition0/romfs/ui/cockpit/enemy_counter_e.la2,experiments/global_korean_glyph_poc_2026-08-12/romforge_isolated_full/partition0/romfs/ui/cockpit/enemy_counter_e.la2,FILE,OK,
analysis/global_korean_glyph_poc_2026-08-12/romforge_isolated_full/partition0/romfs/ui/cockpit/enemy_counter_f.la2,experiments/global_korean_glyph_poc_2026-08-12/romforge_isolated_full/partition0/romfs/ui/cockpit/enemy_counter_f.la2,FILE,OK,
analysis/global_korean_glyph_poc_2026-08-12/romforge_isolated_full/partition0/romfs/ui/cockpit/enemy_counter_g.la2,experiments/global_korean_glyph_poc_2026-08-12/romforge_isolated_full/partition0/romfs/ui/cockpit/enemy_counter_g.la2,FILE,OK,
analysis/global_korean_glyph_poc_2026-08-12/romforge_isolated_full/partition0/romfs/ui/cockpit/enemy_counter_i.la2,experiments/global_korean_glyph_poc_2026-08-12/romforge_isolated_full/partition0/romfs/ui/cockpit/enemy_counter_i.la2,FILE,OK,
analysis/global_korean_glyph_poc_2026-08-12/romforge_isolated_full/partition0/romfs/ui/cockpit/enemy_counter_j.la2,experiments/global_korean_glyph_poc_2026-08-12/romforge_isolated_full/partition0/romfs/ui/cockpit/enemy_counter_j.la2,FILE,OK,
analysis/global_korean_glyph_poc_2026-08-12/romforge_isolated_full/partition0/romfs/ui/cockpit/enemy_counter_s.la2,experiments/global_korean_glyph_poc_2026-08-12/romforge_isolated_full/partition0/romfs/ui/cockpit/enemy_counter_s.la2,FILE,OK,
analysis/global_korean_glyph_poc_2026-08-12/romforge_isolated_full/partition0/romfs/ui/cockpit/gyro.la2,experiments/global_korean_glyph_poc_2026-08-12/romforge_isolated_full/partition0/romfs/ui/cockpit/gyro.la2,FILE,OK,
analysis/global_korean_glyph_poc_2026-08-12/romforge_isolated_full/partition0/romfs/ui/cockpit/map_icons.la2,experiments/global_korean_glyph_poc_2026-08-12/romforge_isolated_full/partition0/romfs/ui/cockpit/map_icons.la2,FILE,OK,
analysis/global_korean_glyph_poc_2026-08-12/romforge_isolated_full/partition0/romfs/ui/cockpit/PhaseGauge.la2,experiments/global_korean_glyph_poc_2026-08-12/romforge_isolated_full/partition0/romfs/ui/cockpit/PhaseGauge.la2,FILE,OK,
analysis/global_korean_glyph_poc_2026-08-12/romforge_isolated_full/partition0/romfs/ui/cockpit/player_gauge.la2,experiments/global_korean_glyph_poc_2026-08-12/romforge_isolated_full/partition0/romfs/ui/cockpit/player_gauge.la2,FILE,OK,
analysis/global_korean_glyph_poc_2026-08-12/romforge_isolated_full/partition0/romfs/ui/cockpit/TargetSight.la2,experiments/global_korean_glyph_poc_2026-08-12/romforge_isolated_full/partition0/romfs/ui/cockpit/TargetSight.la2,FILE,OK,
analysis/global_korean_glyph_poc_2026-08-12/romforge_isolated_full/partition0/romfs/ui/cockpit/time_counter.la2,experiments/global_korean_glyph_poc_2026-08-12/romforge_isolated_full/partition0/romfs/ui/cockpit/time_counter.la2,FILE,OK,
analysis/global_korean_glyph_poc_2026-08-12/romforge_isolated_full/partition0/romfs/ui/cockpit/time_counter_e.la2,experiments/global_korean_glyph_poc_2026-08-12/romforge_isolated_full/partition0/romfs/ui/cockpit/time_counter_e.la2,FILE,OK,
analysis/global_korean_glyph_poc_2026-08-12/romforge_isolated_full/partition0/romfs/ui/cockpit/time_counter_f.la2,experiments/global_korean_glyph_poc_2026-08-12/romforge_isolated_full/partition0/romfs/ui/cockpit/time_counter_f.la2,FILE,OK,
analysis/global_korean_glyph_poc_2026-08-12/romforge_isolated_full/partition0/romfs/ui/cockpit/time_counter_g.la2,experiments/global_korean_glyph_poc_2026-08-12/romforge_isolated_full/partition0/romfs/ui/cockpit/time_counter_g.la2,FILE,OK,
analysis/global_korean_glyph_poc_2026-08-12/romforge_isolated_full/partition0/romfs/ui/cockpit/time_counter_i.la2,experiments/global_korean_glyph_poc_2026-08-12/romforge_isolated_full/partition0/romfs/ui/cockpit/time_counter_i.la2,FILE,OK,
analysis/global_korean_glyph_poc_2026-08-12/romforge_isolated_full/partition0/romfs/ui/cockpit/time_counter_j.la2,experiments/global_korean_glyph_poc_2026-08-12/romforge_isolated_full/partition0/romfs/ui/cockpit/time_counter_j.la2,FILE,OK,
analysis/global_korean_glyph_poc_2026-08-12/romforge_isolated_full/partition0/romfs/ui/cockpit/time_counter_s.la2,experiments/global_korean_glyph_poc_2026-08-12/romforge_isolated_full/partition0/romfs/ui/cockpit/time_counter_s.la2,FILE,OK,
analysis/global_korean_glyph_poc_2026-08-12/romforge_isolated_full/partition0/romfs/ui/cockpit/title_ESRB-RP_bottom.la2,experiments/global_korean_glyph_poc_2026-08-12/romforge_isolated_full/partition0/romfs/ui/cockpit/title_ESRB-RP_bottom.la2,FILE,OK,
analysis/global_korean_glyph_poc_2026-08-12/romforge_isolated_full/partition0/romfs/ui/cockpit/title_ESRB-RP_top.la2,experiments/global_korean_glyph_poc_2026-08-12/romforge_isolated_full/partition0/romfs/ui/cockpit/title_ESRB-RP_top.la2,FILE,OK,
analysis/global_korean_glyph_poc_2026-08-12/romforge_isolated_full/partition0/romfs/ui/cockpit/title_key_bottom.la2,experiments/global_korean_glyph_poc_2026-08-12/romforge_isolated_full/partition0/romfs/ui/cockpit/title_key_bottom.la2,FILE,OK,
analysis/global_korean_glyph_poc_2026-08-12/romforge_isolated_full/partition0/romfs/ui/cockpit/title_key_top.la2,experiments/global_korean_glyph_poc_2026-08-12/romforge_isolated_full/partition0/romfs/ui/cockpit/title_key_top.la2,FILE,OK,
analysis/global_korean_glyph_poc_2026-08-12/romforge_isolated_full/partition0/romfs/ui/cockpit/title_konami_bottom.la2,experiments/global_korean_glyph_poc_2026-08-12/romforge_isolated_full/partition0/romfs/ui/cockpit/title_konami_bottom.la2,FILE,OK,
analysis/global_korean_glyph_poc_2026-08-12/romforge_isolated_full/partition0/romfs/ui/cockpit/title_konami_top.la2,experiments/global_korean_glyph_poc_2026-08-12/romforge_isolated_full/partition0/romfs/ui/cockpit/title_konami_top.la2,FILE,OK,
analysis/global_korean_glyph_poc_2026-08-12/romforge_isolated_full/partition0/romfs/ui/cockpit/title_MGS_bottom.la2,experiments/global_korean_glyph_poc_2026-08-12/romforge_isolated_full/partition0/romfs/ui/cockpit/title_MGS_bottom.la2,FILE,OK,
analysis/global_korean_glyph_poc_2026-08-12/romforge_isolated_full/partition0/romfs/ui/cockpit/title_MGS_top.la2,experiments/global_korean_glyph_poc_2026-08-12/romforge_isolated_full/partition0/romfs/ui/cockpit/title_MGS_top.la2,FILE,OK,
analysis/global_korean_glyph_poc_2026-08-12/romforge_isolated_full/partition0/romfs/ui/cockpit/scope/anaesthesia.la2,experiments/global_korean_glyph_poc_2026-08-12/romforge_isolated_full/partition0/romfs/ui/cockpit/scope/anaesthesia.la2,FILE,OK,
analysis/global_korean_glyph_poc_2026-08-12/romforge_isolated_full/partition0/romfs/ui/cockpit/scope/camera.la2,experiments/global_korean_glyph_poc_2026-08-12/romforge_isolated_full/partition0/romfs/ui/cockpit/scope/camera.la2,FILE,OK,
analysis/global_korean_glyph_poc_2026-08-12/romforge_isolated_full/partition0/romfs/ui/cockpit/scope/dragunov.la2,experiments/global_korean_glyph_poc_2026-08-12/romforge_isolated_full/partition0/romfs/ui/cockpit/scope/dragunov.la2,FILE,OK,
analysis/global_korean_glyph_poc_2026-08-12/romforge_isolated_full/partition0/romfs/ui/cockpit/scope/gl.la2,experiments/global_korean_glyph_poc_2026-08-12/romforge_isolated_full/partition0/romfs/ui/cockpit/scope/gl.la2,FILE,OK,
analysis/global_korean_glyph_poc_2026-08-12/romforge_isolated_full/partition0/romfs/ui/cockpit/scope/intrude.la2,experiments/global_korean_glyph_poc_2026-08-12/romforge_isolated_full/partition0/romfs/ui/cockpit/scope/intrude.la2,FILE,OK,
analysis/global_korean_glyph_poc_2026-08-12/romforge_isolated_full/partition0/romfs/ui/cockpit/scope/moshinnagan.la2,experiments/global_korean_glyph_poc_2026-08-12/romforge_isolated_full/partition0/romfs/ui/cockpit/scope/moshinnagan.la2,FILE,OK,
analysis/global_korean_glyph_poc_2026-08-12/romforge_isolated_full/partition0/romfs/ui/cockpit/scope/rpg7.la2,experiments/global_korean_glyph_poc_2026-08-12/romforge_isolated_full/partition0/romfs/ui/cockpit/scope/rpg7.la2,FILE,OK,
analysis/global_korean_glyph_poc_2026-08-12/romforge_isolated_full/partition0/romfs/ui/cockpit/scope/scope.la2,experiments/global_korean_glyph_poc_2026-08-12/romforge_isolated_full/partition0/romfs/ui/cockpit/scope/scope.la2,FILE,OK,
analysis/global_korean_glyph_poc_2026-08-12/romforge_isolated_full/partition0/romfs/ui/cockpit/scope/zu23.la2,experiments/global_korean_glyph_poc_2026-08-12/romforge_isolated_full/partition0/romfs/ui/cockpit/scope/zu23.la2,FILE,OK,
analysis/global_korean_glyph_poc_2026-08-12/romforge_isolated_full/partition0/romfs/ui/map/1793034.la2,experiments/global_korean_glyph_poc_2026-08-12/romforge_isolated_full/partition0/romfs/ui/map/1793034.la2,FILE,OK,
analysis/global_korean_glyph_poc_2026-08-12/romforge_isolated_full/partition0/romfs/ui/map/1877929.la2,experiments/global_korean_glyph_poc_2026-08-12/romforge_isolated_full/partition0/romfs/ui/map/1877929.la2,FILE,OK,
analysis/global_korean_glyph_poc_2026-08-12/romforge_isolated_full/partition0/romfs/ui/map/1877961.la2,experiments/global_korean_glyph_poc_2026-08-12/romforge_isolated_full/partition0/romfs/ui/map/1877961.la2,FILE,OK,
analysis/global_korean_glyph_poc_2026-08-12/romforge_isolated_full/partition0/romfs/ui/map/1878121.la2,experiments/global_korean_glyph_poc_2026-08-12/romforge_isolated_full/partition0/romfs/ui/map/1878121.la2,FILE,OK,
analysis/global_korean_glyph_poc_2026-08-12/romforge_isolated_full/partition0/romfs/ui/map/1878153.la2,experiments/global_korean_glyph_poc_2026-08-12/romforge_isolated_full/partition0/romfs/ui/map/1878153.la2,FILE,OK,
analysis/global_korean_glyph_poc_2026-08-12/romforge_isolated_full/partition0/romfs/ui/map/3815623.la2,experiments/global_korean_glyph_poc_2026-08-12/romforge_isolated_full/partition0/romfs/ui/map/3815623.la2,FILE,OK,
analysis/global_korean_glyph_poc_2026-08-12/romforge_isolated_full/partition0/romfs/ui/map/4026551.la2,experiments/global_korean_glyph_poc_2026-08-12/romforge_isolated_full/partition0/romfs/ui/map/4026551.la2,FILE,OK,
analysis/global_korean_glyph_poc_2026-08-12/romforge_isolated_full/partition0/romfs/ui/map/4769416.la2,experiments/global_korean_glyph_poc_2026-08-12/romforge_isolated_full/partition0/romfs/ui/map/4769416.la2,FILE,OK,
analysis/global_korean_glyph_poc_2026-08-12/romforge_isolated_full/partition0/romfs/ui/map/4769448.la2,experiments/global_korean_glyph_poc_2026-08-12/romforge_isolated_full/partition0/romfs/ui/map/4769448.la2,FILE,OK,
analysis/global_korean_glyph_poc_2026-08-12/romforge_isolated_full/partition0/romfs/ui/map/4769480.la2,experiments/global_korean_glyph_poc_2026-08-12/romforge_isolated_full/partition0/romfs/ui/map/4769480.la2,FILE,OK,
analysis/global_korean_glyph_poc_2026-08-12/romforge_isolated_full/partition0/romfs/ui/map/4769512.la2,experiments/global_korean_glyph_poc_2026-08-12/romforge_isolated_full/partition0/romfs/ui/map/4769512.la2,FILE,OK,
analysis/global_korean_glyph_poc_2026-08-12/romforge_isolated_full/partition0/romfs/ui/map/4769513.la2,experiments/global_korean_glyph_poc_2026-08-12/romforge_isolated_full/partition0/romfs/ui/map/4769513.la2,FILE,OK,
analysis/global_korean_glyph_poc_2026-08-12/romforge_isolated_full/partition0/romfs/ui/map/4769544.la2,experiments/global_korean_glyph_poc_2026-08-12/romforge_isolated_full/partition0/romfs/ui/map/4769544.la2,FILE,OK,
analysis/global_korean_glyph_poc_2026-08-12/romforge_isolated_full/partition0/romfs/ui/map/4769576.la2,experiments/global_korean_glyph_poc_2026-08-12/romforge_isolated_full/partition0/romfs/ui/map/4769576.la2,FILE,OK,
analysis/global_korean_glyph_poc_2026-08-12/romforge_isolated_full/partition0/romfs/ui/map/4769608.la2,experiments/global_korean_glyph_poc_2026-08-12/romforge_isolated_full/partition0/romfs/ui/map/4769608.la2,FILE,OK,
analysis/global_korean_glyph_poc_2026-08-12/romforge_isolated_full/partition0/romfs/ui/map/4770440.la2,experiments/global_korean_glyph_poc_2026-08-12/romforge_isolated_full/partition0/romfs/ui/map/4770440.la2,FILE,OK,
analysis/global_korean_glyph_poc_2026-08-12/romforge_isolated_full/partition0/romfs/ui/map/4770472.la2,experiments/global_korean_glyph_poc_2026-08-12/romforge_isolated_full/partition0/romfs/ui/map/4770472.la2,FILE,OK,
analysis/global_korean_glyph_poc_2026-08-12/romforge_isolated_full/partition0/romfs/ui/map/4770504.la2,experiments/global_korean_glyph_poc_2026-08-12/romforge_isolated_full/partition0/romfs/ui/map/4770504.la2,FILE,OK,
analysis/global_korean_glyph_poc_2026-08-12/romforge_isolated_full/partition0/romfs/ui/map/4770536.la2,experiments/global_korean_glyph_poc_2026-08-12/romforge_isolated_full/partition0/romfs/ui/map/4770536.la2,FILE,OK,
analysis/global_korean_glyph_poc_2026-08-12/romforge_isolated_full/partition0/romfs/ui/map/4771464.la2,experiments/global_korean_glyph_poc_2026-08-12/romforge_isolated_full/partition0/romfs/ui/map/4771464.la2,FILE,OK,
analysis/global_korean_glyph_poc_2026-08-12/romforge_isolated_full/partition0/romfs/ui/map/4771496.la2,experiments/global_korean_glyph_poc_2026-08-12/romforge_isolated_full/partition0/romfs/ui/map/4771496.la2,FILE,OK,
analysis/global_korean_glyph_poc_2026-08-12/romforge_isolated_full/partition0/romfs/ui/map/4771528.la2,experiments/global_korean_glyph_poc_2026-08-12/romforge_isolated_full/partition0/romfs/ui/map/4771528.la2,FILE,OK,
analysis/global_korean_glyph_poc_2026-08-12/romforge_isolated_full/partition0/romfs/ui/map/4772488.la2,experiments/global_korean_glyph_poc_2026-08-12/romforge_isolated_full/partition0/romfs/ui/map/4772488.la2,FILE,OK,
analysis/global_korean_glyph_poc_2026-08-12/romforge_isolated_full/partition0/romfs/ui/map/4772520.la2,experiments/global_korean_glyph_poc_2026-08-12/romforge_isolated_full/partition0/romfs/ui/map/4772520.la2,FILE,OK,
analysis/global_korean_glyph_poc_2026-08-12/romforge_isolated_full/partition0/romfs/ui/map/4772521.la2,experiments/global_korean_glyph_poc_2026-08-12/romforge_isolated_full/partition0/romfs/ui/map/4772521.la2,FILE,OK,
analysis/global_korean_glyph_poc_2026-08-12/romforge_isolated_full/partition0/romfs/ui/map/4772552.la2,experiments/global_korean_glyph_poc_2026-08-12/romforge_isolated_full/partition0/romfs/ui/map/4772552.la2,FILE,OK,
analysis/global_korean_glyph_poc_2026-08-12/romforge_isolated_full/partition0/romfs/ui/map/4773512.la2,experiments/global_korean_glyph_poc_2026-08-12/romforge_isolated_full/partition0/romfs/ui/map/4773512.la2,FILE,OK,
analysis/global_korean_glyph_poc_2026-08-12/romforge_isolated_full/partition0/romfs/ui/map/4773544.la2,experiments/global_korean_glyph_poc_2026-08-12/romforge_isolated_full/partition0/romfs/ui/map/4773544.la2,FILE,OK,
analysis/global_korean_glyph_poc_2026-08-12/romforge_isolated_full/partition0/romfs/ui/map/4773576.la2,experiments/global_korean_glyph_poc_2026-08-12/romforge_isolated_full/partition0/romfs/ui/map/4773576.la2,FILE,OK,
analysis/global_korean_glyph_poc_2026-08-12/romforge_isolated_full/partition0/romfs/ui/map/4773608.la2,experiments/global_korean_glyph_poc_2026-08-12/romforge_isolated_full/partition0/romfs/ui/map/4773608.la2,FILE,OK,
analysis/global_korean_glyph_poc_2026-08-12/romforge_isolated_full/partition0/romfs/ui/map/4773640.la2,experiments/global_korean_glyph_poc_2026-08-12/romforge_isolated_full/partition0/romfs/ui/map/4773640.la2,FILE,OK,
analysis/global_korean_glyph_poc_2026-08-12/romforge_isolated_full/partition0/romfs/ui/map/4774536.la2,experiments/global_korean_glyph_poc_2026-08-12/romforge_isolated_full/partition0/romfs/ui/map/4774536.la2,FILE,OK,
analysis/global_korean_glyph_poc_2026-08-12/romforge_isolated_full/partition0/romfs/ui/map/4774537.la2,experiments/global_korean_glyph_poc_2026-08-12/romforge_isolated_full/partition0/romfs/ui/map/4774537.la2,FILE,OK,
analysis/global_korean_glyph_poc_2026-08-12/romforge_isolated_full/partition0/romfs/ui/map/4774568.la2,experiments/global_korean_glyph_poc_2026-08-12/romforge_isolated_full/partition0/romfs/ui/map/4774568.la2,FILE,OK,
analysis/global_korean_glyph_poc_2026-08-12/romforge_isolated_full/partition0/romfs/ui/map/4774569.la2,experiments/global_korean_glyph_poc_2026-08-12/romforge_isolated_full/partition0/romfs/ui/map/4774569.la2,FILE,OK,
analysis/global_korean_glyph_poc_2026-08-12/romforge_isolated_full/partition0/romfs/ui/map/4774600.la2,experiments/global_korean_glyph_poc_2026-08-12/romforge_isolated_full/partition0/romfs/ui/map/4774600.la2,FILE,OK,
analysis/global_korean_glyph_poc_2026-08-12/romforge_isolated_full/partition0/romfs/ui/map/4774664.la2,experiments/global_korean_glyph_poc_2026-08-12/romforge_isolated_full/partition0/romfs/ui/map/4774664.la2,FILE,OK,
analysis/global_korean_glyph_poc_2026-08-12/romforge_isolated_full/partition0/romfs/ui/map/4774696.la2,experiments/global_korean_glyph_poc_2026-08-12/romforge_isolated_full/partition0/romfs/ui/map/4774696.la2,FILE,OK,
analysis/global_korean_glyph_poc_2026-08-12/romforge_isolated_full/partition0/romfs/ui/map/4775560.la2,experiments/global_korean_glyph_poc_2026-08-12/romforge_isolated_full/partition0/romfs/ui/map/4775560.la2,FILE,OK,
analysis/global_korean_glyph_poc_2026-08-12/romforge_isolated_full/partition0/romfs/ui/map/4775592.la2,experiments/global_korean_glyph_poc_2026-08-12/romforge_isolated_full/partition0/romfs/ui/map/4775592.la2,FILE,OK,
analysis/global_korean_glyph_poc_2026-08-12/romforge_isolated_full/partition0/romfs/ui/map/4775624.la2,experiments/global_korean_glyph_poc_2026-08-12/romforge_isolated_full/partition0/romfs/ui/map/4775624.la2,FILE,OK,
analysis/global_korean_glyph_poc_2026-08-12/romforge_isolated_full/partition0/romfs/ui/map/4775656.la2,experiments/global_korean_glyph_poc_2026-08-12/romforge_isolated_full/partition0/romfs/ui/map/4775656.la2,FILE,OK,
analysis/global_korean_glyph_poc_2026-08-12/romforge_isolated_full/partition0/romfs/ui/map/4775688.la2,experiments/global_korean_glyph_poc_2026-08-12/romforge_isolated_full/partition0/romfs/ui/map/4775688.la2,FILE,OK,
analysis/global_korean_glyph_poc_2026-08-12/romforge_isolated_full/partition0/romfs/ui/map/4775720.la2,experiments/global_korean_glyph_poc_2026-08-12/romforge_isolated_full/partition0/romfs/ui/map/4775720.la2,FILE,OK,
analysis/global_korean_glyph_poc_2026-08-12/romforge_isolated_full/partition0/romfs/ui/map/4776584.la2,experiments/global_korean_glyph_poc_2026-08-12/romforge_isolated_full/partition0/romfs/ui/map/4776584.la2,FILE,OK,
analysis/global_korean_glyph_poc_2026-08-12/romforge_isolated_full/partition0/romfs/ui/map/4776616.la2,experiments/global_korean_glyph_poc_2026-08-12/romforge_isolated_full/partition0/romfs/ui/map/4776616.la2,FILE,OK,
analysis/global_korean_glyph_poc_2026-08-12/romforge_isolated_full/partition0/romfs/ui/map/4776648.la2,experiments/global_korean_glyph_poc_2026-08-12/romforge_isolated_full/partition0/romfs/ui/map/4776648.la2,FILE,OK,
analysis/global_korean_glyph_poc_2026-08-12/romforge_isolated_full/partition0/romfs/ui/map/4776680.la2,experiments/global_korean_glyph_poc_2026-08-12/romforge_isolated_full/partition0/romfs/ui/map/4776680.la2,FILE,OK,
analysis/global_korean_glyph_poc_2026-08-12/romforge_isolated_full/partition0/romfs/ui/map/4776712.la2,experiments/global_korean_glyph_poc_2026-08-12/romforge_isolated_full/partition0/romfs/ui/map/4776712.la2,FILE,OK,
analysis/global_korean_glyph_poc_2026-08-12/romforge_isolated_full/partition0/romfs/ui/map/4777608.la2,experiments/global_korean_glyph_poc_2026-08-12/romforge_isolated_full/partition0/romfs/ui/map/4777608.la2,FILE,OK,
analysis/global_korean_glyph_poc_2026-08-12/romforge_isolated_full/partition0/romfs/ui/map/4778632.la2,experiments/global_korean_glyph_poc_2026-08-12/romforge_isolated_full/partition0/romfs/ui/map/4778632.la2,FILE,OK,
analysis/global_korean_glyph_poc_2026-08-12/romforge_isolated_full/partition0/romfs/ui/map/4778664.la2,experiments/global_korean_glyph_poc_2026-08-12/romforge_isolated_full/partition0/romfs/ui/map/4778664.la2,FILE,OK,
analysis/global_korean_glyph_poc_2026-08-12/romforge_isolated_full/partition0/romfs/ui/map/4778696.la2,experiments/global_korean_glyph_poc_2026-08-12/romforge_isolated_full/partition0/romfs/ui/map/4778696.la2,FILE,OK,
analysis/global_korean_glyph_poc_2026-08-12/romforge_isolated_full/partition0/romfs/ui/map/4778728.la2,experiments/global_korean_glyph_poc_2026-08-12/romforge_isolated_full/partition0/romfs/ui/map/4778728.la2,FILE,OK,
analysis/global_korean_glyph_poc_2026-08-12/romforge_isolated_full/partition0/romfs/ui/map/4802184.la2,experiments/global_korean_glyph_poc_2026-08-12/romforge_isolated_full/partition0/romfs/ui/map/4802184.la2,FILE,OK,
analysis/global_korean_glyph_poc_2026-08-12/romforge_isolated_full/partition0/romfs/ui/map/4803208.la2,experiments/global_korean_glyph_poc_2026-08-12/romforge_isolated_full/partition0/romfs/ui/map/4803208.la2,FILE,OK,
analysis/global_korean_glyph_poc_2026-08-12/romforge_isolated_full/partition0/romfs/ui/map/4803240.la2,experiments/global_korean_glyph_poc_2026-08-12/romforge_isolated_full/partition0/romfs/ui/map/4803240.la2,FILE,OK,
analysis/global_korean_glyph_poc_2026-08-12/romforge_isolated_full/partition0/romfs/ui/map/4803272.la2,experiments/global_korean_glyph_poc_2026-08-12/romforge_isolated_full/partition0/romfs/ui/map/4803272.la2,FILE,OK,
analysis/global_korean_glyph_poc_2026-08-12/romforge_isolated_full/partition0/romfs/ui/map/4804232.la2,experiments/global_korean_glyph_poc_2026-08-12/romforge_isolated_full/partition0/romfs/ui/map/4804232.la2,FILE,OK,
analysis/global_korean_glyph_poc_2026-08-12/romforge_isolated_full/partition0/romfs/ui/map/4804264.la2,experiments/global_korean_glyph_poc_2026-08-12/romforge_isolated_full/partition0/romfs/ui/map/4804264.la2,FILE,OK,
analysis/global_korean_glyph_poc_2026-08-12/romforge_isolated_full/partition0/romfs/ui/map/4806280.la2,experiments/global_korean_glyph_poc_2026-08-12/romforge_isolated_full/partition0/romfs/ui/map/4806280.la2,FILE,OK,
analysis/global_korean_glyph_poc_2026-08-12/romforge_isolated_full/partition0/romfs/ui/map/4807304.la2,experiments/global_korean_glyph_poc_2026-08-12/romforge_isolated_full/partition0/romfs/ui/map/4807304.la2,FILE,OK,
analysis/global_korean_glyph_poc_2026-08-12/romforge_isolated_full/partition0/romfs/ui/map/4807336.la2,experiments/global_korean_glyph_poc_2026-08-12/romforge_isolated_full/partition0/romfs/ui/map/4807336.la2,FILE,OK,
analysis/global_korean_glyph_poc_2026-08-12/romforge_isolated_full/partition0/romfs/ui/map/4808328.la2,experiments/global_korean_glyph_poc_2026-08-12/romforge_isolated_full/partition0/romfs/ui/map/4808328.la2,FILE,OK,
analysis/global_korean_glyph_poc_2026-08-12/romforge_isolated_full/partition0/romfs/ui/map/4808360.la2,experiments/global_korean_glyph_poc_2026-08-12/romforge_isolated_full/partition0/romfs/ui/map/4808360.la2,FILE,OK,
analysis/global_korean_glyph_poc_2026-08-12/romforge_isolated_full/partition0/romfs/ui/map/4808392.la2,experiments/global_korean_glyph_poc_2026-08-12/romforge_isolated_full/partition0/romfs/ui/map/4808392.la2,FILE,OK,
analysis/global_korean_glyph_poc_2026-08-12/romforge_isolated_full/partition0/romfs/ui/map/4809352.la2,experiments/global_korean_glyph_poc_2026-08-12/romforge_isolated_full/partition0/romfs/ui/map/4809352.la2,FILE,OK,
analysis/global_korean_glyph_poc_2026-08-12/romforge_isolated_full/partition0/romfs/ui/map/4810376.la2,experiments/global_korean_glyph_poc_2026-08-12/romforge_isolated_full/partition0/romfs/ui/map/4810376.la2,FILE,OK,
analysis/global_korean_glyph_poc_2026-08-12/romforge_isolated_full/partition0/romfs/ui/map/4811400.la2,experiments/global_korean_glyph_poc_2026-08-12/romforge_isolated_full/partition0/romfs/ui/map/4811400.la2,FILE,OK,
analysis/global_korean_glyph_poc_2026-08-12/romforge_isolated_full/partition0/romfs/ui/map/4811432.la2,experiments/global_korean_glyph_poc_2026-08-12/romforge_isolated_full/partition0/romfs/ui/map/4811432.la2,FILE,OK,
analysis/global_korean_glyph_poc_2026-08-12/romforge_isolated_full/partition0/romfs/ui/map/4834952.la2,experiments/global_korean_glyph_poc_2026-08-12/romforge_isolated_full/partition0/romfs/ui/map/4834952.la2,FILE,OK,
analysis/global_korean_glyph_poc_2026-08-12/romforge_isolated_full/partition0/romfs/ui/map/4835976.la2,experiments/global_korean_glyph_poc_2026-08-12/romforge_isolated_full/partition0/romfs/ui/map/4835976.la2,FILE,OK,
analysis/global_korean_glyph_poc_2026-08-12/romforge_isolated_full/partition0/romfs/ui/map/5616373.la2,experiments/global_korean_glyph_poc_2026-08-12/romforge_isolated_full/partition0/romfs/ui/map/5616373.la2,FILE,OK,
analysis/global_korean_glyph_poc_2026-08-12/romforge_isolated_full/partition0/romfs/ui/map/6006697.la2,experiments/global_korean_glyph_poc_2026-08-12/romforge_isolated_full/partition0/romfs/ui/map/6006697.la2,FILE,OK,
analysis/global_korean_glyph_poc_2026-08-12/romforge_isolated_full/partition0/romfs/ui/map/6006729.la2,experiments/global_korean_glyph_poc_2026-08-12/romforge_isolated_full/partition0/romfs/ui/map/6006729.la2,FILE,OK,
analysis/global_korean_glyph_poc_2026-08-12/romforge_isolated_full/partition0/romfs/ui/map/6006761.la2,experiments/global_korean_glyph_poc_2026-08-12/romforge_isolated_full/partition0/romfs/ui/map/6006761.la2,FILE,OK,
analysis/global_korean_glyph_poc_2026-08-12/romforge_isolated_full/partition0/romfs/ui/map/6989769.la2,experiments/global_korean_glyph_poc_2026-08-12/romforge_isolated_full/partition0/romfs/ui/map/6989769.la2,FILE,OK,
analysis/global_korean_glyph_poc_2026-08-12/romforge_isolated_full/partition0/romfs/ui/map/7022505.la2,experiments/global_korean_glyph_poc_2026-08-12/romforge_isolated_full/partition0/romfs/ui/map/7022505.la2,FILE,OK,
analysis/global_korean_glyph_poc_2026-08-12/romforge_isolated_full/partition0/romfs/ui/map/7022537.la2,experiments/global_korean_glyph_poc_2026-08-12/romforge_isolated_full/partition0/romfs/ui/map/7022537.la2,FILE,OK,
analysis/global_korean_glyph_poc_2026-08-12/romforge_isolated_full/partition0/romfs/ui/map/7086020.la2,experiments/global_korean_glyph_poc_2026-08-12/romforge_isolated_full/partition0/romfs/ui/map/7086020.la2,FILE,OK,
analysis/global_korean_glyph_poc_2026-08-12/romforge_isolated_full/partition0/romfs/ui/map/7915240.la2,experiments/global_korean_glyph_poc_2026-08-12/romforge_isolated_full/partition0/romfs/ui/map/7915240.la2,FILE,OK,
analysis/global_korean_glyph_poc_2026-08-12/romforge_isolated_full/partition0/romfs/ui/map/7915304.la2,experiments/global_korean_glyph_poc_2026-08-12/romforge_isolated_full/partition0/romfs/ui/map/7915304.la2,FILE,OK,
analysis/global_korean_glyph_poc_2026-08-12/romforge_isolated_full/partition0/romfs/ui/map/8038313.la2,experiments/global_korean_glyph_poc_2026-08-12/romforge_isolated_full/partition0/romfs/ui/map/8038313.la2,FILE,OK,
analysis/global_korean_glyph_poc_2026-08-12/romforge_isolated_full/partition0/romfs/ui/map/8038345.la2,experiments/global_korean_glyph_poc_2026-08-12/romforge_isolated_full/partition0/romfs/ui/map/8038345.la2,FILE,OK,
analysis/global_korean_glyph_poc_2026-08-12/romforge_isolated_full/partition0/romfs/ui/map/9051908.la2,experiments/global_korean_glyph_poc_2026-08-12/romforge_isolated_full/partition0/romfs/ui/map/9051908.la2,FILE,OK,
analysis/global_korean_glyph_poc_2026-08-12/romforge_isolated_full/partition0/romfs/ui/map/9051909.la2,experiments/global_korean_glyph_poc_2026-08-12/romforge_isolated_full/partition0/romfs/ui/map/9051909.la2,FILE,OK,
analysis/global_korean_glyph_poc_2026-08-12/romforge_isolated_full/partition0/romfs/ui/map/9051910.la2,experiments/global_korean_glyph_poc_2026-08-12/romforge_isolated_full/partition0/romfs/ui/map/9051910.la2,FILE,OK,
analysis/global_korean_glyph_poc_2026-08-12/romforge_isolated_full/partition0/romfs/ui/map/9051911.la2,experiments/global_korean_glyph_poc_2026-08-12/romforge_isolated_full/partition0/romfs/ui/map/9051911.la2,FILE,OK,
analysis/global_korean_glyph_poc_2026-08-12/romforge_isolated_full/partition0/romfs/ui/map/9051912.la2,experiments/global_korean_glyph_poc_2026-08-12/romforge_isolated_full/partition0/romfs/ui/map/9051912.la2,FILE,OK,
analysis/global_korean_glyph_poc_2026-08-12/romforge_isolated_full/partition0/romfs/ui/map/9084676.la2,experiments/global_korean_glyph_poc_2026-08-12/romforge_isolated_full/partition0/romfs/ui/map/9084676.la2,FILE,OK,
analysis/global_korean_glyph_poc_2026-08-12/romforge_isolated_full/partition0/romfs/ui/map/9084677.la2,experiments/global_korean_glyph_poc_2026-08-12/romforge_isolated_full/partition0/romfs/ui/map/9084677.la2,FILE,OK,
analysis/global_korean_glyph_poc_2026-08-12/romforge_isolated_full/partition0/romfs/ui/map/9084678.la2,experiments/global_korean_glyph_poc_2026-08-12/romforge_isolated_full/partition0/romfs/ui/map/9084678.la2,FILE,OK,
analysis/global_korean_glyph_poc_2026-08-12/romforge_isolated_full/partition0/romfs/ui/map/9084679.la2,experiments/global_korean_glyph_poc_2026-08-12/romforge_isolated_full/partition0/romfs/ui/map/9084679.la2,FILE,OK,
analysis/global_korean_glyph_poc_2026-08-12/romforge_isolated_full/partition0/romfs/ui/map/9084680.la2,experiments/global_korean_glyph_poc_2026-08-12/romforge_isolated_full/partition0/romfs/ui/map/9084680.la2,FILE,OK,
analysis/global_korean_glyph_poc_2026-08-12/romforge_isolated_full/partition0/romfs/ui/map/9117444.la2,experiments/global_korean_glyph_poc_2026-08-12/romforge_isolated_full/partition0/romfs/ui/map/9117444.la2,FILE,OK,
analysis/global_korean_glyph_poc_2026-08-12/romforge_isolated_full/partition0/romfs/ui/map/9117445.la2,experiments/global_korean_glyph_poc_2026-08-12/romforge_isolated_full/partition0/romfs/ui/map/9117445.la2,FILE,OK,
analysis/global_korean_glyph_poc_2026-08-12/romforge_isolated_full/partition0/romfs/ui/map/9117446.la2,experiments/global_korean_glyph_poc_2026-08-12/romforge_isolated_full/partition0/romfs/ui/map/9117446.la2,FILE,OK,
analysis/global_korean_glyph_poc_2026-08-12/romforge_isolated_full/partition0/romfs/ui/map/9117447.la2,experiments/global_korean_glyph_poc_2026-08-12/romforge_isolated_full/partition0/romfs/ui/map/9117447.la2,FILE,OK,
analysis/global_korean_glyph_poc_2026-08-12/romforge_isolated_full/partition0/romfs/ui/map/9117448.la2,experiments/global_korean_glyph_poc_2026-08-12/romforge_isolated_full/partition0/romfs/ui/map/9117448.la2,FILE,OK,
analysis/global_korean_glyph_poc_2026-08-12/romforge_isolated_full/partition0/romfs/ui/map/9810665.la2,experiments/global_korean_glyph_poc_2026-08-12/romforge_isolated_full/partition0/romfs/ui/map/9810665.la2,FILE,OK,
analysis/global_korean_glyph_poc_2026-08-12/romforge_isolated_full/partition0/romfs/ui/map/9816809.la2,experiments/global_korean_glyph_poc_2026-08-12/romforge_isolated_full/partition0/romfs/ui/map/9816809.la2,FILE,OK,
analysis/global_korean_glyph_poc_2026-08-12/romforge_isolated_full/partition0/romfs/ui/menu/common.la2,experiments/global_korean_glyph_poc_2026-08-12/romforge_isolated_full/partition0/romfs/ui/menu/common.la2,FILE,OK,
analysis/global_korean_glyph_poc_2026-08-12/romforge_isolated_full/partition0/romfs/ui/menu/common_e.la2,experiments/global_korean_glyph_poc_2026-08-12/romforge_isolated_full/partition0/romfs/ui/menu/common_e.la2,FILE,OK,
analysis/global_korean_glyph_poc_2026-08-12/romforge_isolated_full/partition0/romfs/ui/menu/common_f.la2,experiments/global_korean_glyph_poc_2026-08-12/romforge_isolated_full/partition0/romfs/ui/menu/common_f.la2,FILE,OK,
analysis/global_korean_glyph_poc_2026-08-12/romforge_isolated_full/partition0/romfs/ui/menu/common_g.la2,experiments/global_korean_glyph_poc_2026-08-12/romforge_isolated_full/partition0/romfs/ui/menu/common_g.la2,FILE,OK,
analysis/global_korean_glyph_poc_2026-08-12/romforge_isolated_full/partition0/romfs/ui/menu/common_i.la2,experiments/global_korean_glyph_poc_2026-08-12/romforge_isolated_full/partition0/romfs/ui/menu/common_i.la2,FILE,OK,
analysis/global_korean_glyph_poc_2026-08-12/romforge_isolated_full/partition0/romfs/ui/menu/common_j.la2,experiments/global_korean_glyph_poc_2026-08-12/romforge_isolated_full/partition0/romfs/ui/menu/common_j.la2,FILE,OK,
analysis/global_korean_glyph_poc_2026-08-12/romforge_isolated_full/partition0/romfs/ui/menu/common_s.la2,experiments/global_korean_glyph_poc_2026-08-12/romforge_isolated_full/partition0/romfs/ui/menu/common_s.la2,FILE,OK,
analysis/global_korean_glyph_poc_2026-08-12/romforge_isolated_full/partition0/romfs/ui/menu/select_list.la2,experiments/global_korean_glyph_poc_2026-08-12/romforge_isolated_full/partition0/romfs/ui/menu/select_list.la2,FILE,OK,
analysis/global_korean_glyph_poc_2026-08-12/romforge_isolated_full/partition0/romfs/ui/menu/confirmation_window/layout.la2,experiments/global_korean_glyph_poc_2026-08-12/romforge_isolated_full/partition0/romfs/ui/menu/confirmation_window/layout.la2,FILE,OK,
analysis/global_korean_glyph_poc_2026-08-12/romforge_isolated_full/partition0/romfs/ui/menu/confirmation_window/result_icon.la2,experiments/global_korean_glyph_poc_2026-08-12/romforge_isolated_full/partition0/romfs/ui/menu/confirmation_window/result_icon.la2,FILE,OK,
analysis/global_korean_glyph_poc_2026-08-12/romforge_isolated_full/partition0/romfs/ui/menu/sv/backpack.la2,experiments/global_korean_glyph_poc_2026-08-12/romforge_isolated_full/partition0/romfs/ui/menu/sv/backpack.la2,FILE,OK,
analysis/global_korean_glyph_poc_2026-08-12/romforge_isolated_full/partition0/romfs/ui/menu/sv/backpack_e.la2,experiments/global_korean_glyph_poc_2026-08-12/romforge_isolated_full/partition0/romfs/ui/menu/sv/backpack_e.la2,FILE,OK,
analysis/global_korean_glyph_poc_2026-08-12/romforge_isolated_full/partition0/romfs/ui/menu/sv/backpack_f.la2,experiments/global_korean_glyph_poc_2026-08-12/romforge_isolated_full/partition0/romfs/ui/menu/sv/backpack_f.la2,FILE,OK,
analysis/global_korean_glyph_poc_2026-08-12/romforge_isolated_full/partition0/romfs/ui/menu/sv/backpack_g.la2,experiments/global_korean_glyph_poc_2026-08-12/romforge_isolated_full/partition0/romfs/ui/menu/sv/backpack_g.la2,FILE,OK,
analysis/global_korean_glyph_poc_2026-08-12/romforge_isolated_full/partition0/romfs/ui/menu/sv/backpack_i.la2,experiments/global_korean_glyph_poc_2026-08-12/romforge_isolated_full/partition0/romfs/ui/menu/sv/backpack_i.la2,FILE,OK,
analysis/global_korean_glyph_poc_2026-08-12/romforge_isolated_full/partition0/romfs/ui/menu/sv/backpack_j.la2,experiments/global_korean_glyph_poc_2026-08-12/romforge_isolated_full/partition0/romfs/ui/menu/sv/backpack_j.la2,FILE,OK,
analysis/global_korean_glyph_poc_2026-08-12/romforge_isolated_full/partition0/romfs/ui/menu/sv/backpack_s.la2,experiments/global_korean_glyph_poc_2026-08-12/romforge_isolated_full/partition0/romfs/ui/menu/sv/backpack_s.la2,FILE,OK,
analysis/global_korean_glyph_poc_2026-08-12/romforge_isolated_full/partition0/romfs/ui/menu/sv/camouflage.la2,experiments/global_korean_glyph_poc_2026-08-12/romforge_isolated_full/partition0/romfs/ui/menu/sv/camouflage.la2,FILE,OK,
analysis/global_korean_glyph_poc_2026-08-12/romforge_isolated_full/partition0/romfs/ui/menu/sv/camouflage_e.la2,experiments/global_korean_glyph_poc_2026-08-12/romforge_isolated_full/partition0/romfs/ui/menu/sv/camouflage_e.la2,FILE,OK,
analysis/global_korean_glyph_poc_2026-08-12/romforge_isolated_full/partition0/romfs/ui/menu/sv/camouflage_f.la2,experiments/global_korean_glyph_poc_2026-08-12/romforge_isolated_full/partition0/romfs/ui/menu/sv/camouflage_f.la2,FILE,OK,
analysis/global_korean_glyph_poc_2026-08-12/romforge_isolated_full/partition0/romfs/ui/menu/sv/camouflage_g.la2,experiments/global_korean_glyph_poc_2026-08-12/romforge_isolated_full/partition0/romfs/ui/menu/sv/camouflage_g.la2,FILE,OK,
analysis/global_korean_glyph_poc_2026-08-12/romforge_isolated_full/partition0/romfs/ui/menu/sv/camouflage_i.la2,experiments/global_korean_glyph_poc_2026-08-12/romforge_isolated_full/partition0/romfs/ui/menu/sv/camouflage_i.la2,FILE,OK,
analysis/global_korean_glyph_poc_2026-08-12/romforge_isolated_full/partition0/romfs/ui/menu/sv/camouflage_j.la2,experiments/global_korean_glyph_poc_2026-08-12/romforge_isolated_full/partition0/romfs/ui/menu/sv/camouflage_j.la2,FILE,OK,
analysis/global_korean_glyph_poc_2026-08-12/romforge_isolated_full/partition0/romfs/ui/menu/sv/camouflage_s.la2,experiments/global_korean_glyph_poc_2026-08-12/romforge_isolated_full/partition0/romfs/ui/menu/sv/camouflage_s.la2,FILE,OK,
analysis/global_korean_glyph_poc_2026-08-12/romforge_isolated_full/partition0/romfs/ui/menu/sv/cure.la2,experiments/global_korean_glyph_poc_2026-08-12/romforge_isolated_full/partition0/romfs/ui/menu/sv/cure.la2,FILE,OK,
analysis/global_korean_glyph_poc_2026-08-12/romforge_isolated_full/partition0/romfs/ui/menu/sv/cure_e.la2,experiments/global_korean_glyph_poc_2026-08-12/romforge_isolated_full/partition0/romfs/ui/menu/sv/cure_e.la2,FILE,OK,
analysis/global_korean_glyph_poc_2026-08-12/romforge_isolated_full/partition0/romfs/ui/menu/sv/cure_f.la2,experiments/global_korean_glyph_poc_2026-08-12/romforge_isolated_full/partition0/romfs/ui/menu/sv/cure_f.la2,FILE,OK,
analysis/global_korean_glyph_poc_2026-08-12/romforge_isolated_full/partition0/romfs/ui/menu/sv/cure_g.la2,experiments/global_korean_glyph_poc_2026-08-12/romforge_isolated_full/partition0/romfs/ui/menu/sv/cure_g.la2,FILE,OK,
analysis/global_korean_glyph_poc_2026-08-12/romforge_isolated_full/partition0/romfs/ui/menu/sv/cure_i.la2,experiments/global_korean_glyph_poc_2026-08-12/romforge_isolated_full/partition0/romfs/ui/menu/sv/cure_i.la2,FILE,OK,
analysis/global_korean_glyph_poc_2026-08-12/romforge_isolated_full/partition0/romfs/ui/menu/sv/cure_j.la2,experiments/global_korean_glyph_poc_2026-08-12/romforge_isolated_full/partition0/romfs/ui/menu/sv/cure_j.la2,FILE,OK,
analysis/global_korean_glyph_poc_2026-08-12/romforge_isolated_full/partition0/romfs/ui/menu/sv/cure_s.la2,experiments/global_korean_glyph_poc_2026-08-12/romforge_isolated_full/partition0/romfs/ui/menu/sv/cure_s.la2,FILE,OK,
analysis/global_korean_glyph_poc_2026-08-12/romforge_isolated_full/partition0/romfs/ui/menu/sv/food.la2,experiments/global_korean_glyph_poc_2026-08-12/romforge_isolated_full/partition0/romfs/ui/menu/sv/food.la2,FILE,OK,
analysis/global_korean_glyph_poc_2026-08-12/romforge_isolated_full/partition0/romfs/ui/menu/sv/map.la2,experiments/global_korean_glyph_poc_2026-08-12/romforge_isolated_full/partition0/romfs/ui/menu/sv/map.la2,FILE,OK,
analysis/global_korean_glyph_poc_2026-08-12/romforge_isolated_full/partition0/romfs/ui/menu/sv/map_e.la2,experiments/global_korean_glyph_poc_2026-08-12/romforge_isolated_full/partition0/romfs/ui/menu/sv/map_e.la2,FILE,OK,
analysis/global_korean_glyph_poc_2026-08-12/romforge_isolated_full/partition0/romfs/ui/menu/sv/map_f.la2,experiments/global_korean_glyph_poc_2026-08-12/romforge_isolated_full/partition0/romfs/ui/menu/sv/map_f.la2,FILE,OK,
analysis/global_korean_glyph_poc_2026-08-12/romforge_isolated_full/partition0/romfs/ui/menu/sv/map_g.la2,experiments/global_korean_glyph_poc_2026-08-12/romforge_isolated_full/partition0/romfs/ui/menu/sv/map_g.la2,FILE,OK,
analysis/global_korean_glyph_poc_2026-08-12/romforge_isolated_full/partition0/romfs/ui/menu/sv/map_i.la2,experiments/global_korean_glyph_poc_2026-08-12/romforge_isolated_full/partition0/romfs/ui/menu/sv/map_i.la2,FILE,OK,
analysis/global_korean_glyph_poc_2026-08-12/romforge_isolated_full/partition0/romfs/ui/menu/sv/map_j.la2,experiments/global_korean_glyph_poc_2026-08-12/romforge_isolated_full/partition0/romfs/ui/menu/sv/map_j.la2,FILE,OK,
analysis/global_korean_glyph_poc_2026-08-12/romforge_isolated_full/partition0/romfs/ui/menu/sv/map_s.la2,experiments/global_korean_glyph_poc_2026-08-12/romforge_isolated_full/partition0/romfs/ui/menu/sv/map_s.la2,FILE,OK,
analysis/global_korean_glyph_poc_2026-08-12/romforge_isolated_full/partition0/romfs/ui/menu/sv/option.la2,experiments/global_korean_glyph_poc_2026-08-12/romforge_isolated_full/partition0/romfs/ui/menu/sv/option.la2,FILE,OK,
analysis/global_korean_glyph_poc_2026-08-12/romforge_isolated_full/partition0/romfs/ui/menu/sv/option_e.la2,experiments/global_korean_glyph_poc_2026-08-12/romforge_isolated_full/partition0/romfs/ui/menu/sv/option_e.la2,FILE,OK,
analysis/global_korean_glyph_poc_2026-08-12/romforge_isolated_full/partition0/romfs/ui/menu/sv/option_f.la2,experiments/global_korean_glyph_poc_2026-08-12/romforge_isolated_full/partition0/romfs/ui/menu/sv/option_f.la2,FILE,OK,
analysis/global_korean_glyph_poc_2026-08-12/romforge_isolated_full/partition0/romfs/ui/menu/sv/option_g.la2,experiments/global_korean_glyph_poc_2026-08-12/romforge_isolated_full/partition0/romfs/ui/menu/sv/option_g.la2,FILE,OK,
analysis/global_korean_glyph_poc_2026-08-12/romforge_isolated_full/partition0/romfs/ui/menu/sv/option_i.la2,experiments/global_korean_glyph_poc_2026-08-12/romforge_isolated_full/partition0/romfs/ui/menu/sv/option_i.la2,FILE,OK,
analysis/global_korean_glyph_poc_2026-08-12/romforge_isolated_full/partition0/romfs/ui/menu/sv/option_j.la2,experiments/global_korean_glyph_poc_2026-08-12/romforge_isolated_full/partition0/romfs/ui/menu/sv/option_j.la2,FILE,OK,
analysis/global_korean_glyph_poc_2026-08-12/romforge_isolated_full/partition0/romfs/ui/menu/sv/option_s.la2,experiments/global_korean_glyph_poc_2026-08-12/romforge_isolated_full/partition0/romfs/ui/menu/sv/option_s.la2,FILE,OK,
analysis/global_korean_glyph_poc_2026-08-12/romforge_isolated_full/partition0/romfs/ui/menu/sv/radio.la2,experiments/global_korean_glyph_poc_2026-08-12/romforge_isolated_full/partition0/romfs/ui/menu/sv/radio.la2,FILE,OK,
analysis/global_korean_glyph_poc_2026-08-12/romforge_isolated_full/partition0/romfs/ui/resident/resident_a.la2,experiments/global_korean_glyph_poc_2026-08-12/romforge_isolated_full/partition0/romfs/ui/resident/resident_a.la2,FILE,OK,
analysis/global_korean_glyph_poc_2026-08-12/romforge_isolated_full/partition0/romfs/ui/scene/game_over.la2,experiments/global_korean_glyph_poc_2026-08-12/romforge_isolated_full/partition0/romfs/ui/scene/game_over.la2,FILE,OK,
analysis/global_korean_glyph_poc_2026-08-12/romforge_isolated_full/partition0/romfs/ui/scene/icon_l.la2,experiments/global_korean_glyph_poc_2026-08-12/romforge_isolated_full/partition0/romfs/ui/scene/icon_l.la2,FILE,OK,
analysis/global_korean_glyph_poc_2026-08-12/romforge_isolated_full/partition0/romfs/ui/scene/icon_s.la2,experiments/global_korean_glyph_poc_2026-08-12/romforge_isolated_full/partition0/romfs/ui/scene/icon_s.la2,FILE,OK,
analysis/global_korean_glyph_poc_2026-08-12/romforge_isolated_full/partition0/romfs/ui/scene/loading.la2,experiments/global_korean_glyph_poc_2026-08-12/romforge_isolated_full/partition0/romfs/ui/scene/loading.la2,FILE,OK,
analysis/global_korean_glyph_poc_2026-08-12/romforge_isolated_full/partition0/romfs/ui/scene/logo.la2,experiments/global_korean_glyph_poc_2026-08-12/romforge_isolated_full/partition0/romfs/ui/scene/logo.la2,FILE,OK,
analysis/global_korean_glyph_poc_2026-08-12/romforge_isolated_full/partition0/romfs/ui/scene/logo_e.la2,experiments/global_korean_glyph_poc_2026-08-12/romforge_isolated_full/partition0/romfs/ui/scene/logo_e.la2,FILE,OK,
analysis/global_korean_glyph_poc_2026-08-12/romforge_isolated_full/partition0/romfs/ui/scene/logo_f.la2,experiments/global_korean_glyph_poc_2026-08-12/romforge_isolated_full/partition0/romfs/ui/scene/logo_f.la2,FILE,OK,
analysis/global_korean_glyph_poc_2026-08-12/romforge_isolated_full/partition0/romfs/ui/scene/logo_g.la2,experiments/global_korean_glyph_poc_2026-08-12/romforge_isolated_full/partition0/romfs/ui/scene/logo_g.la2,FILE,OK,
analysis/global_korean_glyph_poc_2026-08-12/romforge_isolated_full/partition0/romfs/ui/scene/logo_i.la2,experiments/global_korean_glyph_poc_2026-08-12/romforge_isolated_full/partition0/romfs/ui/scene/logo_i.la2,FILE,OK,
analysis/global_korean_glyph_poc_2026-08-12/romforge_isolated_full/partition0/romfs/ui/scene/logo_j.la2,experiments/global_korean_glyph_poc_2026-08-12/romforge_isolated_full/partition0/romfs/ui/scene/logo_j.la2,FILE,OK,
analysis/global_korean_glyph_poc_2026-08-12/romforge_isolated_full/partition0/romfs/ui/scene/logo_s.la2,experiments/global_korean_glyph_poc_2026-08-12/romforge_isolated_full/partition0/romfs/ui/scene/logo_s.la2,FILE,OK,
analysis/global_korean_glyph_poc_2026-08-12/romforge_isolated_full/partition0/romfs/ui/scene/playdata.la2,experiments/global_korean_glyph_poc_2026-08-12/romforge_isolated_full/partition0/romfs/ui/scene/playdata.la2,FILE,OK,
analysis/global_korean_glyph_poc_2026-08-12/romforge_isolated_full/partition0/romfs/ui/scene/playdata_e.la2,experiments/global_korean_glyph_poc_2026-08-12/romforge_isolated_full/partition0/romfs/ui/scene/playdata_e.la2,FILE,OK,
analysis/global_korean_glyph_poc_2026-08-12/romforge_isolated_full/partition0/romfs/ui/scene/playdata_f.la2,experiments/global_korean_glyph_poc_2026-08-12/romforge_isolated_full/partition0/romfs/ui/scene/playdata_f.la2,FILE,OK,
analysis/global_korean_glyph_poc_2026-08-12/romforge_isolated_full/partition0/romfs/ui/scene/playdata_g.la2,experiments/global_korean_glyph_poc_2026-08-12/romforge_isolated_full/partition0/romfs/ui/scene/playdata_g.la2,FILE,OK,
analysis/global_korean_glyph_poc_2026-08-12/romforge_isolated_full/partition0/romfs/ui/scene/playdata_i.la2,experiments/global_korean_glyph_poc_2026-08-12/romforge_isolated_full/partition0/romfs/ui/scene/playdata_i.la2,FILE,OK,
analysis/global_korean_glyph_poc_2026-08-12/romforge_isolated_full/partition0/romfs/ui/scene/playdata_j.la2,experiments/global_korean_glyph_poc_2026-08-12/romforge_isolated_full/partition0/romfs/ui/scene/playdata_j.la2,FILE,OK,
analysis/global_korean_glyph_poc_2026-08-12/romforge_isolated_full/partition0/romfs/ui/scene/playdata_s.la2,experiments/global_korean_glyph_poc_2026-08-12/romforge_isolated_full/partition0/romfs/ui/scene/playdata_s.la2,FILE,OK,
analysis/global_korean_glyph_poc_2026-08-12/romforge_isolated_full/partition0/romfs/ui/scene/result.la2,experiments/global_korean_glyph_poc_2026-08-12/romforge_isolated_full/partition0/romfs/ui/scene/result.la2,FILE,OK,
analysis/global_korean_glyph_poc_2026-08-12/romforge_isolated_full/partition0/romfs/ui/scene/result_bottom.la2,experiments/global_korean_glyph_poc_2026-08-12/romforge_isolated_full/partition0/romfs/ui/scene/result_bottom.la2,FILE,OK,
analysis/global_korean_glyph_poc_2026-08-12/romforge_isolated_full/partition0/romfs/ui/scene/result_bottom_e.la2,experiments/global_korean_glyph_poc_2026-08-12/romforge_isolated_full/partition0/romfs/ui/scene/result_bottom_e.la2,FILE,OK,
analysis/global_korean_glyph_poc_2026-08-12/romforge_isolated_full/partition0/romfs/ui/scene/result_bottom_f.la2,experiments/global_korean_glyph_poc_2026-08-12/romforge_isolated_full/partition0/romfs/ui/scene/result_bottom_f.la2,FILE,OK,
analysis/global_korean_glyph_poc_2026-08-12/romforge_isolated_full/partition0/romfs/ui/scene/result_bottom_g.la2,experiments/global_korean_glyph_poc_2026-08-12/romforge_isolated_full/partition0/romfs/ui/scene/result_bottom_g.la2,FILE,OK,
analysis/global_korean_glyph_poc_2026-08-12/romforge_isolated_full/partition0/romfs/ui/scene/result_bottom_i.la2,experiments/global_korean_glyph_poc_2026-08-12/romforge_isolated_full/partition0/romfs/ui/scene/result_bottom_i.la2,FILE,OK,
analysis/global_korean_glyph_poc_2026-08-12/romforge_isolated_full/partition0/romfs/ui/scene/result_bottom_j.la2,experiments/global_korean_glyph_poc_2026-08-12/romforge_isolated_full/partition0/romfs/ui/scene/result_bottom_j.la2,FILE,OK,
analysis/global_korean_glyph_poc_2026-08-12/romforge_isolated_full/partition0/romfs/ui/scene/result_bottom_s.la2,experiments/global_korean_glyph_poc_2026-08-12/romforge_isolated_full/partition0/romfs/ui/scene/result_bottom_s.la2,FILE,OK,
analysis/global_korean_glyph_poc_2026-08-12/romforge_isolated_full/partition0/romfs/ui/scene/result_e.la2,experiments/global_korean_glyph_poc_2026-08-12/romforge_isolated_full/partition0/romfs/ui/scene/result_e.la2,FILE,OK,
analysis/global_korean_glyph_poc_2026-08-12/romforge_isolated_full/partition0/romfs/ui/scene/result_f.la2,experiments/global_korean_glyph_poc_2026-08-12/romforge_isolated_full/partition0/romfs/ui/scene/result_f.la2,FILE,OK,
analysis/global_korean_glyph_poc_2026-08-12/romforge_isolated_full/partition0/romfs/ui/scene/result_g.la2,experiments/global_korean_glyph_poc_2026-08-12/romforge_isolated_full/partition0/romfs/ui/scene/result_g.la2,FILE,OK,
analysis/global_korean_glyph_poc_2026-08-12/romforge_isolated_full/partition0/romfs/ui/scene/result_i.la2,experiments/global_korean_glyph_poc_2026-08-12/romforge_isolated_full/partition0/romfs/ui/scene/result_i.la2,FILE,OK,
analysis/global_korean_glyph_poc_2026-08-12/romforge_isolated_full/partition0/romfs/ui/scene/result_j.la2,experiments/global_korean_glyph_poc_2026-08-12/romforge_isolated_full/partition0/romfs/ui/scene/result_j.la2,FILE,OK,
analysis/global_korean_glyph_poc_2026-08-12/romforge_isolated_full/partition0/romfs/ui/scene/result_s.la2,experiments/global_korean_glyph_poc_2026-08-12/romforge_isolated_full/partition0/romfs/ui/scene/result_s.la2,FILE,OK,
analysis/global_korean_glyph_poc_2026-08-12/romforge_isolated_full/partition0/romfs/ui/scene/title.la2,experiments/global_korean_glyph_poc_2026-08-12/romforge_isolated_full/partition0/romfs/ui/scene/title.la2,FILE,OK,
analysis/global_korean_glyph_poc_2026-08-12/romforge_isolated_full/partition0/romfs/ui/scene/title_e.la2,experiments/global_korean_glyph_poc_2026-08-12/romforge_isolated_full/partition0/romfs/ui/scene/title_e.la2,FILE,OK,
analysis/global_korean_glyph_poc_2026-08-12/romforge_isolated_full/partition0/romfs/ui/scene/title_f.la2,experiments/global_korean_glyph_poc_2026-08-12/romforge_isolated_full/partition0/romfs/ui/scene/title_f.la2,FILE,OK,
analysis/global_korean_glyph_poc_2026-08-12/romforge_isolated_full/partition0/romfs/ui/scene/title_g.la2,experiments/global_korean_glyph_poc_2026-08-12/romforge_isolated_full/partition0/romfs/ui/scene/title_g.la2,FILE,OK,
analysis/global_korean_glyph_poc_2026-08-12/romforge_isolated_full/partition0/romfs/ui/scene/title_i.la2,experiments/global_korean_glyph_poc_2026-08-12/romforge_isolated_full/partition0/romfs/ui/scene/title_i.la2,FILE,OK,
analysis/global_korean_glyph_poc_2026-08-12/romforge_isolated_full/partition0/romfs/ui/scene/title_j.la2,experiments/global_korean_glyph_poc_2026-08-12/romforge_isolated_full/partition0/romfs/ui/scene/title_j.la2,FILE,OK,
analysis/global_korean_glyph_poc_2026-08-12/romforge_isolated_full/partition0/romfs/ui/scene/title_s.la2,experiments/global_korean_glyph_poc_2026-08-12/romforge_isolated_full/partition0/romfs/ui/scene/title_s.la2,FILE,OK,
analysis/global_korean_glyph_poc_2026-08-12/romforge_isolated_full/partition0/romfs/ui/test/test_button.la2,experiments/global_korean_glyph_poc_2026-08-12/romforge_isolated_full/partition0/romfs/ui/test/test_button.la2,FILE,OK,
analysis/global_korean_glyph_poc_2026-08-12/romforge_isolated_full/partition0/romfs/ui/test/test_map.la2,experiments/global_korean_glyph_poc_2026-08-12/romforge_isolated_full/partition0/romfs/ui/test/test_map.la2,FILE,OK,
analysis/global_korean_glyph_poc_2026-08-12/romforge_isolated_full/partition0/romfs/ui/test/test_radio.la2,experiments/global_korean_glyph_poc_2026-08-12/romforge_isolated_full/partition0/romfs/ui/test/test_radio.la2,FILE,OK,
analysis/global_korean_glyph_poc_2026-08-12/stage/partition0/exheader.bin,experiments/global_korean_glyph_poc_2026-08-12/stage/partition0/exheader.bin,FILE,OK,
analysis/global_korean_glyph_poc_2026-08-12/stage/partition0/exefs/code.bin,experiments/global_korean_glyph_poc_2026-08-12/stage/partition0/exefs/code.bin,FILE,OK,
analysis/global_korean_glyph_poc_2026-08-12/stage/partition0/romfs/korean_page.bin,experiments/global_korean_glyph_poc_2026-08-12/stage/partition0/romfs/korean_page.bin,FILE,OK,
analysis/global_korean_glyph_poc_2026-08-12/stage/partition0/romfs/movie.dat,experiments/global_korean_glyph_poc_2026-08-12/stage/partition0/romfs/movie.dat,FILE,OK,
analysis/global_korean_glyph_poc_2026-08-12/successful_page3_renderer_isolation/code.poc.bin,experiments/global_korean_glyph_poc_2026-08-12/successful_page3_renderer_isolation/code.poc.bin,FILE,OK,
analysis/global_korean_glyph_poc_2026-08-12/successful_page3_renderer_isolation/code.poc.decompressed.bin,experiments/global_korean_glyph_poc_2026-08-12/successful_page3_renderer_isolation/code.poc.decompressed.bin,FILE,OK,
analysis/global_korean_glyph_poc_2026-08-12/successful_page3_renderer_isolation/exheader.poc.bin,experiments/global_korean_glyph_poc_2026-08-12/successful_page3_renderer_isolation/exheader.poc.bin,FILE,OK,
analysis/global_korean_glyph_poc_2026-08-12/successful_page3_renderer_isolation/movie.poc.dat,experiments/global_korean_glyph_poc_2026-08-12/successful_page3_renderer_isolation/movie.poc.dat,FILE,OK,
analysis/global_korean_glyph_poc_2026-08-12/successful_page3_renderer_isolation/patch_manifest.json,experiments/global_korean_glyph_poc_2026-08-12/successful_page3_renderer_isolation/patch_manifest.json,FILE,OK,
analysis/global_korean_glyph_poc_2026-08-12/successful_page3_renderer_isolation/poc_trampolines.s,experiments/global_korean_glyph_poc_2026-08-12/successful_page3_renderer_isolation/poc_trampolines.s,FILE,OK,
analysis/global_korean_glyph_poc_2026-08-12/successful_page3_renderer_isolation/test_results.json,experiments/global_korean_glyph_poc_2026-08-12/successful_page3_renderer_isolation/test_results.json,FILE,OK,
analysis/global_korean_page_build_2026-08-12/build_full.json,experiments/global_korean_page_build_2026-08-12/build_full.json,FILE,OK,
analysis/global_korean_page_build_2026-08-12/build_stress_64.json,experiments/global_korean_page_build_2026-08-12/build_stress_64.json,FILE,OK,
analysis/global_korean_page_build_2026-08-12/korean_page_full.bin,experiments/global_korean_page_build_2026-08-12/korean_page_full.bin,FILE,OK,
analysis/global_korean_page_build_2026-08-12/korean_page_stress_64.bin,experiments/global_korean_page_build_2026-08-12/korean_page_stress_64.bin,FILE,OK,
analysis/global_korean_page_build_2026-08-12/korean_token_map_full.csv,experiments/global_korean_page_build_2026-08-12/korean_token_map_full.csv,FILE,OK,
analysis/global_korean_page_build_2026-08-12/korean_token_map_stress_64.csv,experiments/global_korean_page_build_2026-08-12/korean_token_map_stress_64.csv,FILE,OK,
analysis/global_korean_page_build_2026-08-12/namespace_audit.csv,experiments/global_korean_page_build_2026-08-12/namespace_audit.csv,FILE,OK,
analysis/global_korean_page_build_2026-08-12/namespace_audit.json,experiments/global_korean_page_build_2026-08-12/namespace_audit.json,FILE,OK,
analysis/global_korean_page_build_2026-08-12/whole_romfs_raw_candidates.csv,experiments/global_korean_page_build_2026-08-12/whole_romfs_raw_candidates.csv,FILE,OK,
analysis/global_korean_page_build_2026-08-12/whole_romfs_raw_scan.json,experiments/global_korean_page_build_2026-08-12/whole_romfs_raw_scan.json,FILE,OK,
analysis/glyph_space_audit,experiments/glyph_space_audit,DIR,OK,
analysis/html,experiments/html,DIR,OK,
analysis/japanese_reassembly,experiments/japanese_reassembly,DIR,OK,
analysis/korean_eof_append_poc_2026-08-12,experiments/korean_eof_append_poc_2026-08-12,DIR,OK,
analysis/movie_relocation_20260810/demo_7x_plus0010.dat,experiments/movie_relocation_20260810/demo_7x_plus0010.dat,FILE,OK,
analysis/movie_relocation_20260810/demo_7x_plus0010.dat.json,experiments/movie_relocation_20260810/demo_7x_plus0010.dat.json,FILE,OK,
analysis/movie_relocation_20260810/demo_r286_plus0010.dat,experiments/movie_relocation_20260810/demo_r286_plus0010.dat,FILE,OK,
analysis/movie_relocation_20260810/demo_r286_plus0010.dat.json,experiments/movie_relocation_20260810/demo_r286_plus0010.dat.json,FILE,OK,
analysis/movie_relocation_20260810/demo_r50_r286_plus0010.dat,experiments/movie_relocation_20260810/demo_r50_r286_plus0010.dat,FILE,OK,
analysis/movie_relocation_20260810/demo_r50_r286_plus0010.dat.json,experiments/movie_relocation_20260810/demo_r50_r286_plus0010.dat.json,FILE,OK,
analysis/movie_relocation_20260810/file.cpp.instrumented,experiments/movie_relocation_20260810/file.cpp.instrumented,FILE,OK,
analysis/movie_relocation_20260810/movie_api_smoke.dat,experiments/movie_relocation_20260810/movie_api_smoke.dat,FILE,OK,
analysis/movie_relocation_20260810/movie_api_smoke.dat.json,experiments/movie_relocation_20260810/movie_api_smoke.dat.json,FILE,OK,
analysis/movie_relocation_20260810/movie_api_smoke_roundtrip.dat,experiments/movie_relocation_20260810/movie_api_smoke_roundtrip.dat,FILE,OK,
analysis/movie_relocation_20260810/movie_pristine_745fef1e.dat,experiments/movie_relocation_20260810/movie_pristine_745fef1e.dat,FILE,OK,
analysis/movie_relocation_20260810/movie_r0_plus0010.dat,experiments/movie_relocation_20260810/movie_r0_plus0010.dat,FILE,OK,
analysis/movie_relocation_20260810/movie_r0_plus0010.dat.json,experiments/movie_relocation_20260810/movie_r0_plus0010.dat.json,FILE,OK,
analysis/movie_relocation_20260810/movie_r0_plus0010_roundtrip.dat,experiments/movie_relocation_20260810/movie_r0_plus0010_roundtrip.dat,FILE,OK,
analysis/nm_window_matcher,experiments/nm_window_matcher,DIR,OK,
analysis/ps2_korean/full_build/rebuild_2026-08-08,experiments/ps2_korean/full_build/rebuild_2026-08-08,DIR,OK,
analysis/ps2_korean/golden_real3ds_2026-08-02,experiments/ps2_korean/golden_real3ds_2026-08-02,DIR,OK,
analysis/repack_tools,experiments/repack_tools,DIR,OK,
analysis/romforge_bundle/RomForge/VjjE_AT8KxHj,experiments/romforge_bundle,DIR,OK,
analysis/romforge_managed,experiments/romforge_managed,DIR,OK,
analysis/romforge_ready_hybrid_2026-08-12,experiments/romforge_ready_hybrid_2026-08-12,DIR,OK,
analysis/romforge_ready_hybrid_livebase_2026-08-12,experiments/romforge_ready_hybrid_livebase_2026-08-12,DIR,OK,
analysis/runtime_test_natural_grow_2026-08-12,experiments/runtime_test_natural_grow_2026-08-12,DIR,OK,
analysis/scene_fixed_natural_2026-08-12,experiments/scene_fixed_natural_2026-08-12,DIR,OK,
analysis/shared_glyph_optimized_build_2026-08-12,experiments/shared_glyph_optimized_build_2026-08-12,DIR,OK,
analysis/story_media_order/3ds_scenario_audit.json,experiments/story_media_order/3ds_scenario_audit.json,FILE,OK,
analysis/story_media_order/arm_dynarmic.media_hook.cpp,experiments/story_media_order/arm_dynarmic.media_hook.cpp,FILE,OK,
analysis/story_media_order/demo_sequence_matches.csv,experiments/story_media_order/demo_sequence_matches.csv,FILE,OK,
analysis/story_media_order/demo_two_calls.csv,experiments/story_media_order/demo_two_calls.csv,FILE,OK,
analysis/story_media_order/file.cpp.media_hook,experiments/story_media_order/file.cpp.media_hook,FILE,OK,
analysis/story_media_order/handler_args.csv,experiments/story_media_order/handler_args.csv,FILE,OK,
analysis/story_media_order/mgs3d_demo_build_candidate_overflows.csv,experiments/story_media_order/mgs3d_demo_build_candidate_overflows.csv,FILE,OK,
analysis/story_media_order/mgs3d_demo_fixed_budget_build_candidate_v1.csv,experiments/story_media_order/mgs3d_demo_fixed_budget_build_candidate_v1.csv,FILE,OK,
analysis/story_media_order/mgs3d_demo_fixed_budget_build_candidate_v2.csv,experiments/story_media_order/mgs3d_demo_fixed_budget_build_candidate_v2.csv,FILE,OK,
analysis/story_media_order/mgs3d_demo_fixed_budget_build_candidate_v3.csv,experiments/story_media_order/mgs3d_demo_fixed_budget_build_candidate_v3.csv,FILE,OK,
analysis/story_media_order/mgs3d_demo_fixed_budget_build_review_v1.csv,experiments/story_media_order/mgs3d_demo_fixed_budget_build_review_v1.csv,FILE,OK,
analysis/story_media_order/mgs3d_demo_fixed_budget_build_review_v2.csv,experiments/story_media_order/mgs3d_demo_fixed_budget_build_review_v2.csv,FILE,OK,
analysis/story_media_order/mgs3d_demo_fixed_budget_build_review_v3.csv,experiments/story_media_order/mgs3d_demo_fixed_budget_build_review_v3.csv,FILE,OK,
analysis/story_media_order/mgs3d_demo_fixed_budget_compact_v1.csv,experiments/story_media_order/mgs3d_demo_fixed_budget_compact_v1.csv,FILE,OK,
analysis/story_media_order/mgs3d_demo_fixed_budget_compact_v2.csv,experiments/story_media_order/mgs3d_demo_fixed_budget_compact_v2.csv,FILE,OK,
analysis/story_media_order/mgs3d_demo_fixed_budget_overflows.csv,experiments/story_media_order/mgs3d_demo_fixed_budget_overflows.csv,FILE,OK,
analysis/story_media_order/mgs3d_demo_fixed_budget_overflows_corrected.csv,experiments/story_media_order/mgs3d_demo_fixed_budget_overflows_corrected.csv,FILE,OK,
analysis/story_media_order/mgs3d_demo_fixed_budget_user_review_v1.csv,experiments/story_media_order/mgs3d_demo_fixed_budget_user_review_v1.csv,FILE,OK,
analysis/story_media_order/mgs3d_demo_fixed_budget_user_review_v2.csv,experiments/story_media_order/mgs3d_demo_fixed_budget_user_review_v2.csv,FILE,OK,
analysis/story_media_order/mgs3d_demo_full_korean_apply.csv,experiments/story_media_order/mgs3d_demo_full_korean_apply.csv,FILE,OK,
analysis/story_media_order/mgs3d_demo_full_korean_apply_v2.csv,experiments/story_media_order/mgs3d_demo_full_korean_apply_v2.csv,FILE,OK,
analysis/story_media_order/mgs3d_demo_full_korean_rebased_v3.csv,experiments/story_media_order/mgs3d_demo_full_korean_rebased_v3.csv,FILE,OK,
analysis/story_media_order/mgs3d_movie_build_candidate_overflows.csv,experiments/story_media_order/mgs3d_movie_build_candidate_overflows.csv,FILE,OK,
analysis/story_media_order/mgs3d_movie_fixed_budget_build_candidate_v1.csv,experiments/story_media_order/mgs3d_movie_fixed_budget_build_candidate_v1.csv,FILE,OK,
analysis/story_media_order/mgs3d_movie_fixed_budget_build_candidate_v2.csv,experiments/story_media_order/mgs3d_movie_fixed_budget_build_candidate_v2.csv,FILE,OK,
analysis/story_media_order/mgs3d_movie_fixed_budget_build_candidate_v3.csv,experiments/story_media_order/mgs3d_movie_fixed_budget_build_candidate_v3.csv,FILE,OK,
analysis/story_media_order/mgs3d_movie_fixed_budget_build_review_v1.csv,experiments/story_media_order/mgs3d_movie_fixed_budget_build_review_v1.csv,FILE,OK,
analysis/story_media_order/mgs3d_movie_fixed_budget_build_review_v2.csv,experiments/story_media_order/mgs3d_movie_fixed_budget_build_review_v2.csv,FILE,OK,
analysis/story_media_order/mgs3d_movie_fixed_budget_build_review_v3.csv,experiments/story_media_order/mgs3d_movie_fixed_budget_build_review_v3.csv,FILE,OK,
analysis/story_media_order/mgs3d_movie_fixed_budget_compact_v1.csv,experiments/story_media_order/mgs3d_movie_fixed_budget_compact_v1.csv,FILE,OK,
analysis/story_media_order/mgs3d_movie_fixed_budget_compact_v2.csv,experiments/story_media_order/mgs3d_movie_fixed_budget_compact_v2.csv,FILE,OK,
analysis/story_media_order/mgs3d_movie_fixed_budget_overflows.csv,experiments/story_media_order/mgs3d_movie_fixed_budget_overflows.csv,FILE,OK,
analysis/story_media_order/mgs3d_movie_fixed_budget_overflows_corrected.csv,experiments/story_media_order/mgs3d_movie_fixed_budget_overflows_corrected.csv,FILE,OK,
analysis/story_media_order/mgs3d_movie_fixed_budget_user_review_v1.csv,experiments/story_media_order/mgs3d_movie_fixed_budget_user_review_v1.csv,FILE,OK,
analysis/story_media_order/mgs3d_movie_fixed_budget_user_review_v2.csv,experiments/story_media_order/mgs3d_movie_fixed_budget_user_review_v2.csv,FILE,OK,
analysis/story_media_order/mgs3d_movie_full_korean_apply.csv,experiments/story_media_order/mgs3d_movie_full_korean_apply.csv,FILE,OK,
analysis/story_media_order/mgs3d_movie_full_korean_apply_v2.csv,experiments/story_media_order/mgs3d_movie_full_korean_apply_v2.csv,FILE,OK,
analysis/story_media_order/mgs3d_movie_full_korean_rebased_v3.csv,experiments/story_media_order/mgs3d_movie_full_korean_rebased_v3.csv,FILE,OK,
analysis/story_media_order/mgs3d_original_3ds_english_full_korean_audit.csv,experiments/story_media_order/mgs3d_original_3ds_english_full_korean_audit.csv,FILE,OK,
analysis/story_media_order/mgs3d_raw_unmatched_manual_part1.csv,experiments/story_media_order/mgs3d_raw_unmatched_manual_part1.csv,FILE,OK,
analysis/story_media_order/mgs3d_raw_unmatched_manual_part2.csv,experiments/story_media_order/mgs3d_raw_unmatched_manual_part2.csv,FILE,OK,
analysis/story_media_order/movie_sequence_matches.csv,experiments/story_media_order/movie_sequence_matches.csv,FILE,OK,
analysis/story_media_order/opening_runtime_anchors.csv,experiments/story_media_order/opening_runtime_anchors.csv,FILE,OK,
analysis/story_media_order/ps2_stage_audit.json,experiments/story_media_order/ps2_stage_audit.json,FILE,OK,
analysis/story_media_order/qt-config.after-gdb.ini,experiments/story_media_order/qt-config.after-gdb.ini,FILE,OK,
analysis/story_media_order/qt-config.media-gdb.ini,experiments/story_media_order/qt-config.media-gdb.ini,FILE,OK,
analysis/story_media_order/review_v10_all_untranslated_remaining.json,experiments/story_media_order/review_v10_all_untranslated_remaining.json,FILE,OK,
analysis/story_media_order/review_v10_final_manual_part1.csv,experiments/story_media_order/review_v10_final_manual_part1.csv,FILE,OK,
analysis/story_media_order/review_v10_final_manual_part2.csv,experiments/story_media_order/review_v10_final_manual_part2.csv,FILE,OK,
analysis/story_media_order/review_v10_final_manual_part3.csv,experiments/story_media_order/review_v10_final_manual_part3.csv,FILE,OK,
analysis/story_media_order/review_v10_final_manual_part4.csv,experiments/story_media_order/review_v10_final_manual_part4.csv,FILE,OK,
analysis/story_media_order/review_v10_final_manual_part5.csv,experiments/story_media_order/review_v10_final_manual_part5.csv,FILE,OK,
analysis/story_media_order/review_v10_translations_20pct.csv,experiments/story_media_order/review_v10_translations_20pct.csv,FILE,OK,
analysis/story_media_order/review_v10_translations_20pct_part2.csv,experiments/story_media_order/review_v10_translations_20pct_part2.csv,FILE,OK,
analysis/story_media_order/review_v10_translations_final.csv,experiments/story_media_order/review_v10_translations_final.csv,FILE,OK,
analysis/story_media_order/review_v10_translations_part3.csv,experiments/story_media_order/review_v10_translations_part3.csv,FILE,OK,
analysis/story_media_order/review_v10_translations_part4.csv,experiments/story_media_order/review_v10_translations_part4.csv,FILE,OK,
analysis/story_media_order/review_v10_translations_part5.csv,experiments/story_media_order/review_v10_translations_part5.csv,FILE,OK,
analysis/story_media_order/review_v10_translation_audit_20pct.csv,experiments/story_media_order/review_v10_translation_audit_20pct.csv,FILE,OK,
analysis/story_media_order/review_v10_translation_audit_exact_reuse.csv,experiments/story_media_order/review_v10_translation_audit_exact_reuse.csv,FILE,OK,
analysis/story_media_order/review_v10_translation_audit_exact_reuse_part2.csv,experiments/story_media_order/review_v10_translation_audit_exact_reuse_part2.csv,FILE,OK,
analysis/story_media_order/review_v10_translation_audit_exact_reuse_part3.csv,experiments/story_media_order/review_v10_translation_audit_exact_reuse_part3.csv,FILE,OK,
analysis/story_media_order/review_v10_translation_audit_final.csv,experiments/story_media_order/review_v10_translation_audit_final.csv,FILE,OK,
analysis/story_media_order/review_v10_translation_audit_final_manual_part1.csv,experiments/story_media_order/review_v10_translation_audit_final_manual_part1.csv,FILE,OK,
analysis/story_media_order/review_v10_translation_audit_final_manual_part2.csv,experiments/story_media_order/review_v10_translation_audit_final_manual_part2.csv,FILE,OK,
analysis/story_media_order/review_v10_translation_audit_final_manual_part3.csv,experiments/story_media_order/review_v10_translation_audit_final_manual_part3.csv,FILE,OK,
analysis/story_media_order/review_v10_translation_audit_final_manual_part4.csv,experiments/story_media_order/review_v10_translation_audit_final_manual_part4.csv,FILE,OK,
analysis/story_media_order/review_v10_translation_audit_final_manual_part5.csv,experiments/story_media_order/review_v10_translation_audit_final_manual_part5.csv,FILE,OK,
analysis/story_media_order/review_v10_translation_audit_last.csv,experiments/story_media_order/review_v10_translation_audit_last.csv,FILE,OK,
analysis/story_media_order/review_v10_translation_audit_part2.csv,experiments/story_media_order/review_v10_translation_audit_part2.csv,FILE,OK,
analysis/story_media_order/review_v10_translation_audit_part3.csv,experiments/story_media_order/review_v10_translation_audit_part3.csv,FILE,OK,
analysis/story_media_order/review_v10_translation_audit_part4.csv,experiments/story_media_order/review_v10_translation_audit_part4.csv,FILE,OK,
analysis/story_media_order/review_v10_translation_audit_part5.csv,experiments/story_media_order/review_v10_translation_audit_part5.csv,FILE,OK,
analysis/story_media_order/review_v10_translation_audit_unmatched_10pct.csv,experiments/story_media_order/review_v10_translation_audit_unmatched_10pct.csv,FILE,OK,
analysis/story_media_order/review_v10_translation_batch.json,experiments/story_media_order/review_v10_translation_batch.json,FILE,OK,
analysis/story_media_order/review_v10_translation_last.csv,experiments/story_media_order/review_v10_translation_last.csv,FILE,OK,
analysis/story_media_order/review_v10_translation_remaining_batch.json,experiments/story_media_order/review_v10_translation_remaining_batch.json,FILE,OK,
analysis/story_media_order/review_v10_unmatched_10pct_batch.json,experiments/story_media_order/review_v10_unmatched_10pct_batch.json,FILE,OK,
analysis/story_media_order/review_v10_unmatched_10pct_translations.csv,experiments/story_media_order/review_v10_unmatched_10pct_translations.csv,FILE,OK,
analysis/story_media_order/static_media_call_candidates.csv,experiments/story_media_order/static_media_call_candidates.csv,FILE,OK,
analysis/story_media_order/static_media_call_candidates_with_movie.csv,experiments/story_media_order/static_media_call_candidates_with_movie.csv,FILE,OK,
analysis/story_media_order/static_movie_call_candidates.csv,experiments/story_media_order/static_movie_call_candidates.csv,FILE,OK,
analysis/story_media_order/story_media_order.csv,experiments/story_media_order/story_media_order.csv,FILE,OK,
analysis/story_media_order/story_media_order_manual_review.csv,experiments/story_media_order/story_media_order_manual_review.csv,FILE,OK,
analysis/story_media_order/story_media_order_summary.json,experiments/story_media_order/story_media_order_summary.json,FILE,OK,
analysis/story_media_order/story_sequence_dp_expanded_matches.csv,experiments/story_media_order/story_sequence_dp_expanded_matches.csv,FILE,OK,
analysis/story_media_order/story_sequence_dp_expanded_review.csv,experiments/story_media_order/story_sequence_dp_expanded_review.csv,FILE,OK,
analysis/story_media_order/story_sequence_dp_expanded_summary.json,experiments/story_media_order/story_sequence_dp_expanded_summary.json,FILE,OK,
analysis/story_media_order/story_sequence_dp_matches.csv,experiments/story_media_order/story_sequence_dp_matches.csv,FILE,OK,
analysis/story_media_order/story_sequence_dp_review.csv,experiments/story_media_order/story_sequence_dp_review.csv,FILE,OK,
analysis/story_media_order/story_sequence_dp_summary.json,experiments/story_media_order/story_sequence_dp_summary.json,FILE,OK,
analysis/story_media_order/story_sequence_gaps.csv,experiments/story_media_order/story_sequence_gaps.csv,FILE,OK,
analysis/story_media_order/story_sequence_korean_matches.csv,experiments/story_media_order/story_sequence_korean_matches.csv,FILE,OK,
analysis/story_media_order/story_sequence_summary.json,experiments/story_media_order/story_sequence_summary.json,FILE,OK,
analysis/story_media_order/azahar_before_media_hook/arm_dynarmic.cpp,experiments/story_media_order/azahar_before_media_hook/arm_dynarmic.cpp,FILE,OK,
analysis/story_media_order/azahar_before_media_hook/file.cpp,experiments/story_media_order/azahar_before_media_hook/file.cpp,FILE,OK,
analysis/story_media_order/html/mgs3d_3ds_korean_corrections_v1.csv,experiments/story_media_order/html/mgs3d_3ds_korean_corrections_v1.csv,FILE,OK,
analysis/story_media_order/html/mgs3d_3ds_korean_corrections_v1.json,experiments/story_media_order/html/mgs3d_3ds_korean_corrections_v1.json,FILE,OK,
analysis/story_media_order/html/mgs3d_demo_7scenes_v645_space_audit.csv,experiments/story_media_order/html/mgs3d_demo_7scenes_v645_space_audit.csv,FILE,OK,
analysis/story_media_order/html/mgs3d_demo_9scenes_v644_space_audit.csv,experiments/story_media_order/html/mgs3d_demo_9scenes_v644_space_audit.csv,FILE,OK,
analysis/story_media_order/html/mgs3d_integrated_review_v7.json,experiments/story_media_order/html/mgs3d_integrated_review_v7.json,FILE,OK,
analysis/story_media_order/html/mgs3d_manual_alignment_review_v6.json,experiments/story_media_order/html/mgs3d_manual_alignment_review_v6.json,FILE,OK,
analysis/story_media_order/html/mgs3d_manual_alignment_review_v64.json,experiments/story_media_order/html/mgs3d_manual_alignment_review_v64.json,FILE,OK,
analysis/story_media_order/html/mgs3d_original_3ds_english_extract.csv,experiments/story_media_order/html/mgs3d_original_3ds_english_extract.csv,FILE,OK,
analysis/story_media_order/html/mgs3d_review_v10.json,experiments/story_media_order/html/mgs3d_review_v10.json,FILE,OK,
analysis/story_media_order/html/mgs3d_scene13_36_v643_changes.csv,experiments/story_media_order/html/mgs3d_scene13_36_v643_changes.csv,FILE,OK,
analysis/story_media_order/html/mgs3_manual_nm_alignment_integrated_v7_1_matched_applied_review.html,experiments/story_media_order/html/mgs3_manual_nm_alignment_integrated_v7_1_matched_applied_review.html,FILE,OK,
analysis/story_media_order/html/mgs3_manual_nm_alignment_integrated_v8_clean.html,experiments/story_media_order/html/mgs3_manual_nm_alignment_integrated_v8_clean.html,FILE,OK,
analysis/story_media_order/html/mgs3_manual_nm_alignment_review_v6.html,experiments/story_media_order/html/mgs3_manual_nm_alignment_review_v6.html,FILE,OK,
analysis/story_media_order/html/mgs3_manual_nm_alignment_review_v6_4_1_translation_fixed.html,experiments/story_media_order/html/mgs3_manual_nm_alignment_review_v6_4_1_translation_fixed.html,FILE,OK,
analysis/story_media_order/html/mgs3_manual_nm_alignment_review_v6_4_4_all_scenes_space_safe.html,experiments/story_media_order/html/mgs3_manual_nm_alignment_review_v6_4_4_all_scenes_space_safe.html,FILE,OK,
analysis/story_media_order/html/mgs3_manual_nm_alignment_review_v6_5_assist.html,experiments/story_media_order/html/mgs3_manual_nm_alignment_review_v6_5_assist.html,FILE,OK,
analysis/story_media_order/html/mgs3_manual_nm_alignment_v10_1_cli_lite_fixed_candidates.html,experiments/story_media_order/html/mgs3_manual_nm_alignment_v10_1_cli_lite_fixed_candidates.html,FILE,OK,
analysis/story_media_order/html/mgs3_manual_nm_alignment_v10_2_cli_lite_compare_test.html,experiments/story_media_order/html/mgs3_manual_nm_alignment_v10_2_cli_lite_compare_test.html,FILE,OK,
analysis/story_media_order/html/mgs3_manual_nm_alignment_v10_3_cli_lite_hotkey_fast.html,experiments/story_media_order/html/mgs3_manual_nm_alignment_v10_3_cli_lite_hotkey_fast.html,FILE,OK,
analysis/story_media_order/html/mgs3_manual_nm_alignment_v10_4_cli_lite_continuous_3ds.html,experiments/story_media_order/html/mgs3_manual_nm_alignment_v10_4_cli_lite_continuous_3ds.html,FILE,OK,
analysis/story_media_order/html/mgs3_manual_nm_alignment_v10_5_cli_lite_final.html,experiments/story_media_order/html/mgs3_manual_nm_alignment_v10_5_cli_lite_final.html,FILE,OK,
analysis/story_media_order/html/mgs3_manual_nm_alignment_v10_6_cli_lite_final.html,experiments/story_media_order/html/mgs3_manual_nm_alignment_v10_6_cli_lite_final.html,FILE,OK,
analysis/story_media_order/html/mgs3_manual_nm_alignment_v10_cli_final.html,experiments/story_media_order/html/mgs3_manual_nm_alignment_v10_cli_final.html,FILE,OK,
analysis/story_media_order/html/mgs3_manual_nm_alignment_v10_cli_lite.html,experiments/story_media_order/html/mgs3_manual_nm_alignment_v10_cli_lite.html,FILE,OK,
analysis/story_media_order/html/mgs3_manual_nm_alignment_v8_2_fast.html,experiments/story_media_order/html/mgs3_manual_nm_alignment_v8_2_fast.html,FILE,OK,
analysis/story_media_order/romforge_apply_v1/apply-manifest.json,experiments/story_media_order/romforge_apply_v1/apply-manifest.json,FILE,OK,
analysis/story_media_order/romforge_apply_v1/demo.dat,experiments/story_media_order/romforge_apply_v1/demo.dat,FILE,OK,
analysis/story_media_order/romforge_apply_v1/demo.dat.hangul.json,experiments/story_media_order/romforge_apply_v1/demo.dat.hangul.json,FILE,OK,
analysis/story_media_order/romforge_apply_v1/demo_127_first_row.dat,experiments/story_media_order/romforge_apply_v1/demo_127_first_row.dat,FILE,OK,
analysis/story_media_order/romforge_apply_v1/demo_127_first_row.dat.hangul.json,experiments/story_media_order/romforge_apply_v1/demo_127_first_row.dat.hangul.json,FILE,OK,
analysis/story_media_order/romforge_apply_v1/demo_127_first_row_apply.csv,experiments/story_media_order/romforge_apply_v1/demo_127_first_row_apply.csv,FILE,OK,
analysis/story_media_order/romforge_apply_v1/demo_3ds_korean_corrections_v1_apply.csv,experiments/story_media_order/romforge_apply_v1/demo_3ds_korean_corrections_v1_apply.csv,FILE,OK,
analysis/story_media_order/romforge_apply_v1/demo_existing_audit.json,experiments/story_media_order/romforge_apply_v1/demo_existing_audit.json,FILE,OK,
analysis/story_media_order/romforge_apply_v1/demo_gold_all_fixedlayout_grown.dat,experiments/story_media_order/romforge_apply_v1/demo_gold_all_fixedlayout_grown.dat,FILE,OK,
analysis/story_media_order/romforge_apply_v1/demo_gold_all_reclaim_grown.dat,experiments/story_media_order/romforge_apply_v1/demo_gold_all_reclaim_grown.dat,FILE,OK,
analysis/story_media_order/romforge_apply_v1/demo_gold_all_reclaim_grown.dat.hangul.json,experiments/story_media_order/romforge_apply_v1/demo_gold_all_reclaim_grown.dat.hangul.json,FILE,OK,
analysis/story_media_order/romforge_apply_v1/demo_gold_bulk_plus_127.dat,experiments/story_media_order/romforge_apply_v1/demo_gold_bulk_plus_127.dat,FILE,OK,
analysis/story_media_order/romforge_apply_v1/demo_gold_bulk_plus_127.dat.hangul.json,experiments/story_media_order/romforge_apply_v1/demo_gold_bulk_plus_127.dat.hangul.json,FILE,OK,
analysis/story_media_order/romforge_apply_v1/demo_gold_bulk_plus_127_apply.csv,experiments/story_media_order/romforge_apply_v1/demo_gold_bulk_plus_127_apply.csv,FILE,OK,
analysis/story_media_order/romforge_apply_v1/demo_single_row.dat,experiments/story_media_order/romforge_apply_v1/demo_single_row.dat,FILE,OK,
analysis/story_media_order/romforge_apply_v1/demo_single_row.dat.hangul.json,experiments/story_media_order/romforge_apply_v1/demo_single_row.dat.hangul.json,FILE,OK,
analysis/story_media_order/romforge_apply_v1/demo_single_row_apply.csv,experiments/story_media_order/romforge_apply_v1/demo_single_row_apply.csv,FILE,OK,
analysis/story_media_order/romforge_apply_v1/mgs3d_3ds_korean_corrections_v644_merged.csv,experiments/story_media_order/romforge_apply_v1/mgs3d_3ds_korean_corrections_v644_merged.csv,FILE,OK,
analysis/story_media_order/romforge_apply_v1/movie.dat,experiments/story_media_order/romforge_apply_v1/movie.dat,FILE,OK,
analysis/story_media_order/romforge_apply_v1/movie.dat.hangul.json,experiments/story_media_order/romforge_apply_v1/movie.dat.hangul.json,FILE,OK,
analysis/story_media_order/romforge_apply_v1/movie_3ds_korean_corrections_v1_apply.csv,experiments/story_media_order/romforge_apply_v1/movie_3ds_korean_corrections_v1_apply.csv,FILE,OK,
analysis/story_media_order/romforge_apply_v1/movie_existing_audit.json,experiments/story_media_order/romforge_apply_v1/movie_existing_audit.json,FILE,OK,
analysis/story_media_order/romforge_apply_v1/movie_gold_all_fixedlayout_grown.dat,experiments/story_media_order/romforge_apply_v1/movie_gold_all_fixedlayout_grown.dat,FILE,OK,
analysis/story_media_order/romforge_apply_v1/movie_gold_all_reclaim_grown.dat,experiments/story_media_order/romforge_apply_v1/movie_gold_all_reclaim_grown.dat,FILE,OK,
analysis/story_media_order/romforge_apply_v1/movie_gold_all_reclaim_grown.dat.hangul.json,experiments/story_media_order/romforge_apply_v1/movie_gold_all_reclaim_grown.dat.hangul.json,FILE,OK,
analysis/story_media_order/romforge_apply_v1/backup_before_v644_stage/demo.dat,experiments/story_media_order/romforge_apply_v1/backup_before_v644_stage/demo.dat,FILE,OK,
analysis/story_media_order/romforge_apply_v1/backup_before_v644_stage/movie.dat,experiments/story_media_order/romforge_apply_v1/backup_before_v644_stage/movie.dat,FILE,OK,
analysis/story_media_order/romforge_apply_v1/backup_before_v645_careful_restage/demo.dat,experiments/story_media_order/romforge_apply_v1/backup_before_v645_careful_restage/demo.dat,FILE,OK,
analysis/story_media_order/romforge_apply_v1/backup_before_v645_careful_restage/movie.dat,experiments/story_media_order/romforge_apply_v1/backup_before_v645_careful_restage/movie.dat,FILE,OK,
analysis/story_media_order/romforge_apply_v1/backup_before_v645_full_stage/demo.dat,experiments/story_media_order/romforge_apply_v1/backup_before_v645_full_stage/demo.dat,FILE,OK,
analysis/story_media_order/romforge_apply_v1/backup_before_v645_full_stage/movie.dat,experiments/story_media_order/romforge_apply_v1/backup_before_v645_full_stage/movie.dat,FILE,OK,
analysis/story_media_order/romforge_apply_v1/gold_remapped/demo_3ds_korean_corrections_v1_apply.csv,experiments/story_media_order/romforge_apply_v1/gold_remapped/demo_3ds_korean_corrections_v1_apply.csv,FILE,OK,
analysis/story_media_order/romforge_apply_v1/gold_remapped/movie_3ds_korean_corrections_v1_apply.csv,experiments/story_media_order/romforge_apply_v1/gold_remapped/movie_3ds_korean_corrections_v1_apply.csv,FILE,OK,
analysis/story_media_order/romforge_apply_v1/v644_full_html/demo_v644_full_apply.csv,experiments/story_media_order/romforge_apply_v1/v644_full_html/demo_v644_full_apply.csv,FILE,OK,
analysis/story_media_order/romforge_apply_v1/v644_full_html/demo_v644_full_reclaim_grown.dat,experiments/story_media_order/romforge_apply_v1/v644_full_html/demo_v644_full_reclaim_grown.dat,FILE,OK,
analysis/story_media_order/romforge_apply_v1/v644_full_html/demo_v644_full_reclaim_grown.dat.hangul.json,experiments/story_media_order/romforge_apply_v1/v644_full_html/demo_v644_full_reclaim_grown.dat.hangul.json,FILE,OK,
analysis/story_media_order/romforge_apply_v1/v644_full_html/movie.dat,experiments/story_media_order/romforge_apply_v1/v644_full_html/movie.dat,FILE,OK,
analysis/story_media_order/romforge_apply_v1/v644_full_html/movie.dat.hangul.json,experiments/story_media_order/romforge_apply_v1/v644_full_html/movie.dat.hangul.json,FILE,OK,
analysis/story_media_order/romforge_apply_v1/v644_full_html/movie_v644_full_apply.csv,experiments/story_media_order/romforge_apply_v1/v644_full_html/movie_v644_full_apply.csv,FILE,OK,
analysis/story_media_order/romforge_apply_v1/v644_gold_remapped/demo.dat,experiments/story_media_order/romforge_apply_v1/v644_gold_remapped/demo.dat,FILE,OK,
analysis/story_media_order/romforge_apply_v1/v644_gold_remapped/demo_3ds_korean_corrections_v1_apply.csv,experiments/story_media_order/romforge_apply_v1/v644_gold_remapped/demo_3ds_korean_corrections_v1_apply.csv,FILE,OK,
analysis/story_media_order/romforge_apply_v1/v644_gold_remapped/demo_v644_plus_127_apply.csv,experiments/story_media_order/romforge_apply_v1/v644_gold_remapped/demo_v644_plus_127_apply.csv,FILE,OK,
analysis/story_media_order/romforge_apply_v1/v644_gold_remapped/demo_v644_reclaim_grown.dat,experiments/story_media_order/romforge_apply_v1/v644_gold_remapped/demo_v644_reclaim_grown.dat,FILE,OK,
analysis/story_media_order/romforge_apply_v1/v644_gold_remapped/demo_v644_reclaim_grown.dat.hangul.json,experiments/story_media_order/romforge_apply_v1/v644_gold_remapped/demo_v644_reclaim_grown.dat.hangul.json,FILE,OK,
analysis/story_media_order/romforge_apply_v1/v644_gold_remapped/movie.dat,experiments/story_media_order/romforge_apply_v1/v644_gold_remapped/movie.dat,FILE,OK,
analysis/story_media_order/romforge_apply_v1/v644_gold_remapped/movie.dat.hangul.json,experiments/story_media_order/romforge_apply_v1/v644_gold_remapped/movie.dat.hangul.json,FILE,OK,
analysis/story_media_order/romforge_apply_v1/v644_gold_remapped/movie_3ds_korean_corrections_v1_apply.csv,experiments/story_media_order/romforge_apply_v1/v644_gold_remapped/movie_3ds_korean_corrections_v1_apply.csv,FILE,OK,
analysis/story_media_order/romforge_apply_v1/v645_full_html/demo.dat,experiments/story_media_order/romforge_apply_v1/v645_full_html/demo.dat,FILE,OK,
analysis/story_media_order/romforge_apply_v1/v645_full_html/demo_v645_full_apply.csv,experiments/story_media_order/romforge_apply_v1/v645_full_html/demo_v645_full_apply.csv,FILE,OK,
analysis/story_media_order/romforge_apply_v1/v645_full_html/demo_v645_full_reclaim_grown.dat,experiments/story_media_order/romforge_apply_v1/v645_full_html/demo_v645_full_reclaim_grown.dat,FILE,OK,
analysis/story_media_order/romforge_apply_v1/v645_full_html/demo_v645_full_reclaim_grown.dat.hangul.json,experiments/story_media_order/romforge_apply_v1/v645_full_html/demo_v645_full_reclaim_grown.dat.hangul.json,FILE,OK,
analysis/story_media_order/romforge_apply_v1/v645_full_html/movie.dat,experiments/story_media_order/romforge_apply_v1/v645_full_html/movie.dat,FILE,OK,
analysis/story_media_order/romforge_apply_v1/v645_full_html/movie.dat.hangul.json,experiments/story_media_order/romforge_apply_v1/v645_full_html/movie.dat.hangul.json,FILE,OK,
analysis/story_media_order/romforge_apply_v1/v645_full_html/movie_v645_full_apply.csv,experiments/story_media_order/romforge_apply_v1/v645_full_html/movie_v645_full_apply.csv,FILE,OK,
analysis/story_media_order/romforge_apply_v1/v645_full_rebuild/demo.dat,experiments/story_media_order/romforge_apply_v1/v645_full_rebuild/demo.dat,FILE,OK,
analysis/story_media_order/romforge_apply_v1/v645_full_rebuild/demo_full_apply.csv,experiments/story_media_order/romforge_apply_v1/v645_full_rebuild/demo_full_apply.csv,FILE,OK,
analysis/story_media_order/romforge_apply_v1/v645_full_rebuild/demo_grown.dat,experiments/story_media_order/romforge_apply_v1/v645_full_rebuild/demo_grown.dat,FILE,OK,
analysis/story_media_order/romforge_apply_v1/v645_full_rebuild/demo_grown.dat.hangul.json,experiments/story_media_order/romforge_apply_v1/v645_full_rebuild/demo_grown.dat.hangul.json,FILE,OK,
analysis/story_media_order/romforge_apply_v1/v645_full_rebuild/movie.dat,experiments/story_media_order/romforge_apply_v1/v645_full_rebuild/movie.dat,FILE,OK,
analysis/story_media_order/romforge_apply_v1/v645_full_rebuild/movie.dat.hangul.json,experiments/story_media_order/romforge_apply_v1/v645_full_rebuild/movie.dat.hangul.json,FILE,OK,
analysis/story_media_order/romforge_apply_v1/v645_full_rebuild/movie_full_apply.csv,experiments/story_media_order/romforge_apply_v1/v645_full_rebuild/movie_full_apply.csv,FILE,OK,
analysis/structure_expansion_2026-08-12,experiments/structure_expansion_2026-08-12,DIR,OK,
analysis/translation_checkpoints/2026-08-12_pre_fixed_budget_compaction,experiments/translation_checkpoints,DIR,OK,
analysis/1.png,experiments/_loose/1.png,FILE,OK,
analysis/2.png,experiments/_loose/2.png,FILE,OK,
analysis/3.png,experiments/_loose/3.png,FILE,OK,
analysis/4.png,experiments/_loose/4.png,FILE,OK,
analysis/5.png,experiments/_loose/5.png,FILE,OK,
analysis/capacity_plan_unchanged_build.dat,experiments/_loose/capacity_plan_unchanged_build.dat,FILE,OK,
analysis/codec_fps_fixed_layout.dat,experiments/_loose/codec_fps_fixed_layout.dat,FILE,OK,
analysis/english_movie_first26.dat,experiments/_loose/english_movie_first26.dat,FILE,OK,
analysis/english_movie_smoke_one.csv,experiments/_loose/english_movie_smoke_one.csv,FILE,OK,
analysis/english_movie_smoke_one.dat,experiments/_loose/english_movie_smoke_one.dat,FILE,OK,
analysis/english_movie_smoke_record0.csv,experiments/_loose/english_movie_smoke_record0.csv,FILE,OK,
analysis/english_movie_smoke_record0.dat,experiments/_loose/english_movie_smoke_record0.dat,FILE,OK,
analysis/en_codec_fixed_size_smoke.dat,experiments/_loose/en_codec_fixed_size_smoke.dat,FILE,OK,
analysis/en_codec_fixed_size_smoke_translation.json,experiments/_loose/en_codec_fixed_size_smoke_translation.json,FILE,OK,
analysis/en_codec_smoke.dat,experiments/_loose/en_codec_smoke.dat,FILE,OK,
analysis/en_demo_smoke.dat,experiments/_loose/en_demo_smoke.dat,FILE,OK,
analysis/en_demo_smoke_translation.csv,experiments/_loose/en_demo_smoke_translation.csv,FILE,OK,
analysis/en_movie_smoke.dat,experiments/_loose/en_movie_smoke.dat,FILE,OK,
analysis/en_movie_smoke_translation.csv,experiments/_loose/en_movie_smoke_translation.csv,FILE,OK,
analysis/gcx15_linear.png,experiments/_loose/gcx15_linear.png,FILE,OK,
analysis/gcx15_tiled.png,experiments/_loose/gcx15_tiled.png,FILE,OK,
analysis/korean_build_existing_font_smoke.json,experiments/_loose/korean_build_existing_font_smoke.json,FILE,OK,
analysis/korean_build_smoke.json,experiments/_loose/korean_build_smoke.json,FILE,OK,
analysis/화면 캡처 2026-08-01 005751.png,experiments/_loose/화면 캡처 2026-08-01 005751.png,FILE,OK,
analysis/화면 캡처 2026-08-01 005752.png,experiments/_loose/화면 캡처 2026-08-01 005752.png,FILE,OK,
analysis/화면 캡처 2026-08-01 005753.png,experiments/_loose/화면 캡처 2026-08-01 005753.png,FILE,OK,
analysis/화면 캡처 2026-08-01 1.png,experiments/_loose/화면 캡처 2026-08-01 1.png,FILE,OK,
analysis/화면 캡처 2026-08-01 2.png,experiments/_loose/화면 캡처 2026-08-01 2.png,FILE,OK,
analysis/화면 캡처 2026-08-01 233430.png,experiments/_loose/화면 캡처 2026-08-01 233430.png,FILE,OK,
analysis/화면 캡처 2026-08-01 234014.png,experiments/_loose/화면 캡처 2026-08-01 234014.png,FILE,OK,
analysis/화면 캡처 2026-08-01 234015.png,experiments/_loose/화면 캡처 2026-08-01 234015.png,FILE,OK,
analysis/화면 캡처 2026-08-01 234016.png,experiments/_loose/화면 캡처 2026-08-01 234016.png,FILE,OK,
analysis/화면 캡처 2026-08-01 234017.png,experiments/_loose/화면 캡처 2026-08-01 234017.png,FILE,OK,
analysis/화면 캡처 2026-08-01 234018.png,experiments/_loose/화면 캡처 2026-08-01 234018.png,FILE,OK,
analysis/화면 캡처 2026-08-01 3.png,experiments/_loose/화면 캡처 2026-08-01 3.png,FILE,OK,
analysis/화면 캡처 2026-08-01 4.png,experiments/_loose/화면 캡처 2026-08-01 4.png,FILE,OK,
analysis/build_atomic_success_test/000400000007A000/romfs/movie.dat,experiments/_loose/build_atomic_success_test/000400000007A000/romfs/movie.dat,FILE,OK,
analysis/ps2_korean/codec_ps2_jpshell_gcx16_probe_on_stable.dat,experiments/_loose/ps2_korean/codec_ps2_jpshell_gcx16_probe_on_stable.dat,FILE,OK,
analysis/ps2_korean/codec_ps2_official_first_radio_fixed.dat,experiments/_loose/ps2_korean/codec_ps2_official_first_radio_fixed.dat,FILE,OK,
analysis/ps2_korean/codec_ps2_static_first_radio_4copy.dat,experiments/_loose/ps2_korean/codec_ps2_static_first_radio_4copy.dat,FILE,OK,
analysis/ps2_korean/codec_ps2_whole_gcx16_probe.dat,experiments/_loose/ps2_korean/codec_ps2_whole_gcx16_probe.dat,FILE,OK,
analysis/ps2_korean/codec_ps2_whole_gcx16_probe_on_stable.dat,experiments/_loose/ps2_korean/codec_ps2_whole_gcx16_probe_on_stable.dat,FILE,OK,
analysis/ps2_korean/codec_static_8101_probe.dat,experiments/_loose/ps2_korean/codec_static_8101_probe.dat,FILE,OK,
analysis/ps2_korean/codec_static_8101_probe_4copy.dat,experiments/_loose/ps2_korean/codec_static_8101_probe_4copy.dat,FILE,OK,
analysis/ps2_korean/resident_r_sna01_static_korean.hpk,experiments/_loose/ps2_korean/resident_r_sna01_static_korean.hpk,FILE,OK,
analysis/ps2_korean/resident_r_sna01_static_media.hpk,experiments/_loose/ps2_korean/resident_r_sna01_static_media.hpk,FILE,OK,
analysis/ps2_korean/resident_r_sna01_static_media_191.hpk,experiments/_loose/ps2_korean/resident_r_sna01_static_media_191.hpk,FILE,OK,
analysis/ps2_korean/resident_r_sna02_static_korean.hpk,experiments/_loose/ps2_korean/resident_r_sna02_static_korean.hpk,FILE,OK,
analysis/ps2_korean/resident_r_sna02_static_media.hpk,experiments/_loose/ps2_korean/resident_r_sna02_static_media.hpk,FILE,OK,
analysis/ps2_korean/resident_r_sna02_static_media_191.hpk,experiments/_loose/ps2_korean/resident_r_sna02_static_media_191.hpk,FILE,OK,
analysis/ps2_korean/staging_backup_r_sna01_resident.hpk,experiments/_loose/ps2_korean/staging_backup_r_sna01_resident.hpk,FILE,OK,
analysis/ps2_korean/staging_backup_r_sna02_resident.hpk,experiments/_loose/ps2_korean/staging_backup_r_sna02_resident.hpk,FILE,OK,
analysis/ps2_korean/codec_gcx/00000_00000000.gcx,experiments/_loose/ps2_korean/codec_gcx/00000_00000000.gcx,FILE,OK,
analysis/ps2_korean/codec_gcx/00001_00000040.gcx,experiments/_loose/ps2_korean/codec_gcx/00001_00000040.gcx,FILE,OK,
analysis/ps2_korean/codec_gcx/00002_000000e0.gcx,experiments/_loose/ps2_korean/codec_gcx/00002_000000e0.gcx,FILE,OK,
analysis/ps2_korean/codec_gcx/00003_00000160.gcx,experiments/_loose/ps2_korean/codec_gcx/00003_00000160.gcx,FILE,OK,
analysis/ps2_korean/codec_gcx/00004_00000320.gcx,experiments/_loose/ps2_korean/codec_gcx/00004_00000320.gcx,FILE,OK,
analysis/ps2_korean/codec_gcx/00005_000004e0.gcx,experiments/_loose/ps2_korean/codec_gcx/00005_000004e0.gcx,FILE,OK,
analysis/ps2_korean/codec_gcx/00006_00000b10.gcx,experiments/_loose/ps2_korean/codec_gcx/00006_00000b10.gcx,FILE,OK,
analysis/ps2_korean/codec_gcx/00007_000036d0.gcx,experiments/_loose/ps2_korean/codec_gcx/00007_000036d0.gcx,FILE,OK,
analysis/ps2_korean/codec_gcx/00008_00003e10.gcx,experiments/_loose/ps2_korean/codec_gcx/00008_00003e10.gcx,FILE,OK,
analysis/ps2_korean/codec_gcx/00009_00003e80.gcx,experiments/_loose/ps2_korean/codec_gcx/00009_00003e80.gcx,FILE,OK,
analysis/ps2_korean/codec_gcx/00010_000042e0.gcx,experiments/_loose/ps2_korean/codec_gcx/00010_000042e0.gcx,FILE,OK,
analysis/ps2_korean/codec_gcx/00011_00006a90.gcx,experiments/_loose/ps2_korean/codec_gcx/00011_00006a90.gcx,FILE,OK,
analysis/ps2_korean/codec_gcx/00012_00006b20.gcx,experiments/_loose/ps2_korean/codec_gcx/00012_00006b20.gcx,FILE,OK,
analysis/ps2_korean/codec_gcx/00013_00006fa0.gcx,experiments/_loose/ps2_korean/codec_gcx/00013_00006fa0.gcx,FILE,OK,
analysis/ps2_korean/codec_gcx/00014_00007440.gcx,experiments/_loose/ps2_korean/codec_gcx/00014_00007440.gcx,FILE,OK,
analysis/ps2_korean/codec_gcx/00015_0000d250.gcx,experiments/_loose/ps2_korean/codec_gcx/00015_0000d250.gcx,FILE,OK,
analysis/ps2_korean/codec_gcx/00016_0000d6b0.gcx,experiments/_loose/ps2_korean/codec_gcx/00016_0000d6b0.gcx,FILE,OK,
analysis/ps2_korean/codec_gcx/00017_00010370.gcx,experiments/_loose/ps2_korean/codec_gcx/00017_00010370.gcx,FILE,OK,
analysis/ps2_korean/codec_gcx/00018_00012f90.gcx,experiments/_loose/ps2_korean/codec_gcx/00018_00012f90.gcx,FILE,OK,
analysis/ps2_korean/codec_gcx/00019_00016c70.gcx,experiments/_loose/ps2_korean/codec_gcx/00019_00016c70.gcx,FILE,OK,
analysis/ps2_korean/codec_gcx/00020_000180d0.gcx,experiments/_loose/ps2_korean/codec_gcx/00020_000180d0.gcx,FILE,OK,
analysis/ps2_korean/codec_gcx/00021_000196a0.gcx,experiments/_loose/ps2_korean/codec_gcx/00021_000196a0.gcx,FILE,OK,
analysis/ps2_korean/codec_gcx/00022_0001aef0.gcx,experiments/_loose/ps2_korean/codec_gcx/00022_0001aef0.gcx,FILE,OK,
analysis/ps2_korean/codec_gcx/00023_0001c140.gcx,experiments/_loose/ps2_korean/codec_gcx/00023_0001c140.gcx,FILE,OK,
analysis/ps2_korean/codec_gcx/00024_0001dee0.gcx,experiments/_loose/ps2_korean/codec_gcx/00024_0001dee0.gcx,FILE,OK,
analysis/ps2_korean/codec_gcx/00025_00020250.gcx,experiments/_loose/ps2_korean/codec_gcx/00025_00020250.gcx,FILE,OK,
analysis/ps2_korean/codec_gcx/00026_00021420.gcx,experiments/_loose/ps2_korean/codec_gcx/00026_00021420.gcx,FILE,OK,
analysis/ps2_korean/codec_gcx/00027_00024060.gcx,experiments/_loose/ps2_korean/codec_gcx/00027_00024060.gcx,FILE,OK,
analysis/ps2_korean/codec_gcx/00028_00025b70.gcx,experiments/_loose/ps2_korean/codec_gcx/00028_00025b70.gcx,FILE,OK,
analysis/ps2_korean/codec_gcx/00029_00027660.gcx,experiments/_loose/ps2_korean/codec_gcx/00029_00027660.gcx,FILE,OK,
analysis/ps2_korean/codec_gcx/00030_0002ae40.gcx,experiments/_loose/ps2_korean/codec_gcx/00030_0002ae40.gcx,FILE,OK,
analysis/ps2_korean/codec_gcx/00031_0002bec0.gcx,experiments/_loose/ps2_korean/codec_gcx/00031_0002bec0.gcx,FILE,OK,
analysis/ps2_korean/codec_gcx/00032_0002ccf0.gcx,experiments/_loose/ps2_korean/codec_gcx/00032_0002ccf0.gcx,FILE,OK,
analysis/ps2_korean/codec_gcx/00033_0002ed40.gcx,experiments/_loose/ps2_korean/codec_gcx/00033_0002ed40.gcx,FILE,OK,
analysis/ps2_korean/codec_gcx/00034_00036b20.gcx,experiments/_loose/ps2_korean/codec_gcx/00034_00036b20.gcx,FILE,OK,
analysis/ps2_korean/codec_gcx/00035_00038560.gcx,experiments/_loose/ps2_korean/codec_gcx/00035_00038560.gcx,FILE,OK,
analysis/ps2_korean/codec_gcx/00036_0003a510.gcx,experiments/_loose/ps2_korean/codec_gcx/00036_0003a510.gcx,FILE,OK,
analysis/ps2_korean/codec_gcx/00037_0003b670.gcx,experiments/_loose/ps2_korean/codec_gcx/00037_0003b670.gcx,FILE,OK,
analysis/ps2_korean/codec_gcx/00038_0003c7b0.gcx,experiments/_loose/ps2_korean/codec_gcx/00038_0003c7b0.gcx,FILE,OK,
analysis/ps2_korean/codec_gcx/00039_0003da70.gcx,experiments/_loose/ps2_korean/codec_gcx/00039_0003da70.gcx,FILE,OK,
analysis/ps2_korean/codec_gcx/00040_0003f070.gcx,experiments/_loose/ps2_korean/codec_gcx/00040_0003f070.gcx,FILE,OK,
analysis/ps2_korean/codec_gcx/00041_00040f60.gcx,experiments/_loose/ps2_korean/codec_gcx/00041_00040f60.gcx,FILE,OK,
analysis/ps2_korean/codec_gcx/00042_00041fe0.gcx,experiments/_loose/ps2_korean/codec_gcx/00042_00041fe0.gcx,FILE,OK,
analysis/ps2_korean/codec_gcx/00043_00043670.gcx,experiments/_loose/ps2_korean/codec_gcx/00043_00043670.gcx,FILE,OK,
analysis/ps2_korean/codec_gcx/00044_00044a00.gcx,experiments/_loose/ps2_korean/codec_gcx/00044_00044a00.gcx,FILE,OK,
analysis/ps2_korean/codec_gcx/00045_00045d70.gcx,experiments/_loose/ps2_korean/codec_gcx/00045_00045d70.gcx,FILE,OK,
analysis/ps2_korean/codec_gcx/00046_00046ea0.gcx,experiments/_loose/ps2_korean/codec_gcx/00046_00046ea0.gcx,FILE,OK,
analysis/ps2_korean/codec_gcx/00047_000480e0.gcx,experiments/_loose/ps2_korean/codec_gcx/00047_000480e0.gcx,FILE,OK,
analysis/ps2_korean/codec_gcx/00048_00049640.gcx,experiments/_loose/ps2_korean/codec_gcx/00048_00049640.gcx,FILE,OK,
analysis/ps2_korean/codec_gcx/00049_0004bae0.gcx,experiments/_loose/ps2_korean/codec_gcx/00049_0004bae0.gcx,FILE,OK,
analysis/ps2_korean/codec_gcx/00050_0004e030.gcx,experiments/_loose/ps2_korean/codec_gcx/00050_0004e030.gcx,FILE,OK,
analysis/ps2_korean/codec_gcx/00051_00050f60.gcx,experiments/_loose/ps2_korean/codec_gcx/00051_00050f60.gcx,FILE,OK,
analysis/ps2_korean/codec_gcx/00052_00052150.gcx,experiments/_loose/ps2_korean/codec_gcx/00052_00052150.gcx,FILE,OK,
analysis/ps2_korean/codec_gcx/00053_00054e20.gcx,experiments/_loose/ps2_korean/codec_gcx/00053_00054e20.gcx,FILE,OK,
analysis/ps2_korean/codec_gcx/00054_000586e0.gcx,experiments/_loose/ps2_korean/codec_gcx/00054_000586e0.gcx,FILE,OK,
analysis/ps2_korean/codec_gcx/00055_0005cf50.gcx,experiments/_loose/ps2_korean/codec_gcx/00055_0005cf50.gcx,FILE,OK,
analysis/ps2_korean/codec_gcx/00056_00069610.gcx,experiments/_loose/ps2_korean/codec_gcx/00056_00069610.gcx,FILE,OK,
analysis/ps2_korean/codec_gcx/00057_0006cf50.gcx,experiments/_loose/ps2_korean/codec_gcx/00057_0006cf50.gcx,FILE,OK,
analysis/ps2_korean/codec_gcx/00058_0006f1c0.gcx,experiments/_loose/ps2_korean/codec_gcx/00058_0006f1c0.gcx,FILE,OK,
analysis/ps2_korean/codec_gcx/00059_00070240.gcx,experiments/_loose/ps2_korean/codec_gcx/00059_00070240.gcx,FILE,OK,
analysis/ps2_korean/codec_gcx/00060_00072300.gcx,experiments/_loose/ps2_korean/codec_gcx/00060_00072300.gcx,FILE,OK,
analysis/ps2_korean/codec_gcx/00061_000747b0.gcx,experiments/_loose/ps2_korean/codec_gcx/00061_000747b0.gcx,FILE,OK,
analysis/ps2_korean/codec_gcx/00062_00078e80.gcx,experiments/_loose/ps2_korean/codec_gcx/00062_00078e80.gcx,FILE,OK,
analysis/ps2_korean/codec_gcx/00063_0007a320.gcx,experiments/_loose/ps2_korean/codec_gcx/00063_0007a320.gcx,FILE,OK,
analysis/ps2_korean/codec_gcx/00064_0007b6a0.gcx,experiments/_loose/ps2_korean/codec_gcx/00064_0007b6a0.gcx,FILE,OK,
analysis/ps2_korean/codec_gcx/00065_0007cf70.gcx,experiments/_loose/ps2_korean/codec_gcx/00065_0007cf70.gcx,FILE,OK,
analysis/ps2_korean/codec_gcx/00066_0007e670.gcx,experiments/_loose/ps2_korean/codec_gcx/00066_0007e670.gcx,FILE,OK,
analysis/ps2_korean/codec_gcx/00067_0007f950.gcx,experiments/_loose/ps2_korean/codec_gcx/00067_0007f950.gcx,FILE,OK,
analysis/ps2_korean/codec_gcx/00068_00080e20.gcx,experiments/_loose/ps2_korean/codec_gcx/00068_00080e20.gcx,FILE,OK,
analysis/ps2_korean/codec_gcx/00069_00082750.gcx,experiments/_loose/ps2_korean/codec_gcx/00069_00082750.gcx,FILE,OK,
analysis/ps2_korean/codec_gcx/00070_00083d60.gcx,experiments/_loose/ps2_korean/codec_gcx/00070_00083d60.gcx,FILE,OK,
analysis/ps2_korean/codec_gcx/00071_00085450.gcx,experiments/_loose/ps2_korean/codec_gcx/00071_00085450.gcx,FILE,OK,
analysis/ps2_korean/codec_gcx/00072_000867f0.gcx,experiments/_loose/ps2_korean/codec_gcx/00072_000867f0.gcx,FILE,OK,
analysis/ps2_korean/codec_gcx/00073_00088140.gcx,experiments/_loose/ps2_korean/codec_gcx/00073_00088140.gcx,FILE,OK,
analysis/ps2_korean/codec_gcx/00074_00089200.gcx,experiments/_loose/ps2_korean/codec_gcx/00074_00089200.gcx,FILE,OK,
analysis/ps2_korean/codec_gcx/00075_0008a2a0.gcx,experiments/_loose/ps2_korean/codec_gcx/00075_0008a2a0.gcx,FILE,OK,
analysis/ps2_korean/codec_gcx/00076_0008bc00.gcx,experiments/_loose/ps2_korean/codec_gcx/00076_0008bc00.gcx,FILE,OK,
analysis/ps2_korean/codec_gcx/00077_0008cdc0.gcx,experiments/_loose/ps2_korean/codec_gcx/00077_0008cdc0.gcx,FILE,OK,
analysis/ps2_korean/codec_gcx/00078_0008e340.gcx,experiments/_loose/ps2_korean/codec_gcx/00078_0008e340.gcx,FILE,OK,
analysis/ps2_korean/codec_gcx/00079_0008f820.gcx,experiments/_loose/ps2_korean/codec_gcx/00079_0008f820.gcx,FILE,OK,
analysis/ps2_korean/codec_gcx/00080_00091140.gcx,experiments/_loose/ps2_korean/codec_gcx/00080_00091140.gcx,FILE,OK,
analysis/ps2_korean/codec_gcx/00081_000924d0.gcx,experiments/_loose/ps2_korean/codec_gcx/00081_000924d0.gcx,FILE,OK,
analysis/ps2_korean/codec_gcx/00082_000937d0.gcx,experiments/_loose/ps2_korean/codec_gcx/00082_000937d0.gcx,FILE,OK,
analysis/ps2_korean/codec_gcx/00083_00095230.gcx,experiments/_loose/ps2_korean/codec_gcx/00083_00095230.gcx,FILE,OK,
analysis/ps2_korean/codec_gcx/00084_00096990.gcx,experiments/_loose/ps2_korean/codec_gcx/00084_00096990.gcx,FILE,OK,
analysis/ps2_korean/codec_gcx/00085_000982f0.gcx,experiments/_loose/ps2_korean/codec_gcx/00085_000982f0.gcx,FILE,OK,
analysis/ps2_korean/codec_gcx/00086_000996d0.gcx,experiments/_loose/ps2_korean/codec_gcx/00086_000996d0.gcx,FILE,OK,
analysis/ps2_korean/codec_gcx/00087_0009ad60.gcx,experiments/_loose/ps2_korean/codec_gcx/00087_0009ad60.gcx,FILE,OK,
analysis/ps2_korean/codec_gcx/00088_0009c4e0.gcx,experiments/_loose/ps2_korean/codec_gcx/00088_0009c4e0.gcx,FILE,OK,
analysis/ps2_korean/codec_gcx/00089_0009d690.gcx,experiments/_loose/ps2_korean/codec_gcx/00089_0009d690.gcx,FILE,OK,
analysis/ps2_korean/codec_gcx/00090_0009e8d0.gcx,experiments/_loose/ps2_korean/codec_gcx/00090_0009e8d0.gcx,FILE,OK,
analysis/ps2_korean/codec_gcx/00091_000a0560.gcx,experiments/_loose/ps2_korean/codec_gcx/00091_000a0560.gcx,FILE,OK,
analysis/ps2_korean/codec_gcx/00092_000a1c00.gcx,experiments/_loose/ps2_korean/codec_gcx/00092_000a1c00.gcx,FILE,OK,
analysis/ps2_korean/codec_gcx/00093_000a2d30.gcx,experiments/_loose/ps2_korean/codec_gcx/00093_000a2d30.gcx,FILE,OK,
analysis/ps2_korean/codec_gcx/00094_000a4820.gcx,experiments/_loose/ps2_korean/codec_gcx/00094_000a4820.gcx,FILE,OK,
analysis/ps2_korean/codec_gcx/00095_000a6360.gcx,experiments/_loose/ps2_korean/codec_gcx/00095_000a6360.gcx,FILE,OK,
analysis/ps2_korean/codec_gcx/00096_000a78a0.gcx,experiments/_loose/ps2_korean/codec_gcx/00096_000a78a0.gcx,FILE,OK,
analysis/ps2_korean/codec_gcx/00097_000a98b0.gcx,experiments/_loose/ps2_korean/codec_gcx/00097_000a98b0.gcx,FILE,OK,
analysis/ps2_korean/codec_gcx/00098_000aa950.gcx,experiments/_loose/ps2_korean/codec_gcx/00098_000aa950.gcx,FILE,OK,
analysis/ps2_korean/codec_gcx/00099_000ab9d0.gcx,experiments/_loose/ps2_korean/codec_gcx/00099_000ab9d0.gcx,FILE,OK,
analysis/ps2_korean/codec_gcx/00100_000acbf0.gcx,experiments/_loose/ps2_korean/codec_gcx/00100_000acbf0.gcx,FILE,OK,
analysis/ps2_korean/codec_gcx/00101_000add30.gcx,experiments/_loose/ps2_korean/codec_gcx/00101_000add30.gcx,FILE,OK,
analysis/ps2_korean/codec_gcx/00102_000af710.gcx,experiments/_loose/ps2_korean/codec_gcx/00102_000af710.gcx,FILE,OK,
analysis/ps2_korean/codec_gcx/00103_000b0c80.gcx,experiments/_loose/ps2_korean/codec_gcx/00103_000b0c80.gcx,FILE,OK,
analysis/ps2_korean/codec_gcx/00104_000b2140.gcx,experiments/_loose/ps2_korean/codec_gcx/00104_000b2140.gcx,FILE,OK,
analysis/ps2_korean/codec_gcx/00105_000b35e0.gcx,experiments/_loose/ps2_korean/codec_gcx/00105_000b35e0.gcx,FILE,OK,
analysis/ps2_korean/codec_gcx/00106_000b49f0.gcx,experiments/_loose/ps2_korean/codec_gcx/00106_000b49f0.gcx,FILE,OK,
analysis/ps2_korean/codec_gcx/00107_000b5d60.gcx,experiments/_loose/ps2_korean/codec_gcx/00107_000b5d60.gcx,FILE,OK,
analysis/ps2_korean/codec_gcx/00108_000b6fb0.gcx,experiments/_loose/ps2_korean/codec_gcx/00108_000b6fb0.gcx,FILE,OK,
analysis/ps2_korean/codec_gcx/00109_000b8520.gcx,experiments/_loose/ps2_korean/codec_gcx/00109_000b8520.gcx,FILE,OK,
analysis/ps2_korean/codec_gcx/00110_000b9800.gcx,experiments/_loose/ps2_korean/codec_gcx/00110_000b9800.gcx,FILE,OK,
analysis/ps2_korean/codec_gcx/00111_000bb000.gcx,experiments/_loose/ps2_korean/codec_gcx/00111_000bb000.gcx,FILE,OK,
analysis/ps2_korean/codec_gcx/00112_000bc560.gcx,experiments/_loose/ps2_korean/codec_gcx/00112_000bc560.gcx,FILE,OK,
analysis/ps2_korean/codec_gcx/00113_000bddf0.gcx,experiments/_loose/ps2_korean/codec_gcx/00113_000bddf0.gcx,FILE,OK,
analysis/ps2_korean/codec_gcx/00114_000bf7c0.gcx,experiments/_loose/ps2_korean/codec_gcx/00114_000bf7c0.gcx,FILE,OK,
analysis/ps2_korean/codec_gcx/00115_000c0e60.gcx,experiments/_loose/ps2_korean/codec_gcx/00115_000c0e60.gcx,FILE,OK,
analysis/ps2_korean/codec_gcx/00116_000c2b60.gcx,experiments/_loose/ps2_korean/codec_gcx/00116_000c2b60.gcx,FILE,OK,
analysis/ps2_korean/codec_gcx/00117_000c41f0.gcx,experiments/_loose/ps2_korean/codec_gcx/00117_000c41f0.gcx,FILE,OK,
analysis/ps2_korean/codec_gcx/00118_000c58d0.gcx,experiments/_loose/ps2_korean/codec_gcx/00118_000c58d0.gcx,FILE,OK,
analysis/ps2_korean/codec_gcx/00119_000c7360.gcx,experiments/_loose/ps2_korean/codec_gcx/00119_000c7360.gcx,FILE,OK,
analysis/ps2_korean/codec_gcx/00120_000c8830.gcx,experiments/_loose/ps2_korean/codec_gcx/00120_000c8830.gcx,FILE,OK,
analysis/ps2_korean/codec_gcx/00121_000cb8f0.gcx,experiments/_loose/ps2_korean/codec_gcx/00121_000cb8f0.gcx,FILE,OK,
analysis/ps2_korean/codec_gcx/00122_000cd710.gcx,experiments/_loose/ps2_korean/codec_gcx/00122_000cd710.gcx,FILE,OK,
analysis/ps2_korean/codec_gcx/00123_000cec30.gcx,experiments/_loose/ps2_korean/codec_gcx/00123_000cec30.gcx,FILE,OK,
analysis/ps2_korean/codec_gcx/00124_000d0740.gcx,experiments/_loose/ps2_korean/codec_gcx/00124_000d0740.gcx,FILE,OK,
analysis/ps2_korean/codec_gcx/00125_000d1e80.gcx,experiments/_loose/ps2_korean/codec_gcx/00125_000d1e80.gcx,FILE,OK,
analysis/ps2_korean/codec_gcx/00126_000d32e0.gcx,experiments/_loose/ps2_korean/codec_gcx/00126_000d32e0.gcx,FILE,OK,
analysis/ps2_korean/codec_gcx/00127_000d4b90.gcx,experiments/_loose/ps2_korean/codec_gcx/00127_000d4b90.gcx,FILE,OK,
analysis/ps2_korean/codec_gcx/00128_000d6860.gcx,experiments/_loose/ps2_korean/codec_gcx/00128_000d6860.gcx,FILE,OK,
analysis/ps2_korean/codec_gcx/00129_000d8770.gcx,experiments/_loose/ps2_korean/codec_gcx/00129_000d8770.gcx,FILE,OK,
analysis/ps2_korean/codec_gcx/00130_000da260.gcx,experiments/_loose/ps2_korean/codec_gcx/00130_000da260.gcx,FILE,OK,
analysis/ps2_korean/codec_gcx/00131_000dbd60.gcx,experiments/_loose/ps2_korean/codec_gcx/00131_000dbd60.gcx,FILE,OK,
analysis/ps2_korean/codec_gcx/00132_000dd3c0.gcx,experiments/_loose/ps2_korean/codec_gcx/00132_000dd3c0.gcx,FILE,OK,
analysis/ps2_korean/codec_gcx/00133_000e0c80.gcx,experiments/_loose/ps2_korean/codec_gcx/00133_000e0c80.gcx,FILE,OK,
analysis/ps2_korean/codec_gcx/00134_000e26f0.gcx,experiments/_loose/ps2_korean/codec_gcx/00134_000e26f0.gcx,FILE,OK,
analysis/ps2_korean/codec_gcx/00135_000e54c0.gcx,experiments/_loose/ps2_korean/codec_gcx/00135_000e54c0.gcx,FILE,OK,
analysis/ps2_korean/codec_gcx/00136_000e6fd0.gcx,experiments/_loose/ps2_korean/codec_gcx/00136_000e6fd0.gcx,FILE,OK,
analysis/ps2_korean/codec_gcx/00137_000e8630.gcx,experiments/_loose/ps2_korean/codec_gcx/00137_000e8630.gcx,FILE,OK,
analysis/ps2_korean/codec_gcx/00138_000ea6d0.gcx,experiments/_loose/ps2_korean/codec_gcx/00138_000ea6d0.gcx,FILE,OK,
analysis/ps2_korean/codec_gcx/00139_000ec1b0.gcx,experiments/_loose/ps2_korean/codec_gcx/00139_000ec1b0.gcx,FILE,OK,
analysis/ps2_korean/codec_gcx/00140_000ed4c0.gcx,experiments/_loose/ps2_korean/codec_gcx/00140_000ed4c0.gcx,FILE,OK,
analysis/ps2_korean/codec_gcx/00141_000ef1b0.gcx,experiments/_loose/ps2_korean/codec_gcx/00141_000ef1b0.gcx,FILE,OK,
analysis/ps2_korean/codec_gcx/00142_000f0e10.gcx,experiments/_loose/ps2_korean/codec_gcx/00142_000f0e10.gcx,FILE,OK,
analysis/ps2_korean/codec_gcx/00143_000f2a30.gcx,experiments/_loose/ps2_korean/codec_gcx/00143_000f2a30.gcx,FILE,OK,
analysis/ps2_korean/codec_gcx/00144_000f5130.gcx,experiments/_loose/ps2_korean/codec_gcx/00144_000f5130.gcx,FILE,OK,
analysis/ps2_korean/codec_gcx/00145_000f7240.gcx,experiments/_loose/ps2_korean/codec_gcx/00145_000f7240.gcx,FILE,OK,
analysis/ps2_korean/codec_gcx/00146_000f8f80.gcx,experiments/_loose/ps2_korean/codec_gcx/00146_000f8f80.gcx,FILE,OK,
analysis/ps2_korean/codec_gcx/00147_000facf0.gcx,experiments/_loose/ps2_korean/codec_gcx/00147_000facf0.gcx,FILE,OK,
analysis/ps2_korean/codec_gcx/00148_000fd100.gcx,experiments/_loose/ps2_korean/codec_gcx/00148_000fd100.gcx,FILE,OK,
analysis/ps2_korean/codec_gcx/00149_000fef30.gcx,experiments/_loose/ps2_korean/codec_gcx/00149_000fef30.gcx,FILE,OK,
analysis/ps2_korean/codec_gcx/00150_00100f00.gcx,experiments/_loose/ps2_korean/codec_gcx/00150_00100f00.gcx,FILE,OK,
analysis/ps2_korean/codec_gcx/00151_00102fc0.gcx,experiments/_loose/ps2_korean/codec_gcx/00151_00102fc0.gcx,FILE,OK,
analysis/ps2_korean/codec_gcx/00152_00104b80.gcx,experiments/_loose/ps2_korean/codec_gcx/00152_00104b80.gcx,FILE,OK,
analysis/ps2_korean/codec_gcx/00153_001065d0.gcx,experiments/_loose/ps2_korean/codec_gcx/00153_001065d0.gcx,FILE,OK,
analysis/ps2_korean/codec_gcx/00154_001085a0.gcx,experiments/_loose/ps2_korean/codec_gcx/00154_001085a0.gcx,FILE,OK,
analysis/ps2_korean/codec_gcx/00155_0010a7d0.gcx,experiments/_loose/ps2_korean/codec_gcx/00155_0010a7d0.gcx,FILE,OK,
analysis/ps2_korean/codec_gcx/00156_0010c120.gcx,experiments/_loose/ps2_korean/codec_gcx/00156_0010c120.gcx,FILE,OK,
analysis/ps2_korean/codec_gcx/00157_0010dcc0.gcx,experiments/_loose/ps2_korean/codec_gcx/00157_0010dcc0.gcx,FILE,OK,
analysis/ps2_korean/codec_gcx/00158_0010f8f0.gcx,experiments/_loose/ps2_korean/codec_gcx/00158_0010f8f0.gcx,FILE,OK,
analysis/ps2_korean/codec_gcx/00159_00111580.gcx,experiments/_loose/ps2_korean/codec_gcx/00159_00111580.gcx,FILE,OK,
analysis/ps2_korean/codec_gcx/00160_00113220.gcx,experiments/_loose/ps2_korean/codec_gcx/00160_00113220.gcx,FILE,OK,
analysis/ps2_korean/codec_gcx/00161_00114d90.gcx,experiments/_loose/ps2_korean/codec_gcx/00161_00114d90.gcx,FILE,OK,
analysis/ps2_korean/codec_gcx/00162_00116980.gcx,experiments/_loose/ps2_korean/codec_gcx/00162_00116980.gcx,FILE,OK,
analysis/ps2_korean/codec_gcx/00163_00118f50.gcx,experiments/_loose/ps2_korean/codec_gcx/00163_00118f50.gcx,FILE,OK,
analysis/ps2_korean/codec_gcx/00164_0011a440.gcx,experiments/_loose/ps2_korean/codec_gcx/00164_0011a440.gcx,FILE,OK,
analysis/ps2_korean/codec_gcx/00165_0011ba70.gcx,experiments/_loose/ps2_korean/codec_gcx/00165_0011ba70.gcx,FILE,OK,
analysis/ps2_korean/codec_gcx/00166_0011d500.gcx,experiments/_loose/ps2_korean/codec_gcx/00166_0011d500.gcx,FILE,OK,
analysis/ps2_korean/codec_gcx/00167_0011edc0.gcx,experiments/_loose/ps2_korean/codec_gcx/00167_0011edc0.gcx,FILE,OK,
analysis/ps2_korean/codec_gcx/00168_00120a40.gcx,experiments/_loose/ps2_korean/codec_gcx/00168_00120a40.gcx,FILE,OK,
analysis/ps2_korean/codec_gcx/00169_001221a0.gcx,experiments/_loose/ps2_korean/codec_gcx/00169_001221a0.gcx,FILE,OK,
analysis/ps2_korean/codec_gcx/00170_00124010.gcx,experiments/_loose/ps2_korean/codec_gcx/00170_00124010.gcx,FILE,OK,
analysis/ps2_korean/codec_gcx/00171_00125c20.gcx,experiments/_loose/ps2_korean/codec_gcx/00171_00125c20.gcx,FILE,OK,
analysis/ps2_korean/codec_gcx/00172_00127800.gcx,experiments/_loose/ps2_korean/codec_gcx/00172_00127800.gcx,FILE,OK,
analysis/ps2_korean/codec_gcx/00173_00129f90.gcx,experiments/_loose/ps2_korean/codec_gcx/00173_00129f90.gcx,FILE,OK,
analysis/ps2_korean/codec_gcx/00174_0012bdc0.gcx,experiments/_loose/ps2_korean/codec_gcx/00174_0012bdc0.gcx,FILE,OK,
analysis/ps2_korean/codec_gcx/00175_0012d020.gcx,experiments/_loose/ps2_korean/codec_gcx/00175_0012d020.gcx,FILE,OK,
analysis/ps2_korean/codec_gcx/00176_0012f180.gcx,experiments/_loose/ps2_korean/codec_gcx/00176_0012f180.gcx,FILE,OK,
analysis/ps2_korean/codec_gcx/00177_00130b20.gcx,experiments/_loose/ps2_korean/codec_gcx/00177_00130b20.gcx,FILE,OK,
analysis/ps2_korean/codec_gcx/00178_00132250.gcx,experiments/_loose/ps2_korean/codec_gcx/00178_00132250.gcx,FILE,OK,
analysis/ps2_korean/codec_gcx/00179_00133460.gcx,experiments/_loose/ps2_korean/codec_gcx/00179_00133460.gcx,FILE,OK,
analysis/ps2_korean/codec_gcx/00180_00134ec0.gcx,experiments/_loose/ps2_korean/codec_gcx/00180_00134ec0.gcx,FILE,OK,
analysis/ps2_korean/codec_gcx/00181_001367d0.gcx,experiments/_loose/ps2_korean/codec_gcx/00181_001367d0.gcx,FILE,OK,
analysis/ps2_korean/codec_gcx/00182_00137600.gcx,experiments/_loose/ps2_korean/codec_gcx/00182_00137600.gcx,FILE,OK,
analysis/ps2_korean/codec_gcx/00183_00139bf0.gcx,experiments/_loose/ps2_korean/codec_gcx/00183_00139bf0.gcx,FILE,OK,
analysis/ps2_korean/codec_gcx/00184_0013b180.gcx,experiments/_loose/ps2_korean/codec_gcx/00184_0013b180.gcx,FILE,OK,
analysis/ps2_korean/codec_gcx/00185_0013c360.gcx,experiments/_loose/ps2_korean/codec_gcx/00185_0013c360.gcx,FILE,OK,
analysis/ps2_korean/codec_gcx/00186_0013d4c0.gcx,experiments/_loose/ps2_korean/codec_gcx/00186_0013d4c0.gcx,FILE,OK,
analysis/ps2_korean/codec_gcx/00187_0013f150.gcx,experiments/_loose/ps2_korean/codec_gcx/00187_0013f150.gcx,FILE,OK,
analysis/ps2_korean/codec_gcx/00188_001413d0.gcx,experiments/_loose/ps2_korean/codec_gcx/00188_001413d0.gcx,FILE,OK,
analysis/ps2_korean/codec_gcx/00189_00142aa0.gcx,experiments/_loose/ps2_korean/codec_gcx/00189_00142aa0.gcx,FILE,OK,
analysis/ps2_korean/codec_gcx/00190_00144930.gcx,experiments/_loose/ps2_korean/codec_gcx/00190_00144930.gcx,FILE,OK,
analysis/ps2_korean/codec_gcx/00191_00146220.gcx,experiments/_loose/ps2_korean/codec_gcx/00191_00146220.gcx,FILE,OK,
analysis/ps2_korean/codec_gcx/00192_00147420.gcx,experiments/_loose/ps2_korean/codec_gcx/00192_00147420.gcx,FILE,OK,
analysis/ps2_korean/codec_gcx/00193_00148920.gcx,experiments/_loose/ps2_korean/codec_gcx/00193_00148920.gcx,FILE,OK,
analysis/ps2_korean/codec_gcx/00194_001497b0.gcx,experiments/_loose/ps2_korean/codec_gcx/00194_001497b0.gcx,FILE,OK,
analysis/ps2_korean/codec_gcx/00195_0014a680.gcx,experiments/_loose/ps2_korean/codec_gcx/00195_0014a680.gcx,FILE,OK,
analysis/ps2_korean/codec_gcx/00196_0014b2b0.gcx,experiments/_loose/ps2_korean/codec_gcx/00196_0014b2b0.gcx,FILE,OK,
analysis/ps2_korean/codec_gcx/00197_0014c8a0.gcx,experiments/_loose/ps2_korean/codec_gcx/00197_0014c8a0.gcx,FILE,OK,
analysis/ps2_korean/codec_gcx/00198_0014da10.gcx,experiments/_loose/ps2_korean/codec_gcx/00198_0014da10.gcx,FILE,OK,
analysis/ps2_korean/codec_gcx/00199_0014f0b0.gcx,experiments/_loose/ps2_korean/codec_gcx/00199_0014f0b0.gcx,FILE,OK,
analysis/ps2_korean/codec_gcx/00200_00150150.gcx,experiments/_loose/ps2_korean/codec_gcx/00200_00150150.gcx,FILE,OK,
analysis/ps2_korean/codec_gcx/00201_00151c20.gcx,experiments/_loose/ps2_korean/codec_gcx/00201_00151c20.gcx,FILE,OK,
analysis/ps2_korean/codec_gcx/00202_00153430.gcx,experiments/_loose/ps2_korean/codec_gcx/00202_00153430.gcx,FILE,OK,
analysis/ps2_korean/codec_gcx/00203_00155230.gcx,experiments/_loose/ps2_korean/codec_gcx/00203_00155230.gcx,FILE,OK,
analysis/ps2_korean/codec_gcx/00204_00156a50.gcx,experiments/_loose/ps2_korean/codec_gcx/00204_00156a50.gcx,FILE,OK,
analysis/ps2_korean/codec_gcx/00205_00157af0.gcx,experiments/_loose/ps2_korean/codec_gcx/00205_00157af0.gcx,FILE,OK,
analysis/ps2_korean/codec_gcx/00206_001586a0.gcx,experiments/_loose/ps2_korean/codec_gcx/00206_001586a0.gcx,FILE,OK,
analysis/ps2_korean/codec_gcx/00207_001590e0.gcx,experiments/_loose/ps2_korean/codec_gcx/00207_001590e0.gcx,FILE,OK,
analysis/ps2_korean/codec_gcx/00208_0015a050.gcx,experiments/_loose/ps2_korean/codec_gcx/00208_0015a050.gcx,FILE,OK,
analysis/ps2_korean/codec_gcx/00209_0015ba00.gcx,experiments/_loose/ps2_korean/codec_gcx/00209_0015ba00.gcx,FILE,OK,
analysis/ps2_korean/codec_gcx/00210_0015d610.gcx,experiments/_loose/ps2_korean/codec_gcx/00210_0015d610.gcx,FILE,OK,
analysis/ps2_korean/codec_gcx/00211_0015ecf0.gcx,experiments/_loose/ps2_korean/codec_gcx/00211_0015ecf0.gcx,FILE,OK,
analysis/ps2_korean/codec_gcx/00212_00160010.gcx,experiments/_loose/ps2_korean/codec_gcx/00212_00160010.gcx,FILE,OK,
analysis/ps2_korean/codec_gcx/00213_001619f0.gcx,experiments/_loose/ps2_korean/codec_gcx/00213_001619f0.gcx,FILE,OK,
analysis/ps2_korean/codec_gcx/00214_00162740.gcx,experiments/_loose/ps2_korean/codec_gcx/00214_00162740.gcx,FILE,OK,
analysis/ps2_korean/codec_gcx/00215_00163a10.gcx,experiments/_loose/ps2_korean/codec_gcx/00215_00163a10.gcx,FILE,OK,
analysis/ps2_korean/codec_gcx/00216_00164a20.gcx,experiments/_loose/ps2_korean/codec_gcx/00216_00164a20.gcx,FILE,OK,
analysis/ps2_korean/codec_gcx/00217_00166210.gcx,experiments/_loose/ps2_korean/codec_gcx/00217_00166210.gcx,FILE,OK,
analysis/ps2_korean/codec_gcx/00218_001675a0.gcx,experiments/_loose/ps2_korean/codec_gcx/00218_001675a0.gcx,FILE,OK,
analysis/ps2_korean/codec_gcx/00219_001683b0.gcx,experiments/_loose/ps2_korean/codec_gcx/00219_001683b0.gcx,FILE,OK,
analysis/ps2_korean/codec_gcx/00220_00169db0.gcx,experiments/_loose/ps2_korean/codec_gcx/00220_00169db0.gcx,FILE,OK,
analysis/ps2_korean/codec_gcx/00221_0016b5f0.gcx,experiments/_loose/ps2_korean/codec_gcx/00221_0016b5f0.gcx,FILE,OK,
analysis/ps2_korean/codec_gcx/00222_0016ca20.gcx,experiments/_loose/ps2_korean/codec_gcx/00222_0016ca20.gcx,FILE,OK,
analysis/ps2_korean/codec_gcx/00223_0016d830.gcx,experiments/_loose/ps2_korean/codec_gcx/00223_0016d830.gcx,FILE,OK,
analysis/ps2_korean/codec_gcx/00224_0016e500.gcx,experiments/_loose/ps2_korean/codec_gcx/00224_0016e500.gcx,FILE,OK,
analysis/ps2_korean/codec_gcx/00225_0016fa50.gcx,experiments/_loose/ps2_korean/codec_gcx/00225_0016fa50.gcx,FILE,OK,
analysis/ps2_korean/codec_gcx/00226_00170970.gcx,experiments/_loose/ps2_korean/codec_gcx/00226_00170970.gcx,FILE,OK,
analysis/ps2_korean/codec_gcx/00227_00171b40.gcx,experiments/_loose/ps2_korean/codec_gcx/00227_00171b40.gcx,FILE,OK,
analysis/ps2_korean/codec_gcx/00228_001736a0.gcx,experiments/_loose/ps2_korean/codec_gcx/00228_001736a0.gcx,FILE,OK,
analysis/ps2_korean/codec_gcx/00229_00174970.gcx,experiments/_loose/ps2_korean/codec_gcx/00229_00174970.gcx,FILE,OK,
analysis/ps2_korean/codec_gcx/00230_00176e70.gcx,experiments/_loose/ps2_korean/codec_gcx/00230_00176e70.gcx,FILE,OK,
analysis/ps2_korean/codec_gcx/00231_00178c40.gcx,experiments/_loose/ps2_korean/codec_gcx/00231_00178c40.gcx,FILE,OK,
analysis/ps2_korean/codec_gcx/00232_001796c0.gcx,experiments/_loose/ps2_korean/codec_gcx/00232_001796c0.gcx,FILE,OK,
analysis/ps2_korean/codec_gcx/00233_0017b260.gcx,experiments/_loose/ps2_korean/codec_gcx/00233_0017b260.gcx,FILE,OK,
analysis/ps2_korean/codec_gcx/00234_0017cd40.gcx,experiments/_loose/ps2_korean/codec_gcx/00234_0017cd40.gcx,FILE,OK,
analysis/ps2_korean/codec_gcx/00235_0017e660.gcx,experiments/_loose/ps2_korean/codec_gcx/00235_0017e660.gcx,FILE,OK,
analysis/ps2_korean/codec_gcx/00236_00180520.gcx,experiments/_loose/ps2_korean/codec_gcx/00236_00180520.gcx,FILE,OK,
analysis/ps2_korean/codec_gcx/00237_00183390.gcx,experiments/_loose/ps2_korean/codec_gcx/00237_00183390.gcx,FILE,OK,
analysis/ps2_korean/codec_gcx/00238_001857f0.gcx,experiments/_loose/ps2_korean/codec_gcx/00238_001857f0.gcx,FILE,OK,
analysis/ps2_korean/codec_gcx/00239_00188130.gcx,experiments/_loose/ps2_korean/codec_gcx/00239_00188130.gcx,FILE,OK,
analysis/ps2_korean/codec_gcx/00240_0018a870.gcx,experiments/_loose/ps2_korean/codec_gcx/00240_0018a870.gcx,FILE,OK,
analysis/ps2_korean/codec_gcx/00241_0018cd50.gcx,experiments/_loose/ps2_korean/codec_gcx/00241_0018cd50.gcx,FILE,OK,
analysis/ps2_korean/codec_gcx/00242_00190940.gcx,experiments/_loose/ps2_korean/codec_gcx/00242_00190940.gcx,FILE,OK,
analysis/ps2_korean/codec_gcx/00243_001948f0.gcx,experiments/_loose/ps2_korean/codec_gcx/00243_001948f0.gcx,FILE,OK,
analysis/ps2_korean/codec_gcx/00244_00199e50.gcx,experiments/_loose/ps2_korean/codec_gcx/00244_00199e50.gcx,FILE,OK,
analysis/ps2_korean/codec_gcx/00245_0019a5d0.gcx,experiments/_loose/ps2_korean/codec_gcx/00245_0019a5d0.gcx,FILE,OK,
analysis/ps2_korean/codec_gcx/00246_001c36b0.gcx,experiments/_loose/ps2_korean/codec_gcx/00246_001c36b0.gcx,FILE,OK,
analysis/ps2_korean/codec_gcx/00247_001c3e60.gcx,experiments/_loose/ps2_korean/codec_gcx/00247_001c3e60.gcx,FILE,OK,
analysis/ps2_korean/codec_gcx/00248_001ed040.gcx,experiments/_loose/ps2_korean/codec_gcx/00248_001ed040.gcx,FILE,OK,
analysis/ps2_korean/codec_gcx/00249_001ef430.gcx,experiments/_loose/ps2_korean/codec_gcx/00249_001ef430.gcx,FILE,OK,
analysis/ps2_korean/codec_gcx/00250_001f1000.gcx,experiments/_loose/ps2_korean/codec_gcx/00250_001f1000.gcx,FILE,OK,
analysis/ps2_korean/codec_gcx/00251_0021a410.gcx,experiments/_loose/ps2_korean/codec_gcx/00251_0021a410.gcx,FILE,OK,
analysis/ps2_korean/codec_gcx/00252_00243930.gcx,experiments/_loose/ps2_korean/codec_gcx/00252_00243930.gcx,FILE,OK,
analysis/ps2_korean/codec_gcx/00253_0026ca70.gcx,experiments/_loose/ps2_korean/codec_gcx/00253_0026ca70.gcx,FILE,OK,
analysis/ps2_korean/codec_gcx/00254_0026ccb0.gcx,experiments/_loose/ps2_korean/codec_gcx/00254_0026ccb0.gcx,FILE,OK,
analysis/ps2_korean/codec_gcx/00255_00295df0.gcx,experiments/_loose/ps2_korean/codec_gcx/00255_00295df0.gcx,FILE,OK,
analysis/ps2_korean/codec_gcx/00256_002c0780.gcx,experiments/_loose/ps2_korean/codec_gcx/00256_002c0780.gcx,FILE,OK,
analysis/ps2_korean/codec_gcx/00257_002e9970.gcx,experiments/_loose/ps2_korean/codec_gcx/00257_002e9970.gcx,FILE,OK,
analysis/ps2_korean/codec_gcx/00258_00312ab0.gcx,experiments/_loose/ps2_korean/codec_gcx/00258_00312ab0.gcx,FILE,OK,
analysis/ps2_korean/codec_gcx/00259_0033c6b0.gcx,experiments/_loose/ps2_korean/codec_gcx/00259_0033c6b0.gcx,FILE,OK,
analysis/ps2_korean/codec_gcx/00260_0033efa0.gcx,experiments/_loose/ps2_korean/codec_gcx/00260_0033efa0.gcx,FILE,OK,
analysis/ps2_korean/codec_gcx/00261_00340f20.gcx,experiments/_loose/ps2_korean/codec_gcx/00261_00340f20.gcx,FILE,OK,
analysis/ps2_korean/codec_gcx/00262_0036a150.gcx,experiments/_loose/ps2_korean/codec_gcx/00262_0036a150.gcx,FILE,OK,
analysis/ps2_korean/codec_gcx/00263_00393390.gcx,experiments/_loose/ps2_korean/codec_gcx/00263_00393390.gcx,FILE,OK,
analysis/ps2_korean/codec_gcx/00264_003bc980.gcx,experiments/_loose/ps2_korean/codec_gcx/00264_003bc980.gcx,FILE,OK,
analysis/ps2_korean/codec_gcx/00265_003e5bc0.gcx,experiments/_loose/ps2_korean/codec_gcx/00265_003e5bc0.gcx,FILE,OK,
analysis/ps2_korean/codec_gcx/00266_0040ee00.gcx,experiments/_loose/ps2_korean/codec_gcx/00266_0040ee00.gcx,FILE,OK,
analysis/ps2_korean/codec_gcx/00267_00411f00.gcx,experiments/_loose/ps2_korean/codec_gcx/00267_00411f00.gcx,FILE,OK,
analysis/ps2_korean/codec_gcx/00268_0043b040.gcx,experiments/_loose/ps2_korean/codec_gcx/00268_0043b040.gcx,FILE,OK,
analysis/ps2_korean/codec_gcx/00269_00465480.gcx,experiments/_loose/ps2_korean/codec_gcx/00269_00465480.gcx,FILE,OK,
analysis/ps2_korean/codec_gcx/00270_0048ed30.gcx,experiments/_loose/ps2_korean/codec_gcx/00270_0048ed30.gcx,FILE,OK,
analysis/ps2_korean/codec_gcx/00271_004b8070.gcx,experiments/_loose/ps2_korean/codec_gcx/00271_004b8070.gcx,FILE,OK,
analysis/ps2_korean/codec_gcx/00272_004b9a00.gcx,experiments/_loose/ps2_korean/codec_gcx/00272_004b9a00.gcx,FILE,OK,
analysis/ps2_korean/codec_gcx/00273_004e3290.gcx,experiments/_loose/ps2_korean/codec_gcx/00273_004e3290.gcx,FILE,OK,
analysis/ps2_korean/codec_gcx/00274_004e3d90.gcx,experiments/_loose/ps2_korean/codec_gcx/00274_004e3d90.gcx,FILE,OK,
analysis/ps2_korean/codec_gcx/00275_004e4d10.gcx,experiments/_loose/ps2_korean/codec_gcx/00275_004e4d10.gcx,FILE,OK,
analysis/ps2_korean/codec_gcx/00276_004e59f0.gcx,experiments/_loose/ps2_korean/codec_gcx/00276_004e59f0.gcx,FILE,OK,
analysis/ps2_korean/codec_gcx/00277_004e7150.gcx,experiments/_loose/ps2_korean/codec_gcx/00277_004e7150.gcx,FILE,OK,
analysis/ps2_korean/codec_gcx/00278_004e9f20.gcx,experiments/_loose/ps2_korean/codec_gcx/00278_004e9f20.gcx,FILE,OK,
analysis/ps2_korean/codec_gcx/00279_004eb9e0.gcx,experiments/_loose/ps2_korean/codec_gcx/00279_004eb9e0.gcx,FILE,OK,
analysis/ps2_korean/codec_gcx/00280_004ec5f0.gcx,experiments/_loose/ps2_korean/codec_gcx/00280_004ec5f0.gcx,FILE,OK,
analysis/ps2_korean/codec_gcx/00281_004eda50.gcx,experiments/_loose/ps2_korean/codec_gcx/00281_004eda50.gcx,FILE,OK,
analysis/ps2_korean/codec_gcx/00282_004ee550.gcx,experiments/_loose/ps2_korean/codec_gcx/00282_004ee550.gcx,FILE,OK,
analysis/ps2_korean/codec_gcx/00283_004efa80.gcx,experiments/_loose/ps2_korean/codec_gcx/00283_004efa80.gcx,FILE,OK,
analysis/ps2_korean/codec_gcx/00284_004f04e0.gcx,experiments/_loose/ps2_korean/codec_gcx/00284_004f04e0.gcx,FILE,OK,
analysis/ps2_korean/codec_gcx/00285_004f1c70.gcx,experiments/_loose/ps2_korean/codec_gcx/00285_004f1c70.gcx,FILE,OK,
analysis/ps2_korean/codec_gcx/00286_004f2640.gcx,experiments/_loose/ps2_korean/codec_gcx/00286_004f2640.gcx,FILE,OK,
analysis/ps2_korean/codec_gcx/00287_004f3a20.gcx,experiments/_loose/ps2_korean/codec_gcx/00287_004f3a20.gcx,FILE,OK,
analysis/ps2_korean/codec_gcx/00288_004f45b0.gcx,experiments/_loose/ps2_korean/codec_gcx/00288_004f45b0.gcx,FILE,OK,
analysis/ps2_korean/codec_gcx/00289_004f5b90.gcx,experiments/_loose/ps2_korean/codec_gcx/00289_004f5b90.gcx,FILE,OK,
analysis/ps2_korean/codec_gcx/00290_004f6710.gcx,experiments/_loose/ps2_korean/codec_gcx/00290_004f6710.gcx,FILE,OK,
analysis/ps2_korean/codec_gcx/00291_004f8010.gcx,experiments/_loose/ps2_korean/codec_gcx/00291_004f8010.gcx,FILE,OK,
analysis/ps2_korean/codec_gcx/00292_004f8bc0.gcx,experiments/_loose/ps2_korean/codec_gcx/00292_004f8bc0.gcx,FILE,OK,
analysis/ps2_korean/codec_gcx/00293_004f9c20.gcx,experiments/_loose/ps2_korean/codec_gcx/00293_004f9c20.gcx,FILE,OK,
analysis/ps2_korean/codec_gcx/00294_004fbde0.gcx,experiments/_loose/ps2_korean/codec_gcx/00294_004fbde0.gcx,FILE,OK,
analysis/ps2_korean/codec_gcx/00295_004fdb20.gcx,experiments/_loose/ps2_korean/codec_gcx/00295_004fdb20.gcx,FILE,OK,
analysis/ps2_korean/codec_gcx/00296_004fffe0.gcx,experiments/_loose/ps2_korean/codec_gcx/00296_004fffe0.gcx,FILE,OK,
analysis/ps2_korean/codec_gcx/00297_005015f0.gcx,experiments/_loose/ps2_korean/codec_gcx/00297_005015f0.gcx,FILE,OK,
analysis/ps2_korean/codec_gcx/00298_005038d0.gcx,experiments/_loose/ps2_korean/codec_gcx/00298_005038d0.gcx,FILE,OK,
analysis/ps2_korean/codec_gcx/00299_00505930.gcx,experiments/_loose/ps2_korean/codec_gcx/00299_00505930.gcx,FILE,OK,
analysis/ps2_korean/codec_gcx/00300_00507f70.gcx,experiments/_loose/ps2_korean/codec_gcx/00300_00507f70.gcx,FILE,OK,
analysis/ps2_korean/codec_gcx/00301_00509900.gcx,experiments/_loose/ps2_korean/codec_gcx/00301_00509900.gcx,FILE,OK,
analysis/ps2_korean/codec_gcx/00302_0050aaa0.gcx,experiments/_loose/ps2_korean/codec_gcx/00302_0050aaa0.gcx,FILE,OK,
analysis/ps2_korean/codec_gcx/00303_0050da70.gcx,experiments/_loose/ps2_korean/codec_gcx/00303_0050da70.gcx,FILE,OK,
analysis/ps2_korean/codec_gcx/00304_0050fa30.gcx,experiments/_loose/ps2_korean/codec_gcx/00304_0050fa30.gcx,FILE,OK,
analysis/ps2_korean/codec_gcx/00305_005112e0.gcx,experiments/_loose/ps2_korean/codec_gcx/00305_005112e0.gcx,FILE,OK,
analysis/ps2_korean/codec_gcx/00306_00512c70.gcx,experiments/_loose/ps2_korean/codec_gcx/00306_00512c70.gcx,FILE,OK,
analysis/ps2_korean/codec_gcx/00307_005148c0.gcx,experiments/_loose/ps2_korean/codec_gcx/00307_005148c0.gcx,FILE,OK,
analysis/ps2_korean/codec_gcx/00308_00515930.gcx,experiments/_loose/ps2_korean/codec_gcx/00308_00515930.gcx,FILE,OK,
analysis/ps2_korean/codec_gcx/00309_00516500.gcx,experiments/_loose/ps2_korean/codec_gcx/00309_00516500.gcx,FILE,OK,
analysis/ps2_korean/codec_gcx/00310_005176c0.gcx,experiments/_loose/ps2_korean/codec_gcx/00310_005176c0.gcx,FILE,OK,
analysis/ps2_korean/codec_gcx/00311_005193b0.gcx,experiments/_loose/ps2_korean/codec_gcx/00311_005193b0.gcx,FILE,OK,
analysis/ps2_korean/codec_gcx/00312_0051aa80.gcx,experiments/_loose/ps2_korean/codec_gcx/00312_0051aa80.gcx,FILE,OK,
analysis/ps2_korean/codec_gcx/00313_0051b9b0.gcx,experiments/_loose/ps2_korean/codec_gcx/00313_0051b9b0.gcx,FILE,OK,
analysis/ps2_korean/codec_gcx/00314_0051cb60.gcx,experiments/_loose/ps2_korean/codec_gcx/00314_0051cb60.gcx,FILE,OK,
analysis/ps2_korean/codec_gcx/00315_0051d9b0.gcx,experiments/_loose/ps2_korean/codec_gcx/00315_0051d9b0.gcx,FILE,OK,
analysis/ps2_korean/codec_gcx/00316_0051e840.gcx,experiments/_loose/ps2_korean/codec_gcx/00316_0051e840.gcx,FILE,OK,
analysis/ps2_korean/codec_gcx/00317_00520110.gcx,experiments/_loose/ps2_korean/codec_gcx/00317_00520110.gcx,FILE,OK,
analysis/ps2_korean/codec_gcx/00318_00520ae0.gcx,experiments/_loose/ps2_korean/codec_gcx/00318_00520ae0.gcx,FILE,OK,
analysis/ps2_korean/codec_gcx/00319_00522450.gcx,experiments/_loose/ps2_korean/codec_gcx/00319_00522450.gcx,FILE,OK,
analysis/ps2_korean/codec_gcx/00320_00523bb0.gcx,experiments/_loose/ps2_korean/codec_gcx/00320_00523bb0.gcx,FILE,OK,
analysis/ps2_korean/codec_gcx/00321_005257e0.gcx,experiments/_loose/ps2_korean/codec_gcx/00321_005257e0.gcx,FILE,OK,
analysis/ps2_korean/codec_gcx/00322_00527310.gcx,experiments/_loose/ps2_korean/codec_gcx/00322_00527310.gcx,FILE,OK,
analysis/ps2_korean/codec_gcx/00323_00528510.gcx,experiments/_loose/ps2_korean/codec_gcx/00323_00528510.gcx,FILE,OK,
analysis/ps2_korean/codec_gcx/00324_00529540.gcx,experiments/_loose/ps2_korean/codec_gcx/00324_00529540.gcx,FILE,OK,
analysis/ps2_korean/codec_gcx/00325_0052b280.gcx,experiments/_loose/ps2_korean/codec_gcx/00325_0052b280.gcx,FILE,OK,
analysis/ps2_korean/codec_gcx/00326_0052c770.gcx,experiments/_loose/ps2_korean/codec_gcx/00326_0052c770.gcx,FILE,OK,
analysis/ps2_korean/codec_gcx/00327_0052dbb0.gcx,experiments/_loose/ps2_korean/codec_gcx/00327_0052dbb0.gcx,FILE,OK,
analysis/ps2_korean/codec_gcx/00328_0052e800.gcx,experiments/_loose/ps2_korean/codec_gcx/00328_0052e800.gcx,FILE,OK,
analysis/ps2_korean/codec_gcx/00329_0052faa0.gcx,experiments/_loose/ps2_korean/codec_gcx/00329_0052faa0.gcx,FILE,OK,
analysis/ps2_korean/codec_gcx/00330_005312a0.gcx,experiments/_loose/ps2_korean/codec_gcx/00330_005312a0.gcx,FILE,OK,
analysis/ps2_korean/codec_gcx/00331_00533320.gcx,experiments/_loose/ps2_korean/codec_gcx/00331_00533320.gcx,FILE,OK,
analysis/ps2_korean/codec_gcx/00332_00534360.gcx,experiments/_loose/ps2_korean/codec_gcx/00332_00534360.gcx,FILE,OK,
analysis/ps2_korean/codec_gcx/00333_00534950.gcx,experiments/_loose/ps2_korean/codec_gcx/00333_00534950.gcx,FILE,OK,
analysis/ps2_korean/codec_gcx/00334_00536340.gcx,experiments/_loose/ps2_korean/codec_gcx/00334_00536340.gcx,FILE,OK,
analysis/ps2_korean/codec_gcx/00335_00537780.gcx,experiments/_loose/ps2_korean/codec_gcx/00335_00537780.gcx,FILE,OK,
analysis/ps2_korean/codec_gcx/00336_005383e0.gcx,experiments/_loose/ps2_korean/codec_gcx/00336_005383e0.gcx,FILE,OK,
analysis/ps2_korean/codec_gcx/00337_00538e40.gcx,experiments/_loose/ps2_korean/codec_gcx/00337_00538e40.gcx,FILE,OK,
analysis/ps2_korean/codec_gcx/00338_005398a0.gcx,experiments/_loose/ps2_korean/codec_gcx/00338_005398a0.gcx,FILE,OK,
analysis/ps2_korean/codec_gcx/00339_0053bb90.gcx,experiments/_loose/ps2_korean/codec_gcx/00339_0053bb90.gcx,FILE,OK,
analysis/ps2_korean/codec_gcx/00340_0053d2b0.gcx,experiments/_loose/ps2_korean/codec_gcx/00340_0053d2b0.gcx,FILE,OK,
analysis/ps2_korean/codec_gcx/00341_0053f0d0.gcx,experiments/_loose/ps2_korean/codec_gcx/00341_0053f0d0.gcx,FILE,OK,
analysis/ps2_korean/codec_gcx/00342_005403b0.gcx,experiments/_loose/ps2_korean/codec_gcx/00342_005403b0.gcx,FILE,OK,
analysis/ps2_korean/codec_gcx/00343_00541800.gcx,experiments/_loose/ps2_korean/codec_gcx/00343_00541800.gcx,FILE,OK,
analysis/ps2_korean/codec_gcx/00344_00542f60.gcx,experiments/_loose/ps2_korean/codec_gcx/00344_00542f60.gcx,FILE,OK,
analysis/ps2_korean/codec_gcx/00345_005441a0.gcx,experiments/_loose/ps2_korean/codec_gcx/00345_005441a0.gcx,FILE,OK,
analysis/ps2_korean/codec_gcx/00346_005456e0.gcx,experiments/_loose/ps2_korean/codec_gcx/00346_005456e0.gcx,FILE,OK,
analysis/ps2_korean/codec_gcx/00347_00546c60.gcx,experiments/_loose/ps2_korean/codec_gcx/00347_00546c60.gcx,FILE,OK,
analysis/ps2_korean/codec_gcx/00348_00548660.gcx,experiments/_loose/ps2_korean/codec_gcx/00348_00548660.gcx,FILE,OK,
analysis/ps2_korean/codec_gcx/00349_00549b10.gcx,experiments/_loose/ps2_korean/codec_gcx/00349_00549b10.gcx,FILE,OK,
analysis/ps2_korean/codec_gcx/00350_0054a450.gcx,experiments/_loose/ps2_korean/codec_gcx/00350_0054a450.gcx,FILE,OK,
analysis/ps2_korean/codec_gcx/00351_0054b6f0.gcx,experiments/_loose/ps2_korean/codec_gcx/00351_0054b6f0.gcx,FILE,OK,
analysis/ps2_korean/codec_gcx/00352_0054c0d0.gcx,experiments/_loose/ps2_korean/codec_gcx/00352_0054c0d0.gcx,FILE,OK,
analysis/ps2_korean/codec_gcx/00353_0054d1d0.gcx,experiments/_loose/ps2_korean/codec_gcx/00353_0054d1d0.gcx,FILE,OK,
analysis/ps2_korean/codec_gcx/00354_0054dc30.gcx,experiments/_loose/ps2_korean/codec_gcx/00354_0054dc30.gcx,FILE,OK,
analysis/ps2_korean/codec_gcx/00355_0054ed40.gcx,experiments/_loose/ps2_korean/codec_gcx/00355_0054ed40.gcx,FILE,OK,
analysis/ps2_korean/codec_gcx/00356_00550900.gcx,experiments/_loose/ps2_korean/codec_gcx/00356_00550900.gcx,FILE,OK,
analysis/ps2_korean/codec_gcx/00357_00551d00.gcx,experiments/_loose/ps2_korean/codec_gcx/00357_00551d00.gcx,FILE,OK,
analysis/ps2_korean/codec_gcx/00358_0056cb00.gcx,experiments/_loose/ps2_korean/codec_gcx/00358_0056cb00.gcx,FILE,OK,
analysis/ps2_korean/codec_gcx/00359_00588130.gcx,experiments/_loose/ps2_korean/codec_gcx/00359_00588130.gcx,FILE,OK,
analysis/ps2_korean/codec_gcx/00360_00588900.gcx,experiments/_loose/ps2_korean/codec_gcx/00360_00588900.gcx,FILE,OK,
analysis/ps2_korean/codec_gcx/00361_00589b60.gcx,experiments/_loose/ps2_korean/codec_gcx/00361_00589b60.gcx,FILE,OK,
analysis/ps2_korean/codec_gcx/00362_0058a900.gcx,experiments/_loose/ps2_korean/codec_gcx/00362_0058a900.gcx,FILE,OK,
analysis/ps2_korean/codec_gcx/00363_0058b870.gcx,experiments/_loose/ps2_korean/codec_gcx/00363_0058b870.gcx,FILE,OK,
analysis/ps2_korean/codec_gcx/00364_0058c890.gcx,experiments/_loose/ps2_korean/codec_gcx/00364_0058c890.gcx,FILE,OK,
analysis/ps2_korean/codec_gcx/00365_0058d6c0.gcx,experiments/_loose/ps2_korean/codec_gcx/00365_0058d6c0.gcx,FILE,OK,
analysis/ps2_korean/codec_gcx/00366_0058e4f0.gcx,experiments/_loose/ps2_korean/codec_gcx/00366_0058e4f0.gcx,FILE,OK,
analysis/ps2_korean/codec_gcx/00367_0058f430.gcx,experiments/_loose/ps2_korean/codec_gcx/00367_0058f430.gcx,FILE,OK,
analysis/ps2_korean/codec_gcx/00368_005913f0.gcx,experiments/_loose/ps2_korean/codec_gcx/00368_005913f0.gcx,FILE,OK,
analysis/ps2_korean/codec_gcx/00369_00592770.gcx,experiments/_loose/ps2_korean/codec_gcx/00369_00592770.gcx,FILE,OK,
analysis/ps2_korean/codec_gcx/00370_00593c10.gcx,experiments/_loose/ps2_korean/codec_gcx/00370_00593c10.gcx,FILE,OK,
analysis/ps2_korean/codec_gcx/00371_00594ed0.gcx,experiments/_loose/ps2_korean/codec_gcx/00371_00594ed0.gcx,FILE,OK,
analysis/ps2_korean/codec_gcx/00372_00595e30.gcx,experiments/_loose/ps2_korean/codec_gcx/00372_00595e30.gcx,FILE,OK,
analysis/ps2_korean/codec_gcx/00373_00596d80.gcx,experiments/_loose/ps2_korean/codec_gcx/00373_00596d80.gcx,FILE,OK,
analysis/ps2_korean/codec_gcx/00374_005984a0.gcx,experiments/_loose/ps2_korean/codec_gcx/00374_005984a0.gcx,FILE,OK,
analysis/ps2_korean/codec_gcx/00375_005996e0.gcx,experiments/_loose/ps2_korean/codec_gcx/00375_005996e0.gcx,FILE,OK,
analysis/ps2_korean/codec_gcx/00376_0059a940.gcx,experiments/_loose/ps2_korean/codec_gcx/00376_0059a940.gcx,FILE,OK,
analysis/ps2_korean/codec_gcx/00377_0059c300.gcx,experiments/_loose/ps2_korean/codec_gcx/00377_0059c300.gcx,FILE,OK,
analysis/ps2_korean/codec_gcx/00378_0059d1c0.gcx,experiments/_loose/ps2_korean/codec_gcx/00378_0059d1c0.gcx,FILE,OK,
analysis/ps2_korean/codec_gcx/00379_0059e080.gcx,experiments/_loose/ps2_korean/codec_gcx/00379_0059e080.gcx,FILE,OK,
analysis/ps2_korean/codec_gcx/00380_0059f070.gcx,experiments/_loose/ps2_korean/codec_gcx/00380_0059f070.gcx,FILE,OK,
analysis/ps2_korean/codec_gcx/00381_005a0050.gcx,experiments/_loose/ps2_korean/codec_gcx/00381_005a0050.gcx,FILE,OK,
analysis/ps2_korean/codec_gcx/00382_005a1570.gcx,experiments/_loose/ps2_korean/codec_gcx/00382_005a1570.gcx,FILE,OK,
analysis/ps2_korean/codec_gcx/00383_005a2900.gcx,experiments/_loose/ps2_korean/codec_gcx/00383_005a2900.gcx,FILE,OK,
analysis/ps2_korean/codec_gcx/00384_005a3f40.gcx,experiments/_loose/ps2_korean/codec_gcx/00384_005a3f40.gcx,FILE,OK,
analysis/ps2_korean/codec_gcx/00385_005a5270.gcx,experiments/_loose/ps2_korean/codec_gcx/00385_005a5270.gcx,FILE,OK,
analysis/ps2_korean/codec_gcx/00386_005a6130.gcx,experiments/_loose/ps2_korean/codec_gcx/00386_005a6130.gcx,FILE,OK,
analysis/ps2_korean/codec_gcx/00387_005a6f50.gcx,experiments/_loose/ps2_korean/codec_gcx/00387_005a6f50.gcx,FILE,OK,
analysis/ps2_korean/codec_gcx/00388_005a8aa0.gcx,experiments/_loose/ps2_korean/codec_gcx/00388_005a8aa0.gcx,FILE,OK,
analysis/ps2_korean/codec_gcx/00389_005a9b20.gcx,experiments/_loose/ps2_korean/codec_gcx/00389_005a9b20.gcx,FILE,OK,
analysis/ps2_korean/codec_gcx/00390_005aaeb0.gcx,experiments/_loose/ps2_korean/codec_gcx/00390_005aaeb0.gcx,FILE,OK,
analysis/ps2_korean/codec_gcx/00391_005ac3b0.gcx,experiments/_loose/ps2_korean/codec_gcx/00391_005ac3b0.gcx,FILE,OK,
analysis/ps2_korean/codec_gcx/00392_005ad390.gcx,experiments/_loose/ps2_korean/codec_gcx/00392_005ad390.gcx,FILE,OK,
analysis/ps2_korean/codec_gcx/00393_005ae400.gcx,experiments/_loose/ps2_korean/codec_gcx/00393_005ae400.gcx,FILE,OK,
analysis/ps2_korean/codec_gcx/00394_005afbe0.gcx,experiments/_loose/ps2_korean/codec_gcx/00394_005afbe0.gcx,FILE,OK,
analysis/ps2_korean/codec_gcx/00395_005b0d80.gcx,experiments/_loose/ps2_korean/codec_gcx/00395_005b0d80.gcx,FILE,OK,
analysis/ps2_korean/codec_gcx/00396_005b2180.gcx,experiments/_loose/ps2_korean/codec_gcx/00396_005b2180.gcx,FILE,OK,
analysis/ps2_korean/codec_gcx/00397_005b3380.gcx,experiments/_loose/ps2_korean/codec_gcx/00397_005b3380.gcx,FILE,OK,
analysis/ps2_korean/codec_gcx/00398_005b4370.gcx,experiments/_loose/ps2_korean/codec_gcx/00398_005b4370.gcx,FILE,OK,
analysis/ps2_korean/codec_gcx/00399_005b5350.gcx,experiments/_loose/ps2_korean/codec_gcx/00399_005b5350.gcx,FILE,OK,
analysis/ps2_korean/codec_gcx/00400_005b6860.gcx,experiments/_loose/ps2_korean/codec_gcx/00400_005b6860.gcx,FILE,OK,
analysis/ps2_korean/codec_gcx/00401_005b7b50.gcx,experiments/_loose/ps2_korean/codec_gcx/00401_005b7b50.gcx,FILE,OK,
analysis/ps2_korean/codec_gcx/00402_005b9420.gcx,experiments/_loose/ps2_korean/codec_gcx/00402_005b9420.gcx,FILE,OK,
analysis/ps2_korean/codec_gcx/00403_005ba250.gcx,experiments/_loose/ps2_korean/codec_gcx/00403_005ba250.gcx,FILE,OK,
analysis/ps2_korean/codec_gcx/00404_005bb120.gcx,experiments/_loose/ps2_korean/codec_gcx/00404_005bb120.gcx,FILE,OK,
analysis/ps2_korean/codec_gcx/00405_005bcf40.gcx,experiments/_loose/ps2_korean/codec_gcx/00405_005bcf40.gcx,FILE,OK,
analysis/ps2_korean/codec_gcx/00406_005be610.gcx,experiments/_loose/ps2_korean/codec_gcx/00406_005be610.gcx,FILE,OK,
analysis/ps2_korean/codec_gcx/00407_005bf720.gcx,experiments/_loose/ps2_korean/codec_gcx/00407_005bf720.gcx,FILE,OK,
analysis/ps2_korean/codec_gcx/00408_005c0790.gcx,experiments/_loose/ps2_korean/codec_gcx/00408_005c0790.gcx,FILE,OK,
analysis/ps2_korean/codec_gcx/00409_005c22c0.gcx,experiments/_loose/ps2_korean/codec_gcx/00409_005c22c0.gcx,FILE,OK,
analysis/ps2_korean/codec_gcx/00410_005c3b10.gcx,experiments/_loose/ps2_korean/codec_gcx/00410_005c3b10.gcx,FILE,OK,
analysis/ps2_korean/codec_gcx/00411_005c4c20.gcx,experiments/_loose/ps2_korean/codec_gcx/00411_005c4c20.gcx,FILE,OK,
analysis/ps2_korean/codec_gcx/00412_005c5d20.gcx,experiments/_loose/ps2_korean/codec_gcx/00412_005c5d20.gcx,FILE,OK,
analysis/ps2_korean/codec_gcx/00413_005c78b0.gcx,experiments/_loose/ps2_korean/codec_gcx/00413_005c78b0.gcx,FILE,OK,
analysis/ps2_korean/codec_gcx/00414_005c8790.gcx,experiments/_loose/ps2_korean/codec_gcx/00414_005c8790.gcx,FILE,OK,
analysis/ps2_korean/codec_gcx/00415_005ca120.gcx,experiments/_loose/ps2_korean/codec_gcx/00415_005ca120.gcx,FILE,OK,
analysis/ps2_korean/codec_gcx/00416_005cb020.gcx,experiments/_loose/ps2_korean/codec_gcx/00416_005cb020.gcx,FILE,OK,
analysis/ps2_korean/codec_gcx/00417_005cc660.gcx,experiments/_loose/ps2_korean/codec_gcx/00417_005cc660.gcx,FILE,OK,
analysis/ps2_korean/codec_gcx/00418_005cd660.gcx,experiments/_loose/ps2_korean/codec_gcx/00418_005cd660.gcx,FILE,OK,
analysis/ps2_korean/codec_gcx/00419_005ce5b0.gcx,experiments/_loose/ps2_korean/codec_gcx/00419_005ce5b0.gcx,FILE,OK,
analysis/ps2_korean/codec_gcx/00420_005d0570.gcx,experiments/_loose/ps2_korean/codec_gcx/00420_005d0570.gcx,FILE,OK,
analysis/ps2_korean/codec_gcx/00421_005d1710.gcx,experiments/_loose/ps2_korean/codec_gcx/00421_005d1710.gcx,FILE,OK,
analysis/ps2_korean/codec_gcx/00422_005d2a40.gcx,experiments/_loose/ps2_korean/codec_gcx/00422_005d2a40.gcx,FILE,OK,
analysis/ps2_korean/codec_gcx/00423_005d3a40.gcx,experiments/_loose/ps2_korean/codec_gcx/00423_005d3a40.gcx,FILE,OK,
analysis/ps2_korean/codec_gcx/00424_005d4a20.gcx,experiments/_loose/ps2_korean/codec_gcx/00424_005d4a20.gcx,FILE,OK,
analysis/ps2_korean/codec_gcx/00425_005d6100.gcx,experiments/_loose/ps2_korean/codec_gcx/00425_005d6100.gcx,FILE,OK,
analysis/ps2_korean/codec_gcx/00426_005d6fd0.gcx,experiments/_loose/ps2_korean/codec_gcx/00426_005d6fd0.gcx,FILE,OK,
analysis/ps2_korean/codec_gcx/00427_005d8240.gcx,experiments/_loose/ps2_korean/codec_gcx/00427_005d8240.gcx,FILE,OK,
analysis/ps2_korean/codec_gcx/00428_005d9110.gcx,experiments/_loose/ps2_korean/codec_gcx/00428_005d9110.gcx,FILE,OK,
analysis/ps2_korean/codec_gcx/00429_005d9fd0.gcx,experiments/_loose/ps2_korean/codec_gcx/00429_005d9fd0.gcx,FILE,OK,
analysis/ps2_korean/codec_gcx/00430_005dbe80.gcx,experiments/_loose/ps2_korean/codec_gcx/00430_005dbe80.gcx,FILE,OK,
analysis/ps2_korean/codec_gcx/00431_005dce80.gcx,experiments/_loose/ps2_korean/codec_gcx/00431_005dce80.gcx,FILE,OK,
analysis/ps2_korean/codec_gcx/00432_005de040.gcx,experiments/_loose/ps2_korean/codec_gcx/00432_005de040.gcx,FILE,OK,
analysis/ps2_korean/codec_gcx/00433_005df150.gcx,experiments/_loose/ps2_korean/codec_gcx/00433_005df150.gcx,FILE,OK,
analysis/ps2_korean/codec_gcx/00434_005e01b0.gcx,experiments/_loose/ps2_korean/codec_gcx/00434_005e01b0.gcx,FILE,OK,
analysis/ps2_korean/codec_gcx/00435_005e1640.gcx,experiments/_loose/ps2_korean/codec_gcx/00435_005e1640.gcx,FILE,OK,
analysis/ps2_korean/codec_gcx/00436_005e25b0.gcx,experiments/_loose/ps2_korean/codec_gcx/00436_005e25b0.gcx,FILE,OK,
analysis/ps2_korean/codec_gcx/00437_005e3e00.gcx,experiments/_loose/ps2_korean/codec_gcx/00437_005e3e00.gcx,FILE,OK,
analysis/ps2_korean/codec_gcx/00438_005e56a0.gcx,experiments/_loose/ps2_korean/codec_gcx/00438_005e56a0.gcx,FILE,OK,
analysis/ps2_korean/codec_gcx/00439_005e8960.gcx,experiments/_loose/ps2_korean/codec_gcx/00439_005e8960.gcx,FILE,OK,
analysis/ps2_korean/codec_gcx/00440_005ec6f0.gcx,experiments/_loose/ps2_korean/codec_gcx/00440_005ec6f0.gcx,FILE,OK,
analysis/ps2_korean/codec_gcx/00441_005ee7b0.gcx,experiments/_loose/ps2_korean/codec_gcx/00441_005ee7b0.gcx,FILE,OK,
analysis/ps2_korean/codec_gcx/00442_005f0c80.gcx,experiments/_loose/ps2_korean/codec_gcx/00442_005f0c80.gcx,FILE,OK,
analysis/ps2_korean/codec_gcx/00443_005f3fd0.gcx,experiments/_loose/ps2_korean/codec_gcx/00443_005f3fd0.gcx,FILE,OK,
analysis/ps2_korean/codec_gcx/00444_005f6960.gcx,experiments/_loose/ps2_korean/codec_gcx/00444_005f6960.gcx,FILE,OK,
analysis/ps2_korean/codec_gcx/00445_005f9070.gcx,experiments/_loose/ps2_korean/codec_gcx/00445_005f9070.gcx,FILE,OK,
analysis/ps2_korean/codec_gcx/00446_00622850.gcx,experiments/_loose/ps2_korean/codec_gcx/00446_00622850.gcx,FILE,OK,
analysis/ps2_korean/codec_gcx/00447_0064c6a0.gcx,experiments/_loose/ps2_korean/codec_gcx/00447_0064c6a0.gcx,FILE,OK,
analysis/ps2_korean/codec_gcx/00448_0064da00.gcx,experiments/_loose/ps2_korean/codec_gcx/00448_0064da00.gcx,FILE,OK,
analysis/ps2_korean/codec_gcx/00449_0064f420.gcx,experiments/_loose/ps2_korean/codec_gcx/00449_0064f420.gcx,FILE,OK,
analysis/ps2_korean/codec_gcx/00450_006508a0.gcx,experiments/_loose/ps2_korean/codec_gcx/00450_006508a0.gcx,FILE,OK,
analysis/ps2_korean/codec_gcx/00451_00651fa0.gcx,experiments/_loose/ps2_korean/codec_gcx/00451_00651fa0.gcx,FILE,OK,
analysis/ps2_korean/codec_gcx/00452_006532c0.gcx,experiments/_loose/ps2_korean/codec_gcx/00452_006532c0.gcx,FILE,OK,
analysis/ps2_korean/codec_gcx/00453_00654970.gcx,experiments/_loose/ps2_korean/codec_gcx/00453_00654970.gcx,FILE,OK,
analysis/ps2_korean/codec_gcx/00454_00656b00.gcx,experiments/_loose/ps2_korean/codec_gcx/00454_00656b00.gcx,FILE,OK,
analysis/ps2_korean/codec_gcx/00455_00658470.gcx,experiments/_loose/ps2_korean/codec_gcx/00455_00658470.gcx,FILE,OK,
analysis/ps2_korean/codec_gcx/00456_0065a700.gcx,experiments/_loose/ps2_korean/codec_gcx/00456_0065a700.gcx,FILE,OK,
analysis/ps2_korean/codec_gcx/00457_0065c100.gcx,experiments/_loose/ps2_korean/codec_gcx/00457_0065c100.gcx,FILE,OK,
analysis/ps2_korean/codec_gcx/00458_0065e1e0.gcx,experiments/_loose/ps2_korean/codec_gcx/00458_0065e1e0.gcx,FILE,OK,
analysis/ps2_korean/codec_gcx/00459_0065fb70.gcx,experiments/_loose/ps2_korean/codec_gcx/00459_0065fb70.gcx,FILE,OK,
analysis/ps2_korean/codec_gcx/00460_00661be0.gcx,experiments/_loose/ps2_korean/codec_gcx/00460_00661be0.gcx,FILE,OK,
analysis/ps2_korean/codec_gcx/00461_00663fb0.gcx,experiments/_loose/ps2_korean/codec_gcx/00461_00663fb0.gcx,FILE,OK,
analysis/ps2_korean/codec_gcx/00462_00665310.gcx,experiments/_loose/ps2_korean/codec_gcx/00462_00665310.gcx,FILE,OK,
analysis/ps2_korean/codec_gcx/00463_00666870.gcx,experiments/_loose/ps2_korean/codec_gcx/00463_00666870.gcx,FILE,OK,
analysis/ps2_korean/codec_gcx/00464_00667a50.gcx,experiments/_loose/ps2_korean/codec_gcx/00464_00667a50.gcx,FILE,OK,
analysis/ps2_korean/codec_gcx/00465_006696d0.gcx,experiments/_loose/ps2_korean/codec_gcx/00465_006696d0.gcx,FILE,OK,
analysis/ps2_korean/codec_gcx/00466_0066a740.gcx,experiments/_loose/ps2_korean/codec_gcx/00466_0066a740.gcx,FILE,OK,
analysis/ps2_korean/codec_gcx/00467_0066c980.gcx,experiments/_loose/ps2_korean/codec_gcx/00467_0066c980.gcx,FILE,OK,
analysis/ps2_korean/codec_gcx/00468_0066e760.gcx,experiments/_loose/ps2_korean/codec_gcx/00468_0066e760.gcx,FILE,OK,
analysis/ps2_korean/codec_gcx/00469_00670b00.gcx,experiments/_loose/ps2_korean/codec_gcx/00469_00670b00.gcx,FILE,OK,
analysis/ps2_korean/codec_gcx/00470_00672220.gcx,experiments/_loose/ps2_korean/codec_gcx/00470_00672220.gcx,FILE,OK,
analysis/ps2_korean/codec_gcx/00471_00674680.gcx,experiments/_loose/ps2_korean/codec_gcx/00471_00674680.gcx,FILE,OK,
analysis/ps2_korean/codec_gcx/00472_00676fc0.gcx,experiments/_loose/ps2_korean/codec_gcx/00472_00676fc0.gcx,FILE,OK,
analysis/ps2_korean/codec_gcx/00473_00679900.gcx,experiments/_loose/ps2_korean/codec_gcx/00473_00679900.gcx,FILE,OK,
analysis/ps2_korean/codec_gcx/00474_0067b270.gcx,experiments/_loose/ps2_korean/codec_gcx/00474_0067b270.gcx,FILE,OK,
analysis/ps2_korean/codec_gcx/00475_0067c1b0.gcx,experiments/_loose/ps2_korean/codec_gcx/00475_0067c1b0.gcx,FILE,OK,
analysis/ps2_korean/codec_gcx/00476_0067e300.gcx,experiments/_loose/ps2_korean/codec_gcx/00476_0067e300.gcx,FILE,OK,
analysis/ps2_korean/codec_gcx/00477_0067f5d0.gcx,experiments/_loose/ps2_korean/codec_gcx/00477_0067f5d0.gcx,FILE,OK,
analysis/ps2_korean/codec_gcx/00478_006807a0.gcx,experiments/_loose/ps2_korean/codec_gcx/00478_006807a0.gcx,FILE,OK,
analysis/ps2_korean/codec_gcx/00479_00681c20.gcx,experiments/_loose/ps2_korean/codec_gcx/00479_00681c20.gcx,FILE,OK,
analysis/ps2_korean/codec_gcx/00480_00683e70.gcx,experiments/_loose/ps2_korean/codec_gcx/00480_00683e70.gcx,FILE,OK,
analysis/ps2_korean/codec_gcx/00481_00684f70.gcx,experiments/_loose/ps2_korean/codec_gcx/00481_00684f70.gcx,FILE,OK,
analysis/ps2_korean/codec_gcx/00482_006861a0.gcx,experiments/_loose/ps2_korean/codec_gcx/00482_006861a0.gcx,FILE,OK,
analysis/ps2_korean/codec_gcx/00483_00687f40.gcx,experiments/_loose/ps2_korean/codec_gcx/00483_00687f40.gcx,FILE,OK,
analysis/ps2_korean/codec_gcx/00484_00689b20.gcx,experiments/_loose/ps2_korean/codec_gcx/00484_00689b20.gcx,FILE,OK,
analysis/ps2_korean/codec_gcx/00485_0068b820.gcx,experiments/_loose/ps2_korean/codec_gcx/00485_0068b820.gcx,FILE,OK,
analysis/ps2_korean/codec_gcx/00486_0068d370.gcx,experiments/_loose/ps2_korean/codec_gcx/00486_0068d370.gcx,FILE,OK,
analysis/ps2_korean/codec_gcx/00487_0068ea00.gcx,experiments/_loose/ps2_korean/codec_gcx/00487_0068ea00.gcx,FILE,OK,
analysis/ps2_korean/codec_gcx/00488_00690460.gcx,experiments/_loose/ps2_korean/codec_gcx/00488_00690460.gcx,FILE,OK,
analysis/ps2_korean/codec_gcx/00489_00691cd0.gcx,experiments/_loose/ps2_korean/codec_gcx/00489_00691cd0.gcx,FILE,OK,
analysis/ps2_korean/codec_gcx/00490_00692d60.gcx,experiments/_loose/ps2_korean/codec_gcx/00490_00692d60.gcx,FILE,OK,
analysis/ps2_korean/codec_gcx/00491_00693f40.gcx,experiments/_loose/ps2_korean/codec_gcx/00491_00693f40.gcx,FILE,OK,
analysis/ps2_korean/codec_gcx/00492_00695360.gcx,experiments/_loose/ps2_korean/codec_gcx/00492_00695360.gcx,FILE,OK,
analysis/ps2_korean/codec_gcx/00493_006985c0.gcx,experiments/_loose/ps2_korean/codec_gcx/00493_006985c0.gcx,FILE,OK,
analysis/ps2_korean/codec_gcx/00494_0069d130.gcx,experiments/_loose/ps2_korean/codec_gcx/00494_0069d130.gcx,FILE,OK,
analysis/ps2_korean/codec_gcx/00495_0069f1a0.gcx,experiments/_loose/ps2_korean/codec_gcx/00495_0069f1a0.gcx,FILE,OK,
analysis/ps2_korean/codec_gcx/00496_006a06e0.gcx,experiments/_loose/ps2_korean/codec_gcx/00496_006a06e0.gcx,FILE,OK,
analysis/ps2_korean/codec_gcx/00497_006a3840.gcx,experiments/_loose/ps2_korean/codec_gcx/00497_006a3840.gcx,FILE,OK,
analysis/ps2_korean/codec_gcx/00498_006a5a00.gcx,experiments/_loose/ps2_korean/codec_gcx/00498_006a5a00.gcx,FILE,OK,
analysis/ps2_korean/codec_gcx/00499_006a7100.gcx,experiments/_loose/ps2_korean/codec_gcx/00499_006a7100.gcx,FILE,OK,
analysis/ps2_korean/codec_gcx/00500_006a9810.gcx,experiments/_loose/ps2_korean/codec_gcx/00500_006a9810.gcx,FILE,OK,
analysis/ps2_korean/codec_gcx/00501_006ab8e0.gcx,experiments/_loose/ps2_korean/codec_gcx/00501_006ab8e0.gcx,FILE,OK,
analysis/ps2_korean/codec_gcx/00502_006ac840.gcx,experiments/_loose/ps2_korean/codec_gcx/00502_006ac840.gcx,FILE,OK,
analysis/ps2_korean/codec_gcx/00503_006ae000.gcx,experiments/_loose/ps2_korean/codec_gcx/00503_006ae000.gcx,FILE,OK,
analysis/ps2_korean/codec_gcx/00504_006b02d0.gcx,experiments/_loose/ps2_korean/codec_gcx/00504_006b02d0.gcx,FILE,OK,
analysis/ps2_korean/codec_gcx/00505_006b12f0.gcx,experiments/_loose/ps2_korean/codec_gcx/00505_006b12f0.gcx,FILE,OK,
analysis/ps2_korean/codec_gcx/00506_006b2470.gcx,experiments/_loose/ps2_korean/codec_gcx/00506_006b2470.gcx,FILE,OK,
analysis/ps2_korean/codec_gcx/00507_006b4d50.gcx,experiments/_loose/ps2_korean/codec_gcx/00507_006b4d50.gcx,FILE,OK,
analysis/ps2_korean/codec_gcx/00508_006b69e0.gcx,experiments/_loose/ps2_korean/codec_gcx/00508_006b69e0.gcx,FILE,OK,
analysis/ps2_korean/codec_gcx/00509_006b7ea0.gcx,experiments/_loose/ps2_korean/codec_gcx/00509_006b7ea0.gcx,FILE,OK,
analysis/ps2_korean/codec_gcx/00510_006b93b0.gcx,experiments/_loose/ps2_korean/codec_gcx/00510_006b93b0.gcx,FILE,OK,
analysis/ps2_korean/codec_gcx/00511_006ba350.gcx,experiments/_loose/ps2_korean/codec_gcx/00511_006ba350.gcx,FILE,OK,
analysis/ps2_korean/codec_gcx/00512_006bbce0.gcx,experiments/_loose/ps2_korean/codec_gcx/00512_006bbce0.gcx,FILE,OK,
analysis/ps2_korean/codec_gcx/00513_006bdc30.gcx,experiments/_loose/ps2_korean/codec_gcx/00513_006bdc30.gcx,FILE,OK,
analysis/ps2_korean/codec_gcx/00514_006bfa30.gcx,experiments/_loose/ps2_korean/codec_gcx/00514_006bfa30.gcx,FILE,OK,
analysis/ps2_korean/codec_gcx/00515_006c0ad0.gcx,experiments/_loose/ps2_korean/codec_gcx/00515_006c0ad0.gcx,FILE,OK,
analysis/ps2_korean/codec_gcx/00516_006c1da0.gcx,experiments/_loose/ps2_korean/codec_gcx/00516_006c1da0.gcx,FILE,OK,
analysis/ps2_korean/codec_gcx/00517_006c2d80.gcx,experiments/_loose/ps2_korean/codec_gcx/00517_006c2d80.gcx,FILE,OK,
analysis/ps2_korean/codec_gcx/00518_006c4120.gcx,experiments/_loose/ps2_korean/codec_gcx/00518_006c4120.gcx,FILE,OK,
analysis/ps2_korean/codec_gcx/00519_006c5490.gcx,experiments/_loose/ps2_korean/codec_gcx/00519_006c5490.gcx,FILE,OK,
analysis/ps2_korean/codec_gcx/00520_006c69b0.gcx,experiments/_loose/ps2_korean/codec_gcx/00520_006c69b0.gcx,FILE,OK,
analysis/ps2_korean/codec_gcx/00521_006c7c00.gcx,experiments/_loose/ps2_korean/codec_gcx/00521_006c7c00.gcx,FILE,OK,
analysis/ps2_korean/codec_gcx/00522_006c9710.gcx,experiments/_loose/ps2_korean/codec_gcx/00522_006c9710.gcx,FILE,OK,
analysis/ps2_korean/codec_gcx/00523_006caac0.gcx,experiments/_loose/ps2_korean/codec_gcx/00523_006caac0.gcx,FILE,OK,
analysis/ps2_korean/codec_gcx/00524_006cbaa0.gcx,experiments/_loose/ps2_korean/codec_gcx/00524_006cbaa0.gcx,FILE,OK,
analysis/ps2_korean/codec_gcx/00525_006cd750.gcx,experiments/_loose/ps2_korean/codec_gcx/00525_006cd750.gcx,FILE,OK,
analysis/ps2_korean/codec_gcx/00526_006cf330.gcx,experiments/_loose/ps2_korean/codec_gcx/00526_006cf330.gcx,FILE,OK,
analysis/ps2_korean/codec_gcx/00527_006d0310.gcx,experiments/_loose/ps2_korean/codec_gcx/00527_006d0310.gcx,FILE,OK,
analysis/ps2_korean/codec_gcx/00528_006d1d10.gcx,experiments/_loose/ps2_korean/codec_gcx/00528_006d1d10.gcx,FILE,OK,
analysis/ps2_korean/codec_gcx/00529_006d2f50.gcx,experiments/_loose/ps2_korean/codec_gcx/00529_006d2f50.gcx,FILE,OK,
analysis/ps2_korean/codec_gcx/00530_006d3df0.gcx,experiments/_loose/ps2_korean/codec_gcx/00530_006d3df0.gcx,FILE,OK,
analysis/ps2_korean/codec_gcx/00531_006d68c0.gcx,experiments/_loose/ps2_korean/codec_gcx/00531_006d68c0.gcx,FILE,OK,
analysis/ps2_korean/codec_gcx/00532_006d82c0.gcx,experiments/_loose/ps2_korean/codec_gcx/00532_006d82c0.gcx,FILE,OK,
analysis/ps2_korean/codec_gcx/00533_006d9a30.gcx,experiments/_loose/ps2_korean/codec_gcx/00533_006d9a30.gcx,FILE,OK,
analysis/ps2_korean/codec_gcx/00534_006dc710.gcx,experiments/_loose/ps2_korean/codec_gcx/00534_006dc710.gcx,FILE,OK,
analysis/ps2_korean/codec_gcx/00535_006ddf80.gcx,experiments/_loose/ps2_korean/codec_gcx/00535_006ddf80.gcx,FILE,OK,
analysis/ps2_korean/codec_gcx/00536_006dfcb0.gcx,experiments/_loose/ps2_korean/codec_gcx/00536_006dfcb0.gcx,FILE,OK,
analysis/ps2_korean/codec_gcx/00537_006e10d0.gcx,experiments/_loose/ps2_korean/codec_gcx/00537_006e10d0.gcx,FILE,OK,
analysis/ps2_korean/codec_gcx/00538_006e2350.gcx,experiments/_loose/ps2_korean/codec_gcx/00538_006e2350.gcx,FILE,OK,
analysis/ps2_korean/codec_gcx/00539_006e36c0.gcx,experiments/_loose/ps2_korean/codec_gcx/00539_006e36c0.gcx,FILE,OK,
analysis/ps2_korean/codec_gcx/00540_006e4910.gcx,experiments/_loose/ps2_korean/codec_gcx/00540_006e4910.gcx,FILE,OK,
analysis/ps2_korean/codec_gcx/00541_006e6720.gcx,experiments/_loose/ps2_korean/codec_gcx/00541_006e6720.gcx,FILE,OK,
analysis/ps2_korean/codec_gcx/00542_006e84b0.gcx,experiments/_loose/ps2_korean/codec_gcx/00542_006e84b0.gcx,FILE,OK,
analysis/ps2_korean/codec_gcx/00543_006e9350.gcx,experiments/_loose/ps2_korean/codec_gcx/00543_006e9350.gcx,FILE,OK,
analysis/ps2_korean/codec_gcx/00544_006ea200.gcx,experiments/_loose/ps2_korean/codec_gcx/00544_006ea200.gcx,FILE,OK,
analysis/ps2_korean/codec_gcx/00545_006ec1c0.gcx,experiments/_loose/ps2_korean/codec_gcx/00545_006ec1c0.gcx,FILE,OK,
analysis/ps2_korean/codec_gcx/00546_006ed3f0.gcx,experiments/_loose/ps2_korean/codec_gcx/00546_006ed3f0.gcx,FILE,OK,
analysis/ps2_korean/codec_gcx/00547_006ef570.gcx,experiments/_loose/ps2_korean/codec_gcx/00547_006ef570.gcx,FILE,OK,
analysis/ps2_korean/codec_gcx/00548_006f0c00.gcx,experiments/_loose/ps2_korean/codec_gcx/00548_006f0c00.gcx,FILE,OK,
analysis/ps2_korean/codec_gcx/00549_006f1ee0.gcx,experiments/_loose/ps2_korean/codec_gcx/00549_006f1ee0.gcx,FILE,OK,
analysis/ps2_korean/codec_gcx/00550_006f36f0.gcx,experiments/_loose/ps2_korean/codec_gcx/00550_006f36f0.gcx,FILE,OK,
analysis/ps2_korean/codec_gcx/00551_006f46c0.gcx,experiments/_loose/ps2_korean/codec_gcx/00551_006f46c0.gcx,FILE,OK,
analysis/ps2_korean/codec_gcx/00552_006f7420.gcx,experiments/_loose/ps2_korean/codec_gcx/00552_006f7420.gcx,FILE,OK,
analysis/ps2_korean/codec_gcx/00553_006f8e70.gcx,experiments/_loose/ps2_korean/codec_gcx/00553_006f8e70.gcx,FILE,OK,
analysis/ps2_korean/codec_gcx/00554_006fa620.gcx,experiments/_loose/ps2_korean/codec_gcx/00554_006fa620.gcx,FILE,OK,
analysis/ps2_korean/codec_gcx/00555_006fbb80.gcx,experiments/_loose/ps2_korean/codec_gcx/00555_006fbb80.gcx,FILE,OK,
analysis/ps2_korean/codec_gcx/00556_006fd030.gcx,experiments/_loose/ps2_korean/codec_gcx/00556_006fd030.gcx,FILE,OK,
analysis/ps2_korean/codec_gcx/00557_006fe0a0.gcx,experiments/_loose/ps2_korean/codec_gcx/00557_006fe0a0.gcx,FILE,OK,
analysis/ps2_korean/codec_gcx/00558_006ff9f0.gcx,experiments/_loose/ps2_korean/codec_gcx/00558_006ff9f0.gcx,FILE,OK,
analysis/ps2_korean/codec_gcx/00559_00700bc0.gcx,experiments/_loose/ps2_korean/codec_gcx/00559_00700bc0.gcx,FILE,OK,
analysis/ps2_korean/codec_gcx/00560_00701ff0.gcx,experiments/_loose/ps2_korean/codec_gcx/00560_00701ff0.gcx,FILE,OK,
analysis/ps2_korean/codec_gcx/00561_00702fc0.gcx,experiments/_loose/ps2_korean/codec_gcx/00561_00702fc0.gcx,FILE,OK,
analysis/ps2_korean/codec_gcx/00562_007047a0.gcx,experiments/_loose/ps2_korean/codec_gcx/00562_007047a0.gcx,FILE,OK,
analysis/ps2_korean/codec_gcx/00563_00705fe0.gcx,experiments/_loose/ps2_korean/codec_gcx/00563_00705fe0.gcx,FILE,OK,
analysis/ps2_korean/codec_gcx/00564_00707860.gcx,experiments/_loose/ps2_korean/codec_gcx/00564_00707860.gcx,FILE,OK,
analysis/ps2_korean/codec_gcx/00565_00708fc0.gcx,experiments/_loose/ps2_korean/codec_gcx/00565_00708fc0.gcx,FILE,OK,
analysis/ps2_korean/codec_gcx/00566_0070a440.gcx,experiments/_loose/ps2_korean/codec_gcx/00566_0070a440.gcx,FILE,OK,
analysis/ps2_korean/codec_gcx/00567_0070b380.gcx,experiments/_loose/ps2_korean/codec_gcx/00567_0070b380.gcx,FILE,OK,
analysis/ps2_korean/codec_gcx/00568_0070d210.gcx,experiments/_loose/ps2_korean/codec_gcx/00568_0070d210.gcx,FILE,OK,
analysis/ps2_korean/codec_gcx/00569_0070edc0.gcx,experiments/_loose/ps2_korean/codec_gcx/00569_0070edc0.gcx,FILE,OK,
analysis/ps2_korean/codec_gcx/00570_007109f0.gcx,experiments/_loose/ps2_korean/codec_gcx/00570_007109f0.gcx,FILE,OK,
analysis/ps2_korean/codec_gcx/00571_007119c0.gcx,experiments/_loose/ps2_korean/codec_gcx/00571_007119c0.gcx,FILE,OK,
analysis/ps2_korean/codec_gcx/00572_007127c0.gcx,experiments/_loose/ps2_korean/codec_gcx/00572_007127c0.gcx,FILE,OK,
analysis/ps2_korean/codec_gcx/00573_00713950.gcx,experiments/_loose/ps2_korean/codec_gcx/00573_00713950.gcx,FILE,OK,
analysis/ps2_korean/codec_gcx/00574_00714960.gcx,experiments/_loose/ps2_korean/codec_gcx/00574_00714960.gcx,FILE,OK,
analysis/ps2_korean/codec_gcx/00575_00715c20.gcx,experiments/_loose/ps2_korean/codec_gcx/00575_00715c20.gcx,FILE,OK,
analysis/ps2_korean/codec_gcx/00576_00716f00.gcx,experiments/_loose/ps2_korean/codec_gcx/00576_00716f00.gcx,FILE,OK,
analysis/ps2_korean/codec_gcx/00577_00718300.gcx,experiments/_loose/ps2_korean/codec_gcx/00577_00718300.gcx,FILE,OK,
analysis/ps2_korean/codec_gcx/00578_0071af70.gcx,experiments/_loose/ps2_korean/codec_gcx/00578_0071af70.gcx,FILE,OK,
analysis/ps2_korean/codec_gcx/00579_0071c9e0.gcx,experiments/_loose/ps2_korean/codec_gcx/00579_0071c9e0.gcx,FILE,OK,
analysis/ps2_korean/codec_gcx/00580_0071e160.gcx,experiments/_loose/ps2_korean/codec_gcx/00580_0071e160.gcx,FILE,OK,
analysis/ps2_korean/codec_gcx/00581_0071fa70.gcx,experiments/_loose/ps2_korean/codec_gcx/00581_0071fa70.gcx,FILE,OK,
analysis/ps2_korean/codec_gcx/00582_00721480.gcx,experiments/_loose/ps2_korean/codec_gcx/00582_00721480.gcx,FILE,OK,
analysis/ps2_korean/codec_gcx/00583_007226d0.gcx,experiments/_loose/ps2_korean/codec_gcx/00583_007226d0.gcx,FILE,OK,
analysis/ps2_korean/codec_gcx/00584_00723580.gcx,experiments/_loose/ps2_korean/codec_gcx/00584_00723580.gcx,FILE,OK,
analysis/ps2_korean/codec_gcx/00585_00724b00.gcx,experiments/_loose/ps2_korean/codec_gcx/00585_00724b00.gcx,FILE,OK,
analysis/ps2_korean/codec_gcx/00586_00726570.gcx,experiments/_loose/ps2_korean/codec_gcx/00586_00726570.gcx,FILE,OK,
analysis/ps2_korean/codec_gcx/00587_007279a0.gcx,experiments/_loose/ps2_korean/codec_gcx/00587_007279a0.gcx,FILE,OK,
analysis/ps2_korean/codec_gcx/00588_007288e0.gcx,experiments/_loose/ps2_korean/codec_gcx/00588_007288e0.gcx,FILE,OK,
analysis/ps2_korean/codec_gcx/00589_0072af70.gcx,experiments/_loose/ps2_korean/codec_gcx/00589_0072af70.gcx,FILE,OK,
analysis/ps2_korean/codec_gcx/00590_0072bf70.gcx,experiments/_loose/ps2_korean/codec_gcx/00590_0072bf70.gcx,FILE,OK,
analysis/ps2_korean/codec_gcx/00591_0072cf60.gcx,experiments/_loose/ps2_korean/codec_gcx/00591_0072cf60.gcx,FILE,OK,
analysis/ps2_korean/codec_gcx/00592_0072f720.gcx,experiments/_loose/ps2_korean/codec_gcx/00592_0072f720.gcx,FILE,OK,
analysis/ps2_korean/codec_gcx/00593_00730a00.gcx,experiments/_loose/ps2_korean/codec_gcx/00593_00730a00.gcx,FILE,OK,
analysis/ps2_korean/codec_gcx/00594_007318a0.gcx,experiments/_loose/ps2_korean/codec_gcx/00594_007318a0.gcx,FILE,OK,
analysis/ps2_korean/codec_gcx/00595_00733220.gcx,experiments/_loose/ps2_korean/codec_gcx/00595_00733220.gcx,FILE,OK,
analysis/ps2_korean/codec_gcx/00596_00734590.gcx,experiments/_loose/ps2_korean/codec_gcx/00596_00734590.gcx,FILE,OK,
analysis/ps2_korean/codec_gcx/00597_00735af0.gcx,experiments/_loose/ps2_korean/codec_gcx/00597_00735af0.gcx,FILE,OK,
analysis/ps2_korean/codec_gcx/00598_00736b70.gcx,experiments/_loose/ps2_korean/codec_gcx/00598_00736b70.gcx,FILE,OK,
analysis/ps2_korean/codec_gcx/00599_00737ac0.gcx,experiments/_loose/ps2_korean/codec_gcx/00599_00737ac0.gcx,FILE,OK,
analysis/ps2_korean/codec_gcx/00600_00738fa0.gcx,experiments/_loose/ps2_korean/codec_gcx/00600_00738fa0.gcx,FILE,OK,
analysis/ps2_korean/codec_gcx/00601_0073a330.gcx,experiments/_loose/ps2_korean/codec_gcx/00601_0073a330.gcx,FILE,OK,
analysis/ps2_korean/codec_gcx/00602_0073b490.gcx,experiments/_loose/ps2_korean/codec_gcx/00602_0073b490.gcx,FILE,OK,
analysis/ps2_korean/codec_gcx/00603_0073c790.gcx,experiments/_loose/ps2_korean/codec_gcx/00603_0073c790.gcx,FILE,OK,
analysis/ps2_korean/codec_gcx/00604_00740f20.gcx,experiments/_loose/ps2_korean/codec_gcx/00604_00740f20.gcx,FILE,OK,
analysis/ps2_korean/codec_gcx/00605_00742d70.gcx,experiments/_loose/ps2_korean/codec_gcx/00605_00742d70.gcx,FILE,OK,
analysis/ps2_korean/codec_gcx/00606_00744780.gcx,experiments/_loose/ps2_korean/codec_gcx/00606_00744780.gcx,FILE,OK,
analysis/ps2_korean/codec_gcx/00607_00745ec0.gcx,experiments/_loose/ps2_korean/codec_gcx/00607_00745ec0.gcx,FILE,OK,
analysis/ps2_korean/codec_gcx/00608_00747050.gcx,experiments/_loose/ps2_korean/codec_gcx/00608_00747050.gcx,FILE,OK,
analysis/ps2_korean/codec_gcx/00609_00748b00.gcx,experiments/_loose/ps2_korean/codec_gcx/00609_00748b00.gcx,FILE,OK,
analysis/ps2_korean/codec_gcx/00610_0074a080.gcx,experiments/_loose/ps2_korean/codec_gcx/00610_0074a080.gcx,FILE,OK,
analysis/ps2_korean/codec_gcx/00611_0074b950.gcx,experiments/_loose/ps2_korean/codec_gcx/00611_0074b950.gcx,FILE,OK,
analysis/ps2_korean/codec_gcx/00612_0074d360.gcx,experiments/_loose/ps2_korean/codec_gcx/00612_0074d360.gcx,FILE,OK,
analysis/ps2_korean/codec_gcx/00613_0074e7f0.gcx,experiments/_loose/ps2_korean/codec_gcx/00613_0074e7f0.gcx,FILE,OK,
analysis/ps2_korean/codec_gcx/00614_0074f7d0.gcx,experiments/_loose/ps2_korean/codec_gcx/00614_0074f7d0.gcx,FILE,OK,
analysis/ps2_korean/codec_gcx/00615_00750880.gcx,experiments/_loose/ps2_korean/codec_gcx/00615_00750880.gcx,FILE,OK,
analysis/ps2_korean/codec_gcx/00616_00751b80.gcx,experiments/_loose/ps2_korean/codec_gcx/00616_00751b80.gcx,FILE,OK,
analysis/ps2_korean/codec_gcx/00617_00752e50.gcx,experiments/_loose/ps2_korean/codec_gcx/00617_00752e50.gcx,FILE,OK,
analysis/ps2_korean/codec_gcx/00618_00754430.gcx,experiments/_loose/ps2_korean/codec_gcx/00618_00754430.gcx,FILE,OK,
analysis/ps2_korean/codec_gcx/00619_00755af0.gcx,experiments/_loose/ps2_korean/codec_gcx/00619_00755af0.gcx,FILE,OK,
analysis/ps2_korean/codec_gcx/00620_00756de0.gcx,experiments/_loose/ps2_korean/codec_gcx/00620_00756de0.gcx,FILE,OK,
analysis/ps2_korean/codec_gcx/00621_00757fc0.gcx,experiments/_loose/ps2_korean/codec_gcx/00621_00757fc0.gcx,FILE,OK,
analysis/ps2_korean/codec_gcx/00622_00759030.gcx,experiments/_loose/ps2_korean/codec_gcx/00622_00759030.gcx,FILE,OK,
analysis/ps2_korean/codec_gcx/00623_0075a560.gcx,experiments/_loose/ps2_korean/codec_gcx/00623_0075a560.gcx,FILE,OK,
analysis/ps2_korean/codec_gcx/00624_0075bea0.gcx,experiments/_loose/ps2_korean/codec_gcx/00624_0075bea0.gcx,FILE,OK,
analysis/ps2_korean/codec_gcx/00625_0075cf40.gcx,experiments/_loose/ps2_korean/codec_gcx/00625_0075cf40.gcx,FILE,OK,
analysis/ps2_korean/codec_gcx/00626_0075dea0.gcx,experiments/_loose/ps2_korean/codec_gcx/00626_0075dea0.gcx,FILE,OK,
analysis/ps2_korean/codec_gcx/00627_0075f4a0.gcx,experiments/_loose/ps2_korean/codec_gcx/00627_0075f4a0.gcx,FILE,OK,
analysis/ps2_korean/codec_gcx/00628_00760a90.gcx,experiments/_loose/ps2_korean/codec_gcx/00628_00760a90.gcx,FILE,OK,
analysis/ps2_korean/codec_gcx/00629_00762000.gcx,experiments/_loose/ps2_korean/codec_gcx/00629_00762000.gcx,FILE,OK,
analysis/ps2_korean/codec_gcx/00630_00763670.gcx,experiments/_loose/ps2_korean/codec_gcx/00630_00763670.gcx,FILE,OK,
analysis/ps2_korean/codec_gcx/00631_00764b40.gcx,experiments/_loose/ps2_korean/codec_gcx/00631_00764b40.gcx,FILE,OK,
analysis/ps2_korean/codec_gcx/00632_00766110.gcx,experiments/_loose/ps2_korean/codec_gcx/00632_00766110.gcx,FILE,OK,
analysis/ps2_korean/codec_gcx/00633_00767670.gcx,experiments/_loose/ps2_korean/codec_gcx/00633_00767670.gcx,FILE,OK,
analysis/ps2_korean/codec_gcx/00634_00768b20.gcx,experiments/_loose/ps2_korean/codec_gcx/00634_00768b20.gcx,FILE,OK,
analysis/ps2_korean/codec_gcx/00635_00769c30.gcx,experiments/_loose/ps2_korean/codec_gcx/00635_00769c30.gcx,FILE,OK,
analysis/ps2_korean/codec_gcx/00636_0076aca0.gcx,experiments/_loose/ps2_korean/codec_gcx/00636_0076aca0.gcx,FILE,OK,
analysis/ps2_korean/codec_gcx/00637_0076c420.gcx,experiments/_loose/ps2_korean/codec_gcx/00637_0076c420.gcx,FILE,OK,
analysis/ps2_korean/codec_gcx/00638_0076d380.gcx,experiments/_loose/ps2_korean/codec_gcx/00638_0076d380.gcx,FILE,OK,
analysis/ps2_korean/codec_gcx/00639_0076e520.gcx,experiments/_loose/ps2_korean/codec_gcx/00639_0076e520.gcx,FILE,OK,
analysis/ps2_korean/codec_gcx/00640_0076f2a0.gcx,experiments/_loose/ps2_korean/codec_gcx/00640_0076f2a0.gcx,FILE,OK,
analysis/ps2_korean/codec_gcx/00641_007704b0.gcx,experiments/_loose/ps2_korean/codec_gcx/00641_007704b0.gcx,FILE,OK,
analysis/ps2_korean/codec_gcx/00642_00771660.gcx,experiments/_loose/ps2_korean/codec_gcx/00642_00771660.gcx,FILE,OK,
analysis/ps2_korean/codec_gcx/00643_007729d0.gcx,experiments/_loose/ps2_korean/codec_gcx/00643_007729d0.gcx,FILE,OK,
analysis/ps2_korean/codec_gcx/00644_00774620.gcx,experiments/_loose/ps2_korean/codec_gcx/00644_00774620.gcx,FILE,OK,
analysis/ps2_korean/codec_gcx/00645_00775880.gcx,experiments/_loose/ps2_korean/codec_gcx/00645_00775880.gcx,FILE,OK,
analysis/ps2_korean/codec_gcx/00646_00776de0.gcx,experiments/_loose/ps2_korean/codec_gcx/00646_00776de0.gcx,FILE,OK,
analysis/ps2_korean/codec_gcx/00647_007782c0.gcx,experiments/_loose/ps2_korean/codec_gcx/00647_007782c0.gcx,FILE,OK,
analysis/ps2_korean/codec_gcx/00648_00779840.gcx,experiments/_loose/ps2_korean/codec_gcx/00648_00779840.gcx,FILE,OK,
analysis/ps2_korean/codec_gcx/00649_0077a790.gcx,experiments/_loose/ps2_korean/codec_gcx/00649_0077a790.gcx,FILE,OK,
analysis/ps2_korean/codec_gcx/00650_0077b920.gcx,experiments/_loose/ps2_korean/codec_gcx/00650_0077b920.gcx,FILE,OK,
analysis/ps2_korean/codec_gcx/00651_0077dd80.gcx,experiments/_loose/ps2_korean/codec_gcx/00651_0077dd80.gcx,FILE,OK,
analysis/ps2_korean/codec_gcx/00652_0077f530.gcx,experiments/_loose/ps2_korean/codec_gcx/00652_0077f530.gcx,FILE,OK,
analysis/ps2_korean/codec_gcx/00653_00780340.gcx,experiments/_loose/ps2_korean/codec_gcx/00653_00780340.gcx,FILE,OK,
analysis/ps2_korean/codec_gcx/00654_007828c0.gcx,experiments/_loose/ps2_korean/codec_gcx/00654_007828c0.gcx,FILE,OK,
analysis/ps2_korean/codec_gcx/00655_00784ca0.gcx,experiments/_loose/ps2_korean/codec_gcx/00655_00784ca0.gcx,FILE,OK,
analysis/ps2_korean/codec_gcx/00656_00785d30.gcx,experiments/_loose/ps2_korean/codec_gcx/00656_00785d30.gcx,FILE,OK,
analysis/ps2_korean/codec_gcx/00657_00786d10.gcx,experiments/_loose/ps2_korean/codec_gcx/00657_00786d10.gcx,FILE,OK,
analysis/ps2_korean/codec_gcx/00658_00787b40.gcx,experiments/_loose/ps2_korean/codec_gcx/00658_00787b40.gcx,FILE,OK,
analysis/ps2_korean/codec_gcx/00659_007898b0.gcx,experiments/_loose/ps2_korean/codec_gcx/00659_007898b0.gcx,FILE,OK,
analysis/ps2_korean/codec_gcx/00660_0078ad80.gcx,experiments/_loose/ps2_korean/codec_gcx/00660_0078ad80.gcx,FILE,OK,
analysis/ps2_korean/codec_gcx/00661_0078c740.gcx,experiments/_loose/ps2_korean/codec_gcx/00661_0078c740.gcx,FILE,OK,
analysis/ps2_korean/codec_gcx/00662_0078d760.gcx,experiments/_loose/ps2_korean/codec_gcx/00662_0078d760.gcx,FILE,OK,
analysis/ps2_korean/codec_gcx/00663_0078ea20.gcx,experiments/_loose/ps2_korean/codec_gcx/00663_0078ea20.gcx,FILE,OK,
analysis/ps2_korean/codec_gcx/00664_007942d0.gcx,experiments/_loose/ps2_korean/codec_gcx/00664_007942d0.gcx,FILE,OK,
analysis/ps2_korean/codec_gcx/00665_00797550.gcx,experiments/_loose/ps2_korean/codec_gcx/00665_00797550.gcx,FILE,OK,
analysis/ps2_korean/codec_gcx/00666_0079a4b0.gcx,experiments/_loose/ps2_korean/codec_gcx/00666_0079a4b0.gcx,FILE,OK,
analysis/ps2_korean/codec_gcx/00667_0079e130.gcx,experiments/_loose/ps2_korean/codec_gcx/00667_0079e130.gcx,FILE,OK,
analysis/ps2_korean/codec_gcx/00668_007a2470.gcx,experiments/_loose/ps2_korean/codec_gcx/00668_007a2470.gcx,FILE,OK,
analysis/ps2_korean/codec_gcx/00669_007a4480.gcx,experiments/_loose/ps2_korean/codec_gcx/00669_007a4480.gcx,FILE,OK,
analysis/ps2_korean/codec_gcx/00670_007a7e50.gcx,experiments/_loose/ps2_korean/codec_gcx/00670_007a7e50.gcx,FILE,OK,
analysis/ps2_korean/codec_gcx/00671_007aacd0.gcx,experiments/_loose/ps2_korean/codec_gcx/00671_007aacd0.gcx,FILE,OK,
analysis/ps2_korean/codec_gcx/00672_007acd20.gcx,experiments/_loose/ps2_korean/codec_gcx/00672_007acd20.gcx,FILE,OK,
analysis/ps2_korean/codec_gcx/00673_007afd10.gcx,experiments/_loose/ps2_korean/codec_gcx/00673_007afd10.gcx,FILE,OK,
analysis/ps2_korean/codec_gcx/00674_007b2ce0.gcx,experiments/_loose/ps2_korean/codec_gcx/00674_007b2ce0.gcx,FILE,OK,
analysis/ps2_korean/codec_gcx/00675_007b58a0.gcx,experiments/_loose/ps2_korean/codec_gcx/00675_007b58a0.gcx,FILE,OK,
analysis/ps2_korean/codec_gcx/00676_007b6ae0.gcx,experiments/_loose/ps2_korean/codec_gcx/00676_007b6ae0.gcx,FILE,OK,
analysis/ps2_korean/codec_gcx/00677_007b7aa0.gcx,experiments/_loose/ps2_korean/codec_gcx/00677_007b7aa0.gcx,FILE,OK,
analysis/ps2_korean/codec_gcx/00678_007bb160.gcx,experiments/_loose/ps2_korean/codec_gcx/00678_007bb160.gcx,FILE,OK,
analysis/ps2_korean/codec_gcx/00679_007bcae0.gcx,experiments/_loose/ps2_korean/codec_gcx/00679_007bcae0.gcx,FILE,OK,
analysis/ps2_korean/codec_gcx/00680_007bf3c0.gcx,experiments/_loose/ps2_korean/codec_gcx/00680_007bf3c0.gcx,FILE,OK,
analysis/ps2_korean/codec_gcx/00681_007c0770.gcx,experiments/_loose/ps2_korean/codec_gcx/00681_007c0770.gcx,FILE,OK,
analysis/ps2_korean/codec_gcx/00682_007c2a90.gcx,experiments/_loose/ps2_korean/codec_gcx/00682_007c2a90.gcx,FILE,OK,
analysis/ps2_korean/codec_gcx/00683_007c3a80.gcx,experiments/_loose/ps2_korean/codec_gcx/00683_007c3a80.gcx,FILE,OK,
analysis/ps2_korean/codec_gcx/00684_007c4fa0.gcx,experiments/_loose/ps2_korean/codec_gcx/00684_007c4fa0.gcx,FILE,OK,
analysis/ps2_korean/codec_gcx/00685_007c6150.gcx,experiments/_loose/ps2_korean/codec_gcx/00685_007c6150.gcx,FILE,OK,
analysis/ps2_korean/codec_gcx/00686_007c8400.gcx,experiments/_loose/ps2_korean/codec_gcx/00686_007c8400.gcx,FILE,OK,
analysis/ps2_korean/codec_gcx/00687_007ca930.gcx,experiments/_loose/ps2_korean/codec_gcx/00687_007ca930.gcx,FILE,OK,
analysis/ps2_korean/codec_gcx/00688_007ccf90.gcx,experiments/_loose/ps2_korean/codec_gcx/00688_007ccf90.gcx,FILE,OK,
analysis/ps2_korean/codec_gcx/00689_007ce000.gcx,experiments/_loose/ps2_korean/codec_gcx/00689_007ce000.gcx,FILE,OK,
analysis/ps2_korean/codec_gcx/00690_007cef40.gcx,experiments/_loose/ps2_korean/codec_gcx/00690_007cef40.gcx,FILE,OK,
analysis/ps2_korean/codec_gcx/00691_007d05a0.gcx,experiments/_loose/ps2_korean/codec_gcx/00691_007d05a0.gcx,FILE,OK,
analysis/ps2_korean/codec_gcx/00692_007d3720.gcx,experiments/_loose/ps2_korean/codec_gcx/00692_007d3720.gcx,FILE,OK,
analysis/ps2_korean/codec_gcx/00693_007d60d0.gcx,experiments/_loose/ps2_korean/codec_gcx/00693_007d60d0.gcx,FILE,OK,
analysis/ps2_korean/codec_gcx/00694_007d7130.gcx,experiments/_loose/ps2_korean/codec_gcx/00694_007d7130.gcx,FILE,OK,
analysis/ps2_korean/codec_gcx/00695_007d87d0.gcx,experiments/_loose/ps2_korean/codec_gcx/00695_007d87d0.gcx,FILE,OK,
analysis/ps2_korean/codec_gcx/00696_007d9d20.gcx,experiments/_loose/ps2_korean/codec_gcx/00696_007d9d20.gcx,FILE,OK,
analysis/ps2_korean/codec_gcx/00697_007dae00.gcx,experiments/_loose/ps2_korean/codec_gcx/00697_007dae00.gcx,FILE,OK,
analysis/ps2_korean/codec_gcx/00698_007dc5b0.gcx,experiments/_loose/ps2_korean/codec_gcx/00698_007dc5b0.gcx,FILE,OK,
analysis/ps2_korean/codec_gcx/00699_007dd580.gcx,experiments/_loose/ps2_korean/codec_gcx/00699_007dd580.gcx,FILE,OK,
analysis/ps2_korean/codec_gcx/00700_007df230.gcx,experiments/_loose/ps2_korean/codec_gcx/00700_007df230.gcx,FILE,OK,
analysis/ps2_korean/codec_gcx/00701_007e0160.gcx,experiments/_loose/ps2_korean/codec_gcx/00701_007e0160.gcx,FILE,OK,
analysis/ps2_korean/codec_gcx/00702_007e1cb0.gcx,experiments/_loose/ps2_korean/codec_gcx/00702_007e1cb0.gcx,FILE,OK,
analysis/ps2_korean/codec_gcx/00703_007e2be0.gcx,experiments/_loose/ps2_korean/codec_gcx/00703_007e2be0.gcx,FILE,OK,
analysis/ps2_korean/codec_gcx/00704_007e4260.gcx,experiments/_loose/ps2_korean/codec_gcx/00704_007e4260.gcx,FILE,OK,
analysis/ps2_korean/codec_gcx/00705_007e5520.gcx,experiments/_loose/ps2_korean/codec_gcx/00705_007e5520.gcx,FILE,OK,
analysis/ps2_korean/codec_gcx/00706_007e6780.gcx,experiments/_loose/ps2_korean/codec_gcx/00706_007e6780.gcx,FILE,OK,
analysis/ps2_korean/codec_gcx/00707_007e92e0.gcx,experiments/_loose/ps2_korean/codec_gcx/00707_007e92e0.gcx,FILE,OK,
analysis/ps2_korean/codec_gcx/00708_007ea340.gcx,experiments/_loose/ps2_korean/codec_gcx/00708_007ea340.gcx,FILE,OK,
analysis/ps2_korean/codec_gcx/00709_007eba20.gcx,experiments/_loose/ps2_korean/codec_gcx/00709_007eba20.gcx,FILE,OK,
analysis/ps2_korean/codec_gcx/00710_007eca80.gcx,experiments/_loose/ps2_korean/codec_gcx/00710_007eca80.gcx,FILE,OK,
analysis/ps2_korean/codec_gcx/00711_007ee090.gcx,experiments/_loose/ps2_korean/codec_gcx/00711_007ee090.gcx,FILE,OK,
analysis/ps2_korean/codec_gcx/00712_007ef0f0.gcx,experiments/_loose/ps2_korean/codec_gcx/00712_007ef0f0.gcx,FILE,OK,
analysis/ps2_korean/codec_gcx/00713_007f10d0.gcx,experiments/_loose/ps2_korean/codec_gcx/00713_007f10d0.gcx,FILE,OK,
analysis/ps2_korean/codec_gcx/00714_007f2090.gcx,experiments/_loose/ps2_korean/codec_gcx/00714_007f2090.gcx,FILE,OK,
analysis/ps2_korean/codec_gcx/00715_007f38c0.gcx,experiments/_loose/ps2_korean/codec_gcx/00715_007f38c0.gcx,FILE,OK,
analysis/ps2_korean/codec_gcx/00716_007f4910.gcx,experiments/_loose/ps2_korean/codec_gcx/00716_007f4910.gcx,FILE,OK,
analysis/ps2_korean/codec_gcx/00717_007f6350.gcx,experiments/_loose/ps2_korean/codec_gcx/00717_007f6350.gcx,FILE,OK,
analysis/ps2_korean/codec_gcx/00718_007f7320.gcx,experiments/_loose/ps2_korean/codec_gcx/00718_007f7320.gcx,FILE,OK,
analysis/ps2_korean/codec_gcx/00719_007f88b0.gcx,experiments/_loose/ps2_korean/codec_gcx/00719_007f88b0.gcx,FILE,OK,
analysis/ps2_korean/codec_gcx/00720_007f96c0.gcx,experiments/_loose/ps2_korean/codec_gcx/00720_007f96c0.gcx,FILE,OK,
analysis/ps2_korean/codec_gcx/00721_007fa570.gcx,experiments/_loose/ps2_korean/codec_gcx/00721_007fa570.gcx,FILE,OK,
analysis/ps2_korean/codec_gcx/00722_007fc840.gcx,experiments/_loose/ps2_korean/codec_gcx/00722_007fc840.gcx,FILE,OK,
analysis/ps2_korean/codec_gcx/00723_007fd770.gcx,experiments/_loose/ps2_korean/codec_gcx/00723_007fd770.gcx,FILE,OK,
analysis/ps2_korean/codec_gcx/00724_007fed80.gcx,experiments/_loose/ps2_korean/codec_gcx/00724_007fed80.gcx,FILE,OK,
analysis/ps2_korean/codec_gcx/00725_008003b0.gcx,experiments/_loose/ps2_korean/codec_gcx/00725_008003b0.gcx,FILE,OK,
analysis/ps2_korean/codec_gcx/00726_008018d0.gcx,experiments/_loose/ps2_korean/codec_gcx/00726_008018d0.gcx,FILE,OK,
analysis/ps2_korean/codec_gcx/00727_00802a90.gcx,experiments/_loose/ps2_korean/codec_gcx/00727_00802a90.gcx,FILE,OK,
analysis/ps2_korean/codec_gcx/00728_00804250.gcx,experiments/_loose/ps2_korean/codec_gcx/00728_00804250.gcx,FILE,OK,
analysis/ps2_korean/codec_gcx/00729_00805180.gcx,experiments/_loose/ps2_korean/codec_gcx/00729_00805180.gcx,FILE,OK,
analysis/ps2_korean/codec_gcx/00730_00806330.gcx,experiments/_loose/ps2_korean/codec_gcx/00730_00806330.gcx,FILE,OK,
analysis/ps2_korean/codec_gcx/00731_00807570.gcx,experiments/_loose/ps2_korean/codec_gcx/00731_00807570.gcx,FILE,OK,
analysis/ps2_korean/codec_gcx/00732_00808910.gcx,experiments/_loose/ps2_korean/codec_gcx/00732_00808910.gcx,FILE,OK,
analysis/ps2_korean/codec_gcx/00733_00809df0.gcx,experiments/_loose/ps2_korean/codec_gcx/00733_00809df0.gcx,FILE,OK,
analysis/ps2_korean/codec_gcx/00734_0080b560.gcx,experiments/_loose/ps2_korean/codec_gcx/00734_0080b560.gcx,FILE,OK,
analysis/ps2_korean/codec_gcx/00735_0080d5a0.gcx,experiments/_loose/ps2_korean/codec_gcx/00735_0080d5a0.gcx,FILE,OK,
analysis/ps2_korean/codec_gcx/00736_0080f180.gcx,experiments/_loose/ps2_korean/codec_gcx/00736_0080f180.gcx,FILE,OK,
analysis/ps2_korean/codec_gcx/00737_00810780.gcx,experiments/_loose/ps2_korean/codec_gcx/00737_00810780.gcx,FILE,OK,
analysis/ps2_korean/codec_gcx/00738_008123d0.gcx,experiments/_loose/ps2_korean/codec_gcx/00738_008123d0.gcx,FILE,OK,
analysis/ps2_korean/codec_gcx/00739_00813b20.gcx,experiments/_loose/ps2_korean/codec_gcx/00739_00813b20.gcx,FILE,OK,
analysis/ps2_korean/codec_gcx/00740_008153a0.gcx,experiments/_loose/ps2_korean/codec_gcx/00740_008153a0.gcx,FILE,OK,
analysis/ps2_korean/codec_gcx/00741_00817ba0.gcx,experiments/_loose/ps2_korean/codec_gcx/00741_00817ba0.gcx,FILE,OK,
analysis/ps2_korean/codec_gcx/00742_00818a50.gcx,experiments/_loose/ps2_korean/codec_gcx/00742_00818a50.gcx,FILE,OK,
analysis/ps2_korean/codec_gcx/00743_0081a2a0.gcx,experiments/_loose/ps2_korean/codec_gcx/00743_0081a2a0.gcx,FILE,OK,
analysis/ps2_korean/codec_gcx/00744_0081b150.gcx,experiments/_loose/ps2_korean/codec_gcx/00744_0081b150.gcx,FILE,OK,
analysis/ps2_korean/codec_gcx/00745_0081c450.gcx,experiments/_loose/ps2_korean/codec_gcx/00745_0081c450.gcx,FILE,OK,
analysis/ps2_korean/codec_gcx/00746_0081d380.gcx,experiments/_loose/ps2_korean/codec_gcx/00746_0081d380.gcx,FILE,OK,
analysis/ps2_korean/codec_gcx/00747_0081e7f0.gcx,experiments/_loose/ps2_korean/codec_gcx/00747_0081e7f0.gcx,FILE,OK,
analysis/ps2_korean/codec_gcx/00748_0081f720.gcx,experiments/_loose/ps2_korean/codec_gcx/00748_0081f720.gcx,FILE,OK,
analysis/ps2_korean/codec_gcx/00749_00820a10.gcx,experiments/_loose/ps2_korean/codec_gcx/00749_00820a10.gcx,FILE,OK,
analysis/ps2_korean/codec_gcx/00750_008219d0.gcx,experiments/_loose/ps2_korean/codec_gcx/00750_008219d0.gcx,FILE,OK,
analysis/ps2_korean/codec_gcx/00751_00822e00.gcx,experiments/_loose/ps2_korean/codec_gcx/00751_00822e00.gcx,FILE,OK,
analysis/ps2_korean/codec_gcx/00752_00823cb0.gcx,experiments/_loose/ps2_korean/codec_gcx/00752_00823cb0.gcx,FILE,OK,
analysis/ps2_korean/codec_gcx/00753_00825160.gcx,experiments/_loose/ps2_korean/codec_gcx/00753_00825160.gcx,FILE,OK,
analysis/ps2_korean/codec_gcx/00754_00826010.gcx,experiments/_loose/ps2_korean/codec_gcx/00754_00826010.gcx,FILE,OK,
analysis/ps2_korean/codec_gcx/00755_00827270.gcx,experiments/_loose/ps2_korean/codec_gcx/00755_00827270.gcx,FILE,OK,
analysis/ps2_korean/codec_gcx/00756_00828aa0.gcx,experiments/_loose/ps2_korean/codec_gcx/00756_00828aa0.gcx,FILE,OK,
analysis/ps2_korean/codec_gcx/00757_0082c370.gcx,experiments/_loose/ps2_korean/codec_gcx/00757_0082c370.gcx,FILE,OK,
analysis/ps2_korean/codec_gcx/00758_0082dda0.gcx,experiments/_loose/ps2_korean/codec_gcx/00758_0082dda0.gcx,FILE,OK,
analysis/ps2_korean/codec_gcx/00759_0082fb80.gcx,experiments/_loose/ps2_korean/codec_gcx/00759_0082fb80.gcx,FILE,OK,
analysis/ps2_korean/codec_gcx/00760_00830e50.gcx,experiments/_loose/ps2_korean/codec_gcx/00760_00830e50.gcx,FILE,OK,
analysis/ps2_korean/codec_gcx/00761_00831eb0.gcx,experiments/_loose/ps2_korean/codec_gcx/00761_00831eb0.gcx,FILE,OK,
analysis/ps2_korean/codec_gcx/00762_00833f50.gcx,experiments/_loose/ps2_korean/codec_gcx/00762_00833f50.gcx,FILE,OK,
analysis/ps2_korean/codec_gcx/00763_00836070.gcx,experiments/_loose/ps2_korean/codec_gcx/00763_00836070.gcx,FILE,OK,
analysis/ps2_korean/codec_gcx/00764_00838cd0.gcx,experiments/_loose/ps2_korean/codec_gcx/00764_00838cd0.gcx,FILE,OK,
analysis/ps2_korean/codec_gcx/00765_0083af70.gcx,experiments/_loose/ps2_korean/codec_gcx/00765_0083af70.gcx,FILE,OK,
analysis/ps2_korean/codec_gcx/00766_0083ef50.gcx,experiments/_loose/ps2_korean/codec_gcx/00766_0083ef50.gcx,FILE,OK,
analysis/ps2_korean/codec_gcx/00767_0083fdf0.gcx,experiments/_loose/ps2_korean/codec_gcx/00767_0083fdf0.gcx,FILE,OK,
analysis/ps2_korean/codec_gcx/00768_008415d0.gcx,experiments/_loose/ps2_korean/codec_gcx/00768_008415d0.gcx,FILE,OK,
analysis/ps2_korean/codec_gcx/00769_008430a0.gcx,experiments/_loose/ps2_korean/codec_gcx/00769_008430a0.gcx,FILE,OK,
analysis/ps2_korean/codec_gcx/00770_008446b0.gcx,experiments/_loose/ps2_korean/codec_gcx/00770_008446b0.gcx,FILE,OK,
analysis/ps2_korean/codec_gcx/00771_008456c0.gcx,experiments/_loose/ps2_korean/codec_gcx/00771_008456c0.gcx,FILE,OK,
analysis/ps2_korean/codec_gcx/00772_008464e0.gcx,experiments/_loose/ps2_korean/codec_gcx/00772_008464e0.gcx,FILE,OK,
analysis/ps2_korean/codec_gcx/00773_00847390.gcx,experiments/_loose/ps2_korean/codec_gcx/00773_00847390.gcx,FILE,OK,
analysis/ps2_korean/codec_gcx/00774_00848250.gcx,experiments/_loose/ps2_korean/codec_gcx/00774_00848250.gcx,FILE,OK,
analysis/ps2_korean/codec_gcx/00775_00848fe0.gcx,experiments/_loose/ps2_korean/codec_gcx/00775_00848fe0.gcx,FILE,OK,
analysis/ps2_korean/codec_gcx/00776_00849d70.gcx,experiments/_loose/ps2_korean/codec_gcx/00776_00849d70.gcx,FILE,OK,
analysis/ps2_korean/codec_gcx/00777_00881480.gcx,experiments/_loose/ps2_korean/codec_gcx/00777_00881480.gcx,FILE,OK,
analysis/ps2_korean/codec_gcx/00778_008b9800.gcx,experiments/_loose/ps2_korean/codec_gcx/00778_008b9800.gcx,FILE,OK,
analysis/ps2_korean/codec_gcx/00779_008f1b90.gcx,experiments/_loose/ps2_korean/codec_gcx/00779_008f1b90.gcx,FILE,OK,
analysis/ps2_korean/codec_gcx/00780_00929b30.gcx,experiments/_loose/ps2_korean/codec_gcx/00780_00929b30.gcx,FILE,OK,
analysis/ps2_korean/codec_gcx/00781_00961ad0.gcx,experiments/_loose/ps2_korean/codec_gcx/00781_00961ad0.gcx,FILE,OK,
analysis/ps2_korean/codec_gcx/00782_00999a70.gcx,experiments/_loose/ps2_korean/codec_gcx/00782_00999a70.gcx,FILE,OK,
analysis/ps2_korean/codec_gcx/00783_009d1a10.gcx,experiments/_loose/ps2_korean/codec_gcx/00783_009d1a10.gcx,FILE,OK,
analysis/ps2_korean/codec_gcx/00784_00a097e0.gcx,experiments/_loose/ps2_korean/codec_gcx/00784_00a097e0.gcx,FILE,OK,
analysis/ps2_korean/codec_gcx/00785_00a40f30.gcx,experiments/_loose/ps2_korean/codec_gcx/00785_00a40f30.gcx,FILE,OK,
analysis/ps2_korean/codec_gcx/00786_00a78d10.gcx,experiments/_loose/ps2_korean/codec_gcx/00786_00a78d10.gcx,FILE,OK,
analysis/ps2_korean/codec_gcx/00787_00ab07d0.gcx,experiments/_loose/ps2_korean/codec_gcx/00787_00ab07d0.gcx,FILE,OK,
analysis/ps2_korean/codec_gcx/00788_00ae83d0.gcx,experiments/_loose/ps2_korean/codec_gcx/00788_00ae83d0.gcx,FILE,OK,
analysis/ps2_korean/codec_gcx/00789_00b20020.gcx,experiments/_loose/ps2_korean/codec_gcx/00789_00b20020.gcx,FILE,OK,
analysis/ps2_korean/codec_gcx/00790_00b57ba0.gcx,experiments/_loose/ps2_korean/codec_gcx/00790_00b57ba0.gcx,FILE,OK,
analysis/ps2_korean/codec_gcx/00791_00b8fae0.gcx,experiments/_loose/ps2_korean/codec_gcx/00791_00b8fae0.gcx,FILE,OK,
analysis/ps2_korean/codec_gcx/00792_00b90d70.gcx,experiments/_loose/ps2_korean/codec_gcx/00792_00b90d70.gcx,FILE,OK,
analysis/ps2_korean/codec_gcx/00793_00b92700.gcx,experiments/_loose/ps2_korean/codec_gcx/00793_00b92700.gcx,FILE,OK,
analysis/ps2_korean/codec_gcx/00794_00b94720.gcx,experiments/_loose/ps2_korean/codec_gcx/00794_00b94720.gcx,FILE,OK,
analysis/ps2_korean/codec_gcx/00795_00b991f0.gcx,experiments/_loose/ps2_korean/codec_gcx/00795_00b991f0.gcx,FILE,OK,
analysis/ps2_korean/codec_gcx/00796_00b9c960.gcx,experiments/_loose/ps2_korean/codec_gcx/00796_00b9c960.gcx,FILE,OK,
analysis/ps2_korean/codec_gcx/00797_00b9f6b0.gcx,experiments/_loose/ps2_korean/codec_gcx/00797_00b9f6b0.gcx,FILE,OK,
analysis/ps2_korean/codec_gcx/00798_00ba07e0.gcx,experiments/_loose/ps2_korean/codec_gcx/00798_00ba07e0.gcx,FILE,OK,
analysis/ps2_korean/codec_gcx/00799_00ba1f30.gcx,experiments/_loose/ps2_korean/codec_gcx/00799_00ba1f30.gcx,FILE,OK,
analysis/ps2_korean/codec_gcx/00800_00ba3640.gcx,experiments/_loose/ps2_korean/codec_gcx/00800_00ba3640.gcx,FILE,OK,
analysis/ps2_korean/codec_gcx/00801_00ba49c0.gcx,experiments/_loose/ps2_korean/codec_gcx/00801_00ba49c0.gcx,FILE,OK,
analysis/ps2_korean/codec_gcx/00802_00ba6020.gcx,experiments/_loose/ps2_korean/codec_gcx/00802_00ba6020.gcx,FILE,OK,
analysis/ps2_korean/codec_gcx/00803_00ba75f0.gcx,experiments/_loose/ps2_korean/codec_gcx/00803_00ba75f0.gcx,FILE,OK,
analysis/ps2_korean/codec_gcx/00804_00ba8b60.gcx,experiments/_loose/ps2_korean/codec_gcx/00804_00ba8b60.gcx,FILE,OK,
analysis/ps2_korean/codec_gcx/00805_00ba9f00.gcx,experiments/_loose/ps2_korean/codec_gcx/00805_00ba9f00.gcx,FILE,OK,
analysis/ps2_korean/codec_gcx/00806_00bab450.gcx,experiments/_loose/ps2_korean/codec_gcx/00806_00bab450.gcx,FILE,OK,
analysis/ps2_korean/codec_gcx/00807_00bac7e0.gcx,experiments/_loose/ps2_korean/codec_gcx/00807_00bac7e0.gcx,FILE,OK,
analysis/ps2_korean/codec_gcx/00808_00bb02f0.gcx,experiments/_loose/ps2_korean/codec_gcx/00808_00bb02f0.gcx,FILE,OK,
analysis/ps2_korean/codec_gcx/00809_00bb1cd0.gcx,experiments/_loose/ps2_korean/codec_gcx/00809_00bb1cd0.gcx,FILE,OK,
analysis/ps2_korean/codec_gcx/00810_00bb2f40.gcx,experiments/_loose/ps2_korean/codec_gcx/00810_00bb2f40.gcx,FILE,OK,
analysis/ps2_korean/codec_gcx/00811_00bb4190.gcx,experiments/_loose/ps2_korean/codec_gcx/00811_00bb4190.gcx,FILE,OK,
analysis/ps2_korean/codec_gcx/00812_00bb5940.gcx,experiments/_loose/ps2_korean/codec_gcx/00812_00bb5940.gcx,FILE,OK,
analysis/ps2_korean/codec_gcx/00813_00bb6cd0.gcx,experiments/_loose/ps2_korean/codec_gcx/00813_00bb6cd0.gcx,FILE,OK,
analysis/ps2_korean/codec_gcx/00814_00bb8070.gcx,experiments/_loose/ps2_korean/codec_gcx/00814_00bb8070.gcx,FILE,OK,
analysis/ps2_korean/codec_gcx/00815_00bb9ab0.gcx,experiments/_loose/ps2_korean/codec_gcx/00815_00bb9ab0.gcx,FILE,OK,
analysis/ps2_korean/codec_gcx/00816_00bbc2e0.gcx,experiments/_loose/ps2_korean/codec_gcx/00816_00bbc2e0.gcx,FILE,OK,
analysis/ps2_korean/codec_gcx/00817_00bbd9a0.gcx,experiments/_loose/ps2_korean/codec_gcx/00817_00bbd9a0.gcx,FILE,OK,
analysis/ps2_korean/codec_gcx/00818_00bbec10.gcx,experiments/_loose/ps2_korean/codec_gcx/00818_00bbec10.gcx,FILE,OK,
analysis/ps2_korean/codec_gcx/00819_00bbfd50.gcx,experiments/_loose/ps2_korean/codec_gcx/00819_00bbfd50.gcx,FILE,OK,
analysis/ps2_korean/codec_gcx/00820_00bc14a0.gcx,experiments/_loose/ps2_korean/codec_gcx/00820_00bc14a0.gcx,FILE,OK,
analysis/ps2_korean/codec_gcx/00821_00bc2ae0.gcx,experiments/_loose/ps2_korean/codec_gcx/00821_00bc2ae0.gcx,FILE,OK,
analysis/ps2_korean/codec_gcx/00822_00bc48c0.gcx,experiments/_loose/ps2_korean/codec_gcx/00822_00bc48c0.gcx,FILE,OK,
analysis/ps2_korean/codec_gcx/00823_00bc5be0.gcx,experiments/_loose/ps2_korean/codec_gcx/00823_00bc5be0.gcx,FILE,OK,
analysis/ps2_korean/codec_gcx/00824_00bc7000.gcx,experiments/_loose/ps2_korean/codec_gcx/00824_00bc7000.gcx,FILE,OK,
analysis/ps2_korean/codec_gcx/00825_00bc91f0.gcx,experiments/_loose/ps2_korean/codec_gcx/00825_00bc91f0.gcx,FILE,OK,
analysis/ps2_korean/codec_gcx/00826_00bca3a0.gcx,experiments/_loose/ps2_korean/codec_gcx/00826_00bca3a0.gcx,FILE,OK,
analysis/ps2_korean/codec_gcx/00827_00bcd2c0.gcx,experiments/_loose/ps2_korean/codec_gcx/00827_00bcd2c0.gcx,FILE,OK,
analysis/ps2_korean/codec_gcx/00828_00bcfe10.gcx,experiments/_loose/ps2_korean/codec_gcx/00828_00bcfe10.gcx,FILE,OK,
analysis/ps2_korean/codec_gcx/00829_00bd11c0.gcx,experiments/_loose/ps2_korean/codec_gcx/00829_00bd11c0.gcx,FILE,OK,
analysis/ps2_korean/codec_gcx/00830_00bd2a40.gcx,experiments/_loose/ps2_korean/codec_gcx/00830_00bd2a40.gcx,FILE,OK,
analysis/ps2_korean/codec_gcx/00831_00bd52e0.gcx,experiments/_loose/ps2_korean/codec_gcx/00831_00bd52e0.gcx,FILE,OK,
analysis/ps2_korean/codec_gcx/00832_00bd6240.gcx,experiments/_loose/ps2_korean/codec_gcx/00832_00bd6240.gcx,FILE,OK,
analysis/ps2_korean/codec_gcx/00833_00bd77c0.gcx,experiments/_loose/ps2_korean/codec_gcx/00833_00bd77c0.gcx,FILE,OK,
analysis/ps2_korean/codec_gcx/00834_00bd8a70.gcx,experiments/_loose/ps2_korean/codec_gcx/00834_00bd8a70.gcx,FILE,OK,
analysis/ps2_korean/codec_gcx/00835_00bd9eb0.gcx,experiments/_loose/ps2_korean/codec_gcx/00835_00bd9eb0.gcx,FILE,OK,
analysis/ps2_korean/codec_gcx/00836_00bdbed0.gcx,experiments/_loose/ps2_korean/codec_gcx/00836_00bdbed0.gcx,FILE,OK,
analysis/ps2_korean/codec_gcx/00837_00bdd520.gcx,experiments/_loose/ps2_korean/codec_gcx/00837_00bdd520.gcx,FILE,OK,
analysis/ps2_korean/codec_gcx/00838_00bdef30.gcx,experiments/_loose/ps2_korean/codec_gcx/00838_00bdef30.gcx,FILE,OK,
analysis/ps2_korean/codec_gcx/00839_00be0670.gcx,experiments/_loose/ps2_korean/codec_gcx/00839_00be0670.gcx,FILE,OK,
analysis/ps2_korean/codec_gcx/00840_00be1ee0.gcx,experiments/_loose/ps2_korean/codec_gcx/00840_00be1ee0.gcx,FILE,OK,
analysis/ps2_korean/codec_gcx/00841_00be3b30.gcx,experiments/_loose/ps2_korean/codec_gcx/00841_00be3b30.gcx,FILE,OK,
analysis/ps2_korean/codec_gcx/00842_00be58b0.gcx,experiments/_loose/ps2_korean/codec_gcx/00842_00be58b0.gcx,FILE,OK,
analysis/ps2_korean/codec_gcx/00843_00be6f40.gcx,experiments/_loose/ps2_korean/codec_gcx/00843_00be6f40.gcx,FILE,OK,
analysis/ps2_korean/codec_gcx/00844_00be94d0.gcx,experiments/_loose/ps2_korean/codec_gcx/00844_00be94d0.gcx,FILE,OK,
analysis/ps2_korean/codec_gcx/00845_00beac10.gcx,experiments/_loose/ps2_korean/codec_gcx/00845_00beac10.gcx,FILE,OK,
analysis/ps2_korean/codec_gcx/00846_00becf50.gcx,experiments/_loose/ps2_korean/codec_gcx/00846_00becf50.gcx,FILE,OK,
analysis/ps2_korean/codec_gcx/00847_00bee2e0.gcx,experiments/_loose/ps2_korean/codec_gcx/00847_00bee2e0.gcx,FILE,OK,
analysis/ps2_korean/codec_gcx/00848_00bef580.gcx,experiments/_loose/ps2_korean/codec_gcx/00848_00bef580.gcx,FILE,OK,
analysis/ps2_korean/codec_gcx/00849_00bf0890.gcx,experiments/_loose/ps2_korean/codec_gcx/00849_00bf0890.gcx,FILE,OK,
analysis/ps2_korean/codec_gcx/00850_00bf1cf0.gcx,experiments/_loose/ps2_korean/codec_gcx/00850_00bf1cf0.gcx,FILE,OK,
analysis/ps2_korean/codec_gcx/00851_00bf31f0.gcx,experiments/_loose/ps2_korean/codec_gcx/00851_00bf31f0.gcx,FILE,OK,
analysis/ps2_korean/codec_gcx/00852_00bf4b90.gcx,experiments/_loose/ps2_korean/codec_gcx/00852_00bf4b90.gcx,FILE,OK,
analysis/ps2_korean/codec_gcx/00853_00bf6240.gcx,experiments/_loose/ps2_korean/codec_gcx/00853_00bf6240.gcx,FILE,OK,
analysis/ps2_korean/codec_gcx/00854_00bf7fb0.gcx,experiments/_loose/ps2_korean/codec_gcx/00854_00bf7fb0.gcx,FILE,OK,
analysis/ps2_korean/codec_gcx/00855_00bf9c50.gcx,experiments/_loose/ps2_korean/codec_gcx/00855_00bf9c50.gcx,FILE,OK,
analysis/ps2_korean/codec_gcx/00856_00bfb020.gcx,experiments/_loose/ps2_korean/codec_gcx/00856_00bfb020.gcx,FILE,OK,
analysis/ps2_korean/codec_gcx/00857_00bfc0b0.gcx,experiments/_loose/ps2_korean/codec_gcx/00857_00bfc0b0.gcx,FILE,OK,
analysis/ps2_korean/codec_gcx/00858_00bfd180.gcx,experiments/_loose/ps2_korean/codec_gcx/00858_00bfd180.gcx,FILE,OK,
analysis/ps2_korean/codec_gcx/00859_00bfed70.gcx,experiments/_loose/ps2_korean/codec_gcx/00859_00bfed70.gcx,FILE,OK,
analysis/ps2_korean/codec_gcx/00860_00c00a30.gcx,experiments/_loose/ps2_korean/codec_gcx/00860_00c00a30.gcx,FILE,OK,
analysis/ps2_korean/codec_gcx/00861_00c01dd0.gcx,experiments/_loose/ps2_korean/codec_gcx/00861_00c01dd0.gcx,FILE,OK,
analysis/ps2_korean/codec_gcx/00862_00c03210.gcx,experiments/_loose/ps2_korean/codec_gcx/00862_00c03210.gcx,FILE,OK,
analysis/ps2_korean/codec_gcx/00863_00c04970.gcx,experiments/_loose/ps2_korean/codec_gcx/00863_00c04970.gcx,FILE,OK,
analysis/ps2_korean/codec_gcx/00864_00c06050.gcx,experiments/_loose/ps2_korean/codec_gcx/00864_00c06050.gcx,FILE,OK,
analysis/ps2_korean/codec_gcx/00865_00c08da0.gcx,experiments/_loose/ps2_korean/codec_gcx/00865_00c08da0.gcx,FILE,OK,
analysis/ps2_korean/codec_gcx/00866_00c0a150.gcx,experiments/_loose/ps2_korean/codec_gcx/00866_00c0a150.gcx,FILE,OK,
analysis/ps2_korean/codec_gcx/00867_00c0c540.gcx,experiments/_loose/ps2_korean/codec_gcx/00867_00c0c540.gcx,FILE,OK,
analysis/ps2_korean/codec_gcx/00868_00c0da50.gcx,experiments/_loose/ps2_korean/codec_gcx/00868_00c0da50.gcx,FILE,OK,
analysis/ps2_korean/codec_gcx/00869_00c0eaf0.gcx,experiments/_loose/ps2_korean/codec_gcx/00869_00c0eaf0.gcx,FILE,OK,
analysis/ps2_korean/codec_gcx/00870_00c10570.gcx,experiments/_loose/ps2_korean/codec_gcx/00870_00c10570.gcx,FILE,OK,
analysis/ps2_korean/codec_gcx/00871_00c119b0.gcx,experiments/_loose/ps2_korean/codec_gcx/00871_00c119b0.gcx,FILE,OK,
analysis/ps2_korean/codec_gcx/00872_00c12e20.gcx,experiments/_loose/ps2_korean/codec_gcx/00872_00c12e20.gcx,FILE,OK,
analysis/ps2_korean/codec_gcx/00873_00c14150.gcx,experiments/_loose/ps2_korean/codec_gcx/00873_00c14150.gcx,FILE,OK,
analysis/ps2_korean/codec_gcx/00874_00c153f0.gcx,experiments/_loose/ps2_korean/codec_gcx/00874_00c153f0.gcx,FILE,OK,
analysis/ps2_korean/codec_gcx/00875_00c167b0.gcx,experiments/_loose/ps2_korean/codec_gcx/00875_00c167b0.gcx,FILE,OK,
analysis/ps2_korean/codec_gcx/00876_00c179c0.gcx,experiments/_loose/ps2_korean/codec_gcx/00876_00c179c0.gcx,FILE,OK,
analysis/ps2_korean/codec_gcx/00877_00c18df0.gcx,experiments/_loose/ps2_korean/codec_gcx/00877_00c18df0.gcx,FILE,OK,
analysis/ps2_korean/codec_gcx/00878_00c1a210.gcx,experiments/_loose/ps2_korean/codec_gcx/00878_00c1a210.gcx,FILE,OK,
analysis/ps2_korean/codec_gcx/00879_00c1b5b0.gcx,experiments/_loose/ps2_korean/codec_gcx/00879_00c1b5b0.gcx,FILE,OK,
analysis/ps2_korean/codec_gcx/00880_00c1cc40.gcx,experiments/_loose/ps2_korean/codec_gcx/00880_00c1cc40.gcx,FILE,OK,
analysis/ps2_korean/codec_gcx/00881_00c1dfa0.gcx,experiments/_loose/ps2_korean/codec_gcx/00881_00c1dfa0.gcx,FILE,OK,
analysis/ps2_korean/codec_gcx/00882_00c1fb60.gcx,experiments/_loose/ps2_korean/codec_gcx/00882_00c1fb60.gcx,FILE,OK,
analysis/ps2_korean/codec_gcx/00883_00c210b0.gcx,experiments/_loose/ps2_korean/codec_gcx/00883_00c210b0.gcx,FILE,OK,
analysis/ps2_korean/codec_gcx/00884_00c22270.gcx,experiments/_loose/ps2_korean/codec_gcx/00884_00c22270.gcx,FILE,OK,
analysis/ps2_korean/codec_gcx/00885_00c23870.gcx,experiments/_loose/ps2_korean/codec_gcx/00885_00c23870.gcx,FILE,OK,
analysis/ps2_korean/codec_gcx/00886_00c24920.gcx,experiments/_loose/ps2_korean/codec_gcx/00886_00c24920.gcx,FILE,OK,
analysis/ps2_korean/codec_gcx/00887_00c264a0.gcx,experiments/_loose/ps2_korean/codec_gcx/00887_00c264a0.gcx,FILE,OK,
analysis/ps2_korean/codec_gcx/00888_00c27e30.gcx,experiments/_loose/ps2_korean/codec_gcx/00888_00c27e30.gcx,FILE,OK,
analysis/ps2_korean/codec_gcx/00889_00c29790.gcx,experiments/_loose/ps2_korean/codec_gcx/00889_00c29790.gcx,FILE,OK,
analysis/ps2_korean/codec_gcx/00890_00c2a8b0.gcx,experiments/_loose/ps2_korean/codec_gcx/00890_00c2a8b0.gcx,FILE,OK,
analysis/ps2_korean/codec_gcx/00891_00c2b6d0.gcx,experiments/_loose/ps2_korean/codec_gcx/00891_00c2b6d0.gcx,FILE,OK,
analysis/ps2_korean/codec_gcx/00892_00c2d3c0.gcx,experiments/_loose/ps2_korean/codec_gcx/00892_00c2d3c0.gcx,FILE,OK,
analysis/ps2_korean/codec_gcx/00893_00c2e4f0.gcx,experiments/_loose/ps2_korean/codec_gcx/00893_00c2e4f0.gcx,FILE,OK,
analysis/ps2_korean/codec_gcx/00894_00c2f770.gcx,experiments/_loose/ps2_korean/codec_gcx/00894_00c2f770.gcx,FILE,OK,
analysis/ps2_korean/codec_gcx/00895_00c30ce0.gcx,experiments/_loose/ps2_korean/codec_gcx/00895_00c30ce0.gcx,FILE,OK,
analysis/ps2_korean/codec_gcx/00896_00c31fd0.gcx,experiments/_loose/ps2_korean/codec_gcx/00896_00c31fd0.gcx,FILE,OK,
analysis/ps2_korean/codec_gcx/00897_00c33940.gcx,experiments/_loose/ps2_korean/codec_gcx/00897_00c33940.gcx,FILE,OK,
analysis/ps2_korean/codec_gcx/00898_00c34d50.gcx,experiments/_loose/ps2_korean/codec_gcx/00898_00c34d50.gcx,FILE,OK,
analysis/ps2_korean/codec_gcx/00899_00c36070.gcx,experiments/_loose/ps2_korean/codec_gcx/00899_00c36070.gcx,FILE,OK,
analysis/ps2_korean/codec_gcx/00900_00c37110.gcx,experiments/_loose/ps2_korean/codec_gcx/00900_00c37110.gcx,FILE,OK,
analysis/ps2_korean/codec_gcx/00901_00c38410.gcx,experiments/_loose/ps2_korean/codec_gcx/00901_00c38410.gcx,FILE,OK,
analysis/ps2_korean/codec_gcx/00902_00c39ab0.gcx,experiments/_loose/ps2_korean/codec_gcx/00902_00c39ab0.gcx,FILE,OK,
analysis/ps2_korean/codec_gcx/00903_00c3af80.gcx,experiments/_loose/ps2_korean/codec_gcx/00903_00c3af80.gcx,FILE,OK,
analysis/ps2_korean/codec_gcx/00904_00c3c450.gcx,experiments/_loose/ps2_korean/codec_gcx/00904_00c3c450.gcx,FILE,OK,
analysis/ps2_korean/codec_gcx/00905_00c3da90.gcx,experiments/_loose/ps2_korean/codec_gcx/00905_00c3da90.gcx,FILE,OK,
analysis/ps2_korean/codec_gcx/00906_00c3eed0.gcx,experiments/_loose/ps2_korean/codec_gcx/00906_00c3eed0.gcx,FILE,OK,
analysis/ps2_korean/codec_gcx/00907_00c40160.gcx,experiments/_loose/ps2_korean/codec_gcx/00907_00c40160.gcx,FILE,OK,
analysis/ps2_korean/codec_gcx/00908_00c417e0.gcx,experiments/_loose/ps2_korean/codec_gcx/00908_00c417e0.gcx,FILE,OK,
analysis/ps2_korean/codec_gcx/00909_00c43c60.gcx,experiments/_loose/ps2_korean/codec_gcx/00909_00c43c60.gcx,FILE,OK,
analysis/ps2_korean/codec_gcx/00910_00c45130.gcx,experiments/_loose/ps2_korean/codec_gcx/00910_00c45130.gcx,FILE,OK,
analysis/ps2_korean/codec_gcx/00911_00c47cb0.gcx,experiments/_loose/ps2_korean/codec_gcx/00911_00c47cb0.gcx,FILE,OK,
analysis/ps2_korean/codec_gcx/00912_00c49160.gcx,experiments/_loose/ps2_korean/codec_gcx/00912_00c49160.gcx,FILE,OK,
analysis/ps2_korean/codec_gcx/00913_00c4a5a0.gcx,experiments/_loose/ps2_korean/codec_gcx/00913_00c4a5a0.gcx,FILE,OK,
analysis/ps2_korean/codec_gcx/00914_00c4c040.gcx,experiments/_loose/ps2_korean/codec_gcx/00914_00c4c040.gcx,FILE,OK,
analysis/ps2_korean/codec_gcx/00915_00c4da70.gcx,experiments/_loose/ps2_korean/codec_gcx/00915_00c4da70.gcx,FILE,OK,
analysis/ps2_korean/codec_gcx/00916_00c4ee10.gcx,experiments/_loose/ps2_korean/codec_gcx/00916_00c4ee10.gcx,FILE,OK,
analysis/ps2_korean/codec_gcx/00917_00c50060.gcx,experiments/_loose/ps2_korean/codec_gcx/00917_00c50060.gcx,FILE,OK,
analysis/ps2_korean/codec_gcx/00918_00c51340.gcx,experiments/_loose/ps2_korean/codec_gcx/00918_00c51340.gcx,FILE,OK,
analysis/ps2_korean/codec_gcx/00919_00c54180.gcx,experiments/_loose/ps2_korean/codec_gcx/00919_00c54180.gcx,FILE,OK,
analysis/ps2_korean/codec_gcx/00920_00c55bc0.gcx,experiments/_loose/ps2_korean/codec_gcx/00920_00c55bc0.gcx,FILE,OK,
analysis/ps2_korean/codec_gcx/00921_00c57520.gcx,experiments/_loose/ps2_korean/codec_gcx/00921_00c57520.gcx,FILE,OK,
analysis/ps2_korean/codec_gcx/00922_00c59170.gcx,experiments/_loose/ps2_korean/codec_gcx/00922_00c59170.gcx,FILE,OK,
analysis/ps2_korean/codec_gcx/00923_00c5a6e0.gcx,experiments/_loose/ps2_korean/codec_gcx/00923_00c5a6e0.gcx,FILE,OK,
analysis/ps2_korean/codec_gcx/00924_00c5d490.gcx,experiments/_loose/ps2_korean/codec_gcx/00924_00c5d490.gcx,FILE,OK,
analysis/ps2_korean/codec_gcx/00925_00c5f8d0.gcx,experiments/_loose/ps2_korean/codec_gcx/00925_00c5f8d0.gcx,FILE,OK,
analysis/ps2_korean/codec_gcx/00926_00c60bb0.gcx,experiments/_loose/ps2_korean/codec_gcx/00926_00c60bb0.gcx,FILE,OK,
analysis/ps2_korean/codec_gcx/00927_00c621b0.gcx,experiments/_loose/ps2_korean/codec_gcx/00927_00c621b0.gcx,FILE,OK,
analysis/ps2_korean/codec_gcx/00928_00c637a0.gcx,experiments/_loose/ps2_korean/codec_gcx/00928_00c637a0.gcx,FILE,OK,
analysis/ps2_korean/codec_gcx/00929_00c64b60.gcx,experiments/_loose/ps2_korean/codec_gcx/00929_00c64b60.gcx,FILE,OK,
analysis/ps2_korean/codec_gcx/00930_00c65e70.gcx,experiments/_loose/ps2_korean/codec_gcx/00930_00c65e70.gcx,FILE,OK,
analysis/ps2_korean/codec_gcx/00931_00c672b0.gcx,experiments/_loose/ps2_korean/codec_gcx/00931_00c672b0.gcx,FILE,OK,
analysis/ps2_korean/codec_gcx/00932_00c689b0.gcx,experiments/_loose/ps2_korean/codec_gcx/00932_00c689b0.gcx,FILE,OK,
analysis/ps2_korean/codec_gcx/00933_00c6a100.gcx,experiments/_loose/ps2_korean/codec_gcx/00933_00c6a100.gcx,FILE,OK,
analysis/ps2_korean/codec_gcx/00934_00c6b540.gcx,experiments/_loose/ps2_korean/codec_gcx/00934_00c6b540.gcx,FILE,OK,
analysis/ps2_korean/codec_gcx/00935_00c6ce40.gcx,experiments/_loose/ps2_korean/codec_gcx/00935_00c6ce40.gcx,FILE,OK,
analysis/ps2_korean/codec_gcx/00936_00c6e090.gcx,experiments/_loose/ps2_korean/codec_gcx/00936_00c6e090.gcx,FILE,OK,
analysis/ps2_korean/codec_gcx/00937_00c6f910.gcx,experiments/_loose/ps2_korean/codec_gcx/00937_00c6f910.gcx,FILE,OK,
analysis/ps2_korean/codec_gcx/00938_00c71c10.gcx,experiments/_loose/ps2_korean/codec_gcx/00938_00c71c10.gcx,FILE,OK,
analysis/ps2_korean/codec_gcx/00939_00c73360.gcx,experiments/_loose/ps2_korean/codec_gcx/00939_00c73360.gcx,FILE,OK,
analysis/ps2_korean/codec_gcx/00940_00c74820.gcx,experiments/_loose/ps2_korean/codec_gcx/00940_00c74820.gcx,FILE,OK,
analysis/ps2_korean/codec_gcx/00941_00c75b20.gcx,experiments/_loose/ps2_korean/codec_gcx/00941_00c75b20.gcx,FILE,OK,
analysis/ps2_korean/codec_gcx/00942_00c76c40.gcx,experiments/_loose/ps2_korean/codec_gcx/00942_00c76c40.gcx,FILE,OK,
analysis/ps2_korean/codec_gcx/00943_00c785b0.gcx,experiments/_loose/ps2_korean/codec_gcx/00943_00c785b0.gcx,FILE,OK,
analysis/ps2_korean/codec_gcx/00944_00c79bc0.gcx,experiments/_loose/ps2_korean/codec_gcx/00944_00c79bc0.gcx,FILE,OK,
analysis/ps2_korean/codec_gcx/00945_00c7b020.gcx,experiments/_loose/ps2_korean/codec_gcx/00945_00c7b020.gcx,FILE,OK,
analysis/ps2_korean/codec_gcx/00946_00c7c640.gcx,experiments/_loose/ps2_korean/codec_gcx/00946_00c7c640.gcx,FILE,OK,
analysis/ps2_korean/codec_gcx/00947_00c7dd20.gcx,experiments/_loose/ps2_korean/codec_gcx/00947_00c7dd20.gcx,FILE,OK,
analysis/ps2_korean/codec_gcx/00948_00c7f0b0.gcx,experiments/_loose/ps2_korean/codec_gcx/00948_00c7f0b0.gcx,FILE,OK,
analysis/ps2_korean/codec_gcx/00949_00c80880.gcx,experiments/_loose/ps2_korean/codec_gcx/00949_00c80880.gcx,FILE,OK,
analysis/ps2_korean/codec_gcx/00950_00c81ba0.gcx,experiments/_loose/ps2_korean/codec_gcx/00950_00c81ba0.gcx,FILE,OK,
analysis/ps2_korean/codec_gcx/00951_00c83100.gcx,experiments/_loose/ps2_korean/codec_gcx/00951_00c83100.gcx,FILE,OK,
analysis/ps2_korean/codec_gcx/00952_00c84780.gcx,experiments/_loose/ps2_korean/codec_gcx/00952_00c84780.gcx,FILE,OK,
analysis/ps2_korean/codec_gcx/00953_00c85a10.gcx,experiments/_loose/ps2_korean/codec_gcx/00953_00c85a10.gcx,FILE,OK,
analysis/ps2_korean/codec_gcx/00954_00c86bd0.gcx,experiments/_loose/ps2_korean/codec_gcx/00954_00c86bd0.gcx,FILE,OK,
analysis/ps2_korean/codec_gcx/00955_00c87c60.gcx,experiments/_loose/ps2_korean/codec_gcx/00955_00c87c60.gcx,FILE,OK,
analysis/ps2_korean/codec_gcx/00956_00c88e20.gcx,experiments/_loose/ps2_korean/codec_gcx/00956_00c88e20.gcx,FILE,OK,
analysis/ps2_korean/codec_gcx/00957_00c8a080.gcx,experiments/_loose/ps2_korean/codec_gcx/00957_00c8a080.gcx,FILE,OK,
analysis/ps2_korean/codec_gcx/00958_00c8b640.gcx,experiments/_loose/ps2_korean/codec_gcx/00958_00c8b640.gcx,FILE,OK,
analysis/ps2_korean/codec_gcx/00959_00c8c9e0.gcx,experiments/_loose/ps2_korean/codec_gcx/00959_00c8c9e0.gcx,FILE,OK,
analysis/ps2_korean/codec_gcx/00960_00c8db20.gcx,experiments/_loose/ps2_korean/codec_gcx/00960_00c8db20.gcx,FILE,OK,
analysis/ps2_korean/codec_gcx/00961_00c8ec60.gcx,experiments/_loose/ps2_korean/codec_gcx/00961_00c8ec60.gcx,FILE,OK,
analysis/ps2_korean/codec_gcx/00962_00c90830.gcx,experiments/_loose/ps2_korean/codec_gcx/00962_00c90830.gcx,FILE,OK,
analysis/ps2_korean/codec_gcx/00963_00c91700.gcx,experiments/_loose/ps2_korean/codec_gcx/00963_00c91700.gcx,FILE,OK,
analysis/ps2_korean/codec_gcx/00964_00c92ab0.gcx,experiments/_loose/ps2_korean/codec_gcx/00964_00c92ab0.gcx,FILE,OK,
analysis/ps2_korean/codec_gcx/00965_00c93da0.gcx,experiments/_loose/ps2_korean/codec_gcx/00965_00c93da0.gcx,FILE,OK,
analysis/ps2_korean/codec_gcx/00966_00c95130.gcx,experiments/_loose/ps2_korean/codec_gcx/00966_00c95130.gcx,FILE,OK,
analysis/ps2_korean/codec_gcx/00967_00c972f0.gcx,experiments/_loose/ps2_korean/codec_gcx/00967_00c972f0.gcx,FILE,OK,
analysis/ps2_korean/codec_gcx/00968_00c98360.gcx,experiments/_loose/ps2_korean/codec_gcx/00968_00c98360.gcx,FILE,OK,
analysis/ps2_korean/codec_gcx/00969_00c99830.gcx,experiments/_loose/ps2_korean/codec_gcx/00969_00c99830.gcx,FILE,OK,
analysis/ps2_korean/codec_gcx/00970_00c9b140.gcx,experiments/_loose/ps2_korean/codec_gcx/00970_00c9b140.gcx,FILE,OK,
analysis/ps2_korean/codec_gcx/00971_00c9c610.gcx,experiments/_loose/ps2_korean/codec_gcx/00971_00c9c610.gcx,FILE,OK,
analysis/ps2_korean/codec_gcx/00972_00c9d9b0.gcx,experiments/_loose/ps2_korean/codec_gcx/00972_00c9d9b0.gcx,FILE,OK,
analysis/ps2_korean/codec_gcx/00973_00c9eb70.gcx,experiments/_loose/ps2_korean/codec_gcx/00973_00c9eb70.gcx,FILE,OK,
analysis/ps2_korean/codec_gcx/00974_00ca0100.gcx,experiments/_loose/ps2_korean/codec_gcx/00974_00ca0100.gcx,FILE,OK,
analysis/ps2_korean/codec_gcx/00975_00ca1510.gcx,experiments/_loose/ps2_korean/codec_gcx/00975_00ca1510.gcx,FILE,OK,
analysis/ps2_korean/codec_gcx/00976_00ca2630.gcx,experiments/_loose/ps2_korean/codec_gcx/00976_00ca2630.gcx,FILE,OK,
analysis/ps2_korean/codec_gcx/00977_00ca37e0.gcx,experiments/_loose/ps2_korean/codec_gcx/00977_00ca37e0.gcx,FILE,OK,
analysis/ps2_korean/codec_gcx/00978_00ca4ff0.gcx,experiments/_loose/ps2_korean/codec_gcx/00978_00ca4ff0.gcx,FILE,OK,
analysis/ps2_korean/codec_gcx/00979_00ca6b10.gcx,experiments/_loose/ps2_korean/codec_gcx/00979_00ca6b10.gcx,FILE,OK,
analysis/ps2_korean/codec_gcx/00980_00ca81c0.gcx,experiments/_loose/ps2_korean/codec_gcx/00980_00ca81c0.gcx,FILE,OK,
analysis/ps2_korean/codec_gcx/00981_00ca9300.gcx,experiments/_loose/ps2_korean/codec_gcx/00981_00ca9300.gcx,FILE,OK,
analysis/ps2_korean/codec_gcx/00982_00caa670.gcx,experiments/_loose/ps2_korean/codec_gcx/00982_00caa670.gcx,FILE,OK,
analysis/ps2_korean/codec_gcx/00983_00cab8c0.gcx,experiments/_loose/ps2_korean/codec_gcx/00983_00cab8c0.gcx,FILE,OK,
analysis/ps2_korean/codec_gcx/00984_00cacb10.gcx,experiments/_loose/ps2_korean/codec_gcx/00984_00cacb10.gcx,FILE,OK,
analysis/ps2_korean/codec_gcx/00985_00cae1c0.gcx,experiments/_loose/ps2_korean/codec_gcx/00985_00cae1c0.gcx,FILE,OK,
analysis/ps2_korean/codec_gcx/00986_00caf680.gcx,experiments/_loose/ps2_korean/codec_gcx/00986_00caf680.gcx,FILE,OK,
analysis/ps2_korean/codec_gcx/00987_00cb0880.gcx,experiments/_loose/ps2_korean/codec_gcx/00987_00cb0880.gcx,FILE,OK,
analysis/ps2_korean/codec_gcx/00988_00cb2240.gcx,experiments/_loose/ps2_korean/codec_gcx/00988_00cb2240.gcx,FILE,OK,
analysis/ps2_korean/codec_gcx/00989_00cb35f0.gcx,experiments/_loose/ps2_korean/codec_gcx/00989_00cb35f0.gcx,FILE,OK,
analysis/ps2_korean/codec_gcx/00990_00cb4990.gcx,experiments/_loose/ps2_korean/codec_gcx/00990_00cb4990.gcx,FILE,OK,
analysis/ps2_korean/codec_gcx/00991_00cb6230.gcx,experiments/_loose/ps2_korean/codec_gcx/00991_00cb6230.gcx,FILE,OK,
analysis/ps2_korean/codec_gcx/00992_00cb7560.gcx,experiments/_loose/ps2_korean/codec_gcx/00992_00cb7560.gcx,FILE,OK,
analysis/ps2_korean/codec_gcx/00993_00cb8e20.gcx,experiments/_loose/ps2_korean/codec_gcx/00993_00cb8e20.gcx,FILE,OK,
analysis/ps2_korean/codec_gcx/00994_00cba490.gcx,experiments/_loose/ps2_korean/codec_gcx/00994_00cba490.gcx,FILE,OK,
analysis/ps2_korean/codec_gcx/00995_00cbb6f0.gcx,experiments/_loose/ps2_korean/codec_gcx/00995_00cbb6f0.gcx,FILE,OK,
analysis/ps2_korean/codec_gcx/00996_00cbca90.gcx,experiments/_loose/ps2_korean/codec_gcx/00996_00cbca90.gcx,FILE,OK,
analysis/ps2_korean/codec_gcx/00997_00cbdda0.gcx,experiments/_loose/ps2_korean/codec_gcx/00997_00cbdda0.gcx,FILE,OK,
analysis/ps2_korean/codec_gcx/00998_00cbee30.gcx,experiments/_loose/ps2_korean/codec_gcx/00998_00cbee30.gcx,FILE,OK,
analysis/ps2_korean/codec_gcx/00999_00cbff50.gcx,experiments/_loose/ps2_korean/codec_gcx/00999_00cbff50.gcx,FILE,OK,
analysis/ps2_korean/codec_gcx/01000_00cc1140.gcx,experiments/_loose/ps2_korean/codec_gcx/01000_00cc1140.gcx,FILE,OK,
analysis/ps2_korean/codec_gcx/01001_00cc27f0.gcx,experiments/_loose/ps2_korean/codec_gcx/01001_00cc27f0.gcx,FILE,OK,
analysis/ps2_korean/codec_gcx/01002_00cc4020.gcx,experiments/_loose/ps2_korean/codec_gcx/01002_00cc4020.gcx,FILE,OK,
analysis/ps2_korean/codec_gcx/01003_00cc5db0.gcx,experiments/_loose/ps2_korean/codec_gcx/01003_00cc5db0.gcx,FILE,OK,
analysis/ps2_korean/codec_gcx/01004_00cc74c0.gcx,experiments/_loose/ps2_korean/codec_gcx/01004_00cc74c0.gcx,FILE,OK,
analysis/ps2_korean/codec_gcx/01005_00cc8ed0.gcx,experiments/_loose/ps2_korean/codec_gcx/01005_00cc8ed0.gcx,FILE,OK,
analysis/ps2_korean/codec_gcx/01006_00cca440.gcx,experiments/_loose/ps2_korean/codec_gcx/01006_00cca440.gcx,FILE,OK,
analysis/ps2_korean/codec_gcx/01007_00ccb870.gcx,experiments/_loose/ps2_korean/codec_gcx/01007_00ccb870.gcx,FILE,OK,
analysis/ps2_korean/codec_gcx/01008_00cccad0.gcx,experiments/_loose/ps2_korean/codec_gcx/01008_00cccad0.gcx,FILE,OK,
analysis/ps2_korean/codec_gcx/01009_00cce820.gcx,experiments/_loose/ps2_korean/codec_gcx/01009_00cce820.gcx,FILE,OK,
analysis/ps2_korean/codec_gcx/01010_00ccffc0.gcx,experiments/_loose/ps2_korean/codec_gcx/01010_00ccffc0.gcx,FILE,OK,
analysis/ps2_korean/codec_gcx/01011_00cd15b0.gcx,experiments/_loose/ps2_korean/codec_gcx/01011_00cd15b0.gcx,FILE,OK,
analysis/ps2_korean/codec_gcx/01012_00cd27f0.gcx,experiments/_loose/ps2_korean/codec_gcx/01012_00cd27f0.gcx,FILE,OK,
analysis/ps2_korean/codec_gcx/01013_00cd3cc0.gcx,experiments/_loose/ps2_korean/codec_gcx/01013_00cd3cc0.gcx,FILE,OK,
analysis/ps2_korean/codec_gcx/01014_00cd4e80.gcx,experiments/_loose/ps2_korean/codec_gcx/01014_00cd4e80.gcx,FILE,OK,
analysis/ps2_korean/codec_gcx/01015_00cd60d0.gcx,experiments/_loose/ps2_korean/codec_gcx/01015_00cd60d0.gcx,FILE,OK,
analysis/ps2_korean/codec_gcx/01016_00cd74f0.gcx,experiments/_loose/ps2_korean/codec_gcx/01016_00cd74f0.gcx,FILE,OK,
analysis/ps2_korean/codec_gcx/01017_00cd8c10.gcx,experiments/_loose/ps2_korean/codec_gcx/01017_00cd8c10.gcx,FILE,OK,
analysis/ps2_korean/codec_gcx/01018_00cda490.gcx,experiments/_loose/ps2_korean/codec_gcx/01018_00cda490.gcx,FILE,OK,
analysis/ps2_korean/codec_gcx/01019_00cdb970.gcx,experiments/_loose/ps2_korean/codec_gcx/01019_00cdb970.gcx,FILE,OK,
analysis/ps2_korean/codec_gcx/01020_00cdd430.gcx,experiments/_loose/ps2_korean/codec_gcx/01020_00cdd430.gcx,FILE,OK,
analysis/ps2_korean/codec_gcx/01021_00cdec20.gcx,experiments/_loose/ps2_korean/codec_gcx/01021_00cdec20.gcx,FILE,OK,
analysis/ps2_korean/codec_gcx/01022_00ce0280.gcx,experiments/_loose/ps2_korean/codec_gcx/01022_00ce0280.gcx,FILE,OK,
analysis/ps2_korean/codec_gcx/01023_00ce1610.gcx,experiments/_loose/ps2_korean/codec_gcx/01023_00ce1610.gcx,FILE,OK,
analysis/ps2_korean/codec_gcx/01024_00ce29b0.gcx,experiments/_loose/ps2_korean/codec_gcx/01024_00ce29b0.gcx,FILE,OK,
analysis/ps2_korean/codec_gcx/01025_00ce3c20.gcx,experiments/_loose/ps2_korean/codec_gcx/01025_00ce3c20.gcx,FILE,OK,
analysis/ps2_korean/codec_gcx/01026_00ce4f20.gcx,experiments/_loose/ps2_korean/codec_gcx/01026_00ce4f20.gcx,FILE,OK,
analysis/ps2_korean/codec_gcx/01027_00ce62b0.gcx,experiments/_loose/ps2_korean/codec_gcx/01027_00ce62b0.gcx,FILE,OK,
analysis/ps2_korean/codec_gcx/01028_00ce76f0.gcx,experiments/_loose/ps2_korean/codec_gcx/01028_00ce76f0.gcx,FILE,OK,
analysis/ps2_korean/codec_gcx/01029_00ce8bd0.gcx,experiments/_loose/ps2_korean/codec_gcx/01029_00ce8bd0.gcx,FILE,OK,
analysis/ps2_korean/codec_gcx/01030_00cea1b0.gcx,experiments/_loose/ps2_korean/codec_gcx/01030_00cea1b0.gcx,FILE,OK,
analysis/ps2_korean/codec_gcx/01031_00ceb4a0.gcx,experiments/_loose/ps2_korean/codec_gcx/01031_00ceb4a0.gcx,FILE,OK,
analysis/ps2_korean/codec_gcx/01032_00cec8b0.gcx,experiments/_loose/ps2_korean/codec_gcx/01032_00cec8b0.gcx,FILE,OK,
analysis/ps2_korean/codec_gcx/01033_00cedcc0.gcx,experiments/_loose/ps2_korean/codec_gcx/01033_00cedcc0.gcx,FILE,OK,
analysis/ps2_korean/codec_gcx/01034_00ceedf0.gcx,experiments/_loose/ps2_korean/codec_gcx/01034_00ceedf0.gcx,FILE,OK,
analysis/ps2_korean/codec_gcx/01035_00ceff30.gcx,experiments/_loose/ps2_korean/codec_gcx/01035_00ceff30.gcx,FILE,OK,
analysis/ps2_korean/codec_gcx/01036_00cf13f0.gcx,experiments/_loose/ps2_korean/codec_gcx/01036_00cf13f0.gcx,FILE,OK,
analysis/ps2_korean/codec_gcx/01037_00cf25d0.gcx,experiments/_loose/ps2_korean/codec_gcx/01037_00cf25d0.gcx,FILE,OK,
analysis/ps2_korean/codec_gcx/01038_00cf3c50.gcx,experiments/_loose/ps2_korean/codec_gcx/01038_00cf3c50.gcx,FILE,OK,
analysis/ps2_korean/codec_gcx/01039_00cf4f50.gcx,experiments/_loose/ps2_korean/codec_gcx/01039_00cf4f50.gcx,FILE,OK,
analysis/ps2_korean/codec_gcx/01040_00cf63c0.gcx,experiments/_loose/ps2_korean/codec_gcx/01040_00cf63c0.gcx,FILE,OK,
analysis/ps2_korean/codec_gcx/01041_00cf7610.gcx,experiments/_loose/ps2_korean/codec_gcx/01041_00cf7610.gcx,FILE,OK,
analysis/ps2_korean/codec_gcx/01042_00cf87d0.gcx,experiments/_loose/ps2_korean/codec_gcx/01042_00cf87d0.gcx,FILE,OK,
analysis/ps2_korean/codec_gcx/01043_00cf9ac0.gcx,experiments/_loose/ps2_korean/codec_gcx/01043_00cf9ac0.gcx,FILE,OK,
analysis/ps2_korean/codec_gcx/01044_00cfad40.gcx,experiments/_loose/ps2_korean/codec_gcx/01044_00cfad40.gcx,FILE,OK,
analysis/ps2_korean/codec_gcx/01045_00cfc040.gcx,experiments/_loose/ps2_korean/codec_gcx/01045_00cfc040.gcx,FILE,OK,
analysis/ps2_korean/codec_gcx/01046_00cfd0d0.gcx,experiments/_loose/ps2_korean/codec_gcx/01046_00cfd0d0.gcx,FILE,OK,
analysis/ps2_korean/codec_gcx/01047_00cfe350.gcx,experiments/_loose/ps2_korean/codec_gcx/01047_00cfe350.gcx,FILE,OK,
analysis/ps2_korean/codec_gcx/01048_00cff780.gcx,experiments/_loose/ps2_korean/codec_gcx/01048_00cff780.gcx,FILE,OK,
analysis/ps2_korean/codec_gcx/01049_00d00940.gcx,experiments/_loose/ps2_korean/codec_gcx/01049_00d00940.gcx,FILE,OK,
analysis/ps2_korean/codec_gcx/01050_00d01ce0.gcx,experiments/_loose/ps2_korean/codec_gcx/01050_00d01ce0.gcx,FILE,OK,
analysis/ps2_korean/codec_gcx/01051_00d04f50.gcx,experiments/_loose/ps2_korean/codec_gcx/01051_00d04f50.gcx,FILE,OK,
analysis/ps2_korean/codec_gcx/01052_00d06380.gcx,experiments/_loose/ps2_korean/codec_gcx/01052_00d06380.gcx,FILE,OK,
analysis/ps2_korean/codec_gcx/01053_00d07c40.gcx,experiments/_loose/ps2_korean/codec_gcx/01053_00d07c40.gcx,FILE,OK,
analysis/ps2_korean/codec_gcx/01054_00d095b0.gcx,experiments/_loose/ps2_korean/codec_gcx/01054_00d095b0.gcx,FILE,OK,
analysis/ps2_korean/codec_gcx/01055_00d0af90.gcx,experiments/_loose/ps2_korean/codec_gcx/01055_00d0af90.gcx,FILE,OK,
analysis/ps2_korean/codec_gcx/01056_00d0c6b0.gcx,experiments/_loose/ps2_korean/codec_gcx/01056_00d0c6b0.gcx,FILE,OK,
analysis/ps2_korean/codec_gcx/01057_00d0daf0.gcx,experiments/_loose/ps2_korean/codec_gcx/01057_00d0daf0.gcx,FILE,OK,
analysis/ps2_korean/codec_gcx/01058_00d0fee0.gcx,experiments/_loose/ps2_korean/codec_gcx/01058_00d0fee0.gcx,FILE,OK,
analysis/ps2_korean/codec_gcx/01059_00d113a0.gcx,experiments/_loose/ps2_korean/codec_gcx/01059_00d113a0.gcx,FILE,OK,
analysis/ps2_korean/codec_gcx/01060_00d12990.gcx,experiments/_loose/ps2_korean/codec_gcx/01060_00d12990.gcx,FILE,OK,
analysis/ps2_korean/codec_gcx/01061_00d13d20.gcx,experiments/_loose/ps2_korean/codec_gcx/01061_00d13d20.gcx,FILE,OK,
analysis/ps2_korean/codec_gcx/01062_00d14ee0.gcx,experiments/_loose/ps2_korean/codec_gcx/01062_00d14ee0.gcx,FILE,OK,
analysis/ps2_korean/codec_gcx/01063_00d160b0.gcx,experiments/_loose/ps2_korean/codec_gcx/01063_00d160b0.gcx,FILE,OK,
analysis/ps2_korean/codec_gcx/01064_00d17310.gcx,experiments/_loose/ps2_korean/codec_gcx/01064_00d17310.gcx,FILE,OK,
analysis/ps2_korean/codec_gcx/01065_00d18dd0.gcx,experiments/_loose/ps2_korean/codec_gcx/01065_00d18dd0.gcx,FILE,OK,
analysis/ps2_korean/codec_gcx/01066_00d1a520.gcx,experiments/_loose/ps2_korean/codec_gcx/01066_00d1a520.gcx,FILE,OK,
analysis/ps2_korean/codec_gcx/01067_00d1b650.gcx,experiments/_loose/ps2_korean/codec_gcx/01067_00d1b650.gcx,FILE,OK,
analysis/ps2_korean/codec_gcx/01068_00d1c9f0.gcx,experiments/_loose/ps2_korean/codec_gcx/01068_00d1c9f0.gcx,FILE,OK,
analysis/ps2_korean/codec_gcx/01069_00d1e350.gcx,experiments/_loose/ps2_korean/codec_gcx/01069_00d1e350.gcx,FILE,OK,
analysis/ps2_korean/codec_gcx/01070_00d1fac0.gcx,experiments/_loose/ps2_korean/codec_gcx/01070_00d1fac0.gcx,FILE,OK,
analysis/ps2_korean/codec_gcx/01071_00d21790.gcx,experiments/_loose/ps2_korean/codec_gcx/01071_00d21790.gcx,FILE,OK,
analysis/ps2_korean/codec_gcx/01072_00d231b0.gcx,experiments/_loose/ps2_korean/codec_gcx/01072_00d231b0.gcx,FILE,OK,
analysis/ps2_korean/codec_gcx/01073_00d244b0.gcx,experiments/_loose/ps2_korean/codec_gcx/01073_00d244b0.gcx,FILE,OK,
analysis/ps2_korean/codec_gcx/01074_00d25840.gcx,experiments/_loose/ps2_korean/codec_gcx/01074_00d25840.gcx,FILE,OK,
analysis/ps2_korean/codec_gcx/01075_00d270d0.gcx,experiments/_loose/ps2_korean/codec_gcx/01075_00d270d0.gcx,FILE,OK,
analysis/ps2_korean/codec_gcx/01076_00d28c50.gcx,experiments/_loose/ps2_korean/codec_gcx/01076_00d28c50.gcx,FILE,OK,
analysis/ps2_korean/codec_gcx/01077_00d2a080.gcx,experiments/_loose/ps2_korean/codec_gcx/01077_00d2a080.gcx,FILE,OK,
analysis/ps2_korean/codec_gcx/01078_00d2b980.gcx,experiments/_loose/ps2_korean/codec_gcx/01078_00d2b980.gcx,FILE,OK,
analysis/ps2_korean/codec_gcx/01079_00d2cef0.gcx,experiments/_loose/ps2_korean/codec_gcx/01079_00d2cef0.gcx,FILE,OK,
analysis/ps2_korean/codec_gcx/01080_00d2e670.gcx,experiments/_loose/ps2_korean/codec_gcx/01080_00d2e670.gcx,FILE,OK,
analysis/ps2_korean/codec_gcx/01081_00d2faa0.gcx,experiments/_loose/ps2_korean/codec_gcx/01081_00d2faa0.gcx,FILE,OK,
analysis/ps2_korean/codec_gcx/01082_00d31520.gcx,experiments/_loose/ps2_korean/codec_gcx/01082_00d31520.gcx,FILE,OK,
analysis/ps2_korean/codec_gcx/01083_00d32c50.gcx,experiments/_loose/ps2_korean/codec_gcx/01083_00d32c50.gcx,FILE,OK,
analysis/ps2_korean/codec_gcx/01084_00d34770.gcx,experiments/_loose/ps2_korean/codec_gcx/01084_00d34770.gcx,FILE,OK,
analysis/ps2_korean/codec_gcx/01085_00d35e60.gcx,experiments/_loose/ps2_korean/codec_gcx/01085_00d35e60.gcx,FILE,OK,
analysis/ps2_korean/codec_gcx/01086_00d37100.gcx,experiments/_loose/ps2_korean/codec_gcx/01086_00d37100.gcx,FILE,OK,
analysis/ps2_korean/codec_gcx/01087_00d3a4c0.gcx,experiments/_loose/ps2_korean/codec_gcx/01087_00d3a4c0.gcx,FILE,OK,
analysis/ps2_korean/codec_gcx/01088_00d3b9c0.gcx,experiments/_loose/ps2_korean/codec_gcx/01088_00d3b9c0.gcx,FILE,OK,
analysis/ps2_korean/codec_gcx/01089_00d3d1b0.gcx,experiments/_loose/ps2_korean/codec_gcx/01089_00d3d1b0.gcx,FILE,OK,
analysis/ps2_korean/codec_gcx/01090_00d3e780.gcx,experiments/_loose/ps2_korean/codec_gcx/01090_00d3e780.gcx,FILE,OK,
analysis/ps2_korean/codec_gcx/01091_00d40550.gcx,experiments/_loose/ps2_korean/codec_gcx/01091_00d40550.gcx,FILE,OK,
analysis/ps2_korean/codec_gcx/01092_00d41e40.gcx,experiments/_loose/ps2_korean/codec_gcx/01092_00d41e40.gcx,FILE,OK,
analysis/ps2_korean/codec_gcx/01093_00d435a0.gcx,experiments/_loose/ps2_korean/codec_gcx/01093_00d435a0.gcx,FILE,OK,
analysis/ps2_korean/codec_gcx/01094_00d44b90.gcx,experiments/_loose/ps2_korean/codec_gcx/01094_00d44b90.gcx,FILE,OK,
analysis/ps2_korean/codec_gcx/01095_00d45fd0.gcx,experiments/_loose/ps2_korean/codec_gcx/01095_00d45fd0.gcx,FILE,OK,
analysis/ps2_korean/codec_gcx/01096_00d477e0.gcx,experiments/_loose/ps2_korean/codec_gcx/01096_00d477e0.gcx,FILE,OK,
analysis/ps2_korean/codec_gcx/01097_00d48ac0.gcx,experiments/_loose/ps2_korean/codec_gcx/01097_00d48ac0.gcx,FILE,OK,
analysis/ps2_korean/codec_gcx/01098_00d49e50.gcx,experiments/_loose/ps2_korean/codec_gcx/01098_00d49e50.gcx,FILE,OK,
analysis/ps2_korean/codec_gcx/01099_00d4bbf0.gcx,experiments/_loose/ps2_korean/codec_gcx/01099_00d4bbf0.gcx,FILE,OK,
analysis/ps2_korean/codec_gcx/01100_00d4d040.gcx,experiments/_loose/ps2_korean/codec_gcx/01100_00d4d040.gcx,FILE,OK,
analysis/ps2_korean/codec_gcx/01101_00d4e020.gcx,experiments/_loose/ps2_korean/codec_gcx/01101_00d4e020.gcx,FILE,OK,
analysis/ps2_korean/codec_gcx/01102_00d4f140.gcx,experiments/_loose/ps2_korean/codec_gcx/01102_00d4f140.gcx,FILE,OK,
analysis/ps2_korean/codec_gcx/01103_00d502e0.gcx,experiments/_loose/ps2_korean/codec_gcx/01103_00d502e0.gcx,FILE,OK,
analysis/ps2_korean/codec_gcx/01104_00d52350.gcx,experiments/_loose/ps2_korean/codec_gcx/01104_00d52350.gcx,FILE,OK,
analysis/ps2_korean/codec_gcx/01105_00d535b0.gcx,experiments/_loose/ps2_korean/codec_gcx/01105_00d535b0.gcx,FILE,OK,
analysis/ps2_korean/codec_gcx/01106_00d54810.gcx,experiments/_loose/ps2_korean/codec_gcx/01106_00d54810.gcx,FILE,OK,
analysis/ps2_korean/codec_gcx/01107_00d55770.gcx,experiments/_loose/ps2_korean/codec_gcx/01107_00d55770.gcx,FILE,OK,
analysis/ps2_korean/codec_gcx/01108_00d566c0.gcx,experiments/_loose/ps2_korean/codec_gcx/01108_00d566c0.gcx,FILE,OK,
analysis/ps2_korean/codec_gcx/01109_00d58110.gcx,experiments/_loose/ps2_korean/codec_gcx/01109_00d58110.gcx,FILE,OK,
analysis/ps2_korean/codec_gcx/01110_00d59990.gcx,experiments/_loose/ps2_korean/codec_gcx/01110_00d59990.gcx,FILE,OK,
analysis/ps2_korean/codec_gcx/01111_00d5ad10.gcx,experiments/_loose/ps2_korean/codec_gcx/01111_00d5ad10.gcx,FILE,OK,
analysis/ps2_korean/codec_gcx/01112_00d5c9d0.gcx,experiments/_loose/ps2_korean/codec_gcx/01112_00d5c9d0.gcx,FILE,OK,
analysis/ps2_korean/codec_gcx/01113_00d5dcc0.gcx,experiments/_loose/ps2_korean/codec_gcx/01113_00d5dcc0.gcx,FILE,OK,
analysis/ps2_korean/codec_gcx/01114_00d5f5c0.gcx,experiments/_loose/ps2_korean/codec_gcx/01114_00d5f5c0.gcx,FILE,OK,
analysis/ps2_korean/codec_gcx/01115_00d60ee0.gcx,experiments/_loose/ps2_korean/codec_gcx/01115_00d60ee0.gcx,FILE,OK,
analysis/ps2_korean/codec_gcx/01116_00d626e0.gcx,experiments/_loose/ps2_korean/codec_gcx/01116_00d626e0.gcx,FILE,OK,
analysis/ps2_korean/codec_gcx/01117_00d64010.gcx,experiments/_loose/ps2_korean/codec_gcx/01117_00d64010.gcx,FILE,OK,
analysis/ps2_korean/codec_gcx/01118_00d65820.gcx,experiments/_loose/ps2_korean/codec_gcx/01118_00d65820.gcx,FILE,OK,
analysis/ps2_korean/codec_gcx/01119_00d671a0.gcx,experiments/_loose/ps2_korean/codec_gcx/01119_00d671a0.gcx,FILE,OK,
analysis/ps2_korean/codec_gcx/01120_00d68840.gcx,experiments/_loose/ps2_korean/codec_gcx/01120_00d68840.gcx,FILE,OK,
analysis/ps2_korean/codec_gcx/01121_00d69d30.gcx,experiments/_loose/ps2_korean/codec_gcx/01121_00d69d30.gcx,FILE,OK,
analysis/ps2_korean/codec_gcx/01122_00d6c0c0.gcx,experiments/_loose/ps2_korean/codec_gcx/01122_00d6c0c0.gcx,FILE,OK,
analysis/ps2_korean/codec_gcx/01123_00d6d3c0.gcx,experiments/_loose/ps2_korean/codec_gcx/01123_00d6d3c0.gcx,FILE,OK,
analysis/ps2_korean/codec_gcx/01124_00d6e7c0.gcx,experiments/_loose/ps2_korean/codec_gcx/01124_00d6e7c0.gcx,FILE,OK,
analysis/ps2_korean/codec_gcx/01125_00d6fbf0.gcx,experiments/_loose/ps2_korean/codec_gcx/01125_00d6fbf0.gcx,FILE,OK,
analysis/ps2_korean/codec_gcx/01126_00d713e0.gcx,experiments/_loose/ps2_korean/codec_gcx/01126_00d713e0.gcx,FILE,OK,
analysis/ps2_korean/codec_gcx/01127_00d728c0.gcx,experiments/_loose/ps2_korean/codec_gcx/01127_00d728c0.gcx,FILE,OK,
analysis/ps2_korean/codec_gcx/01128_00d73ca0.gcx,experiments/_loose/ps2_korean/codec_gcx/01128_00d73ca0.gcx,FILE,OK,
analysis/ps2_korean/codec_gcx/01129_00d75540.gcx,experiments/_loose/ps2_korean/codec_gcx/01129_00d75540.gcx,FILE,OK,
analysis/ps2_korean/codec_gcx/01130_00d76d10.gcx,experiments/_loose/ps2_korean/codec_gcx/01130_00d76d10.gcx,FILE,OK,
analysis/ps2_korean/codec_gcx/01131_00d78140.gcx,experiments/_loose/ps2_korean/codec_gcx/01131_00d78140.gcx,FILE,OK,
analysis/ps2_korean/codec_gcx/01132_00d793c0.gcx,experiments/_loose/ps2_korean/codec_gcx/01132_00d793c0.gcx,FILE,OK,
analysis/ps2_korean/codec_gcx/01133_00d7b060.gcx,experiments/_loose/ps2_korean/codec_gcx/01133_00d7b060.gcx,FILE,OK,
analysis/ps2_korean/codec_gcx/01134_00d7c2d0.gcx,experiments/_loose/ps2_korean/codec_gcx/01134_00d7c2d0.gcx,FILE,OK,
analysis/ps2_korean/codec_gcx/01135_00d7d4c0.gcx,experiments/_loose/ps2_korean/codec_gcx/01135_00d7d4c0.gcx,FILE,OK,
analysis/ps2_korean/codec_gcx/01136_00d7efd0.gcx,experiments/_loose/ps2_korean/codec_gcx/01136_00d7efd0.gcx,FILE,OK,
analysis/ps2_korean/codec_gcx/01137_00d807b0.gcx,experiments/_loose/ps2_korean/codec_gcx/01137_00d807b0.gcx,FILE,OK,
analysis/ps2_korean/codec_gcx/01138_00d82290.gcx,experiments/_loose/ps2_korean/codec_gcx/01138_00d82290.gcx,FILE,OK,
analysis/ps2_korean/codec_gcx/01139_00d836c0.gcx,experiments/_loose/ps2_korean/codec_gcx/01139_00d836c0.gcx,FILE,OK,
analysis/ps2_korean/codec_gcx/01140_00d84eb0.gcx,experiments/_loose/ps2_korean/codec_gcx/01140_00d84eb0.gcx,FILE,OK,
analysis/ps2_korean/codec_gcx/01141_00d86140.gcx,experiments/_loose/ps2_korean/codec_gcx/01141_00d86140.gcx,FILE,OK,
analysis/ps2_korean/codec_gcx/01142_00d87f40.gcx,experiments/_loose/ps2_korean/codec_gcx/01142_00d87f40.gcx,FILE,OK,
analysis/ps2_korean/codec_gcx/01143_00d89660.gcx,experiments/_loose/ps2_korean/codec_gcx/01143_00d89660.gcx,FILE,OK,
analysis/ps2_korean/codec_gcx/01144_00d8a810.gcx,experiments/_loose/ps2_korean/codec_gcx/01144_00d8a810.gcx,FILE,OK,
analysis/ps2_korean/codec_gcx/01145_00d8bf60.gcx,experiments/_loose/ps2_korean/codec_gcx/01145_00d8bf60.gcx,FILE,OK,
analysis/ps2_korean/codec_gcx/01146_00d8d390.gcx,experiments/_loose/ps2_korean/codec_gcx/01146_00d8d390.gcx,FILE,OK,
analysis/ps2_korean/codec_gcx/01147_00d8e540.gcx,experiments/_loose/ps2_korean/codec_gcx/01147_00d8e540.gcx,FILE,OK,
analysis/ps2_korean/codec_gcx/01148_00d8fa30.gcx,experiments/_loose/ps2_korean/codec_gcx/01148_00d8fa30.gcx,FILE,OK,
analysis/ps2_korean/codec_gcx/01149_00d90860.gcx,experiments/_loose/ps2_korean/codec_gcx/01149_00d90860.gcx,FILE,OK,
analysis/ps2_korean/codec_gcx/01150_00d91be0.gcx,experiments/_loose/ps2_korean/codec_gcx/01150_00d91be0.gcx,FILE,OK,
analysis/ps2_korean/codec_gcx/01151_00d93070.gcx,experiments/_loose/ps2_korean/codec_gcx/01151_00d93070.gcx,FILE,OK,
analysis/ps2_korean/codec_gcx/01152_00d942d0.gcx,experiments/_loose/ps2_korean/codec_gcx/01152_00d942d0.gcx,FILE,OK,
analysis/ps2_korean/codec_gcx/01153_00d956d0.gcx,experiments/_loose/ps2_korean/codec_gcx/01153_00d956d0.gcx,FILE,OK,
analysis/ps2_korean/codec_gcx/01154_00d96880.gcx,experiments/_loose/ps2_korean/codec_gcx/01154_00d96880.gcx,FILE,OK,
analysis/ps2_korean/codec_gcx/01155_00d979a0.gcx,experiments/_loose/ps2_korean/codec_gcx/01155_00d979a0.gcx,FILE,OK,
analysis/ps2_korean/codec_gcx/01156_00d99af0.gcx,experiments/_loose/ps2_korean/codec_gcx/01156_00d99af0.gcx,FILE,OK,
analysis/ps2_korean/codec_gcx/01157_00d9ba30.gcx,experiments/_loose/ps2_korean/codec_gcx/01157_00d9ba30.gcx,FILE,OK,
analysis/ps2_korean/codec_gcx/01158_00d9d830.gcx,experiments/_loose/ps2_korean/codec_gcx/01158_00d9d830.gcx,FILE,OK,
analysis/ps2_korean/codec_gcx/01159_00d9ebb0.gcx,experiments/_loose/ps2_korean/codec_gcx/01159_00d9ebb0.gcx,FILE,OK,
analysis/ps2_korean/codec_gcx/01160_00da0430.gcx,experiments/_loose/ps2_korean/codec_gcx/01160_00da0430.gcx,FILE,OK,
analysis/ps2_korean/codec_gcx/01161_00da1e70.gcx,experiments/_loose/ps2_korean/codec_gcx/01161_00da1e70.gcx,FILE,OK,
analysis/ps2_korean/codec_gcx/01162_00da3dc0.gcx,experiments/_loose/ps2_korean/codec_gcx/01162_00da3dc0.gcx,FILE,OK,
analysis/ps2_korean/codec_gcx/01163_00da5010.gcx,experiments/_loose/ps2_korean/codec_gcx/01163_00da5010.gcx,FILE,OK,
analysis/ps2_korean/codec_gcx/01164_00da6310.gcx,experiments/_loose/ps2_korean/codec_gcx/01164_00da6310.gcx,FILE,OK,
analysis/ps2_korean/codec_gcx/01165_00da7600.gcx,experiments/_loose/ps2_korean/codec_gcx/01165_00da7600.gcx,FILE,OK,
analysis/ps2_korean/codec_gcx/01166_00da90b0.gcx,experiments/_loose/ps2_korean/codec_gcx/01166_00da90b0.gcx,FILE,OK,
analysis/ps2_korean/codec_gcx/01167_00daac60.gcx,experiments/_loose/ps2_korean/codec_gcx/01167_00daac60.gcx,FILE,OK,
analysis/ps2_korean/codec_gcx/01168_00dac550.gcx,experiments/_loose/ps2_korean/codec_gcx/01168_00dac550.gcx,FILE,OK,
analysis/ps2_korean/codec_gcx/01169_00dae430.gcx,experiments/_loose/ps2_korean/codec_gcx/01169_00dae430.gcx,FILE,OK,
analysis/ps2_korean/codec_gcx/01170_00daf8d0.gcx,experiments/_loose/ps2_korean/codec_gcx/01170_00daf8d0.gcx,FILE,OK,
analysis/ps2_korean/codec_gcx/01171_00db0cb0.gcx,experiments/_loose/ps2_korean/codec_gcx/01171_00db0cb0.gcx,FILE,OK,
analysis/ps2_korean/codec_gcx/01172_00db2650.gcx,experiments/_loose/ps2_korean/codec_gcx/01172_00db2650.gcx,FILE,OK,
analysis/ps2_korean/codec_gcx/01173_00db3bd0.gcx,experiments/_loose/ps2_korean/codec_gcx/01173_00db3bd0.gcx,FILE,OK,
analysis/ps2_korean/codec_gcx/01174_00db50c0.gcx,experiments/_loose/ps2_korean/codec_gcx/01174_00db50c0.gcx,FILE,OK,
analysis/ps2_korean/codec_gcx/01175_00db6b20.gcx,experiments/_loose/ps2_korean/codec_gcx/01175_00db6b20.gcx,FILE,OK,
analysis/ps2_korean/codec_gcx/01176_00db81c0.gcx,experiments/_loose/ps2_korean/codec_gcx/01176_00db81c0.gcx,FILE,OK,
analysis/ps2_korean/codec_gcx/01177_00db9c00.gcx,experiments/_loose/ps2_korean/codec_gcx/01177_00db9c00.gcx,FILE,OK,
analysis/ps2_korean/codec_gcx/01178_00dbae50.gcx,experiments/_loose/ps2_korean/codec_gcx/01178_00dbae50.gcx,FILE,OK,
analysis/ps2_korean/codec_gcx/01179_00dbc0b0.gcx,experiments/_loose/ps2_korean/codec_gcx/01179_00dbc0b0.gcx,FILE,OK,
analysis/ps2_korean/codec_gcx/01180_00dbe1c0.gcx,experiments/_loose/ps2_korean/codec_gcx/01180_00dbe1c0.gcx,FILE,OK,
analysis/ps2_korean/codec_gcx/01181_00dbf9e0.gcx,experiments/_loose/ps2_korean/codec_gcx/01181_00dbf9e0.gcx,FILE,OK,
analysis/ps2_korean/codec_gcx/01182_00dc0f90.gcx,experiments/_loose/ps2_korean/codec_gcx/01182_00dc0f90.gcx,FILE,OK,
analysis/ps2_korean/codec_gcx/01183_00dc2130.gcx,experiments/_loose/ps2_korean/codec_gcx/01183_00dc2130.gcx,FILE,OK,
analysis/ps2_korean/codec_gcx/01184_00dc3780.gcx,experiments/_loose/ps2_korean/codec_gcx/01184_00dc3780.gcx,FILE,OK,
analysis/ps2_korean/codec_gcx/01185_00dc4af0.gcx,experiments/_loose/ps2_korean/codec_gcx/01185_00dc4af0.gcx,FILE,OK,
analysis/ps2_korean/codec_gcx/01186_00dc5fe0.gcx,experiments/_loose/ps2_korean/codec_gcx/01186_00dc5fe0.gcx,FILE,OK,
analysis/ps2_korean/codec_gcx/01187_00dc7530.gcx,experiments/_loose/ps2_korean/codec_gcx/01187_00dc7530.gcx,FILE,OK,
analysis/ps2_korean/codec_gcx/01188_00dc8660.gcx,experiments/_loose/ps2_korean/codec_gcx/01188_00dc8660.gcx,FILE,OK,
analysis/ps2_korean/codec_gcx/01189_00dc9970.gcx,experiments/_loose/ps2_korean/codec_gcx/01189_00dc9970.gcx,FILE,OK,
analysis/ps2_korean/codec_gcx/01190_00dcacf0.gcx,experiments/_loose/ps2_korean/codec_gcx/01190_00dcacf0.gcx,FILE,OK,
analysis/ps2_korean/codec_gcx/01191_00dcce70.gcx,experiments/_loose/ps2_korean/codec_gcx/01191_00dcce70.gcx,FILE,OK,
analysis/ps2_korean/codec_gcx/01192_00dce680.gcx,experiments/_loose/ps2_korean/codec_gcx/01192_00dce680.gcx,FILE,OK,
analysis/ps2_korean/codec_gcx/01193_00dcfdb0.gcx,experiments/_loose/ps2_korean/codec_gcx/01193_00dcfdb0.gcx,FILE,OK,
analysis/ps2_korean/codec_gcx/01194_00dd1330.gcx,experiments/_loose/ps2_korean/codec_gcx/01194_00dd1330.gcx,FILE,OK,
analysis/ps2_korean/codec_gcx/01195_00dd2590.gcx,experiments/_loose/ps2_korean/codec_gcx/01195_00dd2590.gcx,FILE,OK,
analysis/ps2_korean/codec_gcx/01196_00dd39b0.gcx,experiments/_loose/ps2_korean/codec_gcx/01196_00dd39b0.gcx,FILE,OK,
analysis/ps2_korean/codec_gcx/01197_00dd49a0.gcx,experiments/_loose/ps2_korean/codec_gcx/01197_00dd49a0.gcx,FILE,OK,
analysis/ps2_korean/codec_gcx/01198_00dd6150.gcx,experiments/_loose/ps2_korean/codec_gcx/01198_00dd6150.gcx,FILE,OK,
analysis/ps2_korean/codec_gcx/01199_00dd7860.gcx,experiments/_loose/ps2_korean/codec_gcx/01199_00dd7860.gcx,FILE,OK,
analysis/ps2_korean/codec_gcx/01200_00dd87c0.gcx,experiments/_loose/ps2_korean/codec_gcx/01200_00dd87c0.gcx,FILE,OK,
analysis/ps2_korean/codec_gcx/01201_00dd9840.gcx,experiments/_loose/ps2_korean/codec_gcx/01201_00dd9840.gcx,FILE,OK,
analysis/ps2_korean/codec_gcx/01202_00ddb150.gcx,experiments/_loose/ps2_korean/codec_gcx/01202_00ddb150.gcx,FILE,OK,
analysis/ps2_korean/codec_gcx/01203_00ddc740.gcx,experiments/_loose/ps2_korean/codec_gcx/01203_00ddc740.gcx,FILE,OK,
analysis/ps2_korean/codec_gcx/01204_00dde070.gcx,experiments/_loose/ps2_korean/codec_gcx/01204_00dde070.gcx,FILE,OK,
analysis/ps2_korean/codec_gcx/01205_00ddfc20.gcx,experiments/_loose/ps2_korean/codec_gcx/01205_00ddfc20.gcx,FILE,OK,
analysis/ps2_korean/codec_gcx/01206_00de0f20.gcx,experiments/_loose/ps2_korean/codec_gcx/01206_00de0f20.gcx,FILE,OK,
analysis/ps2_korean/codec_gcx/01207_00de2790.gcx,experiments/_loose/ps2_korean/codec_gcx/01207_00de2790.gcx,FILE,OK,
analysis/ps2_korean/codec_gcx/01208_00de3eb0.gcx,experiments/_loose/ps2_korean/codec_gcx/01208_00de3eb0.gcx,FILE,OK,
analysis/ps2_korean/codec_gcx/01209_00de5000.gcx,experiments/_loose/ps2_korean/codec_gcx/01209_00de5000.gcx,FILE,OK,
analysis/ps2_korean/codec_gcx/01210_00de6540.gcx,experiments/_loose/ps2_korean/codec_gcx/01210_00de6540.gcx,FILE,OK,
analysis/ps2_korean/codec_gcx/01211_00de7a20.gcx,experiments/_loose/ps2_korean/codec_gcx/01211_00de7a20.gcx,FILE,OK,
analysis/ps2_korean/codec_gcx/01212_00de8de0.gcx,experiments/_loose/ps2_korean/codec_gcx/01212_00de8de0.gcx,FILE,OK,
analysis/ps2_korean/codec_gcx/01213_00dea340.gcx,experiments/_loose/ps2_korean/codec_gcx/01213_00dea340.gcx,FILE,OK,
analysis/ps2_korean/codec_gcx/01214_00deb780.gcx,experiments/_loose/ps2_korean/codec_gcx/01214_00deb780.gcx,FILE,OK,
analysis/ps2_korean/codec_gcx/01215_00dec960.gcx,experiments/_loose/ps2_korean/codec_gcx/01215_00dec960.gcx,FILE,OK,
analysis/ps2_korean/codec_gcx/01216_00dedeb0.gcx,experiments/_loose/ps2_korean/codec_gcx/01216_00dedeb0.gcx,FILE,OK,
analysis/ps2_korean/codec_gcx/01217_00def230.gcx,experiments/_loose/ps2_korean/codec_gcx/01217_00def230.gcx,FILE,OK,
analysis/ps2_korean/codec_gcx/01218_00df0980.gcx,experiments/_loose/ps2_korean/codec_gcx/01218_00df0980.gcx,FILE,OK,
analysis/ps2_korean/codec_gcx/01219_00df1c20.gcx,experiments/_loose/ps2_korean/codec_gcx/01219_00df1c20.gcx,FILE,OK,
analysis/ps2_korean/codec_gcx/01220_00df3220.gcx,experiments/_loose/ps2_korean/codec_gcx/01220_00df3220.gcx,FILE,OK,
analysis/ps2_korean/codec_gcx/01221_00df4640.gcx,experiments/_loose/ps2_korean/codec_gcx/01221_00df4640.gcx,FILE,OK,
analysis/ps2_korean/codec_gcx/01222_00df5800.gcx,experiments/_loose/ps2_korean/codec_gcx/01222_00df5800.gcx,FILE,OK,
analysis/ps2_korean/codec_gcx/01223_00df6e50.gcx,experiments/_loose/ps2_korean/codec_gcx/01223_00df6e50.gcx,FILE,OK,
analysis/ps2_korean/codec_gcx/01224_00df8440.gcx,experiments/_loose/ps2_korean/codec_gcx/01224_00df8440.gcx,FILE,OK,
analysis/ps2_korean/codec_gcx/01225_00df9850.gcx,experiments/_loose/ps2_korean/codec_gcx/01225_00df9850.gcx,FILE,OK,
analysis/ps2_korean/codec_gcx/01226_00dfb050.gcx,experiments/_loose/ps2_korean/codec_gcx/01226_00dfb050.gcx,FILE,OK,
analysis/ps2_korean/codec_gcx/01227_00dfc670.gcx,experiments/_loose/ps2_korean/codec_gcx/01227_00dfc670.gcx,FILE,OK,
analysis/ps2_korean/codec_gcx/01228_00dfdfb0.gcx,experiments/_loose/ps2_korean/codec_gcx/01228_00dfdfb0.gcx,FILE,OK,
analysis/ps2_korean/codec_gcx/01229_00dff540.gcx,experiments/_loose/ps2_korean/codec_gcx/01229_00dff540.gcx,FILE,OK,
analysis/ps2_korean/codec_gcx/01230_00e01480.gcx,experiments/_loose/ps2_korean/codec_gcx/01230_00e01480.gcx,FILE,OK,
analysis/ps2_korean/codec_gcx/01231_00e02f00.gcx,experiments/_loose/ps2_korean/codec_gcx/01231_00e02f00.gcx,FILE,OK,
analysis/ps2_korean/codec_gcx/01232_00e040c0.gcx,experiments/_loose/ps2_korean/codec_gcx/01232_00e040c0.gcx,FILE,OK,
analysis/ps2_korean/codec_gcx/01233_00e053d0.gcx,experiments/_loose/ps2_korean/codec_gcx/01233_00e053d0.gcx,FILE,OK,
analysis/ps2_korean/codec_gcx/01234_00e06770.gcx,experiments/_loose/ps2_korean/codec_gcx/01234_00e06770.gcx,FILE,OK,
analysis/ps2_korean/codec_gcx/01235_00e086e0.gcx,experiments/_loose/ps2_korean/codec_gcx/01235_00e086e0.gcx,FILE,OK,
analysis/ps2_korean/codec_gcx/01236_00e0aa00.gcx,experiments/_loose/ps2_korean/codec_gcx/01236_00e0aa00.gcx,FILE,OK,
analysis/ps2_korean/codec_gcx/01237_00e0be10.gcx,experiments/_loose/ps2_korean/codec_gcx/01237_00e0be10.gcx,FILE,OK,
analysis/ps2_korean/codec_gcx/01238_00e0d2d0.gcx,experiments/_loose/ps2_korean/codec_gcx/01238_00e0d2d0.gcx,FILE,OK,
analysis/ps2_korean/codec_gcx/01239_00e0e850.gcx,experiments/_loose/ps2_korean/codec_gcx/01239_00e0e850.gcx,FILE,OK,
analysis/ps2_korean/codec_gcx/01240_00e0f990.gcx,experiments/_loose/ps2_korean/codec_gcx/01240_00e0f990.gcx,FILE,OK,
analysis/ps2_korean/codec_gcx/01241_00e111e0.gcx,experiments/_loose/ps2_korean/codec_gcx/01241_00e111e0.gcx,FILE,OK,
analysis/ps2_korean/codec_gcx/01242_00e12630.gcx,experiments/_loose/ps2_korean/codec_gcx/01242_00e12630.gcx,FILE,OK,
analysis/ps2_korean/codec_gcx/01243_00e13a40.gcx,experiments/_loose/ps2_korean/codec_gcx/01243_00e13a40.gcx,FILE,OK,
analysis/ps2_korean/codec_gcx/01244_00e14e10.gcx,experiments/_loose/ps2_korean/codec_gcx/01244_00e14e10.gcx,FILE,OK,
analysis/ps2_korean/codec_gcx/01245_00e162f0.gcx,experiments/_loose/ps2_korean/codec_gcx/01245_00e162f0.gcx,FILE,OK,
analysis/ps2_korean/codec_gcx/01246_00e17670.gcx,experiments/_loose/ps2_korean/codec_gcx/01246_00e17670.gcx,FILE,OK,
analysis/ps2_korean/codec_gcx/01247_00e18e20.gcx,experiments/_loose/ps2_korean/codec_gcx/01247_00e18e20.gcx,FILE,OK,
analysis/ps2_korean/codec_gcx/01248_00e1a260.gcx,experiments/_loose/ps2_korean/codec_gcx/01248_00e1a260.gcx,FILE,OK,
analysis/ps2_korean/codec_gcx/01249_00e1b440.gcx,experiments/_loose/ps2_korean/codec_gcx/01249_00e1b440.gcx,FILE,OK,
analysis/ps2_korean/codec_gcx/01250_00e1c970.gcx,experiments/_loose/ps2_korean/codec_gcx/01250_00e1c970.gcx,FILE,OK,
analysis/ps2_korean/codec_gcx/01251_00e1dd00.gcx,experiments/_loose/ps2_korean/codec_gcx/01251_00e1dd00.gcx,FILE,OK,
analysis/ps2_korean/codec_gcx/01252_00e1f0a0.gcx,experiments/_loose/ps2_korean/codec_gcx/01252_00e1f0a0.gcx,FILE,OK,
analysis/ps2_korean/codec_gcx/01253_00e203c0.gcx,experiments/_loose/ps2_korean/codec_gcx/01253_00e203c0.gcx,FILE,OK,
analysis/ps2_korean/codec_gcx/01254_00e218c0.gcx,experiments/_loose/ps2_korean/codec_gcx/01254_00e218c0.gcx,FILE,OK,
analysis/ps2_korean/codec_gcx/01255_00e22db0.gcx,experiments/_loose/ps2_korean/codec_gcx/01255_00e22db0.gcx,FILE,OK,
analysis/ps2_korean/codec_gcx/01256_00e24810.gcx,experiments/_loose/ps2_korean/codec_gcx/01256_00e24810.gcx,FILE,OK,
analysis/ps2_korean/codec_gcx/01257_00e27b00.gcx,experiments/_loose/ps2_korean/codec_gcx/01257_00e27b00.gcx,FILE,OK,
analysis/ps2_korean/codec_gcx/01258_00e290c0.gcx,experiments/_loose/ps2_korean/codec_gcx/01258_00e290c0.gcx,FILE,OK,
analysis/ps2_korean/codec_gcx/01259_00e2a890.gcx,experiments/_loose/ps2_korean/codec_gcx/01259_00e2a890.gcx,FILE,OK,
analysis/ps2_korean/codec_gcx/01260_00e2c000.gcx,experiments/_loose/ps2_korean/codec_gcx/01260_00e2c000.gcx,FILE,OK,
analysis/ps2_korean/codec_gcx/01261_00e2d6d0.gcx,experiments/_loose/ps2_korean/codec_gcx/01261_00e2d6d0.gcx,FILE,OK,
analysis/ps2_korean/codec_gcx/01262_00e2f520.gcx,experiments/_loose/ps2_korean/codec_gcx/01262_00e2f520.gcx,FILE,OK,
analysis/ps2_korean/codec_gcx/01263_00e30fc0.gcx,experiments/_loose/ps2_korean/codec_gcx/01263_00e30fc0.gcx,FILE,OK,
analysis/ps2_korean/codec_gcx/01264_00e32730.gcx,experiments/_loose/ps2_korean/codec_gcx/01264_00e32730.gcx,FILE,OK,
analysis/ps2_korean/codec_gcx/01265_00e33db0.gcx,experiments/_loose/ps2_korean/codec_gcx/01265_00e33db0.gcx,FILE,OK,
analysis/ps2_korean/codec_gcx/01266_00e352f0.gcx,experiments/_loose/ps2_korean/codec_gcx/01266_00e352f0.gcx,FILE,OK,
analysis/ps2_korean/codec_gcx/01267_00e36510.gcx,experiments/_loose/ps2_korean/codec_gcx/01267_00e36510.gcx,FILE,OK,
analysis/ps2_korean/codec_gcx/01268_00e37bd0.gcx,experiments/_loose/ps2_korean/codec_gcx/01268_00e37bd0.gcx,FILE,OK,
analysis/ps2_korean/codec_gcx/01269_00e39430.gcx,experiments/_loose/ps2_korean/codec_gcx/01269_00e39430.gcx,FILE,OK,
analysis/ps2_korean/codec_gcx/01270_00e3a720.gcx,experiments/_loose/ps2_korean/codec_gcx/01270_00e3a720.gcx,FILE,OK,
analysis/ps2_korean/codec_gcx/01271_00e3b980.gcx,experiments/_loose/ps2_korean/codec_gcx/01271_00e3b980.gcx,FILE,OK,
analysis/ps2_korean/codec_gcx/01272_00e3cd00.gcx,experiments/_loose/ps2_korean/codec_gcx/01272_00e3cd00.gcx,FILE,OK,
analysis/ps2_korean/codec_gcx/01273_00e3e4e0.gcx,experiments/_loose/ps2_korean/codec_gcx/01273_00e3e4e0.gcx,FILE,OK,
analysis/ps2_korean/codec_gcx/01274_00e403e0.gcx,experiments/_loose/ps2_korean/codec_gcx/01274_00e403e0.gcx,FILE,OK,
analysis/ps2_korean/codec_gcx/01275_00e41970.gcx,experiments/_loose/ps2_korean/codec_gcx/01275_00e41970.gcx,FILE,OK,
analysis/ps2_korean/codec_gcx/01276_00e42da0.gcx,experiments/_loose/ps2_korean/codec_gcx/01276_00e42da0.gcx,FILE,OK,
analysis/ps2_korean/codec_gcx/01277_00e44420.gcx,experiments/_loose/ps2_korean/codec_gcx/01277_00e44420.gcx,FILE,OK,
analysis/ps2_korean/codec_gcx/01278_00e45740.gcx,experiments/_loose/ps2_korean/codec_gcx/01278_00e45740.gcx,FILE,OK,
analysis/ps2_korean/codec_gcx/01279_00e470d0.gcx,experiments/_loose/ps2_korean/codec_gcx/01279_00e470d0.gcx,FILE,OK,
analysis/ps2_korean/codec_gcx/01280_00e486d0.gcx,experiments/_loose/ps2_korean/codec_gcx/01280_00e486d0.gcx,FILE,OK,
analysis/ps2_korean/codec_gcx/01281_00e49bb0.gcx,experiments/_loose/ps2_korean/codec_gcx/01281_00e49bb0.gcx,FILE,OK,
analysis/ps2_korean/codec_gcx/01282_00e4aec0.gcx,experiments/_loose/ps2_korean/codec_gcx/01282_00e4aec0.gcx,FILE,OK,
analysis/ps2_korean/codec_gcx/01283_00e4c280.gcx,experiments/_loose/ps2_korean/codec_gcx/01283_00e4c280.gcx,FILE,OK,
analysis/ps2_korean/codec_gcx/01284_00e4e950.gcx,experiments/_loose/ps2_korean/codec_gcx/01284_00e4e950.gcx,FILE,OK,
analysis/ps2_korean/codec_gcx/01285_00e50070.gcx,experiments/_loose/ps2_korean/codec_gcx/01285_00e50070.gcx,FILE,OK,
analysis/ps2_korean/codec_gcx/01286_00e512e0.gcx,experiments/_loose/ps2_korean/codec_gcx/01286_00e512e0.gcx,FILE,OK,
analysis/ps2_korean/codec_gcx/01287_00e52840.gcx,experiments/_loose/ps2_korean/codec_gcx/01287_00e52840.gcx,FILE,OK,
analysis/ps2_korean/codec_gcx/01288_00e541d0.gcx,experiments/_loose/ps2_korean/codec_gcx/01288_00e541d0.gcx,FILE,OK,
analysis/ps2_korean/codec_gcx/01289_00e55870.gcx,experiments/_loose/ps2_korean/codec_gcx/01289_00e55870.gcx,FILE,OK,
analysis/ps2_korean/codec_gcx/01290_00e56e50.gcx,experiments/_loose/ps2_korean/codec_gcx/01290_00e56e50.gcx,FILE,OK,
analysis/ps2_korean/codec_gcx/01291_00e58280.gcx,experiments/_loose/ps2_korean/codec_gcx/01291_00e58280.gcx,FILE,OK,
analysis/ps2_korean/codec_gcx/01292_00e59940.gcx,experiments/_loose/ps2_korean/codec_gcx/01292_00e59940.gcx,FILE,OK,
analysis/ps2_korean/codec_gcx/01293_00e5ad60.gcx,experiments/_loose/ps2_korean/codec_gcx/01293_00e5ad60.gcx,FILE,OK,
analysis/ps2_korean/codec_gcx/01294_00e5be80.gcx,experiments/_loose/ps2_korean/codec_gcx/01294_00e5be80.gcx,FILE,OK,
analysis/ps2_korean/codec_gcx/01295_00e5d200.gcx,experiments/_loose/ps2_korean/codec_gcx/01295_00e5d200.gcx,FILE,OK,
analysis/ps2_korean/codec_gcx/01296_00e5e450.gcx,experiments/_loose/ps2_korean/codec_gcx/01296_00e5e450.gcx,FILE,OK,
analysis/ps2_korean/codec_gcx/01297_00e5f6a0.gcx,experiments/_loose/ps2_korean/codec_gcx/01297_00e5f6a0.gcx,FILE,OK,
analysis/ps2_korean/codec_gcx/01298_00e60860.gcx,experiments/_loose/ps2_korean/codec_gcx/01298_00e60860.gcx,FILE,OK,
analysis/ps2_korean/codec_gcx/01299_00e61a10.gcx,experiments/_loose/ps2_korean/codec_gcx/01299_00e61a10.gcx,FILE,OK,
analysis/ps2_korean/codec_gcx/01300_00e62bc0.gcx,experiments/_loose/ps2_korean/codec_gcx/01300_00e62bc0.gcx,FILE,OK,
analysis/ps2_korean/codec_gcx/01301_00e63d70.gcx,experiments/_loose/ps2_korean/codec_gcx/01301_00e63d70.gcx,FILE,OK,
analysis/ps2_korean/codec_gcx/01302_00e65220.gcx,experiments/_loose/ps2_korean/codec_gcx/01302_00e65220.gcx,FILE,OK,
analysis/ps2_korean/codec_gcx/01303_00e667c0.gcx,experiments/_loose/ps2_korean/codec_gcx/01303_00e667c0.gcx,FILE,OK,
analysis/ps2_korean/codec_gcx/01304_00e67b60.gcx,experiments/_loose/ps2_korean/codec_gcx/01304_00e67b60.gcx,FILE,OK,
analysis/ps2_korean/codec_gcx/01305_00e69380.gcx,experiments/_loose/ps2_korean/codec_gcx/01305_00e69380.gcx,FILE,OK,
analysis/ps2_korean/codec_gcx/01306_00e6aad0.gcx,experiments/_loose/ps2_korean/codec_gcx/01306_00e6aad0.gcx,FILE,OK,
analysis/ps2_korean/codec_gcx/01307_00e6c5b0.gcx,experiments/_loose/ps2_korean/codec_gcx/01307_00e6c5b0.gcx,FILE,OK,
analysis/ps2_korean/codec_gcx/01308_00e6ddb0.gcx,experiments/_loose/ps2_korean/codec_gcx/01308_00e6ddb0.gcx,FILE,OK,
analysis/ps2_korean/codec_gcx/01309_00e6f4f0.gcx,experiments/_loose/ps2_korean/codec_gcx/01309_00e6f4f0.gcx,FILE,OK,
analysis/ps2_korean/codec_gcx/01310_00e70b70.gcx,experiments/_loose/ps2_korean/codec_gcx/01310_00e70b70.gcx,FILE,OK,
analysis/ps2_korean/codec_gcx/01311_00e721f0.gcx,experiments/_loose/ps2_korean/codec_gcx/01311_00e721f0.gcx,FILE,OK,
analysis/ps2_korean/codec_gcx/01312_00e73c30.gcx,experiments/_loose/ps2_korean/codec_gcx/01312_00e73c30.gcx,FILE,OK,
analysis/ps2_korean/codec_gcx/01313_00e750a0.gcx,experiments/_loose/ps2_korean/codec_gcx/01313_00e750a0.gcx,FILE,OK,
analysis/ps2_korean/codec_gcx/01314_00e76730.gcx,experiments/_loose/ps2_korean/codec_gcx/01314_00e76730.gcx,FILE,OK,
analysis/ps2_korean/codec_gcx/01315_00e77a50.gcx,experiments/_loose/ps2_korean/codec_gcx/01315_00e77a50.gcx,FILE,OK,
analysis/ps2_korean/codec_gcx/01316_00e78cd0.gcx,experiments/_loose/ps2_korean/codec_gcx/01316_00e78cd0.gcx,FILE,OK,
analysis/ps2_korean/codec_gcx/01317_00e7a470.gcx,experiments/_loose/ps2_korean/codec_gcx/01317_00e7a470.gcx,FILE,OK,
analysis/ps2_korean/codec_gcx/01318_00e7bd90.gcx,experiments/_loose/ps2_korean/codec_gcx/01318_00e7bd90.gcx,FILE,OK,
analysis/ps2_korean/codec_gcx/01319_00e7da40.gcx,experiments/_loose/ps2_korean/codec_gcx/01319_00e7da40.gcx,FILE,OK,
analysis/ps2_korean/codec_gcx/01320_00e7f350.gcx,experiments/_loose/ps2_korean/codec_gcx/01320_00e7f350.gcx,FILE,OK,
analysis/ps2_korean/codec_gcx/01321_00e80930.gcx,experiments/_loose/ps2_korean/codec_gcx/01321_00e80930.gcx,FILE,OK,
analysis/ps2_korean/codec_gcx/01322_00e827e0.gcx,experiments/_loose/ps2_korean/codec_gcx/01322_00e827e0.gcx,FILE,OK,
analysis/ps2_korean/codec_gcx/01323_00e83da0.gcx,experiments/_loose/ps2_korean/codec_gcx/01323_00e83da0.gcx,FILE,OK,
analysis/ps2_korean/codec_gcx/01324_00e851c0.gcx,experiments/_loose/ps2_korean/codec_gcx/01324_00e851c0.gcx,FILE,OK,
analysis/ps2_korean/codec_gcx/01325_00e862f0.gcx,experiments/_loose/ps2_korean/codec_gcx/01325_00e862f0.gcx,FILE,OK,
analysis/ps2_korean/codec_gcx/01326_00e87420.gcx,experiments/_loose/ps2_korean/codec_gcx/01326_00e87420.gcx,FILE,OK,
analysis/ps2_korean/codec_gcx/01327_00e885e0.gcx,experiments/_loose/ps2_korean/codec_gcx/01327_00e885e0.gcx,FILE,OK,
analysis/ps2_korean/codec_gcx/01328_00e897a0.gcx,experiments/_loose/ps2_korean/codec_gcx/01328_00e897a0.gcx,FILE,OK,
analysis/ps2_korean/codec_gcx/01329_00e8b010.gcx,experiments/_loose/ps2_korean/codec_gcx/01329_00e8b010.gcx,FILE,OK,
analysis/ps2_korean/codec_gcx/01330_00e8c440.gcx,experiments/_loose/ps2_korean/codec_gcx/01330_00e8c440.gcx,FILE,OK,
analysis/ps2_korean/codec_gcx/01331_00e8dbe0.gcx,experiments/_loose/ps2_korean/codec_gcx/01331_00e8dbe0.gcx,FILE,OK,
analysis/ps2_korean/codec_gcx/01332_00e8f0d0.gcx,experiments/_loose/ps2_korean/codec_gcx/01332_00e8f0d0.gcx,FILE,OK,
analysis/ps2_korean/codec_gcx/01333_00e90a30.gcx,experiments/_loose/ps2_korean/codec_gcx/01333_00e90a30.gcx,FILE,OK,
analysis/ps2_korean/codec_gcx/01334_00e91fe0.gcx,experiments/_loose/ps2_korean/codec_gcx/01334_00e91fe0.gcx,FILE,OK,
analysis/ps2_korean/codec_gcx/01335_00e934e0.gcx,experiments/_loose/ps2_korean/codec_gcx/01335_00e934e0.gcx,FILE,OK,
analysis/ps2_korean/codec_gcx/01336_00e949d0.gcx,experiments/_loose/ps2_korean/codec_gcx/01336_00e949d0.gcx,FILE,OK,
analysis/ps2_korean/codec_gcx/01337_00e95e20.gcx,experiments/_loose/ps2_korean/codec_gcx/01337_00e95e20.gcx,FILE,OK,
analysis/ps2_korean/codec_gcx/01338_00e97380.gcx,experiments/_loose/ps2_korean/codec_gcx/01338_00e97380.gcx,FILE,OK,
analysis/ps2_korean/codec_gcx/01339_00e98710.gcx,experiments/_loose/ps2_korean/codec_gcx/01339_00e98710.gcx,FILE,OK,
analysis/ps2_korean/codec_gcx/01340_00e99a10.gcx,experiments/_loose/ps2_korean/codec_gcx/01340_00e99a10.gcx,FILE,OK,
analysis/ps2_korean/codec_gcx/01341_00e9ab40.gcx,experiments/_loose/ps2_korean/codec_gcx/01341_00e9ab40.gcx,FILE,OK,
analysis/ps2_korean/codec_gcx/01342_00e9b9e0.gcx,experiments/_loose/ps2_korean/codec_gcx/01342_00e9b9e0.gcx,FILE,OK,
analysis/ps2_korean/codec_gcx/01343_00e9c890.gcx,experiments/_loose/ps2_korean/codec_gcx/01343_00e9c890.gcx,FILE,OK,
analysis/ps2_korean/codec_gcx/01344_00e9ddd0.gcx,experiments/_loose/ps2_korean/codec_gcx/01344_00e9ddd0.gcx,FILE,OK,
analysis/ps2_korean/codec_gcx/01345_00e9f210.gcx,experiments/_loose/ps2_korean/codec_gcx/01345_00e9f210.gcx,FILE,OK,
analysis/ps2_korean/codec_gcx/01346_00ea0a00.gcx,experiments/_loose/ps2_korean/codec_gcx/01346_00ea0a00.gcx,FILE,OK,
analysis/ps2_korean/codec_gcx/01347_00ea2590.gcx,experiments/_loose/ps2_korean/codec_gcx/01347_00ea2590.gcx,FILE,OK,
analysis/ps2_korean/codec_gcx/01348_00ea3d80.gcx,experiments/_loose/ps2_korean/codec_gcx/01348_00ea3d80.gcx,FILE,OK,
analysis/ps2_korean/codec_gcx/01349_00ea5ee0.gcx,experiments/_loose/ps2_korean/codec_gcx/01349_00ea5ee0.gcx,FILE,OK,
analysis/ps2_korean/codec_gcx/01350_00ea80b0.gcx,experiments/_loose/ps2_korean/codec_gcx/01350_00ea80b0.gcx,FILE,OK,
analysis/ps2_korean/codec_gcx/01351_00ea9930.gcx,experiments/_loose/ps2_korean/codec_gcx/01351_00ea9930.gcx,FILE,OK,
analysis/ps2_korean/codec_gcx/01352_00eaad00.gcx,experiments/_loose/ps2_korean/codec_gcx/01352_00eaad00.gcx,FILE,OK,
analysis/ps2_korean/codec_gcx/01353_00eac3d0.gcx,experiments/_loose/ps2_korean/codec_gcx/01353_00eac3d0.gcx,FILE,OK,
analysis/ps2_korean/codec_gcx/01354_00eade90.gcx,experiments/_loose/ps2_korean/codec_gcx/01354_00eade90.gcx,FILE,OK,
analysis/ps2_korean/codec_gcx/01355_00eaf690.gcx,experiments/_loose/ps2_korean/codec_gcx/01355_00eaf690.gcx,FILE,OK,
analysis/ps2_korean/codec_gcx/01356_00eb11b0.gcx,experiments/_loose/ps2_korean/codec_gcx/01356_00eb11b0.gcx,FILE,OK,
analysis/ps2_korean/codec_gcx/01357_00eb2c60.gcx,experiments/_loose/ps2_korean/codec_gcx/01357_00eb2c60.gcx,FILE,OK,
analysis/ps2_korean/codec_gcx/01358_00eb4100.gcx,experiments/_loose/ps2_korean/codec_gcx/01358_00eb4100.gcx,FILE,OK,
analysis/ps2_korean/codec_gcx/01359_00eb52a0.gcx,experiments/_loose/ps2_korean/codec_gcx/01359_00eb52a0.gcx,FILE,OK,
analysis/ps2_korean/codec_gcx/01360_00eb6640.gcx,experiments/_loose/ps2_korean/codec_gcx/01360_00eb6640.gcx,FILE,OK,
analysis/ps2_korean/codec_gcx/01361_00eb7800.gcx,experiments/_loose/ps2_korean/codec_gcx/01361_00eb7800.gcx,FILE,OK,
analysis/ps2_korean/codec_gcx/01362_00eb8fc0.gcx,experiments/_loose/ps2_korean/codec_gcx/01362_00eb8fc0.gcx,FILE,OK,
analysis/ps2_korean/codec_gcx/01363_00ebb010.gcx,experiments/_loose/ps2_korean/codec_gcx/01363_00ebb010.gcx,FILE,OK,
analysis/ps2_korean/codec_gcx/01364_00ebd0c0.gcx,experiments/_loose/ps2_korean/codec_gcx/01364_00ebd0c0.gcx,FILE,OK,
analysis/ps2_korean/codec_gcx/01365_00ebe560.gcx,experiments/_loose/ps2_korean/codec_gcx/01365_00ebe560.gcx,FILE,OK,
analysis/ps2_korean/codec_gcx/01366_00ec03c0.gcx,experiments/_loose/ps2_korean/codec_gcx/01366_00ec03c0.gcx,FILE,OK,
analysis/ps2_korean/codec_gcx/01367_00ec1770.gcx,experiments/_loose/ps2_korean/codec_gcx/01367_00ec1770.gcx,FILE,OK,
analysis/ps2_korean/codec_gcx/01368_00ec29d0.gcx,experiments/_loose/ps2_korean/codec_gcx/01368_00ec29d0.gcx,FILE,OK,
analysis/ps2_korean/codec_gcx/01369_00ec3d60.gcx,experiments/_loose/ps2_korean/codec_gcx/01369_00ec3d60.gcx,FILE,OK,
analysis/ps2_korean/codec_gcx/01370_00ec5170.gcx,experiments/_loose/ps2_korean/codec_gcx/01370_00ec5170.gcx,FILE,OK,
analysis/ps2_korean/codec_gcx/01371_00ec6930.gcx,experiments/_loose/ps2_korean/codec_gcx/01371_00ec6930.gcx,FILE,OK,
analysis/ps2_korean/codec_gcx/01372_00ec7fd0.gcx,experiments/_loose/ps2_korean/codec_gcx/01372_00ec7fd0.gcx,FILE,OK,
analysis/ps2_korean/codec_gcx/01373_00ec92b0.gcx,experiments/_loose/ps2_korean/codec_gcx/01373_00ec92b0.gcx,FILE,OK,
analysis/ps2_korean/codec_gcx/01374_00eca6a0.gcx,experiments/_loose/ps2_korean/codec_gcx/01374_00eca6a0.gcx,FILE,OK,
analysis/ps2_korean/codec_gcx/01375_00ecbac0.gcx,experiments/_loose/ps2_korean/codec_gcx/01375_00ecbac0.gcx,FILE,OK,
analysis/ps2_korean/codec_gcx/01376_00eccd90.gcx,experiments/_loose/ps2_korean/codec_gcx/01376_00eccd90.gcx,FILE,OK,
analysis/ps2_korean/codec_gcx/01377_00ece980.gcx,experiments/_loose/ps2_korean/codec_gcx/01377_00ece980.gcx,FILE,OK,
analysis/ps2_korean/codec_gcx/01378_00ed0320.gcx,experiments/_loose/ps2_korean/codec_gcx/01378_00ed0320.gcx,FILE,OK,
analysis/ps2_korean/codec_gcx/01379_00ed2330.gcx,experiments/_loose/ps2_korean/codec_gcx/01379_00ed2330.gcx,FILE,OK,
analysis/ps2_korean/codec_gcx/01380_00ed3460.gcx,experiments/_loose/ps2_korean/codec_gcx/01380_00ed3460.gcx,FILE,OK,
analysis/ps2_korean/codec_gcx/01381_00ed49b0.gcx,experiments/_loose/ps2_korean/codec_gcx/01381_00ed49b0.gcx,FILE,OK,
analysis/ps2_korean/codec_gcx/01382_00ed6a20.gcx,experiments/_loose/ps2_korean/codec_gcx/01382_00ed6a20.gcx,FILE,OK,
analysis/ps2_korean/codec_gcx/01383_00ed7e50.gcx,experiments/_loose/ps2_korean/codec_gcx/01383_00ed7e50.gcx,FILE,OK,
analysis/ps2_korean/codec_gcx/01384_00ed96e0.gcx,experiments/_loose/ps2_korean/codec_gcx/01384_00ed96e0.gcx,FILE,OK,
analysis/ps2_korean/codec_gcx/01385_00edb750.gcx,experiments/_loose/ps2_korean/codec_gcx/01385_00edb750.gcx,FILE,OK,
analysis/ps2_korean/codec_gcx/01386_00ede8a0.gcx,experiments/_loose/ps2_korean/codec_gcx/01386_00ede8a0.gcx,FILE,OK,
analysis/ps2_korean/codec_gcx/01387_00ee0740.gcx,experiments/_loose/ps2_korean/codec_gcx/01387_00ee0740.gcx,FILE,OK,
analysis/ps2_korean/codec_gcx/01388_00ee4900.gcx,experiments/_loose/ps2_korean/codec_gcx/01388_00ee4900.gcx,FILE,OK,
analysis/ps2_korean/codec_gcx/01389_00ee6a60.gcx,experiments/_loose/ps2_korean/codec_gcx/01389_00ee6a60.gcx,FILE,OK,
analysis/ps2_korean/codec_gcx/01390_00ee9de0.gcx,experiments/_loose/ps2_korean/codec_gcx/01390_00ee9de0.gcx,FILE,OK,
analysis/ps2_korean/codec_gcx/01391_00eec460.gcx,experiments/_loose/ps2_korean/codec_gcx/01391_00eec460.gcx,FILE,OK,
analysis/ps2_korean/codec_gcx/01392_00eef430.gcx,experiments/_loose/ps2_korean/codec_gcx/01392_00eef430.gcx,FILE,OK,
analysis/ps2_korean/codec_gcx/01393_00ef2520.gcx,experiments/_loose/ps2_korean/codec_gcx/01393_00ef2520.gcx,FILE,OK,
analysis/ps2_korean/codec_gcx/01394_00ef6db0.gcx,experiments/_loose/ps2_korean/codec_gcx/01394_00ef6db0.gcx,FILE,OK,
analysis/ps2_korean/codec_gcx/01395_00ef95f0.gcx,experiments/_loose/ps2_korean/codec_gcx/01395_00ef95f0.gcx,FILE,OK,
analysis/ps2_korean/codec_gcx/01396_00efc8b0.gcx,experiments/_loose/ps2_korean/codec_gcx/01396_00efc8b0.gcx,FILE,OK,
analysis/ps2_korean/codec_gcx/01397_00eff2a0.gcx,experiments/_loose/ps2_korean/codec_gcx/01397_00eff2a0.gcx,FILE,OK,
analysis/ps2_korean/codec_gcx/01398_00f00ef0.gcx,experiments/_loose/ps2_korean/codec_gcx/01398_00f00ef0.gcx,FILE,OK,
analysis/ps2_korean/codec_gcx/01399_00f02060.gcx,experiments/_loose/ps2_korean/codec_gcx/01399_00f02060.gcx,FILE,OK,
analysis/ps2_korean/codec_gcx/01400_00f044c0.gcx,experiments/_loose/ps2_korean/codec_gcx/01400_00f044c0.gcx,FILE,OK,
analysis/ps2_korean/codec_gcx/01401_00f061e0.gcx,experiments/_loose/ps2_korean/codec_gcx/01401_00f061e0.gcx,FILE,OK,
analysis/ps2_korean/codec_gcx/01402_00f07ac0.gcx,experiments/_loose/ps2_korean/codec_gcx/01402_00f07ac0.gcx,FILE,OK,
analysis/ps2_korean/codec_gcx/01403_00f0ab90.gcx,experiments/_loose/ps2_korean/codec_gcx/01403_00f0ab90.gcx,FILE,OK,
analysis/ps2_korean/codec_gcx/01404_00f0dd80.gcx,experiments/_loose/ps2_korean/codec_gcx/01404_00f0dd80.gcx,FILE,OK,
analysis/ps2_korean/codec_gcx/01405_00f0f840.gcx,experiments/_loose/ps2_korean/codec_gcx/01405_00f0f840.gcx,FILE,OK,
analysis/ps2_korean/codec_gcx/01406_00f113b0.gcx,experiments/_loose/ps2_korean/codec_gcx/01406_00f113b0.gcx,FILE,OK,
analysis/ps2_korean/codec_gcx/01407_00f12a10.gcx,experiments/_loose/ps2_korean/codec_gcx/01407_00f12a10.gcx,FILE,OK,
analysis/ps2_korean/codec_gcx/01408_00f13ae0.gcx,experiments/_loose/ps2_korean/codec_gcx/01408_00f13ae0.gcx,FILE,OK,
analysis/ps2_korean/codec_gcx/01409_00f14e90.gcx,experiments/_loose/ps2_korean/codec_gcx/01409_00f14e90.gcx,FILE,OK,
analysis/ps2_korean/codec_gcx/01410_00f15f30.gcx,experiments/_loose/ps2_korean/codec_gcx/01410_00f15f30.gcx,FILE,OK,
analysis/ps2_korean/codec_gcx/01411_00f17fd0.gcx,experiments/_loose/ps2_korean/codec_gcx/01411_00f17fd0.gcx,FILE,OK,
analysis/ps2_korean/codec_gcx/01412_00f19040.gcx,experiments/_loose/ps2_korean/codec_gcx/01412_00f19040.gcx,FILE,OK,
analysis/ps2_korean/codec_gcx/01413_00f1ad40.gcx,experiments/_loose/ps2_korean/codec_gcx/01413_00f1ad40.gcx,FILE,OK,
analysis/ps2_korean/codec_gcx/01414_00f1c680.gcx,experiments/_loose/ps2_korean/codec_gcx/01414_00f1c680.gcx,FILE,OK,
analysis/ps2_korean/codec_gcx/01415_00f1dcb0.gcx,experiments/_loose/ps2_korean/codec_gcx/01415_00f1dcb0.gcx,FILE,OK,
analysis/ps2_korean/codec_gcx/01416_00f1f480.gcx,experiments/_loose/ps2_korean/codec_gcx/01416_00f1f480.gcx,FILE,OK,
analysis/ps2_korean/codec_gcx/01417_00f21040.gcx,experiments/_loose/ps2_korean/codec_gcx/01417_00f21040.gcx,FILE,OK,
analysis/ps2_korean/codec_gcx/01418_00f22210.gcx,experiments/_loose/ps2_korean/codec_gcx/01418_00f22210.gcx,FILE,OK,
analysis/ps2_korean/codec_gcx/01419_00f23350.gcx,experiments/_loose/ps2_korean/codec_gcx/01419_00f23350.gcx,FILE,OK,
analysis/ps2_korean/codec_gcx/01420_00f24400.gcx,experiments/_loose/ps2_korean/codec_gcx/01420_00f24400.gcx,FILE,OK,
analysis/ps2_korean/codec_gcx/01421_00f255d0.gcx,experiments/_loose/ps2_korean/codec_gcx/01421_00f255d0.gcx,FILE,OK,
analysis/ps2_korean/codec_gcx/01422_00f26710.gcx,experiments/_loose/ps2_korean/codec_gcx/01422_00f26710.gcx,FILE,OK,
analysis/ps2_korean/codec_gcx/01423_00f68990.gcx,experiments/_loose/ps2_korean/codec_gcx/01423_00f68990.gcx,FILE,OK,
analysis/ps2_korean/codec_gcx/01424_00f6a190.gcx,experiments/_loose/ps2_korean/codec_gcx/01424_00f6a190.gcx,FILE,OK,
analysis/ps2_korean/codec_gcx/01425_00f6bd80.gcx,experiments/_loose/ps2_korean/codec_gcx/01425_00f6bd80.gcx,FILE,OK,
analysis/ps2_korean/codec_gcx/01426_00fae0f0.gcx,experiments/_loose/ps2_korean/codec_gcx/01426_00fae0f0.gcx,FILE,OK,
analysis/ps2_korean/codec_gcx/01427_00ff04d0.gcx,experiments/_loose/ps2_korean/codec_gcx/01427_00ff04d0.gcx,FILE,OK,
analysis/ps2_korean/codec_gcx/01428_010339e0.gcx,experiments/_loose/ps2_korean/codec_gcx/01428_010339e0.gcx,FILE,OK,
analysis/ps2_korean/codec_gcx/01429_01076310.gcx,experiments/_loose/ps2_korean/codec_gcx/01429_01076310.gcx,FILE,OK,
analysis/ps2_korean/codec_gcx/01430_010b85f0.gcx,experiments/_loose/ps2_korean/codec_gcx/01430_010b85f0.gcx,FILE,OK,
analysis/ps2_korean/codec_gcx/01431_010fa8c0.gcx,experiments/_loose/ps2_korean/codec_gcx/01431_010fa8c0.gcx,FILE,OK,
analysis/ps2_korean/codec_gcx/01432_0113e040.gcx,experiments/_loose/ps2_korean/codec_gcx/01432_0113e040.gcx,FILE,OK,
analysis/ps2_korean/codec_gcx/01433_01180310.gcx,experiments/_loose/ps2_korean/codec_gcx/01433_01180310.gcx,FILE,OK,
analysis/ps2_korean/codec_gcx/01434_011c25f0.gcx,experiments/_loose/ps2_korean/codec_gcx/01434_011c25f0.gcx,FILE,OK,
analysis/ps2_korean/codec_gcx/01435_012049e0.gcx,experiments/_loose/ps2_korean/codec_gcx/01435_012049e0.gcx,FILE,OK,
analysis/ps2_korean/codec_gcx/01436_01247200.gcx,experiments/_loose/ps2_korean/codec_gcx/01436_01247200.gcx,FILE,OK,
analysis/ps2_korean/codec_gcx/01437_01289c20.gcx,experiments/_loose/ps2_korean/codec_gcx/01437_01289c20.gcx,FILE,OK,
analysis/ps2_korean/codec_gcx/01438_012cc640.gcx,experiments/_loose/ps2_korean/codec_gcx/01438_012cc640.gcx,FILE,OK,
analysis/ps2_korean/codec_gcx/01439_0130f060.gcx,experiments/_loose/ps2_korean/codec_gcx/01439_0130f060.gcx,FILE,OK,
analysis/ps2_korean/codec_gcx/01440_01351a80.gcx,experiments/_loose/ps2_korean/codec_gcx/01440_01351a80.gcx,FILE,OK,
analysis/ps2_korean/codec_gcx/01441_013944a0.gcx,experiments/_loose/ps2_korean/codec_gcx/01441_013944a0.gcx,FILE,OK,
analysis/ps2_korean/codec_gcx/01442_013d6ec0.gcx,experiments/_loose/ps2_korean/codec_gcx/01442_013d6ec0.gcx,FILE,OK,
analysis/ps2_korean/codec_gcx/01443_014198e0.gcx,experiments/_loose/ps2_korean/codec_gcx/01443_014198e0.gcx,FILE,OK,
analysis/ps2_korean/codec_gcx/01444_0145c300.gcx,experiments/_loose/ps2_korean/codec_gcx/01444_0145c300.gcx,FILE,OK,
analysis/ps2_korean/codec_gcx/01445_0149ed20.gcx,experiments/_loose/ps2_korean/codec_gcx/01445_0149ed20.gcx,FILE,OK,
analysis/ps2_korean/codec_gcx/01446_014e1740.gcx,experiments/_loose/ps2_korean/codec_gcx/01446_014e1740.gcx,FILE,OK,
analysis/ps2_korean/codec_gcx/01447_01524160.gcx,experiments/_loose/ps2_korean/codec_gcx/01447_01524160.gcx,FILE,OK,
analysis/ps2_korean/codec_gcx/01448_01566b80.gcx,experiments/_loose/ps2_korean/codec_gcx/01448_01566b80.gcx,FILE,OK,
analysis/ps2_korean/codec_gcx/01449_015a95a0.gcx,experiments/_loose/ps2_korean/codec_gcx/01449_015a95a0.gcx,FILE,OK,
analysis/ps2_korean/codec_gcx/01450_015eba80.gcx,experiments/_loose/ps2_korean/codec_gcx/01450_015eba80.gcx,FILE,OK,
analysis/ps2_korean/codec_gcx/01451_0162e0f0.gcx,experiments/_loose/ps2_korean/codec_gcx/01451_0162e0f0.gcx,FILE,OK,
analysis/ps2_korean/codec_gcx/01452_01670660.gcx,experiments/_loose/ps2_korean/codec_gcx/01452_01670660.gcx,FILE,OK,
analysis/ps2_korean/codec_gcx/01453_016b2b80.gcx,experiments/_loose/ps2_korean/codec_gcx/01453_016b2b80.gcx,FILE,OK,
analysis/ps2_korean/codec_gcx/01454_016f4f60.gcx,experiments/_loose/ps2_korean/codec_gcx/01454_016f4f60.gcx,FILE,OK,
analysis/ps2_korean/codec_gcx/01455_01737560.gcx,experiments/_loose/ps2_korean/codec_gcx/01455_01737560.gcx,FILE,OK,
analysis/ps2_korean/codec_gcx/01456_01779b60.gcx,experiments/_loose/ps2_korean/codec_gcx/01456_01779b60.gcx,FILE,OK,
analysis/ps2_korean/codec_gcx/01457_017bc160.gcx,experiments/_loose/ps2_korean/codec_gcx/01457_017bc160.gcx,FILE,OK,
analysis/ps2_korean/codec_gcx/01458_017fe760.gcx,experiments/_loose/ps2_korean/codec_gcx/01458_017fe760.gcx,FILE,OK,
analysis/ps2_korean/codec_gcx/01459_01840d60.gcx,experiments/_loose/ps2_korean/codec_gcx/01459_01840d60.gcx,FILE,OK,
analysis/ps2_korean/codec_gcx/01460_01883360.gcx,experiments/_loose/ps2_korean/codec_gcx/01460_01883360.gcx,FILE,OK,
analysis/ps2_korean/codec_gcx/01461_018c5ac0.gcx,experiments/_loose/ps2_korean/codec_gcx/01461_018c5ac0.gcx,FILE,OK,
analysis/ps2_korean/codec_gcx/01462_01908220.gcx,experiments/_loose/ps2_korean/codec_gcx/01462_01908220.gcx,FILE,OK,
analysis/ps2_korean/codec_gcx/01463_0194a980.gcx,experiments/_loose/ps2_korean/codec_gcx/01463_0194a980.gcx,FILE,OK,
analysis/ps2_korean/codec_gcx/01464_0198d0e0.gcx,experiments/_loose/ps2_korean/codec_gcx/01464_0198d0e0.gcx,FILE,OK,
analysis/ps2_korean/codec_gcx/01465_019cf840.gcx,experiments/_loose/ps2_korean/codec_gcx/01465_019cf840.gcx,FILE,OK,
analysis/ps2_korean/codec_gcx/01466_01a11fa0.gcx,experiments/_loose/ps2_korean/codec_gcx/01466_01a11fa0.gcx,FILE,OK,
analysis/ps2_korean/codec_gcx/01467_01a545b0.gcx,experiments/_loose/ps2_korean/codec_gcx/01467_01a545b0.gcx,FILE,OK,
analysis/ps2_korean/codec_gcx/01468_01a96940.gcx,experiments/_loose/ps2_korean/codec_gcx/01468_01a96940.gcx,FILE,OK,
analysis/ps2_korean/codec_gcx/01469_01a986b0.gcx,experiments/_loose/ps2_korean/codec_gcx/01469_01a986b0.gcx,FILE,OK,
analysis/ps2_korean/codec_gcx/01470_01a99fe0.gcx,experiments/_loose/ps2_korean/codec_gcx/01470_01a99fe0.gcx,FILE,OK,
analysis/ps2_korean/codec_gcx/01471_01adc4c0.gcx,experiments/_loose/ps2_korean/codec_gcx/01471_01adc4c0.gcx,FILE,OK,
analysis/ps2_korean/codec_gcx/01472_01b1e770.gcx,experiments/_loose/ps2_korean/codec_gcx/01472_01b1e770.gcx,FILE,OK,
analysis/ps2_korean/codec_gcx/01473_01b60ba0.gcx,experiments/_loose/ps2_korean/codec_gcx/01473_01b60ba0.gcx,FILE,OK,
analysis/ps2_korean/codec_gcx/01474_01ba3420.gcx,experiments/_loose/ps2_korean/codec_gcx/01474_01ba3420.gcx,FILE,OK,
analysis/ps2_korean/codec_gcx/01475_01be5760.gcx,experiments/_loose/ps2_korean/codec_gcx/01475_01be5760.gcx,FILE,OK,
analysis/ps2_korean/codec_gcx/01476_01c27ac0.gcx,experiments/_loose/ps2_korean/codec_gcx/01476_01c27ac0.gcx,FILE,OK,
analysis/ps2_korean/codec_gcx/01477_01c6a010.gcx,experiments/_loose/ps2_korean/codec_gcx/01477_01c6a010.gcx,FILE,OK,
analysis/ps2_korean/codec_gcx/01478_01cac5f0.gcx,experiments/_loose/ps2_korean/codec_gcx/01478_01cac5f0.gcx,FILE,OK,
analysis/ps2_korean/codec_gcx/01479_01ceecd0.gcx,experiments/_loose/ps2_korean/codec_gcx/01479_01ceecd0.gcx,FILE,OK,
analysis/ps2_korean/codec_gcx/01480_01cf0540.gcx,experiments/_loose/ps2_korean/codec_gcx/01480_01cf0540.gcx,FILE,OK,
analysis/ps2_korean/codec_gcx/01481_01d328a0.gcx,experiments/_loose/ps2_korean/codec_gcx/01481_01d328a0.gcx,FILE,OK,
analysis/ps2_korean/codec_gcx/01482_01d33f80.gcx,experiments/_loose/ps2_korean/codec_gcx/01482_01d33f80.gcx,FILE,OK,
analysis/ps2_korean/codec_gcx/01483_01d76340.gcx,experiments/_loose/ps2_korean/codec_gcx/01483_01d76340.gcx,FILE,OK,
analysis/ps2_korean/codec_gcx/01484_01db86d0.gcx,experiments/_loose/ps2_korean/codec_gcx/01484_01db86d0.gcx,FILE,OK,
analysis/ps2_korean/codec_gcx/01485_01dfacd0.gcx,experiments/_loose/ps2_korean/codec_gcx/01485_01dfacd0.gcx,FILE,OK,
analysis/ps2_korean/codec_gcx/01486_01dfc490.gcx,experiments/_loose/ps2_korean/codec_gcx/01486_01dfc490.gcx,FILE,OK,
analysis/ps2_korean/codec_gcx/01487_01e3e910.gcx,experiments/_loose/ps2_korean/codec_gcx/01487_01e3e910.gcx,FILE,OK,
analysis/ps2_korean/codec_gcx/01488_01e3fe40.gcx,experiments/_loose/ps2_korean/codec_gcx/01488_01e3fe40.gcx,FILE,OK,
analysis/ps2_korean/codec_gcx/01489_01e412d0.gcx,experiments/_loose/ps2_korean/codec_gcx/01489_01e412d0.gcx,FILE,OK,
analysis/ps2_korean/codec_gcx/01490_01e83610.gcx,experiments/_loose/ps2_korean/codec_gcx/01490_01e83610.gcx,FILE,OK,
analysis/ps2_korean/codec_gcx/01491_01ec5cb0.gcx,experiments/_loose/ps2_korean/codec_gcx/01491_01ec5cb0.gcx,FILE,OK,
analysis/ps2_korean/codec_gcx/01492_01f08060.gcx,experiments/_loose/ps2_korean/codec_gcx/01492_01f08060.gcx,FILE,OK,
analysis/ps2_korean/codec_gcx/01493_01f4a560.gcx,experiments/_loose/ps2_korean/codec_gcx/01493_01f4a560.gcx,FILE,OK,
analysis/ps2_korean/codec_gcx/01494_01f4c9c0.gcx,experiments/_loose/ps2_korean/codec_gcx/01494_01f4c9c0.gcx,FILE,OK,
analysis/ps2_korean/codec_gcx/01495_01f4e060.gcx,experiments/_loose/ps2_korean/codec_gcx/01495_01f4e060.gcx,FILE,OK,
analysis/ps2_korean/codec_gcx/01496_01f4fae0.gcx,experiments/_loose/ps2_korean/codec_gcx/01496_01f4fae0.gcx,FILE,OK,
analysis/ps2_korean/codec_gcx/01497_01f52650.gcx,experiments/_loose/ps2_korean/codec_gcx/01497_01f52650.gcx,FILE,OK,
analysis/ps2_korean/codec_gcx/01498_01f53a50.gcx,experiments/_loose/ps2_korean/codec_gcx/01498_01f53a50.gcx,FILE,OK,
analysis/ps2_korean/codec_gcx/01499_01f54ed0.gcx,experiments/_loose/ps2_korean/codec_gcx/01499_01f54ed0.gcx,FILE,OK,
analysis/ps2_korean/codec_gcx/01500_01f563e0.gcx,experiments/_loose/ps2_korean/codec_gcx/01500_01f563e0.gcx,FILE,OK,
analysis/ps2_korean/codec_gcx/01501_01f578d0.gcx,experiments/_loose/ps2_korean/codec_gcx/01501_01f578d0.gcx,FILE,OK,
analysis/ps2_korean/codec_gcx/01502_01f58910.gcx,experiments/_loose/ps2_korean/codec_gcx/01502_01f58910.gcx,FILE,OK,
analysis/ps2_korean/codec_gcx/01503_01f59a60.gcx,experiments/_loose/ps2_korean/codec_gcx/01503_01f59a60.gcx,FILE,OK,
analysis/ps2_korean/codec_gcx/01504_01f5aa20.gcx,experiments/_loose/ps2_korean/codec_gcx/01504_01f5aa20.gcx,FILE,OK,
analysis/ps2_korean/codec_gcx/01505_01f5bde0.gcx,experiments/_loose/ps2_korean/codec_gcx/01505_01f5bde0.gcx,FILE,OK,
analysis/ps2_korean/codec_gcx/01506_01f5d060.gcx,experiments/_loose/ps2_korean/codec_gcx/01506_01f5d060.gcx,FILE,OK,
analysis/ps2_korean/codec_gcx/01507_01f5e080.gcx,experiments/_loose/ps2_korean/codec_gcx/01507_01f5e080.gcx,FILE,OK,
analysis/ps2_korean/codec_gcx/01508_01f5f310.gcx,experiments/_loose/ps2_korean/codec_gcx/01508_01f5f310.gcx,FILE,OK,
analysis/ps2_korean/codec_gcx/01509_01f60170.gcx,experiments/_loose/ps2_korean/codec_gcx/01509_01f60170.gcx,FILE,OK,
analysis/ps2_korean/codec_gcx/01510_01f61670.gcx,experiments/_loose/ps2_korean/codec_gcx/01510_01f61670.gcx,FILE,OK,
analysis/ps2_korean/codec_gcx/01511_01f632a0.gcx,experiments/_loose/ps2_korean/codec_gcx/01511_01f632a0.gcx,FILE,OK,
analysis/ps2_korean/codec_gcx/01512_01f64920.gcx,experiments/_loose/ps2_korean/codec_gcx/01512_01f64920.gcx,FILE,OK,
analysis/ps2_korean/codec_gcx/01513_01f65970.gcx,experiments/_loose/ps2_korean/codec_gcx/01513_01f65970.gcx,FILE,OK,
analysis/ps2_korean/codec_gcx/01514_01f669e0.gcx,experiments/_loose/ps2_korean/codec_gcx/01514_01f669e0.gcx,FILE,OK,
analysis/ps2_korean/codec_gcx/01515_01f67c10.gcx,experiments/_loose/ps2_korean/codec_gcx/01515_01f67c10.gcx,FILE,OK,
analysis/ps2_korean/codec_gcx/01516_01f68df0.gcx,experiments/_loose/ps2_korean/codec_gcx/01516_01f68df0.gcx,FILE,OK,
analysis/ps2_korean/codec_gcx/01517_01f6a870.gcx,experiments/_loose/ps2_korean/codec_gcx/01517_01f6a870.gcx,FILE,OK,
analysis/ps2_korean/codec_gcx/01518_01f6ba60.gcx,experiments/_loose/ps2_korean/codec_gcx/01518_01f6ba60.gcx,FILE,OK,
analysis/ps2_korean/codec_gcx/01519_01f6ca90.gcx,experiments/_loose/ps2_korean/codec_gcx/01519_01f6ca90.gcx,FILE,OK,
analysis/ps2_korean/codec_gcx/01520_01f6d8e0.gcx,experiments/_loose/ps2_korean/codec_gcx/01520_01f6d8e0.gcx,FILE,OK,
analysis/ps2_korean/codec_gcx/01521_01f6e920.gcx,experiments/_loose/ps2_korean/codec_gcx/01521_01f6e920.gcx,FILE,OK,
analysis/ps2_korean/codec_gcx/01522_01f6f940.gcx,experiments/_loose/ps2_korean/codec_gcx/01522_01f6f940.gcx,FILE,OK,
analysis/ps2_korean/codec_gcx/01523_01f71320.gcx,experiments/_loose/ps2_korean/codec_gcx/01523_01f71320.gcx,FILE,OK,
analysis/ps2_korean/codec_gcx/01524_01f72640.gcx,experiments/_loose/ps2_korean/codec_gcx/01524_01f72640.gcx,FILE,OK,
analysis/ps2_korean/codec_gcx/01525_01f73540.gcx,experiments/_loose/ps2_korean/codec_gcx/01525_01f73540.gcx,FILE,OK,
analysis/ps2_korean/codec_gcx/01526_01f74390.gcx,experiments/_loose/ps2_korean/codec_gcx/01526_01f74390.gcx,FILE,OK,
analysis/ps2_korean/codec_gcx/01527_01f75370.gcx,experiments/_loose/ps2_korean/codec_gcx/01527_01f75370.gcx,FILE,OK,
analysis/ps2_korean/codec_gcx/01528_01f76a10.gcx,experiments/_loose/ps2_korean/codec_gcx/01528_01f76a10.gcx,FILE,OK,
analysis/ps2_korean/codec_gcx/01529_01f77e70.gcx,experiments/_loose/ps2_korean/codec_gcx/01529_01f77e70.gcx,FILE,OK,
analysis/ps2_korean/codec_gcx/01530_01f78db0.gcx,experiments/_loose/ps2_korean/codec_gcx/01530_01f78db0.gcx,FILE,OK,
analysis/ps2_korean/codec_gcx/01531_01f7a010.gcx,experiments/_loose/ps2_korean/codec_gcx/01531_01f7a010.gcx,FILE,OK,
analysis/ps2_korean/codec_gcx/01532_01f7b5a0.gcx,experiments/_loose/ps2_korean/codec_gcx/01532_01f7b5a0.gcx,FILE,OK,
analysis/ps2_korean/codec_gcx/01533_01f7c550.gcx,experiments/_loose/ps2_korean/codec_gcx/01533_01f7c550.gcx,FILE,OK,
analysis/ps2_korean/codec_gcx/01534_01f7da50.gcx,experiments/_loose/ps2_korean/codec_gcx/01534_01f7da50.gcx,FILE,OK,
analysis/ps2_korean/codec_gcx/01535_01f7e830.gcx,experiments/_loose/ps2_korean/codec_gcx/01535_01f7e830.gcx,FILE,OK,
analysis/ps2_korean/codec_gcx/01536_01f803b0.gcx,experiments/_loose/ps2_korean/codec_gcx/01536_01f803b0.gcx,FILE,OK,
analysis/ps2_korean/codec_gcx/01537_01f81520.gcx,experiments/_loose/ps2_korean/codec_gcx/01537_01f81520.gcx,FILE,OK,
analysis/ps2_korean/codec_gcx/01538_01f82760.gcx,experiments/_loose/ps2_korean/codec_gcx/01538_01f82760.gcx,FILE,OK,
analysis/ps2_korean/codec_gcx/01539_01f83810.gcx,experiments/_loose/ps2_korean/codec_gcx/01539_01f83810.gcx,FILE,OK,
analysis/ps2_korean/codec_gcx/01540_01f84830.gcx,experiments/_loose/ps2_korean/codec_gcx/01540_01f84830.gcx,FILE,OK,
analysis/ps2_korean/codec_gcx/01541_01f858c0.gcx,experiments/_loose/ps2_korean/codec_gcx/01541_01f858c0.gcx,FILE,OK,
analysis/ps2_korean/codec_gcx/01542_01f874a0.gcx,experiments/_loose/ps2_korean/codec_gcx/01542_01f874a0.gcx,FILE,OK,
analysis/ps2_korean/codec_gcx/01543_01f89030.gcx,experiments/_loose/ps2_korean/codec_gcx/01543_01f89030.gcx,FILE,OK,
analysis/ps2_korean/codec_gcx/01544_01f89f30.gcx,experiments/_loose/ps2_korean/codec_gcx/01544_01f89f30.gcx,FILE,OK,
analysis/ps2_korean/codec_gcx/01545_01f8aee0.gcx,experiments/_loose/ps2_korean/codec_gcx/01545_01f8aee0.gcx,FILE,OK,
analysis/ps2_korean/codec_gcx/01546_01f8c600.gcx,experiments/_loose/ps2_korean/codec_gcx/01546_01f8c600.gcx,FILE,OK,
analysis/ps2_korean/codec_gcx/01547_01f8d3d0.gcx,experiments/_loose/ps2_korean/codec_gcx/01547_01f8d3d0.gcx,FILE,OK,
analysis/ps2_korean/codec_gcx/01548_01f8e5e0.gcx,experiments/_loose/ps2_korean/codec_gcx/01548_01f8e5e0.gcx,FILE,OK,
analysis/ps2_korean/codec_gcx/01549_01f8f8a0.gcx,experiments/_loose/ps2_korean/codec_gcx/01549_01f8f8a0.gcx,FILE,OK,
analysis/ps2_korean/codec_gcx/01550_01f90cf0.gcx,experiments/_loose/ps2_korean/codec_gcx/01550_01f90cf0.gcx,FILE,OK,
analysis/ps2_korean/codec_gcx/01551_01f92470.gcx,experiments/_loose/ps2_korean/codec_gcx/01551_01f92470.gcx,FILE,OK,
analysis/ps2_korean/codec_gcx/01552_01f93cd0.gcx,experiments/_loose/ps2_korean/codec_gcx/01552_01f93cd0.gcx,FILE,OK,
analysis/ps2_korean/codec_gcx/01553_01f94b50.gcx,experiments/_loose/ps2_korean/codec_gcx/01553_01f94b50.gcx,FILE,OK,
analysis/ps2_korean/codec_gcx/01554_01f959c0.gcx,experiments/_loose/ps2_korean/codec_gcx/01554_01f959c0.gcx,FILE,OK,
analysis/ps2_korean/codec_gcx/01555_01f96820.gcx,experiments/_loose/ps2_korean/codec_gcx/01555_01f96820.gcx,FILE,OK,
analysis/ps2_korean/codec_gcx/01556_01f97b40.gcx,experiments/_loose/ps2_korean/codec_gcx/01556_01f97b40.gcx,FILE,OK,
analysis/ps2_korean/codec_gcx/01557_01f98d00.gcx,experiments/_loose/ps2_korean/codec_gcx/01557_01f98d00.gcx,FILE,OK,
analysis/ps2_korean/codec_gcx/01558_01f99c00.gcx,experiments/_loose/ps2_korean/codec_gcx/01558_01f99c00.gcx,FILE,OK,
analysis/ps2_korean/codec_gcx/01559_01f9af30.gcx,experiments/_loose/ps2_korean/codec_gcx/01559_01f9af30.gcx,FILE,OK,
analysis/ps2_korean/codec_gcx/01560_01f9c790.gcx,experiments/_loose/ps2_korean/codec_gcx/01560_01f9c790.gcx,FILE,OK,
analysis/ps2_korean/codec_gcx/01561_01f9dc10.gcx,experiments/_loose/ps2_korean/codec_gcx/01561_01f9dc10.gcx,FILE,OK,
analysis/ps2_korean/codec_gcx/01562_01f9f220.gcx,experiments/_loose/ps2_korean/codec_gcx/01562_01f9f220.gcx,FILE,OK,
analysis/ps2_korean/codec_gcx/01563_01fa1480.gcx,experiments/_loose/ps2_korean/codec_gcx/01563_01fa1480.gcx,FILE,OK,
analysis/ps2_korean/codec_gcx/01564_01fa3120.gcx,experiments/_loose/ps2_korean/codec_gcx/01564_01fa3120.gcx,FILE,OK,
analysis/ps2_korean/codec_gcx/01565_01fa4310.gcx,experiments/_loose/ps2_korean/codec_gcx/01565_01fa4310.gcx,FILE,OK,
analysis/ps2_korean/codec_gcx/01566_01fa58b0.gcx,experiments/_loose/ps2_korean/codec_gcx/01566_01fa58b0.gcx,FILE,OK,
analysis/ps2_korean/codec_gcx/01567_01fa6840.gcx,experiments/_loose/ps2_korean/codec_gcx/01567_01fa6840.gcx,FILE,OK,
analysis/ps2_korean/codec_gcx/01568_01fa7d30.gcx,experiments/_loose/ps2_korean/codec_gcx/01568_01fa7d30.gcx,FILE,OK,
analysis/ps2_korean/codec_gcx/01569_01fa9110.gcx,experiments/_loose/ps2_korean/codec_gcx/01569_01fa9110.gcx,FILE,OK,
analysis/ps2_korean/codec_gcx/01570_01faa840.gcx,experiments/_loose/ps2_korean/codec_gcx/01570_01faa840.gcx,FILE,OK,
analysis/ps2_korean/codec_gcx/01571_01fab930.gcx,experiments/_loose/ps2_korean/codec_gcx/01571_01fab930.gcx,FILE,OK,
analysis/ps2_korean/codec_gcx/01572_01fac790.gcx,experiments/_loose/ps2_korean/codec_gcx/01572_01fac790.gcx,FILE,OK,
analysis/ps2_korean/codec_gcx/01573_01fae740.gcx,experiments/_loose/ps2_korean/codec_gcx/01573_01fae740.gcx,FILE,OK,
analysis/ps2_korean/codec_gcx/01574_01faf750.gcx,experiments/_loose/ps2_korean/codec_gcx/01574_01faf750.gcx,FILE,OK,
analysis/ps2_korean/codec_gcx/01575_01fb0650.gcx,experiments/_loose/ps2_korean/codec_gcx/01575_01fb0650.gcx,FILE,OK,
analysis/ps2_korean/codec_gcx/01576_01fb1550.gcx,experiments/_loose/ps2_korean/codec_gcx/01576_01fb1550.gcx,FILE,OK,
analysis/ps2_korean/codec_gcx/01577_01fb2450.gcx,experiments/_loose/ps2_korean/codec_gcx/01577_01fb2450.gcx,FILE,OK,
analysis/ps2_korean/codec_gcx/01578_01fb35a0.gcx,experiments/_loose/ps2_korean/codec_gcx/01578_01fb35a0.gcx,FILE,OK,
analysis/ps2_korean/codec_gcx/01579_01fb45d0.gcx,experiments/_loose/ps2_korean/codec_gcx/01579_01fb45d0.gcx,FILE,OK,
analysis/ps2_korean/codec_gcx/01580_01fb5560.gcx,experiments/_loose/ps2_korean/codec_gcx/01580_01fb5560.gcx,FILE,OK,
analysis/ps2_korean/codec_gcx/01581_01fb6730.gcx,experiments/_loose/ps2_korean/codec_gcx/01581_01fb6730.gcx,FILE,OK,
analysis/ps2_korean/codec_gcx/01582_01fb7920.gcx,experiments/_loose/ps2_korean/codec_gcx/01582_01fb7920.gcx,FILE,OK,
analysis/ps2_korean/codec_gcx/01583_01fb88b0.gcx,experiments/_loose/ps2_korean/codec_gcx/01583_01fb88b0.gcx,FILE,OK,
analysis/ps2_korean/codec_gcx/01584_01fb9720.gcx,experiments/_loose/ps2_korean/codec_gcx/01584_01fb9720.gcx,FILE,OK,
analysis/ps2_korean/codec_gcx/01585_01fba6b0.gcx,experiments/_loose/ps2_korean/codec_gcx/01585_01fba6b0.gcx,FILE,OK,
analysis/ps2_korean/codec_gcx/01586_01fbb810.gcx,experiments/_loose/ps2_korean/codec_gcx/01586_01fbb810.gcx,FILE,OK,
analysis/ps2_korean/codec_gcx/01587_01fbcbd0.gcx,experiments/_loose/ps2_korean/codec_gcx/01587_01fbcbd0.gcx,FILE,OK,
analysis/ps2_korean/codec_gcx/01588_01fbe740.gcx,experiments/_loose/ps2_korean/codec_gcx/01588_01fbe740.gcx,FILE,OK,
analysis/ps2_korean/codec_gcx/01589_01fbfa70.gcx,experiments/_loose/ps2_korean/codec_gcx/01589_01fbfa70.gcx,FILE,OK,
analysis/ps2_korean/codec_gcx/01590_01fc0d80.gcx,experiments/_loose/ps2_korean/codec_gcx/01590_01fc0d80.gcx,FILE,OK,
analysis/ps2_korean/codec_gcx/01591_01fc21f0.gcx,experiments/_loose/ps2_korean/codec_gcx/01591_01fc21f0.gcx,FILE,OK,
analysis/ps2_korean/codec_gcx/01592_01fc39c0.gcx,experiments/_loose/ps2_korean/codec_gcx/01592_01fc39c0.gcx,FILE,OK,
analysis/ps2_korean/codec_gcx/01593_01fc53d0.gcx,experiments/_loose/ps2_korean/codec_gcx/01593_01fc53d0.gcx,FILE,OK,
analysis/ps2_korean/codec_gcx/01594_01fc6250.gcx,experiments/_loose/ps2_korean/codec_gcx/01594_01fc6250.gcx,FILE,OK,
analysis/ps2_korean/codec_gcx/01595_01fc70d0.gcx,experiments/_loose/ps2_korean/codec_gcx/01595_01fc70d0.gcx,FILE,OK,
analysis/ps2_korean/codec_gcx/01596_01fc7ec0.gcx,experiments/_loose/ps2_korean/codec_gcx/01596_01fc7ec0.gcx,FILE,OK,
analysis/ps2_korean/codec_gcx/01597_01fc8ef0.gcx,experiments/_loose/ps2_korean/codec_gcx/01597_01fc8ef0.gcx,FILE,OK,
analysis/ps2_korean/codec_gcx/01598_01fcadb0.gcx,experiments/_loose/ps2_korean/codec_gcx/01598_01fcadb0.gcx,FILE,OK,
analysis/ps2_korean/codec_gcx/01599_01fcc9a0.gcx,experiments/_loose/ps2_korean/codec_gcx/01599_01fcc9a0.gcx,FILE,OK,
analysis/ps2_korean/codec_gcx/01600_01fcdd40.gcx,experiments/_loose/ps2_korean/codec_gcx/01600_01fcdd40.gcx,FILE,OK,
analysis/ps2_korean/codec_gcx/01601_01fcf650.gcx,experiments/_loose/ps2_korean/codec_gcx/01601_01fcf650.gcx,FILE,OK,
analysis/ps2_korean/codec_gcx/01602_01fd1350.gcx,experiments/_loose/ps2_korean/codec_gcx/01602_01fd1350.gcx,FILE,OK,
analysis/ps2_korean/codec_gcx/01603_01fd2500.gcx,experiments/_loose/ps2_korean/codec_gcx/01603_01fd2500.gcx,FILE,OK,
analysis/ps2_korean/codec_gcx/01604_01fd39a0.gcx,experiments/_loose/ps2_korean/codec_gcx/01604_01fd39a0.gcx,FILE,OK,
analysis/ps2_korean/codec_gcx/01605_01fd4d50.gcx,experiments/_loose/ps2_korean/codec_gcx/01605_01fd4d50.gcx,FILE,OK,
analysis/ps2_korean/codec_gcx/01606_01fd6360.gcx,experiments/_loose/ps2_korean/codec_gcx/01606_01fd6360.gcx,FILE,OK,
analysis/ps2_korean/codec_gcx/01607_01fd7950.gcx,experiments/_loose/ps2_korean/codec_gcx/01607_01fd7950.gcx,FILE,OK,
analysis/ps2_korean/codec_gcx/01608_01fd8ef0.gcx,experiments/_loose/ps2_korean/codec_gcx/01608_01fd8ef0.gcx,FILE,OK,
analysis/ps2_korean/codec_gcx/01609_01fda400.gcx,experiments/_loose/ps2_korean/codec_gcx/01609_01fda400.gcx,FILE,OK,
analysis/ps2_korean/codec_gcx/01610_01fdb570.gcx,experiments/_loose/ps2_korean/codec_gcx/01610_01fdb570.gcx,FILE,OK,
analysis/ps2_korean/codec_gcx/01611_01fdc8d0.gcx,experiments/_loose/ps2_korean/codec_gcx/01611_01fdc8d0.gcx,FILE,OK,
analysis/ps2_korean/codec_gcx/01612_01fddb70.gcx,experiments/_loose/ps2_korean/codec_gcx/01612_01fddb70.gcx,FILE,OK,
analysis/ps2_korean/codec_gcx/01613_01fded00.gcx,experiments/_loose/ps2_korean/codec_gcx/01613_01fded00.gcx,FILE,OK,
analysis/ps2_korean/codec_gcx/01614_01fdfc20.gcx,experiments/_loose/ps2_korean/codec_gcx/01614_01fdfc20.gcx,FILE,OK,
analysis/ps2_korean/codec_gcx/01615_01fe0c40.gcx,experiments/_loose/ps2_korean/codec_gcx/01615_01fe0c40.gcx,FILE,OK,
analysis/ps2_korean/codec_gcx/01616_01fe1ea0.gcx,experiments/_loose/ps2_korean/codec_gcx/01616_01fe1ea0.gcx,FILE,OK,
analysis/ps2_korean/codec_gcx/01617_01fe3d90.gcx,experiments/_loose/ps2_korean/codec_gcx/01617_01fe3d90.gcx,FILE,OK,
analysis/ps2_korean/codec_gcx/01618_01fe5150.gcx,experiments/_loose/ps2_korean/codec_gcx/01618_01fe5150.gcx,FILE,OK,
analysis/ps2_korean/codec_gcx/01619_01fe6270.gcx,experiments/_loose/ps2_korean/codec_gcx/01619_01fe6270.gcx,FILE,OK,
analysis/ps2_korean/codec_gcx/01620_01fe78b0.gcx,experiments/_loose/ps2_korean/codec_gcx/01620_01fe78b0.gcx,FILE,OK,
analysis/ps2_korean/codec_gcx/01621_01fe90a0.gcx,experiments/_loose/ps2_korean/codec_gcx/01621_01fe90a0.gcx,FILE,OK,
analysis/ps2_korean/codec_gcx/01622_01fea8c0.gcx,experiments/_loose/ps2_korean/codec_gcx/01622_01fea8c0.gcx,FILE,OK,
analysis/ps2_korean/codec_gcx/01623_01fec120.gcx,experiments/_loose/ps2_korean/codec_gcx/01623_01fec120.gcx,FILE,OK,
analysis/ps2_korean/codec_gcx/01624_01fedc50.gcx,experiments/_loose/ps2_korean/codec_gcx/01624_01fedc50.gcx,FILE,OK,
analysis/ps2_korean/codec_gcx/01625_01fef050.gcx,experiments/_loose/ps2_korean/codec_gcx/01625_01fef050.gcx,FILE,OK,
analysis/ps2_korean/codec_gcx/01626_01ff0150.gcx,experiments/_loose/ps2_korean/codec_gcx/01626_01ff0150.gcx,FILE,OK,
analysis/ps2_korean/codec_gcx/01627_01ff1690.gcx,experiments/_loose/ps2_korean/codec_gcx/01627_01ff1690.gcx,FILE,OK,
analysis/ps2_korean/codec_gcx/01628_01ff3420.gcx,experiments/_loose/ps2_korean/codec_gcx/01628_01ff3420.gcx,FILE,OK,
analysis/ps2_korean/codec_gcx/01629_01ff4870.gcx,experiments/_loose/ps2_korean/codec_gcx/01629_01ff4870.gcx,FILE,OK,
analysis/ps2_korean/codec_gcx/01630_01ff60a0.gcx,experiments/_loose/ps2_korean/codec_gcx/01630_01ff60a0.gcx,FILE,OK,
analysis/ps2_korean/codec_gcx/01631_01ff7170.gcx,experiments/_loose/ps2_korean/codec_gcx/01631_01ff7170.gcx,FILE,OK,
analysis/ps2_korean/codec_gcx/01632_01ff8b60.gcx,experiments/_loose/ps2_korean/codec_gcx/01632_01ff8b60.gcx,FILE,OK,
analysis/ps2_korean/codec_gcx/01633_01ffb010.gcx,experiments/_loose/ps2_korean/codec_gcx/01633_01ffb010.gcx,FILE,OK,
analysis/ps2_korean/codec_gcx/01634_01ffcb50.gcx,experiments/_loose/ps2_korean/codec_gcx/01634_01ffcb50.gcx,FILE,OK,
analysis/ps2_korean/codec_gcx/01635_01ffd880.gcx,experiments/_loose/ps2_korean/codec_gcx/01635_01ffd880.gcx,FILE,OK,
analysis/ps2_korean/codec_gcx/01636_01ffebb0.gcx,experiments/_loose/ps2_korean/codec_gcx/01636_01ffebb0.gcx,FILE,OK,
analysis/ps2_korean/codec_gcx/01637_02000460.gcx,experiments/_loose/ps2_korean/codec_gcx/01637_02000460.gcx,FILE,OK,
analysis/ps2_korean/codec_gcx/01638_020019a0.gcx,experiments/_loose/ps2_korean/codec_gcx/01638_020019a0.gcx,FILE,OK,
analysis/ps2_korean/codec_gcx/01639_02002fe0.gcx,experiments/_loose/ps2_korean/codec_gcx/01639_02002fe0.gcx,FILE,OK,
analysis/ps2_korean/codec_gcx/01640_02004010.gcx,experiments/_loose/ps2_korean/codec_gcx/01640_02004010.gcx,FILE,OK,
analysis/ps2_korean/codec_gcx/01641_02005340.gcx,experiments/_loose/ps2_korean/codec_gcx/01641_02005340.gcx,FILE,OK,
analysis/ps2_korean/codec_gcx/01642_020067c0.gcx,experiments/_loose/ps2_korean/codec_gcx/01642_020067c0.gcx,FILE,OK,
analysis/ps2_korean/codec_gcx/01643_02007b00.gcx,experiments/_loose/ps2_korean/codec_gcx/01643_02007b00.gcx,FILE,OK,
analysis/ps2_korean/codec_gcx/01644_02009040.gcx,experiments/_loose/ps2_korean/codec_gcx/01644_02009040.gcx,FILE,OK,
analysis/ps2_korean/codec_gcx/01645_0200a320.gcx,experiments/_loose/ps2_korean/codec_gcx/01645_0200a320.gcx,FILE,OK,
analysis/ps2_korean/codec_gcx/01646_0200b7e0.gcx,experiments/_loose/ps2_korean/codec_gcx/01646_0200b7e0.gcx,FILE,OK,
analysis/ps2_korean/codec_gcx/01647_0200c800.gcx,experiments/_loose/ps2_korean/codec_gcx/01647_0200c800.gcx,FILE,OK,
analysis/ps2_korean/codec_gcx/01648_0200d740.gcx,experiments/_loose/ps2_korean/codec_gcx/01648_0200d740.gcx,FILE,OK,
analysis/ps2_korean/codec_gcx/01649_0200e520.gcx,experiments/_loose/ps2_korean/codec_gcx/01649_0200e520.gcx,FILE,OK,
analysis/ps2_korean/codec_gcx/01650_0200fad0.gcx,experiments/_loose/ps2_korean/codec_gcx/01650_0200fad0.gcx,FILE,OK,
analysis/ps2_korean/codec_gcx/01651_02011110.gcx,experiments/_loose/ps2_korean/codec_gcx/01651_02011110.gcx,FILE,OK,
analysis/ps2_korean/codec_gcx/01652_020125a0.gcx,experiments/_loose/ps2_korean/codec_gcx/01652_020125a0.gcx,FILE,OK,
analysis/ps2_korean/codec_gcx/01653_02013770.gcx,experiments/_loose/ps2_korean/codec_gcx/01653_02013770.gcx,FILE,OK,
analysis/ps2_korean/codec_gcx/01654_020150e0.gcx,experiments/_loose/ps2_korean/codec_gcx/01654_020150e0.gcx,FILE,OK,
analysis/ps2_korean/codec_gcx/01655_02016460.gcx,experiments/_loose/ps2_korean/codec_gcx/01655_02016460.gcx,FILE,OK,
analysis/ps2_korean/codec_gcx/01656_02017680.gcx,experiments/_loose/ps2_korean/codec_gcx/01656_02017680.gcx,FILE,OK,
analysis/ps2_korean/codec_gcx/01657_02019390.gcx,experiments/_loose/ps2_korean/codec_gcx/01657_02019390.gcx,FILE,OK,
analysis/ps2_korean/codec_gcx/01658_0201a790.gcx,experiments/_loose/ps2_korean/codec_gcx/01658_0201a790.gcx,FILE,OK,
analysis/ps2_korean/codec_gcx/01659_0201b9a0.gcx,experiments/_loose/ps2_korean/codec_gcx/01659_0201b9a0.gcx,FILE,OK,
analysis/ps2_korean/codec_gcx/01660_0201cdd0.gcx,experiments/_loose/ps2_korean/codec_gcx/01660_0201cdd0.gcx,FILE,OK,
analysis/ps2_korean/codec_gcx/01661_0201df40.gcx,experiments/_loose/ps2_korean/codec_gcx/01661_0201df40.gcx,FILE,OK,
analysis/ps2_korean/codec_gcx/01662_0201f8c0.gcx,experiments/_loose/ps2_korean/codec_gcx/01662_0201f8c0.gcx,FILE,OK,
analysis/ps2_korean/codec_gcx/01663_02020fd0.gcx,experiments/_loose/ps2_korean/codec_gcx/01663_02020fd0.gcx,FILE,OK,
analysis/ps2_korean/codec_gcx/01664_020224b0.gcx,experiments/_loose/ps2_korean/codec_gcx/01664_020224b0.gcx,FILE,OK,
analysis/ps2_korean/codec_gcx/01665_02023ff0.gcx,experiments/_loose/ps2_korean/codec_gcx/01665_02023ff0.gcx,FILE,OK,
analysis/ps2_korean/codec_gcx/01666_02025280.gcx,experiments/_loose/ps2_korean/codec_gcx/01666_02025280.gcx,FILE,OK,
analysis/ps2_korean/codec_gcx/01667_020263c0.gcx,experiments/_loose/ps2_korean/codec_gcx/01667_020263c0.gcx,FILE,OK,
analysis/ps2_korean/codec_gcx/01668_02027340.gcx,experiments/_loose/ps2_korean/codec_gcx/01668_02027340.gcx,FILE,OK,
analysis/ps2_korean/codec_gcx/01669_020284e0.gcx,experiments/_loose/ps2_korean/codec_gcx/01669_020284e0.gcx,FILE,OK,
analysis/ps2_korean/codec_gcx/01670_02029aa0.gcx,experiments/_loose/ps2_korean/codec_gcx/01670_02029aa0.gcx,FILE,OK,
analysis/ps2_korean/codec_gcx/01671_0202b0e0.gcx,experiments/_loose/ps2_korean/codec_gcx/01671_0202b0e0.gcx,FILE,OK,
analysis/ps2_korean/codec_gcx/01672_0202c000.gcx,experiments/_loose/ps2_korean/codec_gcx/01672_0202c000.gcx,FILE,OK,
analysis/ps2_korean/codec_gcx/01673_0202cfd0.gcx,experiments/_loose/ps2_korean/codec_gcx/01673_0202cfd0.gcx,FILE,OK,
analysis/ps2_korean/codec_gcx/01674_0202e130.gcx,experiments/_loose/ps2_korean/codec_gcx/01674_0202e130.gcx,FILE,OK,
analysis/ps2_korean/codec_gcx/01675_0202f040.gcx,experiments/_loose/ps2_korean/codec_gcx/01675_0202f040.gcx,FILE,OK,
analysis/ps2_korean/codec_gcx/01676_0202ff50.gcx,experiments/_loose/ps2_korean/codec_gcx/01676_0202ff50.gcx,FILE,OK,
analysis/ps2_korean/codec_gcx/01677_02030e60.gcx,experiments/_loose/ps2_korean/codec_gcx/01677_02030e60.gcx,FILE,OK,
analysis/ps2_korean/codec_gcx/01678_02032460.gcx,experiments/_loose/ps2_korean/codec_gcx/01678_02032460.gcx,FILE,OK,
analysis/ps2_korean/codec_gcx/01679_020339a0.gcx,experiments/_loose/ps2_korean/codec_gcx/01679_020339a0.gcx,FILE,OK,
analysis/ps2_korean/codec_gcx/01680_02034b60.gcx,experiments/_loose/ps2_korean/codec_gcx/01680_02034b60.gcx,FILE,OK,
analysis/ps2_korean/codec_gcx/01681_02036150.gcx,experiments/_loose/ps2_korean/codec_gcx/01681_02036150.gcx,FILE,OK,
analysis/ps2_korean/codec_gcx/01682_02037480.gcx,experiments/_loose/ps2_korean/codec_gcx/01682_02037480.gcx,FILE,OK,
analysis/ps2_korean/codec_gcx/01683_020384c0.gcx,experiments/_loose/ps2_korean/codec_gcx/01683_020384c0.gcx,FILE,OK,
analysis/ps2_korean/codec_gcx/01684_02039590.gcx,experiments/_loose/ps2_korean/codec_gcx/01684_02039590.gcx,FILE,OK,
analysis/ps2_korean/codec_gcx/01685_0203a890.gcx,experiments/_loose/ps2_korean/codec_gcx/01685_0203a890.gcx,FILE,OK,
analysis/ps2_korean/codec_gcx/01686_0203be40.gcx,experiments/_loose/ps2_korean/codec_gcx/01686_0203be40.gcx,FILE,OK,
analysis/ps2_korean/codec_gcx/01687_0203cdc0.gcx,experiments/_loose/ps2_korean/codec_gcx/01687_0203cdc0.gcx,FILE,OK,
analysis/ps2_korean/codec_gcx/01688_0203dd60.gcx,experiments/_loose/ps2_korean/codec_gcx/01688_0203dd60.gcx,FILE,OK,
analysis/ps2_korean/codec_gcx/01689_0203eec0.gcx,experiments/_loose/ps2_korean/codec_gcx/01689_0203eec0.gcx,FILE,OK,
analysis/ps2_korean/codec_gcx/01690_02040030.gcx,experiments/_loose/ps2_korean/codec_gcx/01690_02040030.gcx,FILE,OK,
analysis/ps2_korean/codec_gcx/01691_020417f0.gcx,experiments/_loose/ps2_korean/codec_gcx/01691_020417f0.gcx,FILE,OK,
analysis/ps2_korean/codec_gcx/01692_02042d60.gcx,experiments/_loose/ps2_korean/codec_gcx/01692_02042d60.gcx,FILE,OK,
analysis/ps2_korean/codec_gcx/01693_020445d0.gcx,experiments/_loose/ps2_korean/codec_gcx/01693_020445d0.gcx,FILE,OK,
analysis/ps2_korean/codec_gcx/01694_020453b0.gcx,experiments/_loose/ps2_korean/codec_gcx/01694_020453b0.gcx,FILE,OK,
analysis/ps2_korean/codec_gcx/01695_02046210.gcx,experiments/_loose/ps2_korean/codec_gcx/01695_02046210.gcx,FILE,OK,
analysis/ps2_korean/codec_gcx/01696_020474c0.gcx,experiments/_loose/ps2_korean/codec_gcx/01696_020474c0.gcx,FILE,OK,
analysis/ps2_korean/codec_gcx/01697_020483c0.gcx,experiments/_loose/ps2_korean/codec_gcx/01697_020483c0.gcx,FILE,OK,
analysis/ps2_korean/codec_gcx/01698_02049510.gcx,experiments/_loose/ps2_korean/codec_gcx/01698_02049510.gcx,FILE,OK,
analysis/ps2_korean/codec_gcx/01699_0204b4f0.gcx,experiments/_loose/ps2_korean/codec_gcx/01699_0204b4f0.gcx,FILE,OK,
analysis/ps2_korean/codec_gcx/01700_0204c380.gcx,experiments/_loose/ps2_korean/codec_gcx/01700_0204c380.gcx,FILE,OK,
analysis/ps2_korean/codec_gcx/01701_0204e260.gcx,experiments/_loose/ps2_korean/codec_gcx/01701_0204e260.gcx,FILE,OK,
analysis/ps2_korean/codec_gcx/01702_0204f7d0.gcx,experiments/_loose/ps2_korean/codec_gcx/01702_0204f7d0.gcx,FILE,OK,
analysis/ps2_korean/codec_gcx/01703_02050780.gcx,experiments/_loose/ps2_korean/codec_gcx/01703_02050780.gcx,FILE,OK,
analysis/ps2_korean/codec_gcx/01704_02051850.gcx,experiments/_loose/ps2_korean/codec_gcx/01704_02051850.gcx,FILE,OK,
analysis/ps2_korean/codec_gcx/01705_02052630.gcx,experiments/_loose/ps2_korean/codec_gcx/01705_02052630.gcx,FILE,OK,
analysis/ps2_korean/codec_gcx/01706_02053860.gcx,experiments/_loose/ps2_korean/codec_gcx/01706_02053860.gcx,FILE,OK,
analysis/ps2_korean/codec_gcx/01707_02054880.gcx,experiments/_loose/ps2_korean/codec_gcx/01707_02054880.gcx,FILE,OK,
analysis/ps2_korean/codec_gcx/01708_02055790.gcx,experiments/_loose/ps2_korean/codec_gcx/01708_02055790.gcx,FILE,OK,
analysis/ps2_korean/codec_gcx/01709_02056580.gcx,experiments/_loose/ps2_korean/codec_gcx/01709_02056580.gcx,FILE,OK,
analysis/ps2_korean/codec_gcx/01710_02057410.gcx,experiments/_loose/ps2_korean/codec_gcx/01710_02057410.gcx,FILE,OK,
analysis/ps2_korean/codec_gcx/01711_02058570.gcx,experiments/_loose/ps2_korean/codec_gcx/01711_02058570.gcx,FILE,OK,
analysis/ps2_korean/codec_gcx/01712_02059760.gcx,experiments/_loose/ps2_korean/codec_gcx/01712_02059760.gcx,FILE,OK,
analysis/ps2_korean/codec_gcx/01713_0205aa70.gcx,experiments/_loose/ps2_korean/codec_gcx/01713_0205aa70.gcx,FILE,OK,
analysis/ps2_korean/codec_gcx/01714_0205b9e0.gcx,experiments/_loose/ps2_korean/codec_gcx/01714_0205b9e0.gcx,FILE,OK,
analysis/ps2_korean/codec_gcx/01715_0205c910.gcx,experiments/_loose/ps2_korean/codec_gcx/01715_0205c910.gcx,FILE,OK,
analysis/ps2_korean/codec_gcx/01716_0205d8b0.gcx,experiments/_loose/ps2_korean/codec_gcx/01716_0205d8b0.gcx,FILE,OK,
analysis/ps2_korean/codec_gcx/01717_0205e840.gcx,experiments/_loose/ps2_korean/codec_gcx/01717_0205e840.gcx,FILE,OK,
analysis/ps2_korean/codec_gcx/01718_0205f910.gcx,experiments/_loose/ps2_korean/codec_gcx/01718_0205f910.gcx,FILE,OK,
analysis/ps2_korean/codec_gcx/01719_02062b40.gcx,experiments/_loose/ps2_korean/codec_gcx/01719_02062b40.gcx,FILE,OK,
analysis/ps2_korean/codec_gcx/01720_02064140.gcx,experiments/_loose/ps2_korean/codec_gcx/01720_02064140.gcx,FILE,OK,
analysis/ps2_korean/codec_gcx/01721_020654b0.gcx,experiments/_loose/ps2_korean/codec_gcx/01721_020654b0.gcx,FILE,OK,
analysis/ps2_korean/codec_gcx/01722_020664d0.gcx,experiments/_loose/ps2_korean/codec_gcx/01722_020664d0.gcx,FILE,OK,
analysis/ps2_korean/codec_gcx/01723_02067590.gcx,experiments/_loose/ps2_korean/codec_gcx/01723_02067590.gcx,FILE,OK,
analysis/ps2_korean/codec_gcx/01724_020689b0.gcx,experiments/_loose/ps2_korean/codec_gcx/01724_020689b0.gcx,FILE,OK,
analysis/ps2_korean/codec_gcx/01725_02069df0.gcx,experiments/_loose/ps2_korean/codec_gcx/01725_02069df0.gcx,FILE,OK,
analysis/ps2_korean/codec_gcx/01726_0206b150.gcx,experiments/_loose/ps2_korean/codec_gcx/01726_0206b150.gcx,FILE,OK,
analysis/ps2_korean/codec_gcx/01727_0206c3d0.gcx,experiments/_loose/ps2_korean/codec_gcx/01727_0206c3d0.gcx,FILE,OK,
analysis/ps2_korean/codec_gcx/01728_0206e200.gcx,experiments/_loose/ps2_korean/codec_gcx/01728_0206e200.gcx,FILE,OK,
analysis/ps2_korean/codec_gcx/01729_0206f190.gcx,experiments/_loose/ps2_korean/codec_gcx/01729_0206f190.gcx,FILE,OK,
analysis/ps2_korean/codec_gcx/01730_02070200.gcx,experiments/_loose/ps2_korean/codec_gcx/01730_02070200.gcx,FILE,OK,
analysis/ps2_korean/codec_gcx/01731_020726e0.gcx,experiments/_loose/ps2_korean/codec_gcx/01731_020726e0.gcx,FILE,OK,
analysis/ps2_korean/codec_gcx/01732_02074d00.gcx,experiments/_loose/ps2_korean/codec_gcx/01732_02074d00.gcx,FILE,OK,
analysis/ps2_korean/codec_gcx/01733_020767e0.gcx,experiments/_loose/ps2_korean/codec_gcx/01733_020767e0.gcx,FILE,OK,
analysis/ps2_korean/codec_gcx/01734_020787b0.gcx,experiments/_loose/ps2_korean/codec_gcx/01734_020787b0.gcx,FILE,OK,
analysis/ps2_korean/codec_gcx/01735_02079fa0.gcx,experiments/_loose/ps2_korean/codec_gcx/01735_02079fa0.gcx,FILE,OK,
analysis/ps2_korean/codec_gcx/01736_0207bc10.gcx,experiments/_loose/ps2_korean/codec_gcx/01736_0207bc10.gcx,FILE,OK,
analysis/ps2_korean/codec_gcx/01737_0207edb0.gcx,experiments/_loose/ps2_korean/codec_gcx/01737_0207edb0.gcx,FILE,OK,
analysis/ps2_korean/codec_gcx/01738_020814c0.gcx,experiments/_loose/ps2_korean/codec_gcx/01738_020814c0.gcx,FILE,OK,
analysis/ps2_korean/codec_gcx/01739_02083da0.gcx,experiments/_loose/ps2_korean/codec_gcx/01739_02083da0.gcx,FILE,OK,
analysis/ps2_korean/codec_gcx/01740_02087170.gcx,experiments/_loose/ps2_korean/codec_gcx/01740_02087170.gcx,FILE,OK,
analysis/ps2_korean/codec_gcx/01741_02088e50.gcx,experiments/_loose/ps2_korean/codec_gcx/01741_02088e50.gcx,FILE,OK,
analysis/ps2_korean/codec_gcx/01742_0208a2e0.gcx,experiments/_loose/ps2_korean/codec_gcx/01742_0208a2e0.gcx,FILE,OK,
analysis/ps2_korean/codec_gcx/01743_0208b2e0.gcx,experiments/_loose/ps2_korean/codec_gcx/01743_0208b2e0.gcx,FILE,OK,
analysis/ps2_korean/codec_gcx/01744_0208c0a0.gcx,experiments/_loose/ps2_korean/codec_gcx/01744_0208c0a0.gcx,FILE,OK,
analysis/ps2_korean/codec_gcx/01745_0208cef0.gcx,experiments/_loose/ps2_korean/codec_gcx/01745_0208cef0.gcx,FILE,OK,
analysis/ps2_korean/codec_gcx/01746_0208f4d0.gcx,experiments/_loose/ps2_korean/codec_gcx/01746_0208f4d0.gcx,FILE,OK,
analysis/ps2_korean/codec_gcx/01747_02090340.gcx,experiments/_loose/ps2_korean/codec_gcx/01747_02090340.gcx,FILE,OK,
analysis/ps2_korean/codec_gcx/01748_020911b0.gcx,experiments/_loose/ps2_korean/codec_gcx/01748_020911b0.gcx,FILE,OK,
analysis/ps2_korean/codec_gcx/01749_02091fa0.gcx,experiments/_loose/ps2_korean/codec_gcx/01749_02091fa0.gcx,FILE,OK,
analysis/ps2_korean/codec_gcx/01750_02092cf0.gcx,experiments/_loose/ps2_korean/codec_gcx/01750_02092cf0.gcx,FILE,OK,
analysis/ps2_korean/codec_gcx/01751_02093bf0.gcx,experiments/_loose/ps2_korean/codec_gcx/01751_02093bf0.gcx,FILE,OK,
analysis/ps2_korean/codec_gcx/01752_020b75f0.gcx,experiments/_loose/ps2_korean/codec_gcx/01752_020b75f0.gcx,FILE,OK,
analysis/ps2_korean/codec_gcx/01753_020db070.gcx,experiments/_loose/ps2_korean/codec_gcx/01753_020db070.gcx,FILE,OK,
analysis/ps2_korean/codec_gcx/01754_020ff020.gcx,experiments/_loose/ps2_korean/codec_gcx/01754_020ff020.gcx,FILE,OK,
analysis/ps2_korean/codec_gcx/01755_02122fd0.gcx,experiments/_loose/ps2_korean/codec_gcx/01755_02122fd0.gcx,FILE,OK,
analysis/ps2_korean/codec_gcx/01756_02146da0.gcx,experiments/_loose/ps2_korean/codec_gcx/01756_02146da0.gcx,FILE,OK,
analysis/ps2_korean/codec_gcx/01757_0216ab70.gcx,experiments/_loose/ps2_korean/codec_gcx/01757_0216ab70.gcx,FILE,OK,
analysis/ps2_korean/codec_gcx/01758_0218e940.gcx,experiments/_loose/ps2_korean/codec_gcx/01758_0218e940.gcx,FILE,OK,
analysis/ps2_korean/codec_gcx/01759_021b2710.gcx,experiments/_loose/ps2_korean/codec_gcx/01759_021b2710.gcx,FILE,OK,
analysis/ps2_korean/codec_gcx/01760_021d65c0.gcx,experiments/_loose/ps2_korean/codec_gcx/01760_021d65c0.gcx,FILE,OK,
analysis/ps2_korean/codec_gcx/01761_021fa2c0.gcx,experiments/_loose/ps2_korean/codec_gcx/01761_021fa2c0.gcx,FILE,OK,
analysis/ps2_korean/codec_gcx/01762_0221e0b0.gcx,experiments/_loose/ps2_korean/codec_gcx/01762_0221e0b0.gcx,FILE,OK,
analysis/ps2_korean/codec_gcx/01763_02241d00.gcx,experiments/_loose/ps2_korean/codec_gcx/01763_02241d00.gcx,FILE,OK,
analysis/ps2_korean/codec_gcx/01764_02265960.gcx,experiments/_loose/ps2_korean/codec_gcx/01764_02265960.gcx,FILE,OK,
analysis/ps2_korean/codec_gcx/01765_022894e0.gcx,experiments/_loose/ps2_korean/codec_gcx/01765_022894e0.gcx,FILE,OK,
analysis/ps2_korean/codec_gcx/01766_022ad060.gcx,experiments/_loose/ps2_korean/codec_gcx/01766_022ad060.gcx,FILE,OK,
analysis/ps2_korean/codec_gcx/01767_022d0be0.gcx,experiments/_loose/ps2_korean/codec_gcx/01767_022d0be0.gcx,FILE,OK,
analysis/ps2_korean/codec_gcx/01768_022f4760.gcx,experiments/_loose/ps2_korean/codec_gcx/01768_022f4760.gcx,FILE,OK,
analysis/ps2_korean/codec_gcx/01769_02318320.gcx,experiments/_loose/ps2_korean/codec_gcx/01769_02318320.gcx,FILE,OK,
analysis/ps2_korean/codec_gcx/01770_0233bf70.gcx,experiments/_loose/ps2_korean/codec_gcx/01770_0233bf70.gcx,FILE,OK,
analysis/ps2_korean/codec_gcx/01771_0235fb30.gcx,experiments/_loose/ps2_korean/codec_gcx/01771_0235fb30.gcx,FILE,OK,
analysis/ps2_korean/codec_gcx/01772_02383780.gcx,experiments/_loose/ps2_korean/codec_gcx/01772_02383780.gcx,FILE,OK,
analysis/ps2_korean/codec_gcx/01773_02384b70.gcx,experiments/_loose/ps2_korean/codec_gcx/01773_02384b70.gcx,FILE,OK,
analysis/ps2_korean/codec_gcx/01774_023a8700.gcx,experiments/_loose/ps2_korean/codec_gcx/01774_023a8700.gcx,FILE,OK,
analysis/ps2_korean/codec_gcx/01775_023cc1e0.gcx,experiments/_loose/ps2_korean/codec_gcx/01775_023cc1e0.gcx,FILE,OK,
analysis/ps2_korean/codec_gcx/01776_023f00c0.gcx,experiments/_loose/ps2_korean/codec_gcx/01776_023f00c0.gcx,FILE,OK,
analysis/ps2_korean/codec_gcx/01777_023f1d10.gcx,experiments/_loose/ps2_korean/codec_gcx/01777_023f1d10.gcx,FILE,OK,
analysis/ps2_korean/codec_gcx/01778_023f8250.gcx,experiments/_loose/ps2_korean/codec_gcx/01778_023f8250.gcx,FILE,OK,
analysis/ps2_korean/codec_gcx/01779_023fb090.gcx,experiments/_loose/ps2_korean/codec_gcx/01779_023fb090.gcx,FILE,OK,
analysis/ps2_korean/codec_gcx/01780_023fcc30.gcx,experiments/_loose/ps2_korean/codec_gcx/01780_023fcc30.gcx,FILE,OK,
analysis/ps2_korean/codec_gcx/01781_02400930.gcx,experiments/_loose/ps2_korean/codec_gcx/01781_02400930.gcx,FILE,OK,
analysis/ps2_korean/codec_gcx/01782_024039b0.gcx,experiments/_loose/ps2_korean/codec_gcx/01782_024039b0.gcx,FILE,OK,
analysis/ps2_korean/codec_gcx/01783_02404aa0.gcx,experiments/_loose/ps2_korean/codec_gcx/01783_02404aa0.gcx,FILE,OK,
analysis/ps2_korean/codec_gcx/01784_02406ec0.gcx,experiments/_loose/ps2_korean/codec_gcx/01784_02406ec0.gcx,FILE,OK,
analysis/ps2_korean/codec_gcx/01785_02408410.gcx,experiments/_loose/ps2_korean/codec_gcx/01785_02408410.gcx,FILE,OK,
analysis/ps2_korean/codec_gcx/01786_0240aec0.gcx,experiments/_loose/ps2_korean/codec_gcx/01786_0240aec0.gcx,FILE,OK,
analysis/ps2_korean/codec_gcx/01787_0240dcb0.gcx,experiments/_loose/ps2_korean/codec_gcx/01787_0240dcb0.gcx,FILE,OK,
analysis/ps2_korean/codec_gcx/01788_02410700.gcx,experiments/_loose/ps2_korean/codec_gcx/01788_02410700.gcx,FILE,OK,
analysis/ps2_korean/codec_gcx/01789_02414710.gcx,experiments/_loose/ps2_korean/codec_gcx/01789_02414710.gcx,FILE,OK,
analysis/ps2_korean/codec_gcx/01790_024165d0.gcx,experiments/_loose/ps2_korean/codec_gcx/01790_024165d0.gcx,FILE,OK,
analysis/ps2_korean/codec_gcx/01791_02417810.gcx,experiments/_loose/ps2_korean/codec_gcx/01791_02417810.gcx,FILE,OK,
analysis/ps2_korean/codec_gcx/01792_024188e0.gcx,experiments/_loose/ps2_korean/codec_gcx/01792_024188e0.gcx,FILE,OK,
analysis/ps2_korean/codec_gcx/01793_0241ba00.gcx,experiments/_loose/ps2_korean/codec_gcx/01793_0241ba00.gcx,FILE,OK,
analysis/ps2_korean/codec_gcx/01794_0241f640.gcx,experiments/_loose/ps2_korean/codec_gcx/01794_0241f640.gcx,FILE,OK,
analysis/ps2_korean/codec_gcx/01795_02420850.gcx,experiments/_loose/ps2_korean/codec_gcx/01795_02420850.gcx,FILE,OK,
analysis/ps2_korean/codec_gcx/01796_024228f0.gcx,experiments/_loose/ps2_korean/codec_gcx/01796_024228f0.gcx,FILE,OK,
analysis/ps2_korean/codec_gcx/01797_024237a0.gcx,experiments/_loose/ps2_korean/codec_gcx/01797_024237a0.gcx,FILE,OK,
analysis/ps2_korean/codec_gcx/01798_02424650.gcx,experiments/_loose/ps2_korean/codec_gcx/01798_02424650.gcx,FILE,OK,
analysis/ps2_korean/codec_gcx/01799_02425500.gcx,experiments/_loose/ps2_korean/codec_gcx/01799_02425500.gcx,FILE,OK,
analysis/ps2_korean/codec_gcx/01800_024263b0.gcx,experiments/_loose/ps2_korean/codec_gcx/01800_024263b0.gcx,FILE,OK,
analysis/ps2_korean/codec_gcx/01801_02427260.gcx,experiments/_loose/ps2_korean/codec_gcx/01801_02427260.gcx,FILE,OK,
analysis/ps2_korean/codec_gcx/01802_024290c0.gcx,experiments/_loose/ps2_korean/codec_gcx/01802_024290c0.gcx,FILE,OK,
analysis/ps2_korean/codec_gcx/01803_0242abf0.gcx,experiments/_loose/ps2_korean/codec_gcx/01803_0242abf0.gcx,FILE,OK,
analysis/ps2_korean/codec_gcx/01804_0242c420.gcx,experiments/_loose/ps2_korean/codec_gcx/01804_0242c420.gcx,FILE,OK,
analysis/ps2_korean/codec_gcx/01805_0242da10.gcx,experiments/_loose/ps2_korean/codec_gcx/01805_0242da10.gcx,FILE,OK,
analysis/ps2_korean/codec_gcx/01806_0242ec60.gcx,experiments/_loose/ps2_korean/codec_gcx/01806_0242ec60.gcx,FILE,OK,
analysis/ps2_korean/codec_gcx/01807_02430db0.gcx,experiments/_loose/ps2_korean/codec_gcx/01807_02430db0.gcx,FILE,OK,
analysis/ps2_korean/codec_gcx/01808_02433240.gcx,experiments/_loose/ps2_korean/codec_gcx/01808_02433240.gcx,FILE,OK,
analysis/ps2_korean/codec_gcx/01809_02439780.gcx,experiments/_loose/ps2_korean/codec_gcx/01809_02439780.gcx,FILE,OK,
analysis/ps2_korean/codec_gcx/01810_0243c5d0.gcx,experiments/_loose/ps2_korean/codec_gcx/01810_0243c5d0.gcx,FILE,OK,
analysis/ps2_korean/codec_gcx/01811_0243e170.gcx,experiments/_loose/ps2_korean/codec_gcx/01811_0243e170.gcx,FILE,OK,
analysis/ps2_korean/codec_gcx/01812_02441e70.gcx,experiments/_loose/ps2_korean/codec_gcx/01812_02441e70.gcx,FILE,OK,
analysis/ps2_korean/codec_gcx/01813_02446760.gcx,experiments/_loose/ps2_korean/codec_gcx/01813_02446760.gcx,FILE,OK,
analysis/ps2_korean/codec_gcx/01814_0244b050.gcx,experiments/_loose/ps2_korean/codec_gcx/01814_0244b050.gcx,FILE,OK,
analysis/ps2_korean/codec_gcx/01815_0244db00.gcx,experiments/_loose/ps2_korean/codec_gcx/01815_0244db00.gcx,FILE,OK,
analysis/ps2_korean/codec_gcx/01816_024508f0.gcx,experiments/_loose/ps2_korean/codec_gcx/01816_024508f0.gcx,FILE,OK,
analysis/ps2_korean/codec_gcx/01817_02453340.gcx,experiments/_loose/ps2_korean/codec_gcx/01817_02453340.gcx,FILE,OK,
analysis/ps2_korean/codec_gcx/01818_02457350.gcx,experiments/_loose/ps2_korean/codec_gcx/01818_02457350.gcx,FILE,OK,
analysis/ps2_korean/codec_gcx/01819_02459750.gcx,experiments/_loose/ps2_korean/codec_gcx/01819_02459750.gcx,FILE,OK,
analysis/ps2_korean/codec_gcx/01820_0245c870.gcx,experiments/_loose/ps2_korean/codec_gcx/01820_0245c870.gcx,FILE,OK,
analysis/ps2_korean/codec_gcx/01821_02461b80.gcx,experiments/_loose/ps2_korean/codec_gcx/01821_02461b80.gcx,FILE,OK,
analysis/ps2_korean/codec_gcx/01822_024636b0.gcx,experiments/_loose/ps2_korean/codec_gcx/01822_024636b0.gcx,FILE,OK,
analysis/ps2_korean/codec_gcx/01823_024653d0.gcx,experiments/_loose/ps2_korean/codec_gcx/01823_024653d0.gcx,FILE,OK,
analysis/ps2_korean/codec_gcx/01824_024670e0.gcx,experiments/_loose/ps2_korean/codec_gcx/01824_024670e0.gcx,FILE,OK,
analysis/ps2_korean/codec_gcx/01825_02469230.gcx,experiments/_loose/ps2_korean/codec_gcx/01825_02469230.gcx,FILE,OK,
analysis/ps2_korean/codec_gcx/01826_0246b6c0.gcx,experiments/_loose/ps2_korean/codec_gcx/01826_0246b6c0.gcx,FILE,OK,
analysis/ps2_korean/codec_gcx/01827_0246c590.gcx,experiments/_loose/ps2_korean/codec_gcx/01827_0246c590.gcx,FILE,OK,
analysis/ps2_korean/codec_gcx/01828_0246d640.gcx,experiments/_loose/ps2_korean/codec_gcx/01828_0246d640.gcx,FILE,OK,
analysis/ps2_korean/codec_gcx/01829_0246f390.gcx,experiments/_loose/ps2_korean/codec_gcx/01829_0246f390.gcx,FILE,OK,
analysis/ps2_korean/codec_gcx/01830_02471440.gcx,experiments/_loose/ps2_korean/codec_gcx/01830_02471440.gcx,FILE,OK,
analysis/ps2_korean/codec_gcx/01831_02472dd0.gcx,experiments/_loose/ps2_korean/codec_gcx/01831_02472dd0.gcx,FILE,OK,
analysis/ps2_korean/codec_gcx/01832_02474900.gcx,experiments/_loose/ps2_korean/codec_gcx/01832_02474900.gcx,FILE,OK,
analysis/ps2_korean/codec_gcx/01833_024759a0.gcx,experiments/_loose/ps2_korean/codec_gcx/01833_024759a0.gcx,FILE,OK,
analysis/ps2_korean/codec_gcx/01834_02477070.gcx,experiments/_loose/ps2_korean/codec_gcx/01834_02477070.gcx,FILE,OK,
analysis/ps2_korean/codec_gcx/01835_02478440.gcx,experiments/_loose/ps2_korean/codec_gcx/01835_02478440.gcx,FILE,OK,
analysis/ps2_korean/codec_gcx/01836_0247a210.gcx,experiments/_loose/ps2_korean/codec_gcx/01836_0247a210.gcx,FILE,OK,
analysis/ps2_korean/codec_gcx/01837_0247b400.gcx,experiments/_loose/ps2_korean/codec_gcx/01837_0247b400.gcx,FILE,OK,
analysis/ps2_korean/codec_gcx/01838_0247c4b0.gcx,experiments/_loose/ps2_korean/codec_gcx/01838_0247c4b0.gcx,FILE,OK,
analysis/ps2_korean/codec_gcx/01839_0247d360.gcx,experiments/_loose/ps2_korean/codec_gcx/01839_0247d360.gcx,FILE,OK,
analysis/ps2_korean/codec_gcx/01840_0247f170.gcx,experiments/_loose/ps2_korean/codec_gcx/01840_0247f170.gcx,FILE,OK,
analysis/ps2_korean/codec_gcx/01841_024808c0.gcx,experiments/_loose/ps2_korean/codec_gcx/01841_024808c0.gcx,FILE,OK,
analysis/ps2_korean/codec_gcx/01842_02481c40.gcx,experiments/_loose/ps2_korean/codec_gcx/01842_02481c40.gcx,FILE,OK,
analysis/ps2_korean/codec_gcx/01843_02484720.gcx,experiments/_loose/ps2_korean/codec_gcx/01843_02484720.gcx,FILE,OK,
analysis/ps2_korean/codec_gcx/01844_02485fd0.gcx,experiments/_loose/ps2_korean/codec_gcx/01844_02485fd0.gcx,FILE,OK,
analysis/ps2_korean/codec_gcx/01845_02487710.gcx,experiments/_loose/ps2_korean/codec_gcx/01845_02487710.gcx,FILE,OK,
analysis/ps2_korean/codec_gcx/01846_02488be0.gcx,experiments/_loose/ps2_korean/codec_gcx/01846_02488be0.gcx,FILE,OK,
analysis/ps2_korean/codec_gcx/01847_0248a030.gcx,experiments/_loose/ps2_korean/codec_gcx/01847_0248a030.gcx,FILE,OK,
analysis/ps2_korean/codec_gcx/01848_0248ba00.gcx,experiments/_loose/ps2_korean/codec_gcx/01848_0248ba00.gcx,FILE,OK,
analysis/ps2_korean/codec_gcx/01849_0248c8b0.gcx,experiments/_loose/ps2_korean/codec_gcx/01849_0248c8b0.gcx,FILE,OK,
analysis/ps2_korean/codec_gcx/01850_0248dc30.gcx,experiments/_loose/ps2_korean/codec_gcx/01850_0248dc30.gcx,FILE,OK,
analysis/ps2_korean/codec_gcx/01851_0248eae0.gcx,experiments/_loose/ps2_korean/codec_gcx/01851_0248eae0.gcx,FILE,OK,
analysis/ps2_korean/codec_gcx/01852_02490050.gcx,experiments/_loose/ps2_korean/codec_gcx/01852_02490050.gcx,FILE,OK,
analysis/ps2_korean/codec_gcx/01853_02490f00.gcx,experiments/_loose/ps2_korean/codec_gcx/01853_02490f00.gcx,FILE,OK,
analysis/ps2_korean/codec_gcx/01854_02492320.gcx,experiments/_loose/ps2_korean/codec_gcx/01854_02492320.gcx,FILE,OK,
analysis/ps2_korean/codec_gcx/01855_02493260.gcx,experiments/_loose/ps2_korean/codec_gcx/01855_02493260.gcx,FILE,OK,
analysis/ps2_korean/codec_gcx/01856_02494550.gcx,experiments/_loose/ps2_korean/codec_gcx/01856_02494550.gcx,FILE,OK,
analysis/ps2_korean/codec_gcx/01857_02495ed0.gcx,experiments/_loose/ps2_korean/codec_gcx/01857_02495ed0.gcx,FILE,OK,
analysis/ps2_korean/codec_gcx/01858_02497090.gcx,experiments/_loose/ps2_korean/codec_gcx/01858_02497090.gcx,FILE,OK,
analysis/ps2_korean/codec_gcx/01859_02498670.gcx,experiments/_loose/ps2_korean/codec_gcx/01859_02498670.gcx,FILE,OK,
analysis/ps2_korean/codec_gcx/01860_024998b0.gcx,experiments/_loose/ps2_korean/codec_gcx/01860_024998b0.gcx,FILE,OK,
analysis/ps2_korean/codec_gcx/01861_0249ac30.gcx,experiments/_loose/ps2_korean/codec_gcx/01861_0249ac30.gcx,FILE,OK,
analysis/ps2_korean/codec_gcx/01862_0249cd60.gcx,experiments/_loose/ps2_korean/codec_gcx/01862_0249cd60.gcx,FILE,OK,
analysis/ps2_korean/codec_gcx/01863_0249e2d0.gcx,experiments/_loose/ps2_korean/codec_gcx/01863_0249e2d0.gcx,FILE,OK,
analysis/ps2_korean/codec_gcx/01864_0249f350.gcx,experiments/_loose/ps2_korean/codec_gcx/01864_0249f350.gcx,FILE,OK,
analysis/ps2_korean/codec_gcx/01865_024a04f0.gcx,experiments/_loose/ps2_korean/codec_gcx/01865_024a04f0.gcx,FILE,OK,
analysis/ps2_korean/codec_gcx/01866_024a19f0.gcx,experiments/_loose/ps2_korean/codec_gcx/01866_024a19f0.gcx,FILE,OK,
analysis/ps2_korean/codec_gcx/01867_024a3120.gcx,experiments/_loose/ps2_korean/codec_gcx/01867_024a3120.gcx,FILE,OK,
analysis/ps2_korean/codec_gcx/01868_024a44a0.gcx,experiments/_loose/ps2_korean/codec_gcx/01868_024a44a0.gcx,FILE,OK,
analysis/ps2_korean/codec_gcx/01869_024a5da0.gcx,experiments/_loose/ps2_korean/codec_gcx/01869_024a5da0.gcx,FILE,OK,
analysis/ps2_korean/codec_gcx/01870_024a7890.gcx,experiments/_loose/ps2_korean/codec_gcx/01870_024a7890.gcx,FILE,OK,
analysis/ps2_korean/codec_gcx/01871_024a93c0.gcx,experiments/_loose/ps2_korean/codec_gcx/01871_024a93c0.gcx,FILE,OK,
analysis/ps2_korean/codec_gcx/01872_024aa150.gcx,experiments/_loose/ps2_korean/codec_gcx/01872_024aa150.gcx,FILE,OK,
analysis/ps2_korean/codec_gcx/01873_024ab3b0.gcx,experiments/_loose/ps2_korean/codec_gcx/01873_024ab3b0.gcx,FILE,OK,
analysis/ps2_korean/codec_gcx/01874_024acaf0.gcx,experiments/_loose/ps2_korean/codec_gcx/01874_024acaf0.gcx,FILE,OK,
analysis/ps2_korean/codec_gcx/01875_024ae0c0.gcx,experiments/_loose/ps2_korean/codec_gcx/01875_024ae0c0.gcx,FILE,OK,
analysis/ps2_korean/codec_gcx/01876_024af760.gcx,experiments/_loose/ps2_korean/codec_gcx/01876_024af760.gcx,FILE,OK,
analysis/ps2_korean/codec_gcx/01877_024b0890.gcx,experiments/_loose/ps2_korean/codec_gcx/01877_024b0890.gcx,FILE,OK,
analysis/ps2_korean/codec_gcx/01878_024b1920.gcx,experiments/_loose/ps2_korean/codec_gcx/01878_024b1920.gcx,FILE,OK,
analysis/ps2_korean/codec_gcx/01879_024b35a0.gcx,experiments/_loose/ps2_korean/codec_gcx/01879_024b35a0.gcx,FILE,OK,
analysis/ps2_korean/codec_gcx/01880_024b4f40.gcx,experiments/_loose/ps2_korean/codec_gcx/01880_024b4f40.gcx,FILE,OK,
analysis/ps2_korean/codec_gcx/01881_024b6d50.gcx,experiments/_loose/ps2_korean/codec_gcx/01881_024b6d50.gcx,FILE,OK,
analysis/ps2_korean/codec_gcx/01882_024b7fe0.gcx,experiments/_loose/ps2_korean/codec_gcx/01882_024b7fe0.gcx,FILE,OK,
analysis/ps2_korean/codec_gcx/01883_024b92d0.gcx,experiments/_loose/ps2_korean/codec_gcx/01883_024b92d0.gcx,FILE,OK,
analysis/ps2_korean/codec_gcx/01884_024ba3e0.gcx,experiments/_loose/ps2_korean/codec_gcx/01884_024ba3e0.gcx,FILE,OK,
analysis/ps2_korean/codec_gcx/01885_024bb590.gcx,experiments/_loose/ps2_korean/codec_gcx/01885_024bb590.gcx,FILE,OK,
analysis/ps2_korean/codec_gcx/01886_024bc7d0.gcx,experiments/_loose/ps2_korean/codec_gcx/01886_024bc7d0.gcx,FILE,OK,
analysis/ps2_korean/codec_gcx/01887_024bdc40.gcx,experiments/_loose/ps2_korean/codec_gcx/01887_024bdc40.gcx,FILE,OK,
analysis/ps2_korean/codec_gcx/01888_024bf460.gcx,experiments/_loose/ps2_korean/codec_gcx/01888_024bf460.gcx,FILE,OK,
analysis/ps2_korean/codec_gcx/01889_024c0640.gcx,experiments/_loose/ps2_korean/codec_gcx/01889_024c0640.gcx,FILE,OK,
analysis/ps2_korean/codec_gcx/01890_024c37b0.gcx,experiments/_loose/ps2_korean/codec_gcx/01890_024c37b0.gcx,FILE,OK,
analysis/ps2_korean/codec_gcx/01891_024c5050.gcx,experiments/_loose/ps2_korean/codec_gcx/01891_024c5050.gcx,FILE,OK,
analysis/ps2_korean/codec_gcx/01892_024c6f90.gcx,experiments/_loose/ps2_korean/codec_gcx/01892_024c6f90.gcx,FILE,OK,
analysis/ps2_korean/codec_gcx/01893_024c7ef0.gcx,experiments/_loose/ps2_korean/codec_gcx/01893_024c7ef0.gcx,FILE,OK,
analysis/ps2_korean/codec_gcx/01894_024c8e50.gcx,experiments/_loose/ps2_korean/codec_gcx/01894_024c8e50.gcx,FILE,OK,
analysis/ps2_korean/codec_gcx/01895_024c9ed0.gcx,experiments/_loose/ps2_korean/codec_gcx/01895_024c9ed0.gcx,FILE,OK,
analysis/ps2_korean/codec_gcx/01896_024caf10.gcx,experiments/_loose/ps2_korean/codec_gcx/01896_024caf10.gcx,FILE,OK,
analysis/ps2_korean/codec_gcx/01897_024cc4d0.gcx,experiments/_loose/ps2_korean/codec_gcx/01897_024cc4d0.gcx,FILE,OK,
analysis/ps2_korean/codec_gcx/01898_024cd600.gcx,experiments/_loose/ps2_korean/codec_gcx/01898_024cd600.gcx,FILE,OK,
analysis/ps2_korean/codec_gcx/01899_024cea40.gcx,experiments/_loose/ps2_korean/codec_gcx/01899_024cea40.gcx,FILE,OK,
analysis/ps2_korean/codec_gcx/01900_024cfdc0.gcx,experiments/_loose/ps2_korean/codec_gcx/01900_024cfdc0.gcx,FILE,OK,
analysis/ps2_korean/codec_gcx/01901_024d11c0.gcx,experiments/_loose/ps2_korean/codec_gcx/01901_024d11c0.gcx,FILE,OK,
analysis/ps2_korean/codec_gcx/01902_024d2650.gcx,experiments/_loose/ps2_korean/codec_gcx/01902_024d2650.gcx,FILE,OK,
analysis/ps2_korean/codec_gcx/01903_024d3e00.gcx,experiments/_loose/ps2_korean/codec_gcx/01903_024d3e00.gcx,FILE,OK,
analysis/ps2_korean/codec_gcx/01904_024d50f0.gcx,experiments/_loose/ps2_korean/codec_gcx/01904_024d50f0.gcx,FILE,OK,
analysis/ps2_korean/codec_gcx/01905_024d6360.gcx,experiments/_loose/ps2_korean/codec_gcx/01905_024d6360.gcx,FILE,OK,
analysis/ps2_korean/codec_gcx/01906_024d72b0.gcx,experiments/_loose/ps2_korean/codec_gcx/01906_024d72b0.gcx,FILE,OK,
analysis/ps2_korean/codec_gcx/01907_024d83f0.gcx,experiments/_loose/ps2_korean/codec_gcx/01907_024d83f0.gcx,FILE,OK,
analysis/ps2_korean/codec_gcx/01908_024d9480.gcx,experiments/_loose/ps2_korean/codec_gcx/01908_024d9480.gcx,FILE,OK,
analysis/ps2_korean/codec_gcx/01909_024da360.gcx,experiments/_loose/ps2_korean/codec_gcx/01909_024da360.gcx,FILE,OK,
analysis/ps2_korean/codec_gcx/01910_024db640.gcx,experiments/_loose/ps2_korean/codec_gcx/01910_024db640.gcx,FILE,OK,
analysis/ps2_korean/codec_gcx/01911_024dcb10.gcx,experiments/_loose/ps2_korean/codec_gcx/01911_024dcb10.gcx,FILE,OK,
analysis/ps2_korean/codec_gcx/01912_024ddd70.gcx,experiments/_loose/ps2_korean/codec_gcx/01912_024ddd70.gcx,FILE,OK,
analysis/ps2_korean/codec_gcx/01913_024df0c0.gcx,experiments/_loose/ps2_korean/codec_gcx/01913_024df0c0.gcx,FILE,OK,
analysis/ps2_korean/codec_gcx/01914_024e01e0.gcx,experiments/_loose/ps2_korean/codec_gcx/01914_024e01e0.gcx,FILE,OK,
analysis/ps2_korean/codec_gcx/01915_024e1750.gcx,experiments/_loose/ps2_korean/codec_gcx/01915_024e1750.gcx,FILE,OK,
analysis/ps2_korean/codec_gcx/01916_024e2760.gcx,experiments/_loose/ps2_korean/codec_gcx/01916_024e2760.gcx,FILE,OK,
analysis/ps2_korean/codec_gcx/01917_024e37f0.gcx,experiments/_loose/ps2_korean/codec_gcx/01917_024e37f0.gcx,FILE,OK,
analysis/ps2_korean/codec_gcx/01918_024e4cd0.gcx,experiments/_loose/ps2_korean/codec_gcx/01918_024e4cd0.gcx,FILE,OK,
analysis/ps2_korean/codec_gcx/01919_024e6240.gcx,experiments/_loose/ps2_korean/codec_gcx/01919_024e6240.gcx,FILE,OK,
analysis/ps2_korean/codec_gcx/01920_024e7c70.gcx,experiments/_loose/ps2_korean/codec_gcx/01920_024e7c70.gcx,FILE,OK,
analysis/ps2_korean/codec_gcx/01921_024e9000.gcx,experiments/_loose/ps2_korean/codec_gcx/01921_024e9000.gcx,FILE,OK,
analysis/ps2_korean/codec_gcx/01922_024ea380.gcx,experiments/_loose/ps2_korean/codec_gcx/01922_024ea380.gcx,FILE,OK,
analysis/ps2_korean/codec_gcx/01923_024eb4b0.gcx,experiments/_loose/ps2_korean/codec_gcx/01923_024eb4b0.gcx,FILE,OK,
analysis/ps2_korean/codec_gcx/01924_024ec410.gcx,experiments/_loose/ps2_korean/codec_gcx/01924_024ec410.gcx,FILE,OK,
analysis/ps2_korean/codec_gcx/01925_024ed370.gcx,experiments/_loose/ps2_korean/codec_gcx/01925_024ed370.gcx,FILE,OK,
analysis/ps2_korean/codec_gcx/01926_024ee7a0.gcx,experiments/_loose/ps2_korean/codec_gcx/01926_024ee7a0.gcx,FILE,OK,
analysis/ps2_korean/codec_gcx/01927_024ef950.gcx,experiments/_loose/ps2_korean/codec_gcx/01927_024ef950.gcx,FILE,OK,
analysis/ps2_korean/codec_gcx/01928_024f0940.gcx,experiments/_loose/ps2_korean/codec_gcx/01928_024f0940.gcx,FILE,OK,
analysis/ps2_korean/codec_gcx/01929_024f19d0.gcx,experiments/_loose/ps2_korean/codec_gcx/01929_024f19d0.gcx,FILE,OK,
analysis/ps2_korean/codec_gcx/01930_024f29b0.gcx,experiments/_loose/ps2_korean/codec_gcx/01930_024f29b0.gcx,FILE,OK,
analysis/ps2_korean/codec_gcx/01931_024f41a0.gcx,experiments/_loose/ps2_korean/codec_gcx/01931_024f41a0.gcx,FILE,OK,
analysis/ps2_korean/codec_gcx/01932_024f5660.gcx,experiments/_loose/ps2_korean/codec_gcx/01932_024f5660.gcx,FILE,OK,
analysis/ps2_korean/codec_gcx/01933_024f68b0.gcx,experiments/_loose/ps2_korean/codec_gcx/01933_024f68b0.gcx,FILE,OK,
analysis/ps2_korean/codec_gcx/01934_024f7d00.gcx,experiments/_loose/ps2_korean/codec_gcx/01934_024f7d00.gcx,FILE,OK,
analysis/ps2_korean/codec_gcx/01935_024f8c50.gcx,experiments/_loose/ps2_korean/codec_gcx/01935_024f8c50.gcx,FILE,OK,
analysis/ps2_korean/codec_gcx/01936_024f9ba0.gcx,experiments/_loose/ps2_korean/codec_gcx/01936_024f9ba0.gcx,FILE,OK,
analysis/ps2_korean/codec_gcx/01937_024fb1b0.gcx,experiments/_loose/ps2_korean/codec_gcx/01937_024fb1b0.gcx,FILE,OK,
analysis/ps2_korean/codec_gcx/01938_024fc360.gcx,experiments/_loose/ps2_korean/codec_gcx/01938_024fc360.gcx,FILE,OK,
analysis/ps2_korean/codec_gcx/01939_024fd900.gcx,experiments/_loose/ps2_korean/codec_gcx/01939_024fd900.gcx,FILE,OK,
analysis/ps2_korean/codec_gcx/01940_024fe8e0.gcx,experiments/_loose/ps2_korean/codec_gcx/01940_024fe8e0.gcx,FILE,OK,
analysis/ps2_korean/codec_gcx/01941_024ff8c0.gcx,experiments/_loose/ps2_korean/codec_gcx/01941_024ff8c0.gcx,FILE,OK,
analysis/ps2_korean/codec_gcx/01942_02500c60.gcx,experiments/_loose/ps2_korean/codec_gcx/01942_02500c60.gcx,FILE,OK,
analysis/ps2_korean/codec_gcx/01943_02501eb0.gcx,experiments/_loose/ps2_korean/codec_gcx/01943_02501eb0.gcx,FILE,OK,
analysis/ps2_korean/codec_gcx/01944_02503960.gcx,experiments/_loose/ps2_korean/codec_gcx/01944_02503960.gcx,FILE,OK,
analysis/ps2_korean/codec_gcx/01945_02504950.gcx,experiments/_loose/ps2_korean/codec_gcx/01945_02504950.gcx,FILE,OK,
analysis/ps2_korean/codec_gcx/01946_02505df0.gcx,experiments/_loose/ps2_korean/codec_gcx/01946_02505df0.gcx,FILE,OK,
analysis/ps2_korean/codec_gcx/01947_02506e70.gcx,experiments/_loose/ps2_korean/codec_gcx/01947_02506e70.gcx,FILE,OK,
analysis/ps2_korean/codec_gcx/01948_02507ee0.gcx,experiments/_loose/ps2_korean/codec_gcx/01948_02507ee0.gcx,FILE,OK,
analysis/ps2_korean/codec_gcx/01949_02509200.gcx,experiments/_loose/ps2_korean/codec_gcx/01949_02509200.gcx,FILE,OK,
analysis/ps2_korean/codec_gcx/01950_0250a450.gcx,experiments/_loose/ps2_korean/codec_gcx/01950_0250a450.gcx,FILE,OK,
analysis/ps2_korean/codec_gcx/01951_0250c470.gcx,experiments/_loose/ps2_korean/codec_gcx/01951_0250c470.gcx,FILE,OK,
analysis/ps2_korean/codec_gcx/01952_0250d8f0.gcx,experiments/_loose/ps2_korean/codec_gcx/01952_0250d8f0.gcx,FILE,OK,
analysis/ps2_korean/codec_gcx/01953_0250e7b0.gcx,experiments/_loose/ps2_korean/codec_gcx/01953_0250e7b0.gcx,FILE,OK,
analysis/ps2_korean/codec_gcx/01954_0250f820.gcx,experiments/_loose/ps2_korean/codec_gcx/01954_0250f820.gcx,FILE,OK,
analysis/ps2_korean/codec_gcx/01955_02510ae0.gcx,experiments/_loose/ps2_korean/codec_gcx/01955_02510ae0.gcx,FILE,OK,
analysis/ps2_korean/codec_gcx/01956_02512460.gcx,experiments/_loose/ps2_korean/codec_gcx/01956_02512460.gcx,FILE,OK,
analysis/ps2_korean/codec_gcx/01957_02513280.gcx,experiments/_loose/ps2_korean/codec_gcx/01957_02513280.gcx,FILE,OK,
analysis/ps2_korean/codec_gcx/01958_02514010.gcx,experiments/_loose/ps2_korean/codec_gcx/01958_02514010.gcx,FILE,OK,
analysis/ps2_korean/codec_gcx/01959_02515210.gcx,experiments/_loose/ps2_korean/codec_gcx/01959_02515210.gcx,FILE,OK,
analysis/ps2_korean/codec_gcx/01960_02516290.gcx,experiments/_loose/ps2_korean/codec_gcx/01960_02516290.gcx,FILE,OK,
analysis/ps2_korean/codec_gcx/01961_02517270.gcx,experiments/_loose/ps2_korean/codec_gcx/01961_02517270.gcx,FILE,OK,
analysis/ps2_korean/codec_gcx/01962_02518620.gcx,experiments/_loose/ps2_korean/codec_gcx/01962_02518620.gcx,FILE,OK,
analysis/ps2_korean/codec_gcx/01963_0251a3c0.gcx,experiments/_loose/ps2_korean/codec_gcx/01963_0251a3c0.gcx,FILE,OK,
analysis/ps2_korean/codec_gcx/01964_0251b890.gcx,experiments/_loose/ps2_korean/codec_gcx/01964_0251b890.gcx,FILE,OK,
analysis/ps2_korean/codec_gcx/01965_0251c880.gcx,experiments/_loose/ps2_korean/codec_gcx/01965_0251c880.gcx,FILE,OK,
analysis/ps2_korean/codec_gcx/01966_0251d860.gcx,experiments/_loose/ps2_korean/codec_gcx/01966_0251d860.gcx,FILE,OK,
analysis/ps2_korean/codec_gcx/01967_0251edb0.gcx,experiments/_loose/ps2_korean/codec_gcx/01967_0251edb0.gcx,FILE,OK,
analysis/ps2_korean/codec_gcx/01968_025202a0.gcx,experiments/_loose/ps2_korean/codec_gcx/01968_025202a0.gcx,FILE,OK,
analysis/ps2_korean/codec_gcx/01969_025214c0.gcx,experiments/_loose/ps2_korean/codec_gcx/01969_025214c0.gcx,FILE,OK,
analysis/ps2_korean/codec_gcx/01970_02522720.gcx,experiments/_loose/ps2_korean/codec_gcx/01970_02522720.gcx,FILE,OK,
analysis/ps2_korean/codec_gcx/01971_02523b80.gcx,experiments/_loose/ps2_korean/codec_gcx/01971_02523b80.gcx,FILE,OK,
analysis/ps2_korean/codec_gcx/01972_02524c10.gcx,experiments/_loose/ps2_korean/codec_gcx/01972_02524c10.gcx,FILE,OK,
analysis/ps2_korean/codec_gcx/01973_02525bf0.gcx,experiments/_loose/ps2_korean/codec_gcx/01973_02525bf0.gcx,FILE,OK,
analysis/ps2_korean/codec_gcx/01974_02527770.gcx,experiments/_loose/ps2_korean/codec_gcx/01974_02527770.gcx,FILE,OK,
analysis/ps2_korean/codec_gcx/01975_025288d0.gcx,experiments/_loose/ps2_korean/codec_gcx/01975_025288d0.gcx,FILE,OK,
analysis/ps2_korean/codec_gcx/01976_025297a0.gcx,experiments/_loose/ps2_korean/codec_gcx/01976_025297a0.gcx,FILE,OK,
analysis/ps2_korean/codec_gcx/01977_0252a650.gcx,experiments/_loose/ps2_korean/codec_gcx/01977_0252a650.gcx,FILE,OK,
analysis/ps2_korean/codec_gcx/01978_0252bf80.gcx,experiments/_loose/ps2_korean/codec_gcx/01978_0252bf80.gcx,FILE,OK,
analysis/ps2_korean/codec_gcx/01979_0252d210.gcx,experiments/_loose/ps2_korean/codec_gcx/01979_0252d210.gcx,FILE,OK,
analysis/ps2_korean/codec_gcx/01980_0252e200.gcx,experiments/_loose/ps2_korean/codec_gcx/01980_0252e200.gcx,FILE,OK,
analysis/ps2_korean/codec_gcx/01981_0252f1d0.gcx,experiments/_loose/ps2_korean/codec_gcx/01981_0252f1d0.gcx,FILE,OK,
analysis/ps2_korean/codec_gcx/01982_02530650.gcx,experiments/_loose/ps2_korean/codec_gcx/01982_02530650.gcx,FILE,OK,
analysis/ps2_korean/codec_gcx/01983_02532890.gcx,experiments/_loose/ps2_korean/codec_gcx/01983_02532890.gcx,FILE,OK,
analysis/ps2_korean/codec_gcx/01984_025337f0.gcx,experiments/_loose/ps2_korean/codec_gcx/01984_025337f0.gcx,FILE,OK,
analysis/ps2_korean/codec_gcx/01985_02534740.gcx,experiments/_loose/ps2_korean/codec_gcx/01985_02534740.gcx,FILE,OK,
analysis/ps2_korean/codec_gcx/01986_02535780.gcx,experiments/_loose/ps2_korean/codec_gcx/01986_02535780.gcx,FILE,OK,
analysis/ps2_korean/codec_gcx/01987_02536b40.gcx,experiments/_loose/ps2_korean/codec_gcx/01987_02536b40.gcx,FILE,OK,
analysis/ps2_korean/codec_gcx/01988_02537a00.gcx,experiments/_loose/ps2_korean/codec_gcx/01988_02537a00.gcx,FILE,OK,
analysis/ps2_korean/codec_gcx/01989_02538950.gcx,experiments/_loose/ps2_korean/codec_gcx/01989_02538950.gcx,FILE,OK,
analysis/ps2_korean/codec_gcx/01990_02539f30.gcx,experiments/_loose/ps2_korean/codec_gcx/01990_02539f30.gcx,FILE,OK,
analysis/ps2_korean/codec_gcx/01991_0253b280.gcx,experiments/_loose/ps2_korean/codec_gcx/01991_0253b280.gcx,FILE,OK,
analysis/ps2_korean/codec_gcx/01992_0253c150.gcx,experiments/_loose/ps2_korean/codec_gcx/01992_0253c150.gcx,FILE,OK,
analysis/ps2_korean/codec_gcx/01993_0253d000.gcx,experiments/_loose/ps2_korean/codec_gcx/01993_0253d000.gcx,FILE,OK,
analysis/ps2_korean/codec_gcx/01994_0253e3d0.gcx,experiments/_loose/ps2_korean/codec_gcx/01994_0253e3d0.gcx,FILE,OK,
analysis/ps2_korean/codec_gcx/01995_0253f940.gcx,experiments/_loose/ps2_korean/codec_gcx/01995_0253f940.gcx,FILE,OK,
analysis/ps2_korean/codec_gcx/01996_02540960.gcx,experiments/_loose/ps2_korean/codec_gcx/01996_02540960.gcx,FILE,OK,
analysis/ps2_korean/codec_gcx/01997_02541a80.gcx,experiments/_loose/ps2_korean/codec_gcx/01997_02541a80.gcx,FILE,OK,
analysis/ps2_korean/codec_gcx/01998_02542c30.gcx,experiments/_loose/ps2_korean/codec_gcx/01998_02542c30.gcx,FILE,OK,
analysis/ps2_korean/codec_gcx/01999_02543c90.gcx,experiments/_loose/ps2_korean/codec_gcx/01999_02543c90.gcx,FILE,OK,
analysis/ps2_korean/codec_gcx/02000_02544f90.gcx,experiments/_loose/ps2_korean/codec_gcx/02000_02544f90.gcx,FILE,OK,
analysis/ps2_korean/codec_gcx/02001_025469d0.gcx,experiments/_loose/ps2_korean/codec_gcx/02001_025469d0.gcx,FILE,OK,
analysis/ps2_korean/codec_gcx/02002_02547dd0.gcx,experiments/_loose/ps2_korean/codec_gcx/02002_02547dd0.gcx,FILE,OK,
analysis/ps2_korean/codec_gcx/02003_02548f80.gcx,experiments/_loose/ps2_korean/codec_gcx/02003_02548f80.gcx,FILE,OK,
analysis/ps2_korean/codec_gcx/02004_02549f70.gcx,experiments/_loose/ps2_korean/codec_gcx/02004_02549f70.gcx,FILE,OK,
analysis/ps2_korean/codec_gcx/02005_0254c280.gcx,experiments/_loose/ps2_korean/codec_gcx/02005_0254c280.gcx,FILE,OK,
analysis/ps2_korean/codec_gcx/02006_0254d1e0.gcx,experiments/_loose/ps2_korean/codec_gcx/02006_0254d1e0.gcx,FILE,OK,
analysis/ps2_korean/codec_gcx/02007_0254e1c0.gcx,experiments/_loose/ps2_korean/codec_gcx/02007_0254e1c0.gcx,FILE,OK,
analysis/ps2_korean/codec_gcx/02008_02550ad0.gcx,experiments/_loose/ps2_korean/codec_gcx/02008_02550ad0.gcx,FILE,OK,
analysis/ps2_korean/codec_gcx/02009_02551e40.gcx,experiments/_loose/ps2_korean/codec_gcx/02009_02551e40.gcx,FILE,OK,
analysis/ps2_korean/codec_gcx/02010_02552fd0.gcx,experiments/_loose/ps2_korean/codec_gcx/02010_02552fd0.gcx,FILE,OK,
analysis/ps2_korean/codec_gcx/02011_02554830.gcx,experiments/_loose/ps2_korean/codec_gcx/02011_02554830.gcx,FILE,OK,
analysis/ps2_korean/codec_gcx/02012_025565b0.gcx,experiments/_loose/ps2_korean/codec_gcx/02012_025565b0.gcx,FILE,OK,
analysis/ps2_korean/codec_gcx/02013_02558510.gcx,experiments/_loose/ps2_korean/codec_gcx/02013_02558510.gcx,FILE,OK,
analysis/ps2_korean/codec_gcx/02014_02559500.gcx,experiments/_loose/ps2_korean/codec_gcx/02014_02559500.gcx,FILE,OK,
analysis/ps2_korean/codec_gcx/02015_0255a440.gcx,experiments/_loose/ps2_korean/codec_gcx/02015_0255a440.gcx,FILE,OK,
analysis/ps2_korean/codec_gcx/02016_0255bc40.gcx,experiments/_loose/ps2_korean/codec_gcx/02016_0255bc40.gcx,FILE,OK,
analysis/ps2_korean/codec_gcx/02017_0255d330.gcx,experiments/_loose/ps2_korean/codec_gcx/02017_0255d330.gcx,FILE,OK,
analysis/ps2_korean/codec_gcx/02018_0255e430.gcx,experiments/_loose/ps2_korean/codec_gcx/02018_0255e430.gcx,FILE,OK,
analysis/ps2_korean/codec_gcx/02019_0255f530.gcx,experiments/_loose/ps2_korean/codec_gcx/02019_0255f530.gcx,FILE,OK,
analysis/ps2_korean/codec_gcx/02020_025618b0.gcx,experiments/_loose/ps2_korean/codec_gcx/02020_025618b0.gcx,FILE,OK,
analysis/ps2_korean/codec_gcx/02021_025629c0.gcx,experiments/_loose/ps2_korean/codec_gcx/02021_025629c0.gcx,FILE,OK,
analysis/ps2_korean/codec_gcx/02022_02563a30.gcx,experiments/_loose/ps2_korean/codec_gcx/02022_02563a30.gcx,FILE,OK,
analysis/ps2_korean/codec_gcx/02023_025652e0.gcx,experiments/_loose/ps2_korean/codec_gcx/02023_025652e0.gcx,FILE,OK,
analysis/ps2_korean/codec_gcx/02024_02566700.gcx,experiments/_loose/ps2_korean/codec_gcx/02024_02566700.gcx,FILE,OK,
analysis/ps2_korean/codec_gcx/02025_02567650.gcx,experiments/_loose/ps2_korean/codec_gcx/02025_02567650.gcx,FILE,OK,
analysis/ps2_korean/codec_gcx/02026_02568480.gcx,experiments/_loose/ps2_korean/codec_gcx/02026_02568480.gcx,FILE,OK,
analysis/ps2_korean/codec_gcx/02027_02569470.gcx,experiments/_loose/ps2_korean/codec_gcx/02027_02569470.gcx,FILE,OK,
analysis/ps2_korean/codec_gcx/02028_0256a3b0.gcx,experiments/_loose/ps2_korean/codec_gcx/02028_0256a3b0.gcx,FILE,OK,
analysis/ps2_korean/codec_gcx/02029_0256bae0.gcx,experiments/_loose/ps2_korean/codec_gcx/02029_0256bae0.gcx,FILE,OK,
analysis/ps2_korean/codec_gcx/02030_0256d810.gcx,experiments/_loose/ps2_korean/codec_gcx/02030_0256d810.gcx,FILE,OK,
analysis/ps2_korean/codec_gcx/02031_0256e890.gcx,experiments/_loose/ps2_korean/codec_gcx/02031_0256e890.gcx,FILE,OK,
analysis/ps2_korean/codec_gcx/02032_0256f870.gcx,experiments/_loose/ps2_korean/codec_gcx/02032_0256f870.gcx,FILE,OK,
analysis/ps2_korean/codec_gcx/02033_02571070.gcx,experiments/_loose/ps2_korean/codec_gcx/02033_02571070.gcx,FILE,OK,
analysis/ps2_korean/codec_gcx/02034_02572630.gcx,experiments/_loose/ps2_korean/codec_gcx/02034_02572630.gcx,FILE,OK,
analysis/ps2_korean/codec_gcx/02035_02573b80.gcx,experiments/_loose/ps2_korean/codec_gcx/02035_02573b80.gcx,FILE,OK,
analysis/ps2_korean/codec_gcx/02036_02574a50.gcx,experiments/_loose/ps2_korean/codec_gcx/02036_02574a50.gcx,FILE,OK,
analysis/ps2_korean/codec_gcx/02037_02575870.gcx,experiments/_loose/ps2_korean/codec_gcx/02037_02575870.gcx,FILE,OK,
analysis/ps2_korean/codec_gcx/02038_02576b90.gcx,experiments/_loose/ps2_korean/codec_gcx/02038_02576b90.gcx,FILE,OK,
analysis/ps2_korean/codec_gcx/02039_02578960.gcx,experiments/_loose/ps2_korean/codec_gcx/02039_02578960.gcx,FILE,OK,
analysis/ps2_korean/codec_gcx/02040_02579ec0.gcx,experiments/_loose/ps2_korean/codec_gcx/02040_02579ec0.gcx,FILE,OK,
analysis/ps2_korean/codec_gcx/02041_0257af00.gcx,experiments/_loose/ps2_korean/codec_gcx/02041_0257af00.gcx,FILE,OK,
analysis/ps2_korean/codec_gcx/02042_0257bdd0.gcx,experiments/_loose/ps2_korean/codec_gcx/02042_0257bdd0.gcx,FILE,OK,
analysis/ps2_korean/codec_gcx/02043_0257cc80.gcx,experiments/_loose/ps2_korean/codec_gcx/02043_0257cc80.gcx,FILE,OK,
analysis/ps2_korean/codec_gcx/02044_0257e3e0.gcx,experiments/_loose/ps2_korean/codec_gcx/02044_0257e3e0.gcx,FILE,OK,
analysis/ps2_korean/codec_gcx/02045_02580370.gcx,experiments/_loose/ps2_korean/codec_gcx/02045_02580370.gcx,FILE,OK,
analysis/ps2_korean/codec_gcx/02046_02581480.gcx,experiments/_loose/ps2_korean/codec_gcx/02046_02581480.gcx,FILE,OK,
analysis/ps2_korean/codec_gcx/02047_02582990.gcx,experiments/_loose/ps2_korean/codec_gcx/02047_02582990.gcx,FILE,OK,
analysis/ps2_korean/codec_gcx/02048_02583b40.gcx,experiments/_loose/ps2_korean/codec_gcx/02048_02583b40.gcx,FILE,OK,
analysis/ps2_korean/codec_gcx/02049_02587440.gcx,experiments/_loose/ps2_korean/codec_gcx/02049_02587440.gcx,FILE,OK,
analysis/ps2_korean/codec_gcx/02050_02589d40.gcx,experiments/_loose/ps2_korean/codec_gcx/02050_02589d40.gcx,FILE,OK,
analysis/ps2_korean/codec_gcx/02051_0258aef0.gcx,experiments/_loose/ps2_korean/codec_gcx/02051_0258aef0.gcx,FILE,OK,
analysis/ps2_korean/codec_gcx/02052_0258bff0.gcx,experiments/_loose/ps2_korean/codec_gcx/02052_0258bff0.gcx,FILE,OK,
analysis/ps2_korean/codec_gcx/02053_0258d5f0.gcx,experiments/_loose/ps2_korean/codec_gcx/02053_0258d5f0.gcx,FILE,OK,
analysis/ps2_korean/codec_gcx/02054_0258e760.gcx,experiments/_loose/ps2_korean/codec_gcx/02054_0258e760.gcx,FILE,OK,
analysis/ps2_korean/codec_gcx/02055_0258fb20.gcx,experiments/_loose/ps2_korean/codec_gcx/02055_0258fb20.gcx,FILE,OK,
analysis/ps2_korean/codec_gcx/02056_025918c0.gcx,experiments/_loose/ps2_korean/codec_gcx/02056_025918c0.gcx,FILE,OK,
analysis/ps2_korean/codec_gcx/02057_02592a70.gcx,experiments/_loose/ps2_korean/codec_gcx/02057_02592a70.gcx,FILE,OK,
analysis/ps2_korean/codec_gcx/02058_02593b70.gcx,experiments/_loose/ps2_korean/codec_gcx/02058_02593b70.gcx,FILE,OK,
analysis/ps2_korean/codec_gcx/02059_02595690.gcx,experiments/_loose/ps2_korean/codec_gcx/02059_02595690.gcx,FILE,OK,
analysis/ps2_korean/codec_gcx/02060_02597830.gcx,experiments/_loose/ps2_korean/codec_gcx/02060_02597830.gcx,FILE,OK,
analysis/ps2_korean/codec_gcx/02061_02598960.gcx,experiments/_loose/ps2_korean/codec_gcx/02061_02598960.gcx,FILE,OK,
analysis/ps2_korean/codec_gcx/02062_025999d0.gcx,experiments/_loose/ps2_korean/codec_gcx/02062_025999d0.gcx,FILE,OK,
analysis/ps2_korean/codec_gcx/02063_0259acd0.gcx,experiments/_loose/ps2_korean/codec_gcx/02063_0259acd0.gcx,FILE,OK,
analysis/ps2_korean/codec_gcx/02064_0259cc10.gcx,experiments/_loose/ps2_korean/codec_gcx/02064_0259cc10.gcx,FILE,OK,
analysis/ps2_korean/codec_gcx/02065_0259eac0.gcx,experiments/_loose/ps2_korean/codec_gcx/02065_0259eac0.gcx,FILE,OK,
analysis/ps2_korean/codec_gcx/02066_025a01d0.gcx,experiments/_loose/ps2_korean/codec_gcx/02066_025a01d0.gcx,FILE,OK,
analysis/ps2_korean/codec_gcx/02067_025a18e0.gcx,experiments/_loose/ps2_korean/codec_gcx/02067_025a18e0.gcx,FILE,OK,
analysis/ps2_korean/codec_gcx/02068_025a3860.gcx,experiments/_loose/ps2_korean/codec_gcx/02068_025a3860.gcx,FILE,OK,
analysis/ps2_korean/codec_gcx/02069_025a4b30.gcx,experiments/_loose/ps2_korean/codec_gcx/02069_025a4b30.gcx,FILE,OK,
analysis/ps2_korean/codec_gcx/02070_025a58b0.gcx,experiments/_loose/ps2_korean/codec_gcx/02070_025a58b0.gcx,FILE,OK,
analysis/ps2_korean/codec_gcx/02071_025a6af0.gcx,experiments/_loose/ps2_korean/codec_gcx/02071_025a6af0.gcx,FILE,OK,
analysis/ps2_korean/codec_gcx/02072_025a7ac0.gcx,experiments/_loose/ps2_korean/codec_gcx/02072_025a7ac0.gcx,FILE,OK,
analysis/ps2_korean/codec_gcx/02073_025a9500.gcx,experiments/_loose/ps2_korean/codec_gcx/02073_025a9500.gcx,FILE,OK,
analysis/ps2_korean/codec_gcx/02074_025aa510.gcx,experiments/_loose/ps2_korean/codec_gcx/02074_025aa510.gcx,FILE,OK,
analysis/ps2_korean/codec_gcx/02075_025ab900.gcx,experiments/_loose/ps2_korean/codec_gcx/02075_025ab900.gcx,FILE,OK,
analysis/ps2_korean/codec_gcx/02076_025ad210.gcx,experiments/_loose/ps2_korean/codec_gcx/02076_025ad210.gcx,FILE,OK,
analysis/ps2_korean/codec_gcx/02077_025aeb80.gcx,experiments/_loose/ps2_korean/codec_gcx/02077_025aeb80.gcx,FILE,OK,
analysis/ps2_korean/codec_gcx/02078_025b0300.gcx,experiments/_loose/ps2_korean/codec_gcx/02078_025b0300.gcx,FILE,OK,
analysis/ps2_korean/codec_gcx/02079_025b1670.gcx,experiments/_loose/ps2_korean/codec_gcx/02079_025b1670.gcx,FILE,OK,
analysis/ps2_korean/codec_gcx/02080_025b26f0.gcx,experiments/_loose/ps2_korean/codec_gcx/02080_025b26f0.gcx,FILE,OK,
analysis/ps2_korean/codec_gcx/02081_025b38a0.gcx,experiments/_loose/ps2_korean/codec_gcx/02081_025b38a0.gcx,FILE,OK,
analysis/ps2_korean/codec_gcx/02082_025b4de0.gcx,experiments/_loose/ps2_korean/codec_gcx/02082_025b4de0.gcx,FILE,OK,
analysis/ps2_korean/codec_gcx/02083_025b6020.gcx,experiments/_loose/ps2_korean/codec_gcx/02083_025b6020.gcx,FILE,OK,
analysis/ps2_korean/codec_gcx/02084_025b71b0.gcx,experiments/_loose/ps2_korean/codec_gcx/02084_025b71b0.gcx,FILE,OK,
analysis/ps2_korean/codec_gcx/02085_025b85f0.gcx,experiments/_loose/ps2_korean/codec_gcx/02085_025b85f0.gcx,FILE,OK,
analysis/ps2_korean/codec_gcx/02086_025b98b0.gcx,experiments/_loose/ps2_korean/codec_gcx/02086_025b98b0.gcx,FILE,OK,
analysis/ps2_korean/codec_gcx/02087_025bb7c0.gcx,experiments/_loose/ps2_korean/codec_gcx/02087_025bb7c0.gcx,FILE,OK,
analysis/ps2_korean/codec_gcx/02088_025bc850.gcx,experiments/_loose/ps2_korean/codec_gcx/02088_025bc850.gcx,FILE,OK,
analysis/ps2_korean/codec_gcx/02089_025bd790.gcx,experiments/_loose/ps2_korean/codec_gcx/02089_025bd790.gcx,FILE,OK,
analysis/ps2_korean/codec_gcx/02090_025be9e0.gcx,experiments/_loose/ps2_korean/codec_gcx/02090_025be9e0.gcx,FILE,OK,
analysis/ps2_korean/codec_gcx/02091_025bfb20.gcx,experiments/_loose/ps2_korean/codec_gcx/02091_025bfb20.gcx,FILE,OK,
analysis/ps2_korean/codec_gcx/02092_025c0d00.gcx,experiments/_loose/ps2_korean/codec_gcx/02092_025c0d00.gcx,FILE,OK,
analysis/ps2_korean/codec_gcx/02093_025c21b0.gcx,experiments/_loose/ps2_korean/codec_gcx/02093_025c21b0.gcx,FILE,OK,
analysis/ps2_korean/codec_gcx/02094_025c32c0.gcx,experiments/_loose/ps2_korean/codec_gcx/02094_025c32c0.gcx,FILE,OK,
analysis/ps2_korean/codec_gcx/02095_025c5050.gcx,experiments/_loose/ps2_korean/codec_gcx/02095_025c5050.gcx,FILE,OK,
analysis/ps2_korean/codec_gcx/02096_025c60d0.gcx,experiments/_loose/ps2_korean/codec_gcx/02096_025c60d0.gcx,FILE,OK,
analysis/ps2_korean/codec_gcx/02097_025c7cd0.gcx,experiments/_loose/ps2_korean/codec_gcx/02097_025c7cd0.gcx,FILE,OK,
analysis/ps2_korean/codec_gcx/02098_025c8cc0.gcx,experiments/_loose/ps2_korean/codec_gcx/02098_025c8cc0.gcx,FILE,OK,
analysis/ps2_korean/codec_gcx/02099_025ca360.gcx,experiments/_loose/ps2_korean/codec_gcx/02099_025ca360.gcx,FILE,OK,
analysis/ps2_korean/codec_gcx/02100_025cba10.gcx,experiments/_loose/ps2_korean/codec_gcx/02100_025cba10.gcx,FILE,OK,
analysis/ps2_korean/codec_gcx/02101_025ccbc0.gcx,experiments/_loose/ps2_korean/codec_gcx/02101_025ccbc0.gcx,FILE,OK,
analysis/ps2_korean/codec_gcx/02102_025ce600.gcx,experiments/_loose/ps2_korean/codec_gcx/02102_025ce600.gcx,FILE,OK,
analysis/ps2_korean/codec_gcx/02103_025cf5e0.gcx,experiments/_loose/ps2_korean/codec_gcx/02103_025cf5e0.gcx,FILE,OK,
analysis/ps2_korean/codec_gcx/02104_025d0e10.gcx,experiments/_loose/ps2_korean/codec_gcx/02104_025d0e10.gcx,FILE,OK,
analysis/ps2_korean/codec_gcx/02105_025d20f0.gcx,experiments/_loose/ps2_korean/codec_gcx/02105_025d20f0.gcx,FILE,OK,
analysis/ps2_korean/codec_gcx/02106_025d2fb0.gcx,experiments/_loose/ps2_korean/codec_gcx/02106_025d2fb0.gcx,FILE,OK,
analysis/ps2_korean/codec_gcx/02107_025d44a0.gcx,experiments/_loose/ps2_korean/codec_gcx/02107_025d44a0.gcx,FILE,OK,
analysis/ps2_korean/codec_gcx/02108_025d5770.gcx,experiments/_loose/ps2_korean/codec_gcx/02108_025d5770.gcx,FILE,OK,
analysis/ps2_korean/codec_gcx/02109_025d6a60.gcx,experiments/_loose/ps2_korean/codec_gcx/02109_025d6a60.gcx,FILE,OK,
analysis/ps2_korean/codec_gcx/02110_025d7dc0.gcx,experiments/_loose/ps2_korean/codec_gcx/02110_025d7dc0.gcx,FILE,OK,
analysis/ps2_korean/codec_gcx/02111_025d8d10.gcx,experiments/_loose/ps2_korean/codec_gcx/02111_025d8d10.gcx,FILE,OK,
analysis/ps2_korean/codec_gcx/02112_025da660.gcx,experiments/_loose/ps2_korean/codec_gcx/02112_025da660.gcx,FILE,OK,
analysis/ps2_korean/codec_gcx/02113_025db930.gcx,experiments/_loose/ps2_korean/codec_gcx/02113_025db930.gcx,FILE,OK,
analysis/ps2_korean/codec_gcx/02114_025dc7f0.gcx,experiments/_loose/ps2_korean/codec_gcx/02114_025dc7f0.gcx,FILE,OK,
analysis/ps2_korean/codec_gcx/02115_025dd6c0.gcx,experiments/_loose/ps2_korean/codec_gcx/02115_025dd6c0.gcx,FILE,OK,
analysis/ps2_korean/codec_gcx/02116_025de990.gcx,experiments/_loose/ps2_korean/codec_gcx/02116_025de990.gcx,FILE,OK,
analysis/ps2_korean/codec_gcx/02117_025df840.gcx,experiments/_loose/ps2_korean/codec_gcx/02117_025df840.gcx,FILE,OK,
analysis/ps2_korean/codec_gcx/02118_025e0c80.gcx,experiments/_loose/ps2_korean/codec_gcx/02118_025e0c80.gcx,FILE,OK,
analysis/ps2_korean/codec_gcx/02119_025e2490.gcx,experiments/_loose/ps2_korean/codec_gcx/02119_025e2490.gcx,FILE,OK,
analysis/ps2_korean/codec_gcx/02120_025e3340.gcx,experiments/_loose/ps2_korean/codec_gcx/02120_025e3340.gcx,FILE,OK,
analysis/ps2_korean/codec_gcx/02121_025e44a0.gcx,experiments/_loose/ps2_korean/codec_gcx/02121_025e44a0.gcx,FILE,OK,
analysis/ps2_korean/codec_gcx/02122_025e5c00.gcx,experiments/_loose/ps2_korean/codec_gcx/02122_025e5c00.gcx,FILE,OK,
analysis/ps2_korean/codec_gcx/02123_025e6ab0.gcx,experiments/_loose/ps2_korean/codec_gcx/02123_025e6ab0.gcx,FILE,OK,
analysis/ps2_korean/codec_gcx/02124_025e85c0.gcx,experiments/_loose/ps2_korean/codec_gcx/02124_025e85c0.gcx,FILE,OK,
analysis/ps2_korean/codec_gcx/02125_025e9bd0.gcx,experiments/_loose/ps2_korean/codec_gcx/02125_025e9bd0.gcx,FILE,OK,
analysis/ps2_korean/codec_gcx/02126_025eaa80.gcx,experiments/_loose/ps2_korean/codec_gcx/02126_025eaa80.gcx,FILE,OK,
analysis/ps2_korean/codec_gcx/02127_025ebec0.gcx,experiments/_loose/ps2_korean/codec_gcx/02127_025ebec0.gcx,FILE,OK,
analysis/ps2_korean/codec_gcx/02128_025ed590.gcx,experiments/_loose/ps2_korean/codec_gcx/02128_025ed590.gcx,FILE,OK,
analysis/ps2_korean/codec_gcx/02129_025ee920.gcx,experiments/_loose/ps2_korean/codec_gcx/02129_025ee920.gcx,FILE,OK,
analysis/ps2_korean/codec_gcx/02130_025efeb0.gcx,experiments/_loose/ps2_korean/codec_gcx/02130_025efeb0.gcx,FILE,OK,
analysis/ps2_korean/codec_gcx/02131_025f0fe0.gcx,experiments/_loose/ps2_korean/codec_gcx/02131_025f0fe0.gcx,FILE,OK,
analysis/ps2_korean/codec_gcx/02132_025f2370.gcx,experiments/_loose/ps2_korean/codec_gcx/02132_025f2370.gcx,FILE,OK,
analysis/ps2_korean/codec_gcx/02133_025f3350.gcx,experiments/_loose/ps2_korean/codec_gcx/02133_025f3350.gcx,FILE,OK,
analysis/ps2_korean/codec_gcx/02134_025f46d0.gcx,experiments/_loose/ps2_korean/codec_gcx/02134_025f46d0.gcx,FILE,OK,
analysis/ps2_korean/codec_gcx/02135_025f6160.gcx,experiments/_loose/ps2_korean/codec_gcx/02135_025f6160.gcx,FILE,OK,
analysis/ps2_korean/codec_gcx/02136_025f78f0.gcx,experiments/_loose/ps2_korean/codec_gcx/02136_025f78f0.gcx,FILE,OK,
analysis/ps2_korean/codec_gcx/02137_025f8ab0.gcx,experiments/_loose/ps2_korean/codec_gcx/02137_025f8ab0.gcx,FILE,OK,
analysis/ps2_korean/codec_gcx/02138_025f9a20.gcx,experiments/_loose/ps2_korean/codec_gcx/02138_025f9a20.gcx,FILE,OK,
analysis/ps2_korean/codec_gcx/02139_025fac70.gcx,experiments/_loose/ps2_korean/codec_gcx/02139_025fac70.gcx,FILE,OK,
analysis/ps2_korean/codec_gcx/02140_025fe840.gcx,experiments/_loose/ps2_korean/codec_gcx/02140_025fe840.gcx,FILE,OK,
analysis/ps2_korean/codec_gcx/02141_026014d0.gcx,experiments/_loose/ps2_korean/codec_gcx/02141_026014d0.gcx,FILE,OK,
analysis/ps2_korean/codec_gcx/02142_02603160.gcx,experiments/_loose/ps2_korean/codec_gcx/02142_02603160.gcx,FILE,OK,
analysis/ps2_korean/codec_gcx/02143_026056a0.gcx,experiments/_loose/ps2_korean/codec_gcx/02143_026056a0.gcx,FILE,OK,
analysis/ps2_korean/codec_gcx/02144_0260a960.gcx,experiments/_loose/ps2_korean/codec_gcx/02144_0260a960.gcx,FILE,OK,
analysis/ps2_korean/codec_gcx/02145_0260bc30.gcx,experiments/_loose/ps2_korean/codec_gcx/02145_0260bc30.gcx,FILE,OK,
analysis/ps2_korean/codec_gcx/02146_0260d0a0.gcx,experiments/_loose/ps2_korean/codec_gcx/02146_0260d0a0.gcx,FILE,OK,
analysis/ps2_korean/codec_gcx/02147_0260e2c0.gcx,experiments/_loose/ps2_korean/codec_gcx/02147_0260e2c0.gcx,FILE,OK,
analysis/ps2_korean/codec_gcx/02148_0260f750.gcx,experiments/_loose/ps2_korean/codec_gcx/02148_0260f750.gcx,FILE,OK,
analysis/ps2_korean/codec_gcx/02149_02610dc0.gcx,experiments/_loose/ps2_korean/codec_gcx/02149_02610dc0.gcx,FILE,OK,
analysis/ps2_korean/codec_gcx/02150_02612460.gcx,experiments/_loose/ps2_korean/codec_gcx/02150_02612460.gcx,FILE,OK,
analysis/ps2_korean/codec_gcx/02151_02613970.gcx,experiments/_loose/ps2_korean/codec_gcx/02151_02613970.gcx,FILE,OK,
analysis/ps2_korean/codec_gcx/02152_02614b20.gcx,experiments/_loose/ps2_korean/codec_gcx/02152_02614b20.gcx,FILE,OK,
analysis/ps2_korean/codec_gcx/02153_02616030.gcx,experiments/_loose/ps2_korean/codec_gcx/02153_02616030.gcx,FILE,OK,
analysis/ps2_korean/codec_gcx/02154_02617060.gcx,experiments/_loose/ps2_korean/codec_gcx/02154_02617060.gcx,FILE,OK,
analysis/ps2_korean/codec_gcx/02155_02619730.gcx,experiments/_loose/ps2_korean/codec_gcx/02155_02619730.gcx,FILE,OK,
analysis/ps2_korean/codec_gcx/02156_0261b0a0.gcx,experiments/_loose/ps2_korean/codec_gcx/02156_0261b0a0.gcx,FILE,OK,
analysis/ps2_korean/codec_gcx/02157_0261c680.gcx,experiments/_loose/ps2_korean/codec_gcx/02157_0261c680.gcx,FILE,OK,
analysis/ps2_korean/codec_gcx/02158_0261d680.gcx,experiments/_loose/ps2_korean/codec_gcx/02158_0261d680.gcx,FILE,OK,
analysis/ps2_korean/codec_gcx/02159_0261e550.gcx,experiments/_loose/ps2_korean/codec_gcx/02159_0261e550.gcx,FILE,OK,
analysis/ps2_korean/codec_gcx/02160_0261f420.gcx,experiments/_loose/ps2_korean/codec_gcx/02160_0261f420.gcx,FILE,OK,
analysis/ps2_korean/codec_gcx/02161_026201d0.gcx,experiments/_loose/ps2_korean/codec_gcx/02161_026201d0.gcx,FILE,OK,
analysis/ps2_korean/codec_gcx/02162_026210a0.gcx,experiments/_loose/ps2_korean/codec_gcx/02162_026210a0.gcx,FILE,OK,
analysis/ps2_korean/codec_gcx/02163_02621e30.gcx,experiments/_loose/ps2_korean/codec_gcx/02163_02621e30.gcx,FILE,OK,
analysis/ps2_korean/codec_gcx/02164_02624260.gcx,experiments/_loose/ps2_korean/codec_gcx/02164_02624260.gcx,FILE,OK,
analysis/ps2_korean/codec_gcx/02165_02663920.gcx,experiments/_loose/ps2_korean/codec_gcx/02165_02663920.gcx,FILE,OK,
analysis/ps2_korean/codec_gcx/02166_026a3680.gcx,experiments/_loose/ps2_korean/codec_gcx/02166_026a3680.gcx,FILE,OK,
analysis/ps2_korean/codec_gcx/02167_026a44a0.gcx,experiments/_loose/ps2_korean/codec_gcx/02167_026a44a0.gcx,FILE,OK,
analysis/ps2_korean/codec_gcx/02168_026a52c0.gcx,experiments/_loose/ps2_korean/codec_gcx/02168_026a52c0.gcx,FILE,OK,
analysis/ps2_korean/codec_gcx/02169_026a6170.gcx,experiments/_loose/ps2_korean/codec_gcx/02169_026a6170.gcx,FILE,OK,
analysis/ps2_korean/codec_gcx/02170_026a7150.gcx,experiments/_loose/ps2_korean/codec_gcx/02170_026a7150.gcx,FILE,OK,
analysis/ps2_korean/codec_gcx/02171_026a8000.gcx,experiments/_loose/ps2_korean/codec_gcx/02171_026a8000.gcx,FILE,OK,
analysis/ps2_korean/codec_gcx/02172_026a8fe0.gcx,experiments/_loose/ps2_korean/codec_gcx/02172_026a8fe0.gcx,FILE,OK,
analysis/ps2_korean/codec_gcx/02173_026a9e00.gcx,experiments/_loose/ps2_korean/codec_gcx/02173_026a9e00.gcx,FILE,OK,
analysis/ps2_korean/codec_gcx/02174_026aad50.gcx,experiments/_loose/ps2_korean/codec_gcx/02174_026aad50.gcx,FILE,OK,
analysis/ps2_korean/codec_gcx/02175_026abb70.gcx,experiments/_loose/ps2_korean/codec_gcx/02175_026abb70.gcx,FILE,OK,
analysis/ps2_korean/codec_gcx/02176_026ac990.gcx,experiments/_loose/ps2_korean/codec_gcx/02176_026ac990.gcx,FILE,OK,
analysis/ps2_korean/codec_gcx/02177_026ad840.gcx,experiments/_loose/ps2_korean/codec_gcx/02177_026ad840.gcx,FILE,OK,
analysis/ps2_korean/codec_gcx/02178_026ae660.gcx,experiments/_loose/ps2_korean/codec_gcx/02178_026ae660.gcx,FILE,OK,
analysis/ps2_korean/codec_gcx/02179_026af590.gcx,experiments/_loose/ps2_korean/codec_gcx/02179_026af590.gcx,FILE,OK,
analysis/ps2_korean/codec_gcx/02180_026b0460.gcx,experiments/_loose/ps2_korean/codec_gcx/02180_026b0460.gcx,FILE,OK,
analysis/ps2_korean/codec_gcx/02181_026b1450.gcx,experiments/_loose/ps2_korean/codec_gcx/02181_026b1450.gcx,FILE,OK,
analysis/ps2_korean/codec_gcx/02182_026b2290.gcx,experiments/_loose/ps2_korean/codec_gcx/02182_026b2290.gcx,FILE,OK,
analysis/ps2_korean/codec_gcx/02183_026b3210.gcx,experiments/_loose/ps2_korean/codec_gcx/02183_026b3210.gcx,FILE,OK,
analysis/ps2_korean/codec_gcx/02184_026b4040.gcx,experiments/_loose/ps2_korean/codec_gcx/02184_026b4040.gcx,FILE,OK,
analysis/ps2_korean/codec_gcx/02185_026b4f10.gcx,experiments/_loose/ps2_korean/codec_gcx/02185_026b4f10.gcx,FILE,OK,
analysis/ps2_korean/codec_gcx/02186_026b5d50.gcx,experiments/_loose/ps2_korean/codec_gcx/02186_026b5d50.gcx,FILE,OK,
analysis/ps2_korean/codec_gcx/02187_026b6cb0.gcx,experiments/_loose/ps2_korean/codec_gcx/02187_026b6cb0.gcx,FILE,OK,
analysis/ps2_korean/codec_gcx/02188_026b7ba0.gcx,experiments/_loose/ps2_korean/codec_gcx/02188_026b7ba0.gcx,FILE,OK,
analysis/ps2_korean/codec_gcx/02189_026b8a80.gcx,experiments/_loose/ps2_korean/codec_gcx/02189_026b8a80.gcx,FILE,OK,
analysis/ps2_korean/codec_gcx/02190_026b9960.gcx,experiments/_loose/ps2_korean/codec_gcx/02190_026b9960.gcx,FILE,OK,
analysis/ps2_korean/codec_gcx/02191_026baa10.gcx,experiments/_loose/ps2_korean/codec_gcx/02191_026baa10.gcx,FILE,OK,
analysis/ps2_korean/codec_gcx/02192_026bb850.gcx,experiments/_loose/ps2_korean/codec_gcx/02192_026bb850.gcx,FILE,OK,
analysis/ps2_korean/codec_gcx/02193_026bc730.gcx,experiments/_loose/ps2_korean/codec_gcx/02193_026bc730.gcx,FILE,OK,
analysis/ps2_korean/codec_gcx/02194_026bd620.gcx,experiments/_loose/ps2_korean/codec_gcx/02194_026bd620.gcx,FILE,OK,
analysis/ps2_korean/codec_gcx/02195_026be620.gcx,experiments/_loose/ps2_korean/codec_gcx/02195_026be620.gcx,FILE,OK,
analysis/ps2_korean/codec_gcx/02196_026bfa90.gcx,experiments/_loose/ps2_korean/codec_gcx/02196_026bfa90.gcx,FILE,OK,
analysis/ps2_korean/codec_gcx/02197_026c0d20.gcx,experiments/_loose/ps2_korean/codec_gcx/02197_026c0d20.gcx,FILE,OK,
analysis/ps2_korean/codec_gcx/02198_026c1dc0.gcx,experiments/_loose/ps2_korean/codec_gcx/02198_026c1dc0.gcx,FILE,OK,
analysis/ps2_korean/codec_gcx/02199_026c2c90.gcx,experiments/_loose/ps2_korean/codec_gcx/02199_026c2c90.gcx,FILE,OK,
analysis/ps2_korean/codec_gcx/02200_026c6d50.gcx,experiments/_loose/ps2_korean/codec_gcx/02200_026c6d50.gcx,FILE,OK,
analysis/ps2_korean/codec_gcx/02201_026cc150.gcx,experiments/_loose/ps2_korean/codec_gcx/02201_026cc150.gcx,FILE,OK,
analysis/ps2_korean/codec_gcx/02202_026cf340.gcx,experiments/_loose/ps2_korean/codec_gcx/02202_026cf340.gcx,FILE,OK,
analysis/ps2_korean/codec_gcx/02203_026d26a0.gcx,experiments/_loose/ps2_korean/codec_gcx/02203_026d26a0.gcx,FILE,OK,
analysis/ps2_korean/codec_gcx/02204_026d46f0.gcx,experiments/_loose/ps2_korean/codec_gcx/02204_026d46f0.gcx,FILE,OK,
analysis/ps2_korean/codec_gcx/02205_026d6e60.gcx,experiments/_loose/ps2_korean/codec_gcx/02205_026d6e60.gcx,FILE,OK,
analysis/ps2_korean/codec_gcx/02206_026d8fb0.gcx,experiments/_loose/ps2_korean/codec_gcx/02206_026d8fb0.gcx,FILE,OK,
analysis/ps2_korean/codec_gcx/02207_026db4d0.gcx,experiments/_loose/ps2_korean/codec_gcx/02207_026db4d0.gcx,FILE,OK,
analysis/ps2_korean/codec_gcx/02208_026dfde0.gcx,experiments/_loose/ps2_korean/codec_gcx/02208_026dfde0.gcx,FILE,OK,
analysis/ps2_korean/codec_gcx/02209_026e1b50.gcx,experiments/_loose/ps2_korean/codec_gcx/02209_026e1b50.gcx,FILE,OK,
analysis/ps2_korean/codec_gcx/02210_026e3a30.gcx,experiments/_loose/ps2_korean/codec_gcx/02210_026e3a30.gcx,FILE,OK,
analysis/ps2_korean/codec_gcx/02211_026e6050.gcx,experiments/_loose/ps2_korean/codec_gcx/02211_026e6050.gcx,FILE,OK,
analysis/ps2_korean/codec_gcx/02212_026e8930.gcx,experiments/_loose/ps2_korean/codec_gcx/02212_026e8930.gcx,FILE,OK,
analysis/ps2_korean/codec_gcx/02213_026eb3e0.gcx,experiments/_loose/ps2_korean/codec_gcx/02213_026eb3e0.gcx,FILE,OK,
analysis/ps2_korean/codec_gcx/02214_026ed420.gcx,experiments/_loose/ps2_korean/codec_gcx/02214_026ed420.gcx,FILE,OK,
analysis/ps2_korean/codec_gcx/02215_026f0090.gcx,experiments/_loose/ps2_korean/codec_gcx/02215_026f0090.gcx,FILE,OK,
analysis/ps2_korean/codec_gcx/02216_026f2620.gcx,experiments/_loose/ps2_korean/codec_gcx/02216_026f2620.gcx,FILE,OK,
analysis/ps2_korean/codec_gcx/02217_026f3780.gcx,experiments/_loose/ps2_korean/codec_gcx/02217_026f3780.gcx,FILE,OK,
analysis/ps2_korean/codec_gcx/02218_026f4f10.gcx,experiments/_loose/ps2_korean/codec_gcx/02218_026f4f10.gcx,FILE,OK,
analysis/ps2_korean/codec_gcx/02219_026f84c0.gcx,experiments/_loose/ps2_korean/codec_gcx/02219_026f84c0.gcx,FILE,OK,
analysis/ps2_korean/codec_gcx/02220_026faa30.gcx,experiments/_loose/ps2_korean/codec_gcx/02220_026faa30.gcx,FILE,OK,
analysis/ps2_korean/codec_gcx/02221_026fdda0.gcx,experiments/_loose/ps2_korean/codec_gcx/02221_026fdda0.gcx,FILE,OK,
analysis/ps2_korean/codec_gcx/02222_026ffc70.gcx,experiments/_loose/ps2_korean/codec_gcx/02222_026ffc70.gcx,FILE,OK,
analysis/ps2_korean/codec_gcx/02223_02701bf0.gcx,experiments/_loose/ps2_korean/codec_gcx/02223_02701bf0.gcx,FILE,OK,
analysis/ps2_korean/codec_gcx/02224_02704b70.gcx,experiments/_loose/ps2_korean/codec_gcx/02224_02704b70.gcx,FILE,OK,
analysis/ps2_korean/codec_gcx/02225_02707e50.gcx,experiments/_loose/ps2_korean/codec_gcx/02225_02707e50.gcx,FILE,OK,
analysis/ps2_korean/codec_gcx/02226_02709d00.gcx,experiments/_loose/ps2_korean/codec_gcx/02226_02709d00.gcx,FILE,OK,
analysis/ps2_korean/codec_gcx/02227_0270d700.gcx,experiments/_loose/ps2_korean/codec_gcx/02227_0270d700.gcx,FILE,OK,
analysis/ps2_korean/codec_gcx/02228_0270f790.gcx,experiments/_loose/ps2_korean/codec_gcx/02228_0270f790.gcx,FILE,OK,
analysis/ps2_korean/codec_gcx/02229_027126c0.gcx,experiments/_loose/ps2_korean/codec_gcx/02229_027126c0.gcx,FILE,OK,
analysis/ps2_korean/codec_gcx/02230_02714650.gcx,experiments/_loose/ps2_korean/codec_gcx/02230_02714650.gcx,FILE,OK,
analysis/ps2_korean/codec_gcx/02231_02716c10.gcx,experiments/_loose/ps2_korean/codec_gcx/02231_02716c10.gcx,FILE,OK,
analysis/ps2_korean/codec_gcx/02232_02719120.gcx,experiments/_loose/ps2_korean/codec_gcx/02232_02719120.gcx,FILE,OK,
analysis/ps2_korean/codec_gcx/02233_0271af40.gcx,experiments/_loose/ps2_korean/codec_gcx/02233_0271af40.gcx,FILE,OK,
analysis/ps2_korean/codec_gcx/02234_0271e570.gcx,experiments/_loose/ps2_korean/codec_gcx/02234_0271e570.gcx,FILE,OK,
analysis/ps2_korean/codec_gcx/02235_02721ba0.gcx,experiments/_loose/ps2_korean/codec_gcx/02235_02721ba0.gcx,FILE,OK,
analysis/ps2_korean/codec_gcx/02236_02722da0.gcx,experiments/_loose/ps2_korean/codec_gcx/02236_02722da0.gcx,FILE,OK,
analysis/ps2_korean/codec_gcx/02237_02723d80.gcx,experiments/_loose/ps2_korean/codec_gcx/02237_02723d80.gcx,FILE,OK,
analysis/ps2_korean/codec_gcx/02238_02724c30.gcx,experiments/_loose/ps2_korean/codec_gcx/02238_02724c30.gcx,FILE,OK,
analysis/ps2_korean/codec_gcx/02239_02740c20.gcx,experiments/_loose/ps2_korean/codec_gcx/02239_02740c20.gcx,FILE,OK,
analysis/ps2_korean/codec_gcx/02240_0275cc10.gcx,experiments/_loose/ps2_korean/codec_gcx/02240_0275cc10.gcx,FILE,OK,
analysis/ps2_korean/codec_gcx/02241_0275d510.gcx,experiments/_loose/ps2_korean/codec_gcx/02241_0275d510.gcx,FILE,OK,
analysis/ps2_korean/codec_gcx/02242_0275de10.gcx,experiments/_loose/ps2_korean/codec_gcx/02242_0275de10.gcx,FILE,OK,
analysis/ps2_korean/codec_gcx/02243_0275e710.gcx,experiments/_loose/ps2_korean/codec_gcx/02243_0275e710.gcx,FILE,OK,
analysis/ps2_korean/codec_gcx/02244_0275f010.gcx,experiments/_loose/ps2_korean/codec_gcx/02244_0275f010.gcx,FILE,OK,
analysis/ps2_korean/codec_gcx/02245_0275f910.gcx,experiments/_loose/ps2_korean/codec_gcx/02245_0275f910.gcx,FILE,OK,
analysis/ps2_korean/codec_gcx/02246_02760210.gcx,experiments/_loose/ps2_korean/codec_gcx/02246_02760210.gcx,FILE,OK,
analysis/ps2_korean/codec_gcx/02247_027611b0.gcx,experiments/_loose/ps2_korean/codec_gcx/02247_027611b0.gcx,FILE,OK,
analysis/ps2_korean/codec_gcx/02248_02762150.gcx,experiments/_loose/ps2_korean/codec_gcx/02248_02762150.gcx,FILE,OK,
analysis/ps2_korean/codec_gcx/02249_027630f0.gcx,experiments/_loose/ps2_korean/codec_gcx/02249_027630f0.gcx,FILE,OK,
analysis/ps2_korean/codec_gcx/02250_02764090.gcx,experiments/_loose/ps2_korean/codec_gcx/02250_02764090.gcx,FILE,OK,
analysis/ps2_korean/codec_gcx/02251_02765030.gcx,experiments/_loose/ps2_korean/codec_gcx/02251_02765030.gcx,FILE,OK,
analysis/ps2_korean/codec_gcx/02252_02765fd0.gcx,experiments/_loose/ps2_korean/codec_gcx/02252_02765fd0.gcx,FILE,OK,
analysis/ps2_korean/codec_gcx/02253_02766f70.gcx,experiments/_loose/ps2_korean/codec_gcx/02253_02766f70.gcx,FILE,OK,
analysis/ps2_korean/codec_gcx/02254_02767f10.gcx,experiments/_loose/ps2_korean/codec_gcx/02254_02767f10.gcx,FILE,OK,
analysis/ps2_korean/codec_gcx/02255_02768eb0.gcx,experiments/_loose/ps2_korean/codec_gcx/02255_02768eb0.gcx,FILE,OK,
analysis/ps2_korean/codec_gcx/02256_02769e50.gcx,experiments/_loose/ps2_korean/codec_gcx/02256_02769e50.gcx,FILE,OK,
analysis/ps2_korean/codec_gcx/02257_0276adf0.gcx,experiments/_loose/ps2_korean/codec_gcx/02257_0276adf0.gcx,FILE,OK,
analysis/ps2_korean/codec_gcx/02258_0276bd90.gcx,experiments/_loose/ps2_korean/codec_gcx/02258_0276bd90.gcx,FILE,OK,
analysis/ps2_korean/codec_gcx/02259_0276cd30.gcx,experiments/_loose/ps2_korean/codec_gcx/02259_0276cd30.gcx,FILE,OK,
analysis/ps2_korean/codec_gcx/02260_0276dcd0.gcx,experiments/_loose/ps2_korean/codec_gcx/02260_0276dcd0.gcx,FILE,OK,
analysis/ps2_korean/codec_gcx/02261_0276ec70.gcx,experiments/_loose/ps2_korean/codec_gcx/02261_0276ec70.gcx,FILE,OK,
analysis/ps2_korean/codec_gcx/02262_0276fc10.gcx,experiments/_loose/ps2_korean/codec_gcx/02262_0276fc10.gcx,FILE,OK,
analysis/ps2_korean/codec_gcx/02263_02770bb0.gcx,experiments/_loose/ps2_korean/codec_gcx/02263_02770bb0.gcx,FILE,OK,
analysis/ps2_korean/codec_gcx/02264_02771b50.gcx,experiments/_loose/ps2_korean/codec_gcx/02264_02771b50.gcx,FILE,OK,
analysis/ps2_korean/codec_gcx/02265_02772af0.gcx,experiments/_loose/ps2_korean/codec_gcx/02265_02772af0.gcx,FILE,OK,
analysis/ps2_korean/codec_gcx/02266_02773a90.gcx,experiments/_loose/ps2_korean/codec_gcx/02266_02773a90.gcx,FILE,OK,
analysis/ps2_korean/codec_gcx/02267_02774a30.gcx,experiments/_loose/ps2_korean/codec_gcx/02267_02774a30.gcx,FILE,OK,
analysis/ps2_korean/codec_gcx/02268_027759d0.gcx,experiments/_loose/ps2_korean/codec_gcx/02268_027759d0.gcx,FILE,OK,
analysis/ps2_korean/codec_gcx/02269_02776970.gcx,experiments/_loose/ps2_korean/codec_gcx/02269_02776970.gcx,FILE,OK,
analysis/ps2_korean/codec_gcx/02270_02777910.gcx,experiments/_loose/ps2_korean/codec_gcx/02270_02777910.gcx,FILE,OK,
analysis/ps2_korean/codec_gcx/02271_027788b0.gcx,experiments/_loose/ps2_korean/codec_gcx/02271_027788b0.gcx,FILE,OK,
analysis/ps2_korean/codec_gcx/02272_02779850.gcx,experiments/_loose/ps2_korean/codec_gcx/02272_02779850.gcx,FILE,OK,
analysis/ps2_korean/codec_gcx/02273_0277a7f0.gcx,experiments/_loose/ps2_korean/codec_gcx/02273_0277a7f0.gcx,FILE,OK,
analysis/ps2_korean/codec_gcx/02274_0277b790.gcx,experiments/_loose/ps2_korean/codec_gcx/02274_0277b790.gcx,FILE,OK,
analysis/ps2_korean/codec_gcx/02275_0277c730.gcx,experiments/_loose/ps2_korean/codec_gcx/02275_0277c730.gcx,FILE,OK,
analysis/ps2_korean/codec_gcx/02276_0277d6d0.gcx,experiments/_loose/ps2_korean/codec_gcx/02276_0277d6d0.gcx,FILE,OK,
analysis/ps2_korean/codec_gcx/02277_0277e670.gcx,experiments/_loose/ps2_korean/codec_gcx/02277_0277e670.gcx,FILE,OK,
analysis/ps2_korean/codec_gcx/02278_0277f610.gcx,experiments/_loose/ps2_korean/codec_gcx/02278_0277f610.gcx,FILE,OK,
analysis/ps2_korean/codec_gcx/02279_027805b0.gcx,experiments/_loose/ps2_korean/codec_gcx/02279_027805b0.gcx,FILE,OK,
analysis/ps2_korean/codec_gcx/02280_02781550.gcx,experiments/_loose/ps2_korean/codec_gcx/02280_02781550.gcx,FILE,OK,
analysis/ps2_korean/codec_gcx/02281_027824f0.gcx,experiments/_loose/ps2_korean/codec_gcx/02281_027824f0.gcx,FILE,OK,
analysis/ps2_korean/codec_gcx/02282_02783490.gcx,experiments/_loose/ps2_korean/codec_gcx/02282_02783490.gcx,FILE,OK,
analysis/ps2_korean/codec_gcx/02283_02784430.gcx,experiments/_loose/ps2_korean/codec_gcx/02283_02784430.gcx,FILE,OK,
analysis/ps2_korean/codec_gcx/02284_027853d0.gcx,experiments/_loose/ps2_korean/codec_gcx/02284_027853d0.gcx,FILE,OK,
analysis/ps2_korean/codec_gcx/02285_02786370.gcx,experiments/_loose/ps2_korean/codec_gcx/02285_02786370.gcx,FILE,OK,
analysis/ps2_korean/codec_gcx/02286_02787310.gcx,experiments/_loose/ps2_korean/codec_gcx/02286_02787310.gcx,FILE,OK,
analysis/ps2_korean/codec_gcx/02287_027882b0.gcx,experiments/_loose/ps2_korean/codec_gcx/02287_027882b0.gcx,FILE,OK,
analysis/ps2_korean/codec_gcx/02288_02789250.gcx,experiments/_loose/ps2_korean/codec_gcx/02288_02789250.gcx,FILE,OK,
analysis/ps2_korean/codec_gcx/02289_0278a1f0.gcx,experiments/_loose/ps2_korean/codec_gcx/02289_0278a1f0.gcx,FILE,OK,
analysis/ps2_korean/codec_gcx/02290_0278b190.gcx,experiments/_loose/ps2_korean/codec_gcx/02290_0278b190.gcx,FILE,OK,
analysis/ps2_korean/codec_gcx/02291_0278c130.gcx,experiments/_loose/ps2_korean/codec_gcx/02291_0278c130.gcx,FILE,OK,
analysis/ps2_korean/codec_gcx/02292_0278d0d0.gcx,experiments/_loose/ps2_korean/codec_gcx/02292_0278d0d0.gcx,FILE,OK,
analysis/ps2_korean/codec_gcx/02293_0278e070.gcx,experiments/_loose/ps2_korean/codec_gcx/02293_0278e070.gcx,FILE,OK,
analysis/ps2_korean/codec_gcx/02294_0278f010.gcx,experiments/_loose/ps2_korean/codec_gcx/02294_0278f010.gcx,FILE,OK,
analysis/ps2_korean/codec_gcx/02295_0278fd40.gcx,experiments/_loose/ps2_korean/codec_gcx/02295_0278fd40.gcx,FILE,OK,
analysis/ps2_korean/codec_gcx/02296_027905a0.gcx,experiments/_loose/ps2_korean/codec_gcx/02296_027905a0.gcx,FILE,OK,
analysis/ps2_korean/codec_gcx/02297_027910e0.gcx,experiments/_loose/ps2_korean/codec_gcx/02297_027910e0.gcx,FILE,OK,
analysis/ps2_korean/codec_gcx/02298_02791af0.gcx,experiments/_loose/ps2_korean/codec_gcx/02298_02791af0.gcx,FILE,OK,
analysis/ps2_korean/codec_gcx/02299_02792ad0.gcx,experiments/_loose/ps2_korean/codec_gcx/02299_02792ad0.gcx,FILE,OK,
analysis/ps2_korean/codec_gcx/02300_02793ab0.gcx,experiments/_loose/ps2_korean/codec_gcx/02300_02793ab0.gcx,FILE,OK,
analysis/ps2_korean/codec_gcx/02301_02794a90.gcx,experiments/_loose/ps2_korean/codec_gcx/02301_02794a90.gcx,FILE,OK,
analysis/ps2_korean/codec_gcx/02302_02795a70.gcx,experiments/_loose/ps2_korean/codec_gcx/02302_02795a70.gcx,FILE,OK,
analysis/ps2_korean/codec_gcx/02303_02796a50.gcx,experiments/_loose/ps2_korean/codec_gcx/02303_02796a50.gcx,FILE,OK,
analysis/ps2_korean/codec_gcx/02304_02797a30.gcx,experiments/_loose/ps2_korean/codec_gcx/02304_02797a30.gcx,FILE,OK,
analysis/ps2_korean/codec_gcx/02305_02798a10.gcx,experiments/_loose/ps2_korean/codec_gcx/02305_02798a10.gcx,FILE,OK,
analysis/ps2_korean/codec_gcx/02306_027999f0.gcx,experiments/_loose/ps2_korean/codec_gcx/02306_027999f0.gcx,FILE,OK,
analysis/ps2_korean/codec_gcx/02307_0279a9d0.gcx,experiments/_loose/ps2_korean/codec_gcx/02307_0279a9d0.gcx,FILE,OK,
analysis/ps2_korean/codec_gcx/02308_0279b9b0.gcx,experiments/_loose/ps2_korean/codec_gcx/02308_0279b9b0.gcx,FILE,OK,
analysis/ps2_korean/codec_gcx/02309_0279c990.gcx,experiments/_loose/ps2_korean/codec_gcx/02309_0279c990.gcx,FILE,OK,
analysis/ps2_korean/codec_gcx/02310_0279d970.gcx,experiments/_loose/ps2_korean/codec_gcx/02310_0279d970.gcx,FILE,OK,
analysis/ps2_korean/codec_gcx/02311_0279e950.gcx,experiments/_loose/ps2_korean/codec_gcx/02311_0279e950.gcx,FILE,OK,
analysis/ps2_korean/codec_gcx/02312_0279f930.gcx,experiments/_loose/ps2_korean/codec_gcx/02312_0279f930.gcx,FILE,OK,
analysis/ps2_korean/codec_gcx/02313_027a0910.gcx,experiments/_loose/ps2_korean/codec_gcx/02313_027a0910.gcx,FILE,OK,
analysis/ps2_korean/codec_gcx/02314_027a18f0.gcx,experiments/_loose/ps2_korean/codec_gcx/02314_027a18f0.gcx,FILE,OK,
analysis/ps2_korean/codec_gcx/02315_027a28d0.gcx,experiments/_loose/ps2_korean/codec_gcx/02315_027a28d0.gcx,FILE,OK,
analysis/ps2_korean/codec_gcx/02316_027a38b0.gcx,experiments/_loose/ps2_korean/codec_gcx/02316_027a38b0.gcx,FILE,OK,
analysis/ps2_korean/codec_gcx/02317_027a4890.gcx,experiments/_loose/ps2_korean/codec_gcx/02317_027a4890.gcx,FILE,OK,
analysis/ps2_korean/codec_gcx/02318_027a5870.gcx,experiments/_loose/ps2_korean/codec_gcx/02318_027a5870.gcx,FILE,OK,
analysis/ps2_korean/codec_gcx/02319_027a6850.gcx,experiments/_loose/ps2_korean/codec_gcx/02319_027a6850.gcx,FILE,OK,
analysis/ps2_korean/codec_gcx/02320_027a7830.gcx,experiments/_loose/ps2_korean/codec_gcx/02320_027a7830.gcx,FILE,OK,
analysis/ps2_korean/codec_gcx/02321_027a8810.gcx,experiments/_loose/ps2_korean/codec_gcx/02321_027a8810.gcx,FILE,OK,
analysis/ps2_korean/codec_gcx/02322_027a97f0.gcx,experiments/_loose/ps2_korean/codec_gcx/02322_027a97f0.gcx,FILE,OK,
analysis/ps2_korean/codec_gcx/02323_027aa7d0.gcx,experiments/_loose/ps2_korean/codec_gcx/02323_027aa7d0.gcx,FILE,OK,
analysis/ps2_korean/codec_gcx/02324_027ab7b0.gcx,experiments/_loose/ps2_korean/codec_gcx/02324_027ab7b0.gcx,FILE,OK,
analysis/ps2_korean/codec_gcx/02325_027ac790.gcx,experiments/_loose/ps2_korean/codec_gcx/02325_027ac790.gcx,FILE,OK,
analysis/ps2_korean/codec_gcx/02326_027ad770.gcx,experiments/_loose/ps2_korean/codec_gcx/02326_027ad770.gcx,FILE,OK,
analysis/ps2_korean/codec_gcx/02327_027ae750.gcx,experiments/_loose/ps2_korean/codec_gcx/02327_027ae750.gcx,FILE,OK,
analysis/ps2_korean/codec_gcx/02328_027af730.gcx,experiments/_loose/ps2_korean/codec_gcx/02328_027af730.gcx,FILE,OK,
analysis/ps2_korean/codec_gcx/02329_027b0710.gcx,experiments/_loose/ps2_korean/codec_gcx/02329_027b0710.gcx,FILE,OK,
analysis/ps2_korean/codec_gcx/02330_027b16f0.gcx,experiments/_loose/ps2_korean/codec_gcx/02330_027b16f0.gcx,FILE,OK,
analysis/ps2_korean/codec_gcx/02331_027b26d0.gcx,experiments/_loose/ps2_korean/codec_gcx/02331_027b26d0.gcx,FILE,OK,
analysis/ps2_korean/codec_gcx/02332_027b36b0.gcx,experiments/_loose/ps2_korean/codec_gcx/02332_027b36b0.gcx,FILE,OK,
analysis/ps2_korean/codec_gcx/02333_027b4690.gcx,experiments/_loose/ps2_korean/codec_gcx/02333_027b4690.gcx,FILE,OK,
analysis/ps2_korean/codec_gcx/02334_027b5670.gcx,experiments/_loose/ps2_korean/codec_gcx/02334_027b5670.gcx,FILE,OK,
analysis/ps2_korean/codec_gcx/02335_027b6650.gcx,experiments/_loose/ps2_korean/codec_gcx/02335_027b6650.gcx,FILE,OK,
analysis/ps2_korean/codec_gcx/02336_027b7630.gcx,experiments/_loose/ps2_korean/codec_gcx/02336_027b7630.gcx,FILE,OK,
analysis/ps2_korean/codec_gcx/02337_027b8610.gcx,experiments/_loose/ps2_korean/codec_gcx/02337_027b8610.gcx,FILE,OK,
analysis/ps2_korean/codec_gcx/02338_027b95f0.gcx,experiments/_loose/ps2_korean/codec_gcx/02338_027b95f0.gcx,FILE,OK,
analysis/ps2_korean/codec_gcx/02339_027ba5d0.gcx,experiments/_loose/ps2_korean/codec_gcx/02339_027ba5d0.gcx,FILE,OK,
analysis/ps2_korean/codec_gcx/02340_027bb5b0.gcx,experiments/_loose/ps2_korean/codec_gcx/02340_027bb5b0.gcx,FILE,OK,
analysis/ps2_korean/codec_gcx/02341_027bc590.gcx,experiments/_loose/ps2_korean/codec_gcx/02341_027bc590.gcx,FILE,OK,
analysis/ps2_korean/codec_gcx/02342_027bd570.gcx,experiments/_loose/ps2_korean/codec_gcx/02342_027bd570.gcx,FILE,OK,
analysis/ps2_korean/codec_gcx/02343_027be550.gcx,experiments/_loose/ps2_korean/codec_gcx/02343_027be550.gcx,FILE,OK,
analysis/ps2_korean/codec_gcx/02344_027bf530.gcx,experiments/_loose/ps2_korean/codec_gcx/02344_027bf530.gcx,FILE,OK,
analysis/ps2_korean/codec_gcx/02345_027c0510.gcx,experiments/_loose/ps2_korean/codec_gcx/02345_027c0510.gcx,FILE,OK,
analysis/ps2_korean/codec_gcx/02346_027c14f0.gcx,experiments/_loose/ps2_korean/codec_gcx/02346_027c14f0.gcx,FILE,OK,
analysis/ps2_korean/codec_gcx/02347_027c1cc0.gcx,experiments/_loose/ps2_korean/codec_gcx/02347_027c1cc0.gcx,FILE,OK,
analysis/ps2_korean/codec_gcx/02348_027c2480.gcx,experiments/_loose/ps2_korean/codec_gcx/02348_027c2480.gcx,FILE,OK,
analysis/ps2_korean/codec_gcx/02349_027c2c40.gcx,experiments/_loose/ps2_korean/codec_gcx/02349_027c2c40.gcx,FILE,OK,
analysis/ps2_korean/codec_gcx/02350_027c3420.gcx,experiments/_loose/ps2_korean/codec_gcx/02350_027c3420.gcx,FILE,OK,
analysis/ps2_korean/codec_gcx/02351_027c3be0.gcx,experiments/_loose/ps2_korean/codec_gcx/02351_027c3be0.gcx,FILE,OK,
analysis/ps2_korean/codec_gcx/02352_027c43b0.gcx,experiments/_loose/ps2_korean/codec_gcx/02352_027c43b0.gcx,FILE,OK,
analysis/ps2_korean/codec_gcx/02353_027c4b80.gcx,experiments/_loose/ps2_korean/codec_gcx/02353_027c4b80.gcx,FILE,OK,
analysis/ps2_korean/codec_gcx/02354_027c5360.gcx,experiments/_loose/ps2_korean/codec_gcx/02354_027c5360.gcx,FILE,OK,
analysis/ps2_korean/full_build/demo_autofit.dat,experiments/_loose/ps2_korean/full_build/demo_autofit.dat,FILE,OK,
analysis/ps2_korean/full_build/demo_final_81.dat,experiments/_loose/ps2_korean/full_build/demo_final_81.dat,FILE,OK,
analysis/ps2_korean/full_build/full_codec.dat,experiments/_loose/ps2_korean/full_build/full_codec.dat,FILE,OK,
analysis/ps2_korean/full_build/full_codec_r2.dat,experiments/_loose/ps2_korean/full_build/full_codec_r2.dat,FILE,OK,
analysis/ps2_korean/full_build/movie_new.dat,experiments/_loose/ps2_korean/full_build/movie_new.dat,FILE,OK,
analysis/ps2_korean/full_build/movie_safe.dat,experiments/_loose/ps2_korean/full_build/movie_safe.dat,FILE,OK,
analysis/ps2_korean/local_glyph_ocr/glyphs/0000_003223104a0c.png,experiments/_loose/ps2_korean/local_glyph_ocr/glyphs/0000_003223104a0c.png,FILE,OK,
analysis/ps2_korean/local_glyph_ocr/glyphs/0001_008cc133886f.png,experiments/_loose/ps2_korean/local_glyph_ocr/glyphs/0001_008cc133886f.png,FILE,OK,
analysis/ps2_korean/local_glyph_ocr/glyphs/0002_0116384749c2.png,experiments/_loose/ps2_korean/local_glyph_ocr/glyphs/0002_0116384749c2.png,FILE,OK,
analysis/ps2_korean/local_glyph_ocr/glyphs/0003_011f1f56981a.png,experiments/_loose/ps2_korean/local_glyph_ocr/glyphs/0003_011f1f56981a.png,FILE,OK,
analysis/ps2_korean/local_glyph_ocr/glyphs/0004_0152a8dab49b.png,experiments/_loose/ps2_korean/local_glyph_ocr/glyphs/0004_0152a8dab49b.png,FILE,OK,
analysis/ps2_korean/local_glyph_ocr/glyphs/0005_020cd7fbd328.png,experiments/_loose/ps2_korean/local_glyph_ocr/glyphs/0005_020cd7fbd328.png,FILE,OK,
analysis/ps2_korean/local_glyph_ocr/glyphs/0006_0230393ffcab.png,experiments/_loose/ps2_korean/local_glyph_ocr/glyphs/0006_0230393ffcab.png,FILE,OK,
analysis/ps2_korean/local_glyph_ocr/glyphs/0007_0274f8872b76.png,experiments/_loose/ps2_korean/local_glyph_ocr/glyphs/0007_0274f8872b76.png,FILE,OK,
analysis/ps2_korean/local_glyph_ocr/glyphs/0008_02797e8c864d.png,experiments/_loose/ps2_korean/local_glyph_ocr/glyphs/0008_02797e8c864d.png,FILE,OK,
analysis/ps2_korean/local_glyph_ocr/glyphs/0009_028c179a3bf3.png,experiments/_loose/ps2_korean/local_glyph_ocr/glyphs/0009_028c179a3bf3.png,FILE,OK,
analysis/ps2_korean/local_glyph_ocr/glyphs/0010_029d3ee909d0.png,experiments/_loose/ps2_korean/local_glyph_ocr/glyphs/0010_029d3ee909d0.png,FILE,OK,
analysis/ps2_korean/local_glyph_ocr/glyphs/0011_02b9b477c9c6.png,experiments/_loose/ps2_korean/local_glyph_ocr/glyphs/0011_02b9b477c9c6.png,FILE,OK,
analysis/ps2_korean/local_glyph_ocr/glyphs/0012_0449b53e543a.png,experiments/_loose/ps2_korean/local_glyph_ocr/glyphs/0012_0449b53e543a.png,FILE,OK,
analysis/ps2_korean/local_glyph_ocr/glyphs/0013_04800d02453f.png,experiments/_loose/ps2_korean/local_glyph_ocr/glyphs/0013_04800d02453f.png,FILE,OK,
analysis/ps2_korean/local_glyph_ocr/glyphs/0014_048d64b038db.png,experiments/_loose/ps2_korean/local_glyph_ocr/glyphs/0014_048d64b038db.png,FILE,OK,
analysis/ps2_korean/local_glyph_ocr/glyphs/0015_05601e05eb96.png,experiments/_loose/ps2_korean/local_glyph_ocr/glyphs/0015_05601e05eb96.png,FILE,OK,
analysis/ps2_korean/local_glyph_ocr/glyphs/0016_056cfc14201f.png,experiments/_loose/ps2_korean/local_glyph_ocr/glyphs/0016_056cfc14201f.png,FILE,OK,
analysis/ps2_korean/local_glyph_ocr/glyphs/0017_058c00b49ae0.png,experiments/_loose/ps2_korean/local_glyph_ocr/glyphs/0017_058c00b49ae0.png,FILE,OK,
analysis/ps2_korean/local_glyph_ocr/glyphs/0018_059e25b1284c.png,experiments/_loose/ps2_korean/local_glyph_ocr/glyphs/0018_059e25b1284c.png,FILE,OK,
analysis/ps2_korean/local_glyph_ocr/glyphs/0019_06ba65ea1fd9.png,experiments/_loose/ps2_korean/local_glyph_ocr/glyphs/0019_06ba65ea1fd9.png,FILE,OK,
analysis/ps2_korean/local_glyph_ocr/glyphs/0020_06cda78044e4.png,experiments/_loose/ps2_korean/local_glyph_ocr/glyphs/0020_06cda78044e4.png,FILE,OK,
analysis/ps2_korean/local_glyph_ocr/glyphs/0021_072d2c322de9.png,experiments/_loose/ps2_korean/local_glyph_ocr/glyphs/0021_072d2c322de9.png,FILE,OK,
analysis/ps2_korean/local_glyph_ocr/glyphs/0022_0781ecb5e05a.png,experiments/_loose/ps2_korean/local_glyph_ocr/glyphs/0022_0781ecb5e05a.png,FILE,OK,
analysis/ps2_korean/local_glyph_ocr/glyphs/0023_07e838f2e573.png,experiments/_loose/ps2_korean/local_glyph_ocr/glyphs/0023_07e838f2e573.png,FILE,OK,
analysis/ps2_korean/local_glyph_ocr/glyphs/0024_08bbb2eb922c.png,experiments/_loose/ps2_korean/local_glyph_ocr/glyphs/0024_08bbb2eb922c.png,FILE,OK,
analysis/ps2_korean/local_glyph_ocr/glyphs/0025_0a41d615e4a9.png,experiments/_loose/ps2_korean/local_glyph_ocr/glyphs/0025_0a41d615e4a9.png,FILE,OK,
analysis/ps2_korean/local_glyph_ocr/glyphs/0026_0a726fcd6e0e.png,experiments/_loose/ps2_korean/local_glyph_ocr/glyphs/0026_0a726fcd6e0e.png,FILE,OK,
analysis/ps2_korean/local_glyph_ocr/glyphs/0027_0a9e8abd5a22.png,experiments/_loose/ps2_korean/local_glyph_ocr/glyphs/0027_0a9e8abd5a22.png,FILE,OK,
analysis/ps2_korean/local_glyph_ocr/glyphs/0028_0b1d95ef2717.png,experiments/_loose/ps2_korean/local_glyph_ocr/glyphs/0028_0b1d95ef2717.png,FILE,OK,
analysis/ps2_korean/local_glyph_ocr/glyphs/0029_0b28156de119.png,experiments/_loose/ps2_korean/local_glyph_ocr/glyphs/0029_0b28156de119.png,FILE,OK,
analysis/ps2_korean/local_glyph_ocr/glyphs/0030_0b39ce15a093.png,experiments/_loose/ps2_korean/local_glyph_ocr/glyphs/0030_0b39ce15a093.png,FILE,OK,
analysis/ps2_korean/local_glyph_ocr/glyphs/0031_0b68ee846b13.png,experiments/_loose/ps2_korean/local_glyph_ocr/glyphs/0031_0b68ee846b13.png,FILE,OK,
analysis/ps2_korean/local_glyph_ocr/glyphs/0032_0b8b4832c429.png,experiments/_loose/ps2_korean/local_glyph_ocr/glyphs/0032_0b8b4832c429.png,FILE,OK,
analysis/ps2_korean/local_glyph_ocr/glyphs/0033_0bd6e7b78890.png,experiments/_loose/ps2_korean/local_glyph_ocr/glyphs/0033_0bd6e7b78890.png,FILE,OK,
analysis/ps2_korean/local_glyph_ocr/glyphs/0034_0c55eea27523.png,experiments/_loose/ps2_korean/local_glyph_ocr/glyphs/0034_0c55eea27523.png,FILE,OK,
analysis/ps2_korean/local_glyph_ocr/glyphs/0035_0d81dc0f4e7f.png,experiments/_loose/ps2_korean/local_glyph_ocr/glyphs/0035_0d81dc0f4e7f.png,FILE,OK,
analysis/ps2_korean/local_glyph_ocr/glyphs/0036_0dd9743f7e11.png,experiments/_loose/ps2_korean/local_glyph_ocr/glyphs/0036_0dd9743f7e11.png,FILE,OK,
analysis/ps2_korean/local_glyph_ocr/glyphs/0037_0e0d8670ca19.png,experiments/_loose/ps2_korean/local_glyph_ocr/glyphs/0037_0e0d8670ca19.png,FILE,OK,
analysis/ps2_korean/local_glyph_ocr/glyphs/0038_0e162a2655d3.png,experiments/_loose/ps2_korean/local_glyph_ocr/glyphs/0038_0e162a2655d3.png,FILE,OK,
analysis/ps2_korean/local_glyph_ocr/glyphs/0039_0e219e34491c.png,experiments/_loose/ps2_korean/local_glyph_ocr/glyphs/0039_0e219e34491c.png,FILE,OK,
analysis/ps2_korean/local_glyph_ocr/glyphs/0040_0f7b76a688e8.png,experiments/_loose/ps2_korean/local_glyph_ocr/glyphs/0040_0f7b76a688e8.png,FILE,OK,
analysis/ps2_korean/local_glyph_ocr/glyphs/0041_0f82e6ecca74.png,experiments/_loose/ps2_korean/local_glyph_ocr/glyphs/0041_0f82e6ecca74.png,FILE,OK,
analysis/ps2_korean/local_glyph_ocr/glyphs/0042_0f8406593e28.png,experiments/_loose/ps2_korean/local_glyph_ocr/glyphs/0042_0f8406593e28.png,FILE,OK,
analysis/ps2_korean/local_glyph_ocr/glyphs/0043_101c9a75537f.png,experiments/_loose/ps2_korean/local_glyph_ocr/glyphs/0043_101c9a75537f.png,FILE,OK,
analysis/ps2_korean/local_glyph_ocr/glyphs/0044_1136bd40ab50.png,experiments/_loose/ps2_korean/local_glyph_ocr/glyphs/0044_1136bd40ab50.png,FILE,OK,
analysis/ps2_korean/local_glyph_ocr/glyphs/0045_117cff769a86.png,experiments/_loose/ps2_korean/local_glyph_ocr/glyphs/0045_117cff769a86.png,FILE,OK,
analysis/ps2_korean/local_glyph_ocr/glyphs/0046_11bf5d8d6962.png,experiments/_loose/ps2_korean/local_glyph_ocr/glyphs/0046_11bf5d8d6962.png,FILE,OK,
analysis/ps2_korean/local_glyph_ocr/glyphs/0047_11cc17d72530.png,experiments/_loose/ps2_korean/local_glyph_ocr/glyphs/0047_11cc17d72530.png,FILE,OK,
analysis/ps2_korean/local_glyph_ocr/glyphs/0048_121dc0744fed.png,experiments/_loose/ps2_korean/local_glyph_ocr/glyphs/0048_121dc0744fed.png,FILE,OK,
analysis/ps2_korean/local_glyph_ocr/glyphs/0049_1290b0c96d3b.png,experiments/_loose/ps2_korean/local_glyph_ocr/glyphs/0049_1290b0c96d3b.png,FILE,OK,
analysis/ps2_korean/local_glyph_ocr/glyphs/0050_12bb3b2c5246.png,experiments/_loose/ps2_korean/local_glyph_ocr/glyphs/0050_12bb3b2c5246.png,FILE,OK,
analysis/ps2_korean/local_glyph_ocr/glyphs/0051_13dd8cf2950c.png,experiments/_loose/ps2_korean/local_glyph_ocr/glyphs/0051_13dd8cf2950c.png,FILE,OK,
analysis/ps2_korean/local_glyph_ocr/glyphs/0052_1441d59abfe4.png,experiments/_loose/ps2_korean/local_glyph_ocr/glyphs/0052_1441d59abfe4.png,FILE,OK,
analysis/ps2_korean/local_glyph_ocr/glyphs/0053_147b1cb22ce2.png,experiments/_loose/ps2_korean/local_glyph_ocr/glyphs/0053_147b1cb22ce2.png,FILE,OK,
analysis/ps2_korean/local_glyph_ocr/glyphs/0054_14b51efad502.png,experiments/_loose/ps2_korean/local_glyph_ocr/glyphs/0054_14b51efad502.png,FILE,OK,
analysis/ps2_korean/local_glyph_ocr/glyphs/0055_14b6d5dc62dd.png,experiments/_loose/ps2_korean/local_glyph_ocr/glyphs/0055_14b6d5dc62dd.png,FILE,OK,
analysis/ps2_korean/local_glyph_ocr/glyphs/0056_150746b9a6d9.png,experiments/_loose/ps2_korean/local_glyph_ocr/glyphs/0056_150746b9a6d9.png,FILE,OK,
analysis/ps2_korean/local_glyph_ocr/glyphs/0057_154667c4f7a8.png,experiments/_loose/ps2_korean/local_glyph_ocr/glyphs/0057_154667c4f7a8.png,FILE,OK,
analysis/ps2_korean/local_glyph_ocr/glyphs/0058_157b18e67503.png,experiments/_loose/ps2_korean/local_glyph_ocr/glyphs/0058_157b18e67503.png,FILE,OK,
analysis/ps2_korean/local_glyph_ocr/glyphs/0059_15943fbdc4a0.png,experiments/_loose/ps2_korean/local_glyph_ocr/glyphs/0059_15943fbdc4a0.png,FILE,OK,
analysis/ps2_korean/local_glyph_ocr/glyphs/0060_15b43f6306ce.png,experiments/_loose/ps2_korean/local_glyph_ocr/glyphs/0060_15b43f6306ce.png,FILE,OK,
analysis/ps2_korean/local_glyph_ocr/glyphs/0061_162a1b922945.png,experiments/_loose/ps2_korean/local_glyph_ocr/glyphs/0061_162a1b922945.png,FILE,OK,
analysis/ps2_korean/local_glyph_ocr/glyphs/0062_16a635718fc6.png,experiments/_loose/ps2_korean/local_glyph_ocr/glyphs/0062_16a635718fc6.png,FILE,OK,
analysis/ps2_korean/local_glyph_ocr/glyphs/0063_16d04a6b3f7e.png,experiments/_loose/ps2_korean/local_glyph_ocr/glyphs/0063_16d04a6b3f7e.png,FILE,OK,
analysis/ps2_korean/local_glyph_ocr/glyphs/0064_1702a08b6820.png,experiments/_loose/ps2_korean/local_glyph_ocr/glyphs/0064_1702a08b6820.png,FILE,OK,
analysis/ps2_korean/local_glyph_ocr/glyphs/0065_17156480f39b.png,experiments/_loose/ps2_korean/local_glyph_ocr/glyphs/0065_17156480f39b.png,FILE,OK,
analysis/ps2_korean/local_glyph_ocr/glyphs/0066_1730ab2671df.png,experiments/_loose/ps2_korean/local_glyph_ocr/glyphs/0066_1730ab2671df.png,FILE,OK,
analysis/ps2_korean/local_glyph_ocr/glyphs/0067_17537993e25e.png,experiments/_loose/ps2_korean/local_glyph_ocr/glyphs/0067_17537993e25e.png,FILE,OK,
analysis/ps2_korean/local_glyph_ocr/glyphs/0068_17ac98015d5a.png,experiments/_loose/ps2_korean/local_glyph_ocr/glyphs/0068_17ac98015d5a.png,FILE,OK,
analysis/ps2_korean/local_glyph_ocr/glyphs/0069_189cc1e31c84.png,experiments/_loose/ps2_korean/local_glyph_ocr/glyphs/0069_189cc1e31c84.png,FILE,OK,
analysis/ps2_korean/local_glyph_ocr/glyphs/0070_18fd96ed0e01.png,experiments/_loose/ps2_korean/local_glyph_ocr/glyphs/0070_18fd96ed0e01.png,FILE,OK,
analysis/ps2_korean/local_glyph_ocr/glyphs/0071_19146c231b04.png,experiments/_loose/ps2_korean/local_glyph_ocr/glyphs/0071_19146c231b04.png,FILE,OK,
analysis/ps2_korean/local_glyph_ocr/glyphs/0072_193117289edc.png,experiments/_loose/ps2_korean/local_glyph_ocr/glyphs/0072_193117289edc.png,FILE,OK,
analysis/ps2_korean/local_glyph_ocr/glyphs/0073_195c848c907c.png,experiments/_loose/ps2_korean/local_glyph_ocr/glyphs/0073_195c848c907c.png,FILE,OK,
analysis/ps2_korean/local_glyph_ocr/glyphs/0074_19b35f6f1252.png,experiments/_loose/ps2_korean/local_glyph_ocr/glyphs/0074_19b35f6f1252.png,FILE,OK,
analysis/ps2_korean/local_glyph_ocr/glyphs/0075_1a9d24b08822.png,experiments/_loose/ps2_korean/local_glyph_ocr/glyphs/0075_1a9d24b08822.png,FILE,OK,
analysis/ps2_korean/local_glyph_ocr/glyphs/0076_1aa5cef96c89.png,experiments/_loose/ps2_korean/local_glyph_ocr/glyphs/0076_1aa5cef96c89.png,FILE,OK,
analysis/ps2_korean/local_glyph_ocr/glyphs/0077_1ab903d35a12.png,experiments/_loose/ps2_korean/local_glyph_ocr/glyphs/0077_1ab903d35a12.png,FILE,OK,
analysis/ps2_korean/local_glyph_ocr/glyphs/0078_1b2b10ed66e0.png,experiments/_loose/ps2_korean/local_glyph_ocr/glyphs/0078_1b2b10ed66e0.png,FILE,OK,
analysis/ps2_korean/local_glyph_ocr/glyphs/0079_1b880ee5b1b6.png,experiments/_loose/ps2_korean/local_glyph_ocr/glyphs/0079_1b880ee5b1b6.png,FILE,OK,
analysis/ps2_korean/local_glyph_ocr/glyphs/0080_1ba598d79247.png,experiments/_loose/ps2_korean/local_glyph_ocr/glyphs/0080_1ba598d79247.png,FILE,OK,
analysis/ps2_korean/local_glyph_ocr/glyphs/0081_1c4f30a8ef11.png,experiments/_loose/ps2_korean/local_glyph_ocr/glyphs/0081_1c4f30a8ef11.png,FILE,OK,
analysis/ps2_korean/local_glyph_ocr/glyphs/0082_1c94ed0a2fd5.png,experiments/_loose/ps2_korean/local_glyph_ocr/glyphs/0082_1c94ed0a2fd5.png,FILE,OK,
analysis/ps2_korean/local_glyph_ocr/glyphs/0083_1cc10c5e482f.png,experiments/_loose/ps2_korean/local_glyph_ocr/glyphs/0083_1cc10c5e482f.png,FILE,OK,
analysis/ps2_korean/local_glyph_ocr/glyphs/0084_1dc5961a926d.png,experiments/_loose/ps2_korean/local_glyph_ocr/glyphs/0084_1dc5961a926d.png,FILE,OK,
analysis/ps2_korean/local_glyph_ocr/glyphs/0085_1e10335eabf7.png,experiments/_loose/ps2_korean/local_glyph_ocr/glyphs/0085_1e10335eabf7.png,FILE,OK,
analysis/ps2_korean/local_glyph_ocr/glyphs/0086_1e6aa03ba98c.png,experiments/_loose/ps2_korean/local_glyph_ocr/glyphs/0086_1e6aa03ba98c.png,FILE,OK,
analysis/ps2_korean/local_glyph_ocr/glyphs/0087_1eb47980b804.png,experiments/_loose/ps2_korean/local_glyph_ocr/glyphs/0087_1eb47980b804.png,FILE,OK,
analysis/ps2_korean/local_glyph_ocr/glyphs/0088_1f1647970527.png,experiments/_loose/ps2_korean/local_glyph_ocr/glyphs/0088_1f1647970527.png,FILE,OK,
analysis/ps2_korean/local_glyph_ocr/glyphs/0089_1f35b677f652.png,experiments/_loose/ps2_korean/local_glyph_ocr/glyphs/0089_1f35b677f652.png,FILE,OK,
analysis/ps2_korean/local_glyph_ocr/glyphs/0090_206a4992f40f.png,experiments/_loose/ps2_korean/local_glyph_ocr/glyphs/0090_206a4992f40f.png,FILE,OK,
analysis/ps2_korean/local_glyph_ocr/glyphs/0091_2091e2309a31.png,experiments/_loose/ps2_korean/local_glyph_ocr/glyphs/0091_2091e2309a31.png,FILE,OK,
analysis/ps2_korean/local_glyph_ocr/glyphs/0092_20b737021d6e.png,experiments/_loose/ps2_korean/local_glyph_ocr/glyphs/0092_20b737021d6e.png,FILE,OK,
analysis/ps2_korean/local_glyph_ocr/glyphs/0093_20ccc7c3bd41.png,experiments/_loose/ps2_korean/local_glyph_ocr/glyphs/0093_20ccc7c3bd41.png,FILE,OK,
analysis/ps2_korean/local_glyph_ocr/glyphs/0094_2185b6723fad.png,experiments/_loose/ps2_korean/local_glyph_ocr/glyphs/0094_2185b6723fad.png,FILE,OK,
analysis/ps2_korean/local_glyph_ocr/glyphs/0095_21afb51035d0.png,experiments/_loose/ps2_korean/local_glyph_ocr/glyphs/0095_21afb51035d0.png,FILE,OK,
analysis/ps2_korean/local_glyph_ocr/glyphs/0096_21e266725eea.png,experiments/_loose/ps2_korean/local_glyph_ocr/glyphs/0096_21e266725eea.png,FILE,OK,
analysis/ps2_korean/local_glyph_ocr/glyphs/0097_21e6c6c7ee93.png,experiments/_loose/ps2_korean/local_glyph_ocr/glyphs/0097_21e6c6c7ee93.png,FILE,OK,
analysis/ps2_korean/local_glyph_ocr/glyphs/0098_2251a9aca161.png,experiments/_loose/ps2_korean/local_glyph_ocr/glyphs/0098_2251a9aca161.png,FILE,OK,
analysis/ps2_korean/local_glyph_ocr/glyphs/0099_23671bd59cc7.png,experiments/_loose/ps2_korean/local_glyph_ocr/glyphs/0099_23671bd59cc7.png,FILE,OK,
analysis/ps2_korean/local_glyph_ocr/glyphs/0100_23c5fa446ae0.png,experiments/_loose/ps2_korean/local_glyph_ocr/glyphs/0100_23c5fa446ae0.png,FILE,OK,
analysis/ps2_korean/local_glyph_ocr/glyphs/0101_2418f460790a.png,experiments/_loose/ps2_korean/local_glyph_ocr/glyphs/0101_2418f460790a.png,FILE,OK,
analysis/ps2_korean/local_glyph_ocr/glyphs/0102_2430a14ecd86.png,experiments/_loose/ps2_korean/local_glyph_ocr/glyphs/0102_2430a14ecd86.png,FILE,OK,
analysis/ps2_korean/local_glyph_ocr/glyphs/0103_24d5d4b6af67.png,experiments/_loose/ps2_korean/local_glyph_ocr/glyphs/0103_24d5d4b6af67.png,FILE,OK,
analysis/ps2_korean/local_glyph_ocr/glyphs/0104_250673347845.png,experiments/_loose/ps2_korean/local_glyph_ocr/glyphs/0104_250673347845.png,FILE,OK,
analysis/ps2_korean/local_glyph_ocr/glyphs/0105_25d408f2e43f.png,experiments/_loose/ps2_korean/local_glyph_ocr/glyphs/0105_25d408f2e43f.png,FILE,OK,
analysis/ps2_korean/local_glyph_ocr/glyphs/0106_26505237e16e.png,experiments/_loose/ps2_korean/local_glyph_ocr/glyphs/0106_26505237e16e.png,FILE,OK,
analysis/ps2_korean/local_glyph_ocr/glyphs/0107_265244fc1487.png,experiments/_loose/ps2_korean/local_glyph_ocr/glyphs/0107_265244fc1487.png,FILE,OK,
analysis/ps2_korean/local_glyph_ocr/glyphs/0108_26723a35b0e6.png,experiments/_loose/ps2_korean/local_glyph_ocr/glyphs/0108_26723a35b0e6.png,FILE,OK,
analysis/ps2_korean/local_glyph_ocr/glyphs/0109_2704d78df03c.png,experiments/_loose/ps2_korean/local_glyph_ocr/glyphs/0109_2704d78df03c.png,FILE,OK,
analysis/ps2_korean/local_glyph_ocr/glyphs/0110_28196f568484.png,experiments/_loose/ps2_korean/local_glyph_ocr/glyphs/0110_28196f568484.png,FILE,OK,
analysis/ps2_korean/local_glyph_ocr/glyphs/0111_285a4a06d827.png,experiments/_loose/ps2_korean/local_glyph_ocr/glyphs/0111_285a4a06d827.png,FILE,OK,
analysis/ps2_korean/local_glyph_ocr/glyphs/0112_28651b268e95.png,experiments/_loose/ps2_korean/local_glyph_ocr/glyphs/0112_28651b268e95.png,FILE,OK,
analysis/ps2_korean/local_glyph_ocr/glyphs/0113_295af6f34c26.png,experiments/_loose/ps2_korean/local_glyph_ocr/glyphs/0113_295af6f34c26.png,FILE,OK,
analysis/ps2_korean/local_glyph_ocr/glyphs/0114_29825ec85fc2.png,experiments/_loose/ps2_korean/local_glyph_ocr/glyphs/0114_29825ec85fc2.png,FILE,OK,
analysis/ps2_korean/local_glyph_ocr/glyphs/0115_2a0beeab8ca6.png,experiments/_loose/ps2_korean/local_glyph_ocr/glyphs/0115_2a0beeab8ca6.png,FILE,OK,
analysis/ps2_korean/local_glyph_ocr/glyphs/0116_2a8442aa6542.png,experiments/_loose/ps2_korean/local_glyph_ocr/glyphs/0116_2a8442aa6542.png,FILE,OK,
analysis/ps2_korean/local_glyph_ocr/glyphs/0117_2b0ad6c7fbfd.png,experiments/_loose/ps2_korean/local_glyph_ocr/glyphs/0117_2b0ad6c7fbfd.png,FILE,OK,
analysis/ps2_korean/local_glyph_ocr/glyphs/0118_2b0dee810cdf.png,experiments/_loose/ps2_korean/local_glyph_ocr/glyphs/0118_2b0dee810cdf.png,FILE,OK,
analysis/ps2_korean/local_glyph_ocr/glyphs/0119_2b2ad0d09a1c.png,experiments/_loose/ps2_korean/local_glyph_ocr/glyphs/0119_2b2ad0d09a1c.png,FILE,OK,
analysis/ps2_korean/local_glyph_ocr/glyphs/0120_2b9ace60722f.png,experiments/_loose/ps2_korean/local_glyph_ocr/glyphs/0120_2b9ace60722f.png,FILE,OK,
analysis/ps2_korean/local_glyph_ocr/glyphs/0121_2bbfaa014e85.png,experiments/_loose/ps2_korean/local_glyph_ocr/glyphs/0121_2bbfaa014e85.png,FILE,OK,
analysis/ps2_korean/local_glyph_ocr/glyphs/0122_2bf587f57eb9.png,experiments/_loose/ps2_korean/local_glyph_ocr/glyphs/0122_2bf587f57eb9.png,FILE,OK,
analysis/ps2_korean/local_glyph_ocr/glyphs/0123_2c264b56f505.png,experiments/_loose/ps2_korean/local_glyph_ocr/glyphs/0123_2c264b56f505.png,FILE,OK,
analysis/ps2_korean/local_glyph_ocr/glyphs/0124_2c483ef57337.png,experiments/_loose/ps2_korean/local_glyph_ocr/glyphs/0124_2c483ef57337.png,FILE,OK,
analysis/ps2_korean/local_glyph_ocr/glyphs/0125_2c62f77a84b3.png,experiments/_loose/ps2_korean/local_glyph_ocr/glyphs/0125_2c62f77a84b3.png,FILE,OK,
analysis/ps2_korean/local_glyph_ocr/glyphs/0126_2cfbe540a5a2.png,experiments/_loose/ps2_korean/local_glyph_ocr/glyphs/0126_2cfbe540a5a2.png,FILE,OK,
analysis/ps2_korean/local_glyph_ocr/glyphs/0127_2d1b4aca6ad1.png,experiments/_loose/ps2_korean/local_glyph_ocr/glyphs/0127_2d1b4aca6ad1.png,FILE,OK,
analysis/ps2_korean/local_glyph_ocr/glyphs/0128_2d721f1649f8.png,experiments/_loose/ps2_korean/local_glyph_ocr/glyphs/0128_2d721f1649f8.png,FILE,OK,
analysis/ps2_korean/local_glyph_ocr/glyphs/0129_2d9ab4c1cd67.png,experiments/_loose/ps2_korean/local_glyph_ocr/glyphs/0129_2d9ab4c1cd67.png,FILE,OK,
analysis/ps2_korean/local_glyph_ocr/glyphs/0130_2e6dd8a49bf2.png,experiments/_loose/ps2_korean/local_glyph_ocr/glyphs/0130_2e6dd8a49bf2.png,FILE,OK,
analysis/ps2_korean/local_glyph_ocr/glyphs/0131_2eb1fec0617c.png,experiments/_loose/ps2_korean/local_glyph_ocr/glyphs/0131_2eb1fec0617c.png,FILE,OK,
analysis/ps2_korean/local_glyph_ocr/glyphs/0132_2ee95b0845b4.png,experiments/_loose/ps2_korean/local_glyph_ocr/glyphs/0132_2ee95b0845b4.png,FILE,OK,
analysis/ps2_korean/local_glyph_ocr/glyphs/0133_2f052dbfddfe.png,experiments/_loose/ps2_korean/local_glyph_ocr/glyphs/0133_2f052dbfddfe.png,FILE,OK,
analysis/ps2_korean/local_glyph_ocr/glyphs/0134_2f6409d319a6.png,experiments/_loose/ps2_korean/local_glyph_ocr/glyphs/0134_2f6409d319a6.png,FILE,OK,
analysis/ps2_korean/local_glyph_ocr/glyphs/0135_306a04d9d34f.png,experiments/_loose/ps2_korean/local_glyph_ocr/glyphs/0135_306a04d9d34f.png,FILE,OK,
analysis/ps2_korean/local_glyph_ocr/glyphs/0136_30926919850c.png,experiments/_loose/ps2_korean/local_glyph_ocr/glyphs/0136_30926919850c.png,FILE,OK,
analysis/ps2_korean/local_glyph_ocr/glyphs/0137_30be9472f60f.png,experiments/_loose/ps2_korean/local_glyph_ocr/glyphs/0137_30be9472f60f.png,FILE,OK,
analysis/ps2_korean/local_glyph_ocr/glyphs/0138_30d83f83de2f.png,experiments/_loose/ps2_korean/local_glyph_ocr/glyphs/0138_30d83f83de2f.png,FILE,OK,
analysis/ps2_korean/local_glyph_ocr/glyphs/0139_30fc98e567d1.png,experiments/_loose/ps2_korean/local_glyph_ocr/glyphs/0139_30fc98e567d1.png,FILE,OK,
analysis/ps2_korean/local_glyph_ocr/glyphs/0140_31080aca51d8.png,experiments/_loose/ps2_korean/local_glyph_ocr/glyphs/0140_31080aca51d8.png,FILE,OK,
analysis/ps2_korean/local_glyph_ocr/glyphs/0141_324c6a9c2ac1.png,experiments/_loose/ps2_korean/local_glyph_ocr/glyphs/0141_324c6a9c2ac1.png,FILE,OK,
analysis/ps2_korean/local_glyph_ocr/glyphs/0142_32ca6ed87a37.png,experiments/_loose/ps2_korean/local_glyph_ocr/glyphs/0142_32ca6ed87a37.png,FILE,OK,
analysis/ps2_korean/local_glyph_ocr/glyphs/0143_338803e5c000.png,experiments/_loose/ps2_korean/local_glyph_ocr/glyphs/0143_338803e5c000.png,FILE,OK,
analysis/ps2_korean/local_glyph_ocr/glyphs/0144_3417f1a89104.png,experiments/_loose/ps2_korean/local_glyph_ocr/glyphs/0144_3417f1a89104.png,FILE,OK,
analysis/ps2_korean/local_glyph_ocr/glyphs/0145_3448f40b8e62.png,experiments/_loose/ps2_korean/local_glyph_ocr/glyphs/0145_3448f40b8e62.png,FILE,OK,
analysis/ps2_korean/local_glyph_ocr/glyphs/0146_3461a1693be2.png,experiments/_loose/ps2_korean/local_glyph_ocr/glyphs/0146_3461a1693be2.png,FILE,OK,
analysis/ps2_korean/local_glyph_ocr/glyphs/0147_352829d6109e.png,experiments/_loose/ps2_korean/local_glyph_ocr/glyphs/0147_352829d6109e.png,FILE,OK,
analysis/ps2_korean/local_glyph_ocr/glyphs/0148_357aeb6a84a3.png,experiments/_loose/ps2_korean/local_glyph_ocr/glyphs/0148_357aeb6a84a3.png,FILE,OK,
analysis/ps2_korean/local_glyph_ocr/glyphs/0149_362a6d72cf71.png,experiments/_loose/ps2_korean/local_glyph_ocr/glyphs/0149_362a6d72cf71.png,FILE,OK,
analysis/ps2_korean/local_glyph_ocr/glyphs/0150_365a853960ed.png,experiments/_loose/ps2_korean/local_glyph_ocr/glyphs/0150_365a853960ed.png,FILE,OK,
analysis/ps2_korean/local_glyph_ocr/glyphs/0151_368204662e3e.png,experiments/_loose/ps2_korean/local_glyph_ocr/glyphs/0151_368204662e3e.png,FILE,OK,
analysis/ps2_korean/local_glyph_ocr/glyphs/0152_3685ac3db1b5.png,experiments/_loose/ps2_korean/local_glyph_ocr/glyphs/0152_3685ac3db1b5.png,FILE,OK,
analysis/ps2_korean/local_glyph_ocr/glyphs/0153_36f2a9533474.png,experiments/_loose/ps2_korean/local_glyph_ocr/glyphs/0153_36f2a9533474.png,FILE,OK,
analysis/ps2_korean/local_glyph_ocr/glyphs/0154_370144b99179.png,experiments/_loose/ps2_korean/local_glyph_ocr/glyphs/0154_370144b99179.png,FILE,OK,
analysis/ps2_korean/local_glyph_ocr/glyphs/0155_370f97589675.png,experiments/_loose/ps2_korean/local_glyph_ocr/glyphs/0155_370f97589675.png,FILE,OK,
analysis/ps2_korean/local_glyph_ocr/glyphs/0156_373549522320.png,experiments/_loose/ps2_korean/local_glyph_ocr/glyphs/0156_373549522320.png,FILE,OK,
analysis/ps2_korean/local_glyph_ocr/glyphs/0157_37672a9a2f83.png,experiments/_loose/ps2_korean/local_glyph_ocr/glyphs/0157_37672a9a2f83.png,FILE,OK,
analysis/ps2_korean/local_glyph_ocr/glyphs/0158_38ba5b696eba.png,experiments/_loose/ps2_korean/local_glyph_ocr/glyphs/0158_38ba5b696eba.png,FILE,OK,
analysis/ps2_korean/local_glyph_ocr/glyphs/0159_399a1c74f17e.png,experiments/_loose/ps2_korean/local_glyph_ocr/glyphs/0159_399a1c74f17e.png,FILE,OK,
analysis/ps2_korean/local_glyph_ocr/glyphs/0160_39f87dfffe64.png,experiments/_loose/ps2_korean/local_glyph_ocr/glyphs/0160_39f87dfffe64.png,FILE,OK,
analysis/ps2_korean/local_glyph_ocr/glyphs/0161_3a78c3bd720e.png,experiments/_loose/ps2_korean/local_glyph_ocr/glyphs/0161_3a78c3bd720e.png,FILE,OK,
analysis/ps2_korean/local_glyph_ocr/glyphs/0162_3af901b175a6.png,experiments/_loose/ps2_korean/local_glyph_ocr/glyphs/0162_3af901b175a6.png,FILE,OK,
analysis/ps2_korean/local_glyph_ocr/glyphs/0163_3cbbff7ad3d3.png,experiments/_loose/ps2_korean/local_glyph_ocr/glyphs/0163_3cbbff7ad3d3.png,FILE,OK,
analysis/ps2_korean/local_glyph_ocr/glyphs/0164_3dd9f021456a.png,experiments/_loose/ps2_korean/local_glyph_ocr/glyphs/0164_3dd9f021456a.png,FILE,OK,
analysis/ps2_korean/local_glyph_ocr/glyphs/0165_3e816c02c9ae.png,experiments/_loose/ps2_korean/local_glyph_ocr/glyphs/0165_3e816c02c9ae.png,FILE,OK,
analysis/ps2_korean/local_glyph_ocr/glyphs/0166_402a246760f7.png,experiments/_loose/ps2_korean/local_glyph_ocr/glyphs/0166_402a246760f7.png,FILE,OK,
analysis/ps2_korean/local_glyph_ocr/glyphs/0167_409fde88c643.png,experiments/_loose/ps2_korean/local_glyph_ocr/glyphs/0167_409fde88c643.png,FILE,OK,
analysis/ps2_korean/local_glyph_ocr/glyphs/0168_4157c02f8b08.png,experiments/_loose/ps2_korean/local_glyph_ocr/glyphs/0168_4157c02f8b08.png,FILE,OK,
analysis/ps2_korean/local_glyph_ocr/glyphs/0169_4195ab610c2b.png,experiments/_loose/ps2_korean/local_glyph_ocr/glyphs/0169_4195ab610c2b.png,FILE,OK,
analysis/ps2_korean/local_glyph_ocr/glyphs/0170_42b1a3485df3.png,experiments/_loose/ps2_korean/local_glyph_ocr/glyphs/0170_42b1a3485df3.png,FILE,OK,
analysis/ps2_korean/local_glyph_ocr/glyphs/0171_42c024d2a47f.png,experiments/_loose/ps2_korean/local_glyph_ocr/glyphs/0171_42c024d2a47f.png,FILE,OK,
analysis/ps2_korean/local_glyph_ocr/glyphs/0172_42cc68e20d36.png,experiments/_loose/ps2_korean/local_glyph_ocr/glyphs/0172_42cc68e20d36.png,FILE,OK,
analysis/ps2_korean/local_glyph_ocr/glyphs/0173_43bc0295ca66.png,experiments/_loose/ps2_korean/local_glyph_ocr/glyphs/0173_43bc0295ca66.png,FILE,OK,
analysis/ps2_korean/local_glyph_ocr/glyphs/0174_442a7e5d7a25.png,experiments/_loose/ps2_korean/local_glyph_ocr/glyphs/0174_442a7e5d7a25.png,FILE,OK,
analysis/ps2_korean/local_glyph_ocr/glyphs/0175_4572453217a2.png,experiments/_loose/ps2_korean/local_glyph_ocr/glyphs/0175_4572453217a2.png,FILE,OK,
analysis/ps2_korean/local_glyph_ocr/glyphs/0176_459009ef44ac.png,experiments/_loose/ps2_korean/local_glyph_ocr/glyphs/0176_459009ef44ac.png,FILE,OK,
analysis/ps2_korean/local_glyph_ocr/glyphs/0177_45ff006c4a11.png,experiments/_loose/ps2_korean/local_glyph_ocr/glyphs/0177_45ff006c4a11.png,FILE,OK,
analysis/ps2_korean/local_glyph_ocr/glyphs/0178_4655c691a203.png,experiments/_loose/ps2_korean/local_glyph_ocr/glyphs/0178_4655c691a203.png,FILE,OK,
analysis/ps2_korean/local_glyph_ocr/glyphs/0179_46932f32dd7f.png,experiments/_loose/ps2_korean/local_glyph_ocr/glyphs/0179_46932f32dd7f.png,FILE,OK,
analysis/ps2_korean/local_glyph_ocr/glyphs/0180_47cf96673e31.png,experiments/_loose/ps2_korean/local_glyph_ocr/glyphs/0180_47cf96673e31.png,FILE,OK,
analysis/ps2_korean/local_glyph_ocr/glyphs/0181_480198d9dca1.png,experiments/_loose/ps2_korean/local_glyph_ocr/glyphs/0181_480198d9dca1.png,FILE,OK,
analysis/ps2_korean/local_glyph_ocr/glyphs/0182_480c27115a23.png,experiments/_loose/ps2_korean/local_glyph_ocr/glyphs/0182_480c27115a23.png,FILE,OK,
analysis/ps2_korean/local_glyph_ocr/glyphs/0183_486cd3a13e03.png,experiments/_loose/ps2_korean/local_glyph_ocr/glyphs/0183_486cd3a13e03.png,FILE,OK,
analysis/ps2_korean/local_glyph_ocr/glyphs/0184_486e5f8f637c.png,experiments/_loose/ps2_korean/local_glyph_ocr/glyphs/0184_486e5f8f637c.png,FILE,OK,
analysis/ps2_korean/local_glyph_ocr/glyphs/0185_497e78efddac.png,experiments/_loose/ps2_korean/local_glyph_ocr/glyphs/0185_497e78efddac.png,FILE,OK,
analysis/ps2_korean/local_glyph_ocr/glyphs/0186_4a9b8c521a3a.png,experiments/_loose/ps2_korean/local_glyph_ocr/glyphs/0186_4a9b8c521a3a.png,FILE,OK,
analysis/ps2_korean/local_glyph_ocr/glyphs/0187_4aa1a0af05bd.png,experiments/_loose/ps2_korean/local_glyph_ocr/glyphs/0187_4aa1a0af05bd.png,FILE,OK,
analysis/ps2_korean/local_glyph_ocr/glyphs/0188_4b2260a26e66.png,experiments/_loose/ps2_korean/local_glyph_ocr/glyphs/0188_4b2260a26e66.png,FILE,OK,
analysis/ps2_korean/local_glyph_ocr/glyphs/0189_4ce5b93aac23.png,experiments/_loose/ps2_korean/local_glyph_ocr/glyphs/0189_4ce5b93aac23.png,FILE,OK,
analysis/ps2_korean/local_glyph_ocr/glyphs/0190_4d33b15ab646.png,experiments/_loose/ps2_korean/local_glyph_ocr/glyphs/0190_4d33b15ab646.png,FILE,OK,
analysis/ps2_korean/local_glyph_ocr/glyphs/0191_4e13e6e8aebd.png,experiments/_loose/ps2_korean/local_glyph_ocr/glyphs/0191_4e13e6e8aebd.png,FILE,OK,
analysis/ps2_korean/local_glyph_ocr/glyphs/0192_4f3ba7a59bfb.png,experiments/_loose/ps2_korean/local_glyph_ocr/glyphs/0192_4f3ba7a59bfb.png,FILE,OK,
analysis/ps2_korean/local_glyph_ocr/glyphs/0193_4f7bd8515f48.png,experiments/_loose/ps2_korean/local_glyph_ocr/glyphs/0193_4f7bd8515f48.png,FILE,OK,
analysis/ps2_korean/local_glyph_ocr/glyphs/0194_4fc5b6c2b1e4.png,experiments/_loose/ps2_korean/local_glyph_ocr/glyphs/0194_4fc5b6c2b1e4.png,FILE,OK,
analysis/ps2_korean/local_glyph_ocr/glyphs/0195_4fff3860fee6.png,experiments/_loose/ps2_korean/local_glyph_ocr/glyphs/0195_4fff3860fee6.png,FILE,OK,
analysis/ps2_korean/local_glyph_ocr/glyphs/0196_51271bf1d30e.png,experiments/_loose/ps2_korean/local_glyph_ocr/glyphs/0196_51271bf1d30e.png,FILE,OK,
analysis/ps2_korean/local_glyph_ocr/glyphs/0197_51307c16bd72.png,experiments/_loose/ps2_korean/local_glyph_ocr/glyphs/0197_51307c16bd72.png,FILE,OK,
analysis/ps2_korean/local_glyph_ocr/glyphs/0198_513a6af77b37.png,experiments/_loose/ps2_korean/local_glyph_ocr/glyphs/0198_513a6af77b37.png,FILE,OK,
analysis/ps2_korean/local_glyph_ocr/glyphs/0199_514d6124e79a.png,experiments/_loose/ps2_korean/local_glyph_ocr/glyphs/0199_514d6124e79a.png,FILE,OK,
analysis/ps2_korean/local_glyph_ocr/glyphs/0200_5169c1dc88e4.png,experiments/_loose/ps2_korean/local_glyph_ocr/glyphs/0200_5169c1dc88e4.png,FILE,OK,
analysis/ps2_korean/local_glyph_ocr/glyphs/0201_5234fa67254a.png,experiments/_loose/ps2_korean/local_glyph_ocr/glyphs/0201_5234fa67254a.png,FILE,OK,
analysis/ps2_korean/local_glyph_ocr/glyphs/0202_52d53a2a440c.png,experiments/_loose/ps2_korean/local_glyph_ocr/glyphs/0202_52d53a2a440c.png,FILE,OK,
analysis/ps2_korean/local_glyph_ocr/glyphs/0203_52e9e92b3f40.png,experiments/_loose/ps2_korean/local_glyph_ocr/glyphs/0203_52e9e92b3f40.png,FILE,OK,
analysis/ps2_korean/local_glyph_ocr/glyphs/0204_52fcf9455c14.png,experiments/_loose/ps2_korean/local_glyph_ocr/glyphs/0204_52fcf9455c14.png,FILE,OK,
analysis/ps2_korean/local_glyph_ocr/glyphs/0205_537ee94e48b0.png,experiments/_loose/ps2_korean/local_glyph_ocr/glyphs/0205_537ee94e48b0.png,FILE,OK,
analysis/ps2_korean/local_glyph_ocr/glyphs/0206_543859c2dd0f.png,experiments/_loose/ps2_korean/local_glyph_ocr/glyphs/0206_543859c2dd0f.png,FILE,OK,
analysis/ps2_korean/local_glyph_ocr/glyphs/0207_54ae9ded1c43.png,experiments/_loose/ps2_korean/local_glyph_ocr/glyphs/0207_54ae9ded1c43.png,FILE,OK,
analysis/ps2_korean/local_glyph_ocr/glyphs/0208_5550651a941a.png,experiments/_loose/ps2_korean/local_glyph_ocr/glyphs/0208_5550651a941a.png,FILE,OK,
analysis/ps2_korean/local_glyph_ocr/glyphs/0209_55b008231e71.png,experiments/_loose/ps2_korean/local_glyph_ocr/glyphs/0209_55b008231e71.png,FILE,OK,
analysis/ps2_korean/local_glyph_ocr/glyphs/0210_56ff84c0ef68.png,experiments/_loose/ps2_korean/local_glyph_ocr/glyphs/0210_56ff84c0ef68.png,FILE,OK,
analysis/ps2_korean/local_glyph_ocr/glyphs/0211_5732c3adcb30.png,experiments/_loose/ps2_korean/local_glyph_ocr/glyphs/0211_5732c3adcb30.png,FILE,OK,
analysis/ps2_korean/local_glyph_ocr/glyphs/0212_573f1e56c602.png,experiments/_loose/ps2_korean/local_glyph_ocr/glyphs/0212_573f1e56c602.png,FILE,OK,
analysis/ps2_korean/local_glyph_ocr/glyphs/0213_5771d8b7a7f2.png,experiments/_loose/ps2_korean/local_glyph_ocr/glyphs/0213_5771d8b7a7f2.png,FILE,OK,
analysis/ps2_korean/local_glyph_ocr/glyphs/0214_57aecd80ea7c.png,experiments/_loose/ps2_korean/local_glyph_ocr/glyphs/0214_57aecd80ea7c.png,FILE,OK,
analysis/ps2_korean/local_glyph_ocr/glyphs/0215_594045f0bc24.png,experiments/_loose/ps2_korean/local_glyph_ocr/glyphs/0215_594045f0bc24.png,FILE,OK,
analysis/ps2_korean/local_glyph_ocr/glyphs/0216_598b8c03b1c1.png,experiments/_loose/ps2_korean/local_glyph_ocr/glyphs/0216_598b8c03b1c1.png,FILE,OK,
analysis/ps2_korean/local_glyph_ocr/glyphs/0217_59a08ebe8fd3.png,experiments/_loose/ps2_korean/local_glyph_ocr/glyphs/0217_59a08ebe8fd3.png,FILE,OK,
analysis/ps2_korean/local_glyph_ocr/glyphs/0218_5a5297d3eb94.png,experiments/_loose/ps2_korean/local_glyph_ocr/glyphs/0218_5a5297d3eb94.png,FILE,OK,
analysis/ps2_korean/local_glyph_ocr/glyphs/0219_5a609ea6a3c1.png,experiments/_loose/ps2_korean/local_glyph_ocr/glyphs/0219_5a609ea6a3c1.png,FILE,OK,
analysis/ps2_korean/local_glyph_ocr/glyphs/0220_5a7015c01af7.png,experiments/_loose/ps2_korean/local_glyph_ocr/glyphs/0220_5a7015c01af7.png,FILE,OK,
analysis/ps2_korean/local_glyph_ocr/glyphs/0221_5a9379988127.png,experiments/_loose/ps2_korean/local_glyph_ocr/glyphs/0221_5a9379988127.png,FILE,OK,
analysis/ps2_korean/local_glyph_ocr/glyphs/0222_5ab9f0041ee8.png,experiments/_loose/ps2_korean/local_glyph_ocr/glyphs/0222_5ab9f0041ee8.png,FILE,OK,
analysis/ps2_korean/local_glyph_ocr/glyphs/0223_5b1c4a85ba62.png,experiments/_loose/ps2_korean/local_glyph_ocr/glyphs/0223_5b1c4a85ba62.png,FILE,OK,
analysis/ps2_korean/local_glyph_ocr/glyphs/0224_5b2bcab5f618.png,experiments/_loose/ps2_korean/local_glyph_ocr/glyphs/0224_5b2bcab5f618.png,FILE,OK,
analysis/ps2_korean/local_glyph_ocr/glyphs/0225_5b6a75485142.png,experiments/_loose/ps2_korean/local_glyph_ocr/glyphs/0225_5b6a75485142.png,FILE,OK,
analysis/ps2_korean/local_glyph_ocr/glyphs/0226_5b9cc0d6f941.png,experiments/_loose/ps2_korean/local_glyph_ocr/glyphs/0226_5b9cc0d6f941.png,FILE,OK,
analysis/ps2_korean/local_glyph_ocr/glyphs/0227_5ba6f38c512e.png,experiments/_loose/ps2_korean/local_glyph_ocr/glyphs/0227_5ba6f38c512e.png,FILE,OK,
analysis/ps2_korean/local_glyph_ocr/glyphs/0228_5bf5403f9be3.png,experiments/_loose/ps2_korean/local_glyph_ocr/glyphs/0228_5bf5403f9be3.png,FILE,OK,
analysis/ps2_korean/local_glyph_ocr/glyphs/0229_5bf76bbdc35b.png,experiments/_loose/ps2_korean/local_glyph_ocr/glyphs/0229_5bf76bbdc35b.png,FILE,OK,
analysis/ps2_korean/local_glyph_ocr/glyphs/0230_5c156cc49f12.png,experiments/_loose/ps2_korean/local_glyph_ocr/glyphs/0230_5c156cc49f12.png,FILE,OK,
analysis/ps2_korean/local_glyph_ocr/glyphs/0231_5c59f412bbdf.png,experiments/_loose/ps2_korean/local_glyph_ocr/glyphs/0231_5c59f412bbdf.png,FILE,OK,
analysis/ps2_korean/local_glyph_ocr/glyphs/0232_5c70af2d85f6.png,experiments/_loose/ps2_korean/local_glyph_ocr/glyphs/0232_5c70af2d85f6.png,FILE,OK,
analysis/ps2_korean/local_glyph_ocr/glyphs/0233_5c7cb3194dbf.png,experiments/_loose/ps2_korean/local_glyph_ocr/glyphs/0233_5c7cb3194dbf.png,FILE,OK,
analysis/ps2_korean/local_glyph_ocr/glyphs/0234_5d395ab9a943.png,experiments/_loose/ps2_korean/local_glyph_ocr/glyphs/0234_5d395ab9a943.png,FILE,OK,
analysis/ps2_korean/local_glyph_ocr/glyphs/0235_5d7f68079e4b.png,experiments/_loose/ps2_korean/local_glyph_ocr/glyphs/0235_5d7f68079e4b.png,FILE,OK,
analysis/ps2_korean/local_glyph_ocr/glyphs/0236_5d7fcc2639dc.png,experiments/_loose/ps2_korean/local_glyph_ocr/glyphs/0236_5d7fcc2639dc.png,FILE,OK,
analysis/ps2_korean/local_glyph_ocr/glyphs/0237_5e5f98ada014.png,experiments/_loose/ps2_korean/local_glyph_ocr/glyphs/0237_5e5f98ada014.png,FILE,OK,
analysis/ps2_korean/local_glyph_ocr/glyphs/0238_5ee3cff54ebd.png,experiments/_loose/ps2_korean/local_glyph_ocr/glyphs/0238_5ee3cff54ebd.png,FILE,OK,
analysis/ps2_korean/local_glyph_ocr/glyphs/0239_5f1d1487ffee.png,experiments/_loose/ps2_korean/local_glyph_ocr/glyphs/0239_5f1d1487ffee.png,FILE,OK,
analysis/ps2_korean/local_glyph_ocr/glyphs/0240_5fb9299f8664.png,experiments/_loose/ps2_korean/local_glyph_ocr/glyphs/0240_5fb9299f8664.png,FILE,OK,
analysis/ps2_korean/local_glyph_ocr/glyphs/0241_603394e35716.png,experiments/_loose/ps2_korean/local_glyph_ocr/glyphs/0241_603394e35716.png,FILE,OK,
analysis/ps2_korean/local_glyph_ocr/glyphs/0242_608372dd7b36.png,experiments/_loose/ps2_korean/local_glyph_ocr/glyphs/0242_608372dd7b36.png,FILE,OK,
analysis/ps2_korean/local_glyph_ocr/glyphs/0243_60d77f9cd6c5.png,experiments/_loose/ps2_korean/local_glyph_ocr/glyphs/0243_60d77f9cd6c5.png,FILE,OK,
analysis/ps2_korean/local_glyph_ocr/glyphs/0244_60dd33dd015c.png,experiments/_loose/ps2_korean/local_glyph_ocr/glyphs/0244_60dd33dd015c.png,FILE,OK,
analysis/ps2_korean/local_glyph_ocr/glyphs/0245_616b1d6f03bc.png,experiments/_loose/ps2_korean/local_glyph_ocr/glyphs/0245_616b1d6f03bc.png,FILE,OK,
analysis/ps2_korean/local_glyph_ocr/glyphs/0246_61f589e694ef.png,experiments/_loose/ps2_korean/local_glyph_ocr/glyphs/0246_61f589e694ef.png,FILE,OK,
analysis/ps2_korean/local_glyph_ocr/glyphs/0247_621d9320593e.png,experiments/_loose/ps2_korean/local_glyph_ocr/glyphs/0247_621d9320593e.png,FILE,OK,
analysis/ps2_korean/local_glyph_ocr/glyphs/0248_631cc965e4d2.png,experiments/_loose/ps2_korean/local_glyph_ocr/glyphs/0248_631cc965e4d2.png,FILE,OK,
analysis/ps2_korean/local_glyph_ocr/glyphs/0249_6369ad7e7ba6.png,experiments/_loose/ps2_korean/local_glyph_ocr/glyphs/0249_6369ad7e7ba6.png,FILE,OK,
analysis/ps2_korean/local_glyph_ocr/glyphs/0250_647c3e46468a.png,experiments/_loose/ps2_korean/local_glyph_ocr/glyphs/0250_647c3e46468a.png,FILE,OK,
analysis/ps2_korean/local_glyph_ocr/glyphs/0251_64c8484827a3.png,experiments/_loose/ps2_korean/local_glyph_ocr/glyphs/0251_64c8484827a3.png,FILE,OK,
analysis/ps2_korean/local_glyph_ocr/glyphs/0252_65c64be357db.png,experiments/_loose/ps2_korean/local_glyph_ocr/glyphs/0252_65c64be357db.png,FILE,OK,
analysis/ps2_korean/local_glyph_ocr/glyphs/0253_65f99fcf1ffc.png,experiments/_loose/ps2_korean/local_glyph_ocr/glyphs/0253_65f99fcf1ffc.png,FILE,OK,
analysis/ps2_korean/local_glyph_ocr/glyphs/0254_66a35c33bd4b.png,experiments/_loose/ps2_korean/local_glyph_ocr/glyphs/0254_66a35c33bd4b.png,FILE,OK,
analysis/ps2_korean/local_glyph_ocr/glyphs/0255_6730b2b1962c.png,experiments/_loose/ps2_korean/local_glyph_ocr/glyphs/0255_6730b2b1962c.png,FILE,OK,
analysis/ps2_korean/local_glyph_ocr/glyphs/0256_67a34f59b92b.png,experiments/_loose/ps2_korean/local_glyph_ocr/glyphs/0256_67a34f59b92b.png,FILE,OK,
analysis/ps2_korean/local_glyph_ocr/glyphs/0257_6806435ccd10.png,experiments/_loose/ps2_korean/local_glyph_ocr/glyphs/0257_6806435ccd10.png,FILE,OK,
analysis/ps2_korean/local_glyph_ocr/glyphs/0258_6817c385348c.png,experiments/_loose/ps2_korean/local_glyph_ocr/glyphs/0258_6817c385348c.png,FILE,OK,
analysis/ps2_korean/local_glyph_ocr/glyphs/0259_687e654424d6.png,experiments/_loose/ps2_korean/local_glyph_ocr/glyphs/0259_687e654424d6.png,FILE,OK,
analysis/ps2_korean/local_glyph_ocr/glyphs/0260_6893c87717f8.png,experiments/_loose/ps2_korean/local_glyph_ocr/glyphs/0260_6893c87717f8.png,FILE,OK,
analysis/ps2_korean/local_glyph_ocr/glyphs/0261_68bb0609226e.png,experiments/_loose/ps2_korean/local_glyph_ocr/glyphs/0261_68bb0609226e.png,FILE,OK,
analysis/ps2_korean/local_glyph_ocr/glyphs/0262_68f6ba7bbe4a.png,experiments/_loose/ps2_korean/local_glyph_ocr/glyphs/0262_68f6ba7bbe4a.png,FILE,OK,
analysis/ps2_korean/local_glyph_ocr/glyphs/0263_69205df10938.png,experiments/_loose/ps2_korean/local_glyph_ocr/glyphs/0263_69205df10938.png,FILE,OK,
analysis/ps2_korean/local_glyph_ocr/glyphs/0264_692555219a12.png,experiments/_loose/ps2_korean/local_glyph_ocr/glyphs/0264_692555219a12.png,FILE,OK,
analysis/ps2_korean/local_glyph_ocr/glyphs/0265_69b1f2153c78.png,experiments/_loose/ps2_korean/local_glyph_ocr/glyphs/0265_69b1f2153c78.png,FILE,OK,
analysis/ps2_korean/local_glyph_ocr/glyphs/0266_6a01c1a19088.png,experiments/_loose/ps2_korean/local_glyph_ocr/glyphs/0266_6a01c1a19088.png,FILE,OK,
analysis/ps2_korean/local_glyph_ocr/glyphs/0267_6a1d2bdb6b68.png,experiments/_loose/ps2_korean/local_glyph_ocr/glyphs/0267_6a1d2bdb6b68.png,FILE,OK,
analysis/ps2_korean/local_glyph_ocr/glyphs/0268_6a2e1943fbb6.png,experiments/_loose/ps2_korean/local_glyph_ocr/glyphs/0268_6a2e1943fbb6.png,FILE,OK,
analysis/ps2_korean/local_glyph_ocr/glyphs/0269_6aaff2f258e2.png,experiments/_loose/ps2_korean/local_glyph_ocr/glyphs/0269_6aaff2f258e2.png,FILE,OK,
analysis/ps2_korean/local_glyph_ocr/glyphs/0270_6b5b05284856.png,experiments/_loose/ps2_korean/local_glyph_ocr/glyphs/0270_6b5b05284856.png,FILE,OK,
analysis/ps2_korean/local_glyph_ocr/glyphs/0271_6b5ef3204cd6.png,experiments/_loose/ps2_korean/local_glyph_ocr/glyphs/0271_6b5ef3204cd6.png,FILE,OK,
analysis/ps2_korean/local_glyph_ocr/glyphs/0272_6badaf6b81fa.png,experiments/_loose/ps2_korean/local_glyph_ocr/glyphs/0272_6badaf6b81fa.png,FILE,OK,
analysis/ps2_korean/local_glyph_ocr/glyphs/0273_6be1515d0d70.png,experiments/_loose/ps2_korean/local_glyph_ocr/glyphs/0273_6be1515d0d70.png,FILE,OK,
analysis/ps2_korean/local_glyph_ocr/glyphs/0274_6c1f6c793b4f.png,experiments/_loose/ps2_korean/local_glyph_ocr/glyphs/0274_6c1f6c793b4f.png,FILE,OK,
analysis/ps2_korean/local_glyph_ocr/glyphs/0275_6c4162c4f630.png,experiments/_loose/ps2_korean/local_glyph_ocr/glyphs/0275_6c4162c4f630.png,FILE,OK,
analysis/ps2_korean/local_glyph_ocr/glyphs/0276_6cea9def9e44.png,experiments/_loose/ps2_korean/local_glyph_ocr/glyphs/0276_6cea9def9e44.png,FILE,OK,
analysis/ps2_korean/local_glyph_ocr/glyphs/0277_6f4a96d00366.png,experiments/_loose/ps2_korean/local_glyph_ocr/glyphs/0277_6f4a96d00366.png,FILE,OK,
analysis/ps2_korean/local_glyph_ocr/glyphs/0278_701e713af948.png,experiments/_loose/ps2_korean/local_glyph_ocr/glyphs/0278_701e713af948.png,FILE,OK,
analysis/ps2_korean/local_glyph_ocr/glyphs/0279_703ceb4cf7fe.png,experiments/_loose/ps2_korean/local_glyph_ocr/glyphs/0279_703ceb4cf7fe.png,FILE,OK,
analysis/ps2_korean/local_glyph_ocr/glyphs/0280_708ee8a86d35.png,experiments/_loose/ps2_korean/local_glyph_ocr/glyphs/0280_708ee8a86d35.png,FILE,OK,
analysis/ps2_korean/local_glyph_ocr/glyphs/0281_70df0222f83e.png,experiments/_loose/ps2_korean/local_glyph_ocr/glyphs/0281_70df0222f83e.png,FILE,OK,
analysis/ps2_korean/local_glyph_ocr/glyphs/0282_7114c318f78a.png,experiments/_loose/ps2_korean/local_glyph_ocr/glyphs/0282_7114c318f78a.png,FILE,OK,
analysis/ps2_korean/local_glyph_ocr/glyphs/0283_72524200c73c.png,experiments/_loose/ps2_korean/local_glyph_ocr/glyphs/0283_72524200c73c.png,FILE,OK,
analysis/ps2_korean/local_glyph_ocr/glyphs/0284_72c7f4530ee5.png,experiments/_loose/ps2_korean/local_glyph_ocr/glyphs/0284_72c7f4530ee5.png,FILE,OK,
analysis/ps2_korean/local_glyph_ocr/glyphs/0285_72e34f99b18e.png,experiments/_loose/ps2_korean/local_glyph_ocr/glyphs/0285_72e34f99b18e.png,FILE,OK,
analysis/ps2_korean/local_glyph_ocr/glyphs/0286_72f7f707260a.png,experiments/_loose/ps2_korean/local_glyph_ocr/glyphs/0286_72f7f707260a.png,FILE,OK,
analysis/ps2_korean/local_glyph_ocr/glyphs/0287_731abff07b9e.png,experiments/_loose/ps2_korean/local_glyph_ocr/glyphs/0287_731abff07b9e.png,FILE,OK,
analysis/ps2_korean/local_glyph_ocr/glyphs/0288_731d525e55de.png,experiments/_loose/ps2_korean/local_glyph_ocr/glyphs/0288_731d525e55de.png,FILE,OK,
analysis/ps2_korean/local_glyph_ocr/glyphs/0289_7368d3aa233a.png,experiments/_loose/ps2_korean/local_glyph_ocr/glyphs/0289_7368d3aa233a.png,FILE,OK,
analysis/ps2_korean/local_glyph_ocr/glyphs/0290_738a6b1fa061.png,experiments/_loose/ps2_korean/local_glyph_ocr/glyphs/0290_738a6b1fa061.png,FILE,OK,
analysis/ps2_korean/local_glyph_ocr/glyphs/0291_739cb801624f.png,experiments/_loose/ps2_korean/local_glyph_ocr/glyphs/0291_739cb801624f.png,FILE,OK,
analysis/ps2_korean/local_glyph_ocr/glyphs/0292_73bab78a5ed1.png,experiments/_loose/ps2_korean/local_glyph_ocr/glyphs/0292_73bab78a5ed1.png,FILE,OK,
analysis/ps2_korean/local_glyph_ocr/glyphs/0293_750daff1f558.png,experiments/_loose/ps2_korean/local_glyph_ocr/glyphs/0293_750daff1f558.png,FILE,OK,
analysis/ps2_korean/local_glyph_ocr/glyphs/0294_754954c96c57.png,experiments/_loose/ps2_korean/local_glyph_ocr/glyphs/0294_754954c96c57.png,FILE,OK,
analysis/ps2_korean/local_glyph_ocr/glyphs/0295_756387c36a57.png,experiments/_loose/ps2_korean/local_glyph_ocr/glyphs/0295_756387c36a57.png,FILE,OK,
analysis/ps2_korean/local_glyph_ocr/glyphs/0296_757744ce4751.png,experiments/_loose/ps2_korean/local_glyph_ocr/glyphs/0296_757744ce4751.png,FILE,OK,
analysis/ps2_korean/local_glyph_ocr/glyphs/0297_757b15215e14.png,experiments/_loose/ps2_korean/local_glyph_ocr/glyphs/0297_757b15215e14.png,FILE,OK,
analysis/ps2_korean/local_glyph_ocr/glyphs/0298_759f07329ef4.png,experiments/_loose/ps2_korean/local_glyph_ocr/glyphs/0298_759f07329ef4.png,FILE,OK,
analysis/ps2_korean/local_glyph_ocr/glyphs/0299_75baba21d18a.png,experiments/_loose/ps2_korean/local_glyph_ocr/glyphs/0299_75baba21d18a.png,FILE,OK,
analysis/ps2_korean/local_glyph_ocr/glyphs/0300_75e771593b30.png,experiments/_loose/ps2_korean/local_glyph_ocr/glyphs/0300_75e771593b30.png,FILE,OK,
analysis/ps2_korean/local_glyph_ocr/glyphs/0301_7635610d1ce0.png,experiments/_loose/ps2_korean/local_glyph_ocr/glyphs/0301_7635610d1ce0.png,FILE,OK,
analysis/ps2_korean/local_glyph_ocr/glyphs/0302_7651ba63635e.png,experiments/_loose/ps2_korean/local_glyph_ocr/glyphs/0302_7651ba63635e.png,FILE,OK,
analysis/ps2_korean/local_glyph_ocr/glyphs/0303_76aa102ffa83.png,experiments/_loose/ps2_korean/local_glyph_ocr/glyphs/0303_76aa102ffa83.png,FILE,OK,
analysis/ps2_korean/local_glyph_ocr/glyphs/0304_7756c596ca3a.png,experiments/_loose/ps2_korean/local_glyph_ocr/glyphs/0304_7756c596ca3a.png,FILE,OK,
analysis/ps2_korean/local_glyph_ocr/glyphs/0305_77618fb4d3c1.png,experiments/_loose/ps2_korean/local_glyph_ocr/glyphs/0305_77618fb4d3c1.png,FILE,OK,
analysis/ps2_korean/local_glyph_ocr/glyphs/0306_7790633fc3bc.png,experiments/_loose/ps2_korean/local_glyph_ocr/glyphs/0306_7790633fc3bc.png,FILE,OK,
analysis/ps2_korean/local_glyph_ocr/glyphs/0307_7791fffd4f16.png,experiments/_loose/ps2_korean/local_glyph_ocr/glyphs/0307_7791fffd4f16.png,FILE,OK,
analysis/ps2_korean/local_glyph_ocr/glyphs/0308_77abd99a382e.png,experiments/_loose/ps2_korean/local_glyph_ocr/glyphs/0308_77abd99a382e.png,FILE,OK,
analysis/ps2_korean/local_glyph_ocr/glyphs/0309_7860a2ca1c80.png,experiments/_loose/ps2_korean/local_glyph_ocr/glyphs/0309_7860a2ca1c80.png,FILE,OK,
analysis/ps2_korean/local_glyph_ocr/glyphs/0310_78a52f0c4146.png,experiments/_loose/ps2_korean/local_glyph_ocr/glyphs/0310_78a52f0c4146.png,FILE,OK,
analysis/ps2_korean/local_glyph_ocr/glyphs/0311_7937c2838fde.png,experiments/_loose/ps2_korean/local_glyph_ocr/glyphs/0311_7937c2838fde.png,FILE,OK,
analysis/ps2_korean/local_glyph_ocr/glyphs/0312_796939b2231f.png,experiments/_loose/ps2_korean/local_glyph_ocr/glyphs/0312_796939b2231f.png,FILE,OK,
analysis/ps2_korean/local_glyph_ocr/glyphs/0313_797c8113682e.png,experiments/_loose/ps2_korean/local_glyph_ocr/glyphs/0313_797c8113682e.png,FILE,OK,
analysis/ps2_korean/local_glyph_ocr/glyphs/0314_7ad0ae5a9759.png,experiments/_loose/ps2_korean/local_glyph_ocr/glyphs/0314_7ad0ae5a9759.png,FILE,OK,
analysis/ps2_korean/local_glyph_ocr/glyphs/0315_7b3464922d5e.png,experiments/_loose/ps2_korean/local_glyph_ocr/glyphs/0315_7b3464922d5e.png,FILE,OK,
analysis/ps2_korean/local_glyph_ocr/glyphs/0316_7c7b79ef95a6.png,experiments/_loose/ps2_korean/local_glyph_ocr/glyphs/0316_7c7b79ef95a6.png,FILE,OK,
analysis/ps2_korean/local_glyph_ocr/glyphs/0317_7cf92c9b4dc8.png,experiments/_loose/ps2_korean/local_glyph_ocr/glyphs/0317_7cf92c9b4dc8.png,FILE,OK,
analysis/ps2_korean/local_glyph_ocr/glyphs/0318_7d74c38cf3e1.png,experiments/_loose/ps2_korean/local_glyph_ocr/glyphs/0318_7d74c38cf3e1.png,FILE,OK,
analysis/ps2_korean/local_glyph_ocr/glyphs/0319_7d825d99455f.png,experiments/_loose/ps2_korean/local_glyph_ocr/glyphs/0319_7d825d99455f.png,FILE,OK,
analysis/ps2_korean/local_glyph_ocr/glyphs/0320_7d9cc9440fe0.png,experiments/_loose/ps2_korean/local_glyph_ocr/glyphs/0320_7d9cc9440fe0.png,FILE,OK,
analysis/ps2_korean/local_glyph_ocr/glyphs/0321_7e1ac45bc025.png,experiments/_loose/ps2_korean/local_glyph_ocr/glyphs/0321_7e1ac45bc025.png,FILE,OK,
analysis/ps2_korean/local_glyph_ocr/glyphs/0322_7e20bb3518e7.png,experiments/_loose/ps2_korean/local_glyph_ocr/glyphs/0322_7e20bb3518e7.png,FILE,OK,
analysis/ps2_korean/local_glyph_ocr/glyphs/0323_7e7b5fe157d9.png,experiments/_loose/ps2_korean/local_glyph_ocr/glyphs/0323_7e7b5fe157d9.png,FILE,OK,
analysis/ps2_korean/local_glyph_ocr/glyphs/0324_7ea31bf5bc82.png,experiments/_loose/ps2_korean/local_glyph_ocr/glyphs/0324_7ea31bf5bc82.png,FILE,OK,
analysis/ps2_korean/local_glyph_ocr/glyphs/0325_7f4ae2549e8c.png,experiments/_loose/ps2_korean/local_glyph_ocr/glyphs/0325_7f4ae2549e8c.png,FILE,OK,
analysis/ps2_korean/local_glyph_ocr/glyphs/0326_7f76c7780390.png,experiments/_loose/ps2_korean/local_glyph_ocr/glyphs/0326_7f76c7780390.png,FILE,OK,
analysis/ps2_korean/local_glyph_ocr/glyphs/0327_7f8db4e46d46.png,experiments/_loose/ps2_korean/local_glyph_ocr/glyphs/0327_7f8db4e46d46.png,FILE,OK,
analysis/ps2_korean/local_glyph_ocr/glyphs/0328_8067adbf66b9.png,experiments/_loose/ps2_korean/local_glyph_ocr/glyphs/0328_8067adbf66b9.png,FILE,OK,
analysis/ps2_korean/local_glyph_ocr/glyphs/0329_809b57b2f124.png,experiments/_loose/ps2_korean/local_glyph_ocr/glyphs/0329_809b57b2f124.png,FILE,OK,
analysis/ps2_korean/local_glyph_ocr/glyphs/0330_813371214b49.png,experiments/_loose/ps2_korean/local_glyph_ocr/glyphs/0330_813371214b49.png,FILE,OK,
analysis/ps2_korean/local_glyph_ocr/glyphs/0331_81bf3356a43f.png,experiments/_loose/ps2_korean/local_glyph_ocr/glyphs/0331_81bf3356a43f.png,FILE,OK,
analysis/ps2_korean/local_glyph_ocr/glyphs/0332_81c611f35bff.png,experiments/_loose/ps2_korean/local_glyph_ocr/glyphs/0332_81c611f35bff.png,FILE,OK,
analysis/ps2_korean/local_glyph_ocr/glyphs/0333_8209481ff971.png,experiments/_loose/ps2_korean/local_glyph_ocr/glyphs/0333_8209481ff971.png,FILE,OK,
analysis/ps2_korean/local_glyph_ocr/glyphs/0334_8323c74c0a67.png,experiments/_loose/ps2_korean/local_glyph_ocr/glyphs/0334_8323c74c0a67.png,FILE,OK,
analysis/ps2_korean/local_glyph_ocr/glyphs/0335_840f4f6fb958.png,experiments/_loose/ps2_korean/local_glyph_ocr/glyphs/0335_840f4f6fb958.png,FILE,OK,
analysis/ps2_korean/local_glyph_ocr/glyphs/0336_848ce8608608.png,experiments/_loose/ps2_korean/local_glyph_ocr/glyphs/0336_848ce8608608.png,FILE,OK,
analysis/ps2_korean/local_glyph_ocr/glyphs/0337_84ee8dc1b4e0.png,experiments/_loose/ps2_korean/local_glyph_ocr/glyphs/0337_84ee8dc1b4e0.png,FILE,OK,
analysis/ps2_korean/local_glyph_ocr/glyphs/0338_851d8fe7268d.png,experiments/_loose/ps2_korean/local_glyph_ocr/glyphs/0338_851d8fe7268d.png,FILE,OK,
analysis/ps2_korean/local_glyph_ocr/glyphs/0339_85415b08ed66.png,experiments/_loose/ps2_korean/local_glyph_ocr/glyphs/0339_85415b08ed66.png,FILE,OK,
analysis/ps2_korean/local_glyph_ocr/glyphs/0340_856e3b7230ea.png,experiments/_loose/ps2_korean/local_glyph_ocr/glyphs/0340_856e3b7230ea.png,FILE,OK,
analysis/ps2_korean/local_glyph_ocr/glyphs/0341_869df3778b69.png,experiments/_loose/ps2_korean/local_glyph_ocr/glyphs/0341_869df3778b69.png,FILE,OK,
analysis/ps2_korean/local_glyph_ocr/glyphs/0342_86ef52329f4d.png,experiments/_loose/ps2_korean/local_glyph_ocr/glyphs/0342_86ef52329f4d.png,FILE,OK,
analysis/ps2_korean/local_glyph_ocr/glyphs/0343_86fa497eab21.png,experiments/_loose/ps2_korean/local_glyph_ocr/glyphs/0343_86fa497eab21.png,FILE,OK,
analysis/ps2_korean/local_glyph_ocr/glyphs/0344_873e103e293c.png,experiments/_loose/ps2_korean/local_glyph_ocr/glyphs/0344_873e103e293c.png,FILE,OK,
analysis/ps2_korean/local_glyph_ocr/glyphs/0345_8782ccae3aa9.png,experiments/_loose/ps2_korean/local_glyph_ocr/glyphs/0345_8782ccae3aa9.png,FILE,OK,
analysis/ps2_korean/local_glyph_ocr/glyphs/0346_87d7045560ae.png,experiments/_loose/ps2_korean/local_glyph_ocr/glyphs/0346_87d7045560ae.png,FILE,OK,
analysis/ps2_korean/local_glyph_ocr/glyphs/0347_8818ffa058b8.png,experiments/_loose/ps2_korean/local_glyph_ocr/glyphs/0347_8818ffa058b8.png,FILE,OK,
analysis/ps2_korean/local_glyph_ocr/glyphs/0348_886a2d489791.png,experiments/_loose/ps2_korean/local_glyph_ocr/glyphs/0348_886a2d489791.png,FILE,OK,
analysis/ps2_korean/local_glyph_ocr/glyphs/0349_886bbbdb3e78.png,experiments/_loose/ps2_korean/local_glyph_ocr/glyphs/0349_886bbbdb3e78.png,FILE,OK,
analysis/ps2_korean/local_glyph_ocr/glyphs/0350_88c3467545d6.png,experiments/_loose/ps2_korean/local_glyph_ocr/glyphs/0350_88c3467545d6.png,FILE,OK,
analysis/ps2_korean/local_glyph_ocr/glyphs/0351_88e34e7ddb3a.png,experiments/_loose/ps2_korean/local_glyph_ocr/glyphs/0351_88e34e7ddb3a.png,FILE,OK,
analysis/ps2_korean/local_glyph_ocr/glyphs/0352_89922b0db595.png,experiments/_loose/ps2_korean/local_glyph_ocr/glyphs/0352_89922b0db595.png,FILE,OK,
analysis/ps2_korean/local_glyph_ocr/glyphs/0353_89ab2b92793a.png,experiments/_loose/ps2_korean/local_glyph_ocr/glyphs/0353_89ab2b92793a.png,FILE,OK,
analysis/ps2_korean/local_glyph_ocr/glyphs/0354_8a6c649bb019.png,experiments/_loose/ps2_korean/local_glyph_ocr/glyphs/0354_8a6c649bb019.png,FILE,OK,
analysis/ps2_korean/local_glyph_ocr/glyphs/0355_8a7b677428fb.png,experiments/_loose/ps2_korean/local_glyph_ocr/glyphs/0355_8a7b677428fb.png,FILE,OK,
analysis/ps2_korean/local_glyph_ocr/glyphs/0356_8ae171e51c1b.png,experiments/_loose/ps2_korean/local_glyph_ocr/glyphs/0356_8ae171e51c1b.png,FILE,OK,
analysis/ps2_korean/local_glyph_ocr/glyphs/0357_8b6f436dcbfc.png,experiments/_loose/ps2_korean/local_glyph_ocr/glyphs/0357_8b6f436dcbfc.png,FILE,OK,
analysis/ps2_korean/local_glyph_ocr/glyphs/0358_8b9d713d48aa.png,experiments/_loose/ps2_korean/local_glyph_ocr/glyphs/0358_8b9d713d48aa.png,FILE,OK,
analysis/ps2_korean/local_glyph_ocr/glyphs/0359_8ba8a5e4462c.png,experiments/_loose/ps2_korean/local_glyph_ocr/glyphs/0359_8ba8a5e4462c.png,FILE,OK,
analysis/ps2_korean/local_glyph_ocr/glyphs/0360_8d27574db25c.png,experiments/_loose/ps2_korean/local_glyph_ocr/glyphs/0360_8d27574db25c.png,FILE,OK,
analysis/ps2_korean/local_glyph_ocr/glyphs/0361_8de44c77fe5d.png,experiments/_loose/ps2_korean/local_glyph_ocr/glyphs/0361_8de44c77fe5d.png,FILE,OK,
analysis/ps2_korean/local_glyph_ocr/glyphs/0362_8df38cbe7088.png,experiments/_loose/ps2_korean/local_glyph_ocr/glyphs/0362_8df38cbe7088.png,FILE,OK,
analysis/ps2_korean/local_glyph_ocr/glyphs/0363_8e117574e217.png,experiments/_loose/ps2_korean/local_glyph_ocr/glyphs/0363_8e117574e217.png,FILE,OK,
analysis/ps2_korean/local_glyph_ocr/glyphs/0364_8e5522d43008.png,experiments/_loose/ps2_korean/local_glyph_ocr/glyphs/0364_8e5522d43008.png,FILE,OK,
analysis/ps2_korean/local_glyph_ocr/glyphs/0365_8e575f85950a.png,experiments/_loose/ps2_korean/local_glyph_ocr/glyphs/0365_8e575f85950a.png,FILE,OK,
analysis/ps2_korean/local_glyph_ocr/glyphs/0366_8e8139e95500.png,experiments/_loose/ps2_korean/local_glyph_ocr/glyphs/0366_8e8139e95500.png,FILE,OK,
analysis/ps2_korean/local_glyph_ocr/glyphs/0367_8e8cf5387281.png,experiments/_loose/ps2_korean/local_glyph_ocr/glyphs/0367_8e8cf5387281.png,FILE,OK,
analysis/ps2_korean/local_glyph_ocr/glyphs/0368_8eb9326d642e.png,experiments/_loose/ps2_korean/local_glyph_ocr/glyphs/0368_8eb9326d642e.png,FILE,OK,
analysis/ps2_korean/local_glyph_ocr/glyphs/0369_8eceda371a95.png,experiments/_loose/ps2_korean/local_glyph_ocr/glyphs/0369_8eceda371a95.png,FILE,OK,
analysis/ps2_korean/local_glyph_ocr/glyphs/0370_8edc21944eac.png,experiments/_loose/ps2_korean/local_glyph_ocr/glyphs/0370_8edc21944eac.png,FILE,OK,
analysis/ps2_korean/local_glyph_ocr/glyphs/0371_8ee19427ee2a.png,experiments/_loose/ps2_korean/local_glyph_ocr/glyphs/0371_8ee19427ee2a.png,FILE,OK,
analysis/ps2_korean/local_glyph_ocr/glyphs/0372_8fa7d21cb7f8.png,experiments/_loose/ps2_korean/local_glyph_ocr/glyphs/0372_8fa7d21cb7f8.png,FILE,OK,
analysis/ps2_korean/local_glyph_ocr/glyphs/0373_906e0154f9a1.png,experiments/_loose/ps2_korean/local_glyph_ocr/glyphs/0373_906e0154f9a1.png,FILE,OK,
analysis/ps2_korean/local_glyph_ocr/glyphs/0374_90e4a2501f8a.png,experiments/_loose/ps2_korean/local_glyph_ocr/glyphs/0374_90e4a2501f8a.png,FILE,OK,
analysis/ps2_korean/local_glyph_ocr/glyphs/0375_9187532e5eac.png,experiments/_loose/ps2_korean/local_glyph_ocr/glyphs/0375_9187532e5eac.png,FILE,OK,
analysis/ps2_korean/local_glyph_ocr/glyphs/0376_91a48778f18e.png,experiments/_loose/ps2_korean/local_glyph_ocr/glyphs/0376_91a48778f18e.png,FILE,OK,
analysis/ps2_korean/local_glyph_ocr/glyphs/0377_92103ea1e63c.png,experiments/_loose/ps2_korean/local_glyph_ocr/glyphs/0377_92103ea1e63c.png,FILE,OK,
analysis/ps2_korean/local_glyph_ocr/glyphs/0378_92a2ac6a9d61.png,experiments/_loose/ps2_korean/local_glyph_ocr/glyphs/0378_92a2ac6a9d61.png,FILE,OK,
analysis/ps2_korean/local_glyph_ocr/glyphs/0379_92b3743a888d.png,experiments/_loose/ps2_korean/local_glyph_ocr/glyphs/0379_92b3743a888d.png,FILE,OK,
analysis/ps2_korean/local_glyph_ocr/glyphs/0380_9323d85a7307.png,experiments/_loose/ps2_korean/local_glyph_ocr/glyphs/0380_9323d85a7307.png,FILE,OK,
analysis/ps2_korean/local_glyph_ocr/glyphs/0381_939fe5d222bb.png,experiments/_loose/ps2_korean/local_glyph_ocr/glyphs/0381_939fe5d222bb.png,FILE,OK,
analysis/ps2_korean/local_glyph_ocr/glyphs/0382_93a9977ebec9.png,experiments/_loose/ps2_korean/local_glyph_ocr/glyphs/0382_93a9977ebec9.png,FILE,OK,
analysis/ps2_korean/local_glyph_ocr/glyphs/0383_941310fa9eef.png,experiments/_loose/ps2_korean/local_glyph_ocr/glyphs/0383_941310fa9eef.png,FILE,OK,
analysis/ps2_korean/local_glyph_ocr/glyphs/0384_941fedeaa957.png,experiments/_loose/ps2_korean/local_glyph_ocr/glyphs/0384_941fedeaa957.png,FILE,OK,
analysis/ps2_korean/local_glyph_ocr/glyphs/0385_94afc51fe6d7.png,experiments/_loose/ps2_korean/local_glyph_ocr/glyphs/0385_94afc51fe6d7.png,FILE,OK,
analysis/ps2_korean/local_glyph_ocr/glyphs/0386_94dfcd427d36.png,experiments/_loose/ps2_korean/local_glyph_ocr/glyphs/0386_94dfcd427d36.png,FILE,OK,
analysis/ps2_korean/local_glyph_ocr/glyphs/0387_95290de730b8.png,experiments/_loose/ps2_korean/local_glyph_ocr/glyphs/0387_95290de730b8.png,FILE,OK,
analysis/ps2_korean/local_glyph_ocr/glyphs/0388_952c60039de3.png,experiments/_loose/ps2_korean/local_glyph_ocr/glyphs/0388_952c60039de3.png,FILE,OK,
analysis/ps2_korean/local_glyph_ocr/glyphs/0389_9560c1457ed3.png,experiments/_loose/ps2_korean/local_glyph_ocr/glyphs/0389_9560c1457ed3.png,FILE,OK,
analysis/ps2_korean/local_glyph_ocr/glyphs/0390_95791e396413.png,experiments/_loose/ps2_korean/local_glyph_ocr/glyphs/0390_95791e396413.png,FILE,OK,
analysis/ps2_korean/local_glyph_ocr/glyphs/0391_964f8991d0d3.png,experiments/_loose/ps2_korean/local_glyph_ocr/glyphs/0391_964f8991d0d3.png,FILE,OK,
analysis/ps2_korean/local_glyph_ocr/glyphs/0392_96a926abd64b.png,experiments/_loose/ps2_korean/local_glyph_ocr/glyphs/0392_96a926abd64b.png,FILE,OK,
analysis/ps2_korean/local_glyph_ocr/glyphs/0393_96d62f0abe41.png,experiments/_loose/ps2_korean/local_glyph_ocr/glyphs/0393_96d62f0abe41.png,FILE,OK,
analysis/ps2_korean/local_glyph_ocr/glyphs/0394_9706be2cec15.png,experiments/_loose/ps2_korean/local_glyph_ocr/glyphs/0394_9706be2cec15.png,FILE,OK,
analysis/ps2_korean/local_glyph_ocr/glyphs/0395_976071f124df.png,experiments/_loose/ps2_korean/local_glyph_ocr/glyphs/0395_976071f124df.png,FILE,OK,
analysis/ps2_korean/local_glyph_ocr/glyphs/0396_97a7784a57b3.png,experiments/_loose/ps2_korean/local_glyph_ocr/glyphs/0396_97a7784a57b3.png,FILE,OK,
analysis/ps2_korean/local_glyph_ocr/glyphs/0397_97acaa85af06.png,experiments/_loose/ps2_korean/local_glyph_ocr/glyphs/0397_97acaa85af06.png,FILE,OK,
analysis/ps2_korean/local_glyph_ocr/glyphs/0398_9804790d6ae4.png,experiments/_loose/ps2_korean/local_glyph_ocr/glyphs/0398_9804790d6ae4.png,FILE,OK,
analysis/ps2_korean/local_glyph_ocr/glyphs/0399_989a7556dcfe.png,experiments/_loose/ps2_korean/local_glyph_ocr/glyphs/0399_989a7556dcfe.png,FILE,OK,
analysis/ps2_korean/local_glyph_ocr/glyphs/0400_98d7062cac45.png,experiments/_loose/ps2_korean/local_glyph_ocr/glyphs/0400_98d7062cac45.png,FILE,OK,
analysis/ps2_korean/local_glyph_ocr/glyphs/0401_98df7f22c24e.png,experiments/_loose/ps2_korean/local_glyph_ocr/glyphs/0401_98df7f22c24e.png,FILE,OK,
analysis/ps2_korean/local_glyph_ocr/glyphs/0402_994d37869393.png,experiments/_loose/ps2_korean/local_glyph_ocr/glyphs/0402_994d37869393.png,FILE,OK,
analysis/ps2_korean/local_glyph_ocr/glyphs/0403_9a841868400a.png,experiments/_loose/ps2_korean/local_glyph_ocr/glyphs/0403_9a841868400a.png,FILE,OK,
analysis/ps2_korean/local_glyph_ocr/glyphs/0404_9b8470da87dc.png,experiments/_loose/ps2_korean/local_glyph_ocr/glyphs/0404_9b8470da87dc.png,FILE,OK,
analysis/ps2_korean/local_glyph_ocr/glyphs/0405_9b84e121c49e.png,experiments/_loose/ps2_korean/local_glyph_ocr/glyphs/0405_9b84e121c49e.png,FILE,OK,
analysis/ps2_korean/local_glyph_ocr/glyphs/0406_9bb84897d806.png,experiments/_loose/ps2_korean/local_glyph_ocr/glyphs/0406_9bb84897d806.png,FILE,OK,
analysis/ps2_korean/local_glyph_ocr/glyphs/0407_9be07d6a6124.png,experiments/_loose/ps2_korean/local_glyph_ocr/glyphs/0407_9be07d6a6124.png,FILE,OK,
analysis/ps2_korean/local_glyph_ocr/glyphs/0408_9c26654e3fd9.png,experiments/_loose/ps2_korean/local_glyph_ocr/glyphs/0408_9c26654e3fd9.png,FILE,OK,
analysis/ps2_korean/local_glyph_ocr/glyphs/0409_9c6bb5a01083.png,experiments/_loose/ps2_korean/local_glyph_ocr/glyphs/0409_9c6bb5a01083.png,FILE,OK,
analysis/ps2_korean/local_glyph_ocr/glyphs/0410_9d2667c0110a.png,experiments/_loose/ps2_korean/local_glyph_ocr/glyphs/0410_9d2667c0110a.png,FILE,OK,
analysis/ps2_korean/local_glyph_ocr/glyphs/0411_9d64bb5e9bd8.png,experiments/_loose/ps2_korean/local_glyph_ocr/glyphs/0411_9d64bb5e9bd8.png,FILE,OK,
analysis/ps2_korean/local_glyph_ocr/glyphs/0412_9d67f7f419c9.png,experiments/_loose/ps2_korean/local_glyph_ocr/glyphs/0412_9d67f7f419c9.png,FILE,OK,
analysis/ps2_korean/local_glyph_ocr/glyphs/0413_9dd6a28747b8.png,experiments/_loose/ps2_korean/local_glyph_ocr/glyphs/0413_9dd6a28747b8.png,FILE,OK,
analysis/ps2_korean/local_glyph_ocr/glyphs/0414_9e38096cfec9.png,experiments/_loose/ps2_korean/local_glyph_ocr/glyphs/0414_9e38096cfec9.png,FILE,OK,
analysis/ps2_korean/local_glyph_ocr/glyphs/0415_9e3b1bcee156.png,experiments/_loose/ps2_korean/local_glyph_ocr/glyphs/0415_9e3b1bcee156.png,FILE,OK,
analysis/ps2_korean/local_glyph_ocr/glyphs/0416_9e4c05c54735.png,experiments/_loose/ps2_korean/local_glyph_ocr/glyphs/0416_9e4c05c54735.png,FILE,OK,
analysis/ps2_korean/local_glyph_ocr/glyphs/0417_9ee232e913a9.png,experiments/_loose/ps2_korean/local_glyph_ocr/glyphs/0417_9ee232e913a9.png,FILE,OK,
analysis/ps2_korean/local_glyph_ocr/glyphs/0418_9eeae76b158d.png,experiments/_loose/ps2_korean/local_glyph_ocr/glyphs/0418_9eeae76b158d.png,FILE,OK,
analysis/ps2_korean/local_glyph_ocr/glyphs/0419_9ef6892a2f2c.png,experiments/_loose/ps2_korean/local_glyph_ocr/glyphs/0419_9ef6892a2f2c.png,FILE,OK,
analysis/ps2_korean/local_glyph_ocr/glyphs/0420_9fa651c3e894.png,experiments/_loose/ps2_korean/local_glyph_ocr/glyphs/0420_9fa651c3e894.png,FILE,OK,
analysis/ps2_korean/local_glyph_ocr/glyphs/0421_a0c09ee044b5.png,experiments/_loose/ps2_korean/local_glyph_ocr/glyphs/0421_a0c09ee044b5.png,FILE,OK,
analysis/ps2_korean/local_glyph_ocr/glyphs/0422_a2c8f497d19b.png,experiments/_loose/ps2_korean/local_glyph_ocr/glyphs/0422_a2c8f497d19b.png,FILE,OK,
analysis/ps2_korean/local_glyph_ocr/glyphs/0423_a2f7e816f633.png,experiments/_loose/ps2_korean/local_glyph_ocr/glyphs/0423_a2f7e816f633.png,FILE,OK,
analysis/ps2_korean/local_glyph_ocr/glyphs/0424_a32233896661.png,experiments/_loose/ps2_korean/local_glyph_ocr/glyphs/0424_a32233896661.png,FILE,OK,
analysis/ps2_korean/local_glyph_ocr/glyphs/0425_a4a8e542f85a.png,experiments/_loose/ps2_korean/local_glyph_ocr/glyphs/0425_a4a8e542f85a.png,FILE,OK,
analysis/ps2_korean/local_glyph_ocr/glyphs/0426_a4ba7b7bec62.png,experiments/_loose/ps2_korean/local_glyph_ocr/glyphs/0426_a4ba7b7bec62.png,FILE,OK,
analysis/ps2_korean/local_glyph_ocr/glyphs/0427_a4bfc56bd0a6.png,experiments/_loose/ps2_korean/local_glyph_ocr/glyphs/0427_a4bfc56bd0a6.png,FILE,OK,
analysis/ps2_korean/local_glyph_ocr/glyphs/0428_a4f957b1f31d.png,experiments/_loose/ps2_korean/local_glyph_ocr/glyphs/0428_a4f957b1f31d.png,FILE,OK,
analysis/ps2_korean/local_glyph_ocr/glyphs/0429_a5414503b53d.png,experiments/_loose/ps2_korean/local_glyph_ocr/glyphs/0429_a5414503b53d.png,FILE,OK,
analysis/ps2_korean/local_glyph_ocr/glyphs/0430_a585b4b50ceb.png,experiments/_loose/ps2_korean/local_glyph_ocr/glyphs/0430_a585b4b50ceb.png,FILE,OK,
analysis/ps2_korean/local_glyph_ocr/glyphs/0431_a5ca49419a74.png,experiments/_loose/ps2_korean/local_glyph_ocr/glyphs/0431_a5ca49419a74.png,FILE,OK,
analysis/ps2_korean/local_glyph_ocr/glyphs/0432_a6493bf491c4.png,experiments/_loose/ps2_korean/local_glyph_ocr/glyphs/0432_a6493bf491c4.png,FILE,OK,
analysis/ps2_korean/local_glyph_ocr/glyphs/0433_a64ece373390.png,experiments/_loose/ps2_korean/local_glyph_ocr/glyphs/0433_a64ece373390.png,FILE,OK,
analysis/ps2_korean/local_glyph_ocr/glyphs/0434_a64fdab67dc7.png,experiments/_loose/ps2_korean/local_glyph_ocr/glyphs/0434_a64fdab67dc7.png,FILE,OK,
analysis/ps2_korean/local_glyph_ocr/glyphs/0435_a6cebc52ec8c.png,experiments/_loose/ps2_korean/local_glyph_ocr/glyphs/0435_a6cebc52ec8c.png,FILE,OK,
analysis/ps2_korean/local_glyph_ocr/glyphs/0436_a6d538232b6f.png,experiments/_loose/ps2_korean/local_glyph_ocr/glyphs/0436_a6d538232b6f.png,FILE,OK,
analysis/ps2_korean/local_glyph_ocr/glyphs/0437_a6e7a3bb135f.png,experiments/_loose/ps2_korean/local_glyph_ocr/glyphs/0437_a6e7a3bb135f.png,FILE,OK,
analysis/ps2_korean/local_glyph_ocr/glyphs/0438_a72980d0dbbe.png,experiments/_loose/ps2_korean/local_glyph_ocr/glyphs/0438_a72980d0dbbe.png,FILE,OK,
analysis/ps2_korean/local_glyph_ocr/glyphs/0439_a77489931f73.png,experiments/_loose/ps2_korean/local_glyph_ocr/glyphs/0439_a77489931f73.png,FILE,OK,
analysis/ps2_korean/local_glyph_ocr/glyphs/0440_a8760741b630.png,experiments/_loose/ps2_korean/local_glyph_ocr/glyphs/0440_a8760741b630.png,FILE,OK,
analysis/ps2_korean/local_glyph_ocr/glyphs/0441_a98996730606.png,experiments/_loose/ps2_korean/local_glyph_ocr/glyphs/0441_a98996730606.png,FILE,OK,
analysis/ps2_korean/local_glyph_ocr/glyphs/0442_a9bd0a086f05.png,experiments/_loose/ps2_korean/local_glyph_ocr/glyphs/0442_a9bd0a086f05.png,FILE,OK,
analysis/ps2_korean/local_glyph_ocr/glyphs/0443_a9ecaa518624.png,experiments/_loose/ps2_korean/local_glyph_ocr/glyphs/0443_a9ecaa518624.png,FILE,OK,
analysis/ps2_korean/local_glyph_ocr/glyphs/0444_a9ed9980725c.png,experiments/_loose/ps2_korean/local_glyph_ocr/glyphs/0444_a9ed9980725c.png,FILE,OK,
analysis/ps2_korean/local_glyph_ocr/glyphs/0445_aa3c037e6402.png,experiments/_loose/ps2_korean/local_glyph_ocr/glyphs/0445_aa3c037e6402.png,FILE,OK,
analysis/ps2_korean/local_glyph_ocr/glyphs/0446_aa3de9a4af86.png,experiments/_loose/ps2_korean/local_glyph_ocr/glyphs/0446_aa3de9a4af86.png,FILE,OK,
analysis/ps2_korean/local_glyph_ocr/glyphs/0447_aa5267be3fee.png,experiments/_loose/ps2_korean/local_glyph_ocr/glyphs/0447_aa5267be3fee.png,FILE,OK,
analysis/ps2_korean/local_glyph_ocr/glyphs/0448_aad1225ebf7f.png,experiments/_loose/ps2_korean/local_glyph_ocr/glyphs/0448_aad1225ebf7f.png,FILE,OK,
analysis/ps2_korean/local_glyph_ocr/glyphs/0449_ab42deb269de.png,experiments/_loose/ps2_korean/local_glyph_ocr/glyphs/0449_ab42deb269de.png,FILE,OK,
analysis/ps2_korean/local_glyph_ocr/glyphs/0450_ab6e3b465aac.png,experiments/_loose/ps2_korean/local_glyph_ocr/glyphs/0450_ab6e3b465aac.png,FILE,OK,
analysis/ps2_korean/local_glyph_ocr/glyphs/0451_ab7073933942.png,experiments/_loose/ps2_korean/local_glyph_ocr/glyphs/0451_ab7073933942.png,FILE,OK,
analysis/ps2_korean/local_glyph_ocr/glyphs/0452_ab82e31421c1.png,experiments/_loose/ps2_korean/local_glyph_ocr/glyphs/0452_ab82e31421c1.png,FILE,OK,
analysis/ps2_korean/local_glyph_ocr/glyphs/0453_ab9955277fe3.png,experiments/_loose/ps2_korean/local_glyph_ocr/glyphs/0453_ab9955277fe3.png,FILE,OK,
analysis/ps2_korean/local_glyph_ocr/glyphs/0454_ab9ea4a83477.png,experiments/_loose/ps2_korean/local_glyph_ocr/glyphs/0454_ab9ea4a83477.png,FILE,OK,
analysis/ps2_korean/local_glyph_ocr/glyphs/0455_abfc934a9b5a.png,experiments/_loose/ps2_korean/local_glyph_ocr/glyphs/0455_abfc934a9b5a.png,FILE,OK,
analysis/ps2_korean/local_glyph_ocr/glyphs/0456_ac1c21483d03.png,experiments/_loose/ps2_korean/local_glyph_ocr/glyphs/0456_ac1c21483d03.png,FILE,OK,
analysis/ps2_korean/local_glyph_ocr/glyphs/0457_ac5b267860c4.png,experiments/_loose/ps2_korean/local_glyph_ocr/glyphs/0457_ac5b267860c4.png,FILE,OK,
analysis/ps2_korean/local_glyph_ocr/glyphs/0458_ac687a45aa38.png,experiments/_loose/ps2_korean/local_glyph_ocr/glyphs/0458_ac687a45aa38.png,FILE,OK,
analysis/ps2_korean/local_glyph_ocr/glyphs/0459_ac8d2e890f88.png,experiments/_loose/ps2_korean/local_glyph_ocr/glyphs/0459_ac8d2e890f88.png,FILE,OK,
analysis/ps2_korean/local_glyph_ocr/glyphs/0460_ac94b432d7cb.png,experiments/_loose/ps2_korean/local_glyph_ocr/glyphs/0460_ac94b432d7cb.png,FILE,OK,
analysis/ps2_korean/local_glyph_ocr/glyphs/0461_ad4c4213614a.png,experiments/_loose/ps2_korean/local_glyph_ocr/glyphs/0461_ad4c4213614a.png,FILE,OK,
analysis/ps2_korean/local_glyph_ocr/glyphs/0462_ad5b910c3082.png,experiments/_loose/ps2_korean/local_glyph_ocr/glyphs/0462_ad5b910c3082.png,FILE,OK,
analysis/ps2_korean/local_glyph_ocr/glyphs/0463_ad6e18669b56.png,experiments/_loose/ps2_korean/local_glyph_ocr/glyphs/0463_ad6e18669b56.png,FILE,OK,
analysis/ps2_korean/local_glyph_ocr/glyphs/0464_adc576ae0e36.png,experiments/_loose/ps2_korean/local_glyph_ocr/glyphs/0464_adc576ae0e36.png,FILE,OK,
analysis/ps2_korean/local_glyph_ocr/glyphs/0465_ae6544637e27.png,experiments/_loose/ps2_korean/local_glyph_ocr/glyphs/0465_ae6544637e27.png,FILE,OK,
analysis/ps2_korean/local_glyph_ocr/glyphs/0466_ae7b3b7d18cc.png,experiments/_loose/ps2_korean/local_glyph_ocr/glyphs/0466_ae7b3b7d18cc.png,FILE,OK,
analysis/ps2_korean/local_glyph_ocr/glyphs/0467_aed725a5de4d.png,experiments/_loose/ps2_korean/local_glyph_ocr/glyphs/0467_aed725a5de4d.png,FILE,OK,
analysis/ps2_korean/local_glyph_ocr/glyphs/0468_aee80b5aff13.png,experiments/_loose/ps2_korean/local_glyph_ocr/glyphs/0468_aee80b5aff13.png,FILE,OK,
analysis/ps2_korean/local_glyph_ocr/glyphs/0469_aef7320d77f1.png,experiments/_loose/ps2_korean/local_glyph_ocr/glyphs/0469_aef7320d77f1.png,FILE,OK,
analysis/ps2_korean/local_glyph_ocr/glyphs/0470_af4c3b98ddee.png,experiments/_loose/ps2_korean/local_glyph_ocr/glyphs/0470_af4c3b98ddee.png,FILE,OK,
analysis/ps2_korean/local_glyph_ocr/glyphs/0471_b04c0e84bf59.png,experiments/_loose/ps2_korean/local_glyph_ocr/glyphs/0471_b04c0e84bf59.png,FILE,OK,
analysis/ps2_korean/local_glyph_ocr/glyphs/0472_b0b49874ffc9.png,experiments/_loose/ps2_korean/local_glyph_ocr/glyphs/0472_b0b49874ffc9.png,FILE,OK,
analysis/ps2_korean/local_glyph_ocr/glyphs/0473_b0cd96e02797.png,experiments/_loose/ps2_korean/local_glyph_ocr/glyphs/0473_b0cd96e02797.png,FILE,OK,
analysis/ps2_korean/local_glyph_ocr/glyphs/0474_b1004f558d2a.png,experiments/_loose/ps2_korean/local_glyph_ocr/glyphs/0474_b1004f558d2a.png,FILE,OK,
analysis/ps2_korean/local_glyph_ocr/glyphs/0475_b18fead0810c.png,experiments/_loose/ps2_korean/local_glyph_ocr/glyphs/0475_b18fead0810c.png,FILE,OK,
analysis/ps2_korean/local_glyph_ocr/glyphs/0476_b1f2607ffc59.png,experiments/_loose/ps2_korean/local_glyph_ocr/glyphs/0476_b1f2607ffc59.png,FILE,OK,
analysis/ps2_korean/local_glyph_ocr/glyphs/0477_b21fdf83dad6.png,experiments/_loose/ps2_korean/local_glyph_ocr/glyphs/0477_b21fdf83dad6.png,FILE,OK,
analysis/ps2_korean/local_glyph_ocr/glyphs/0478_b258ee8cf646.png,experiments/_loose/ps2_korean/local_glyph_ocr/glyphs/0478_b258ee8cf646.png,FILE,OK,
analysis/ps2_korean/local_glyph_ocr/glyphs/0479_b26b3001313d.png,experiments/_loose/ps2_korean/local_glyph_ocr/glyphs/0479_b26b3001313d.png,FILE,OK,
analysis/ps2_korean/local_glyph_ocr/glyphs/0480_b27342308e48.png,experiments/_loose/ps2_korean/local_glyph_ocr/glyphs/0480_b27342308e48.png,FILE,OK,
analysis/ps2_korean/local_glyph_ocr/glyphs/0481_b2d365617ea4.png,experiments/_loose/ps2_korean/local_glyph_ocr/glyphs/0481_b2d365617ea4.png,FILE,OK,
analysis/ps2_korean/local_glyph_ocr/glyphs/0482_b36d2db28050.png,experiments/_loose/ps2_korean/local_glyph_ocr/glyphs/0482_b36d2db28050.png,FILE,OK,
analysis/ps2_korean/local_glyph_ocr/glyphs/0483_b408e8f5a491.png,experiments/_loose/ps2_korean/local_glyph_ocr/glyphs/0483_b408e8f5a491.png,FILE,OK,
analysis/ps2_korean/local_glyph_ocr/glyphs/0484_b4670ba2d421.png,experiments/_loose/ps2_korean/local_glyph_ocr/glyphs/0484_b4670ba2d421.png,FILE,OK,
analysis/ps2_korean/local_glyph_ocr/glyphs/0485_b490cfbd9859.png,experiments/_loose/ps2_korean/local_glyph_ocr/glyphs/0485_b490cfbd9859.png,FILE,OK,
analysis/ps2_korean/local_glyph_ocr/glyphs/0486_b4a7c9ee9b33.png,experiments/_loose/ps2_korean/local_glyph_ocr/glyphs/0486_b4a7c9ee9b33.png,FILE,OK,
analysis/ps2_korean/local_glyph_ocr/glyphs/0487_b4be6ea7254d.png,experiments/_loose/ps2_korean/local_glyph_ocr/glyphs/0487_b4be6ea7254d.png,FILE,OK,
analysis/ps2_korean/local_glyph_ocr/glyphs/0488_b53e484ad151.png,experiments/_loose/ps2_korean/local_glyph_ocr/glyphs/0488_b53e484ad151.png,FILE,OK,
analysis/ps2_korean/local_glyph_ocr/glyphs/0489_b553a0eab7ec.png,experiments/_loose/ps2_korean/local_glyph_ocr/glyphs/0489_b553a0eab7ec.png,FILE,OK,
analysis/ps2_korean/local_glyph_ocr/glyphs/0490_b574255ec2a3.png,experiments/_loose/ps2_korean/local_glyph_ocr/glyphs/0490_b574255ec2a3.png,FILE,OK,
analysis/ps2_korean/local_glyph_ocr/glyphs/0491_b58976ee74e4.png,experiments/_loose/ps2_korean/local_glyph_ocr/glyphs/0491_b58976ee74e4.png,FILE,OK,
analysis/ps2_korean/local_glyph_ocr/glyphs/0492_b6761340aeac.png,experiments/_loose/ps2_korean/local_glyph_ocr/glyphs/0492_b6761340aeac.png,FILE,OK,
analysis/ps2_korean/local_glyph_ocr/glyphs/0493_b67841cf8bf1.png,experiments/_loose/ps2_korean/local_glyph_ocr/glyphs/0493_b67841cf8bf1.png,FILE,OK,
analysis/ps2_korean/local_glyph_ocr/glyphs/0494_b6bb74b3477d.png,experiments/_loose/ps2_korean/local_glyph_ocr/glyphs/0494_b6bb74b3477d.png,FILE,OK,
analysis/ps2_korean/local_glyph_ocr/glyphs/0495_b73e126b2207.png,experiments/_loose/ps2_korean/local_glyph_ocr/glyphs/0495_b73e126b2207.png,FILE,OK,
analysis/ps2_korean/local_glyph_ocr/glyphs/0496_b74cc567e4bf.png,experiments/_loose/ps2_korean/local_glyph_ocr/glyphs/0496_b74cc567e4bf.png,FILE,OK,
analysis/ps2_korean/local_glyph_ocr/glyphs/0497_b75e55214c5f.png,experiments/_loose/ps2_korean/local_glyph_ocr/glyphs/0497_b75e55214c5f.png,FILE,OK,
analysis/ps2_korean/local_glyph_ocr/glyphs/0498_b7618d2d4e61.png,experiments/_loose/ps2_korean/local_glyph_ocr/glyphs/0498_b7618d2d4e61.png,FILE,OK,
analysis/ps2_korean/local_glyph_ocr/glyphs/0499_b8825bab5330.png,experiments/_loose/ps2_korean/local_glyph_ocr/glyphs/0499_b8825bab5330.png,FILE,OK,
analysis/ps2_korean/local_glyph_ocr/glyphs/0500_b8abf4959507.png,experiments/_loose/ps2_korean/local_glyph_ocr/glyphs/0500_b8abf4959507.png,FILE,OK,
analysis/ps2_korean/local_glyph_ocr/glyphs/0501_b8c1c09a3f43.png,experiments/_loose/ps2_korean/local_glyph_ocr/glyphs/0501_b8c1c09a3f43.png,FILE,OK,
analysis/ps2_korean/local_glyph_ocr/glyphs/0502_b8e0902f6572.png,experiments/_loose/ps2_korean/local_glyph_ocr/glyphs/0502_b8e0902f6572.png,FILE,OK,
analysis/ps2_korean/local_glyph_ocr/glyphs/0503_b920819c14de.png,experiments/_loose/ps2_korean/local_glyph_ocr/glyphs/0503_b920819c14de.png,FILE,OK,
analysis/ps2_korean/local_glyph_ocr/glyphs/0504_ba1310515d5b.png,experiments/_loose/ps2_korean/local_glyph_ocr/glyphs/0504_ba1310515d5b.png,FILE,OK,
analysis/ps2_korean/local_glyph_ocr/glyphs/0505_ba56e6ef5292.png,experiments/_loose/ps2_korean/local_glyph_ocr/glyphs/0505_ba56e6ef5292.png,FILE,OK,
analysis/ps2_korean/local_glyph_ocr/glyphs/0506_ba7cc6d9909a.png,experiments/_loose/ps2_korean/local_glyph_ocr/glyphs/0506_ba7cc6d9909a.png,FILE,OK,
analysis/ps2_korean/local_glyph_ocr/glyphs/0507_bb9e507da016.png,experiments/_loose/ps2_korean/local_glyph_ocr/glyphs/0507_bb9e507da016.png,FILE,OK,
analysis/ps2_korean/local_glyph_ocr/glyphs/0508_bc5e38831f22.png,experiments/_loose/ps2_korean/local_glyph_ocr/glyphs/0508_bc5e38831f22.png,FILE,OK,
analysis/ps2_korean/local_glyph_ocr/glyphs/0509_bc83493d8506.png,experiments/_loose/ps2_korean/local_glyph_ocr/glyphs/0509_bc83493d8506.png,FILE,OK,
analysis/ps2_korean/local_glyph_ocr/glyphs/0510_bccd0a811b76.png,experiments/_loose/ps2_korean/local_glyph_ocr/glyphs/0510_bccd0a811b76.png,FILE,OK,
analysis/ps2_korean/local_glyph_ocr/glyphs/0511_bceb533f1c03.png,experiments/_loose/ps2_korean/local_glyph_ocr/glyphs/0511_bceb533f1c03.png,FILE,OK,
analysis/ps2_korean/local_glyph_ocr/glyphs/0512_bd012b51d5bc.png,experiments/_loose/ps2_korean/local_glyph_ocr/glyphs/0512_bd012b51d5bc.png,FILE,OK,
analysis/ps2_korean/local_glyph_ocr/glyphs/0513_be1e5bad1618.png,experiments/_loose/ps2_korean/local_glyph_ocr/glyphs/0513_be1e5bad1618.png,FILE,OK,
analysis/ps2_korean/local_glyph_ocr/glyphs/0514_be4b118c51ba.png,experiments/_loose/ps2_korean/local_glyph_ocr/glyphs/0514_be4b118c51ba.png,FILE,OK,
analysis/ps2_korean/local_glyph_ocr/glyphs/0515_bf19e7609453.png,experiments/_loose/ps2_korean/local_glyph_ocr/glyphs/0515_bf19e7609453.png,FILE,OK,
analysis/ps2_korean/local_glyph_ocr/glyphs/0516_bf2926b2307f.png,experiments/_loose/ps2_korean/local_glyph_ocr/glyphs/0516_bf2926b2307f.png,FILE,OK,
analysis/ps2_korean/local_glyph_ocr/glyphs/0517_bf5dd11f6935.png,experiments/_loose/ps2_korean/local_glyph_ocr/glyphs/0517_bf5dd11f6935.png,FILE,OK,
analysis/ps2_korean/local_glyph_ocr/glyphs/0518_bfc00469f00c.png,experiments/_loose/ps2_korean/local_glyph_ocr/glyphs/0518_bfc00469f00c.png,FILE,OK,
analysis/ps2_korean/local_glyph_ocr/glyphs/0519_bfddec67b8b4.png,experiments/_loose/ps2_korean/local_glyph_ocr/glyphs/0519_bfddec67b8b4.png,FILE,OK,
analysis/ps2_korean/local_glyph_ocr/glyphs/0520_c01ddce1b97f.png,experiments/_loose/ps2_korean/local_glyph_ocr/glyphs/0520_c01ddce1b97f.png,FILE,OK,
analysis/ps2_korean/local_glyph_ocr/glyphs/0521_c2b4c3b31798.png,experiments/_loose/ps2_korean/local_glyph_ocr/glyphs/0521_c2b4c3b31798.png,FILE,OK,
analysis/ps2_korean/local_glyph_ocr/glyphs/0522_c2c38d341c33.png,experiments/_loose/ps2_korean/local_glyph_ocr/glyphs/0522_c2c38d341c33.png,FILE,OK,
analysis/ps2_korean/local_glyph_ocr/glyphs/0523_c3a6f2a47488.png,experiments/_loose/ps2_korean/local_glyph_ocr/glyphs/0523_c3a6f2a47488.png,FILE,OK,
analysis/ps2_korean/local_glyph_ocr/glyphs/0524_c3aff9770ec4.png,experiments/_loose/ps2_korean/local_glyph_ocr/glyphs/0524_c3aff9770ec4.png,FILE,OK,
analysis/ps2_korean/local_glyph_ocr/glyphs/0525_c48a407ca027.png,experiments/_loose/ps2_korean/local_glyph_ocr/glyphs/0525_c48a407ca027.png,FILE,OK,
analysis/ps2_korean/local_glyph_ocr/glyphs/0526_c4a710fc75bd.png,experiments/_loose/ps2_korean/local_glyph_ocr/glyphs/0526_c4a710fc75bd.png,FILE,OK,
analysis/ps2_korean/local_glyph_ocr/glyphs/0527_c4d625bc0572.png,experiments/_loose/ps2_korean/local_glyph_ocr/glyphs/0527_c4d625bc0572.png,FILE,OK,
analysis/ps2_korean/local_glyph_ocr/glyphs/0528_c4d696ab0624.png,experiments/_loose/ps2_korean/local_glyph_ocr/glyphs/0528_c4d696ab0624.png,FILE,OK,
analysis/ps2_korean/local_glyph_ocr/glyphs/0529_c4f8aacfe4b4.png,experiments/_loose/ps2_korean/local_glyph_ocr/glyphs/0529_c4f8aacfe4b4.png,FILE,OK,
analysis/ps2_korean/local_glyph_ocr/glyphs/0530_c545604b6729.png,experiments/_loose/ps2_korean/local_glyph_ocr/glyphs/0530_c545604b6729.png,FILE,OK,
analysis/ps2_korean/local_glyph_ocr/glyphs/0531_c5491f09acbd.png,experiments/_loose/ps2_korean/local_glyph_ocr/glyphs/0531_c5491f09acbd.png,FILE,OK,
analysis/ps2_korean/local_glyph_ocr/glyphs/0532_c5c351f549cc.png,experiments/_loose/ps2_korean/local_glyph_ocr/glyphs/0532_c5c351f549cc.png,FILE,OK,
analysis/ps2_korean/local_glyph_ocr/glyphs/0533_c5f2af9b018a.png,experiments/_loose/ps2_korean/local_glyph_ocr/glyphs/0533_c5f2af9b018a.png,FILE,OK,
analysis/ps2_korean/local_glyph_ocr/glyphs/0534_c6e0d6b4513b.png,experiments/_loose/ps2_korean/local_glyph_ocr/glyphs/0534_c6e0d6b4513b.png,FILE,OK,
analysis/ps2_korean/local_glyph_ocr/glyphs/0535_c70e22d9e5b2.png,experiments/_loose/ps2_korean/local_glyph_ocr/glyphs/0535_c70e22d9e5b2.png,FILE,OK,
analysis/ps2_korean/local_glyph_ocr/glyphs/0536_c721dee855e1.png,experiments/_loose/ps2_korean/local_glyph_ocr/glyphs/0536_c721dee855e1.png,FILE,OK,
analysis/ps2_korean/local_glyph_ocr/glyphs/0537_c7c000034286.png,experiments/_loose/ps2_korean/local_glyph_ocr/glyphs/0537_c7c000034286.png,FILE,OK,
analysis/ps2_korean/local_glyph_ocr/glyphs/0538_c7ea486c6d5c.png,experiments/_loose/ps2_korean/local_glyph_ocr/glyphs/0538_c7ea486c6d5c.png,FILE,OK,
analysis/ps2_korean/local_glyph_ocr/glyphs/0539_c8065cf5e2da.png,experiments/_loose/ps2_korean/local_glyph_ocr/glyphs/0539_c8065cf5e2da.png,FILE,OK,
analysis/ps2_korean/local_glyph_ocr/glyphs/0540_c823a96aee1e.png,experiments/_loose/ps2_korean/local_glyph_ocr/glyphs/0540_c823a96aee1e.png,FILE,OK,
analysis/ps2_korean/local_glyph_ocr/glyphs/0541_c8255c696c9d.png,experiments/_loose/ps2_korean/local_glyph_ocr/glyphs/0541_c8255c696c9d.png,FILE,OK,
analysis/ps2_korean/local_glyph_ocr/glyphs/0542_c86a358006b3.png,experiments/_loose/ps2_korean/local_glyph_ocr/glyphs/0542_c86a358006b3.png,FILE,OK,
analysis/ps2_korean/local_glyph_ocr/glyphs/0543_c8fd5fd7c6a2.png,experiments/_loose/ps2_korean/local_glyph_ocr/glyphs/0543_c8fd5fd7c6a2.png,FILE,OK,
analysis/ps2_korean/local_glyph_ocr/glyphs/0544_c9dfd386e24a.png,experiments/_loose/ps2_korean/local_glyph_ocr/glyphs/0544_c9dfd386e24a.png,FILE,OK,
analysis/ps2_korean/local_glyph_ocr/glyphs/0545_ca15ba891eb5.png,experiments/_loose/ps2_korean/local_glyph_ocr/glyphs/0545_ca15ba891eb5.png,FILE,OK,
analysis/ps2_korean/local_glyph_ocr/glyphs/0546_caaa5bd8bc9f.png,experiments/_loose/ps2_korean/local_glyph_ocr/glyphs/0546_caaa5bd8bc9f.png,FILE,OK,
analysis/ps2_korean/local_glyph_ocr/glyphs/0547_cabfba18ca69.png,experiments/_loose/ps2_korean/local_glyph_ocr/glyphs/0547_cabfba18ca69.png,FILE,OK,
analysis/ps2_korean/local_glyph_ocr/glyphs/0548_cad875409ec9.png,experiments/_loose/ps2_korean/local_glyph_ocr/glyphs/0548_cad875409ec9.png,FILE,OK,
analysis/ps2_korean/local_glyph_ocr/glyphs/0549_cb07388a7495.png,experiments/_loose/ps2_korean/local_glyph_ocr/glyphs/0549_cb07388a7495.png,FILE,OK,
analysis/ps2_korean/local_glyph_ocr/glyphs/0550_cb2f2e034d72.png,experiments/_loose/ps2_korean/local_glyph_ocr/glyphs/0550_cb2f2e034d72.png,FILE,OK,
analysis/ps2_korean/local_glyph_ocr/glyphs/0551_cb3a41591054.png,experiments/_loose/ps2_korean/local_glyph_ocr/glyphs/0551_cb3a41591054.png,FILE,OK,
analysis/ps2_korean/local_glyph_ocr/glyphs/0552_cc15b8e6bd7c.png,experiments/_loose/ps2_korean/local_glyph_ocr/glyphs/0552_cc15b8e6bd7c.png,FILE,OK,
analysis/ps2_korean/local_glyph_ocr/glyphs/0553_cd1ac60b8ff2.png,experiments/_loose/ps2_korean/local_glyph_ocr/glyphs/0553_cd1ac60b8ff2.png,FILE,OK,
analysis/ps2_korean/local_glyph_ocr/glyphs/0554_cd37371979ee.png,experiments/_loose/ps2_korean/local_glyph_ocr/glyphs/0554_cd37371979ee.png,FILE,OK,
analysis/ps2_korean/local_glyph_ocr/glyphs/0555_cd518ec1cb41.png,experiments/_loose/ps2_korean/local_glyph_ocr/glyphs/0555_cd518ec1cb41.png,FILE,OK,
analysis/ps2_korean/local_glyph_ocr/glyphs/0556_cd8a6d9e0abb.png,experiments/_loose/ps2_korean/local_glyph_ocr/glyphs/0556_cd8a6d9e0abb.png,FILE,OK,
analysis/ps2_korean/local_glyph_ocr/glyphs/0557_ce68c563d808.png,experiments/_loose/ps2_korean/local_glyph_ocr/glyphs/0557_ce68c563d808.png,FILE,OK,
analysis/ps2_korean/local_glyph_ocr/glyphs/0558_cef6df2885c8.png,experiments/_loose/ps2_korean/local_glyph_ocr/glyphs/0558_cef6df2885c8.png,FILE,OK,
analysis/ps2_korean/local_glyph_ocr/glyphs/0559_cf4fd6c14ccc.png,experiments/_loose/ps2_korean/local_glyph_ocr/glyphs/0559_cf4fd6c14ccc.png,FILE,OK,
analysis/ps2_korean/local_glyph_ocr/glyphs/0560_cf6fb63de86c.png,experiments/_loose/ps2_korean/local_glyph_ocr/glyphs/0560_cf6fb63de86c.png,FILE,OK,
analysis/ps2_korean/local_glyph_ocr/glyphs/0561_d00fed0232e0.png,experiments/_loose/ps2_korean/local_glyph_ocr/glyphs/0561_d00fed0232e0.png,FILE,OK,
analysis/ps2_korean/local_glyph_ocr/glyphs/0562_d13f772d8822.png,experiments/_loose/ps2_korean/local_glyph_ocr/glyphs/0562_d13f772d8822.png,FILE,OK,
analysis/ps2_korean/local_glyph_ocr/glyphs/0563_d1f6714b475c.png,experiments/_loose/ps2_korean/local_glyph_ocr/glyphs/0563_d1f6714b475c.png,FILE,OK,
analysis/ps2_korean/local_glyph_ocr/glyphs/0564_d25c6f136bf2.png,experiments/_loose/ps2_korean/local_glyph_ocr/glyphs/0564_d25c6f136bf2.png,FILE,OK,
analysis/ps2_korean/local_glyph_ocr/glyphs/0565_d2661c6e6513.png,experiments/_loose/ps2_korean/local_glyph_ocr/glyphs/0565_d2661c6e6513.png,FILE,OK,
analysis/ps2_korean/local_glyph_ocr/glyphs/0566_d2d1afe8bc63.png,experiments/_loose/ps2_korean/local_glyph_ocr/glyphs/0566_d2d1afe8bc63.png,FILE,OK,
analysis/ps2_korean/local_glyph_ocr/glyphs/0567_d33feac8a0e5.png,experiments/_loose/ps2_korean/local_glyph_ocr/glyphs/0567_d33feac8a0e5.png,FILE,OK,
analysis/ps2_korean/local_glyph_ocr/glyphs/0568_d39a71ecfb73.png,experiments/_loose/ps2_korean/local_glyph_ocr/glyphs/0568_d39a71ecfb73.png,FILE,OK,
analysis/ps2_korean/local_glyph_ocr/glyphs/0569_d3b28fd66af2.png,experiments/_loose/ps2_korean/local_glyph_ocr/glyphs/0569_d3b28fd66af2.png,FILE,OK,
analysis/ps2_korean/local_glyph_ocr/glyphs/0570_d403e3d717bf.png,experiments/_loose/ps2_korean/local_glyph_ocr/glyphs/0570_d403e3d717bf.png,FILE,OK,
analysis/ps2_korean/local_glyph_ocr/glyphs/0571_d435ff484bce.png,experiments/_loose/ps2_korean/local_glyph_ocr/glyphs/0571_d435ff484bce.png,FILE,OK,
analysis/ps2_korean/local_glyph_ocr/glyphs/0572_d43a7fdffa21.png,experiments/_loose/ps2_korean/local_glyph_ocr/glyphs/0572_d43a7fdffa21.png,FILE,OK,
analysis/ps2_korean/local_glyph_ocr/glyphs/0573_d4f1e5fb491f.png,experiments/_loose/ps2_korean/local_glyph_ocr/glyphs/0573_d4f1e5fb491f.png,FILE,OK,
analysis/ps2_korean/local_glyph_ocr/glyphs/0574_d5990a8f3bfd.png,experiments/_loose/ps2_korean/local_glyph_ocr/glyphs/0574_d5990a8f3bfd.png,FILE,OK,
analysis/ps2_korean/local_glyph_ocr/glyphs/0575_d5bf81b7fe57.png,experiments/_loose/ps2_korean/local_glyph_ocr/glyphs/0575_d5bf81b7fe57.png,FILE,OK,
analysis/ps2_korean/local_glyph_ocr/glyphs/0576_d5d349fe1855.png,experiments/_loose/ps2_korean/local_glyph_ocr/glyphs/0576_d5d349fe1855.png,FILE,OK,
analysis/ps2_korean/local_glyph_ocr/glyphs/0577_d6f6c792c5e4.png,experiments/_loose/ps2_korean/local_glyph_ocr/glyphs/0577_d6f6c792c5e4.png,FILE,OK,
analysis/ps2_korean/local_glyph_ocr/glyphs/0578_d74fdfe3b4bd.png,experiments/_loose/ps2_korean/local_glyph_ocr/glyphs/0578_d74fdfe3b4bd.png,FILE,OK,
analysis/ps2_korean/local_glyph_ocr/glyphs/0579_d80f501f56fa.png,experiments/_loose/ps2_korean/local_glyph_ocr/glyphs/0579_d80f501f56fa.png,FILE,OK,
analysis/ps2_korean/local_glyph_ocr/glyphs/0580_d850b0658dfa.png,experiments/_loose/ps2_korean/local_glyph_ocr/glyphs/0580_d850b0658dfa.png,FILE,OK,
analysis/ps2_korean/local_glyph_ocr/glyphs/0581_d929bdf97d19.png,experiments/_loose/ps2_korean/local_glyph_ocr/glyphs/0581_d929bdf97d19.png,FILE,OK,
analysis/ps2_korean/local_glyph_ocr/glyphs/0582_d9c0825e9916.png,experiments/_loose/ps2_korean/local_glyph_ocr/glyphs/0582_d9c0825e9916.png,FILE,OK,
analysis/ps2_korean/local_glyph_ocr/glyphs/0583_d9d361cff060.png,experiments/_loose/ps2_korean/local_glyph_ocr/glyphs/0583_d9d361cff060.png,FILE,OK,
analysis/ps2_korean/local_glyph_ocr/glyphs/0584_d9f900ed5f2a.png,experiments/_loose/ps2_korean/local_glyph_ocr/glyphs/0584_d9f900ed5f2a.png,FILE,OK,
analysis/ps2_korean/local_glyph_ocr/glyphs/0585_daa047e55233.png,experiments/_loose/ps2_korean/local_glyph_ocr/glyphs/0585_daa047e55233.png,FILE,OK,
analysis/ps2_korean/local_glyph_ocr/glyphs/0586_daab3c5d95b1.png,experiments/_loose/ps2_korean/local_glyph_ocr/glyphs/0586_daab3c5d95b1.png,FILE,OK,
analysis/ps2_korean/local_glyph_ocr/glyphs/0587_dbe0814b6507.png,experiments/_loose/ps2_korean/local_glyph_ocr/glyphs/0587_dbe0814b6507.png,FILE,OK,
analysis/ps2_korean/local_glyph_ocr/glyphs/0588_dbf32cfff3e9.png,experiments/_loose/ps2_korean/local_glyph_ocr/glyphs/0588_dbf32cfff3e9.png,FILE,OK,
analysis/ps2_korean/local_glyph_ocr/glyphs/0589_dc3bc5fac671.png,experiments/_loose/ps2_korean/local_glyph_ocr/glyphs/0589_dc3bc5fac671.png,FILE,OK,
analysis/ps2_korean/local_glyph_ocr/glyphs/0590_dc4bfc2daea5.png,experiments/_loose/ps2_korean/local_glyph_ocr/glyphs/0590_dc4bfc2daea5.png,FILE,OK,
analysis/ps2_korean/local_glyph_ocr/glyphs/0591_dcd6cc485207.png,experiments/_loose/ps2_korean/local_glyph_ocr/glyphs/0591_dcd6cc485207.png,FILE,OK,
analysis/ps2_korean/local_glyph_ocr/glyphs/0592_dd994c91ec89.png,experiments/_loose/ps2_korean/local_glyph_ocr/glyphs/0592_dd994c91ec89.png,FILE,OK,
analysis/ps2_korean/local_glyph_ocr/glyphs/0593_ddc0a9fda21d.png,experiments/_loose/ps2_korean/local_glyph_ocr/glyphs/0593_ddc0a9fda21d.png,FILE,OK,
analysis/ps2_korean/local_glyph_ocr/glyphs/0594_ddcfc8adf5d4.png,experiments/_loose/ps2_korean/local_glyph_ocr/glyphs/0594_ddcfc8adf5d4.png,FILE,OK,
analysis/ps2_korean/local_glyph_ocr/glyphs/0595_dde13502cbb9.png,experiments/_loose/ps2_korean/local_glyph_ocr/glyphs/0595_dde13502cbb9.png,FILE,OK,
analysis/ps2_korean/local_glyph_ocr/glyphs/0596_de4cbb958090.png,experiments/_loose/ps2_korean/local_glyph_ocr/glyphs/0596_de4cbb958090.png,FILE,OK,
analysis/ps2_korean/local_glyph_ocr/glyphs/0597_de642586f7b7.png,experiments/_loose/ps2_korean/local_glyph_ocr/glyphs/0597_de642586f7b7.png,FILE,OK,
analysis/ps2_korean/local_glyph_ocr/glyphs/0598_dea18d33eff0.png,experiments/_loose/ps2_korean/local_glyph_ocr/glyphs/0598_dea18d33eff0.png,FILE,OK,
analysis/ps2_korean/local_glyph_ocr/glyphs/0599_df1b755bd657.png,experiments/_loose/ps2_korean/local_glyph_ocr/glyphs/0599_df1b755bd657.png,FILE,OK,
analysis/ps2_korean/local_glyph_ocr/glyphs/0600_df1f13e6abb4.png,experiments/_loose/ps2_korean/local_glyph_ocr/glyphs/0600_df1f13e6abb4.png,FILE,OK,
analysis/ps2_korean/local_glyph_ocr/glyphs/0601_dfc129616de3.png,experiments/_loose/ps2_korean/local_glyph_ocr/glyphs/0601_dfc129616de3.png,FILE,OK,
analysis/ps2_korean/local_glyph_ocr/glyphs/0602_e0212d570282.png,experiments/_loose/ps2_korean/local_glyph_ocr/glyphs/0602_e0212d570282.png,FILE,OK,
analysis/ps2_korean/local_glyph_ocr/glyphs/0603_e0ac77d688c9.png,experiments/_loose/ps2_korean/local_glyph_ocr/glyphs/0603_e0ac77d688c9.png,FILE,OK,
analysis/ps2_korean/local_glyph_ocr/glyphs/0604_e1466145feb0.png,experiments/_loose/ps2_korean/local_glyph_ocr/glyphs/0604_e1466145feb0.png,FILE,OK,
analysis/ps2_korean/local_glyph_ocr/glyphs/0605_e148985d6000.png,experiments/_loose/ps2_korean/local_glyph_ocr/glyphs/0605_e148985d6000.png,FILE,OK,
analysis/ps2_korean/local_glyph_ocr/glyphs/0606_e1591d352166.png,experiments/_loose/ps2_korean/local_glyph_ocr/glyphs/0606_e1591d352166.png,FILE,OK,
analysis/ps2_korean/local_glyph_ocr/glyphs/0607_e1a80caf3202.png,experiments/_loose/ps2_korean/local_glyph_ocr/glyphs/0607_e1a80caf3202.png,FILE,OK,
analysis/ps2_korean/local_glyph_ocr/glyphs/0608_e1c5212dbed7.png,experiments/_loose/ps2_korean/local_glyph_ocr/glyphs/0608_e1c5212dbed7.png,FILE,OK,
analysis/ps2_korean/local_glyph_ocr/glyphs/0609_e204132c0727.png,experiments/_loose/ps2_korean/local_glyph_ocr/glyphs/0609_e204132c0727.png,FILE,OK,
analysis/ps2_korean/local_glyph_ocr/glyphs/0610_e27b3df0bdb7.png,experiments/_loose/ps2_korean/local_glyph_ocr/glyphs/0610_e27b3df0bdb7.png,FILE,OK,
analysis/ps2_korean/local_glyph_ocr/glyphs/0611_e2b2ca7d8731.png,experiments/_loose/ps2_korean/local_glyph_ocr/glyphs/0611_e2b2ca7d8731.png,FILE,OK,
analysis/ps2_korean/local_glyph_ocr/glyphs/0612_e2f74e437c78.png,experiments/_loose/ps2_korean/local_glyph_ocr/glyphs/0612_e2f74e437c78.png,FILE,OK,
analysis/ps2_korean/local_glyph_ocr/glyphs/0613_e2f934d45739.png,experiments/_loose/ps2_korean/local_glyph_ocr/glyphs/0613_e2f934d45739.png,FILE,OK,
analysis/ps2_korean/local_glyph_ocr/glyphs/0614_e31126ca4dfe.png,experiments/_loose/ps2_korean/local_glyph_ocr/glyphs/0614_e31126ca4dfe.png,FILE,OK,
analysis/ps2_korean/local_glyph_ocr/glyphs/0615_e37dd2aea716.png,experiments/_loose/ps2_korean/local_glyph_ocr/glyphs/0615_e37dd2aea716.png,FILE,OK,
analysis/ps2_korean/local_glyph_ocr/glyphs/0616_e39f72c376ae.png,experiments/_loose/ps2_korean/local_glyph_ocr/glyphs/0616_e39f72c376ae.png,FILE,OK,
analysis/ps2_korean/local_glyph_ocr/glyphs/0617_e3a51808210d.png,experiments/_loose/ps2_korean/local_glyph_ocr/glyphs/0617_e3a51808210d.png,FILE,OK,
analysis/ps2_korean/local_glyph_ocr/glyphs/0618_e407f8ab27de.png,experiments/_loose/ps2_korean/local_glyph_ocr/glyphs/0618_e407f8ab27de.png,FILE,OK,
analysis/ps2_korean/local_glyph_ocr/glyphs/0619_e436462151ee.png,experiments/_loose/ps2_korean/local_glyph_ocr/glyphs/0619_e436462151ee.png,FILE,OK,
analysis/ps2_korean/local_glyph_ocr/glyphs/0620_e4e1374c7331.png,experiments/_loose/ps2_korean/local_glyph_ocr/glyphs/0620_e4e1374c7331.png,FILE,OK,
analysis/ps2_korean/local_glyph_ocr/glyphs/0621_e5470edeb561.png,experiments/_loose/ps2_korean/local_glyph_ocr/glyphs/0621_e5470edeb561.png,FILE,OK,
analysis/ps2_korean/local_glyph_ocr/glyphs/0622_e54bf2351fb9.png,experiments/_loose/ps2_korean/local_glyph_ocr/glyphs/0622_e54bf2351fb9.png,FILE,OK,
analysis/ps2_korean/local_glyph_ocr/glyphs/0623_e5b20705a276.png,experiments/_loose/ps2_korean/local_glyph_ocr/glyphs/0623_e5b20705a276.png,FILE,OK,
analysis/ps2_korean/local_glyph_ocr/glyphs/0624_e5c004375e46.png,experiments/_loose/ps2_korean/local_glyph_ocr/glyphs/0624_e5c004375e46.png,FILE,OK,
analysis/ps2_korean/local_glyph_ocr/glyphs/0625_e5f2e0f5e2da.png,experiments/_loose/ps2_korean/local_glyph_ocr/glyphs/0625_e5f2e0f5e2da.png,FILE,OK,
analysis/ps2_korean/local_glyph_ocr/glyphs/0626_e5fe92413ccd.png,experiments/_loose/ps2_korean/local_glyph_ocr/glyphs/0626_e5fe92413ccd.png,FILE,OK,
analysis/ps2_korean/local_glyph_ocr/glyphs/0627_e6d71d0da855.png,experiments/_loose/ps2_korean/local_glyph_ocr/glyphs/0627_e6d71d0da855.png,FILE,OK,
analysis/ps2_korean/local_glyph_ocr/glyphs/0628_e6eea6529487.png,experiments/_loose/ps2_korean/local_glyph_ocr/glyphs/0628_e6eea6529487.png,FILE,OK,
analysis/ps2_korean/local_glyph_ocr/glyphs/0629_e6fd0d9e8bc5.png,experiments/_loose/ps2_korean/local_glyph_ocr/glyphs/0629_e6fd0d9e8bc5.png,FILE,OK,
analysis/ps2_korean/local_glyph_ocr/glyphs/0630_e702c56f7953.png,experiments/_loose/ps2_korean/local_glyph_ocr/glyphs/0630_e702c56f7953.png,FILE,OK,
analysis/ps2_korean/local_glyph_ocr/glyphs/0631_e7b745167451.png,experiments/_loose/ps2_korean/local_glyph_ocr/glyphs/0631_e7b745167451.png,FILE,OK,
analysis/ps2_korean/local_glyph_ocr/glyphs/0632_e7f66d7298cd.png,experiments/_loose/ps2_korean/local_glyph_ocr/glyphs/0632_e7f66d7298cd.png,FILE,OK,
analysis/ps2_korean/local_glyph_ocr/glyphs/0633_e807725d3706.png,experiments/_loose/ps2_korean/local_glyph_ocr/glyphs/0633_e807725d3706.png,FILE,OK,
analysis/ps2_korean/local_glyph_ocr/glyphs/0634_e895636a41b7.png,experiments/_loose/ps2_korean/local_glyph_ocr/glyphs/0634_e895636a41b7.png,FILE,OK,
analysis/ps2_korean/local_glyph_ocr/glyphs/0635_e8de12703fa1.png,experiments/_loose/ps2_korean/local_glyph_ocr/glyphs/0635_e8de12703fa1.png,FILE,OK,
analysis/ps2_korean/local_glyph_ocr/glyphs/0636_e9872e24ed48.png,experiments/_loose/ps2_korean/local_glyph_ocr/glyphs/0636_e9872e24ed48.png,FILE,OK,
analysis/ps2_korean/local_glyph_ocr/glyphs/0637_e9a45f85835e.png,experiments/_loose/ps2_korean/local_glyph_ocr/glyphs/0637_e9a45f85835e.png,FILE,OK,
analysis/ps2_korean/local_glyph_ocr/glyphs/0638_ea0fae1c8ef9.png,experiments/_loose/ps2_korean/local_glyph_ocr/glyphs/0638_ea0fae1c8ef9.png,FILE,OK,
analysis/ps2_korean/local_glyph_ocr/glyphs/0639_ea842a740b2a.png,experiments/_loose/ps2_korean/local_glyph_ocr/glyphs/0639_ea842a740b2a.png,FILE,OK,
analysis/ps2_korean/local_glyph_ocr/glyphs/0640_ec2f0c91fb76.png,experiments/_loose/ps2_korean/local_glyph_ocr/glyphs/0640_ec2f0c91fb76.png,FILE,OK,
analysis/ps2_korean/local_glyph_ocr/glyphs/0641_ec5ab5b346ed.png,experiments/_loose/ps2_korean/local_glyph_ocr/glyphs/0641_ec5ab5b346ed.png,FILE,OK,
analysis/ps2_korean/local_glyph_ocr/glyphs/0642_eca4adf8e639.png,experiments/_loose/ps2_korean/local_glyph_ocr/glyphs/0642_eca4adf8e639.png,FILE,OK,
analysis/ps2_korean/local_glyph_ocr/glyphs/0643_ecef6719a0d1.png,experiments/_loose/ps2_korean/local_glyph_ocr/glyphs/0643_ecef6719a0d1.png,FILE,OK,
analysis/ps2_korean/local_glyph_ocr/glyphs/0644_ede70b883279.png,experiments/_loose/ps2_korean/local_glyph_ocr/glyphs/0644_ede70b883279.png,FILE,OK,
analysis/ps2_korean/local_glyph_ocr/glyphs/0645_ee4bad75c516.png,experiments/_loose/ps2_korean/local_glyph_ocr/glyphs/0645_ee4bad75c516.png,FILE,OK,
analysis/ps2_korean/local_glyph_ocr/glyphs/0646_efa825133347.png,experiments/_loose/ps2_korean/local_glyph_ocr/glyphs/0646_efa825133347.png,FILE,OK,
analysis/ps2_korean/local_glyph_ocr/glyphs/0647_efcacf32ce8e.png,experiments/_loose/ps2_korean/local_glyph_ocr/glyphs/0647_efcacf32ce8e.png,FILE,OK,
analysis/ps2_korean/local_glyph_ocr/glyphs/0648_f012b203b762.png,experiments/_loose/ps2_korean/local_glyph_ocr/glyphs/0648_f012b203b762.png,FILE,OK,
analysis/ps2_korean/local_glyph_ocr/glyphs/0649_f0af0423674f.png,experiments/_loose/ps2_korean/local_glyph_ocr/glyphs/0649_f0af0423674f.png,FILE,OK,
analysis/ps2_korean/local_glyph_ocr/glyphs/0650_f15f71051f8d.png,experiments/_loose/ps2_korean/local_glyph_ocr/glyphs/0650_f15f71051f8d.png,FILE,OK,
analysis/ps2_korean/local_glyph_ocr/glyphs/0651_f24cf64fb0ae.png,experiments/_loose/ps2_korean/local_glyph_ocr/glyphs/0651_f24cf64fb0ae.png,FILE,OK,
analysis/ps2_korean/local_glyph_ocr/glyphs/0652_f27e8ed8373b.png,experiments/_loose/ps2_korean/local_glyph_ocr/glyphs/0652_f27e8ed8373b.png,FILE,OK,
analysis/ps2_korean/local_glyph_ocr/glyphs/0653_f2acdbcf6b5d.png,experiments/_loose/ps2_korean/local_glyph_ocr/glyphs/0653_f2acdbcf6b5d.png,FILE,OK,
analysis/ps2_korean/local_glyph_ocr/glyphs/0654_f2ee02f61f1b.png,experiments/_loose/ps2_korean/local_glyph_ocr/glyphs/0654_f2ee02f61f1b.png,FILE,OK,
analysis/ps2_korean/local_glyph_ocr/glyphs/0655_f2f69f47ed15.png,experiments/_loose/ps2_korean/local_glyph_ocr/glyphs/0655_f2f69f47ed15.png,FILE,OK,
analysis/ps2_korean/local_glyph_ocr/glyphs/0656_f334b3b2aef6.png,experiments/_loose/ps2_korean/local_glyph_ocr/glyphs/0656_f334b3b2aef6.png,FILE,OK,
analysis/ps2_korean/local_glyph_ocr/glyphs/0657_f41ec2add730.png,experiments/_loose/ps2_korean/local_glyph_ocr/glyphs/0657_f41ec2add730.png,FILE,OK,
analysis/ps2_korean/local_glyph_ocr/glyphs/0658_f44ac9546413.png,experiments/_loose/ps2_korean/local_glyph_ocr/glyphs/0658_f44ac9546413.png,FILE,OK,
analysis/ps2_korean/local_glyph_ocr/glyphs/0659_f46fd801ca1c.png,experiments/_loose/ps2_korean/local_glyph_ocr/glyphs/0659_f46fd801ca1c.png,FILE,OK,
analysis/ps2_korean/local_glyph_ocr/glyphs/0660_f496432dbd33.png,experiments/_loose/ps2_korean/local_glyph_ocr/glyphs/0660_f496432dbd33.png,FILE,OK,
analysis/ps2_korean/local_glyph_ocr/glyphs/0661_f4d682df5ed2.png,experiments/_loose/ps2_korean/local_glyph_ocr/glyphs/0661_f4d682df5ed2.png,FILE,OK,
analysis/ps2_korean/local_glyph_ocr/glyphs/0662_f51bd134f02c.png,experiments/_loose/ps2_korean/local_glyph_ocr/glyphs/0662_f51bd134f02c.png,FILE,OK,
analysis/ps2_korean/local_glyph_ocr/glyphs/0663_f59594d00b57.png,experiments/_loose/ps2_korean/local_glyph_ocr/glyphs/0663_f59594d00b57.png,FILE,OK,
analysis/ps2_korean/local_glyph_ocr/glyphs/0664_f5b98499c6f6.png,experiments/_loose/ps2_korean/local_glyph_ocr/glyphs/0664_f5b98499c6f6.png,FILE,OK,
analysis/ps2_korean/local_glyph_ocr/glyphs/0665_f5da004d4492.png,experiments/_loose/ps2_korean/local_glyph_ocr/glyphs/0665_f5da004d4492.png,FILE,OK,
analysis/ps2_korean/local_glyph_ocr/glyphs/0666_f5f4c3cc1055.png,experiments/_loose/ps2_korean/local_glyph_ocr/glyphs/0666_f5f4c3cc1055.png,FILE,OK,
analysis/ps2_korean/local_glyph_ocr/glyphs/0667_f65e853869ea.png,experiments/_loose/ps2_korean/local_glyph_ocr/glyphs/0667_f65e853869ea.png,FILE,OK,
analysis/ps2_korean/local_glyph_ocr/glyphs/0668_f6a4a23a59f2.png,experiments/_loose/ps2_korean/local_glyph_ocr/glyphs/0668_f6a4a23a59f2.png,FILE,OK,
analysis/ps2_korean/local_glyph_ocr/glyphs/0669_f6bb86619046.png,experiments/_loose/ps2_korean/local_glyph_ocr/glyphs/0669_f6bb86619046.png,FILE,OK,
analysis/ps2_korean/local_glyph_ocr/glyphs/0670_f71e217821f8.png,experiments/_loose/ps2_korean/local_glyph_ocr/glyphs/0670_f71e217821f8.png,FILE,OK,
analysis/ps2_korean/local_glyph_ocr/glyphs/0671_f74fd5842b15.png,experiments/_loose/ps2_korean/local_glyph_ocr/glyphs/0671_f74fd5842b15.png,FILE,OK,
analysis/ps2_korean/local_glyph_ocr/glyphs/0672_f7eb47dd7bf1.png,experiments/_loose/ps2_korean/local_glyph_ocr/glyphs/0672_f7eb47dd7bf1.png,FILE,OK,
analysis/ps2_korean/local_glyph_ocr/glyphs/0673_f84a698e31f8.png,experiments/_loose/ps2_korean/local_glyph_ocr/glyphs/0673_f84a698e31f8.png,FILE,OK,
analysis/ps2_korean/local_glyph_ocr/glyphs/0674_f84d1ab023c5.png,experiments/_loose/ps2_korean/local_glyph_ocr/glyphs/0674_f84d1ab023c5.png,FILE,OK,
analysis/ps2_korean/local_glyph_ocr/glyphs/0675_f86185c7c756.png,experiments/_loose/ps2_korean/local_glyph_ocr/glyphs/0675_f86185c7c756.png,FILE,OK,
analysis/ps2_korean/local_glyph_ocr/glyphs/0676_f87a94bff4d3.png,experiments/_loose/ps2_korean/local_glyph_ocr/glyphs/0676_f87a94bff4d3.png,FILE,OK,
analysis/ps2_korean/local_glyph_ocr/glyphs/0677_f8c0ad946e95.png,experiments/_loose/ps2_korean/local_glyph_ocr/glyphs/0677_f8c0ad946e95.png,FILE,OK,
analysis/ps2_korean/local_glyph_ocr/glyphs/0678_f911429eb7eb.png,experiments/_loose/ps2_korean/local_glyph_ocr/glyphs/0678_f911429eb7eb.png,FILE,OK,
analysis/ps2_korean/local_glyph_ocr/glyphs/0679_f94e49de37a2.png,experiments/_loose/ps2_korean/local_glyph_ocr/glyphs/0679_f94e49de37a2.png,FILE,OK,
analysis/ps2_korean/local_glyph_ocr/glyphs/0680_facad01c9506.png,experiments/_loose/ps2_korean/local_glyph_ocr/glyphs/0680_facad01c9506.png,FILE,OK,
analysis/ps2_korean/local_glyph_ocr/glyphs/0681_fb212d2c2e86.png,experiments/_loose/ps2_korean/local_glyph_ocr/glyphs/0681_fb212d2c2e86.png,FILE,OK,
analysis/ps2_korean/local_glyph_ocr/glyphs/0682_fddb92ddd057.png,experiments/_loose/ps2_korean/local_glyph_ocr/glyphs/0682_fddb92ddd057.png,FILE,OK,
analysis/ps2_korean/local_glyph_ocr/glyphs/0683_fe7ba7056325.png,experiments/_loose/ps2_korean/local_glyph_ocr/glyphs/0683_fe7ba7056325.png,FILE,OK,
analysis/ps2_korean/local_glyph_ocr/glyphs/0684_fe972444c923.png,experiments/_loose/ps2_korean/local_glyph_ocr/glyphs/0684_fe972444c923.png,FILE,OK,
analysis/ps2_korean/local_glyph_ocr/glyphs/0685_fea72f01e99f.png,experiments/_loose/ps2_korean/local_glyph_ocr/glyphs/0685_fea72f01e99f.png,FILE,OK,
analysis/ps2_korean/local_glyph_ocr/glyphs/0686_fec58ace01fa.png,experiments/_loose/ps2_korean/local_glyph_ocr/glyphs/0686_fec58ace01fa.png,FILE,OK,
analysis/ps2_korean/local_glyph_ocr/glyphs/0687_fee5a6c9525a.png,experiments/_loose/ps2_korean/local_glyph_ocr/glyphs/0687_fee5a6c9525a.png,FILE,OK,
analysis/ps2_korean/local_glyph_ocr/glyphs/0688_ff360085f605.png,experiments/_loose/ps2_korean/local_glyph_ocr/glyphs/0688_ff360085f605.png,FILE,OK,
analysis/ps2_korean/local_glyph_ocr/glyphs/0689_ff3611ca41ac.png,experiments/_loose/ps2_korean/local_glyph_ocr/glyphs/0689_ff3611ca41ac.png,FILE,OK,
analysis/azahar_restart_stderr.log,logs/azahar_restart_stderr.log,FILE,OK,
analysis/azahar_restart_stdout.log,logs/azahar_restart_stdout.log,FILE,OK,
analysis/azahar_stderr.log,logs/azahar_stderr.log,FILE,OK,
analysis/azahar_stdout.log,logs/azahar_stdout.log,FILE,OK,
analysis/citra_azahar_attempt_final.log,logs/citra_azahar_attempt_final.log,FILE,OK,
analysis/citra_azahar_clean_session.log,logs/citra_azahar_clean_session.log,FILE,OK,
analysis/citra_azahar_codec_call.log,logs/citra_azahar_codec_call.log,FILE,OK,
analysis/citra_azahar_fixed.log,logs/citra_azahar_fixed.log,FILE,OK,
analysis/citra_azahar_loading_unstick.log,logs/citra_azahar_loading_unstick.log,FILE,OK,
analysis/citra_azahar_reproduce.log,logs/citra_azahar_reproduce.log,FILE,OK,
analysis/citra_azahar_reproduce2.log,logs/citra_azahar_reproduce2.log,FILE,OK,
analysis/citra_azahar_restart2.log,logs/citra_azahar_restart2.log,FILE,OK,
analysis/citra_bulk_static_runtime.log,logs/citra_bulk_static_runtime.log,FILE,OK,
analysis/citra_gcx53_dynamic_launch.log,logs/citra_gcx53_dynamic_launch.log,FILE,OK,
analysis/citra_gcx53_dynamic_mi.log,logs/citra_gcx53_dynamic_mi.log,FILE,OK,
analysis/citra_gcx53_dynamic_mi2.log,logs/citra_gcx53_dynamic_mi2.log,FILE,OK,
analysis/citra_gcx53_dynamic_mi3.log,logs/citra_gcx53_dynamic_mi3.log,FILE,OK,
analysis/citra_gcx53_dynamic_mi4.log,logs/citra_gcx53_dynamic_mi4.log,FILE,OK,
analysis/citra_gdb_8101_4copy.log,logs/citra_gdb_8101_4copy.log,FILE,OK,
analysis/citra_gdb_8101_4copy_clean.log,logs/citra_gdb_8101_4copy_clean.log,FILE,OK,
analysis/citra_gdb_8101_probe.log,logs/citra_gdb_8101_probe.log,FILE,OK,
analysis/citra_gdb_candidate.log,logs/citra_gdb_candidate.log,FILE,OK,
analysis/citra_gdb_mi.log,logs/citra_gdb_mi.log,FILE,OK,
analysis/citra_gdb_mi_watch_20260812.log,logs/citra_gdb_mi_watch_20260812.log,FILE,OK,
analysis/citra_gdb_static_font.log,logs/citra_gdb_static_font.log,FILE,OK,
analysis/citra_movie_only_runtime.log,logs/citra_movie_only_runtime.log,FILE,OK,
analysis/citra_qt_gdb_launch.log,logs/citra_qt_gdb_launch.log,FILE,OK,
analysis/citra_qt_gdb_launch2.log,logs/citra_qt_gdb_launch2.log,FILE,OK,
analysis/citra_static_korean_runtime.log,logs/citra_static_korean_runtime.log,FILE,OK,
analysis/citra_tom_all_copies_runtime.log,logs/citra_tom_all_copies_runtime.log,FILE,OK,
analysis/citra_tom_codec_control.log,logs/citra_tom_codec_control.log,FILE,OK,
analysis/citra_tom_demo_only_runtime.log,logs/citra_tom_demo_only_runtime.log,FILE,OK,
analysis/citra_tom_movie_demo_runtime.log,logs/citra_tom_movie_demo_runtime.log,FILE,OK,
analysis/codec_fps_fixed_layout.dat.hangul.json,glyph/validation/codec_fps_fixed_layout.dat.hangul.json,FILE,OK,
analysis/codec_korean_anchor_review.csv,translation/20_matching/codec_korean_anchor_review.csv,FILE,OK,
analysis/codec_korean_existing_smoke.dat.hangul.json,glyph/validation/codec_korean_existing_smoke.dat.hangul.json,FILE,OK,
analysis/codec_korean_smoke.dat.hangul.json,glyph/validation/codec_korean_smoke.dat.hangul.json,FILE,OK,
analysis/demo_korean_comparison_exact.csv,translation/90_archive/stale_parser_offsets/demo_korean_comparison_exact.csv,FILE,OK,
analysis/demo_korean_comparison_exact_dp.csv,translation/90_archive/stale_parser_offsets/demo_korean_comparison_exact_dp.csv,FILE,OK,
analysis/demo_korean_comparison_review.csv,translation/20_matching/demo_korean_comparison_review.csv,FILE,OK,
analysis/english_movie_first26.dat.hangul.json,glyph/validation/english_movie_first26.dat.hangul.json,FILE,OK,
analysis/english_movie_smoke_one.dat.hangul.json,glyph/validation/english_movie_smoke_one.dat.hangul.json,FILE,OK,
analysis/english_movie_smoke_record0.dat.hangul.json,glyph/validation/english_movie_smoke_record0.dat.hangul.json,FILE,OK,
analysis/en_codec_fixed_size_smoke.dat.hangul.json,glyph/validation/en_codec_fixed_size_smoke.dat.hangul.json,FILE,OK,
analysis/en_codec_korean_matches.csv,translation/20_matching/en_codec_korean_matches.csv,FILE,OK,
analysis/en_codec_smoke.dat.hangul.json,glyph/validation/en_codec_smoke.dat.hangul.json,FILE,OK,
analysis/en_demo_korean_matches.csv,translation/20_matching/en_demo_korean_matches.csv,FILE,OK,
analysis/en_demo_smoke.dat.hangul.json,glyph/validation/en_demo_smoke.dat.hangul.json,FILE,OK,
analysis/en_movie_korean_matches.csv,translation/20_matching/en_movie_korean_matches.csv,FILE,OK,
analysis/en_movie_smoke.dat.hangul.json,glyph/validation/en_movie_smoke.dat.hangul.json,FILE,OK,
analysis/gdb_asset_wrapper_20260813.log,logs/gdb_asset_wrapper_20260813.log,FILE,OK,
analysis/gdb_azahar_fixed_gdb.log,logs/gdb_azahar_fixed_gdb.log,FILE,OK,
analysis/gdb_clean_live_memory.log,logs/gdb_clean_live_memory.log,FILE,OK,
analysis/gdb_ctx_dynamic_attach.log,logs/gdb_ctx_dynamic_attach.log,FILE,OK,
analysis/gdb_ctx_watch_attached_title.log,logs/gdb_ctx_watch_attached_title.log,FILE,OK,
analysis/gdb_ctx_watch_latest.log,logs/gdb_ctx_watch_latest.log,FILE,OK,
analysis/gdb_ctx_watch_title_stage.log,logs/gdb_ctx_watch_title_stage.log,FILE,OK,
analysis/gdb_dynamic_context_live.log,logs/gdb_dynamic_context_live.log,FILE,OK,
analysis/gdb_font_ctx_20260812.log,logs/gdb_font_ctx_20260812.log,FILE,OK,
analysis/gdb_font_ctx_latest.log,logs/gdb_font_ctx_latest.log,FILE,OK,
analysis/gdb_guest_entry_only.log,logs/gdb_guest_entry_only.log,FILE,OK,
analysis/gdb_guest_entry_retry_clean.log,logs/gdb_guest_entry_retry_clean.log,FILE,OK,
analysis/gdb_korean_memory_20260813.log,logs/gdb_korean_memory_20260813.log,FILE,OK,
analysis/gdb_korean_page_compare_20260813.log,logs/gdb_korean_page_compare_20260813.log,FILE,OK,
analysis/gdb_live_memory_now.log,logs/gdb_live_memory_now.log,FILE,OK,
analysis/gdb_live_resident_reverse.log,logs/gdb_live_resident_reverse.log,FILE,OK,
analysis/gdb_loader_watch_20260812.log,logs/gdb_loader_watch_20260812.log,FILE,OK,
analysis/gdb_resident_extent_20260812.log,logs/gdb_resident_extent_20260812.log,FILE,OK,
analysis/gdb_resident_size_live.log,logs/gdb_resident_size_live.log,FILE,OK,
analysis/gdb_scenario_parser_20260813.log,logs/gdb_scenario_parser_20260813.log,FILE,OK,
analysis/gdb_size_source_20260813.log,logs/gdb_size_source_20260813.log,FILE,OK,
analysis/gdb_stage_live_attach.log,logs/gdb_stage_live_attach.log,FILE,OK,
analysis/gdb_stage_live_retry.log,logs/gdb_stage_live_retry.log,FILE,OK,
analysis/gdb_title_size_writer.log,logs/gdb_title_size_writer.log,FILE,OK,
analysis/glyph_page_registration_gdb.log,logs/glyph_page_registration_gdb.log,FILE,OK,
analysis/glyph_page_registration_gdb2.log,logs/glyph_page_registration_gdb2.log,FILE,OK,
analysis/glyph_page_runtime_gdb.log,logs/glyph_page_runtime_gdb.log,FILE,OK,
analysis/mgs3d_script_comparison.csv,translation/20_matching/mgs3d_script_comparison.csv,FILE,OK,
analysis/mgs3_trilingual_game_comparison.csv,translation/20_matching/mgs3_trilingual_game_comparison.csv,FILE,OK,
analysis/movie_korean_comparison_exact.csv,translation/90_archive/stale_parser_offsets/movie_korean_comparison_exact.csv,FILE,OK,
analysis/movie_korean_comparison_exact_dp.csv,translation/90_archive/stale_parser_offsets/movie_korean_comparison_exact_dp.csv,FILE,OK,
analysis/movie_korean_comparison_review.csv,translation/20_matching/movie_korean_comparison_review.csv,FILE,OK,
analysis/romforge_help_stderr.txt,logs/romforge_help_stderr.txt,FILE,OK,
analysis/romforge_help_stdout.txt,logs/romforge_help_stdout.txt,FILE,OK,
analysis/runtime_last_launch.log,logs/runtime_last_launch.log,FILE,OK,
analysis/shinsnote_mgs3_classified.csv,translation/20_matching/shinsnote/shinsnote_mgs3_classified.csv,FILE,OK,
analysis/shinsnote_mgs3_classified.json,translation/20_matching/shinsnote/shinsnote_mgs3_classified.json,FILE,OK,
analysis/shinsnote_mgs3_codec_only.json,translation/20_matching/shinsnote/shinsnote_mgs3_codec_only.json,FILE,OK,
analysis/shinsnote_mgs3_movie_demo_only.json,translation/20_matching/shinsnote/shinsnote_mgs3_movie_demo_only.json,FILE,OK,
analysis/shinsnote_mgs3_script.csv,translation/20_matching/shinsnote/shinsnote_mgs3_script.csv,FILE,OK,
analysis/shinsnote_mgs3_script.json,translation/20_matching/shinsnote/shinsnote_mgs3_script.json,FILE,OK,
analysis/build_atomic_success_test/000400000007A000/romfs/movie.dat.hangul.json,archive/old-data/build_atomic_success_test/000400000007A000/romfs/movie.dat.hangul.json,FILE,OK,
analysis/citra_smoke_runtime/stderr.log,logs/citra_smoke_runtime/stderr.log,FILE,OK,
analysis/citra_smoke_runtime/stderr_165.log,logs/citra_smoke_runtime/stderr_165.log,FILE,OK,
analysis/citra_smoke_runtime/stderr_191.log,logs/citra_smoke_runtime/stderr_191.log,FILE,OK,
analysis/citra_smoke_runtime/stderr_191_dump_long.log,logs/citra_smoke_runtime/stderr_191_dump_long.log,FILE,OK,
analysis/citra_smoke_runtime/stderr_191_vulkan.log,logs/citra_smoke_runtime/stderr_191_vulkan.log,FILE,OK,
analysis/citra_smoke_runtime/stderr_191_vulkan_video.log,logs/citra_smoke_runtime/stderr_191_vulkan_video.log,FILE,OK,
analysis/citra_smoke_runtime/stdout.log,logs/citra_smoke_runtime/stdout.log,FILE,OK,
analysis/citra_smoke_runtime/stdout_165.log,logs/citra_smoke_runtime/stdout_165.log,FILE,OK,
analysis/citra_smoke_runtime/stdout_191_dump_long.log,logs/citra_smoke_runtime/stdout_191_dump_long.log,FILE,OK,
analysis/citra_smoke_runtime/stdout_191_vulkan.log,logs/citra_smoke_runtime/stdout_191_vulkan.log,FILE,OK,
analysis/citra_smoke_runtime/stdout_191_vulkan_video.log,logs/citra_smoke_runtime/stdout_191_vulkan_video.log,FILE,OK,
analysis/gcx53_dynamic_debug/azahar_filepatch_only_success_20260810.log,logs/gcx53_dynamic_debug/azahar_filepatch_only_success_20260810.log,FILE,OK,
analysis/gcx53_dynamic_debug/azahar_normal_expanded_20260810.log,logs/gcx53_dynamic_debug/azahar_normal_expanded_20260810.log,FILE,OK,
analysis/gcx53_dynamic_debug/azahar_normal_parserdump_20260810.log,logs/gcx53_dynamic_debug/azahar_normal_parserdump_20260810.log,FILE,OK,
analysis/gcx53_dynamic_debug/azahar_rebuild_20260810.log,logs/gcx53_dynamic_debug/azahar_rebuild_20260810.log,FILE,OK,
analysis/gcx53_dynamic_debug/azahar_rebuild_filepatch_only_20260810.log,logs/gcx53_dynamic_debug/azahar_rebuild_filepatch_only_20260810.log,FILE,OK,
analysis/gcx53_dynamic_debug/azahar_rebuild_innerpatch0010_20260810.log,logs/gcx53_dynamic_debug/azahar_rebuild_innerpatch0010_20260810.log,FILE,OK,
analysis/gcx53_dynamic_debug/azahar_rebuild_normal_expanded_20260810.log,logs/gcx53_dynamic_debug/azahar_rebuild_normal_expanded_20260810.log,FILE,OK,
analysis/gcx53_dynamic_debug/azahar_rebuild_override0010_20260810.log,logs/gcx53_dynamic_debug/azahar_rebuild_override0010_20260810.log,FILE,OK,
analysis/gcx53_dynamic_debug/azahar_rebuild_override_20260810.log,logs/gcx53_dynamic_debug/azahar_rebuild_override_20260810.log,FILE,OK,
analysis/gcx53_dynamic_debug/azahar_rebuild_parserdump0010_20260810.log,logs/gcx53_dynamic_debug/azahar_rebuild_parserdump0010_20260810.log,FILE,OK,
analysis/gcx53_dynamic_debug/azahar_rebuild_parserdump_20260810.log,logs/gcx53_dynamic_debug/azahar_rebuild_parserdump_20260810.log,FILE,OK,
analysis/gcx53_dynamic_debug/azahar_shift0010_innerpatch_success_20260810.log,logs/gcx53_dynamic_debug/azahar_shift0010_innerpatch_success_20260810.log,FILE,OK,
analysis/gcx53_dynamic_debug/azahar_shift0010_parserdump_20260810.log,logs/gcx53_dynamic_debug/azahar_shift0010_parserdump_20260810.log,FILE,OK,
analysis/gcx53_dynamic_debug/build_output.log,logs/gcx53_dynamic_debug/build_output.log,FILE,OK,
analysis/gcx53_dynamic_debug/build_output10.log,logs/gcx53_dynamic_debug/build_output10.log,FILE,OK,
analysis/gcx53_dynamic_debug/build_output11.log,logs/gcx53_dynamic_debug/build_output11.log,FILE,OK,
analysis/gcx53_dynamic_debug/build_output12.log,logs/gcx53_dynamic_debug/build_output12.log,FILE,OK,
analysis/gcx53_dynamic_debug/build_output13.log,logs/gcx53_dynamic_debug/build_output13.log,FILE,OK,
analysis/gcx53_dynamic_debug/build_output14.log,logs/gcx53_dynamic_debug/build_output14.log,FILE,OK,
analysis/gcx53_dynamic_debug/build_output15.log,logs/gcx53_dynamic_debug/build_output15.log,FILE,OK,
analysis/gcx53_dynamic_debug/build_output16.log,logs/gcx53_dynamic_debug/build_output16.log,FILE,OK,
analysis/gcx53_dynamic_debug/build_output17.log,logs/gcx53_dynamic_debug/build_output17.log,FILE,OK,
analysis/gcx53_dynamic_debug/build_output2.log,logs/gcx53_dynamic_debug/build_output2.log,FILE,OK,
analysis/gcx53_dynamic_debug/build_output3.log,logs/gcx53_dynamic_debug/build_output3.log,FILE,OK,
analysis/gcx53_dynamic_debug/build_output4.log,logs/gcx53_dynamic_debug/build_output4.log,FILE,OK,
analysis/gcx53_dynamic_debug/build_output5.log,logs/gcx53_dynamic_debug/build_output5.log,FILE,OK,
analysis/gcx53_dynamic_debug/build_output6.log,logs/gcx53_dynamic_debug/build_output6.log,FILE,OK,
analysis/gcx53_dynamic_debug/build_output7.log,logs/gcx53_dynamic_debug/build_output7.log,FILE,OK,
analysis/gcx53_dynamic_debug/build_output8.log,logs/gcx53_dynamic_debug/build_output8.log,FILE,OK,
analysis/gcx53_dynamic_debug/build_output9.log,logs/gcx53_dynamic_debug/build_output9.log,FILE,OK,
analysis/gcx53_dynamic_debug/gdb_autobreak_20260810.log,logs/gcx53_dynamic_debug/gdb_autobreak_20260810.log,FILE,OK,
analysis/gcx53_dynamic_debug/gdb_autobreak_reschedule_20260810.log,logs/gcx53_dynamic_debug/gdb_autobreak_reschedule_20260810.log,FILE,OK,
analysis/gcx53_dynamic_debug/gdb_buffer_watch_20260810.log,logs/gcx53_dynamic_debug/gdb_buffer_watch_20260810.log,FILE,OK,
analysis/gcx53_dynamic_debug/gdb_buffer_watch_20260810_run2.log,logs/gcx53_dynamic_debug/gdb_buffer_watch_20260810_run2.log,FILE,OK,
analysis/gcx53_dynamic_debug/gdb_buffer_watch_20260810_run3.log,logs/gcx53_dynamic_debug/gdb_buffer_watch_20260810_run3.log,FILE,OK,
analysis/gcx53_dynamic_debug/gdb_client_thread_20260810.log,logs/gcx53_dynamic_debug/gdb_client_thread_20260810.log,FILE,OK,
analysis/gcx53_dynamic_debug/gdb_client_thread_resume_20260810.log,logs/gcx53_dynamic_debug/gdb_client_thread_resume_20260810.log,FILE,OK,
analysis/gcx53_dynamic_debug/gdb_companion_args_20260810.log,logs/gcx53_dynamic_debug/gdb_companion_args_20260810.log,FILE,OK,
analysis/gcx53_dynamic_debug/gdb_companion_args_20260810_retry2.log,logs/gcx53_dynamic_debug/gdb_companion_args_20260810_retry2.log,FILE,OK,
analysis/gcx53_dynamic_debug/gdb_companion_args_controller_20260810.log,logs/gcx53_dynamic_debug/gdb_companion_args_controller_20260810.log,FILE,OK,
analysis/gcx53_dynamic_debug/gdb_companion_args_controller_20260810_retry.log,logs/gcx53_dynamic_debug/gdb_companion_args_controller_20260810_retry.log,FILE,OK,
analysis/gcx53_dynamic_debug/gdb_companion_args_controller_20260810_retry2.log,logs/gcx53_dynamic_debug/gdb_companion_args_controller_20260810_retry2.log,FILE,OK,
analysis/gcx53_dynamic_debug/gdb_context_log_20260810.log,logs/gcx53_dynamic_debug/gdb_context_log_20260810.log,FILE,OK,
analysis/gcx53_dynamic_debug/gdb_context_log_retry_20260810.log,logs/gcx53_dynamic_debug/gdb_context_log_retry_20260810.log,FILE,OK,
analysis/gcx53_dynamic_debug/gdb_descriptor_override_shift00c0_20260810.log,logs/gcx53_dynamic_debug/gdb_descriptor_override_shift00c0_20260810.log,FILE,OK,
analysis/gcx53_dynamic_debug/gdb_descriptor_regs_20260810.log,logs/gcx53_dynamic_debug/gdb_descriptor_regs_20260810.log,FILE,OK,
analysis/gcx53_dynamic_debug/gdb_descriptor_source_20260810.log,logs/gcx53_dynamic_debug/gdb_descriptor_source_20260810.log,FILE,OK,
analysis/gcx53_dynamic_debug/gdb_descriptor_writer_20260810.log,logs/gcx53_dynamic_debug/gdb_descriptor_writer_20260810.log,FILE,OK,
analysis/gcx53_dynamic_debug/gdb_direct_trap_20260810.log,logs/gcx53_dynamic_debug/gdb_direct_trap_20260810.log,FILE,OK,
analysis/gcx53_dynamic_debug/gdb_object_writer_20260810.log,logs/gcx53_dynamic_debug/gdb_object_writer_20260810.log,FILE,OK,
analysis/gcx53_dynamic_debug/gdb_saved_context_20260810.log,logs/gcx53_dynamic_debug/gdb_saved_context_20260810.log,FILE,OK,
analysis/gcx53_dynamic_debug/gdb_slowmem_shift00c0_20260810.log,logs/gcx53_dynamic_debug/gdb_slowmem_shift00c0_20260810.log,FILE,OK,
analysis/gcx53_dynamic_debug/gdb_slowmem_trace_20260810.log,logs/gcx53_dynamic_debug/gdb_slowmem_trace_20260810.log,FILE,OK,
analysis/gcx53_dynamic_debug/gdb_stackscan_20260810.log,logs/gcx53_dynamic_debug/gdb_stackscan_20260810.log,FILE,OK,
analysis/global_korean_glyph_poc_2026-08-12/a0xx_live_trace.log,logs/global_korean_glyph_poc_2026-08-12/a0xx_live_trace.log,FILE,OK,
analysis/global_korean_glyph_poc_2026-08-12/a0xx_v2_trace.log,logs/global_korean_glyph_poc_2026-08-12/a0xx_v2_trace.log,FILE,OK,
analysis/global_korean_glyph_poc_2026-08-12/MGS3D_A0XX_GANADA_POC_v1_failed.cci,experiments/global_korean_glyph_poc_2026-08-12/MGS3D_A0XX_GANADA_POC_v1_failed.cci,FILE,OK," [corrected post-move 2026-08-13: kept with its owning experiment per R9, not split into builds/]"
analysis/global_korean_glyph_poc_2026-08-12/runtime_failure_trace.log,logs/global_korean_glyph_poc_2026-08-12/runtime_failure_trace.log,FILE,OK,
analysis/global_korean_glyph_poc_2026-08-12/cci_build/partition0_original.cxi,experiments/global_korean_glyph_poc_2026-08-12/cci_build/partition0_original.cxi,FILE,OK," [corrected post-move 2026-08-13: kept with its owning experiment per R9, not split into builds/]"
analysis/global_korean_glyph_poc_2026-08-12/cci_build/partition0_poc.cxi,experiments/global_korean_glyph_poc_2026-08-12/cci_build/partition0_poc.cxi,FILE,OK," [corrected post-move 2026-08-13: kept with its owning experiment per R9, not split into builds/]"
analysis/global_korean_page_build_2026-08-12/ui_runtime_page0_hits.log,logs/global_korean_page_build_2026-08-12/ui_runtime_page0_hits.log,FILE,OK,
analysis/movie_relocation_20260810/azahar_movie_normal.log,logs/movie_relocation_20260810/azahar_movie_normal.log,FILE,OK,
analysis/movie_relocation_20260810/azahar_movie_plus0010.log,logs/movie_relocation_20260810/azahar_movie_plus0010.log,FILE,OK,
analysis/ps2_korean/codec-3ds-ENGLISH-ONLY-review.csv,translation/10_master/variants/ps2_korean/codec-3ds-ENGLISH-ONLY-review.csv,FILE,OK,
analysis/ps2_korean/codec_ps2none_translation.json,translation/10_master/variants/ps2_korean/codec_ps2none_translation.json,FILE,OK,
analysis/ps2_korean/codec_ps2_official_first_radio_gcx15.json,translation/30_shortened/ps2_korean/codec_ps2_official_first_radio_gcx15.json,FILE,OK,
analysis/ps2_korean/codec_selected_static_media_191_fixed.json,translation/30_shortened/ps2_korean/codec_selected_static_media_191_fixed.json,FILE,OK,
analysis/ps2_korean/codec_selected_static_media_fixed.json,translation/10_master/variants/ps2_korean/codec_selected_static_media_fixed.json,FILE,OK,
analysis/ps2_korean/codec_selected_static_media_fixed_v2.json,translation/10_master/variants/ps2_korean/codec_selected_static_media_fixed_v2.json,FILE,OK,
analysis/ps2_korean/codec_selected_static_media_fixed_v3.json,translation/10_master/variants/ps2_korean/codec_selected_static_media_fixed_v3.json,FILE,OK,
analysis/ps2_korean/runtime-language-decisions.csv,translation/30_shortened/ps2_korean/runtime-language-decisions.csv,FILE,OK,
analysis/ps2_korean/analysis_bundle/dialogue/codec-untranslated-review.csv,archive/old-data/ps2_korean/analysis_bundle/dialogue/codec-untranslated-review.csv,FILE,OK,
analysis/ps2_korean/analysis_bundle/dialogue/codec-untranslated-review1.csv,archive/old-data/ps2_korean/analysis_bundle/dialogue/codec-untranslated-review1.csv,FILE,OK,
analysis/ps2_korean/analysis_bundle/dialogue/codec-untranslated-review_2.csv,archive/old-data/ps2_korean/analysis_bundle/dialogue/codec-untranslated-review_2.csv,FILE,OK,
analysis/ps2_korean/analysis_bundle/dialogue/codec-untranslated-review_3.csv,archive/old-data/ps2_korean/analysis_bundle/dialogue/codec-untranslated-review_3.csv,FILE,OK,
analysis/ps2_korean/analysis_bundle/dialogue/codec-untranslated-review_4.csv,archive/old-data/ps2_korean/analysis_bundle/dialogue/codec-untranslated-review_4.csv,FILE,OK,
analysis/ps2_korean/analysis_bundle/dialogue/codec_selected_static_media_191_fixed.json,translation/30_shortened/ps2_korean/analysis_bundle/dialogue/codec_selected_static_media_191_fixed.json,FILE,OK,
analysis/ps2_korean/analysis_bundle/dialogue/runtime-language-decisions.csv,translation/30_shortened/ps2_korean/analysis_bundle/dialogue/runtime-language-decisions.csv,FILE,OK,
analysis/ps2_korean/analysis_bundle/glyphs/glyph-opportunity-report.json,archive/old-data/ps2_korean/analysis_bundle/glyphs/glyph-opportunity-report.json,FILE,OK,
analysis/ps2_korean/analysis_bundle/glyphs/static_allocation.json,archive/old-data/ps2_korean/analysis_bundle/glyphs/static_allocation.json,FILE,OK,
analysis/ps2_korean/analysis_bundle/movie_demo/codec_ps2_official_first_radio_expanded_a.dat.hangul.json,archive/old-data/ps2_korean/analysis_bundle/movie_demo/codec_ps2_official_first_radio_expanded_a.dat.hangul.json,FILE,OK,
analysis/ps2_korean/analysis_bundle/movie_demo/codec_ps2_official_first_radio_expanded_b.dat.hangul.json,archive/old-data/ps2_korean/analysis_bundle/movie_demo/codec_ps2_official_first_radio_expanded_b.dat.hangul.json,FILE,OK,
analysis/ps2_korean/analysis_bundle/movie_demo/codec_static_media.dat.hangul.json,archive/old-data/ps2_korean/analysis_bundle/movie_demo/codec_static_media.dat.hangul.json,FILE,OK,
analysis/ps2_korean/analysis_bundle/movie_demo/demo_full_457_growing.dat.hangul.json,archive/old-data/ps2_korean/analysis_bundle/movie_demo/demo_full_457_growing.dat.hangul.json,FILE,OK,
analysis/ps2_korean/analysis_bundle/movie_demo/demo_static165_fixed.dat.hangul.json,archive/old-data/ps2_korean/analysis_bundle/movie_demo/demo_static165_fixed.dat.hangul.json,FILE,OK,
analysis/ps2_korean/analysis_bundle/movie_demo/demo_static_media_191_fixed.dat.hangul.json,archive/old-data/ps2_korean/analysis_bundle/movie_demo/demo_static_media_191_fixed.dat.hangul.json,FILE,OK,
analysis/ps2_korean/analysis_bundle/movie_demo/demo_static_media_fixed.dat.hangul.json,archive/old-data/ps2_korean/analysis_bundle/movie_demo/demo_static_media_fixed.dat.hangul.json,FILE,OK,
analysis/ps2_korean/analysis_bundle/movie_demo/movie_static165_fixed.dat.hangul.json,archive/old-data/ps2_korean/analysis_bundle/movie_demo/movie_static165_fixed.dat.hangul.json,FILE,OK,
analysis/ps2_korean/analysis_bundle/movie_demo/movie_static_media_191_fixed.dat.hangul.json,archive/old-data/ps2_korean/analysis_bundle/movie_demo/movie_static_media_191_fixed.dat.hangul.json,FILE,OK,
analysis/ps2_korean/analysis_bundle/movie_demo/movie_static_media_fixed.dat.hangul.json,archive/old-data/ps2_korean/analysis_bundle/movie_demo/movie_static_media_fixed.dat.hangul.json,FILE,OK,
analysis/ps2_korean/analysis_bundle/review4/current/codec_candidate.json,archive/old-data/ps2_korean/analysis_bundle/review4/current/codec_candidate.json,FILE,OK,
analysis/ps2_korean/analysis_bundle/review4/current/codec_priority.json,archive/old-data/ps2_korean/analysis_bundle/review4/current/codec_priority.json,FILE,OK,
analysis/ps2_korean/analysis_bundle/review4/current/codec_selected.json,archive/old-data/ps2_korean/analysis_bundle/review4/current/codec_selected.json,FILE,OK,
analysis/ps2_korean/analysis_bundle/review4/current/glyph-opportunity-report.json,archive/old-data/ps2_korean/analysis_bundle/review4/current/glyph-opportunity-report.json,FILE,OK,
analysis/ps2_korean/analysis_bundle/review4/current/priority-selection-report.json,archive/old-data/ps2_korean/analysis_bundle/review4/current/priority-selection-report.json,FILE,OK,
analysis/ps2_korean/analysis_bundle/review4/current/requested-result.csv,archive/old-data/ps2_korean/analysis_bundle/review4/current/requested-result.csv,FILE,OK,
analysis/ps2_korean/analysis_bundle/review4/current/static_allocation.json,archive/old-data/ps2_korean/analysis_bundle/review4/current/static_allocation.json,FILE,OK,
analysis/ps2_korean/analysis_bundle/review4/swap-trials/01-allocation.json,archive/old-data/ps2_korean/analysis_bundle/review4/swap-trials/01-allocation.json,FILE,OK,
analysis/ps2_korean/analysis_bundle/review4/swap-trials/02-allocation.json,archive/old-data/ps2_korean/analysis_bundle/review4/swap-trials/02-allocation.json,FILE,OK,
analysis/ps2_korean/analysis_bundle/review4/swap-trials/03-allocation.json,archive/old-data/ps2_korean/analysis_bundle/review4/swap-trials/03-allocation.json,FILE,OK,
analysis/ps2_korean/analysis_bundle/review4/swap-trials/04-allocation.json,archive/old-data/ps2_korean/analysis_bundle/review4/swap-trials/04-allocation.json,FILE,OK,
analysis/ps2_korean/analysis_bundle/review4/swap-trials/05-allocation.json,archive/old-data/ps2_korean/analysis_bundle/review4/swap-trials/05-allocation.json,FILE,OK,
analysis/ps2_korean/analysis_bundle/review4/swap-trials/06-allocation.json,archive/old-data/ps2_korean/analysis_bundle/review4/swap-trials/06-allocation.json,FILE,OK,
analysis/ps2_korean/analysis_bundle/review4/swap-trials/07-allocation.json,archive/old-data/ps2_korean/analysis_bundle/review4/swap-trials/07-allocation.json,FILE,OK,
analysis/ps2_korean/analysis_bundle/review4/swap-trials/08-allocation.json,archive/old-data/ps2_korean/analysis_bundle/review4/swap-trials/08-allocation.json,FILE,OK,
analysis/ps2_korean/analysis_bundle/review4/swap-trials/09-allocation.json,archive/old-data/ps2_korean/analysis_bundle/review4/swap-trials/09-allocation.json,FILE,OK,
analysis/ps2_korean/analysis_bundle/review4/swap-trials/combo-best-allocation.json,archive/old-data/ps2_korean/analysis_bundle/review4/swap-trials/combo-best-allocation.json,FILE,OK,
analysis/ps2_korean/analysis_bundle/review4/swap-trials/combo-best-plus-jin-allocation.json,archive/old-data/ps2_korean/analysis_bundle/review4/swap-trials/combo-best-plus-jin-allocation.json,FILE,OK,
analysis/ps2_korean/analysis_bundle/review4/swap-trials/combo-position-allocation.json,archive/old-data/ps2_korean/analysis_bundle/review4/swap-trials/combo-position-allocation.json,FILE,OK,
analysis/ps2_korean/analysis_bundle/review4/swap-trials/summary.json,archive/old-data/ps2_korean/analysis_bundle/review4/swap-trials/summary.json,FILE,OK,
analysis/ps2_korean/early-priority-selection-v2/codec_selected.json,translation/30_shortened/ps2_korean/early-priority-selection-v2/codec_selected.json,FILE,OK,
analysis/ps2_korean/early-priority-selection-v3/codec_selected.json,translation/10_master/variants/ps2_korean/early-priority-selection-v3/codec_selected.json,FILE,OK,
analysis/ps2_korean/full_build/abbreviation_candidates.csv,translation/30_shortened/ps2_korean/full_build/abbreviation_candidates.csv,FILE,OK,
analysis/ps2_korean/full_build/demo_autofit.dat.hangul.json,translation/30_shortened/ps2_korean/full_build/demo_autofit.dat.hangul.json,FILE,OK,
analysis/ps2_korean/full_build/full_codec.dat.hangul.json,glyph/validation/ps2_korean/full_build/full_codec.dat.hangul.json,FILE,OK,
analysis/ps2_korean/full_build/full_codec_r2.dat.hangul.json,glyph/validation/ps2_korean/full_build/full_codec_r2.dat.hangul.json,FILE,OK,
analysis/ps2_korean/full_build/movie_new.dat.hangul.json,glyph/validation/ps2_korean/full_build/movie_new.dat.hangul.json,FILE,OK,
analysis/ps2_korean/full_build/movie_safe.dat.hangul.json,glyph/validation/ps2_korean/full_build/movie_safe.dat.hangul.json,FILE,OK,
analysis/ps2_korean/full_build/selected.json,translation/10_master/variants/ps2_korean/full_build/selected.json,FILE,OK,
analysis/ps2_korean/full_build/selected_r2.json,translation/10_master/variants/ps2_korean/full_build/selected_r2.json,FILE,OK,
analysis/ps2_korean/full_build/gcx_batches/codec_compact_reviewed_batch01.json,translation/30_shortened/ps2_korean/full_build/gcx_batches/codec_compact_reviewed_batch01.json,FILE,OK,
analysis/ps2_korean/full_build/_scratch/demo_autofit_candidates.csv,translation/30_shortened/ps2_korean/full_build/_scratch/demo_autofit_candidates.csv,FILE,OK,
analysis/ps2_korean/full_build/_scratch/demo_autofit_capacity.json,translation/30_shortened/ps2_korean/full_build/_scratch/demo_autofit_capacity.json,FILE,OK,
analysis/ps2_korean/full_build/_scratch/demo_live_autofit_candidates.csv,translation/30_shortened/ps2_korean/full_build/_scratch/demo_live_autofit_candidates.csv,FILE,OK,
analysis/ps2_korean/full_build/_scratch/demo_rematched.csv,translation/20_matching/ps2_korean/full_build/_scratch/demo_rematched.csv,FILE,OK,
analysis/ps2_korean/full_build/_scratch/demo_rematched_live.csv,translation/20_matching/ps2_korean/full_build/_scratch/demo_rematched_live.csv,FILE,OK,
analysis/ps2_korean/full_build/_scratch/demo_rematched_max_safe.csv,translation/20_matching/ps2_korean/full_build/_scratch/demo_rematched_max_safe.csv,FILE,OK,
analysis/ps2_korean/full_build/_scratch/movie_rematched.csv,translation/20_matching/ps2_korean/full_build/_scratch/movie_rematched.csv,FILE,OK,
analysis/ps2_korean/full_build/_scratch/movie_rematched_max_safe.csv,translation/20_matching/ps2_korean/full_build/_scratch/movie_rematched_max_safe.csv,FILE,OK,
analysis/ps2_korean/full_build/_scratch/selected_fresh_121-453_163.json,translation/10_master/variants/ps2_korean/full_build/_scratch/selected_fresh_121-453_163.json,FILE,OK,
analysis/ps2_korean/full_build/_scratch/selected_fresh_121_157_193_348_488_515_517_606_684_760.json,translation/10_master/variants/ps2_korean/full_build/_scratch/selected_fresh_121_157_193_348_488_515_517_606_684_760.json,FILE,OK,
analysis/ps2_korean/full_build/_scratch/selected_fresh_455-856_163.json,translation/10_master/variants/ps2_korean/full_build/_scratch/selected_fresh_455-856_163.json,FILE,OK,
analysis/ps2_korean/full_build/_scratch/selected_fresh_828-1123_162.json,translation/10_master/variants/ps2_korean/full_build/_scratch/selected_fresh_828-1123_162.json,FILE,OK,
analysis/ps2_korean/full_build/_scratch/selected_fresh_999-2133_162.json,translation/10_master/variants/ps2_korean/full_build/_scratch/selected_fresh_999-2133_162.json,FILE,OK,
analysis/ps2_korean/full_build/_scratch/translation.json,translation/10_master/variants/ps2_korean/full_build/_scratch/translation.json,FILE,OK,
analysis/ps2_korean/full_build/_scratch/translation_batch2.json,translation/10_master/variants/ps2_korean/full_build/_scratch/translation_batch2.json,FILE,OK,
analysis/ps2_korean/full_build/_scratch/3way/demo_capacity_safe.csv,translation/20_matching/ps2_korean/full_build/_scratch/3way/demo_capacity_safe.csv,FILE,OK,
analysis/ps2_korean/full_build/_scratch/3way/demo_korean_auto_approved_3way.csv,translation/20_matching/ps2_korean/full_build/_scratch/3way/demo_korean_auto_approved_3way.csv,FILE,OK,
analysis/ps2_korean/full_build/_scratch/3way/demo_korean_comparison_3way.csv,translation/20_matching/ps2_korean/full_build/_scratch/3way/demo_korean_comparison_3way.csv,FILE,OK,
analysis/ps2_korean/full_build/_scratch/3way/demo_korean_comparison_3way_all_accept.csv,translation/20_matching/ps2_korean/full_build/_scratch/3way/demo_korean_comparison_3way_all_accept.csv,FILE,OK,
analysis/ps2_korean/full_build/_scratch/3way/demo_korean_comparison_3way_colorchecked.csv,translation/20_matching/ps2_korean/full_build/_scratch/3way/demo_korean_comparison_3way_colorchecked.csv,FILE,OK,
analysis/ps2_korean/full_build/_scratch/3way/demo_korean_comparison_3way_mismatch_review.csv,translation/20_matching/ps2_korean/full_build/_scratch/3way/demo_korean_comparison_3way_mismatch_review.csv,FILE,OK,
analysis/ps2_korean/full_build/_scratch/3way/demo_korean_comparison_3way_needs_review.csv,translation/20_matching/ps2_korean/full_build/_scratch/3way/demo_korean_comparison_3way_needs_review.csv,FILE,OK,
analysis/ps2_korean/full_build/_scratch/3way/demo_korean_comparison_v2.csv,translation/20_matching/ps2_korean/full_build/_scratch/3way/demo_korean_comparison_v2.csv,FILE,OK,
analysis/ps2_korean/full_build/_scratch/3way/demo_korean_comparison_v2_all_accept_reclaim_test.csv,translation/20_matching/ps2_korean/full_build/_scratch/3way/demo_korean_comparison_v2_all_accept_reclaim_test.csv,FILE,OK,
analysis/ps2_korean/full_build/_scratch/3way/demo_korean_comparison_v2_needs_review2.csv,translation/20_matching/ps2_korean/full_build/_scratch/3way/demo_korean_comparison_v2_needs_review2.csv,FILE,OK,
analysis/ps2_korean/full_build/_scratch/3way/demo_korean_comparison_v2_remaining.csv,translation/20_matching/ps2_korean/full_build/_scratch/3way/demo_korean_comparison_v2_remaining.csv,FILE,OK,
analysis/ps2_korean/full_build/_scratch/3way/movie_capacity_safe.csv,translation/20_matching/ps2_korean/full_build/_scratch/3way/movie_capacity_safe.csv,FILE,OK,
analysis/ps2_korean/full_build/_scratch/3way/movie_korean_auto_approved_3way.csv,translation/20_matching/ps2_korean/full_build/_scratch/3way/movie_korean_auto_approved_3way.csv,FILE,OK,
analysis/ps2_korean/full_build/_scratch/3way/movie_korean_comparison_3way.csv,translation/20_matching/ps2_korean/full_build/_scratch/3way/movie_korean_comparison_3way.csv,FILE,OK,
analysis/ps2_korean/full_build/_scratch/3way/movie_korean_comparison_3way_all_accept.csv,translation/20_matching/ps2_korean/full_build/_scratch/3way/movie_korean_comparison_3way_all_accept.csv,FILE,OK,
analysis/ps2_korean/full_build/_scratch/3way/movie_korean_comparison_3way_colorchecked.csv,translation/20_matching/ps2_korean/full_build/_scratch/3way/movie_korean_comparison_3way_colorchecked.csv,FILE,OK,
analysis/ps2_korean/full_build/_scratch/3way/movie_korean_comparison_3way_mismatch_review.csv,translation/30_shortened/ps2_korean/full_build/_scratch/3way/movie_korean_comparison_3way_mismatch_review.csv,FILE,OK,
analysis/ps2_korean/full_build/_scratch/3way/movie_korean_comparison_3way_needs_review.csv,translation/20_matching/ps2_korean/full_build/_scratch/3way/movie_korean_comparison_3way_needs_review.csv,FILE,OK,
analysis/ps2_korean/full_build/_scratch/3way/movie_korean_comparison_v2.csv,translation/20_matching/ps2_korean/full_build/_scratch/3way/movie_korean_comparison_v2.csv,FILE,OK,
analysis/ps2_korean/full_build/_scratch/3way/movie_korean_comparison_v2_all_accept_reclaim_test.csv,translation/20_matching/ps2_korean/full_build/_scratch/3way/movie_korean_comparison_v2_all_accept_reclaim_test.csv,FILE,OK,
analysis/ps2_korean/full_build/_scratch/3way/movie_korean_comparison_v2_needs_review2.csv,translation/30_shortened/ps2_korean/full_build/_scratch/3way/movie_korean_comparison_v2_needs_review2.csv,FILE,OK,
analysis/ps2_korean/full_build/_scratch/3way/movie_korean_comparison_v2_remaining.csv,translation/20_matching/ps2_korean/full_build/_scratch/3way/movie_korean_comparison_v2_remaining.csv,FILE,OK,
analysis/ps2_korean/runtime-language-output/codec_translation.json,translation/30_shortened/ps2_korean/runtime-language-output/codec_translation.json,FILE,OK,
analysis/ps2_korean/runtime-language-output/demo_translation.csv,archive/old-data/ps2_korean/runtime-language-output/demo_translation.csv,FILE,OK,
analysis/ps2_korean/runtime-language-output/movie_translation.csv,archive/old-data/ps2_korean/runtime-language-output/movie_translation.csv,FILE,OK,
analysis/ps2_korean/runtime-language-output-test/codec_translation.json,translation/30_shortened/ps2_korean/runtime-language-output-test/codec_translation.json,FILE,OK,
analysis/ps2_korean/runtime-language-output-test/demo_translation.csv,archive/old-data/ps2_korean/runtime-language-output-test/demo_translation.csv,FILE,OK,
analysis/review/codec/codec_capacity_shortfall_5_review.csv,translation/20_matching/review/codec/codec_capacity_shortfall_5_review.csv,FILE,OK,
analysis/review/codec/codec_gcx243_review.csv,translation/20_matching/review/codec/codec_gcx243_review.csv,FILE,OK,
analysis/review/codec/codec_korean_anchor_review_v3.csv,translation/20_matching/review/codec/codec_korean_anchor_review_v3.csv,FILE,OK,
analysis/review/codec/codec_korean_context_review_v3.csv,translation/20_matching/review/codec/codec_korean_context_review_v3.csv,FILE,OK,
analysis/review/demo/demo_fixed_candidate_78_review.csv,translation/20_matching/review/demo/demo_fixed_candidate_78_review.csv,FILE,OK,
analysis/review/demo/demo_mapping_corrections_review.csv,translation/20_matching/review/demo/demo_mapping_corrections_review.csv,FILE,OK,
analysis/review/demo/demo_next_14_review.csv,translation/20_matching/review/demo/demo_next_14_review.csv,FILE,OK,
analysis/sources/html/shinsnote_219.html,translation/00_source/shinsnote/sources/html/shinsnote_219.html,FILE,OK,
analysis/story_media_order/azahar_media_boundary.stderr.log,logs/story_media_order/azahar_media_boundary.stderr.log,FILE,OK,
analysis/story_media_order/azahar_media_boundary.stdout.log,logs/story_media_order/azahar_media_boundary.stdout.log,FILE,OK,
analysis/story_media_order/handler_gdb.stderr.log,logs/story_media_order/handler_gdb.stderr.log,FILE,OK,
analysis/story_media_order/handler_gdb.stdout.log,logs/story_media_order/handler_gdb.stdout.log,FILE,OK,
