media,gcx,pinned_record,translation_rows,used_hangul,common_glyphs,common_glyph_count,new_glyphs,new_glyph_count,glyph_add_bytes,existing_local_slots,existing_dead_slots,newly_freed_slots,glyph_reclaim_bytes,donor_reclaim_bytes,string_reclaim_bytes,appended_glyph_count,appended_glyph_bytes,string_delta_bytes,string_increase_bytes,string_region_bytes,final_headroom,overflow_bytes,row_ids,confidence,layout_policy
codec,0,no,0,,,0,,0,0,0,0,0,0,0,0,0,0,0,0,12,0,0,,confirmed_binary_and_builder_logic,per_gcx_size_preserved; no record relocation
codec,1,no,0,,,0,,0,0,0,0,0,0,0,0,0,0,0,0,12,0,0,,confirmed_binary_and_builder_logic,per_gcx_size_preserved; no record relocation
codec,2,no,0,,,0,,0,0,0,0,0,0,0,0,0,0,0,0,48,0,0,,confirmed_binary_and_builder_logic,per_gcx_size_preserved; no record relocation
codec,3,no,0,,,0,,0,0,0,0,0,0,0,0,0,0,0,0,48,0,0,,confirmed_binary_and_builder_logic,per_gcx_size_preserved; no record relocation
codec,4,no,0,,,0,,0,0,3,0,0,0,0,0,0,0,0,0,36,0,0,,confirmed_binary_and_builder_logic,per_gcx_size_preserved; no record relocation
codec,5,no,0,,,0,,0,0,16,0,0,0,0,0,0,0,0,0,232,0,0,,confirmed_binary_and_builder_logic,per_gcx_size_preserved; no record relocation
codec,6,no,0,,,0,,0,0,5,0,0,0,0,0,0,0,0,0,44,0,0,,confirmed_binary_and_builder_logic,per_gcx_size_preserved; no record relocation
codec,7,no,0,,,0,,0,0,0,0,0,0,0,0,0,0,0,0,16,0,0,,confirmed_binary_and_builder_logic,per_gcx_size_preserved; no record relocation
codec,8,no,0,,,0,,0,0,2,0,0,0,0,0,0,0,0,0,16,0,0,,confirmed_binary_and_builder_logic,per_gcx_size_preserved; no record relocation
codec,9,no,0,,,0,,0,0,21,0,0,0,0,0,0,0,0,0,228,0,0,,confirmed_binary_and_builder_logic,per_gcx_size_preserved; no record relocation
codec,10,no,0,,,0,,0,0,0,0,0,0,0,0,0,0,0,0,0,0,0,,confirmed_binary_and_builder_logic,per_gcx_size_preserved; no record relocation
codec,11,no,0,,,0,,0,0,2,0,0,0,0,0,0,0,0,0,16,0,0,,confirmed_binary_and_builder_logic,per_gcx_size_preserved; no record relocation
codec,12,no,0,,,0,,0,0,2,0,0,0,0,0,0,0,0,0,16,0,0,,confirmed_binary_and_builder_logic,per_gcx_size_preserved; no record relocation
codec,13,no,0,,,0,,0,0,0,0,0,0,0,0,0,0,0,0,13820,0,0,,confirmed_binary_and_builder_logic,per_gcx_size_preserved; no record relocation
codec,14,no,0,,,0,,0,0,2,0,0,0,0,0,0,0,0,0,16,0,0,,confirmed_binary_and_builder_logic,per_gcx_size_preserved; no record relocation
codec,15,no,0,,,0,,0,0,0,0,0,0,0,0,0,0,0,0,4496,0,0,,confirmed_binary_and_builder_logic,per_gcx_size_preserved; no record relocation
codec,16,no,3,가거것게군기나다될들래리몰은이했,가거것게군기나다될들래리은이,14,몰했,2,128,0,0,0,0,0,25,2,128,-25,0,4732,0,103,codec:16:14|codec:16:15|codec:16:16,confirmed_binary_and_builder_logic,per_gcx_size_preserved; no record relocation
codec,17,no,1,가기는니다달도됩마무비서에와입장조즉지찬현,가기는니다도마무서에와입조지,14,달됩비장즉찬현,7,448,0,0,0,0,0,25,7,448,-25,0,6524,0,423,codec:17:32,confirmed_binary_and_builder_logic,per_gcx_size_preserved; no record relocation
codec,18,no,0,,,0,,0,0,0,0,0,0,0,0,0,0,0,0,2408,0,0,,confirmed_binary_and_builder_logic,per_gcx_size_preserved; no record relocation
codec,19,no,0,,,0,,0,0,0,0,0,0,0,0,0,0,0,0,2280,0,0,,confirmed_binary_and_builder_logic,per_gcx_size_preserved; no record relocation
codec,20,no,1,게내땐를말써할,게내를말할,5,땐써,2,128,0,0,0,0,0,26,2,128,-26,0,2892,0,102,codec:20:16,confirmed_binary_and_builder_logic,per_gcx_size_preserved; no record relocation
codec,21,no,0,,,0,,0,0,0,0,0,0,0,0,0,0,0,0,2124,0,0,,confirmed_binary_and_builder_logic,per_gcx_size_preserved; no record relocation
codec,22,no,2,그기래를맞무뷰생서선아어에존택해,그기래를무서아어에해,10,맞뷰생선존택,6,384,0,0,0,0,0,22,6,384,-22,0,3884,0,362,codec:22:15|codec:22:22,confirmed_binary_and_builder_logic,per_gcx_size_preserved; no record relocation
codec,23,no,1,기니다본생은의이입존,기니다본은의이입,8,생존,2,128,0,0,0,0,0,9,2,128,-9,0,3632,0,119,codec:23:14,confirmed_binary_and_builder_logic,per_gcx_size_preserved; no record relocation
codec,24,no,0,,,0,,0,0,0,0,0,0,0,0,0,0,0,0,2136,0,0,,confirmed_binary_and_builder_logic,per_gcx_size_preserved; no record relocation
codec,25,no,8,구내넌는도든모미보서야에여의,내는도미보서야에여의,10,구넌든모,4,256,0,0,0,0,0,596,4,256,-596,0,5384,340,0,codec:25:45|codec:25:47|codec:25:48|codec:25:49|codec:25:50|codec:25:51|codec:25:16|codec:25:25,confirmed_binary_and_builder_logic,per_gcx_size_preserved; no record relocation
codec,26,no,0,,,0,,0,0,0,0,0,0,0,0,0,0,0,0,3000,0,0,,confirmed_binary_and_builder_logic,per_gcx_size_preserved; no record relocation
codec,27,no,0,,,0,,0,0,0,0,0,0,0,0,0,0,0,0,3296,0,0,,confirmed_binary_and_builder_logic,per_gcx_size_preserved; no record relocation
codec,28,no,75,가개게그까나녀니다당도동름면몸무문물미부생서세소수술신아알없엇에여은을의이일입장전주줄지체출키해,가개게그까나녀니다도면무문물미부서세소수아알없에여은을의이일입줄지키해,35,당동름몸생술신엇장전주체출,13,832,0,0,0,0,0,3090,13,832,-3090,5,6924,2258,0,codec:28:24|codec:28:25|codec:28:26|codec:28:27|codec:28:28|codec:28:29|codec:28:30|codec:28:36|codec:28:37|codec:28:38|codec:28:39|codec:28:40|codec:28:41|codec:28:42|codec:28:46|codec:28:47|codec:28:48|codec:28:50|codec:28:51|codec:28:52|codec:28:53|codec:28:54|codec:28:55|codec:28:56|codec:28:57|codec:28:58|codec:28:59|codec:28:60|codec:28:61|codec:28:62|codec:28:63|codec:28:64|codec:28:65|codec:28:66|codec:28:67|codec:28:68|codec:28:69|codec:28:70|codec:28:71|codec:28:73|codec:28:74|codec:28:75|codec:28:76|codec:28:77|codec:28:78|codec:28:79|codec:28:80|codec:28:81|codec:28:82|codec:28:83|codec:28:84|codec:28:85|codec:28:86|codec:28:87|codec:28:89|codec:28:90|codec:28:91|codec:28:92|codec:28:93|codec:28:94|codec:28:95|codec:28:96|codec:28:97|codec:28:98|codec:28:99|codec:28:100|codec:28:101|codec:28:72|codec:28:45|codec:28:88|codec:28:31|codec:28:23|codec:28:14|codec:28:22|codec:28:17,confirmed_binary_and_builder_logic,per_gcx_size_preserved; no record relocation
codec,29,no,0,,,0,,0,0,0,0,0,0,0,0,0,0,0,0,1608,0,0,,confirmed_binary_and_builder_logic,per_gcx_size_preserved; no record relocation
codec,30,no,0,,,0,,0,0,0,0,0,0,0,0,0,0,0,0,1508,0,0,,confirmed_binary_and_builder_logic,per_gcx_size_preserved; no record relocation
codec,31,no,0,,,0,,0,0,0,0,0,0,0,0,0,0,0,0,4216,0,0,,confirmed_binary_and_builder_logic,per_gcx_size_preserved; no record relocation
codec,32,no,241,가각간감강갖같거걱건것게겠격계고과관교구군그극근글금급기께나날남났내너네녀년누는늘니닙다당대데도동될드든들따라람럴럼령로록론료르른를리마만많말맞머멘며명몇모물미믿받방배뱀번범법변부북분불비뿐사살상생서선설션소수술스습승시식신실싸아악알애야얘어억없었에여였오와왔요우울움워원유육으은을의이인일임입있자잖잘잠장잭적전절접정존죄주죽준중지차찬찾처첫체쳐쳤초총최출치친칠침코택토투편평하한할함합항해했확획히,가간같거건것게겠계고군그근금기께나날내네녀는니다대데도될드들라람럴령로록르를리마만말머명물미믿방번법부분사상서설션소수스습시아알야어없었에여와왔요우원유으은을의이인일임입있자잘적절정죽지코편하한할함해획히,102,각감강갖걱격과관교구극글급남났너년누늘닙당동든따럼론료른많맞멘며몇모받배뱀범변북불비뿐살생선술승식신실싸악애얘억였오울움워육잖잠장잭전접존죄주준중차찬찾처첫체쳐쳤초총최출치친칠침택토투평합항했확,97,6208,0,0,0,0,0,12139,97,6208,-12139,12,17972,5931,0,codec:32:56|codec:32:60|codec:32:65|codec:32:69|codec:32:70|codec:32:71|codec:32:72|codec:32:73|codec:32:74|codec:32:75|codec:32:79|codec:32:80|codec:32:81|codec:32:85|codec:32:86|codec:32:87|codec:32:90|codec:32:92|codec:32:93|codec:32:94|codec:32:102|codec:32:105|codec:32:106|codec:32:107|codec:32:108|codec:32:109|codec:32:110|codec:32:111|codec:32:112|codec:32:113|codec:32:118|codec:32:119|codec:32:122|codec:32:123|codec:32:125|codec:32:126|codec:32:127|codec:32:128|codec:32:129|codec:32:130|codec:32:131|codec:32:132|codec:32:133|codec:32:134|codec:32:135|codec:32:136|codec:32:137|codec:32:138|codec:32:139|codec:32:140|codec:32:141|codec:32:142|codec:32:143|codec:32:144|codec:32:145|codec:32:146|codec:32:147|codec:32:148|codec:32:149|codec:32:150|codec:32:151|codec:32:152|codec:32:153|codec:32:154|codec:32:155|codec:32:156|codec:32:157|codec:32:158|codec:32:159|codec:32:160|codec:32:161|codec:32:162|codec:32:163|codec:32:164|codec:32:165|codec:32:166|codec:32:167|codec:32:168|codec:32:169|codec:32:170|codec:32:171|codec:32:172|codec:32:173|codec:32:174|codec:32:175|codec:32:176|codec:32:177|codec:32:178|codec:32:179|codec:32:180|codec:32:181|codec:32:182|codec:32:183|codec:32:184|codec:32:185|codec:32:186|codec:32:187|codec:32:188|codec:32:189|codec:32:190|codec:32:191|codec:32:192|codec:32:193|codec:32:194|codec:32:195|codec:32:196|codec:32:197|codec:32:198|codec:32:199|codec:32:200|codec:32:201|codec:32:202|codec:32:203|codec:32:204|codec:32:205|codec:32:206|codec:32:207|codec:32:208|codec:32:209|codec:32:210|codec:32:211|codec:32:212|codec:32:213|codec:32:214|codec:32:215|codec:32:216|codec:32:217|codec:32:218|codec:32:219|codec:32:220|codec:32:221|codec:32:222|codec:32:223|codec:32:224|codec:32:225|codec:32:226|codec:32:227|codec:32:228|codec:32:229|codec:32:230|codec:32:231|codec:32:232|codec:32:233|codec:32:234|codec:32:235|codec:32:236|codec:32:237|codec:32:238|codec:32:239|codec:32:240|codec:32:241|codec:32:242|codec:32:243|codec:32:244|codec:32:245|codec:32:246|codec:32:247|codec:32:248|codec:32:249|codec:32:250|codec:32:251|codec:32:252|codec:32:253|codec:32:254|codec:32:255|codec:32:256|codec:32:257|codec:32:258|codec:32:259|codec:32:260|codec:32:261|codec:32:262|codec:32:263|codec:32:264|codec:32:265|codec:32:266|codec:32:267|codec:32:268|codec:32:269|codec:32:270|codec:32:271|codec:32:272|codec:32:274|codec:32:275|codec:32:276|codec:32:277|codec:32:278|codec:32:279|codec:32:280|codec:32:281|codec:32:282|codec:32:283|codec:32:284|codec:32:285|codec:32:286|codec:32:84|codec:32:117|codec:32:114|codec:32:21|codec:32:58|codec:32:61|codec:32:47|codec:32:22|codec:32:101|codec:32:54|codec:32:82|codec:32:97|codec:32:59|codec:32:98|codec:32:121|codec:32:52|codec:32:63|codec:32:46|codec:32:50|codec:32:43|codec:32:67|codec:32:99|codec:32:116|codec:32:51|codec:32:42|codec:32:57|codec:32:100|codec:32:273|codec:32:77|codec:32:14|codec:32:53|codec:32:124|codec:32:95|codec:32:23|codec:32:96|codec:32:88|codec:32:78|codec:32:20|codec:32:115|codec:32:89|codec:32:103|codec:32:83|codec:32:44|codec:32:76|codec:32:55|codec:32:64,confirmed_binary_and_builder_logic,per_gcx_size_preserved; no record relocation
codec,33,no,0,,,0,,0,0,0,0,0,0,0,0,0,0,0,0,2580,0,0,,confirmed_binary_and_builder_logic,per_gcx_size_preserved; no record relocation
codec,34,no,0,,,0,,0,0,0,0,0,0,0,0,0,0,0,0,3848,0,0,,confirmed_binary_and_builder_logic,per_gcx_size_preserved; no record relocation
codec,35,no,2,꿔바서에위을의장,바서에위을의,6,꿔장,2,128,0,0,0,0,0,115,2,128,-115,0,1300,0,13,codec:35:6|codec:35:3,confirmed_binary_and_builder_logic,per_gcx_size_preserved; no record relocation
codec,36,no,0,,,0,,0,0,0,0,0,0,0,0,0,0,0,0,1072,0,0,,confirmed_binary_and_builder_logic,per_gcx_size_preserved; no record relocation
codec,37,no,0,,,0,,0,0,0,0,0,0,0,0,0,0,0,0,1388,0,0,,confirmed_binary_and_builder_logic,per_gcx_size_preserved; no record relocation
codec,38,no,0,,,0,,0,0,0,0,0,0,0,0,0,0,0,0,2444,0,0,,confirmed_binary_and_builder_logic,per_gcx_size_preserved; no record relocation
codec,39,no,0,,,0,,0,0,0,0,0,0,0,0,0,0,0,0,3276,0,0,,confirmed_binary_and_builder_logic,per_gcx_size_preserved; no record relocation
codec,40,no,0,,,0,,0,0,0,0,0,0,0,0,0,0,0,0,1996,0,0,,confirmed_binary_and_builder_logic,per_gcx_size_preserved; no record relocation
codec,41,no,1,다,다,1,,0,0,0,0,0,0,0,4,0,0,-4,0,2680,4,0,codec:41:24,confirmed_binary_and_builder_logic,per_gcx_size_preserved; no record relocation
codec,42,no,0,,,0,,0,0,0,0,0,0,0,0,0,0,0,0,2244,0,0,,confirmed_binary_and_builder_logic,per_gcx_size_preserved; no record relocation
codec,43,no,0,,,0,,0,0,0,0,0,0,0,0,0,0,0,0,2112,0,0,,confirmed_binary_and_builder_logic,per_gcx_size_preserved; no record relocation
codec,44,no,0,,,0,,0,0,0,0,0,0,0,0,0,0,0,0,2048,0,0,,confirmed_binary_and_builder_logic,per_gcx_size_preserved; no record relocation
codec,45,no,0,,,0,,0,0,0,0,0,0,0,0,0,0,0,0,2096,0,0,,confirmed_binary_and_builder_logic,per_gcx_size_preserved; no record relocation
codec,46,no,1,군그렇,군그렇,3,,0,0,0,0,0,0,0,0,0,0,0,0,2536,0,0,codec:46:19,confirmed_binary_and_builder_logic,per_gcx_size_preserved; no record relocation
codec,47,no,1,괜들려아잘찮,들려아잘,4,괜찮,2,128,0,0,0,0,0,14,2,128,-14,0,4048,0,114,codec:47:15,confirmed_binary_and_builder_logic,per_gcx_size_preserved; no record relocation
codec,48,no,2,료를버보상아야자좋처치텨해,를버보상아야자좋해,9,료처치텨,4,256,0,0,0,0,0,45,4,256,-45,0,4900,0,211,codec:48:29|codec:48:28,confirmed_binary_and_builder_logic,per_gcx_size_preserved; no record relocation
codec,49,no,4,고니다로료를먼면버선수술시야엽으있작저적쳐치택통튼하할합해,고니다로를면버수시야으있저적하할해,17,료먼선술엽작쳐치택통튼합,12,768,0,0,0,0,0,52,12,768,-52,0,4624,0,716,codec:49:10|codec:49:11|codec:49:16|codec:49:14,confirmed_binary_and_builder_logic,per_gcx_size_preserved; no record relocation
codec,50,no,0,,,0,,0,0,0,0,0,0,0,0,0,0,0,0,1716,0,0,,confirmed_binary_and_builder_logic,per_gcx_size_preserved; no record relocation
codec,51,no,0,,,0,,0,0,0,0,0,0,0,0,0,0,0,0,4496,0,0,,confirmed_binary_and_builder_logic,per_gcx_size_preserved; no record relocation
codec,52,no,0,,,0,,0,0,0,0,0,0,0,0,0,0,0,0,6380,0,0,,confirmed_binary_and_builder_logic,per_gcx_size_preserved; no record relocation
codec,53,yes,0,,,0,,0,0,0,0,0,0,0,0,0,0,0,0,8172,0,0,,confirmed_binary_and_builder_logic,per_gcx_size_preserved; no record relocation
codec,54,no,0,,,0,,0,0,0,0,0,0,0,0,0,0,0,0,34052,0,0,,confirmed_binary_and_builder_logic,per_gcx_size_preserved; no record relocation
codec,55,no,0,,,0,,0,0,0,0,0,0,0,0,0,0,0,0,6388,0,0,,confirmed_binary_and_builder_logic,per_gcx_size_preserved; no record relocation
codec,56,no,0,,,0,,0,0,0,0,0,0,0,0,0,0,0,0,3744,0,0,,confirmed_binary_and_builder_logic,per_gcx_size_preserved; no record relocation
codec,57,no,0,,,0,,0,0,0,0,0,0,0,0,0,0,0,0,1996,0,0,,confirmed_binary_and_builder_logic,per_gcx_size_preserved; no record relocation
codec,58,no,2,고군그렇리,고군그렇리,5,,0,0,0,0,0,0,0,0,0,0,2,3,3696,0,2,codec:58:49|codec:58:48,confirmed_binary_and_builder_logic,per_gcx_size_preserved; no record relocation
codec,59,no,0,,,0,,0,0,0,0,0,0,0,0,0,0,0,0,4048,0,0,,confirmed_binary_and_builder_logic,per_gcx_size_preserved; no record relocation
codec,60,no,0,,,0,,0,0,0,0,0,0,0,0,0,0,0,0,8404,0,0,,confirmed_binary_and_builder_logic,per_gcx_size_preserved; no record relocation
codec,61,no,0,,,0,,0,0,0,0,0,0,0,0,0,0,0,0,2200,0,0,,confirmed_binary_and_builder_logic,per_gcx_size_preserved; no record relocation
codec,62,no,0,,,0,,0,0,0,0,0,0,0,0,0,0,0,0,2220,0,0,,confirmed_binary_and_builder_logic,per_gcx_size_preserved; no record relocation
codec,63,no,0,,,0,,0,0,0,0,0,0,0,0,0,0,0,0,2504,0,0,,confirmed_binary_and_builder_logic,per_gcx_size_preserved; no record relocation
codec,64,no,0,,,0,,0,0,0,0,0,0,0,0,0,0,0,0,2292,0,0,,confirmed_binary_and_builder_logic,per_gcx_size_preserved; no record relocation
codec,65,no,0,,,0,,0,0,0,0,0,0,0,0,0,0,0,0,2112,0,0,,confirmed_binary_and_builder_logic,per_gcx_size_preserved; no record relocation
codec,66,no,0,,,0,,0,0,0,0,0,0,0,0,0,0,0,0,2248,0,0,,confirmed_binary_and_builder_logic,per_gcx_size_preserved; no record relocation
codec,67,no,2,니아야직,니아야,3,직,1,64,0,0,0,0,0,1,1,64,-1,4,3060,0,63,codec:67:26|codec:67:17,confirmed_binary_and_builder_logic,per_gcx_size_preserved; no record relocation
codec,68,no,0,,,0,,0,0,0,0,0,0,0,0,0,0,0,0,2860,0,0,,confirmed_binary_and_builder_logic,per_gcx_size_preserved; no record relocation
codec,69,no,0,,,0,,0,0,0,0,0,0,0,0,0,0,0,0,2268,0,0,,confirmed_binary_and_builder_logic,per_gcx_size_preserved; no record relocation
codec,70,no,0,,,0,,0,0,0,0,0,0,0,0,0,0,0,0,2240,0,0,,confirmed_binary_and_builder_logic,per_gcx_size_preserved; no record relocation
codec,71,no,1,도맡작조지,도조지,3,맡작,2,128,0,0,0,0,0,7,2,128,-7,0,2828,0,121,codec:71:17,confirmed_binary_and_builder_logic,per_gcx_size_preserved; no record relocation
codec,72,no,0,,,0,,0,0,0,0,0,0,0,0,0,0,0,0,2208,0,0,,confirmed_binary_and_builder_logic,per_gcx_size_preserved; no record relocation
codec,73,no,0,,,0,,0,0,0,0,0,0,0,0,0,0,0,0,2072,0,0,,confirmed_binary_and_builder_logic,per_gcx_size_preserved; no record relocation
codec,74,no,0,,,0,,0,0,0,0,0,0,0,0,0,0,0,0,2848,0,0,,confirmed_binary_and_builder_logic,per_gcx_size_preserved; no record relocation
codec,75,no,0,,,0,,0,0,0,0,0,0,0,0,0,0,0,0,2092,0,0,,confirmed_binary_and_builder_logic,per_gcx_size_preserved; no record relocation
codec,76,no,0,,,0,,0,0,0,0,0,0,0,0,0,0,0,0,2464,0,0,,confirmed_binary_and_builder_logic,per_gcx_size_preserved; no record relocation
codec,77,no,0,,,0,,0,0,0,0,0,0,0,0,0,0,0,0,2312,0,0,,confirmed_binary_and_builder_logic,per_gcx_size_preserved; no record relocation
codec,78,no,0,,,0,,0,0,0,0,0,0,0,0,0,0,0,0,2512,0,0,,confirmed_binary_and_builder_logic,per_gcx_size_preserved; no record relocation
codec,79,no,0,,,0,,0,0,0,0,0,0,0,0,0,0,0,0,2184,0,0,,confirmed_binary_and_builder_logic,per_gcx_size_preserved; no record relocation
codec,80,no,0,,,0,,0,0,0,0,0,0,0,0,0,0,0,0,2172,0,0,,confirmed_binary_and_builder_logic,per_gcx_size_preserved; no record relocation
codec,81,no,0,,,0,,0,0,0,0,0,0,0,0,0,0,0,0,2692,0,0,,confirmed_binary_and_builder_logic,per_gcx_size_preserved; no record relocation
codec,82,no,0,,,0,,0,0,0,0,0,0,0,0,0,0,0,0,2540,0,0,,confirmed_binary_and_builder_logic,per_gcx_size_preserved; no record relocation
codec,83,no,4,가디어저하,가디어저하,5,,0,0,0,0,0,0,0,14,0,0,-14,4,2748,14,0,codec:83:23|codec:83:22|codec:83:17|codec:83:16,confirmed_binary_and_builder_logic,per_gcx_size_preserved; no record relocation
codec,84,no,0,,,0,,0,0,0,0,0,0,0,0,0,0,0,0,2364,0,0,,confirmed_binary_and_builder_logic,per_gcx_size_preserved; no record relocation
codec,85,no,0,,,0,,0,0,0,0,0,0,0,0,0,0,0,0,2364,0,0,,confirmed_binary_and_builder_logic,per_gcx_size_preserved; no record relocation
codec,86,no,1,,,0,,0,0,0,0,0,0,0,86,0,0,-86,0,2488,86,0,codec:86:22,confirmed_binary_and_builder_logic,per_gcx_size_preserved; no record relocation
codec,87,no,0,,,0,,0,0,0,0,0,0,0,0,0,0,0,0,2008,0,0,,confirmed_binary_and_builder_logic,per_gcx_size_preserved; no record relocation
codec,88,no,0,,,0,,0,0,0,0,0,0,0,0,0,0,0,0,2012,0,0,,confirmed_binary_and_builder_logic,per_gcx_size_preserved; no record relocation
codec,89,no,0,,,0,,0,0,0,0,0,0,0,0,0,0,0,0,3020,0,0,,confirmed_binary_and_builder_logic,per_gcx_size_preserved; no record relocation
codec,90,no,0,,,0,,0,0,0,0,0,0,0,0,0,0,0,0,2348,0,0,,confirmed_binary_and_builder_logic,per_gcx_size_preserved; no record relocation
codec,91,no,0,,,0,,0,0,0,0,0,0,0,0,0,0,0,0,2084,0,0,,confirmed_binary_and_builder_logic,per_gcx_size_preserved; no record relocation
codec,92,no,1,는늪닥바없,는바없,3,늪닥,2,128,0,0,0,0,0,7,2,128,-7,0,2560,0,121,codec:92:16,confirmed_binary_and_builder_logic,per_gcx_size_preserved; no record relocation
codec,93,no,0,,,0,,0,0,0,0,0,0,0,0,0,0,0,0,2544,0,0,,confirmed_binary_and_builder_logic,per_gcx_size_preserved; no record relocation
codec,94,no,1,,,0,,0,0,0,0,0,0,0,76,0,0,-76,0,2352,76,0,codec:94:26,confirmed_binary_and_builder_logic,per_gcx_size_preserved; no record relocation
codec,95,no,1,악어,어,1,악,1,64,0,0,0,0,0,6,1,64,-6,0,4072,0,58,codec:95:24,confirmed_binary_and_builder_logic,per_gcx_size_preserved; no record relocation
codec,96,no,1,기여왜이있지,기여왜이있지,6,,0,0,0,0,0,0,0,7,0,0,-7,0,1128,7,0,codec:96:1,confirmed_binary_and_builder_logic,per_gcx_size_preserved; no record relocation
codec,97,no,0,,,0,,0,0,0,0,0,0,0,0,0,0,0,0,1648,0,0,,confirmed_binary_and_builder_logic,per_gcx_size_preserved; no record relocation
codec,98,no,0,,,0,,0,0,0,0,0,0,0,0,0,0,0,0,1828,0,0,,confirmed_binary_and_builder_logic,per_gcx_size_preserved; no record relocation
codec,99,no,0,,,0,,0,0,0,0,0,0,0,0,0,0,0,0,1612,0,0,,confirmed_binary_and_builder_logic,per_gcx_size_preserved; no record relocation
codec,100,no,0,,,0,,0,0,0,0,0,0,0,0,0,0,0,0,2544,0,0,,confirmed_binary_and_builder_logic,per_gcx_size_preserved; no record relocation
codec,101,no,0,,,0,,0,0,0,0,0,0,0,0,0,0,0,0,2324,0,0,,confirmed_binary_and_builder_logic,per_gcx_size_preserved; no record relocation
codec,102,no,0,,,0,,0,0,0,0,0,0,0,0,0,0,0,0,2272,0,0,,confirmed_binary_and_builder_logic,per_gcx_size_preserved; no record relocation
codec,103,no,0,,,0,,0,0,0,0,0,0,0,0,0,0,0,0,2160,0,0,,confirmed_binary_and_builder_logic,per_gcx_size_preserved; no record relocation
codec,104,no,0,,,0,,0,0,0,0,0,0,0,0,0,0,0,0,2200,0,0,,confirmed_binary_and_builder_logic,per_gcx_size_preserved; no record relocation
codec,105,no,0,,,0,,0,0,0,0,0,0,0,0,0,0,0,0,2244,0,0,,confirmed_binary_and_builder_logic,per_gcx_size_preserved; no record relocation
codec,106,no,0,,,0,,0,0,0,0,0,0,0,0,0,0,0,0,2016,0,0,,confirmed_binary_and_builder_logic,per_gcx_size_preserved; no record relocation
codec,107,no,0,,,0,,0,0,0,0,0,0,0,0,0,0,0,0,2344,0,0,,confirmed_binary_and_builder_logic,per_gcx_size_preserved; no record relocation
codec,108,no,0,,,0,,0,0,0,0,0,0,0,0,0,0,0,0,2104,0,0,,confirmed_binary_and_builder_logic,per_gcx_size_preserved; no record relocation
codec,109,no,0,,,0,,0,0,0,0,0,0,0,0,0,0,0,0,2772,0,0,,confirmed_binary_and_builder_logic,per_gcx_size_preserved; no record relocation
codec,110,no,0,,,0,,0,0,0,0,0,0,0,0,0,0,0,0,2692,0,0,,confirmed_binary_and_builder_logic,per_gcx_size_preserved; no record relocation
codec,111,no,0,,,0,,0,0,0,0,0,0,0,0,0,0,0,0,2680,0,0,,confirmed_binary_and_builder_logic,per_gcx_size_preserved; no record relocation
codec,112,no,0,,,0,,0,0,0,0,0,0,0,0,0,0,0,0,2800,0,0,,confirmed_binary_and_builder_logic,per_gcx_size_preserved; no record relocation
codec,113,no,0,,,0,,0,0,0,0,0,0,0,0,0,0,0,0,2568,0,0,,confirmed_binary_and_builder_logic,per_gcx_size_preserved; no record relocation
codec,114,no,1,가그뀌러로면바어,가그러로면바어,7,뀌,1,64,0,0,0,0,0,25,1,64,-25,0,3104,0,39,codec:114:15,confirmed_binary_and_builder_logic,per_gcx_size_preserved; no record relocation
codec,115,no,0,,,0,,0,0,0,0,0,0,0,0,0,0,0,0,2432,0,0,,confirmed_binary_and_builder_logic,per_gcx_size_preserved; no record relocation
codec,116,no,0,,,0,,0,0,0,0,0,0,0,0,0,0,0,0,2604,0,0,,confirmed_binary_and_builder_logic,per_gcx_size_preserved; no record relocation
codec,117,no,0,,,0,,0,0,0,0,0,0,0,0,0,0,0,0,2888,0,0,,confirmed_binary_and_builder_logic,per_gcx_size_preserved; no record relocation
codec,118,no,0,,,0,,0,0,0,0,0,0,0,0,0,0,0,0,2388,0,0,,confirmed_binary_and_builder_logic,per_gcx_size_preserved; no record relocation
codec,119,no,31,니보수아어여요있직할,니보수아어여요있할,9,직,1,64,0,0,0,0,0,934,1,64,-934,9,5524,870,0,codec:119:45|codec:119:46|codec:119:47|codec:119:48|codec:119:49|codec:119:50|codec:119:51|codec:119:52|codec:119:53|codec:119:54|codec:119:55|codec:119:56|codec:119:57|codec:119:58|codec:119:59|codec:119:60|codec:119:61|codec:119:62|codec:119:63|codec:119:64|codec:119:65|codec:119:66|codec:119:67|codec:119:68|codec:119:69|codec:119:70|codec:119:71|codec:119:72|codec:119:74|codec:119:29|codec:119:30,confirmed_binary_and_builder_logic,per_gcx_size_preserved; no record relocation
codec,120,no,1,그럼,그,1,럼,1,64,0,0,0,0,0,0,1,64,0,0,3784,0,64,codec:120:27,confirmed_binary_and_builder_logic,per_gcx_size_preserved; no record relocation
codec,121,no,2,누는다르를먹면,는다르를면,5,누먹,2,128,0,0,0,0,0,72,2,128,-72,0,2120,0,56,codec:121:18|codec:121:12,confirmed_binary_and_builder_logic,per_gcx_size_preserved; no record relocation
codec,122,no,1,다량르마복이회,다르마이,4,량복회,3,192,0,0,0,0,0,63,3,192,-63,0,2328,0,129,codec:122:10,confirmed_binary_and_builder_logic,per_gcx_size_preserved; no record relocation
codec,123,no,0,,,0,,0,0,0,0,0,0,0,0,0,0,0,0,2420,0,0,,confirmed_binary_and_builder_logic,per_gcx_size_preserved; no record relocation
codec,124,no,0,,,0,,0,0,0,0,0,0,0,0,0,0,0,0,2432,0,0,,confirmed_binary_and_builder_logic,per_gcx_size_preserved; no record relocation
codec,125,no,1,같는도동똑물에움이잡직혀,같는도물에이잡,7,동똑움직혀,5,320,0,0,0,0,0,36,5,320,-36,0,3096,0,284,codec:125:16,confirmed_binary_and_builder_logic,per_gcx_size_preserved; no record relocation
codec,126,no,1,내로를반사아알위으음의적치표,내로를사아알위으음의적,11,반치표,3,192,0,0,0,0,0,39,3,192,-39,0,3368,0,153,codec:126:16,confirmed_binary_and_builder_logic,per_gcx_size_preserved; no record relocation
codec,127,no,0,,,0,,0,0,0,0,0,0,0,0,0,0,0,0,0,0,0,,confirmed_binary_and_builder_logic,per_gcx_size_preserved; no record relocation
codec,128,no,0,,,0,,0,0,0,0,0,0,0,0,0,0,0,0,3148,0,0,,confirmed_binary_and_builder_logic,per_gcx_size_preserved; no record relocation
codec,129,no,1,가높록리빨수을차,가록리수을,5,높빨차,3,192,0,0,0,0,0,28,3,192,-28,0,2932,0,164,codec:129:16,confirmed_binary_and_builder_logic,per_gcx_size_preserved; no record relocation
codec,130,no,0,,,0,,0,0,0,0,0,0,0,0,0,0,0,0,2284,0,0,,confirmed_binary_and_builder_logic,per_gcx_size_preserved; no record relocation
codec,131,no,14,,,0,,0,0,0,0,0,0,0,833,0,0,-833,0,7036,833,0,codec:131:79|codec:131:80|codec:131:81|codec:131:82|codec:131:85|codec:131:86|codec:131:87|codec:131:88|codec:131:89|codec:131:91|codec:131:92|codec:131:93|codec:131:94|codec:131:98,confirmed_binary_and_builder_logic,per_gcx_size_preserved; no record relocation
codec,132,no,0,,,0,,0,0,0,0,0,0,0,0,0,0,0,0,2772,0,0,,confirmed_binary_and_builder_logic,per_gcx_size_preserved; no record relocation
codec,133,no,3,가게겠기꾸낮높는니다등때라로를리면므바방법보복살서세수습아어올웅은을음있자지크펴포하,가게겠기는니다때라로를리면바방법보서세수습아어올은을음있자지크포하,33,꾸낮높등므복살웅펴,9,576,0,0,0,0,0,76,9,576,-76,0,6268,0,500,codec:133:20|codec:133:16|codec:133:14,confirmed_binary_and_builder_logic,per_gcx_size_preserved; no record relocation
codec,134,no,0,,,0,,0,0,0,0,0,0,0,0,0,0,0,0,2880,0,0,,confirmed_binary_and_builder_logic,per_gcx_size_preserved; no record relocation
codec,135,no,0,,,0,,0,0,0,0,0,0,0,0,0,0,0,0,2576,0,0,,confirmed_binary_and_builder_logic,per_gcx_size_preserved; no record relocation
codec,136,no,2,구달리마지,리마지,3,구달,2,128,0,0,0,0,0,45,2,128,-45,0,3100,0,83,codec:136:24|codec:136:14,confirmed_binary_and_builder_logic,per_gcx_size_preserved; no record relocation
codec,137,no,0,,,0,,0,0,0,0,0,0,0,0,0,0,0,0,2792,0,0,,confirmed_binary_and_builder_logic,per_gcx_size_preserved; no record relocation
codec,138,no,1,,,0,,0,0,0,0,0,0,0,118,0,0,-118,0,2368,118,0,codec:138:15,confirmed_binary_and_builder_logic,per_gcx_size_preserved; no record relocation
codec,139,no,2,덮뒤를서에용유이인잘쳐해,를서에유이인잘해,8,덮뒤용쳐,4,256,0,0,0,0,0,57,4,256,-57,0,3236,0,199,codec:139:18|codec:139:19,confirmed_binary_and_builder_logic,per_gcx_size_preserved; no record relocation
codec,140,no,0,,,0,,0,0,0,0,0,0,0,0,0,0,0,0,2732,0,0,,confirmed_binary_and_builder_logic,per_gcx_size_preserved; no record relocation
codec,141,no,0,,,0,,0,0,0,0,0,0,0,0,0,0,0,0,2684,0,0,,confirmed_binary_and_builder_logic,per_gcx_size_preserved; no record relocation
codec,142,no,0,,,0,,0,0,0,0,0,0,0,0,0,0,0,0,3452,0,0,,confirmed_binary_and_builder_logic,per_gcx_size_preserved; no record relocation
codec,143,no,1,동라을이작해,라을이해,4,동작,2,128,0,0,0,0,0,6,2,128,-6,0,3188,0,122,codec:143:15,confirmed_binary_and_builder_logic,per_gcx_size_preserved; no record relocation
codec,144,no,1,숙익져해,숙익해,3,져,1,64,0,0,0,0,0,30,1,64,-30,0,2684,0,34,codec:144:16,confirmed_binary_and_builder_logic,per_gcx_size_preserved; no record relocation
codec,145,no,1,격공때를봐서해,때를봐서해,5,격공,2,128,0,0,0,0,0,27,2,128,-27,0,3164,0,101,codec:145:17,confirmed_binary_and_builder_logic,per_gcx_size_preserved; no record relocation
codec,146,no,0,,,0,,0,0,0,0,0,0,0,0,0,0,0,0,2676,0,0,,confirmed_binary_and_builder_logic,per_gcx_size_preserved; no record relocation
codec,147,no,1,같과도아,같도아,3,과,1,64,0,0,0,0,0,21,1,64,-21,0,2832,0,43,codec:147:14,confirmed_binary_and_builder_logic,per_gcx_size_preserved; no record relocation
codec,148,no,1,같거기는리무은의척투,같거기는리무은의,8,척투,2,128,0,0,0,0,0,33,2,128,-33,0,3628,0,95,codec:148:14,confirmed_binary_and_builder_logic,per_gcx_size_preserved; no record relocation
codec,149,no,2,가는들로를만면물상어열영을의줄체켜,가는들로를만면물상어을의줄,13,열영체켜,4,256,0,0,0,0,0,84,4,256,-84,0,3456,0,172,codec:149:17|codec:149:14,confirmed_binary_and_builder_logic,per_gcx_size_preserved; no record relocation
codec,150,no,1,동라을이작해,라을이해,4,동작,2,128,0,0,0,0,0,5,2,128,-5,0,2872,0,123,codec:150:15,confirmed_binary_and_builder_logic,per_gcx_size_preserved; no record relocation
codec,151,no,0,,,0,,0,0,0,0,0,0,0,0,0,0,0,0,2712,0,0,,confirmed_binary_and_builder_logic,per_gcx_size_preserved; no record relocation
codec,152,no,3,가것는달따뜻라를리매면상야어에이줄태해,가것는뜻라를리면상야어에이줄태해,16,달따매,3,192,0,0,0,0,0,53,3,192,-53,0,3692,0,139,codec:152:17|codec:152:19|codec:152:16,confirmed_binary_and_builder_logic,per_gcx_size_preserved; no record relocation
codec,153,no,1,귀도수어얻을있희,도수어을있,5,귀얻희,3,192,0,0,0,0,0,18,3,192,-18,0,3240,0,174,codec:153:17,confirmed_binary_and_builder_logic,per_gcx_size_preserved; no record relocation
codec,154,no,0,,,0,,0,0,0,0,0,0,0,0,0,0,0,0,2724,0,0,,confirmed_binary_and_builder_logic,per_gcx_size_preserved; no record relocation
codec,155,no,2,것라을이해,것라을이해,5,,0,0,0,0,0,0,0,9,0,0,-9,0,2904,9,0,codec:155:23|codec:155:15,confirmed_binary_and_builder_logic,per_gcx_size_preserved; no record relocation
codec,156,no,1,가때를면어을있줄하,가때를면어을있줄하,9,,0,0,0,0,0,0,0,23,0,0,-23,0,2980,23,0,codec:156:14,confirmed_binary_and_builder_logic,per_gcx_size_preserved; no record relocation
codec,157,no,1,고기나들를무서에,고기나들를무서에,8,,0,0,0,0,0,0,0,22,0,0,-22,0,2860,22,0,codec:157:14,confirmed_binary_and_builder_logic,per_gcx_size_preserved; no record relocation
codec,158,no,1,를먹어었,를어었,3,먹,1,64,0,0,0,0,0,4,1,64,-4,0,3260,0,60,codec:158:14,confirmed_binary_and_builder_logic,per_gcx_size_preserved; no record relocation
codec,159,no,0,,,0,,0,0,0,0,0,0,0,0,0,0,0,0,0,0,0,,confirmed_binary_and_builder_logic,per_gcx_size_preserved; no record relocation
codec,160,no,0,,,0,,0,0,0,0,0,0,0,0,0,0,0,0,0,0,0,,confirmed_binary_and_builder_logic,per_gcx_size_preserved; no record relocation
codec,161,no,2,게느동두를리맞면법살상소써없에움을이직짝황,게를리면법상소없에을이,11,느동두맞살써움직짝황,10,640,0,0,0,0,0,83,10,640,-83,0,3992,0,557,codec:161:20|codec:161:19,confirmed_binary_and_builder_logic,per_gcx_size_preserved; no record relocation
codec,162,no,0,,,0,,0,0,0,0,0,0,0,0,0,0,0,0,2284,0,0,,confirmed_binary_and_builder_logic,per_gcx_size_preserved; no record relocation
codec,163,no,0,,,0,,0,0,0,0,0,0,0,0,0,0,0,0,2508,0,0,,confirmed_binary_and_builder_logic,per_gcx_size_preserved; no record relocation
codec,164,no,1,가다된드로면문서열은클패,가다드로면문서은,8,된열클패,4,256,0,0,0,0,0,48,4,256,-48,0,3068,0,208,codec:164:14,confirmed_binary_and_builder_logic,per_gcx_size_preserved; no record relocation
codec,165,no,0,,,0,,0,0,0,0,0,0,0,0,0,0,0,0,2840,0,0,,confirmed_binary_and_builder_logic,per_gcx_size_preserved; no record relocation
codec,166,no,0,,,0,,0,0,0,0,0,0,0,0,0,0,0,0,0,0,0,,confirmed_binary_and_builder_logic,per_gcx_size_preserved; no record relocation
codec,167,no,1,기를보야얻을정회,기를보야을정,6,얻회,2,128,0,0,0,0,0,25,2,128,-25,0,2832,0,103,codec:167:15,confirmed_binary_and_builder_logic,per_gcx_size_preserved; no record relocation
codec,168,no,1,걷는니도따라를뿐속아에움이정직,는니도라를아에이정,9,걷따뿐속움직,6,384,0,0,0,0,0,27,6,384,-27,0,3396,0,357,codec:168:14,confirmed_binary_and_builder_logic,per_gcx_size_preserved; no record relocation
codec,169,no,1,러로를리맞머면바쓰져히,러로를리머면바히,8,맞쓰져,3,192,0,0,0,0,0,24,3,192,-24,0,3180,0,168,codec:169:17,confirmed_binary_and_builder_logic,per_gcx_size_preserved; no record relocation
codec,170,no,0,,,0,,0,0,0,0,0,0,0,0,0,0,0,0,3216,0,0,,confirmed_binary_and_builder_logic,per_gcx_size_preserved; no record relocation
codec,171,no,3,가돌려로를면봐에용위으이있잘해,가돌려로를면봐에위으이있잘해,14,용,1,64,0,0,0,0,0,247,1,64,-247,0,4152,183,0,codec:171:17|codec:171:18|codec:171:19,confirmed_binary_and_builder_logic,per_gcx_size_preserved; no record relocation
codec,172,no,0,,,0,,0,0,0,0,0,0,0,0,0,0,0,0,4032,0,0,,confirmed_binary_and_builder_logic,per_gcx_size_preserved; no record relocation
codec,173,no,0,,,0,,0,0,0,0,0,0,0,0,0,0,0,0,2924,0,0,,confirmed_binary_and_builder_logic,per_gcx_size_preserved; no record relocation
codec,174,no,0,,,0,,0,0,0,0,0,0,0,0,0,0,0,0,2164,0,0,,confirmed_binary_and_builder_logic,per_gcx_size_preserved; no record relocation
codec,175,no,2,가개겠까는니다몇습않알야어왔을져지하,가개겠까는니다습않알야어왔을지하,16,몇져,2,128,0,0,0,0,0,30,2,128,-30,0,3756,0,98,codec:175:17|codec:175:21,confirmed_binary_and_builder_logic,per_gcx_size_preserved; no record relocation
codec,176,no,0,,,0,,0,0,0,0,0,0,0,0,0,0,0,0,2676,0,0,,confirmed_binary_and_builder_logic,per_gcx_size_preserved; no record relocation
codec,177,no,0,,,0,,0,0,0,0,0,0,0,0,0,0,0,0,2440,0,0,,confirmed_binary_and_builder_logic,per_gcx_size_preserved; no record relocation
codec,178,no,0,,,0,,0,0,0,0,0,0,0,0,0,0,0,0,1784,0,0,,confirmed_binary_and_builder_logic,per_gcx_size_preserved; no record relocation
codec,179,no,2,그도를어에와워전줄채,그도를어에와줄,7,워전채,3,192,0,0,0,0,0,55,3,192,-55,0,2316,0,137,codec:179:13|codec:179:11,confirmed_binary_and_builder_logic,per_gcx_size_preserved; no record relocation
codec,180,no,1,로를복해회,로를해,3,복회,2,128,0,0,0,0,0,4,2,128,-4,0,1916,0,124,codec:180:10,confirmed_binary_and_builder_logic,per_gcx_size_preserved; no record relocation
codec,181,no,0,,,0,,0,0,0,0,0,0,0,0,0,0,0,0,1508,0,0,,confirmed_binary_and_builder_logic,per_gcx_size_preserved; no record relocation
codec,182,no,1,껴를아,를아,2,껴,1,64,0,0,0,0,0,35,1,64,-35,0,4312,0,29,codec:182:31,confirmed_binary_and_builder_logic,per_gcx_size_preserved; no record relocation
codec,183,no,0,,,0,,0,0,0,0,0,0,0,0,0,0,0,0,2432,0,0,,confirmed_binary_and_builder_logic,per_gcx_size_preserved; no record relocation
codec,184,no,0,,,0,,0,0,0,0,0,0,0,0,0,0,0,0,2168,0,0,,confirmed_binary_and_builder_logic,per_gcx_size_preserved; no record relocation
codec,185,no,0,,,0,,0,0,0,0,0,0,0,0,0,0,0,0,2152,0,0,,confirmed_binary_and_builder_logic,per_gcx_size_preserved; no record relocation
codec,186,no,2,게끼려를맞면빼상서써아에총황,게려를면상서아에,8,끼맞빼써총황,6,384,0,0,0,0,0,60,6,384,-60,0,3424,0,324,codec:186:19|codec:186:16,confirmed_binary_and_builder_logic,per_gcx_size_preserved; no record relocation
codec,187,no,1,가고는를부어일있지,가고는를부어일있지,9,,0,0,0,0,0,0,0,15,0,0,-15,0,4168,15,0,codec:187:14,confirmed_binary_and_builder_logic,per_gcx_size_preserved; no record relocation
codec,188,no,0,,,0,,0,0,0,0,0,0,0,0,0,0,0,0,2540,0,0,,confirmed_binary_and_builder_logic,per_gcx_size_preserved; no record relocation
codec,189,no,1,가곧그돌러로면아와,가그돌러로면아와,8,곧,1,64,0,0,0,0,0,16,1,64,-16,0,3444,0,48,codec:189:17,confirmed_binary_and_builder_logic,per_gcx_size_preserved; no record relocation
codec,190,no,1,나라리머별사씩위은적져하,나라리머별사위은적하,10,씩져,2,128,0,0,0,0,0,91,2,128,-91,0,3124,0,37,codec:190:15,confirmed_binary_and_builder_logic,per_gcx_size_preserved; no record relocation
codec,191,no,0,,,0,,0,0,0,0,0,0,0,0,0,0,0,0,2264,0,0,,confirmed_binary_and_builder_logic,per_gcx_size_preserved; no record relocation
codec,192,no,0,,,0,,0,0,0,0,0,0,0,0,0,0,0,0,2448,0,0,,confirmed_binary_and_builder_logic,per_gcx_size_preserved; no record relocation
codec,193,no,1,는로사어열용을해,는로사어을해,6,열용,2,128,0,0,0,0,0,39,2,128,-39,0,1152,0,89,codec:193:3,confirmed_binary_and_builder_logic,per_gcx_size_preserved; no record relocation
codec,194,no,0,,,0,,0,0,0,0,0,0,0,0,0,0,0,0,864,0,0,,confirmed_binary_and_builder_logic,per_gcx_size_preserved; no record relocation
codec,195,no,0,,,0,,0,0,0,0,0,0,0,0,0,0,0,0,652,0,0,,confirmed_binary_and_builder_logic,per_gcx_size_preserved; no record relocation
codec,196,no,1,,,0,,0,0,0,0,0,0,0,88,0,0,-88,0,2256,88,0,codec:196:16,confirmed_binary_and_builder_logic,per_gcx_size_preserved; no record relocation
codec,197,no,0,,,0,,0,0,0,0,0,0,0,0,0,0,0,0,844,0,0,,confirmed_binary_and_builder_logic,per_gcx_size_preserved; no record relocation
codec,198,no,1,게곽굴려면보얼윤을이평하,게려면보을이하,7,곽굴얼윤평,5,320,0,0,0,0,0,18,5,320,-18,0,1620,0,302,codec:198:6,confirmed_binary_and_builder_logic,per_gcx_size_preserved; no record relocation
codec,199,no,0,,,0,,0,0,0,0,0,0,0,0,0,0,0,0,1028,0,0,,confirmed_binary_and_builder_logic,per_gcx_size_preserved; no record relocation
codec,200,no,3,가걱네높도마면속수아알앞어요으일있잖정코,가네도마면수아알어요으일있정코,15,걱높속앞잖,5,320,0,0,0,0,0,49,5,320,-49,0,2304,0,271,codec:200:7|codec:200:10|codec:200:6,confirmed_binary_and_builder_logic,per_gcx_size_preserved; no record relocation
codec,201,no,0,,,0,,0,0,0,0,0,0,0,0,0,0,0,0,2544,0,0,,confirmed_binary_and_builder_logic,per_gcx_size_preserved; no record relocation
codec,202,no,1,걱게는들리멀어없에은있적정킬,게는들리어없에은있적정,11,걱멀킬,3,192,0,0,0,0,0,35,3,192,-35,0,2252,0,157,codec:202:5,confirmed_binary_and_builder_logic,per_gcx_size_preserved; no record relocation
codec,203,no,0,,,0,,0,0,0,0,0,0,0,0,0,0,0,0,3144,0,0,,confirmed_binary_and_builder_logic,per_gcx_size_preserved; no record relocation
codec,204,no,0,,,0,,0,0,0,0,0,0,0,0,0,0,0,0,1028,0,0,,confirmed_binary_and_builder_logic,per_gcx_size_preserved; no record relocation
codec,205,no,0,,,0,,0,0,0,0,0,0,0,0,0,0,0,0,700,0,0,,confirmed_binary_and_builder_logic,per_gcx_size_preserved; no record relocation
codec,206,no,0,,,0,,0,0,0,0,0,0,0,0,0,0,0,0,2624,0,0,,confirmed_binary_and_builder_logic,per_gcx_size_preserved; no record relocation
codec,207,no,0,,,0,,0,0,0,0,0,0,0,0,0,0,0,0,0,0,0,,confirmed_binary_and_builder_logic,per_gcx_size_preserved; no record relocation
codec,208,no,1,,,0,,0,0,0,0,0,0,0,106,0,0,-106,0,2716,106,0,codec:208:22,confirmed_binary_and_builder_logic,per_gcx_size_preserved; no record relocation
codec,209,no,0,,,0,,0,0,0,0,0,0,0,0,0,0,0,0,0,0,0,,confirmed_binary_and_builder_logic,per_gcx_size_preserved; no record relocation
codec,210,no,1,남래보아에여은탄,래보아에여은,6,남탄,2,128,0,0,0,0,0,23,2,128,-23,0,3256,0,105,codec:210:16,confirmed_binary_and_builder_logic,per_gcx_size_preserved; no record relocation
codec,211,no,0,,,0,,0,0,0,0,0,0,0,0,0,0,0,0,740,0,0,,confirmed_binary_and_builder_logic,per_gcx_size_preserved; no record relocation
codec,212,no,1,남늘아엔이탄,아엔이,3,남늘탄,3,192,0,0,0,0,0,27,3,192,-27,0,1592,0,165,codec:212:4,confirmed_binary_and_builder_logic,per_gcx_size_preserved; no record relocation
codec,213,no,0,,,0,,0,0,0,0,0,0,0,0,0,0,0,0,1064,0,0,,confirmed_binary_and_builder_logic,per_gcx_size_preserved; no record relocation
codec,214,no,0,,,0,,0,0,0,0,0,0,0,0,0,0,0,0,2620,0,0,,confirmed_binary_and_builder_logic,per_gcx_size_preserved; no record relocation
codec,215,no,0,,,0,,0,0,0,0,0,0,0,0,0,0,0,0,2196,0,0,,confirmed_binary_and_builder_logic,per_gcx_size_preserved; no record relocation
codec,216,no,0,,,0,,0,0,0,0,0,0,0,0,0,0,0,0,888,0,0,,confirmed_binary_and_builder_logic,per_gcx_size_preserved; no record relocation
codec,217,no,1,넣먼어었에저,어었에저,4,넣먼,2,128,0,0,0,0,0,7,2,128,-7,0,3016,0,121,codec:217:15,confirmed_binary_and_builder_logic,per_gcx_size_preserved; no record relocation
codec,218,no,2,기꺼내는를몸무비서순야에장해,기내는를무서야에해,9,꺼몸비순장,5,320,0,0,0,0,0,80,5,320,-80,0,2152,0,240,codec:218:3|codec:218:8,confirmed_binary_and_builder_logic,per_gcx_size_preserved; no record relocation
codec,219,no,0,,,0,,0,0,0,0,0,0,0,0,0,0,0,0,1240,0,0,,confirmed_binary_and_builder_logic,per_gcx_size_preserved; no record relocation
codec,220,no,0,,,0,,0,0,0,0,0,0,0,0,0,0,0,0,1012,0,0,,confirmed_binary_and_builder_logic,per_gcx_size_preserved; no record relocation
codec,221,no,0,,,0,,0,0,0,0,0,0,0,0,0,0,0,0,808,0,0,,confirmed_binary_and_builder_logic,per_gcx_size_preserved; no record relocation
codec,222,no,0,,,0,,0,0,0,0,0,0,0,0,0,0,0,0,2300,0,0,,confirmed_binary_and_builder_logic,per_gcx_size_preserved; no record relocation
codec,223,no,0,,,0,,0,0,0,0,0,0,0,0,0,0,0,0,760,0,0,,confirmed_binary_and_builder_logic,per_gcx_size_preserved; no record relocation
codec,224,no,1,는어없,는어없,3,,0,0,0,0,0,0,0,0,0,0,4,4,1148,0,4,codec:224:3,confirmed_binary_and_builder_logic,per_gcx_size_preserved; no record relocation
codec,225,no,2,격경기다돌무및소양우의총타한,기다돌무소우의한,8,격경및양총타,6,384,0,0,0,0,0,60,6,384,-60,0,2376,0,324,codec:225:10|codec:225:3,confirmed_binary_and_builder_logic,per_gcx_size_preserved; no record relocation
codec,226,no,0,,,0,,0,0,0,0,0,0,0,0,0,0,0,0,1084,0,0,,confirmed_binary_and_builder_logic,per_gcx_size_preserved; no record relocation
codec,227,no,3,뜻말무서슨야어이째,뜻말무서슨야어이째,9,,0,0,0,0,0,0,0,19,0,0,-19,0,3836,19,0,codec:227:26|codec:227:34|codec:227:18,confirmed_binary_and_builder_logic,per_gcx_size_preserved; no record relocation
codec,228,no,0,,,0,,0,0,0,0,0,0,0,0,0,0,0,0,2948,0,0,,confirmed_binary_and_builder_logic,per_gcx_size_preserved; no record relocation
codec,229,no,0,,,0,,0,0,0,0,0,0,0,0,0,0,0,0,660,0,0,,confirmed_binary_and_builder_logic,per_gcx_size_preserved; no record relocation
codec,230,no,1,기내리발앞을전,기내리을,4,발앞전,3,192,0,0,0,0,0,18,3,192,-18,0,2028,0,174,codec:230:4,confirmed_binary_and_builder_logic,per_gcx_size_preserved; no record relocation
codec,231,no,1,가게낮능도들성세아어에은자적줄킬,가게도들성세아어에은자적줄,13,낮능킬,3,192,0,0,0,0,0,55,3,192,-55,0,2096,0,137,codec:231:5,confirmed_binary_and_builder_logic,per_gcx_size_preserved; no record relocation
codec,232,no,0,,,0,,0,0,0,0,0,0,0,0,0,0,0,0,2480,0,0,,confirmed_binary_and_builder_logic,per_gcx_size_preserved; no record relocation
codec,233,no,2,그래럼마뭘실알았어자잘,그래마알았어자잘,8,럼뭘실,3,192,0,0,0,0,0,15,3,192,-15,0,3128,0,177,codec:233:22|codec:233:14,confirmed_binary_and_builder_logic,per_gcx_size_preserved; no record relocation
codec,234,no,2,겠고는다대보세알이조직차첩,겠고는다대보세알이조,10,직차첩,3,192,0,0,0,0,0,24,3,192,-24,0,5112,0,168,codec:234:42|codec:234:16,confirmed_binary_and_builder_logic,per_gcx_size_preserved; no record relocation
codec,235,no,2,게국그미방식야이쿼,게그미방야이,6,국식쿼,3,192,0,0,0,0,0,5,3,192,-5,0,4156,0,187,codec:235:53|codec:235:21,confirmed_binary_and_builder_logic,per_gcx_size_preserved; no record relocation
codec,236,no,3,널령서소에터톰,령서소에터톰,6,널,1,64,0,0,0,0,0,11,1,64,-11,0,4576,0,53,codec:236:20|codec:236:19|codec:236:17,confirmed_binary_and_builder_logic,per_gcx_size_preserved; no record relocation
codec,237,no,3,것그까내네니다몸무미부분아알엇요은을의합,것그까내네니다무미부분아알요은을의,17,몸엇합,3,192,0,0,0,0,0,0,3,192,1,10,4340,0,193,codec:237:14|codec:237:18|codec:237:16,confirmed_binary_and_builder_logic,per_gcx_size_preserved; no record relocation
codec,238,no,3,가니뭐뭔상아은이지하해황,가니뭐상아은이지하해,10,뭔황,2,128,0,0,0,0,0,26,2,128,-26,0,3984,0,102,codec:238:24|codec:238:14|codec:238:16,confirmed_binary_and_builder_logic,per_gcx_size_preserved; no record relocation
codec,239,no,45,가거게관그기나났내낸네니다대데도떻렇리만말맞매무보상셨슨습아야어엇에엔요우유을이인일있적지체하할,가거게그기나내네니다대데도떻렇리만말무보상슨습아야어에엔요우유을이인일있적지하할,40,관났낸맞매셨엇체,8,512,0,0,0,0,0,1907,8,512,-1907,16,6968,1395,0,codec:239:44|codec:239:45|codec:239:46|codec:239:47|codec:239:48|codec:239:49|codec:239:50|codec:239:51|codec:239:52|codec:239:53|codec:239:54|codec:239:55|codec:239:56|codec:239:57|codec:239:58|codec:239:59|codec:239:60|codec:239:61|codec:239:62|codec:239:63|codec:239:64|codec:239:65|codec:239:66|codec:239:67|codec:239:68|codec:239:69|codec:239:70|codec:239:71|codec:239:72|codec:239:73|codec:239:74|codec:239:75|codec:239:80|codec:239:82|codec:239:16|codec:239:79|codec:239:81|codec:239:78|codec:239:18|codec:239:43|codec:239:40|codec:239:19|codec:239:77|codec:239:21|codec:239:34,confirmed_binary_and_builder_logic,per_gcx_size_preserved; no record relocation
codec,240,no,59,가고그기끌나내네는니다당대뒤듣래로리린말맡문복세수아알았야약어었에올요우으은의있자제좋주했회,가고그기나내네는니다대듣래로리말문세수아알았야어었에올요우으은의있자제좋,36,끌당뒤린맡복약주했회,10,640,0,0,0,0,0,2723,10,640,-2723,6,7200,2083,0,codec:240:17|codec:240:19|codec:240:22|codec:240:28|codec:240:37|codec:240:38|codec:240:41|codec:240:42|codec:240:43|codec:240:44|codec:240:46|codec:240:47|codec:240:48|codec:240:49|codec:240:50|codec:240:51|codec:240:52|codec:240:53|codec:240:54|codec:240:55|codec:240:56|codec:240:57|codec:240:58|codec:240:59|codec:240:60|codec:240:61|codec:240:62|codec:240:63|codec:240:64|codec:240:65|codec:240:66|codec:240:70|codec:240:72|codec:240:73|codec:240:75|codec:240:76|codec:240:77|codec:240:78|codec:240:79|codec:240:80|codec:240:81|codec:240:83|codec:240:84|codec:240:85|codec:240:86|codec:240:87|codec:240:88|codec:240:69|codec:240:67|codec:240:24|codec:240:15|codec:240:71|codec:240:74|codec:240:16|codec:240:100|codec:240:98|codec:240:40|codec:240:39|codec:240:27,confirmed_binary_and_builder_logic,per_gcx_size_preserved; no record relocation
codec,241,no,87,그래렇와좀죠,그래렇와,4,좀죠,2,128,0,0,0,0,0,4118,2,128,-4118,0,9984,3990,0,codec:241:32|codec:241:41|codec:241:43|codec:241:46|codec:241:51|codec:241:66|codec:241:67|codec:241:68|codec:241:69|codec:241:70|codec:241:71|codec:241:72|codec:241:73|codec:241:74|codec:241:75|codec:241:76|codec:241:77|codec:241:78|codec:241:79|codec:241:80|codec:241:81|codec:241:82|codec:241:83|codec:241:84|codec:241:85|codec:241:86|codec:241:88|codec:241:89|codec:241:90|codec:241:91|codec:241:92|codec:241:93|codec:241:94|codec:241:95|codec:241:96|codec:241:97|codec:241:98|codec:241:99|codec:241:100|codec:241:101|codec:241:102|codec:241:103|codec:241:104|codec:241:105|codec:241:106|codec:241:107|codec:241:108|codec:241:109|codec:241:110|codec:241:111|codec:241:112|codec:241:113|codec:241:114|codec:241:115|codec:241:116|codec:241:117|codec:241:118|codec:241:119|codec:241:120|codec:241:121|codec:241:123|codec:241:124|codec:241:125|codec:241:126|codec:241:127|codec:241:128|codec:241:129|codec:241:130|codec:241:131|codec:241:132|codec:241:133|codec:241:134|codec:241:135|codec:241:136|codec:241:137|codec:241:138|codec:241:139|codec:241:140|codec:241:141|codec:241:142|codec:241:143|codec:241:144|codec:241:145|codec:241:147|codec:241:37|codec:241:31|codec:241:44,confirmed_binary_and_builder_logic,per_gcx_size_preserved; no record relocation
codec,242,no,0,,,0,,0,0,0,0,0,0,0,0,0,0,0,0,44,0,0,,confirmed_binary_and_builder_logic,per_gcx_size_preserved; no record relocation
codec,243,no,2776,가각간갈감강갖같개거걱건걷걸검겁것겉게겐겠겨격견결경계고곤곧곳공과관괜교구국군굽궁권궤귀규균그극글금급기긴길깊까깐깨꺼께꼈꼭꾸꿈끄끊끌끝낌나난날남났낭내낸낼냅냈냉냐냥널넘넣네넷녀년노놈높놓누눈느는늘능니닌닐님닙닛다단달닮담답당대더덕던덤데델도독돌동돼됐되된될됩두둘둥뒤드든들듬듭디따딱딴때땐떤떨떻떼또똑뜨띄라락랄람랐랑래램랬량러런럴럼럿렀렇레렘려력련렵렸령로록론롤롭뢰료루류륙륭르른를름리린릴립릿링마막만많말망맞맡매맹맺머먹멀멋메며면명몇모목몰몸못무문물뭐뭔뮤미믿밀밍바박밖반받발밟방배백버번벌법벗벽변별병보복본볼봉봐부북분불붓브비빈빗빙빠빨빼뽑뿐사산살삼상새색생서선설성세션셨소속손쇼수순술숨숲쉬쉰쉴쉽스슨습승시식신실싫심십싶싸써썼쎄쏟쏠쓰쓸씀아악안않알압앗았앞애야약양얘어억언얻업없엇었에엔여역연열였영예옛오온올옵옷와완왔왜왠외왼요용우욱운울움웅워원웠위유으은을음응의이익인일읽잃임입있잊자작잔잘잠잡장재쟁저적전절점접정젖제져졌조족종좋죠주죽준줄중줘쥐즉즙증지직진질집짓짜째쨌쩌쩔쫓차찮찰참창찾책처척철첨첩첫청체쳐쳤초촉총최추춘충취측치친칠침카케켓코쿠큐크큰키킬타탄탈탐태터테텐토통퇴투트특티파팔패펴편평포폭폴표푸풀품프피필하학한할함합항해핵핸했행향허헌험헛헝헤헬혀현혈협형호혹혼홉화확환활황회획효후훈훌휘휴흐흔흙흠흡흥희흰히힌힘,가간같개거건것게겠계고곳군그금기까께나난날내네녀는니다대더데도돌됐되될둘드들디때떻또라람래랬러런럴렇려령로록루르를리마만말머면명못무문물뭐미믿바밖방버번법벗별보본봐부분브사상서설성세션소수숲스슨습시심싶아안않알았야어없었에엔여올와왔왜왠요우원위유으은을음응의이익인일임입있자잘잡저적절점정젖제조좋죽줄지짓째청코크키태터특편포프필하한할함해행험호획후히,175,각갈감강갖걱걷걸검겁겉겐겨격견결경곤곧공과관괜교구국굽궁권궤귀규균극글급긴길깊깐깨꺼꼈꼭꾸꿈끄끊끌끝낌남났낭낸낼냅냈냉냐냥널넘넣넷년노놈높놓누눈느늘능닌닐님닙닛단달닮담답당덕던덤델독동돼된됩두둥뒤든듬듭따딱딴땐떤떨떼똑뜨띄락랄랐랑램량럼럿렀레렘력련렵렸론롤롭뢰료류륙륭른름린릴립릿링막많망맞맡매맹맺먹멀멋메며몇모목몰몸뭔뮤밀밍박반받발밟배백벌벽변병복볼봉북불붓비빈빗빙빠빨빼뽑뿐산살삼새색생선셨속손쇼순술숨쉬쉰쉴쉽승식신실싫십싸써썼쎄쏟쏠쓰쓸씀악압앗앞애약양얘억언얻업엇역연열였영예옛오온옵옷완외왼용욱운울움웅워웠읽잃잊작잔잠장재쟁전접져졌족종죠주준중줘쥐즉즙증직진질집짜쨌쩌쩔쫓차찮찰참창찾책처척철첨첩첫체쳐쳤초촉총최추춘충취측치친칠침카케켓쿠큐큰킬타탄탈탐테텐토통퇴투트티파팔패펴평폭폴표푸풀품피학합항핵핸했향허헌헛헝헤헬혀현혈협형혹혼홉화확환활황회효훈훌휘휴흐흔흙흠흡흥희흰힌힘,392,25088,0,0,0,0,0,169399,392,25088,-169399,202,202936,144311,0,codec:243:92|codec:243:93|codec:243:94|codec:243:95|codec:243:96|codec:243:97|codec:243:98|codec:243:99|codec:243:100|codec:243:101|codec:243:102|codec:243:103|codec:243:104|codec:243:105|codec:243:106|codec:243:107|codec:243:108|codec:243:109|codec:243:111|codec:243:112|codec:243:113|codec:243:114|codec:243:115|codec:243:116|codec:243:117|codec:243:118|codec:243:119|codec:243:120|codec:243:121|codec:243:122|codec:243:123|codec:243:124|codec:243:125|codec:243:126|codec:243:127|codec:243:128|codec:243:129|codec:243:130|codec:243:132|codec:243:133|codec:243:134|codec:243:135|codec:243:136|codec:243:137|codec:243:138|codec:243:139|codec:243:140|codec:243:141|codec:243:142|codec:243:143|codec:243:144|codec:243:145|codec:243:146|codec:243:147|codec:243:148|codec:243:149|codec:243:150|codec:243:151|codec:243:152|codec:243:153|codec:243:154|codec:243:155|codec:243:156|codec:243:157|codec:243:158|codec:243:159|codec:243:160|codec:243:161|codec:243:162|codec:243:164|codec:243:166|codec:243:167|codec:243:168|codec:243:170|codec:243:171|codec:243:172|codec:243:173|codec:243:174|codec:243:175|codec:243:176|codec:243:177|codec:243:178|codec:243:179|codec:243:180|codec:243:181|codec:243:182|codec:243:183|codec:243:184|codec:243:185|codec:243:186|codec:243:187|codec:243:188|codec:243:189|codec:243:190|codec:243:191|codec:243:192|codec:243:193|codec:243:194|codec:243:195|codec:243:196|codec:243:197|codec:243:198|codec:243:199|codec:243:200|codec:243:201|codec:243:202|codec:243:203|codec:243:204|codec:243:205|codec:243:206|codec:243:207|codec:243:208|codec:243:209|codec:243:210|codec:243:211|codec:243:212|codec:243:213|codec:243:214|codec:243:215|codec:243:216|codec:243:217|codec:243:218|codec:243:219|codec:243:220|codec:243:221|codec:243:222|codec:243:223|codec:243:224|codec:243:225|codec:243:226|codec:243:227|codec:243:228|codec:243:229|codec:243:230|codec:243:231|codec:243:232|codec:243:233|codec:243:234|codec:243:235|codec:243:236|codec:243:237|codec:243:238|codec:243:239|codec:243:241|codec:243:242|codec:243:243|codec:243:244|codec:243:245|codec:243:246|codec:243:247|codec:243:248|codec:243:249|codec:243:250|codec:243:251|codec:243:252|codec:243:253|codec:243:254|codec:243:255|codec:243:256|codec:243:257|codec:243:258|codec:243:259|codec:243:260|codec:243:261|codec:243:262|codec:243:263|codec:243:264|codec:243:265|codec:243:266|codec:243:267|codec:243:268|codec:243:269|codec:243:270|codec:243:271|codec:243:272|codec:243:273|codec:243:274|codec:243:275|codec:243:276|codec:243:277|codec:243:278|codec:243:279|codec:243:280|codec:243:281|codec:243:282|codec:243:283|codec:243:284|codec:243:285|codec:243:286|codec:243:287|codec:243:288|codec:243:289|codec:243:290|codec:243:291|codec:243:292|codec:243:293|codec:243:294|codec:243:295|codec:243:296|codec:243:297|codec:243:298|codec:243:299|codec:243:300|codec:243:301|codec:243:302|codec:243:303|codec:243:304|codec:243:305|codec:243:306|codec:243:307|codec:243:308|codec:243:309|codec:243:310|codec:243:311|codec:243:312|codec:243:313|codec:243:314|codec:243:315|codec:243:316|codec:243:317|codec:243:318|codec:243:319|codec:243:320|codec:243:321|codec:243:322|codec:243:323|codec:243:324|codec:243:325|codec:243:326|codec:243:327|codec:243:328|codec:243:330|codec:243:331|codec:243:332|codec:243:333|codec:243:334|codec:243:335|codec:243:336|codec:243:337|codec:243:338|codec:243:339|codec:243:340|codec:243:341|codec:243:342|codec:243:343|codec:243:344|codec:243:345|codec:243:346|codec:243:347|codec:243:348|codec:243:349|codec:243:350|codec:243:351|codec:243:352|codec:243:353|codec:243:354|codec:243:355|codec:243:356|codec:243:357|codec:243:358|codec:243:359|codec:243:360|codec:243:361|codec:243:362|codec:243:363|codec:243:364|codec:243:365|codec:243:366|codec:243:367|codec:243:368|codec:243:369|codec:243:370|codec:243:371|codec:243:372|codec:243:373|codec:243:374|codec:243:375|codec:243:376|codec:243:377|codec:243:378|codec:243:379|codec:243:380|codec:243:381|codec:243:382|codec:243:383|codec:243:384|codec:243:385|codec:243:386|codec:243:387|codec:243:388|codec:243:389|codec:243:390|codec:243:391|codec:243:392|codec:243:393|codec:243:394|codec:243:395|codec:243:396|codec:243:397|codec:243:398|codec:243:399|codec:243:400|codec:243:401|codec:243:402|codec:243:403|codec:243:404|codec:243:405|codec:243:406|codec:243:407|codec:243:408|codec:243:409|codec:243:410|codec:243:411|codec:243:412|codec:243:413|codec:243:414|codec:243:415|codec:243:416|codec:243:417|codec:243:418|codec:243:419|codec:243:420|codec:243:421|codec:243:422|codec:243:423|codec:243:424|codec:243:425|codec:243:426|codec:243:427|codec:243:428|codec:243:429|codec:243:430|codec:243:431|codec:243:432|codec:243:433|codec:243:434|codec:243:435|codec:243:436|codec:243:437|codec:243:438|codec:243:439|codec:243:440|codec:243:441|codec:243:442|codec:243:443|codec:243:444|codec:243:445|codec:243:446|codec:243:447|codec:243:448|codec:243:449|codec:243:450|codec:243:451|codec:243:452|codec:243:453|codec:243:454|codec:243:455|codec:243:456|codec:243:457|codec:243:459|codec:243:460|codec:243:461|codec:243:462|codec:243:463|codec:243:464|codec:243:465|codec:243:466|codec:243:467|codec:243:468|codec:243:469|codec:243:470|codec:243:471|codec:243:472|codec:243:473|codec:243:474|codec:243:475|codec:243:476|codec:243:477|codec:243:478|codec:243:479|codec:243:480|codec:243:481|codec:243:482|codec:243:483|codec:243:484|codec:243:485|codec:243:486|codec:243:487|codec:243:488|codec:243:489|codec:243:490|codec:243:491|codec:243:492|codec:243:493|codec:243:494|codec:243:495|codec:243:496|codec:243:497|codec:243:498|codec:243:499|codec:243:500|codec:243:501|codec:243:502|codec:243:503|codec:243:504|codec:243:505|codec:243:506|codec:243:507|codec:243:508|codec:243:509|codec:243:510|codec:243:511|codec:243:512|codec:243:513|codec:243:514|codec:243:515|codec:243:517|codec:243:518|codec:243:519|codec:243:520|codec:243:521|codec:243:522|codec:243:523|codec:243:524|codec:243:525|codec:243:526|codec:243:527|codec:243:528|codec:243:529|codec:243:530|codec:243:531|codec:243:532|codec:243:533|codec:243:534|codec:243:535|codec:243:536|codec:243:537|codec:243:538|codec:243:539|codec:243:540|codec:243:541|codec:243:542|codec:243:543|codec:243:544|codec:243:545|codec:243:546|codec:243:547|codec:243:548|codec:243:549|codec:243:550|codec:243:551|codec:243:552|codec:243:553|codec:243:554|codec:243:555|codec:243:556|codec:243:557|codec:243:558|codec:243:559|codec:243:560|codec:243:561|codec:243:562|codec:243:563|codec:243:564|codec:243:565|codec:243:566|codec:243:567|codec:243:568|codec:243:569|codec:243:570|codec:243:571|codec:243:572|codec:243:573|codec:243:574|codec:243:575|codec:243:576|codec:243:577|codec:243:578|codec:243:579|codec:243:580|codec:243:581|codec:243:582|codec:243:583|codec:243:584|codec:243:585|codec:243:586|codec:243:587|codec:243:588|codec:243:589|codec:243:590|codec:243:591|codec:243:592|codec:243:593|codec:243:594|codec:243:595|codec:243:596|codec:243:597|codec:243:598|codec:243:599|codec:243:600|codec:243:601|codec:243:602|codec:243:603|codec:243:604|codec:243:605|codec:243:606|codec:243:607|codec:243:608|codec:243:609|codec:243:610|codec:243:611|codec:243:612|codec:243:614|codec:243:615|codec:243:616|codec:243:617|codec:243:618|codec:243:619|codec:243:620|codec:243:621|codec:243:622|codec:243:623|codec:243:624|codec:243:625|codec:243:626|codec:243:627|codec:243:628|codec:243:629|codec:243:630|codec:243:631|codec:243:632|codec:243:633|codec:243:634|codec:243:635|codec:243:636|codec:243:637|codec:243:638|codec:243:639|codec:243:640|codec:243:641|codec:243:642|codec:243:643|codec:243:644|codec:243:645|codec:243:646|codec:243:647|codec:243:648|codec:243:649|codec:243:650|codec:243:651|codec:243:652|codec:243:653|codec:243:654|codec:243:655|codec:243:669|codec:243:686|codec:243:691|codec:243:696|codec:243:700|codec:243:713|codec:243:734|codec:243:735|codec:243:736|codec:243:737|codec:243:742|codec:243:743|codec:243:744|codec:243:745|codec:243:746|codec:243:747|codec:243:748|codec:243:752|codec:243:753|codec:243:754|codec:243:756|codec:243:758|codec:243:759|codec:243:762|codec:243:764|codec:243:765|codec:243:766|codec:243:768|codec:243:783|codec:243:784|codec:243:788|codec:243:791|codec:243:796|codec:243:797|codec:243:800|codec:243:811|codec:243:819|codec:243:821|codec:243:822|codec:243:823|codec:243:824|codec:243:825|codec:243:841|codec:243:842|codec:243:849|codec:243:853|codec:243:854|codec:243:855|codec:243:856|codec:243:857|codec:243:859|codec:243:869|codec:243:874|codec:243:876|codec:243:878|codec:243:881|codec:243:882|codec:243:884|codec:243:886|codec:243:887|codec:243:889|codec:243:891|codec:243:896|codec:243:897|codec:243:909|codec:243:961|codec:243:970|codec:243:981|codec:243:992|codec:243:1013|codec:243:1014|codec:243:1015|codec:243:1016|codec:243:1017|codec:243:1018|codec:243:1019|codec:243:1020|codec:243:1021|codec:243:1022|codec:243:1023|codec:243:1024|codec:243:1025|codec:243:1026|codec:243:1027|codec:243:1028|codec:243:1029|codec:243:1030|codec:243:1031|codec:243:1032|codec:243:1033|codec:243:1034|codec:243:1035|codec:243:1036|codec:243:1037|codec:243:1038|codec:243:1039|codec:243:1040|codec:243:1041|codec:243:1042|codec:243:1043|codec:243:1044|codec:243:1045|codec:243:1046|codec:243:1047|codec:243:1048|codec:243:1049|codec:243:1050|codec:243:1051|codec:243:1052|codec:243:1053|codec:243:1054|codec:243:1055|codec:243:1056|codec:243:1057|codec:243:1058|codec:243:1059|codec:243:1060|codec:243:1061|codec:243:1062|codec:243:1063|codec:243:1064|codec:243:1065|codec:243:1066|codec:243:1067|codec:243:1068|codec:243:1069|codec:243:1070|codec:243:1071|codec:243:1072|codec:243:1073|codec:243:1074|codec:243:1075|codec:243:1076|codec:243:1077|codec:243:1078|codec:243:1079|codec:243:1080|codec:243:1081|codec:243:1082|codec:243:1083|codec:243:1084|codec:243:1085|codec:243:1086|codec:243:1087|codec:243:1088|codec:243:1089|codec:243:1090|codec:243:1091|codec:243:1092|codec:243:1093|codec:243:1094|codec:243:1095|codec:243:1096|codec:243:1097|codec:243:1098|codec:243:1099|codec:243:1100|codec:243:1101|codec:243:1102|codec:243:1103|codec:243:1104|codec:243:1105|codec:243:1106|codec:243:1107|codec:243:1108|codec:243:1109|codec:243:1110|codec:243:1111|codec:243:1112|codec:243:1113|codec:243:1114|codec:243:1115|codec:243:1116|codec:243:1118|codec:243:1119|codec:243:1120|codec:243:1121|codec:243:1122|codec:243:1123|codec:243:1124|codec:243:1125|codec:243:1126|codec:243:1127|codec:243:1128|codec:243:1129|codec:243:1130|codec:243:1131|codec:243:1132|codec:243:1133|codec:243:1134|codec:243:1135|codec:243:1136|codec:243:1137|codec:243:1138|codec:243:1139|codec:243:1140|codec:243:1141|codec:243:1142|codec:243:1143|codec:243:1144|codec:243:1145|codec:243:1146|codec:243:1147|codec:243:1148|codec:243:1149|codec:243:1150|codec:243:1151|codec:243:1152|codec:243:1153|codec:243:1154|codec:243:1155|codec:243:1156|codec:243:1157|codec:243:1158|codec:243:1159|codec:243:1160|codec:243:1161|codec:243:1162|codec:243:1163|codec:243:1164|codec:243:1165|codec:243:1166|codec:243:1167|codec:243:1168|codec:243:1169|codec:243:1170|codec:243:1171|codec:243:1172|codec:243:1174|codec:243:1175|codec:243:1176|codec:243:1177|codec:243:1178|codec:243:1179|codec:243:1180|codec:243:1181|codec:243:1182|codec:243:1183|codec:243:1184|codec:243:1185|codec:243:1186|codec:243:1187|codec:243:1188|codec:243:1189|codec:243:1191|codec:243:1192|codec:243:1193|codec:243:1194|codec:243:1195|codec:243:1196|codec:243:1197|codec:243:1198|codec:243:1199|codec:243:1200|codec:243:1201|codec:243:1203|codec:243:1204|codec:243:1205|codec:243:1206|codec:243:1207|codec:243:1208|codec:243:1209|codec:243:1210|codec:243:1211|codec:243:1212|codec:243:1213|codec:243:1214|codec:243:1215|codec:243:1216|codec:243:1217|codec:243:1218|codec:243:1219|codec:243:1220|codec:243:1221|codec:243:1222|codec:243:1223|codec:243:1224|codec:243:1225|codec:243:1226|codec:243:1227|codec:243:1228|codec:243:1229|codec:243:1230|codec:243:1231|codec:243:1232|codec:243:1233|codec:243:1234|codec:243:1235|codec:243:1236|codec:243:1237|codec:243:1238|codec:243:1239|codec:243:1240|codec:243:1241|codec:243:1242|codec:243:1243|codec:243:1244|codec:243:1245|codec:243:1246|codec:243:1247|codec:243:1248|codec:243:1249|codec:243:1250|codec:243:1251|codec:243:1252|codec:243:1253|codec:243:1254|codec:243:1255|codec:243:1256|codec:243:1257|codec:243:1258|codec:243:1259|codec:243:1260|codec:243:1261|codec:243:1262|codec:243:1263|codec:243:1264|codec:243:1265|codec:243:1266|codec:243:1267|codec:243:1268|codec:243:1269|codec:243:1270|codec:243:1271|codec:243:1272|codec:243:1273|codec:243:1274|codec:243:1275|codec:243:1276|codec:243:1277|codec:243:1278|codec:243:1279|codec:243:1280|codec:243:1281|codec:243:1282|codec:243:1283|codec:243:1284|codec:243:1285|codec:243:1286|codec:243:1287|codec:243:1288|codec:243:1289|codec:243:1290|codec:243:1291|codec:243:1292|codec:243:1293|codec:243:1294|codec:243:1295|codec:243:1296|codec:243:1297|codec:243:1298|codec:243:1299|codec:243:1300|codec:243:1301|codec:243:1302|codec:243:1303|codec:243:1304|codec:243:1305|codec:243:1306|codec:243:1307|codec:243:1308|codec:243:1309|codec:243:1310|codec:243:1311|codec:243:1312|codec:243:1313|codec:243:1314|codec:243:1315|codec:243:1316|codec:243:1317|codec:243:1318|codec:243:1319|codec:243:1320|codec:243:1321|codec:243:1322|codec:243:1323|codec:243:1324|codec:243:1325|codec:243:1326|codec:243:1327|codec:243:1328|codec:243:1329|codec:243:1330|codec:243:1331|codec:243:1332|codec:243:1333|codec:243:1334|codec:243:1335|codec:243:1336|codec:243:1337|codec:243:1338|codec:243:1339|codec:243:1340|codec:243:1341|codec:243:1342|codec:243:1343|codec:243:1344|codec:243:1345|codec:243:1346|codec:243:1347|codec:243:1348|codec:243:1349|codec:243:1350|codec:243:1351|codec:243:1352|codec:243:1353|codec:243:1354|codec:243:1355|codec:243:1356|codec:243:1357|codec:243:1358|codec:243:1359|codec:243:1360|codec:243:1361|codec:243:1362|codec:243:1363|codec:243:1364|codec:243:1365|codec:243:1366|codec:243:1367|codec:243:1368|codec:243:1369|codec:243:1370|codec:243:1371|codec:243:1372|codec:243:1373|codec:243:1374|codec:243:1375|codec:243:1376|codec:243:1377|codec:243:1378|codec:243:1379|codec:243:1380|codec:243:1381|codec:243:1382|codec:243:1383|codec:243:1384|codec:243:1385|codec:243:1386|codec:243:1387|codec:243:1388|codec:243:1389|codec:243:1390|codec:243:1391|codec:243:1392|codec:243:1393|codec:243:1394|codec:243:1395|codec:243:1396|codec:243:1397|codec:243:1398|codec:243:1399|codec:243:1400|codec:243:1401|codec:243:1402|codec:243:1403|codec:243:1404|codec:243:1405|codec:243:1406|codec:243:1407|codec:243:1408|codec:243:1409|codec:243:1410|codec:243:1411|codec:243:1412|codec:243:1413|codec:243:1414|codec:243:1415|codec:243:1416|codec:243:1417|codec:243:1418|codec:243:1419|codec:243:1420|codec:243:1421|codec:243:1422|codec:243:1423|codec:243:1424|codec:243:1425|codec:243:1426|codec:243:1427|codec:243:1428|codec:243:1429|codec:243:1430|codec:243:1431|codec:243:1432|codec:243:1433|codec:243:1434|codec:243:1435|codec:243:1436|codec:243:1437|codec:243:1438|codec:243:1439|codec:243:1440|codec:243:1441|codec:243:1442|codec:243:1443|codec:243:1444|codec:243:1445|codec:243:1446|codec:243:1447|codec:243:1448|codec:243:1449|codec:243:1450|codec:243:1451|codec:243:1452|codec:243:1453|codec:243:1454|codec:243:1455|codec:243:1456|codec:243:1457|codec:243:1458|codec:243:1459|codec:243:1460|codec:243:1461|codec:243:1462|codec:243:1463|codec:243:1464|codec:243:1465|codec:243:1466|codec:243:1467|codec:243:1468|codec:243:1469|codec:243:1470|codec:243:1471|codec:243:1472|codec:243:1473|codec:243:1474|codec:243:1475|codec:243:1476|codec:243:1477|codec:243:1478|codec:243:1479|codec:243:1480|codec:243:1481|codec:243:1482|codec:243:1483|codec:243:1484|codec:243:1485|codec:243:1486|codec:243:1487|codec:243:1488|codec:243:1489|codec:243:1490|codec:243:1491|codec:243:1492|codec:243:1493|codec:243:1494|codec:243:1495|codec:243:1496|codec:243:1497|codec:243:1498|codec:243:1499|codec:243:1500|codec:243:1501|codec:243:1502|codec:243:1503|codec:243:1504|codec:243:1505|codec:243:1506|codec:243:1507|codec:243:1508|codec:243:1509|codec:243:1510|codec:243:1511|codec:243:1512|codec:243:1513|codec:243:1514|codec:243:1515|codec:243:1516|codec:243:1517|codec:243:1518|codec:243:1519|codec:243:1520|codec:243:1521|codec:243:1522|codec:243:1523|codec:243:1524|codec:243:1525|codec:243:1526|codec:243:1527|codec:243:1528|codec:243:1529|codec:243:1530|codec:243:1531|codec:243:1532|codec:243:1533|codec:243:1534|codec:243:1535|codec:243:1536|codec:243:1537|codec:243:1538|codec:243:1539|codec:243:1540|codec:243:1541|codec:243:1542|codec:243:1543|codec:243:1544|codec:243:1545|codec:243:1546|codec:243:1547|codec:243:1548|codec:243:1549|codec:243:1550|codec:243:1551|codec:243:1552|codec:243:1553|codec:243:1554|codec:243:1555|codec:243:1556|codec:243:1557|codec:243:1558|codec:243:1559|codec:243:1560|codec:243:1561|codec:243:1562|codec:243:1563|codec:243:1564|codec:243:1565|codec:243:1566|codec:243:1567|codec:243:1568|codec:243:1569|codec:243:1570|codec:243:1571|codec:243:1572|codec:243:1573|codec:243:1574|codec:243:1575|codec:243:1576|codec:243:1577|codec:243:1578|codec:243:1579|codec:243:1580|codec:243:1581|codec:243:1582|codec:243:1583|codec:243:1584|codec:243:1585|codec:243:1586|codec:243:1587|codec:243:1588|codec:243:1589|codec:243:1590|codec:243:1591|codec:243:1592|codec:243:1593|codec:243:1594|codec:243:1595|codec:243:1596|codec:243:1597|codec:243:1598|codec:243:1599|codec:243:1600|codec:243:1601|codec:243:1602|codec:243:1603|codec:243:1604|codec:243:1605|codec:243:1606|codec:243:1607|codec:243:1608|codec:243:1609|codec:243:1610|codec:243:1611|codec:243:1612|codec:243:1613|codec:243:1614|codec:243:1615|codec:243:1616|codec:243:1617|codec:243:1618|codec:243:1619|codec:243:1620|codec:243:1621|codec:243:1622|codec:243:1623|codec:243:1624|codec:243:1625|codec:243:1626|codec:243:1627|codec:243:1628|codec:243:1629|codec:243:1630|codec:243:1631|codec:243:1632|codec:243:1633|codec:243:1634|codec:243:1635|codec:243:1636|codec:243:1637|codec:243:1638|codec:243:1639|codec:243:1640|codec:243:1641|codec:243:1642|codec:243:1643|codec:243:1644|codec:243:1645|codec:243:1646|codec:243:1647|codec:243:1648|codec:243:1649|codec:243:1650|codec:243:1651|codec:243:1652|codec:243:1653|codec:243:1654|codec:243:1655|codec:243:1656|codec:243:1657|codec:243:1658|codec:243:1659|codec:243:1660|codec:243:1661|codec:243:1662|codec:243:1663|codec:243:1664|codec:243:1665|codec:243:1666|codec:243:1667|codec:243:1668|codec:243:1669|codec:243:1670|codec:243:1671|codec:243:1672|codec:243:1673|codec:243:1674|codec:243:1675|codec:243:1676|codec:243:1677|codec:243:1678|codec:243:1679|codec:243:1680|codec:243:1681|codec:243:1682|codec:243:1683|codec:243:1684|codec:243:1685|codec:243:1686|codec:243:1687|codec:243:1688|codec:243:1689|codec:243:1690|codec:243:1691|codec:243:1692|codec:243:1693|codec:243:1694|codec:243:1695|codec:243:1696|codec:243:1697|codec:243:1698|codec:243:1699|codec:243:1700|codec:243:1701|codec:243:1702|codec:243:1703|codec:243:1704|codec:243:1705|codec:243:1706|codec:243:1707|codec:243:1708|codec:243:1709|codec:243:1710|codec:243:1711|codec:243:1712|codec:243:1713|codec:243:1714|codec:243:1715|codec:243:1716|codec:243:1717|codec:243:1718|codec:243:1719|codec:243:1720|codec:243:1721|codec:243:1722|codec:243:1723|codec:243:1724|codec:243:1725|codec:243:1726|codec:243:1727|codec:243:1728|codec:243:1729|codec:243:1730|codec:243:1731|codec:243:1732|codec:243:1733|codec:243:1734|codec:243:1735|codec:243:1736|codec:243:1737|codec:243:1738|codec:243:1739|codec:243:1740|codec:243:1742|codec:243:1743|codec:243:1744|codec:243:1745|codec:243:1746|codec:243:1747|codec:243:1748|codec:243:1751|codec:243:1753|codec:243:1754|codec:243:1755|codec:243:1756|codec:243:1757|codec:243:1758|codec:243:1759|codec:243:1760|codec:243:1761|codec:243:1762|codec:243:1763|codec:243:1764|codec:243:1765|codec:243:1766|codec:243:1767|codec:243:1769|codec:243:1770|codec:243:1771|codec:243:1772|codec:243:1774|codec:243:1775|codec:243:1776|codec:243:1777|codec:243:1778|codec:243:1779|codec:243:1780|codec:243:1781|codec:243:1782|codec:243:1783|codec:243:1784|codec:243:1785|codec:243:1786|codec:243:1787|codec:243:1788|codec:243:1789|codec:243:1790|codec:243:1791|codec:243:1792|codec:243:1793|codec:243:1794|codec:243:1795|codec:243:1796|codec:243:1797|codec:243:1798|codec:243:1799|codec:243:1800|codec:243:1801|codec:243:1802|codec:243:1803|codec:243:1804|codec:243:1805|codec:243:1806|codec:243:1807|codec:243:1808|codec:243:1809|codec:243:1810|codec:243:1811|codec:243:1812|codec:243:1813|codec:243:1814|codec:243:1815|codec:243:1816|codec:243:1817|codec:243:1818|codec:243:1819|codec:243:1820|codec:243:1821|codec:243:1822|codec:243:1823|codec:243:1824|codec:243:1825|codec:243:1826|codec:243:1827|codec:243:1828|codec:243:1830|codec:243:1831|codec:243:1832|codec:243:1833|codec:243:1834|codec:243:1835|codec:243:1836|codec:243:1837|codec:243:1838|codec:243:1839|codec:243:1840|codec:243:1841|codec:243:1842|codec:243:1843|codec:243:1844|codec:243:1845|codec:243:1846|codec:243:1847|codec:243:1848|codec:243:1849|codec:243:1850|codec:243:1851|codec:243:1852|codec:243:1853|codec:243:1854|codec:243:1855|codec:243:1856|codec:243:1857|codec:243:1858|codec:243:1859|codec:243:1860|codec:243:1861|codec:243:1862|codec:243:1863|codec:243:1864|codec:243:1865|codec:243:1866|codec:243:1867|codec:243:1868|codec:243:1869|codec:243:1870|codec:243:1871|codec:243:1872|codec:243:1873|codec:243:1876|codec:243:1877|codec:243:1878|codec:243:1879|codec:243:1880|codec:243:1881|codec:243:1882|codec:243:1883|codec:243:1884|codec:243:1885|codec:243:1886|codec:243:1887|codec:243:1888|codec:243:1889|codec:243:1890|codec:243:1891|codec:243:1892|codec:243:1893|codec:243:1894|codec:243:1895|codec:243:1896|codec:243:1897|codec:243:1898|codec:243:1899|codec:243:1900|codec:243:1901|codec:243:1902|codec:243:1903|codec:243:1904|codec:243:1905|codec:243:1906|codec:243:1907|codec:243:1908|codec:243:1909|codec:243:1910|codec:243:1911|codec:243:1912|codec:243:1913|codec:243:1914|codec:243:1915|codec:243:1917|codec:243:1918|codec:243:1919|codec:243:1920|codec:243:1921|codec:243:1922|codec:243:1923|codec:243:1924|codec:243:1925|codec:243:1926|codec:243:1927|codec:243:1928|codec:243:1929|codec:243:1930|codec:243:1931|codec:243:1932|codec:243:1933|codec:243:1934|codec:243:1935|codec:243:1936|codec:243:1938|codec:243:1940|codec:243:1941|codec:243:1942|codec:243:1943|codec:243:1944|codec:243:1945|codec:243:1946|codec:243:1947|codec:243:1948|codec:243:1949|codec:243:1950|codec:243:1951|codec:243:1952|codec:243:1953|codec:243:1954|codec:243:1955|codec:243:1956|codec:243:1957|codec:243:1958|codec:243:1959|codec:243:1960|codec:243:1961|codec:243:1962|codec:243:1963|codec:243:1964|codec:243:1965|codec:243:1966|codec:243:1967|codec:243:1968|codec:243:1969|codec:243:1970|codec:243:1971|codec:243:1972|codec:243:1973|codec:243:1974|codec:243:1975|codec:243:1976|codec:243:1977|codec:243:1978|codec:243:1979|codec:243:1980|codec:243:1982|codec:243:1983|codec:243:1984|codec:243:1985|codec:243:1986|codec:243:1987|codec:243:1988|codec:243:1989|codec:243:1990|codec:243:1991|codec:243:1992|codec:243:1993|codec:243:1994|codec:243:1995|codec:243:1996|codec:243:1997|codec:243:1998|codec:243:1999|codec:243:2000|codec:243:2001|codec:243:2002|codec:243:2003|codec:243:2004|codec:243:2005|codec:243:2006|codec:243:2007|codec:243:2008|codec:243:2009|codec:243:2010|codec:243:2011|codec:243:2012|codec:243:2013|codec:243:2014|codec:243:2015|codec:243:2016|codec:243:2017|codec:243:2018|codec:243:2019|codec:243:2020|codec:243:2021|codec:243:2022|codec:243:2023|codec:243:2024|codec:243:2025|codec:243:2026|codec:243:2027|codec:243:2028|codec:243:2029|codec:243:2030|codec:243:2031|codec:243:2032|codec:243:2033|codec:243:2034|codec:243:2035|codec:243:2036|codec:243:2037|codec:243:2038|codec:243:2039|codec:243:2040|codec:243:2041|codec:243:2042|codec:243:2043|codec:243:2044|codec:243:2045|codec:243:2046|codec:243:2047|codec:243:2048|codec:243:2049|codec:243:2050|codec:243:2051|codec:243:2052|codec:243:2053|codec:243:2054|codec:243:2055|codec:243:2056|codec:243:2057|codec:243:2058|codec:243:2059|codec:243:2060|codec:243:2061|codec:243:2062|codec:243:2063|codec:243:2064|codec:243:2065|codec:243:2066|codec:243:2067|codec:243:2068|codec:243:2069|codec:243:2070|codec:243:2071|codec:243:2072|codec:243:2073|codec:243:2074|codec:243:2075|codec:243:2076|codec:243:2077|codec:243:2078|codec:243:2079|codec:243:2081|codec:243:2083|codec:243:2084|codec:243:2085|codec:243:2086|codec:243:2087|codec:243:2088|codec:243:2089|codec:243:2090|codec:243:2091|codec:243:2092|codec:243:2093|codec:243:2094|codec:243:2095|codec:243:2096|codec:243:2097|codec:243:2098|codec:243:2099|codec:243:2100|codec:243:2101|codec:243:2102|codec:243:2104|codec:243:2105|codec:243:2106|codec:243:2107|codec:243:2108|codec:243:2109|codec:243:2110|codec:243:2111|codec:243:2112|codec:243:2113|codec:243:2114|codec:243:2115|codec:243:2116|codec:243:2117|codec:243:2118|codec:243:2119|codec:243:2120|codec:243:2121|codec:243:2122|codec:243:2123|codec:243:2124|codec:243:2125|codec:243:2126|codec:243:2127|codec:243:2128|codec:243:2129|codec:243:2130|codec:243:2131|codec:243:2132|codec:243:2133|codec:243:2134|codec:243:2135|codec:243:2136|codec:243:2137|codec:243:2138|codec:243:2139|codec:243:2140|codec:243:2141|codec:243:2142|codec:243:2143|codec:243:2144|codec:243:2145|codec:243:2146|codec:243:2147|codec:243:2148|codec:243:2149|codec:243:2150|codec:243:2151|codec:243:2152|codec:243:2153|codec:243:2154|codec:243:2155|codec:243:2156|codec:243:2157|codec:243:2158|codec:243:2159|codec:243:2160|codec:243:2161|codec:243:2162|codec:243:2163|codec:243:2164|codec:243:2165|codec:243:2166|codec:243:2167|codec:243:2168|codec:243:2169|codec:243:2170|codec:243:2171|codec:243:2172|codec:243:2173|codec:243:2174|codec:243:2175|codec:243:2176|codec:243:2177|codec:243:2178|codec:243:2179|codec:243:2180|codec:243:2181|codec:243:2182|codec:243:2183|codec:243:2184|codec:243:2185|codec:243:2186|codec:243:2187|codec:243:2188|codec:243:2189|codec:243:2190|codec:243:2191|codec:243:2192|codec:243:2193|codec:243:2194|codec:243:2195|codec:243:2196|codec:243:2197|codec:243:2198|codec:243:2199|codec:243:2200|codec:243:2201|codec:243:2202|codec:243:2203|codec:243:2204|codec:243:2205|codec:243:2206|codec:243:2207|codec:243:2208|codec:243:2209|codec:243:2210|codec:243:2211|codec:243:2212|codec:243:2213|codec:243:2214|codec:243:2215|codec:243:2216|codec:243:2217|codec:243:2218|codec:243:2219|codec:243:2220|codec:243:2221|codec:243:2222|codec:243:2223|codec:243:2224|codec:243:2225|codec:243:2226|codec:243:2227|codec:243:2228|codec:243:2229|codec:243:2230|codec:243:2231|codec:243:2232|codec:243:2233|codec:243:2234|codec:243:2235|codec:243:2236|codec:243:2237|codec:243:2238|codec:243:2239|codec:243:2240|codec:243:2241|codec:243:2242|codec:243:2243|codec:243:2244|codec:243:2245|codec:243:2246|codec:243:2247|codec:243:2248|codec:243:2249|codec:243:2250|codec:243:2251|codec:243:2252|codec:243:2253|codec:243:2254|codec:243:2255|codec:243:2256|codec:243:2257|codec:243:2258|codec:243:2259|codec:243:2260|codec:243:2261|codec:243:2262|codec:243:2263|codec:243:2264|codec:243:2265|codec:243:2266|codec:243:2267|codec:243:2268|codec:243:2269|codec:243:2270|codec:243:2271|codec:243:2272|codec:243:2273|codec:243:2274|codec:243:2275|codec:243:2276|codec:243:2277|codec:243:2278|codec:243:2279|codec:243:2280|codec:243:2281|codec:243:2282|codec:243:2283|codec:243:2284|codec:243:2285|codec:243:2286|codec:243:2287|codec:243:2288|codec:243:2289|codec:243:2290|codec:243:2291|codec:243:2292|codec:243:2293|codec:243:2294|codec:243:2295|codec:243:2296|codec:243:2297|codec:243:2298|codec:243:2299|codec:243:2300|codec:243:2301|codec:243:2302|codec:243:2303|codec:243:2304|codec:243:2305|codec:243:2306|codec:243:2307|codec:243:2308|codec:243:2309|codec:243:2310|codec:243:2311|codec:243:2312|codec:243:2313|codec:243:2314|codec:243:2315|codec:243:2316|codec:243:2317|codec:243:2318|codec:243:2319|codec:243:2320|codec:243:2321|codec:243:2322|codec:243:2323|codec:243:2324|codec:243:2325|codec:243:2326|codec:243:2327|codec:243:2328|codec:243:2329|codec:243:2330|codec:243:2331|codec:243:2332|codec:243:2333|codec:243:2334|codec:243:2335|codec:243:2336|codec:243:2337|codec:243:2338|codec:243:2339|codec:243:2340|codec:243:2341|codec:243:2342|codec:243:2343|codec:243:2344|codec:243:2345|codec:243:2346|codec:243:2347|codec:243:2348|codec:243:2349|codec:243:2350|codec:243:2351|codec:243:2352|codec:243:2353|codec:243:2354|codec:243:2355|codec:243:2356|codec:243:2357|codec:243:2358|codec:243:2359|codec:243:2360|codec:243:2361|codec:243:2362|codec:243:2363|codec:243:2364|codec:243:2365|codec:243:2366|codec:243:2367|codec:243:2368|codec:243:2369|codec:243:2370|codec:243:2371|codec:243:2372|codec:243:2373|codec:243:2374|codec:243:2375|codec:243:2376|codec:243:2377|codec:243:2378|codec:243:2379|codec:243:2380|codec:243:2381|codec:243:2382|codec:243:2383|codec:243:2384|codec:243:2385|codec:243:2386|codec:243:2387|codec:243:2388|codec:243:2389|codec:243:2390|codec:243:2391|codec:243:2392|codec:243:2393|codec:243:2394|codec:243:2395|codec:243:2396|codec:243:2397|codec:243:2398|codec:243:2399|codec:243:2400|codec:243:2401|codec:243:2402|codec:243:2403|codec:243:2404|codec:243:2405|codec:243:2406|codec:243:2407|codec:243:2408|codec:243:2409|codec:243:2410|codec:243:2411|codec:243:2412|codec:243:2413|codec:243:2414|codec:243:2415|codec:243:2416|codec:243:2417|codec:243:2418|codec:243:2419|codec:243:2420|codec:243:2421|codec:243:2422|codec:243:2423|codec:243:2424|codec:243:2425|codec:243:2426|codec:243:2427|codec:243:2428|codec:243:2429|codec:243:2430|codec:243:2431|codec:243:2432|codec:243:2433|codec:243:2434|codec:243:2435|codec:243:2436|codec:243:2437|codec:243:2438|codec:243:2439|codec:243:2440|codec:243:2441|codec:243:2442|codec:243:2443|codec:243:2444|codec:243:2445|codec:243:2446|codec:243:2447|codec:243:2448|codec:243:2449|codec:243:2450|codec:243:2451|codec:243:2452|codec:243:2453|codec:243:2454|codec:243:2455|codec:243:2456|codec:243:2457|codec:243:2458|codec:243:2459|codec:243:2460|codec:243:2461|codec:243:2462|codec:243:2463|codec:243:2464|codec:243:2465|codec:243:2466|codec:243:2467|codec:243:2468|codec:243:2469|codec:243:2470|codec:243:2471|codec:243:2472|codec:243:2473|codec:243:2474|codec:243:2475|codec:243:2476|codec:243:2477|codec:243:2479|codec:243:2480|codec:243:2481|codec:243:2482|codec:243:2483|codec:243:2484|codec:243:2485|codec:243:2486|codec:243:2487|codec:243:2488|codec:243:2489|codec:243:2490|codec:243:2491|codec:243:2492|codec:243:2493|codec:243:2494|codec:243:2495|codec:243:2496|codec:243:2497|codec:243:2498|codec:243:2499|codec:243:2500|codec:243:2501|codec:243:2502|codec:243:2503|codec:243:2504|codec:243:2505|codec:243:2506|codec:243:2507|codec:243:2508|codec:243:2509|codec:243:2510|codec:243:2511|codec:243:2512|codec:243:2513|codec:243:2514|codec:243:2515|codec:243:2517|codec:243:2518|codec:243:2519|codec:243:2521|codec:243:2522|codec:243:2523|codec:243:2524|codec:243:2525|codec:243:2526|codec:243:2527|codec:243:2528|codec:243:2529|codec:243:2530|codec:243:2531|codec:243:2532|codec:243:2533|codec:243:2534|codec:243:2535|codec:243:2536|codec:243:2537|codec:243:2538|codec:243:2539|codec:243:2540|codec:243:2541|codec:243:2542|codec:243:2543|codec:243:2544|codec:243:2545|codec:243:2546|codec:243:2547|codec:243:2548|codec:243:2549|codec:243:2550|codec:243:2551|codec:243:2552|codec:243:2553|codec:243:2554|codec:243:2555|codec:243:2556|codec:243:2557|codec:243:2558|codec:243:2559|codec:243:2560|codec:243:2561|codec:243:2562|codec:243:2563|codec:243:2564|codec:243:2565|codec:243:2566|codec:243:2567|codec:243:2568|codec:243:2569|codec:243:2570|codec:243:2571|codec:243:2572|codec:243:2573|codec:243:2574|codec:243:2575|codec:243:2576|codec:243:2577|codec:243:2578|codec:243:2579|codec:243:2580|codec:243:2581|codec:243:2582|codec:243:2583|codec:243:2584|codec:243:2585|codec:243:2586|codec:243:2587|codec:243:2588|codec:243:2589|codec:243:2590|codec:243:2591|codec:243:2592|codec:243:2593|codec:243:2594|codec:243:2595|codec:243:2596|codec:243:2597|codec:243:2598|codec:243:2599|codec:243:2600|codec:243:2601|codec:243:2602|codec:243:2603|codec:243:2604|codec:243:2605|codec:243:2606|codec:243:2607|codec:243:2608|codec:243:2609|codec:243:2610|codec:243:2611|codec:243:2612|codec:243:2613|codec:243:2614|codec:243:2615|codec:243:2616|codec:243:2617|codec:243:2618|codec:243:2619|codec:243:2620|codec:243:2621|codec:243:2622|codec:243:2623|codec:243:2624|codec:243:2625|codec:243:2626|codec:243:2627|codec:243:2628|codec:243:2629|codec:243:2630|codec:243:2631|codec:243:2632|codec:243:2633|codec:243:2634|codec:243:2635|codec:243:2636|codec:243:2637|codec:243:2638|codec:243:2639|codec:243:2640|codec:243:2641|codec:243:2642|codec:243:2643|codec:243:2644|codec:243:2645|codec:243:2646|codec:243:2647|codec:243:2648|codec:243:2649|codec:243:2650|codec:243:2651|codec:243:2652|codec:243:2653|codec:243:2654|codec:243:2655|codec:243:2656|codec:243:2657|codec:243:2658|codec:243:2659|codec:243:2660|codec:243:2661|codec:243:2662|codec:243:2663|codec:243:2664|codec:243:2665|codec:243:2666|codec:243:2667|codec:243:2668|codec:243:2669|codec:243:2670|codec:243:2671|codec:243:2672|codec:243:2673|codec:243:2674|codec:243:2675|codec:243:2676|codec:243:2677|codec:243:2678|codec:243:2679|codec:243:2680|codec:243:2681|codec:243:2682|codec:243:2683|codec:243:2685|codec:243:2686|codec:243:2687|codec:243:2688|codec:243:2689|codec:243:2690|codec:243:2691|codec:243:2692|codec:243:2693|codec:243:2694|codec:243:2695|codec:243:2696|codec:243:2697|codec:243:2698|codec:243:2699|codec:243:2700|codec:243:2701|codec:243:2702|codec:243:2703|codec:243:2704|codec:243:2705|codec:243:2706|codec:243:2707|codec:243:2708|codec:243:2709|codec:243:2710|codec:243:2711|codec:243:2712|codec:243:2713|codec:243:2714|codec:243:2715|codec:243:2716|codec:243:2717|codec:243:2718|codec:243:2719|codec:243:2720|codec:243:2721|codec:243:2722|codec:243:2723|codec:243:2724|codec:243:2725|codec:243:2726|codec:243:2727|codec:243:2728|codec:243:2729|codec:243:2730|codec:243:2731|codec:243:2732|codec:243:2733|codec:243:2734|codec:243:2735|codec:243:2736|codec:243:2737|codec:243:2738|codec:243:2739|codec:243:2740|codec:243:2741|codec:243:2742|codec:243:2743|codec:243:2744|codec:243:2745|codec:243:2746|codec:243:2747|codec:243:2748|codec:243:2749|codec:243:2750|codec:243:2751|codec:243:2752|codec:243:2753|codec:243:2754|codec:243:2755|codec:243:2756|codec:243:2757|codec:243:2758|codec:243:2760|codec:243:2761|codec:243:2762|codec:243:2763|codec:243:2764|codec:243:2765|codec:243:2766|codec:243:2767|codec:243:2768|codec:243:2769|codec:243:2770|codec:243:2771|codec:243:2772|codec:243:2773|codec:243:2774|codec:243:2775|codec:243:2776|codec:243:2777|codec:243:2778|codec:243:2779|codec:243:2780|codec:243:2781|codec:243:2782|codec:243:2783|codec:243:2784|codec:243:2785|codec:243:2786|codec:243:2787|codec:243:2788|codec:243:2789|codec:243:2790|codec:243:2791|codec:243:2792|codec:243:2793|codec:243:2794|codec:243:2795|codec:243:2796|codec:243:2797|codec:243:2798|codec:243:2799|codec:243:2800|codec:243:2801|codec:243:2802|codec:243:2803|codec:243:2804|codec:243:2805|codec:243:2806|codec:243:2807|codec:243:2808|codec:243:2809|codec:243:2810|codec:243:2811|codec:243:2812|codec:243:2813|codec:243:2814|codec:243:2815|codec:243:2817|codec:243:2818|codec:243:2819|codec:243:2820|codec:243:2821|codec:243:2822|codec:243:2823|codec:243:2824|codec:243:2825|codec:243:2826|codec:243:2827|codec:243:2828|codec:243:2829|codec:243:2830|codec:243:2831|codec:243:2832|codec:243:2833|codec:243:2834|codec:243:2835|codec:243:2836|codec:243:2837|codec:243:2838|codec:243:2839|codec:243:2840|codec:243:2841|codec:243:2842|codec:243:2843|codec:243:2844|codec:243:2845|codec:243:2846|codec:243:2847|codec:243:2848|codec:243:2849|codec:243:2850|codec:243:2851|codec:243:2852|codec:243:2853|codec:243:2854|codec:243:2855|codec:243:2856|codec:243:2857|codec:243:2858|codec:243:2859|codec:243:890|codec:243:91|codec:243:2520|codec:243:1875|codec:243:1750|codec:243:1752|codec:243:2860|codec:243:1741|codec:243:2967|codec:243:983|codec:243:864|codec:243:677|codec:243:941|codec:243:835|codec:243:898|codec:243:694|codec:243:831|codec:243:673|codec:243:2103|codec:243:2082|codec:243:613|codec:243:739|codec:243:805|codec:243:912|codec:243:966|codec:243:707|codec:243:726|codec:243:659|codec:243:706|codec:243:951|codec:243:751|codec:243:727|codec:243:924|codec:243:989|codec:243:662|codec:243:818|codec:243:812|codec:243:660|codec:243:795|codec:243:813|codec:243:684|codec:243:760|codec:243:938|codec:243:750|codec:243:962|codec:243:830|codec:243:928|codec:243:667|codec:243:945|codec:243:894|codec:243:964|codec:243:814|codec:243:692|codec:243:82|codec:243:803|codec:243:794|codec:243:679|codec:243:2684|codec:243:1874|codec:243:1981|codec:243:858|codec:243:905|codec:243:685|codec:243:169|codec:243:885|codec:243:986|codec:243:860|codec:243:1829|codec:243:833|codec:243:832|codec:243:948|codec:243:974|codec:243:2478|codec:243:963|codec:243:775|codec:243:827|codec:243:712|codec:243:780|codec:243:923|codec:243:772|codec:243:954|codec:243:817|codec:243:932|codec:243:991|codec:243:804|codec:243:987|codec:243:763|codec:243:988|codec:243:985|codec:243:919|codec:243:820|codec:243:798|codec:243:165|codec:243:699|codec:243:984|codec:243:913|codec:243:867|codec:243:1011|codec:243:329|codec:243:957|codec:243:670|codec:243:969|codec:243:953|codec:243:952|codec:243:672|codec:243:872|codec:243:899|codec:243:888|codec:243:965|codec:243:976|codec:243:907|codec:243:949|codec:243:840|codec:243:1009|codec:243:911|codec:243:908|codec:243:915|codec:243:870|codec:243:731|codec:243:847|codec:243:946|codec:243:931|codec:243:837|codec:243:921|codec:243:836|codec:243:996|codec:243:828|codec:243:904|codec:243:717|codec:243:1007|codec:243:793|codec:243:668|codec:243:704|codec:243:773|codec:243:880|codec:243:810|codec:243:879|codec:243:877|codec:243:665|codec:243:680|codec:243:802|codec:243:893|codec:243:1003|codec:243:815|codec:243:767|codec:243:922|codec:243:1773|codec:243:2920|codec:243:1768|codec:243:1916|codec:243:993|codec:243:980|codec:243:782|codec:243:697|codec:243:930|codec:243:718|codec:243:701|codec:243:916|codec:243:956|codec:243:719|codec:243:702|codec:243:749|codec:243:979|codec:243:705|codec:243:939|codec:243:1006|codec:243:774|codec:243:785|codec:243:1939|codec:243:656|codec:243:845|codec:243:959|codec:243:1000|codec:243:2759|codec:243:839|codec:243:689|codec:243:892|codec:243:687|codec:243:703|codec:243:917|codec:243:834|codec:243:2907|codec:243:2966|codec:243:48|codec:243:34|codec:243:955|codec:243:1749|codec:243:1005|codec:243:458|codec:243:2516|codec:243:947|codec:243:799|codec:243:848|codec:243:790|codec:243:1190|codec:243:871|codec:243:937|codec:243:715|codec:243:977|codec:243:910|codec:243:2816|codec:243:844|codec:243:732|codec:243:900|codec:243:1008|codec:243:826|codec:243:902|codec:243:657|codec:243:771|codec:243:661|codec:243:861|codec:243:875|codec:243:906|codec:243:761|codec:243:901|codec:243:789|codec:243:131|codec:243:873|codec:243:973|codec:243:723|codec:243:777|codec:243:868|codec:243:728|codec:243:978|codec:243:709|codec:243:781|codec:243:725|codec:243:863|codec:243:862|codec:243:1202|codec:243:516|codec:243:1117|codec:243:942|codec:243:816|codec:243:936|codec:243:716|codec:243:729|codec:243:755|codec:243:714|codec:243:967|codec:243:778|codec:243:806|codec:243:918|codec:243:1001|codec:243:934|codec:243:950|codec:243:903|codec:243:708|codec:243:757|codec:243:1004|codec:243:720|codec:243:866|codec:243:960|codec:243:807|codec:243:972|codec:243:999|codec:243:681|codec:243:688|codec:243:933|codec:243:721|codec:243:914|codec:243:711|codec:243:110|codec:243:693|codec:243:776|codec:243:944|codec:243:829|codec:243:975|codec:243:843|codec:243:678|codec:243:927|codec:243:920|codec:243:666|codec:243:865|codec:243:1010|codec:243:2080|codec:243:808|codec:243:240|codec:243:664|codec:243:925|codec:243:926|codec:243:990|codec:243:740|codec:243:658|codec:243:163|codec:243:671|codec:243:675|codec:243:738|codec:243:787|codec:243:792|codec:243:935|codec:243:710|codec:243:971|codec:243:958|codec:243:968|codec:243:838|codec:243:809|codec:243:995|codec:243:1012|codec:243:770|codec:243:682|codec:243:676|codec:243:801|codec:243:683|codec:243:997|codec:243:982|codec:243:883|codec:243:940|codec:243:741|codec:243:722|codec:243:724|codec:243:1937|codec:243:695|codec:243:943|codec:243:733|codec:243:779|codec:243:1002|codec:243:929|codec:243:994|codec:243:698|codec:243:663|codec:243:851|codec:243:846|codec:243:674|codec:243:895|codec:243:786|codec:243:690|codec:243:998|codec:243:730|codec:243:769|codec:243:850|codec:243:852,confirmed_binary_and_builder_logic,per_gcx_size_preserved; no record relocation
codec,244,no,0,,,0,,0,0,0,0,0,0,0,0,0,0,0,0,44,0,0,,confirmed_binary_and_builder_logic,per_gcx_size_preserved; no record relocation
codec,245,no,0,,,0,,0,0,0,0,0,0,0,0,0,0,0,0,203208,0,0,,confirmed_binary_and_builder_logic,per_gcx_size_preserved; no record relocation
codec,246,no,0,,,0,,0,0,0,0,0,0,0,0,0,0,0,0,4232,0,0,,confirmed_binary_and_builder_logic,per_gcx_size_preserved; no record relocation
codec,247,no,0,,,0,,0,0,0,0,0,0,0,0,0,0,0,0,3148,0,0,,confirmed_binary_and_builder_logic,per_gcx_size_preserved; no record relocation
codec,248,no,0,,,0,,0,0,0,0,0,0,0,0,0,0,0,0,204128,0,0,,confirmed_binary_and_builder_logic,per_gcx_size_preserved; no record relocation
codec,249,no,1,그니러심조해,그니러심조해,6,,0,0,0,0,0,0,0,1,0,0,-1,0,204068,1,0,codec:249:95,confirmed_binary_and_builder_logic,per_gcx_size_preserved; no record relocation
codec,250,no,0,,,0,,0,0,0,0,0,0,0,0,0,0,0,0,202936,0,0,,confirmed_binary_and_builder_logic,per_gcx_size_preserved; no record relocation
codec,251,no,0,,,0,,0,0,0,0,0,0,0,0,0,0,0,0,44,0,0,,confirmed_binary_and_builder_logic,per_gcx_size_preserved; no record relocation
codec,252,no,0,,,0,,0,0,0,0,0,0,0,0,0,0,0,0,202936,0,0,,confirmed_binary_and_builder_logic,per_gcx_size_preserved; no record relocation
codec,253,no,0,,,0,,0,0,0,0,0,0,0,0,0,0,0,0,208676,0,0,,confirmed_binary_and_builder_logic,per_gcx_size_preserved; no record relocation
codec,254,no,0,,,0,,0,0,0,0,0,0,0,0,0,0,0,0,203424,0,0,,confirmed_binary_and_builder_logic,per_gcx_size_preserved; no record relocation
codec,255,no,0,,,0,,0,0,0,0,0,0,0,0,0,0,0,0,202936,0,0,,confirmed_binary_and_builder_logic,per_gcx_size_preserved; no record relocation
codec,256,no,1,건조,건조,2,,0,0,0,0,0,0,0,8,0,0,-8,0,207424,8,0,codec:256:2091,confirmed_binary_and_builder_logic,per_gcx_size_preserved; no record relocation
codec,257,no,0,,,0,,0,0,0,0,0,0,0,0,0,0,0,0,3976,0,0,,confirmed_binary_and_builder_logic,per_gcx_size_preserved; no record relocation
codec,258,no,0,,,0,,0,0,0,0,0,0,0,0,0,0,0,0,3192,0,0,,confirmed_binary_and_builder_logic,per_gcx_size_preserved; no record relocation
codec,259,no,0,,,0,,0,0,0,0,0,0,0,0,0,0,0,0,203416,0,0,,confirmed_binary_and_builder_logic,per_gcx_size_preserved; no record relocation
codec,260,no,0,,,0,,0,0,0,0,0,0,0,0,0,0,0,0,203416,0,0,,confirmed_binary_and_builder_logic,per_gcx_size_preserved; no record relocation
codec,261,no,6,가각간거것경고굴그근냥넓누눕는다당도드득든러럼로록료르를리릴말맞면모반발버번보사상생서성세션수시쏘않알압액에여연옆요용워유으은을이인있잘적제져지찬채처총추키통튼파폭하한할해혀휘히,가간거것고그근는다도드러로록르를리말면버번보사상서성세션수시않알에여요유으은을이인있잘적제지키하한할해히,52,각경굴냥넓누눕당득든럼료릴맞모반발생쏘압액연옆용워져찬채처총추통튼파폭혀휘,37,2368,0,0,0,0,0,100,37,2368,-100,0,204652,0,2268,codec:261:906|codec:261:907|codec:261:904|codec:261:905|codec:261:900|codec:261:902,confirmed_binary_and_builder_logic,per_gcx_size_preserved; no record relocation
codec,262,no,0,,,0,,0,0,0,0,0,0,0,0,0,0,0,0,203416,0,0,,confirmed_binary_and_builder_logic,per_gcx_size_preserved; no record relocation
codec,263,no,0,,,0,,0,0,0,0,0,0,0,0,0,0,0,0,203416,0,0,,confirmed_binary_and_builder_logic,per_gcx_size_preserved; no record relocation
codec,264,no,0,,,0,,0,0,0,0,0,0,0,0,0,0,0,0,5524,0,0,,confirmed_binary_and_builder_logic,per_gcx_size_preserved; no record relocation
codec,265,no,0,,,0,,0,0,0,0,0,0,0,0,0,0,0,0,202936,0,0,,confirmed_binary_and_builder_logic,per_gcx_size_preserved; no record relocation
codec,266,no,0,,,0,,0,0,0,0,0,0,0,0,0,0,0,0,206308,0,0,,confirmed_binary_and_builder_logic,per_gcx_size_preserved; no record relocation
codec,267,no,0,,,0,,0,0,0,0,0,0,0,0,0,0,0,0,202936,0,0,,confirmed_binary_and_builder_logic,per_gcx_size_preserved; no record relocation
codec,268,no,0,,,0,,0,0,0,0,0,0,0,0,0,0,0,0,203712,0,0,,confirmed_binary_and_builder_logic,per_gcx_size_preserved; no record relocation
codec,269,no,1,가거는디야어,가거는디야어,6,,0,0,0,0,0,0,0,17,0,0,-17,0,2852,17,0,codec:269:14,confirmed_binary_and_builder_logic,per_gcx_size_preserved; no record relocation
codec,270,no,14,가거걸것게고군그기까나높누눌는니다대도동되될됩드들래러려로론르른를리매먼면명목못문물방버보봐부사상서세션수술숨스습시신실써아안았앞액양어업에여열엽오완왔요용우원위으은을의이입있자작저적정증지찾체쳐치튼파패평품하한할함합해현확,가거것게고군그기까나는니다대도되될드들래러려로르를리면명못문물방버보봐부사상서세션수스습시아안았어에여왔요우원위으은을의이입있자저적정지하한할함해,73,걸높누눌동됩론른매먼목술숨신실써앞액양업열엽오완용작증찾체쳐치튼파패평품합현확,39,2496,0,0,0,0,0,366,39,2496,-366,0,206364,0,2130,codec:270:744|codec:270:732|codec:270:735|codec:270:733|codec:270:736|codec:270:740|codec:270:734|codec:270:741|codec:270:742|codec:270:739|codec:270:738|codec:270:743|codec:270:737|codec:270:745,confirmed_binary_and_builder_logic,per_gcx_size_preserved; no record relocation
codec,271,no,0,,,0,,0,0,0,0,0,0,0,0,0,0,0,0,652,0,0,,confirmed_binary_and_builder_logic,per_gcx_size_preserved; no record relocation
codec,272,no,7,,,0,,0,0,0,0,0,0,0,230,0,0,-230,0,1496,230,0,codec:272:19|codec:272:20|codec:272:21|codec:272:22|codec:272:23|codec:272:24|codec:272:15,confirmed_binary_and_builder_logic,per_gcx_size_preserved; no record relocation
codec,273,no,0,,,0,,0,0,0,0,0,0,0,0,0,0,0,0,784,0,0,,confirmed_binary_and_builder_logic,per_gcx_size_preserved; no record relocation
codec,274,no,3,그다대도렇로맘면무보아어엇왜입좋,그다대도렇로면무보아어왜입좋,14,맘엇,2,128,0,0,0,0,0,18,2,128,-18,0,2672,0,110,codec:274:20|codec:274:9|codec:274:14,confirmed_binary_and_builder_logic,per_gcx_size_preserved; no record relocation
codec,275,no,5,개거것격계국냉는니다대데도되미병본사서세습않았없에왜요용은을의이인입적전제즘지차하한현화,개거것계는니다대데도되미본사서세습않았없에왜요은을의이인입적제지하한,34,격국냉병용전즘차현화,10,640,0,0,0,0,0,49,10,640,-49,1,5064,0,591,codec:275:9|codec:275:7|codec:275:15|codec:275:12|codec:275:18,confirmed_binary_and_builder_logic,per_gcx_size_preserved; no record relocation
codec,276,no,1,고괴은이적죠파폐하,고은이적하,5,괴죠파폐,4,256,0,0,0,0,0,13,4,256,-13,0,2440,0,243,codec:276:4,confirmed_binary_and_builder_logic,per_gcx_size_preserved; no record relocation
codec,277,no,1,,,0,,0,0,0,0,0,0,0,43,0,0,-43,0,536,43,0,codec:277:4,confirmed_binary_and_builder_logic,per_gcx_size_preserved; no record relocation
codec,278,no,0,,,0,,0,0,0,0,0,0,0,0,0,0,0,0,1588,0,0,,confirmed_binary_and_builder_logic,per_gcx_size_preserved; no record relocation
codec,279,no,1,,,0,,0,0,0,0,0,0,0,57,0,0,-57,0,568,57,0,codec:279:5,confirmed_binary_and_builder_logic,per_gcx_size_preserved; no record relocation
codec,280,no,0,,,0,,0,0,0,0,0,0,0,0,0,0,0,0,1704,0,0,,confirmed_binary_and_builder_logic,per_gcx_size_preserved; no record relocation
codec,281,no,0,,,0,,0,0,0,0,0,0,0,0,0,0,0,0,580,0,0,,confirmed_binary_and_builder_logic,per_gcx_size_preserved; no record relocation
codec,282,no,2,,,0,,0,0,0,0,0,0,0,156,0,0,-156,0,1860,156,0,codec:282:16|codec:282:17,confirmed_binary_and_builder_logic,per_gcx_size_preserved; no record relocation
codec,283,no,0,,,0,,0,0,0,0,0,0,0,0,0,0,0,0,584,0,0,,confirmed_binary_and_builder_logic,per_gcx_size_preserved; no record relocation
codec,284,no,0,,,0,,0,0,0,0,0,0,0,0,0,0,0,0,1240,0,0,,confirmed_binary_and_builder_logic,per_gcx_size_preserved; no record relocation
codec,285,no,0,,,0,,0,0,0,0,0,0,0,0,0,0,0,0,552,0,0,,confirmed_binary_and_builder_logic,per_gcx_size_preserved; no record relocation
codec,286,no,0,,,0,,0,0,0,0,0,0,0,0,0,0,0,0,1272,0,0,,confirmed_binary_and_builder_logic,per_gcx_size_preserved; no record relocation
codec,287,no,0,,,0,,0,0,0,0,0,0,0,0,0,0,0,0,528,0,0,,confirmed_binary_and_builder_logic,per_gcx_size_preserved; no record relocation
codec,288,no,0,,,0,,0,0,0,0,0,0,0,0,0,0,0,0,1576,0,0,,confirmed_binary_and_builder_logic,per_gcx_size_preserved; no record relocation
codec,289,no,0,,,0,,0,0,0,0,0,0,0,0,0,0,0,0,688,0,0,,confirmed_binary_and_builder_logic,per_gcx_size_preserved; no record relocation
codec,290,no,0,,,0,,0,0,0,0,0,0,0,0,0,0,0,0,1040,0,0,,confirmed_binary_and_builder_logic,per_gcx_size_preserved; no record relocation
codec,291,no,1,가그느다당때보어연요중하히,가그다때보어요하히,9,느당연중,4,256,0,0,0,0,0,45,4,256,-45,0,3476,0,211,codec:291:4,confirmed_binary_and_builder_logic,per_gcx_size_preserved; no record relocation
codec,292,no,1,격부분뿐야은의이일타한,부분야은의이일한,8,격뿐타,3,192,0,0,0,0,0,23,3,192,-23,0,2428,0,169,codec:292:5,confirmed_binary_and_builder_logic,per_gcx_size_preserved; no record relocation
codec,293,no,3,가거게계기놀는다도랄렇론많면몇물배서속수시쓰아야어업에우은이일있작절점죽지할행,가거게계기는다도렇면물서수시아야어에우은이일있절점죽지할행,29,놀랄론많몇배속쓰업작,10,640,0,0,0,0,0,67,10,640,-67,0,4168,0,573,codec:293:4|codec:293:8|codec:293:14,confirmed_binary_and_builder_logic,per_gcx_size_preserved; no record relocation
codec,294,no,0,,,0,,0,0,0,0,0,0,0,0,0,0,0,0,2192,0,0,,confirmed_binary_and_builder_logic,per_gcx_size_preserved; no record relocation
codec,295,no,2,고라뭐,고라뭐,3,,0,0,0,0,0,0,0,110,0,0,-110,0,3260,110,0,codec:295:51|codec:295:53,confirmed_binary_and_builder_logic,per_gcx_size_preserved; no record relocation
codec,296,no,2,고기당마만몸빼술신요음,고기마만요음,6,당몸빼술신,5,320,0,0,0,0,0,14,5,320,-14,0,2788,0,306,codec:296:14|codec:296:8,confirmed_binary_and_builder_logic,per_gcx_size_preserved; no record relocation
codec,297,no,5,가개것게다대된로를마만무밀발번상선손스쓰야어에용으을이임입장재전제조주지총취탄톤피하한해,가개것게다대로를마만무번상스야어에으을이임입제조지하한해,28,된밀발선손쓰용장재전주총취탄톤피,16,1024,0,0,0,0,0,121,16,1024,-121,0,4484,0,903,codec:297:12|codec:297:9|codec:297:4|codec:297:6|codec:297:16,confirmed_binary_and_builder_logic,per_gcx_size_preserved; no record relocation
codec,298,no,2,고군그래를쓰야이있,고군그래를야이있,8,쓰,1,64,0,0,0,0,0,15,1,64,-15,0,1424,0,49,codec:298:3|codec:298:4,confirmed_binary_and_builder_logic,per_gcx_size_preserved; no record relocation
codec,299,no,0,,,0,,0,0,0,0,0,0,0,0,0,0,0,0,1372,0,0,,confirmed_binary_and_builder_logic,per_gcx_size_preserved; no record relocation
codec,300,no,2,것게그기는대도드만쉽아알정하휴,것게그기는대도드만아알정하,13,쉽휴,2,128,0,0,0,0,0,22,2,128,-22,0,4192,0,106,codec:300:6|codec:300:12,confirmed_binary_and_builder_logic,per_gcx_size_preserved; no record relocation
codec,301,no,1,같것견군를발신요하,같것군를요하,6,견발신,3,192,0,0,0,0,0,10,3,192,-10,0,2704,0,182,codec:301:3,confirmed_binary_and_builder_logic,per_gcx_size_preserved; no record relocation
codec,302,no,1,갖계고군를시요잡지,계고군를시요잡지,8,갖,1,64,0,0,0,0,0,3,1,64,-3,0,1848,0,61,codec:302:3,confirmed_binary_and_builder_logic,per_gcx_size_preserved; no record relocation
codec,303,no,1,경계고군사시쌍안요용을하,계고군사시안요을하,9,경쌍용,3,192,0,0,0,0,0,3,3,192,-3,0,1960,0,189,codec:303:3,confirmed_binary_and_builder_logic,per_gcx_size_preserved; no record relocation
codec,304,no,0,,,0,,0,0,0,0,0,0,0,0,0,0,0,0,2272,0,0,,confirmed_binary_and_builder_logic,per_gcx_size_preserved; no record relocation
codec,305,no,0,,,0,,0,0,0,0,0,0,0,0,0,0,0,0,896,0,0,,confirmed_binary_and_builder_logic,per_gcx_size_preserved; no record relocation
codec,306,no,0,,,0,,0,0,0,0,0,0,0,0,0,0,0,0,884,0,0,,confirmed_binary_and_builder_logic,per_gcx_size_preserved; no record relocation
codec,307,no,0,,,0,,0,0,0,0,0,0,0,0,0,0,0,0,1000,0,0,,confirmed_binary_and_builder_logic,per_gcx_size_preserved; no record relocation
codec,308,no,1,,,0,,0,0,0,0,0,0,0,58,0,0,-58,0,1876,58,0,codec:308:24,confirmed_binary_and_builder_logic,per_gcx_size_preserved; no record relocation
codec,309,no,1,걱기련마억은정해훈,기마은정해,5,걱련억훈,4,256,0,0,0,0,0,11,4,256,-11,0,1888,0,245,codec:309:8,confirmed_binary_and_builder_logic,per_gcx_size_preserved; no record relocation
codec,310,no,0,,,0,,0,0,0,0,0,0,0,0,0,0,0,0,1084,0,0,,confirmed_binary_and_builder_logic,per_gcx_size_preserved; no record relocation
codec,311,no,0,,,0,,0,0,0,0,0,0,0,0,0,0,0,0,1008,0,0,,confirmed_binary_and_builder_logic,per_gcx_size_preserved; no record relocation
codec,312,no,0,,,0,,0,0,0,0,0,0,0,0,0,0,0,0,948,0,0,,confirmed_binary_and_builder_logic,per_gcx_size_preserved; no record relocation
codec,313,no,3,긴사실안어장지했,사안어지,4,긴실장했,4,256,0,0,0,0,0,35,4,256,-35,0,1564,0,221,codec:313:9|codec:313:20|codec:313:8,confirmed_binary_and_builder_logic,per_gcx_size_preserved; no record relocation
codec,314,no,1,기로무선위으장택,기로무위으,5,선장택,3,192,0,0,0,0,0,28,3,192,-28,0,1760,0,164,codec:314:4,confirmed_binary_and_builder_logic,per_gcx_size_preserved; no record relocation
codec,315,no,0,,,0,,0,0,0,0,0,0,0,0,0,0,0,0,524,0,0,,confirmed_binary_and_builder_logic,per_gcx_size_preserved; no record relocation
codec,316,no,0,,,0,,0,0,0,0,0,0,0,0,0,0,0,0,1968,0,0,,confirmed_binary_and_builder_logic,per_gcx_size_preserved; no record relocation
codec,317,no,2,그래안어없요전혀,그래안어없요,6,전혀,2,128,0,0,0,0,0,0,2,128,4,4,1552,0,132,codec:317:13|codec:317:10,confirmed_binary_and_builder_logic,per_gcx_size_preserved; no record relocation
codec,318,no,2,고년단독돌뭐사의이입잠장전점지충,고돌뭐사의이입점지,9,년단독잠장전충,7,448,0,0,0,0,0,33,7,448,-33,0,2064,0,415,codec:318:8|codec:318:3,confirmed_binary_and_builder_logic,per_gcx_size_preserved; no record relocation
codec,319,no,1,고관기동라먼면몸보숨을저적찰해행,고기라면보을저적해행,10,관동먼몸숨찰,6,384,0,0,0,0,0,48,6,384,-48,0,2108,0,336,codec:319:3,confirmed_binary_and_builder_logic,per_gcx_size_preserved; no record relocation
codec,320,no,0,,,0,,0,0,0,0,0,0,0,0,0,0,0,0,1376,0,0,,confirmed_binary_and_builder_logic,per_gcx_size_preserved; no record relocation
codec,321,no,1,,,0,,0,0,0,0,0,0,0,94,0,0,-94,0,1396,94,0,codec:321:7,confirmed_binary_and_builder_logic,per_gcx_size_preserved; no record relocation
codec,322,no,1,,,0,,0,0,0,0,0,0,0,49,0,0,-49,0,2388,49,0,codec:322:24,confirmed_binary_and_builder_logic,per_gcx_size_preserved; no record relocation
codec,323,no,0,,,0,,0,0,0,0,0,0,0,0,0,0,0,0,1500,0,0,,confirmed_binary_and_builder_logic,per_gcx_size_preserved; no record relocation
codec,324,no,1,고다비을이있장적죠하했,고다을이있적하,7,비장죠했,4,256,0,0,0,0,0,21,4,256,-21,0,1632,0,235,codec:324:3,confirmed_binary_and_builder_logic,per_gcx_size_preserved; no record relocation
codec,325,no,1,,,0,,0,0,0,0,0,0,0,59,0,0,-59,0,832,59,0,codec:325:8,confirmed_binary_and_builder_logic,per_gcx_size_preserved; no record relocation
codec,326,no,1,갖고다도를있적지했,고다도를있적지,7,갖했,2,128,0,0,0,0,0,28,2,128,-28,0,1696,0,100,codec:326:3,confirmed_binary_and_builder_logic,per_gcx_size_preserved; no record relocation
codec,327,no,1,겠나알,겠나알,3,,0,0,0,0,0,0,0,7,0,0,-7,0,1888,7,0,codec:327:34,confirmed_binary_and_builder_logic,per_gcx_size_preserved; no record relocation
codec,328,no,3,거고곤까나너니담라를리머배셨습아야요우있잖피하했,거고까나니라를리머습아야요우있하,16,곤너담배셨잖피했,8,512,0,0,0,0,0,2,8,512,-2,0,2940,0,510,codec:328:3|codec:328:10|codec:328:6,confirmed_binary_and_builder_logic,per_gcx_size_preserved; no record relocation
codec,329,no,1,,,0,,0,0,0,0,0,0,0,62,0,0,-62,0,1288,62,0,codec:329:7,confirmed_binary_and_builder_logic,per_gcx_size_preserved; no record relocation
codec,330,no,1,,,0,,0,0,0,0,0,0,0,0,0,0,6,6,52,0,6,codec:330:2,confirmed_binary_and_builder_logic,per_gcx_size_preserved; no record relocation
codec,331,no,2,군꼭는니다를비서에요입장제품필한했현,군는니다를서에요입제필한,12,꼭비장품했현,6,384,0,0,0,0,0,19,6,384,-19,0,2192,0,365,codec:331:3|codec:331:4,confirmed_binary_and_builder_logic,per_gcx_size_preserved; no record relocation
codec,332,no,0,,,0,,0,0,0,0,0,0,0,0,0,0,0,0,2088,0,0,,confirmed_binary_and_builder_logic,per_gcx_size_preserved; no record relocation
codec,333,no,0,,,0,,0,0,0,0,0,0,0,0,0,0,0,0,716,0,0,,confirmed_binary_and_builder_logic,per_gcx_size_preserved; no record relocation
codec,334,no,0,,,0,,0,0,0,0,0,0,0,0,0,0,0,0,564,0,0,,confirmed_binary_and_builder_logic,per_gcx_size_preserved; no record relocation
codec,335,no,0,,,0,,0,0,0,0,0,0,0,0,0,0,0,0,476,0,0,,confirmed_binary_and_builder_logic,per_gcx_size_preserved; no record relocation
codec,336,no,2,개고금기나는든라면무발서아야엇여을이있중지직하,개고금기나는라면무서아야여을이있지하,18,든발엇중직,5,320,0,0,0,0,0,42,5,320,-42,0,3036,0,278,codec:336:5|codec:336:3,confirmed_binary_and_builder_logic,per_gcx_size_preserved; no record relocation
codec,337,no,2,강기럼력면무보쓰야여요잘처한,기면무보야여요잘한,9,강럼력쓰처,5,320,0,0,0,0,0,46,5,320,-46,0,1756,0,274,codec:337:9|codec:337:6,confirmed_binary_and_builder_logic,per_gcx_size_preserved; no record relocation
codec,338,no,1,격때을저조준총할,때을저조할,5,격준총,3,192,0,0,0,0,0,8,3,192,-8,0,2260,0,184,codec:338:3,confirmed_binary_and_builder_logic,per_gcx_size_preserved; no record relocation
codec,339,no,1,군를얻었,군를었,3,얻,1,64,0,0,0,0,0,11,1,64,-11,0,1388,0,53,codec:339:3,confirmed_binary_and_builder_logic,per_gcx_size_preserved; no record relocation
codec,340,no,0,,,0,,0,0,0,0,0,0,0,0,0,0,0,0,1652,0,0,,confirmed_binary_and_builder_logic,per_gcx_size_preserved; no record relocation
codec,341,no,1,군이특한,군이특한,4,,0,0,0,0,0,0,0,30,0,0,-30,0,2148,30,0,codec:341:3,confirmed_binary_and_builder_logic,per_gcx_size_preserved; no record relocation
codec,342,no,3,그는대로름야이,그는대로야이,6,름,1,64,0,0,0,0,0,114,1,64,-114,0,1256,50,0,codec:342:7|codec:342:8|codec:342:4,confirmed_binary_and_builder_logic,per_gcx_size_preserved; no record relocation
codec,343,no,2,게나든뭐손야어에,게나뭐야어에,6,든손,2,128,0,0,0,0,0,19,2,128,-19,1,1468,0,109,codec:343:6|codec:343:3,confirmed_binary_and_builder_logic,per_gcx_size_preserved; no record relocation
codec,344,no,1,가군마방성아요이있크향,가군마방성아요이있크,10,향,1,64,0,0,0,0,0,13,1,64,-13,0,1768,0,51,codec:344:3,confirmed_binary_and_builder_logic,per_gcx_size_preserved; no record relocation
codec,345,no,0,,,0,,0,0,0,0,0,0,0,0,0,0,0,0,2212,0,0,,confirmed_binary_and_builder_logic,per_gcx_size_preserved; no record relocation
codec,346,no,2,나내들말어었요,나내들말어었요,7,,0,0,0,0,0,0,0,5,0,0,-5,0,1696,5,0,codec:346:21|codec:346:11,confirmed_binary_and_builder_logic,per_gcx_size_preserved; no record relocation
codec,347,no,0,,,0,,0,0,0,0,0,0,0,0,0,0,0,0,540,0,0,,confirmed_binary_and_builder_logic,per_gcx_size_preserved; no record relocation
codec,348,no,1,겠높려를면알이지해,겠려를면알이지해,8,높,1,64,0,0,0,0,0,32,1,64,-32,0,1228,0,32,codec:348:5,confirmed_binary_and_builder_logic,per_gcx_size_preserved; no record relocation
codec,349,no,1,,,0,,0,0,0,0,0,0,0,46,0,0,-46,0,560,46,0,codec:349:4,confirmed_binary_and_builder_logic,per_gcx_size_preserved; no record relocation
codec,350,no,0,,,0,,0,0,0,0,0,0,0,0,0,0,0,0,1012,0,0,,confirmed_binary_and_builder_logic,per_gcx_size_preserved; no record relocation
codec,351,no,0,,,0,,0,0,0,0,0,0,0,0,0,0,0,0,532,0,0,,confirmed_binary_and_builder_logic,per_gcx_size_preserved; no record relocation
codec,352,no,0,,,0,,0,0,0,0,0,0,0,0,0,0,0,0,912,0,0,,confirmed_binary_and_builder_logic,per_gcx_size_preserved; no record relocation
codec,353,no,2,가걸그는도동로물뭔수야어은을있작잡장치,가그는도로물수야어은을있잡,13,걸동뭔작장치,6,384,0,0,0,0,0,35,6,384,-35,0,2396,0,349,codec:353:4|codec:353:6,confirmed_binary_and_builder_logic,per_gcx_size_preserved; no record relocation
codec,354,no,1,군복약이있회,군이있,3,복약회,3,192,0,0,0,0,0,16,3,192,-16,0,1368,0,176,codec:354:3,confirmed_binary_and_builder_logic,per_gcx_size_preserved; no record relocation
codec,355,no,11,가거것게격계고공군그기나내냥누니다답당도될됩들러려록르마말면번보사세수시신써않억에여요용움을응의이잊자잘정죄지치콤하합해행확,가거것게계고군그기나내니다도될들러려록르마말면번보사세수시않에여요을응의이자잘정지하해행,44,격공냥누답당됩신써억용움잊죄치콤합확,18,1152,0,0,0,0,0,57,18,1152,-57,15,116616,0,1095,codec:355:445|codec:355:1486|codec:355:90|codec:355:133|codec:355:355|codec:355:1490|codec:355:408|codec:355:191|codec:355:1122|codec:355:1475|codec:355:206,confirmed_binary_and_builder_logic,per_gcx_size_preserved; no record relocation
codec,356,no,0,,,0,,0,0,0,0,0,0,0,0,0,0,0,0,118012,0,0,,confirmed_binary_and_builder_logic,per_gcx_size_preserved; no record relocation
codec,357,no,0,,,0,,0,0,0,0,0,0,0,0,0,0,0,0,44,0,0,,confirmed_binary_and_builder_logic,per_gcx_size_preserved; no record relocation
codec,358,no,0,,,0,,0,0,0,0,0,0,0,0,0,0,0,0,1884,0,0,,confirmed_binary_and_builder_logic,per_gcx_size_preserved; no record relocation
codec,359,no,0,,,0,,0,0,0,0,0,0,0,0,0,0,0,0,1504,0,0,,confirmed_binary_and_builder_logic,per_gcx_size_preserved; no record relocation
codec,360,no,0,,,0,,0,0,0,0,0,0,0,0,0,0,0,0,1640,0,0,,confirmed_binary_and_builder_logic,per_gcx_size_preserved; no record relocation
codec,361,no,0,,,0,,0,0,0,0,0,0,0,0,0,0,0,0,1752,0,0,,confirmed_binary_and_builder_logic,per_gcx_size_preserved; no record relocation
codec,362,no,0,,,0,,0,0,0,0,0,0,0,0,0,0,0,0,1496,0,0,,confirmed_binary_and_builder_logic,per_gcx_size_preserved; no record relocation
codec,363,no,0,,,0,,0,0,0,0,0,0,0,0,0,0,0,0,1560,0,0,,confirmed_binary_and_builder_logic,per_gcx_size_preserved; no record relocation
codec,364,no,0,,,0,,0,0,0,0,0,0,0,0,0,0,0,0,1564,0,0,,confirmed_binary_and_builder_logic,per_gcx_size_preserved; no record relocation
codec,365,no,2,니독만매심없우위은조지하해험,니만심없우위은조지하해험,12,독매,2,128,0,0,0,0,0,99,2,128,-99,0,3220,0,29,codec:365:30|codec:365:11,confirmed_binary_and_builder_logic,per_gcx_size_preserved; no record relocation
codec,366,no,0,,,0,,0,0,0,0,0,0,0,0,0,0,0,0,1976,0,0,,confirmed_binary_and_builder_logic,per_gcx_size_preserved; no record relocation
codec,367,no,0,,,0,,0,0,0,0,0,0,0,0,0,0,0,0,2260,0,0,,confirmed_binary_and_builder_logic,per_gcx_size_preserved; no record relocation
codec,368,no,0,,,0,,0,0,0,0,0,0,0,0,0,0,0,0,1744,0,0,,confirmed_binary_and_builder_logic,per_gcx_size_preserved; no record relocation
codec,369,no,0,,,0,,0,0,0,0,0,0,0,0,0,0,0,0,1576,0,0,,confirmed_binary_and_builder_logic,per_gcx_size_preserved; no record relocation
codec,370,no,0,,,0,,0,0,0,0,0,0,0,0,0,0,0,0,1552,0,0,,confirmed_binary_and_builder_logic,per_gcx_size_preserved; no record relocation
codec,371,no,0,,,0,,0,0,0,0,0,0,0,0,0,0,0,0,2240,0,0,,confirmed_binary_and_builder_logic,per_gcx_size_preserved; no record relocation
codec,372,no,0,,,0,,0,0,0,0,0,0,0,0,0,0,0,0,1772,0,0,,confirmed_binary_and_builder_logic,per_gcx_size_preserved; no record relocation
codec,373,no,0,,,0,,0,0,0,0,0,0,0,0,0,0,0,0,1968,0,0,,confirmed_binary_and_builder_logic,per_gcx_size_preserved; no record relocation
codec,374,no,1,저,저,1,,0,0,0,0,0,0,0,0,0,0,0,0,2320,0,0,codec:374:15,confirmed_binary_and_builder_logic,per_gcx_size_preserved; no record relocation
codec,375,no,0,,,0,,0,0,0,0,0,0,0,0,0,0,0,0,1540,0,0,,confirmed_binary_and_builder_logic,per_gcx_size_preserved; no record relocation
codec,376,no,0,,,0,,0,0,0,0,0,0,0,0,0,0,0,0,1540,0,0,,confirmed_binary_and_builder_logic,per_gcx_size_preserved; no record relocation
codec,377,no,0,,,0,,0,0,0,0,0,0,0,0,0,0,0,0,1632,0,0,,confirmed_binary_and_builder_logic,per_gcx_size_preserved; no record relocation
codec,378,no,0,,,0,,0,0,0,0,0,0,0,0,0,0,0,0,1552,0,0,,confirmed_binary_and_builder_logic,per_gcx_size_preserved; no record relocation
codec,379,no,0,,,0,,0,0,0,0,0,0,0,0,0,0,0,0,1936,0,0,,confirmed_binary_and_builder_logic,per_gcx_size_preserved; no record relocation
codec,380,no,0,,,0,,0,0,0,0,0,0,0,0,0,0,0,0,1852,0,0,,confirmed_binary_and_builder_logic,per_gcx_size_preserved; no record relocation
codec,381,no,18,맛뭐어,뭐어,2,맛,1,64,0,0,0,0,0,321,1,64,-321,0,2064,257,0,codec:381:23|codec:381:24|codec:381:25|codec:381:26|codec:381:27|codec:381:28|codec:381:29|codec:381:30|codec:381:31|codec:381:32|codec:381:33|codec:381:34|codec:381:35|codec:381:36|codec:381:37|codec:381:22|codec:381:11|codec:381:12,confirmed_binary_and_builder_logic,per_gcx_size_preserved; no record relocation
codec,382,no,1,거그네아요좋,거그네아요좋,6,,0,0,0,0,0,0,0,0,0,0,0,0,2088,0,0,codec:382:12,confirmed_binary_and_builder_logic,per_gcx_size_preserved; no record relocation
codec,383,no,0,,,0,,0,0,0,0,0,0,0,0,0,0,0,0,1544,0,0,,confirmed_binary_and_builder_logic,per_gcx_size_preserved; no record relocation
codec,384,no,0,,,0,,0,0,0,0,0,0,0,0,0,0,0,0,1524,0,0,,confirmed_binary_and_builder_logic,per_gcx_size_preserved; no record relocation
codec,385,no,0,,,0,,0,0,0,0,0,0,0,0,0,0,0,0,2360,0,0,,confirmed_binary_and_builder_logic,per_gcx_size_preserved; no record relocation
codec,386,no,0,,,0,,0,0,0,0,0,0,0,0,0,0,0,0,1656,0,0,,confirmed_binary_and_builder_logic,per_gcx_size_preserved; no record relocation
codec,387,no,1,아,아,1,,0,0,0,0,0,0,0,0,0,0,0,0,2008,0,0,codec:387:26,confirmed_binary_and_builder_logic,per_gcx_size_preserved; no record relocation
codec,388,no,1,음,음,1,,0,0,0,0,0,0,0,0,0,0,0,0,2092,0,0,codec:388:14,confirmed_binary_and_builder_logic,per_gcx_size_preserved; no record relocation
codec,389,no,0,,,0,,0,0,0,0,0,0,0,0,0,0,0,0,1564,0,0,,confirmed_binary_and_builder_logic,per_gcx_size_preserved; no record relocation
codec,390,no,0,,,0,,0,0,0,0,0,0,0,0,0,0,0,0,1572,0,0,,confirmed_binary_and_builder_logic,per_gcx_size_preserved; no record relocation
codec,391,no,0,,,0,,0,0,0,0,0,0,0,0,0,0,0,0,1900,0,0,,confirmed_binary_and_builder_logic,per_gcx_size_preserved; no record relocation
codec,392,no,0,,,0,,0,0,0,0,0,0,0,0,0,0,0,0,1608,0,0,,confirmed_binary_and_builder_logic,per_gcx_size_preserved; no record relocation
codec,393,no,1,라몰,라,1,몰,1,64,0,0,0,0,0,10,1,64,-10,0,2216,0,54,codec:393:14,confirmed_binary_and_builder_logic,per_gcx_size_preserved; no record relocation
codec,394,no,0,,,0,,0,0,0,0,0,0,0,0,0,0,0,0,1756,0,0,,confirmed_binary_and_builder_logic,per_gcx_size_preserved; no record relocation
codec,395,no,0,,,0,,0,0,0,0,0,0,0,0,0,0,0,0,1584,0,0,,confirmed_binary_and_builder_logic,per_gcx_size_preserved; no record relocation
codec,396,no,0,,,0,,0,0,0,0,0,0,0,0,0,0,0,0,1552,0,0,,confirmed_binary_and_builder_logic,per_gcx_size_preserved; no record relocation
codec,397,no,0,,,0,,0,0,0,0,0,0,0,0,0,0,0,0,1796,0,0,,confirmed_binary_and_builder_logic,per_gcx_size_preserved; no record relocation
codec,398,no,0,,,0,,0,0,0,0,0,0,0,0,0,0,0,0,1764,0,0,,confirmed_binary_and_builder_logic,per_gcx_size_preserved; no record relocation
codec,399,no,1,군단대식욕이하,군대이하,4,단식욕,3,192,0,0,0,0,0,13,3,192,-13,0,2412,0,179,codec:399:11,confirmed_binary_and_builder_logic,per_gcx_size_preserved; no record relocation
codec,400,no,0,,,0,,0,0,0,0,0,0,0,0,0,0,0,0,1528,0,0,,confirmed_binary_and_builder_logic,per_gcx_size_preserved; no record relocation
codec,401,no,0,,,0,,0,0,0,0,0,0,0,0,0,0,0,0,1572,0,0,,confirmed_binary_and_builder_logic,per_gcx_size_preserved; no record relocation
codec,402,no,2,가또럼뭐어요있처,가또뭐어요있,6,럼처,2,128,0,0,0,0,0,7,2,128,-7,0,2992,0,121,codec:402:13|codec:402:11,confirmed_binary_and_builder_logic,per_gcx_size_preserved; no record relocation
codec,403,no,1,도마아요,도마아요,4,,0,0,0,0,0,0,0,0,0,0,0,0,2144,0,0,codec:403:14,confirmed_binary_and_builder_logic,per_gcx_size_preserved; no record relocation
codec,404,no,0,,,0,,0,0,0,0,0,0,0,0,0,0,0,0,1612,0,0,,confirmed_binary_and_builder_logic,per_gcx_size_preserved; no record relocation
codec,405,no,0,,,0,,0,0,0,0,0,0,0,0,0,0,0,0,1576,0,0,,confirmed_binary_and_builder_logic,per_gcx_size_preserved; no record relocation
codec,406,no,1,,,0,,0,0,0,0,0,0,0,74,0,0,-74,0,2184,74,0,codec:406:13,confirmed_binary_and_builder_logic,per_gcx_size_preserved; no record relocation
codec,407,no,1,게그는데렇말했,게그는데렇말,6,했,1,64,0,0,0,0,0,8,1,64,-8,0,2228,0,56,codec:407:23,confirmed_binary_and_builder_logic,per_gcx_size_preserved; no record relocation
codec,408,no,0,,,0,,0,0,0,0,0,0,0,0,0,0,0,0,1660,0,0,,confirmed_binary_and_builder_logic,per_gcx_size_preserved; no record relocation
codec,409,no,0,,,0,,0,0,0,0,0,0,0,0,0,0,0,0,1576,0,0,,confirmed_binary_and_builder_logic,per_gcx_size_preserved; no record relocation
codec,410,no,1,,,0,,0,0,0,0,0,0,0,65,0,0,-65,0,2504,65,0,codec:410:15,confirmed_binary_and_builder_logic,per_gcx_size_preserved; no record relocation
codec,411,no,0,,,0,,0,0,0,0,0,0,0,0,0,0,0,0,1592,0,0,,confirmed_binary_and_builder_logic,per_gcx_size_preserved; no record relocation
codec,412,no,0,,,0,,0,0,0,0,0,0,0,0,0,0,0,0,2452,0,0,,confirmed_binary_and_builder_logic,per_gcx_size_preserved; no record relocation
codec,413,no,0,,,0,,0,0,0,0,0,0,0,0,0,0,0,0,1616,0,0,,confirmed_binary_and_builder_logic,per_gcx_size_preserved; no record relocation
codec,414,no,2,겠니대싫아어절,겠니대아어절,6,싫,1,64,0,0,0,0,0,2,1,64,-2,2,2240,0,62,codec:414:14|codec:414:13,confirmed_binary_and_builder_logic,per_gcx_size_preserved; no record relocation
codec,415,no,0,,,0,,0,0,0,0,0,0,0,0,0,0,0,0,1616,0,0,,confirmed_binary_and_builder_logic,per_gcx_size_preserved; no record relocation
codec,416,no,0,,,0,,0,0,0,0,0,0,0,0,0,0,0,0,1548,0,0,,confirmed_binary_and_builder_logic,per_gcx_size_preserved; no record relocation
codec,417,no,1,로블야어이제지쩌,로야어이제지,6,블쩌,2,128,0,0,0,0,0,0,2,128,4,4,2656,0,132,codec:417:10,confirmed_binary_and_builder_logic,per_gcx_size_preserved; no record relocation
codec,418,no,0,,,0,,0,0,0,0,0,0,0,0,0,0,0,0,1748,0,0,,confirmed_binary_and_builder_logic,per_gcx_size_preserved; no record relocation
codec,419,no,1,군상이하흠,군상이하,4,흠,1,64,0,0,0,0,0,7,1,64,-7,0,2056,0,57,codec:419:13,confirmed_binary_and_builder_logic,per_gcx_size_preserved; no record relocation
codec,420,no,0,,,0,,0,0,0,0,0,0,0,0,0,0,0,0,1608,0,0,,confirmed_binary_and_builder_logic,per_gcx_size_preserved; no record relocation
codec,421,no,0,,,0,,0,0,0,0,0,0,0,0,0,0,0,0,1560,0,0,,confirmed_binary_and_builder_logic,per_gcx_size_preserved; no record relocation
codec,422,no,0,,,0,,0,0,0,0,0,0,0,0,0,0,0,0,1920,0,0,,confirmed_binary_and_builder_logic,per_gcx_size_preserved; no record relocation
codec,423,no,0,,,0,,0,0,0,0,0,0,0,0,0,0,0,0,1540,0,0,,confirmed_binary_and_builder_logic,per_gcx_size_preserved; no record relocation
codec,424,no,0,,,0,,0,0,0,0,0,0,0,0,0,0,0,0,1792,0,0,,confirmed_binary_and_builder_logic,per_gcx_size_preserved; no record relocation
codec,425,no,0,,,0,,0,0,0,0,0,0,0,0,0,0,0,0,1612,0,0,,confirmed_binary_and_builder_logic,per_gcx_size_preserved; no record relocation
codec,426,no,0,,,0,,0,0,0,0,0,0,0,0,0,0,0,0,1532,0,0,,confirmed_binary_and_builder_logic,per_gcx_size_preserved; no record relocation
codec,427,no,3,골로바응,로바응,3,골,1,64,0,0,0,0,0,4,1,64,-4,0,3012,0,60,codec:427:26|codec:427:22|codec:427:10,confirmed_binary_and_builder_logic,per_gcx_size_preserved; no record relocation
codec,428,no,0,,,0,,0,0,0,0,0,0,0,0,0,0,0,0,1612,0,0,,confirmed_binary_and_builder_logic,per_gcx_size_preserved; no record relocation
codec,429,no,0,,,0,,0,0,0,0,0,0,0,0,0,0,0,0,1856,0,0,,confirmed_binary_and_builder_logic,per_gcx_size_preserved; no record relocation
codec,430,no,1,,,0,,0,0,0,0,0,0,0,67,0,0,-67,0,1600,67,0,codec:430:12,confirmed_binary_and_builder_logic,per_gcx_size_preserved; no record relocation
codec,431,no,0,,,0,,0,0,0,0,0,0,0,0,0,0,0,0,1544,0,0,,confirmed_binary_and_builder_logic,per_gcx_size_preserved; no record relocation
codec,432,no,0,,,0,,0,0,0,0,0,0,0,0,0,0,0,0,1896,0,0,,confirmed_binary_and_builder_logic,per_gcx_size_preserved; no record relocation
codec,433,no,0,,,0,,0,0,0,0,0,0,0,0,0,0,0,0,1564,0,0,,confirmed_binary_and_builder_logic,per_gcx_size_preserved; no record relocation
codec,434,no,0,,,0,,0,0,0,0,0,0,0,0,0,0,0,0,1928,0,0,,confirmed_binary_and_builder_logic,per_gcx_size_preserved; no record relocation
codec,435,no,0,,,0,,0,0,0,0,0,0,0,0,0,0,0,0,2404,0,0,,confirmed_binary_and_builder_logic,per_gcx_size_preserved; no record relocation
codec,436,no,56,군그글기다됐래말쎄어여요있잘정허,군그기다됐래말어여요있잘정,13,글쎄허,3,192,0,0,0,0,0,2124,3,192,-2124,0,4864,1932,0,codec:436:46|codec:436:47|codec:436:48|codec:436:49|codec:436:50|codec:436:51|codec:436:52|codec:436:53|codec:436:54|codec:436:55|codec:436:56|codec:436:57|codec:436:58|codec:436:59|codec:436:60|codec:436:61|codec:436:62|codec:436:63|codec:436:64|codec:436:65|codec:436:66|codec:436:67|codec:436:68|codec:436:69|codec:436:70|codec:436:71|codec:436:72|codec:436:73|codec:436:74|codec:436:75|codec:436:76|codec:436:77|codec:436:78|codec:436:79|codec:436:80|codec:436:81|codec:436:82|codec:436:83|codec:436:84|codec:436:85|codec:436:86|codec:436:87|codec:436:88|codec:436:89|codec:436:90|codec:436:91|codec:436:92|codec:436:93|codec:436:94|codec:436:95|codec:436:36|codec:436:45|codec:436:19|codec:436:23|codec:436:18|codec:436:12,confirmed_binary_and_builder_logic,per_gcx_size_preserved; no record relocation
codec,437,no,98,가각거게고그날내니도땠라래런럼렇말못무뭐믿사서슨실심아야어왜요음이일죠쩌하해,가거게고그날내니도라래런렇말못무뭐믿사서슨심아야어왜요음이일하해,32,각땠럼실죠쩌,6,384,0,0,0,0,0,2726,6,384,-2726,16,7812,2342,0,codec:437:45|codec:437:46|codec:437:51|codec:437:53|codec:437:54|codec:437:56|codec:437:57|codec:437:60|codec:437:61|codec:437:63|codec:437:65|codec:437:68|codec:437:69|codec:437:70|codec:437:71|codec:437:72|codec:437:73|codec:437:74|codec:437:75|codec:437:76|codec:437:77|codec:437:78|codec:437:79|codec:437:80|codec:437:81|codec:437:82|codec:437:83|codec:437:84|codec:437:85|codec:437:86|codec:437:87|codec:437:88|codec:437:89|codec:437:90|codec:437:91|codec:437:92|codec:437:93|codec:437:94|codec:437:95|codec:437:96|codec:437:97|codec:437:98|codec:437:99|codec:437:100|codec:437:101|codec:437:102|codec:437:103|codec:437:104|codec:437:105|codec:437:106|codec:437:107|codec:437:108|codec:437:109|codec:437:111|codec:437:112|codec:437:113|codec:437:114|codec:437:115|codec:437:116|codec:437:117|codec:437:118|codec:437:119|codec:437:120|codec:437:121|codec:437:122|codec:437:123|codec:437:124|codec:437:125|codec:437:126|codec:437:127|codec:437:128|codec:437:129|codec:437:130|codec:437:131|codec:437:132|codec:437:134|codec:437:135|codec:437:136|codec:437:137|codec:437:138|codec:437:139|codec:437:140|codec:437:141|codec:437:142|codec:437:143|codec:437:47|codec:437:35|codec:437:32|codec:437:48|codec:437:29|codec:437:44|codec:437:62|codec:437:31|codec:437:64|codec:437:37|codec:437:25|codec:437:33|codec:437:66,confirmed_binary_and_builder_logic,per_gcx_size_preserved; no record relocation
codec,438,no,1,겠군그내럼몸못보알은,겠군그내못보알은,8,럼몸,2,128,0,0,0,0,0,18,2,128,-18,0,2784,0,110,codec:438:12,confirmed_binary_and_builder_logic,per_gcx_size_preserved; no record relocation
codec,439,no,5,,,0,,0,0,0,0,0,0,0,231,0,0,-231,0,4252,231,0,codec:439:31|codec:439:32|codec:439:33|codec:439:34|codec:439:35,confirmed_binary_and_builder_logic,per_gcx_size_preserved; no record relocation
codec,440,no,4,같거네는니다담롭몸배습야에연은해흡,같거네는니다습야에은해,11,담롭몸배연흡,6,384,0,0,0,0,0,7,6,384,-7,0,5548,0,377,codec:440:24|codec:440:79|codec:440:16|codec:440:28,confirmed_binary_and_builder_logic,per_gcx_size_preserved; no record relocation
codec,441,no,8,가각게과나네는도라뭔생어요이있플,가게나네는도라어요이있,11,각과뭔생플,5,320,0,0,0,0,0,60,5,320,-60,0,5004,0,260,codec:441:31|codec:441:72|codec:441:16|codec:441:13|codec:441:75|codec:441:44|codec:441:17|codec:441:29,confirmed_binary_and_builder_logic,per_gcx_size_preserved; no record relocation
codec,442,no,57,가고그니다랬로리뭐미보습였워흥,가고그니다랬로리뭐미보습,12,였워흥,3,192,0,0,0,0,0,1323,3,192,-1323,7,4428,1131,0,codec:442:53|codec:442:54|codec:442:56|codec:442:57|codec:442:58|codec:442:59|codec:442:60|codec:442:61|codec:442:62|codec:442:63|codec:442:64|codec:442:65|codec:442:66|codec:442:67|codec:442:68|codec:442:69|codec:442:70|codec:442:71|codec:442:72|codec:442:73|codec:442:74|codec:442:75|codec:442:76|codec:442:77|codec:442:80|codec:442:81|codec:442:82|codec:442:83|codec:442:84|codec:442:85|codec:442:86|codec:442:87|codec:442:88|codec:442:89|codec:442:90|codec:442:91|codec:442:92|codec:442:93|codec:442:94|codec:442:95|codec:442:96|codec:442:97|codec:442:98|codec:442:99|codec:442:100|codec:442:101|codec:442:102|codec:442:103|codec:442:104|codec:442:105|codec:442:106|codec:442:107|codec:442:108|codec:442:113|codec:442:38|codec:442:52|codec:442:20,confirmed_binary_and_builder_logic,per_gcx_size_preserved; no record relocation
codec,443,no,2595,가각간갈감강갖같개갱거걱건걸검겁것게겠겨격겪견결겼경계고곤곰곳공과관광괜굉교구국군굳굴궁귀균그근글금급기긴길까깐깔꺼께꼬꼭꼽꽤꾸꿀꿈뀌끄끔끝끼나난날남낫났내낸낼냄냐냥너네넷녀년노녹놀농높놔누눈뉴느는늘능늦늬니닌닐님닙다단달담당대더던덜덩덫데도독돋돌동돼됐되된될됩두둘둠둥둬드든듣들듭듯등디딧따딱땅때땠떠떤떨떻떼또똥뜨뜻라락란랄람랍랐랑래랜랬량러런럴럼럽렁렇렉려력련렴렵렸례로록론롭료루룹류륙르른를름리릭린릴림립마막만많말맙맛망맞매맹머먹멋메며면명몇모몸못무문묻물뭐뭔므미민믿밀및바박밖반받발밝밤방배백뱀버번벌범법벽변별보복본볼봐봤부북분불브블비빌빛빠빨뻔뻤뼈뿐쁘쁜사산살상새색생샤서석선설섬섭섯성세셔션셨소속손수순쉿스슨습슷시식신실싫심십싱싶싸써썩쎄쏘쏟쓰쓴씀씬아악안않알았앞애앵야약양얘어억언얻엄업없엇었엉에엔여역연열염였영예옛오옥온옵와완왔왜외요욕용우운울움워원웨위유육으윽은을음응의이인일잃입있잉잊자작잔잖잘잠잡장재저적전절점접정제젠져졌조족존좀종좋죠주죽준줄줌줍중쥐즉즘증지직진질집짓징짜짧쨌쩌쫓찍차착찮참찾채챙처척청체초총최추출충취츠측치친칠침카칼캔캡커컨컸케코콘쾌쿠크큰클큼키킨킬킹타탄탈태택터턴테텐토톡톤통투툴트특튼틱파팡패퍼펀페펴편평포표푸품풍프플피필하학한할함합항해했행향허험혀현혈협형호혹화확환활황횃회획효후훨휴흉흔흠흡흥희흰히힌힘,가간같개거건것게겠계고곳군그근금기까께나난날내네녀는니다대더데도돌됐되될둘드듣들디때떠떻또뜻라람래랬러런럴렇려로록루르를리마만말맙머면명못무문묻물뭐미믿바밖방버번법별보본봐봤부분브사상서석설성세션소수스슨습시심싶아안않알았야어없었에엔여와왔왜요우원위유으윽은을음응의이인일입있자잘잡저적절점정제조좋죽줄지짓청코크키태터특편포프필하한할함해행험호획후히,175,각갈감강갖갱걱걸검겁겨격겪견결겼경곤곰공과관광괜굉교구국굳굴궁귀균글급긴길깐깔꺼꼬꼭꼽꽤꾸꿀꿈뀌끄끔끝끼남낫났낸낼냄냐냥너넷년노녹놀농높놔누눈뉴느늘능늦늬닌닐님닙단달담당던덜덩덫독돋동돼된됩두둠둥둬든듭듯등딧따딱땅땠떤떨떼똥뜨락란랄랍랐랑랜량럼럽렁렉력련렴렵렸례론롭료룹류륙른름릭린릴림립막많맛망맞매맹먹멋메며몇모몸뭔므민밀및박반받발밝밤배백뱀벌범벽변복볼북불블비빌빛빠빨뻔뻤뼈뿐쁘쁜산살새색생샤선섬섭섯셔셨속손순쉿슷식신실싫십싱싸써썩쎄쏘쏟쓰쓴씀씬악앞애앵약양얘억언얻엄업엇엉역연열염였영예옛오옥온옵완외욕용운울움워웨육잃잉잊작잔잖잠장재전접젠져졌족존좀종죠주준줌줍중쥐즉즘증직진질집징짜짧쨌쩌쫓찍차착찮참찾채챙처척체초총최추출충취츠측치친칠침카칼캔캡커컨컸케콘쾌쿠큰클큼킨킬킹타탄탈택턴테텐토톡톤통투툴트튼틱파팡패퍼펀페펴평표푸품풍플피학합항했향허혀현혈협형혹화확환활황횃회효훨휴흉흔흠흡흥희흰힌힘,401,25664,0,0,0,0,0,98491,401,25664,-98491,640,171412,72827,0,codec:443:559|codec:443:565|codec:443:575|codec:443:581|codec:443:589|codec:443:595|codec:443:596|codec:443:608|codec:443:616|codec:443:617|codec:443:622|codec:443:640|codec:443:642|codec:443:646|codec:443:652|codec:443:656|codec:443:662|codec:443:667|codec:443:669|codec:443:670|codec:443:679|codec:443:683|codec:443:686|codec:443:690|codec:443:694|codec:443:696|codec:443:698|codec:443:701|codec:443:707|codec:443:710|codec:443:713|codec:443:716|codec:443:718|codec:443:720|codec:443:722|codec:443:725|codec:443:739|codec:443:748|codec:443:752|codec:443:759|codec:443:767|codec:443:768|codec:443:769|codec:443:773|codec:443:779|codec:443:783|codec:443:784|codec:443:785|codec:443:789|codec:443:795|codec:443:797|codec:443:800|codec:443:802|codec:443:809|codec:443:814|codec:443:824|codec:443:832|codec:443:834|codec:443:835|codec:443:845|codec:443:848|codec:443:855|codec:443:857|codec:443:869|codec:443:870|codec:443:872|codec:443:876|codec:443:884|codec:443:885|codec:443:886|codec:443:890|codec:443:894|codec:443:902|codec:443:910|codec:443:917|codec:443:918|codec:443:920|codec:443:927|codec:443:928|codec:443:929|codec:443:930|codec:443:932|codec:443:935|codec:443:937|codec:443:941|codec:443:946|codec:443:950|codec:443:952|codec:443:954|codec:443:955|codec:443:956|codec:443:958|codec:443:960|codec:443:962|codec:443:964|codec:443:966|codec:443:970|codec:443:977|codec:443:983|codec:443:986|codec:443:992|codec:443:997|codec:443:999|codec:443:1005|codec:443:1007|codec:443:1011|codec:443:1015|codec:443:1020|codec:443:1024|codec:443:1036|codec:443:1040|codec:443:1049|codec:443:1052|codec:443:1053|codec:443:1056|codec:443:1060|codec:443:1067|codec:443:1073|codec:443:1074|codec:443:1075|codec:443:1076|codec:443:1077|codec:443:1078|codec:443:1079|codec:443:1080|codec:443:1081|codec:443:1082|codec:443:1083|codec:443:1084|codec:443:1085|codec:443:1086|codec:443:1087|codec:443:1088|codec:443:1089|codec:443:1090|codec:443:1091|codec:443:1092|codec:443:1093|codec:443:1094|codec:443:1095|codec:443:1096|codec:443:1097|codec:443:1098|codec:443:1099|codec:443:1100|codec:443:1101|codec:443:1102|codec:443:1103|codec:443:1104|codec:443:1105|codec:443:1107|codec:443:1108|codec:443:1109|codec:443:1110|codec:443:1111|codec:443:1112|codec:443:1113|codec:443:1114|codec:443:1115|codec:443:1116|codec:443:1117|codec:443:1118|codec:443:1119|codec:443:1120|codec:443:1121|codec:443:1122|codec:443:1123|codec:443:1124|codec:443:1125|codec:443:1126|codec:443:1127|codec:443:1128|codec:443:1129|codec:443:1130|codec:443:1131|codec:443:1132|codec:443:1133|codec:443:1134|codec:443:1135|codec:443:1136|codec:443:1137|codec:443:1138|codec:443:1139|codec:443:1140|codec:443:1141|codec:443:1142|codec:443:1143|codec:443:1144|codec:443:1145|codec:443:1146|codec:443:1147|codec:443:1148|codec:443:1149|codec:443:1150|codec:443:1151|codec:443:1152|codec:443:1153|codec:443:1154|codec:443:1155|codec:443:1156|codec:443:1157|codec:443:1158|codec:443:1159|codec:443:1160|codec:443:1161|codec:443:1162|codec:443:1163|codec:443:1164|codec:443:1165|codec:443:1166|codec:443:1167|codec:443:1168|codec:443:1169|codec:443:1170|codec:443:1171|codec:443:1172|codec:443:1173|codec:443:1174|codec:443:1175|codec:443:1176|codec:443:1177|codec:443:1178|codec:443:1179|codec:443:1180|codec:443:1181|codec:443:1182|codec:443:1183|codec:443:1184|codec:443:1185|codec:443:1186|codec:443:1187|codec:443:1188|codec:443:1189|codec:443:1190|codec:443:1191|codec:443:1192|codec:443:1193|codec:443:1194|codec:443:1195|codec:443:1196|codec:443:1197|codec:443:1198|codec:443:1199|codec:443:1200|codec:443:1201|codec:443:1202|codec:443:1203|codec:443:1204|codec:443:1205|codec:443:1206|codec:443:1207|codec:443:1208|codec:443:1209|codec:443:1210|codec:443:1211|codec:443:1212|codec:443:1213|codec:443:1214|codec:443:1215|codec:443:1216|codec:443:1217|codec:443:1218|codec:443:1219|codec:443:1220|codec:443:1221|codec:443:1222|codec:443:1223|codec:443:1224|codec:443:1225|codec:443:1226|codec:443:1227|codec:443:1228|codec:443:1229|codec:443:1230|codec:443:1231|codec:443:1232|codec:443:1233|codec:443:1234|codec:443:1235|codec:443:1236|codec:443:1237|codec:443:1238|codec:443:1239|codec:443:1240|codec:443:1241|codec:443:1242|codec:443:1243|codec:443:1244|codec:443:1245|codec:443:1246|codec:443:1247|codec:443:1248|codec:443:1249|codec:443:1250|codec:443:1251|codec:443:1252|codec:443:1253|codec:443:1254|codec:443:1255|codec:443:1256|codec:443:1257|codec:443:1258|codec:443:1259|codec:443:1260|codec:443:1261|codec:443:1262|codec:443:1263|codec:443:1264|codec:443:1265|codec:443:1266|codec:443:1267|codec:443:1268|codec:443:1269|codec:443:1270|codec:443:1271|codec:443:1272|codec:443:1273|codec:443:1274|codec:443:1275|codec:443:1276|codec:443:1277|codec:443:1278|codec:443:1279|codec:443:1280|codec:443:1281|codec:443:1282|codec:443:1283|codec:443:1284|codec:443:1285|codec:443:1286|codec:443:1287|codec:443:1288|codec:443:1289|codec:443:1290|codec:443:1291|codec:443:1292|codec:443:1293|codec:443:1294|codec:443:1295|codec:443:1296|codec:443:1297|codec:443:1298|codec:443:1299|codec:443:1300|codec:443:1301|codec:443:1302|codec:443:1303|codec:443:1304|codec:443:1305|codec:443:1306|codec:443:1307|codec:443:1308|codec:443:1309|codec:443:1310|codec:443:1311|codec:443:1312|codec:443:1313|codec:443:1314|codec:443:1315|codec:443:1316|codec:443:1317|codec:443:1318|codec:443:1319|codec:443:1320|codec:443:1321|codec:443:1322|codec:443:1323|codec:443:1324|codec:443:1325|codec:443:1326|codec:443:1327|codec:443:1328|codec:443:1329|codec:443:1330|codec:443:1331|codec:443:1332|codec:443:1333|codec:443:1334|codec:443:1335|codec:443:1336|codec:443:1337|codec:443:1338|codec:443:1339|codec:443:1340|codec:443:1341|codec:443:1343|codec:443:1344|codec:443:1345|codec:443:1346|codec:443:1347|codec:443:1348|codec:443:1349|codec:443:1350|codec:443:1351|codec:443:1352|codec:443:1353|codec:443:1354|codec:443:1355|codec:443:1356|codec:443:1357|codec:443:1358|codec:443:1359|codec:443:1360|codec:443:1361|codec:443:1362|codec:443:1363|codec:443:1364|codec:443:1365|codec:443:1366|codec:443:1367|codec:443:1368|codec:443:1369|codec:443:1370|codec:443:1371|codec:443:1372|codec:443:1373|codec:443:1374|codec:443:1375|codec:443:1376|codec:443:1377|codec:443:1378|codec:443:1379|codec:443:1380|codec:443:1381|codec:443:1382|codec:443:1383|codec:443:1384|codec:443:1385|codec:443:1386|codec:443:1387|codec:443:1388|codec:443:1389|codec:443:1390|codec:443:1391|codec:443:1392|codec:443:1393|codec:443:1394|codec:443:1395|codec:443:1396|codec:443:1397|codec:443:1398|codec:443:1399|codec:443:1400|codec:443:1401|codec:443:1402|codec:443:1403|codec:443:1404|codec:443:1405|codec:443:1406|codec:443:1407|codec:443:1408|codec:443:1409|codec:443:1410|codec:443:1411|codec:443:1412|codec:443:1413|codec:443:1414|codec:443:1415|codec:443:1416|codec:443:1417|codec:443:1418|codec:443:1419|codec:443:1420|codec:443:1421|codec:443:1422|codec:443:1423|codec:443:1424|codec:443:1425|codec:443:1426|codec:443:1427|codec:443:1428|codec:443:1429|codec:443:1430|codec:443:1431|codec:443:1432|codec:443:1433|codec:443:1434|codec:443:1435|codec:443:1436|codec:443:1437|codec:443:1438|codec:443:1439|codec:443:1440|codec:443:1441|codec:443:1442|codec:443:1443|codec:443:1444|codec:443:1445|codec:443:1446|codec:443:1447|codec:443:1448|codec:443:1449|codec:443:1450|codec:443:1451|codec:443:1452|codec:443:1453|codec:443:1454|codec:443:1455|codec:443:1456|codec:443:1457|codec:443:1458|codec:443:1459|codec:443:1460|codec:443:1461|codec:443:1462|codec:443:1463|codec:443:1464|codec:443:1465|codec:443:1466|codec:443:1467|codec:443:1468|codec:443:1469|codec:443:1470|codec:443:1471|codec:443:1472|codec:443:1473|codec:443:1474|codec:443:1475|codec:443:1476|codec:443:1477|codec:443:1478|codec:443:1479|codec:443:1480|codec:443:1481|codec:443:1482|codec:443:1483|codec:443:1484|codec:443:1485|codec:443:1486|codec:443:1487|codec:443:1488|codec:443:1489|codec:443:1490|codec:443:1491|codec:443:1492|codec:443:1493|codec:443:1494|codec:443:1495|codec:443:1496|codec:443:1497|codec:443:1498|codec:443:1499|codec:443:1500|codec:443:1501|codec:443:1502|codec:443:1503|codec:443:1504|codec:443:1505|codec:443:1506|codec:443:1507|codec:443:1508|codec:443:1509|codec:443:1510|codec:443:1511|codec:443:1512|codec:443:1513|codec:443:1514|codec:443:1515|codec:443:1516|codec:443:1517|codec:443:1518|codec:443:1519|codec:443:1520|codec:443:1521|codec:443:1522|codec:443:1523|codec:443:1524|codec:443:1525|codec:443:1526|codec:443:1527|codec:443:1528|codec:443:1529|codec:443:1530|codec:443:1531|codec:443:1532|codec:443:1533|codec:443:1534|codec:443:1535|codec:443:1536|codec:443:1538|codec:443:1539|codec:443:1540|codec:443:1541|codec:443:1542|codec:443:1543|codec:443:1544|codec:443:1545|codec:443:1546|codec:443:1547|codec:443:1548|codec:443:1549|codec:443:1550|codec:443:1551|codec:443:1552|codec:443:1554|codec:443:1555|codec:443:1556|codec:443:1557|codec:443:1558|codec:443:1559|codec:443:1560|codec:443:1561|codec:443:1562|codec:443:1563|codec:443:1564|codec:443:1565|codec:443:1566|codec:443:1567|codec:443:1568|codec:443:1569|codec:443:1570|codec:443:1571|codec:443:1572|codec:443:1573|codec:443:1574|codec:443:1575|codec:443:1576|codec:443:1577|codec:443:1578|codec:443:1579|codec:443:1580|codec:443:1581|codec:443:1582|codec:443:1583|codec:443:1586|codec:443:1587|codec:443:1588|codec:443:1589|codec:443:1590|codec:443:1591|codec:443:1592|codec:443:1593|codec:443:1594|codec:443:1595|codec:443:1596|codec:443:1597|codec:443:1598|codec:443:1599|codec:443:1600|codec:443:1601|codec:443:1602|codec:443:1603|codec:443:1604|codec:443:1605|codec:443:1606|codec:443:1607|codec:443:1608|codec:443:1609|codec:443:1610|codec:443:1611|codec:443:1612|codec:443:1613|codec:443:1614|codec:443:1615|codec:443:1616|codec:443:1617|codec:443:1618|codec:443:1619|codec:443:1620|codec:443:1621|codec:443:1622|codec:443:1623|codec:443:1624|codec:443:1625|codec:443:1626|codec:443:1627|codec:443:1628|codec:443:1629|codec:443:1630|codec:443:1631|codec:443:1632|codec:443:1633|codec:443:1634|codec:443:1635|codec:443:1636|codec:443:1637|codec:443:1638|codec:443:1639|codec:443:1640|codec:443:1641|codec:443:1642|codec:443:1643|codec:443:1644|codec:443:1645|codec:443:1646|codec:443:1647|codec:443:1648|codec:443:1649|codec:443:1650|codec:443:1651|codec:443:1652|codec:443:1653|codec:443:1654|codec:443:1655|codec:443:1656|codec:443:1657|codec:443:1658|codec:443:1659|codec:443:1660|codec:443:1661|codec:443:1662|codec:443:1663|codec:443:1664|codec:443:1665|codec:443:1666|codec:443:1667|codec:443:1668|codec:443:1669|codec:443:1670|codec:443:1671|codec:443:1672|codec:443:1673|codec:443:1674|codec:443:1675|codec:443:1676|codec:443:1677|codec:443:1678|codec:443:1679|codec:443:1680|codec:443:1681|codec:443:1682|codec:443:1683|codec:443:1684|codec:443:1685|codec:443:1686|codec:443:1687|codec:443:1688|codec:443:1690|codec:443:1691|codec:443:1692|codec:443:1693|codec:443:1694|codec:443:1695|codec:443:1696|codec:443:1697|codec:443:1698|codec:443:1699|codec:443:1700|codec:443:1701|codec:443:1702|codec:443:1703|codec:443:1704|codec:443:1705|codec:443:1706|codec:443:1707|codec:443:1708|codec:443:1709|codec:443:1710|codec:443:1711|codec:443:1712|codec:443:1713|codec:443:1714|codec:443:1715|codec:443:1716|codec:443:1717|codec:443:1718|codec:443:1719|codec:443:1720|codec:443:1721|codec:443:1723|codec:443:1726|codec:443:1730|codec:443:1731|codec:443:1732|codec:443:1733|codec:443:1734|codec:443:1735|codec:443:1736|codec:443:1737|codec:443:1738|codec:443:1739|codec:443:1740|codec:443:1741|codec:443:1742|codec:443:1743|codec:443:1744|codec:443:1745|codec:443:1746|codec:443:1747|codec:443:1748|codec:443:1749|codec:443:1750|codec:443:1751|codec:443:1752|codec:443:1753|codec:443:1754|codec:443:1755|codec:443:1756|codec:443:1757|codec:443:1758|codec:443:1759|codec:443:1760|codec:443:1761|codec:443:1762|codec:443:1763|codec:443:1764|codec:443:1765|codec:443:1766|codec:443:1767|codec:443:1768|codec:443:1769|codec:443:1770|codec:443:1771|codec:443:1772|codec:443:1773|codec:443:1774|codec:443:1775|codec:443:1776|codec:443:1777|codec:443:1778|codec:443:1779|codec:443:1780|codec:443:1781|codec:443:1782|codec:443:1783|codec:443:1784|codec:443:1785|codec:443:1786|codec:443:1787|codec:443:1788|codec:443:1789|codec:443:1790|codec:443:1791|codec:443:1792|codec:443:1793|codec:443:1795|codec:443:1796|codec:443:1797|codec:443:1798|codec:443:1799|codec:443:1800|codec:443:1801|codec:443:1802|codec:443:1803|codec:443:1804|codec:443:1805|codec:443:1806|codec:443:1807|codec:443:1808|codec:443:1809|codec:443:1810|codec:443:1811|codec:443:1812|codec:443:1813|codec:443:1814|codec:443:1815|codec:443:1816|codec:443:1817|codec:443:1818|codec:443:1819|codec:443:1820|codec:443:1821|codec:443:1822|codec:443:1823|codec:443:1824|codec:443:1825|codec:443:1826|codec:443:1827|codec:443:1828|codec:443:1829|codec:443:1830|codec:443:1831|codec:443:1832|codec:443:1833|codec:443:1834|codec:443:1835|codec:443:1836|codec:443:1837|codec:443:1838|codec:443:1839|codec:443:1840|codec:443:1841|codec:443:1842|codec:443:1843|codec:443:1844|codec:443:1845|codec:443:1846|codec:443:1847|codec:443:1848|codec:443:1849|codec:443:1850|codec:443:1851|codec:443:1852|codec:443:1853|codec:443:1854|codec:443:1855|codec:443:1856|codec:443:1857|codec:443:1858|codec:443:1859|codec:443:1860|codec:443:1861|codec:443:1862|codec:443:1863|codec:443:1864|codec:443:1865|codec:443:1866|codec:443:1867|codec:443:1868|codec:443:1869|codec:443:1870|codec:443:1871|codec:443:1872|codec:443:1873|codec:443:1874|codec:443:1875|codec:443:1876|codec:443:1877|codec:443:1878|codec:443:1880|codec:443:1881|codec:443:1882|codec:443:1883|codec:443:1884|codec:443:1885|codec:443:1886|codec:443:1887|codec:443:1888|codec:443:1889|codec:443:1890|codec:443:1891|codec:443:1892|codec:443:1893|codec:443:1894|codec:443:1895|codec:443:1896|codec:443:1897|codec:443:1898|codec:443:1899|codec:443:1900|codec:443:1901|codec:443:1902|codec:443:1903|codec:443:1904|codec:443:1905|codec:443:1906|codec:443:1907|codec:443:1908|codec:443:1909|codec:443:1910|codec:443:1911|codec:443:1912|codec:443:1913|codec:443:1914|codec:443:1915|codec:443:1916|codec:443:1917|codec:443:1918|codec:443:1919|codec:443:1920|codec:443:1921|codec:443:1922|codec:443:1923|codec:443:1924|codec:443:1925|codec:443:1926|codec:443:1927|codec:443:1928|codec:443:1929|codec:443:1930|codec:443:1931|codec:443:1932|codec:443:1933|codec:443:1934|codec:443:1935|codec:443:1936|codec:443:1937|codec:443:1938|codec:443:1939|codec:443:1940|codec:443:1941|codec:443:1942|codec:443:1943|codec:443:1944|codec:443:1945|codec:443:1946|codec:443:1947|codec:443:1948|codec:443:1949|codec:443:1950|codec:443:1951|codec:443:1952|codec:443:1953|codec:443:1954|codec:443:1955|codec:443:1956|codec:443:1957|codec:443:1958|codec:443:1959|codec:443:1960|codec:443:1961|codec:443:1962|codec:443:1963|codec:443:1964|codec:443:1965|codec:443:1967|codec:443:1969|codec:443:1970|codec:443:1971|codec:443:1972|codec:443:1973|codec:443:1974|codec:443:1975|codec:443:1976|codec:443:1977|codec:443:1978|codec:443:1979|codec:443:1980|codec:443:1981|codec:443:1982|codec:443:1983|codec:443:1984|codec:443:1985|codec:443:1986|codec:443:1987|codec:443:1988|codec:443:1989|codec:443:1990|codec:443:1991|codec:443:1992|codec:443:1993|codec:443:1994|codec:443:1995|codec:443:1996|codec:443:1997|codec:443:1998|codec:443:1999|codec:443:2000|codec:443:2001|codec:443:2002|codec:443:2003|codec:443:2004|codec:443:2005|codec:443:2006|codec:443:2007|codec:443:2008|codec:443:2009|codec:443:2010|codec:443:2011|codec:443:2012|codec:443:2013|codec:443:2014|codec:443:2015|codec:443:2016|codec:443:2017|codec:443:2018|codec:443:2019|codec:443:2020|codec:443:2021|codec:443:2022|codec:443:2023|codec:443:2024|codec:443:2025|codec:443:2026|codec:443:2027|codec:443:2028|codec:443:2029|codec:443:2030|codec:443:2032|codec:443:2033|codec:443:2034|codec:443:2035|codec:443:2036|codec:443:2037|codec:443:2038|codec:443:2039|codec:443:2040|codec:443:2041|codec:443:2042|codec:443:2043|codec:443:2044|codec:443:2045|codec:443:2046|codec:443:2047|codec:443:2048|codec:443:2049|codec:443:2050|codec:443:2051|codec:443:2052|codec:443:2053|codec:443:2054|codec:443:2055|codec:443:2056|codec:443:2057|codec:443:2058|codec:443:2059|codec:443:2060|codec:443:2062|codec:443:2063|codec:443:2064|codec:443:2065|codec:443:2066|codec:443:2067|codec:443:2068|codec:443:2069|codec:443:2070|codec:443:2071|codec:443:2072|codec:443:2073|codec:443:2074|codec:443:2075|codec:443:2076|codec:443:2077|codec:443:2078|codec:443:2079|codec:443:2080|codec:443:2081|codec:443:2082|codec:443:2083|codec:443:2084|codec:443:2085|codec:443:2086|codec:443:2087|codec:443:2088|codec:443:2089|codec:443:2090|codec:443:2091|codec:443:2092|codec:443:2093|codec:443:2094|codec:443:2095|codec:443:2096|codec:443:2097|codec:443:2098|codec:443:2099|codec:443:2100|codec:443:2101|codec:443:2102|codec:443:2103|codec:443:2104|codec:443:2105|codec:443:2106|codec:443:2107|codec:443:2108|codec:443:2109|codec:443:2110|codec:443:2111|codec:443:2112|codec:443:2113|codec:443:2114|codec:443:2115|codec:443:2116|codec:443:2117|codec:443:2118|codec:443:2119|codec:443:2120|codec:443:2121|codec:443:2122|codec:443:2123|codec:443:2124|codec:443:2125|codec:443:2126|codec:443:2127|codec:443:2128|codec:443:2129|codec:443:2130|codec:443:2131|codec:443:2132|codec:443:2133|codec:443:2134|codec:443:2135|codec:443:2136|codec:443:2137|codec:443:2138|codec:443:2139|codec:443:2140|codec:443:2141|codec:443:2142|codec:443:2143|codec:443:2144|codec:443:2145|codec:443:2146|codec:443:2147|codec:443:2148|codec:443:2149|codec:443:2150|codec:443:2151|codec:443:2152|codec:443:2153|codec:443:2154|codec:443:2155|codec:443:2157|codec:443:2158|codec:443:2159|codec:443:2160|codec:443:2161|codec:443:2162|codec:443:2163|codec:443:2164|codec:443:2165|codec:443:2166|codec:443:2167|codec:443:2168|codec:443:2169|codec:443:2170|codec:443:2171|codec:443:2172|codec:443:2173|codec:443:2174|codec:443:2175|codec:443:2176|codec:443:2177|codec:443:2178|codec:443:2179|codec:443:2180|codec:443:2181|codec:443:2182|codec:443:2183|codec:443:2184|codec:443:2185|codec:443:2186|codec:443:2187|codec:443:2188|codec:443:2189|codec:443:2190|codec:443:2191|codec:443:2192|codec:443:2193|codec:443:2194|codec:443:2195|codec:443:2196|codec:443:2197|codec:443:2198|codec:443:2199|codec:443:2200|codec:443:2201|codec:443:2202|codec:443:2203|codec:443:2204|codec:443:2205|codec:443:2206|codec:443:2207|codec:443:2208|codec:443:2209|codec:443:2210|codec:443:2211|codec:443:2212|codec:443:2213|codec:443:2214|codec:443:2215|codec:443:2216|codec:443:2217|codec:443:2218|codec:443:2219|codec:443:2220|codec:443:2221|codec:443:2222|codec:443:2223|codec:443:2224|codec:443:2225|codec:443:2226|codec:443:2227|codec:443:2228|codec:443:2229|codec:443:2230|codec:443:2231|codec:443:2232|codec:443:2233|codec:443:2234|codec:443:2235|codec:443:2236|codec:443:2237|codec:443:2238|codec:443:2239|codec:443:2240|codec:443:2241|codec:443:2242|codec:443:2243|codec:443:2244|codec:443:2245|codec:443:2246|codec:443:2247|codec:443:2249|codec:443:2250|codec:443:2251|codec:443:2252|codec:443:2253|codec:443:2255|codec:443:2257|codec:443:2258|codec:443:2259|codec:443:2260|codec:443:2261|codec:443:2262|codec:443:2263|codec:443:2264|codec:443:2265|codec:443:2266|codec:443:2267|codec:443:2268|codec:443:2269|codec:443:2270|codec:443:2271|codec:443:2272|codec:443:2273|codec:443:2274|codec:443:2275|codec:443:2276|codec:443:2277|codec:443:2278|codec:443:2279|codec:443:2280|codec:443:2281|codec:443:2282|codec:443:2283|codec:443:2284|codec:443:2285|codec:443:2286|codec:443:2287|codec:443:2288|codec:443:2289|codec:443:2290|codec:443:2291|codec:443:2292|codec:443:2293|codec:443:2294|codec:443:2295|codec:443:2296|codec:443:2297|codec:443:2298|codec:443:2299|codec:443:2300|codec:443:2301|codec:443:2302|codec:443:2303|codec:443:2304|codec:443:2305|codec:443:2306|codec:443:2307|codec:443:2308|codec:443:2309|codec:443:2310|codec:443:2311|codec:443:2312|codec:443:2313|codec:443:2314|codec:443:2315|codec:443:2316|codec:443:2317|codec:443:2318|codec:443:2319|codec:443:2320|codec:443:2321|codec:443:2322|codec:443:2323|codec:443:2324|codec:443:2325|codec:443:2326|codec:443:2327|codec:443:2328|codec:443:2329|codec:443:2330|codec:443:2331|codec:443:2332|codec:443:2333|codec:443:2334|codec:443:2335|codec:443:2336|codec:443:2337|codec:443:2338|codec:443:2339|codec:443:2340|codec:443:2341|codec:443:2342|codec:443:2343|codec:443:2344|codec:443:2345|codec:443:2346|codec:443:2347|codec:443:2348|codec:443:2349|codec:443:2350|codec:443:2351|codec:443:2352|codec:443:2353|codec:443:2354|codec:443:2355|codec:443:2356|codec:443:2357|codec:443:2358|codec:443:2359|codec:443:2360|codec:443:2361|codec:443:2362|codec:443:2363|codec:443:2364|codec:443:2365|codec:443:2366|codec:443:2367|codec:443:2368|codec:443:2369|codec:443:2370|codec:443:2371|codec:443:2372|codec:443:2373|codec:443:2374|codec:443:2375|codec:443:2376|codec:443:2377|codec:443:2378|codec:443:2379|codec:443:2380|codec:443:2381|codec:443:2382|codec:443:2383|codec:443:2384|codec:443:2385|codec:443:2386|codec:443:2387|codec:443:2388|codec:443:2389|codec:443:2390|codec:443:2391|codec:443:2392|codec:443:2393|codec:443:2394|codec:443:2395|codec:443:2396|codec:443:2398|codec:443:2399|codec:443:2400|codec:443:2401|codec:443:2402|codec:443:2403|codec:443:2404|codec:443:2405|codec:443:2406|codec:443:2407|codec:443:2408|codec:443:2409|codec:443:2410|codec:443:2411|codec:443:2412|codec:443:2413|codec:443:2414|codec:443:2415|codec:443:2416|codec:443:2417|codec:443:2418|codec:443:2419|codec:443:2420|codec:443:2421|codec:443:2422|codec:443:2423|codec:443:2424|codec:443:2425|codec:443:2426|codec:443:2427|codec:443:2428|codec:443:2429|codec:443:2430|codec:443:2431|codec:443:2432|codec:443:2433|codec:443:2434|codec:443:2435|codec:443:2436|codec:443:2437|codec:443:2438|codec:443:2439|codec:443:2440|codec:443:2441|codec:443:2442|codec:443:2443|codec:443:2444|codec:443:2445|codec:443:2446|codec:443:2447|codec:443:2448|codec:443:2449|codec:443:2450|codec:443:2451|codec:443:2452|codec:443:2453|codec:443:2454|codec:443:2455|codec:443:2456|codec:443:2457|codec:443:2458|codec:443:2459|codec:443:2460|codec:443:2461|codec:443:2462|codec:443:2463|codec:443:2464|codec:443:2465|codec:443:2466|codec:443:2467|codec:443:2468|codec:443:2469|codec:443:2470|codec:443:2471|codec:443:2472|codec:443:2473|codec:443:2474|codec:443:2475|codec:443:2476|codec:443:2477|codec:443:2478|codec:443:2479|codec:443:2480|codec:443:2481|codec:443:2482|codec:443:2483|codec:443:2484|codec:443:2485|codec:443:2486|codec:443:2487|codec:443:2488|codec:443:2489|codec:443:2490|codec:443:2491|codec:443:2492|codec:443:2493|codec:443:2494|codec:443:2495|codec:443:2496|codec:443:2497|codec:443:2498|codec:443:2499|codec:443:2500|codec:443:2501|codec:443:2503|codec:443:2504|codec:443:2505|codec:443:2506|codec:443:2507|codec:443:2508|codec:443:2509|codec:443:2510|codec:443:2511|codec:443:2512|codec:443:2513|codec:443:2514|codec:443:2515|codec:443:2516|codec:443:2517|codec:443:2518|codec:443:2519|codec:443:2520|codec:443:2521|codec:443:2522|codec:443:2523|codec:443:2524|codec:443:2525|codec:443:2526|codec:443:2527|codec:443:2528|codec:443:2529|codec:443:2530|codec:443:2531|codec:443:2532|codec:443:2533|codec:443:2534|codec:443:2535|codec:443:2536|codec:443:2537|codec:443:2538|codec:443:2539|codec:443:2540|codec:443:2541|codec:443:2542|codec:443:2543|codec:443:2544|codec:443:2545|codec:443:2546|codec:443:2547|codec:443:2548|codec:443:2549|codec:443:2550|codec:443:2551|codec:443:2552|codec:443:2553|codec:443:2554|codec:443:2555|codec:443:2556|codec:443:2557|codec:443:2558|codec:443:2559|codec:443:2560|codec:443:2561|codec:443:2562|codec:443:2563|codec:443:2564|codec:443:2565|codec:443:2566|codec:443:2567|codec:443:2568|codec:443:2569|codec:443:2570|codec:443:2571|codec:443:2572|codec:443:2573|codec:443:2574|codec:443:2575|codec:443:2576|codec:443:2577|codec:443:2578|codec:443:2579|codec:443:2580|codec:443:2581|codec:443:2582|codec:443:2583|codec:443:2584|codec:443:2585|codec:443:2586|codec:443:2588|codec:443:2589|codec:443:2590|codec:443:2591|codec:443:2592|codec:443:2593|codec:443:2594|codec:443:2595|codec:443:2596|codec:443:2597|codec:443:2598|codec:443:2599|codec:443:2600|codec:443:2602|codec:443:2603|codec:443:2604|codec:443:2605|codec:443:2606|codec:443:2607|codec:443:2608|codec:443:2609|codec:443:2610|codec:443:2611|codec:443:2612|codec:443:2616|codec:443:2617|codec:443:2618|codec:443:2619|codec:443:2620|codec:443:2621|codec:443:2622|codec:443:2623|codec:443:2624|codec:443:2625|codec:443:2626|codec:443:2627|codec:443:2628|codec:443:2629|codec:443:2630|codec:443:2631|codec:443:2632|codec:443:2633|codec:443:2634|codec:443:2635|codec:443:2636|codec:443:2637|codec:443:2638|codec:443:2639|codec:443:2640|codec:443:2641|codec:443:2642|codec:443:2643|codec:443:2644|codec:443:2645|codec:443:2646|codec:443:2647|codec:443:2648|codec:443:2649|codec:443:2650|codec:443:2651|codec:443:2652|codec:443:2653|codec:443:2654|codec:443:2655|codec:443:2656|codec:443:2657|codec:443:2658|codec:443:2659|codec:443:2660|codec:443:2661|codec:443:2662|codec:443:2663|codec:443:2664|codec:443:2665|codec:443:2666|codec:443:2667|codec:443:2668|codec:443:2669|codec:443:2670|codec:443:2671|codec:443:2672|codec:443:2673|codec:443:2674|codec:443:2675|codec:443:2676|codec:443:2677|codec:443:2678|codec:443:2679|codec:443:2680|codec:443:2681|codec:443:2682|codec:443:2683|codec:443:2684|codec:443:2685|codec:443:2686|codec:443:2687|codec:443:2688|codec:443:2689|codec:443:2690|codec:443:2691|codec:443:2692|codec:443:2693|codec:443:2694|codec:443:2695|codec:443:2696|codec:443:2697|codec:443:2698|codec:443:2699|codec:443:2700|codec:443:2701|codec:443:2702|codec:443:2703|codec:443:2704|codec:443:2705|codec:443:2706|codec:443:2707|codec:443:2708|codec:443:2709|codec:443:2710|codec:443:2711|codec:443:2712|codec:443:2713|codec:443:2714|codec:443:2715|codec:443:2716|codec:443:2717|codec:443:2718|codec:443:2719|codec:443:2720|codec:443:2721|codec:443:2722|codec:443:2723|codec:443:2724|codec:443:2725|codec:443:2726|codec:443:2727|codec:443:2728|codec:443:2729|codec:443:2730|codec:443:2731|codec:443:2732|codec:443:2733|codec:443:2734|codec:443:2735|codec:443:2736|codec:443:2737|codec:443:2738|codec:443:2739|codec:443:2740|codec:443:2741|codec:443:2742|codec:443:2743|codec:443:2744|codec:443:2745|codec:443:2746|codec:443:2747|codec:443:2748|codec:443:2749|codec:443:2750|codec:443:2751|codec:443:2752|codec:443:2753|codec:443:2754|codec:443:2755|codec:443:2756|codec:443:2757|codec:443:2758|codec:443:2759|codec:443:2760|codec:443:2761|codec:443:2762|codec:443:2763|codec:443:2764|codec:443:2765|codec:443:2766|codec:443:2767|codec:443:2768|codec:443:2769|codec:443:2770|codec:443:2771|codec:443:2772|codec:443:2773|codec:443:2774|codec:443:2775|codec:443:2776|codec:443:2778|codec:443:2779|codec:443:2780|codec:443:2781|codec:443:2782|codec:443:2783|codec:443:2784|codec:443:2785|codec:443:2790|codec:443:2791|codec:443:2792|codec:443:2793|codec:443:2794|codec:443:2795|codec:443:2796|codec:443:2797|codec:443:2798|codec:443:2799|codec:443:2800|codec:443:2801|codec:443:2802|codec:443:2803|codec:443:2804|codec:443:2805|codec:443:2806|codec:443:2807|codec:443:2808|codec:443:2809|codec:443:2810|codec:443:2811|codec:443:2812|codec:443:2813|codec:443:2814|codec:443:2815|codec:443:2816|codec:443:2817|codec:443:2818|codec:443:2819|codec:443:2820|codec:443:2822|codec:443:2823|codec:443:2825|codec:443:2826|codec:443:2827|codec:443:2828|codec:443:2829|codec:443:2830|codec:443:2831|codec:443:2832|codec:443:2833|codec:443:2834|codec:443:2835|codec:443:2836|codec:443:2837|codec:443:2838|codec:443:2839|codec:443:2840|codec:443:2841|codec:443:2842|codec:443:2843|codec:443:2844|codec:443:2845|codec:443:2846|codec:443:2847|codec:443:2848|codec:443:2849|codec:443:2850|codec:443:2851|codec:443:2852|codec:443:2853|codec:443:2854|codec:443:2855|codec:443:2856|codec:443:2857|codec:443:2858|codec:443:2859|codec:443:2860|codec:443:2861|codec:443:2862|codec:443:2863|codec:443:2864|codec:443:2865|codec:443:2866|codec:443:2867|codec:443:2868|codec:443:2869|codec:443:2870|codec:443:2871|codec:443:2872|codec:443:2873|codec:443:2874|codec:443:2875|codec:443:2876|codec:443:2877|codec:443:2878|codec:443:2879|codec:443:2880|codec:443:2881|codec:443:2882|codec:443:2883|codec:443:2884|codec:443:2885|codec:443:2886|codec:443:2887|codec:443:2888|codec:443:2889|codec:443:2890|codec:443:2891|codec:443:2892|codec:443:2893|codec:443:2894|codec:443:2895|codec:443:2896|codec:443:2897|codec:443:2898|codec:443:2899|codec:443:2900|codec:443:2901|codec:443:2902|codec:443:2903|codec:443:2904|codec:443:2905|codec:443:2906|codec:443:2907|codec:443:2908|codec:443:2909|codec:443:2910|codec:443:2911|codec:443:2912|codec:443:2913|codec:443:2914|codec:443:2915|codec:443:2916|codec:443:2917|codec:443:2918|codec:443:2919|codec:443:2920|codec:443:2921|codec:443:2922|codec:443:2923|codec:443:2924|codec:443:2925|codec:443:2926|codec:443:2927|codec:443:2928|codec:443:2929|codec:443:2930|codec:443:2931|codec:443:2932|codec:443:2933|codec:443:2934|codec:443:2935|codec:443:2936|codec:443:2937|codec:443:2938|codec:443:2939|codec:443:2940|codec:443:2941|codec:443:2942|codec:443:2943|codec:443:2944|codec:443:2945|codec:443:2946|codec:443:2947|codec:443:2948|codec:443:2949|codec:443:2950|codec:443:2951|codec:443:2952|codec:443:2953|codec:443:2954|codec:443:2956|codec:443:2958|codec:443:2959|codec:443:2960|codec:443:2961|codec:443:2962|codec:443:2963|codec:443:2964|codec:443:2966|codec:443:2967|codec:443:2968|codec:443:2969|codec:443:2970|codec:443:2971|codec:443:2972|codec:443:2973|codec:443:2974|codec:443:2975|codec:443:2976|codec:443:2977|codec:443:2978|codec:443:2979|codec:443:2980|codec:443:2981|codec:443:2982|codec:443:2983|codec:443:2984|codec:443:2987|codec:443:2989|codec:443:2990|codec:443:2991|codec:443:2992|codec:443:2993|codec:443:2994|codec:443:2995|codec:443:2996|codec:443:2997|codec:443:2998|codec:443:2999|codec:443:3000|codec:443:3001|codec:443:3002|codec:443:3003|codec:443:3004|codec:443:3005|codec:443:3006|codec:443:3007|codec:443:3008|codec:443:3009|codec:443:3010|codec:443:3011|codec:443:3012|codec:443:3013|codec:443:3014|codec:443:3015|codec:443:3016|codec:443:3018|codec:443:3019|codec:443:3020|codec:443:3021|codec:443:3022|codec:443:3023|codec:443:3024|codec:443:3025|codec:443:3026|codec:443:3029|codec:443:3031|codec:443:3032|codec:443:3033|codec:443:3034|codec:443:3035|codec:443:3036|codec:443:3037|codec:443:3038|codec:443:3039|codec:443:3041|codec:443:3042|codec:443:3043|codec:443:3044|codec:443:3045|codec:443:3046|codec:443:3047|codec:443:3048|codec:443:3049|codec:443:3050|codec:443:3051|codec:443:3052|codec:443:3053|codec:443:3054|codec:443:3055|codec:443:3056|codec:443:3057|codec:443:3058|codec:443:3059|codec:443:3060|codec:443:3061|codec:443:3062|codec:443:688|codec:443:672|codec:443:1106|codec:443:636|codec:443:2061|codec:443:56|codec:443:906|codec:443:558|codec:443:582|codec:443:723|codec:443:1010|codec:443:521|codec:443:490|codec:443:620|codec:443:606|codec:443:1728|codec:443:1724|codec:443:2254|codec:443:1537|codec:443:541|codec:443:826|codec:443:689|codec:443:2787|codec:443:550|codec:443:1342|codec:443:1069|codec:443:677|codec:443:668|codec:443:843|codec:443:3027|codec:443:2777|codec:443:693|codec:443:840|codec:443:866|codec:443:724|codec:443:967|codec:443:883|codec:443:481|codec:443:474|codec:443:55|codec:443:631|codec:443:573|codec:443:528|codec:443:709|codec:443:1008|codec:443:745|codec:443:887|codec:443:296|codec:443:695|codec:443:483|codec:443:728|codec:443:691|codec:443:939|codec:443:839|codec:443:926|codec:443:913|codec:443:987|codec:443:660|codec:443:602|codec:443:639|codec:443:787|codec:443:557|codec:443:781|codec:443:873|codec:443:796|codec:443:844|codec:443:924|codec:443:614|codec:443:1057|codec:443:503|codec:443:919|codec:443:3207|codec:443:2988|codec:443:1058|codec:443:1043|codec:443:3067|codec:443:2613|codec:443:816|codec:443:513|codec:443:2397|codec:443:2965|codec:443:2587|codec:443:3028|codec:443:1727|codec:443:916|codec:443:936|codec:443:749|codec:443:499|codec:443:712|codec:443:786|codec:443:706|codec:443:552|codec:443:553|codec:443:973|codec:443:1725|codec:443:2786|codec:443:3017|codec:443:889|codec:443:1689|codec:443:1879|codec:443:3157|codec:443:1729|codec:443:2156|codec:443:2985|codec:443:637|codec:443:473|codec:443:545|codec:443:572|codec:443:2821|codec:443:719|codec:443:898|codec:443:827|codec:443:587|codec:443:2955|codec:443:657|codec:443:577|codec:443:593|codec:443:621|codec:443:810|codec:443:588|codec:443:862|codec:443:485|codec:443:853|codec:443:2788|codec:443:1025|codec:443:811|codec:443:546|codec:443:1051|codec:443:733|codec:443:903|codec:443:580|codec:443:607|codec:443:812|codec:443:978|codec:443:700|codec:443:663|codec:443:820|codec:443:793|codec:443:548|codec:443:638|codec:443:591|codec:443:942|codec:443:594|codec:443:905|codec:443:619|codec:443:687|codec:443:985|codec:443:921|codec:443:980|codec:443:665|codec:443:584|codec:443:807|codec:443:561|codec:443:644|codec:443:611|codec:443:494|codec:443:1042|codec:443:599|codec:443:791|codec:443:738|codec:443:543|codec:443:624|codec:443:478|codec:443:507|codec:443:681|codec:443:859|codec:443:822|codec:443:837|codec:443:761|codec:443:995|codec:443:948|codec:443:892|codec:443:908|codec:443:878|codec:443:727|codec:443:1017|codec:443:1072|codec:443:998|codec:443:570|codec:443:592|codec:443:1014|codec:443:1009|codec:443:1027|codec:443:497|codec:443:881|codec:443:753|codec:443:661|codec:443:895|codec:443:509|codec:443:526|codec:443:764|codec:443:482|codec:443:740|codec:443:736|codec:443:2986|codec:443:991|codec:443:505|codec:443:635|codec:443:721|codec:443:782|codec:443:731|codec:443:730|codec:443:1002|codec:443:953|codec:443:744|codec:443:825|codec:443:799|codec:443:1070|codec:443:900|codec:443:818|codec:443:1030|codec:443:865|codec:443:880|codec:443:1023|codec:443:671|codec:443:648|codec:443:897|codec:443:747|codec:443:540|codec:443:488|codec:443:1061|codec:443:678|codec:443:1046|codec:443:981|codec:443:864|codec:443:756|codec:443:751|codec:443:1041|codec:443:911|codec:443:1004|codec:443:1064|codec:443:732|codec:443:1068|codec:443:1037|codec:443:965|codec:443:777|codec:443:1032|codec:443:480|codec:443:861|codec:443:1035|codec:443:676|codec:443:763|codec:443:525|codec:443:780|codec:443:1022|codec:443:1065|codec:443:1050|codec:443:597|codec:443:645|codec:443:2789|codec:443:3030|codec:443:788|codec:443:708|codec:443:641|codec:443:699|codec:443:685|codec:443:874|codec:443:770|codec:443:704|codec:443:714|codec:443:604|codec:443:673|codec:443:1038|codec:443:2248|codec:443:990|codec:443:659|codec:443:2031|codec:443:2824|codec:443:933|codec:443:746|codec:443:2601|codec:443:609|codec:443:1585|codec:443:1026|codec:443:1794|codec:443:1019|codec:443:568|codec:443:982|codec:443:984|codec:443:579|codec:443:1012|codec:443:512|codec:443:674|codec:443:854|codec:443:847|codec:443:653|codec:443:654|codec:443:766|codec:443:198|codec:443:735|codec:443:161|codec:443:564|codec:443:1000|codec:443:1045|codec:443:771|codec:443:702|codec:443:944|codec:443:972|codec:443:537|codec:443:765|codec:443:963|codec:443:520|codec:443:3065|codec:443:3124|codec:443:576|codec:443:923|codec:443:842|codec:443:3154|codec:443:2502|codec:443:3175|codec:443:3064|codec:443:2256|codec:443:775|codec:443:774|codec:443:2615|codec:443:2614|codec:443:3123|codec:443:603|codec:443:2957|codec:443:1722|codec:443:1968|codec:443:627|codec:443:1018|codec:443:1062|codec:443:1066|codec:443:979|codec:443:476|codec:443:1071|codec:443:531|codec:443:974|codec:443:1553|codec:443:634|codec:443:522|codec:443:737|codec:443:680|codec:443:697|codec:443:821|codec:443:477|codec:443:806|codec:443:858|codec:443:623|codec:443:664|codec:443:560|codec:443:643|codec:443:598|codec:443:139|codec:443:836|codec:443:583|codec:443:877|codec:443:610|codec:443:891|codec:443:907|codec:443:760|codec:443:467|codec:443:3250|codec:443:566|codec:443:1016|codec:443:726|codec:443:922|codec:443:468|codec:443:651|codec:443:819|codec:443:828|codec:443:590|codec:443:518|codec:443:692|codec:443:794|codec:443:925|codec:443:675|codec:443:957|codec:443:801|codec:443:1054|codec:443:703|codec:443:772|codec:443:943|codec:443:498|codec:443:899|codec:443:649|codec:443:949|codec:443:684|codec:443:1006|codec:443:804|codec:443:506|codec:443:542|codec:443:493|codec:443:1059|codec:443:529|codec:443:633|codec:443:971|codec:443:969|codec:443:831|codec:443:629|codec:443:838|codec:443:996|codec:443:808|codec:443:914|codec:443:527|codec:443:524|codec:443:729|codec:443:762|codec:443:625|codec:443:893|codec:443:1034|codec:443:562|codec:443:563|codec:443:655|codec:443:501|codec:443:852|codec:443:860|codec:443:479|codec:443:484|codec:443:666|codec:443:823|codec:443:544|codec:443:511|codec:443:585|codec:443:586|codec:443:600|codec:443:896|codec:443:632|codec:443:612|codec:443:988|codec:443:1033|codec:443:909|codec:443:1031|codec:443:758|codec:443:989|codec:443:495|codec:443:829|codec:443:538|codec:443:508|codec:443:510|codec:443:1044|codec:443:879|codec:443:682|codec:443:754|codec:443:792|codec:443:1029|codec:443:743|codec:443:658|codec:443:778|codec:443:1013|codec:443:530|codec:443:741|codec:443:532|codec:443:994|codec:443:790|codec:443:947|codec:443:742|codec:443:567|codec:443:628|codec:443:601|codec:443:798|codec:443:856|codec:443:514|codec:443:1021|codec:443:569|codec:443:715|codec:443:515|codec:443:613|codec:443:618|codec:443:849|codec:443:626|codec:443:841|codec:443:160|codec:443:472|codec:443:912|codec:443:1055|codec:443:3040|codec:443:3063|codec:443:817|codec:443:1003|codec:443:615|codec:443:533|codec:443:934|codec:443:1047|codec:443:605|codec:443:846|codec:443:875|codec:443:815|codec:443:904|codec:443:486|codec:443:888|codec:443:578|codec:443:757|codec:443:938|codec:443:803|codec:443:976|codec:443:959|codec:443:776|codec:443:3209|codec:443:3213|codec:443:574|codec:443:975|codec:443:867|codec:443:571|codec:443:630|codec:443:915|codec:443:470|codec:443:734|codec:443:647|codec:443:863|codec:443:993|codec:443:516|codec:443:750|codec:443:871|codec:443:523|codec:443:1966|codec:443:931|codec:443:1584|codec:443:1063|codec:443:1048|codec:443:650|codec:443:830|codec:443:901|codec:443:851|codec:443:554|codec:443:705|codec:443:968|codec:443:882|codec:443:475|codec:443:945|codec:443:1028|codec:443:469|codec:443:833|codec:443:868|codec:443:1001|codec:443:805|codec:443:940|codec:443:961|codec:443:1039|codec:443:717|codec:443:813|codec:443:711|codec:443:489|codec:443:850,confirmed_binary_and_builder_logic,per_gcx_size_preserved; no record relocation
codec,444,no,19,가거건걸게고교그기긴까나내네는니다데도두들라란람러런럼렇련로르를리마면모몰무뭐바반법보봐사생서설세셨소수습시쓸아않알앞야어없엇에여염오올요용움으은을의이인일입있잖적좋죠주줄지찾하합해행형확흔힘,가거건게고그기까나내네는니다데도들라람러런렇로르를리마면무뭐바법보봐사서설세소수습시아않알야어없에여올요으은을의이인일입있적좋줄지하해행,68,걸교긴두란럼련모몰반생셨쓸앞엇염오용움잖죠주찾합형확흔힘,28,1792,0,0,0,0,0,173,28,1792,-173,20,173740,0,1619,codec:444:480|codec:444:485|codec:444:486|codec:444:484|codec:444:482|codec:444:496|codec:444:489|codec:444:490|codec:444:487|codec:444:477|codec:444:495|codec:444:491|codec:444:492|codec:444:481|codec:444:479|codec:444:488|codec:444:483|codec:444:493|codec:444:494,confirmed_binary_and_builder_logic,per_gcx_size_preserved; no record relocation
codec,445,no,1,동명물발술,명물,2,동발술,3,192,0,0,0,0,0,66,3,192,-66,0,1820,0,126,codec:445:3,confirmed_binary_and_builder_logic,per_gcx_size_preserved; no record relocation
codec,446,no,0,,,0,,0,0,0,0,0,0,0,0,0,0,0,0,2464,0,0,,confirmed_binary_and_builder_logic,per_gcx_size_preserved; no record relocation
codec,447,no,0,,,0,,0,0,0,0,0,0,0,0,0,0,0,0,2120,0,0,,confirmed_binary_and_builder_logic,per_gcx_size_preserved; no record relocation
codec,448,no,0,,,0,,0,0,0,0,0,0,0,0,0,0,0,0,1944,0,0,,confirmed_binary_and_builder_logic,per_gcx_size_preserved; no record relocation
codec,449,no,0,,,0,,0,0,0,0,0,0,0,0,0,0,0,0,1900,0,0,,confirmed_binary_and_builder_logic,per_gcx_size_preserved; no record relocation
codec,450,no,0,,,0,,0,0,0,0,0,0,0,0,0,0,0,0,2212,0,0,,confirmed_binary_and_builder_logic,per_gcx_size_preserved; no record relocation
codec,451,no,2,거는섞야에연이자,거는야에이자,6,섞연,2,128,0,0,0,0,0,26,2,128,-26,0,3184,0,102,codec:451:11|codec:451:15,confirmed_binary_and_builder_logic,per_gcx_size_preserved; no record relocation
codec,452,no,1,꺼내서아에은의이템,내서아에은의이,7,꺼템,2,128,0,0,0,0,0,47,2,128,-47,0,2500,0,81,codec:452:13,confirmed_binary_and_builder_logic,per_gcx_size_preserved; no record relocation
codec,453,no,1,게기람려를면무사서선섹션에을의장착택하해,게기람려를면무사서션에을의하해,15,선섹장착택,5,320,0,0,0,0,0,19,5,320,-19,0,3920,0,301,codec:453:10,confirmed_binary_and_builder_logic,per_gcx_size_preserved; no record relocation
codec,454,no,0,,,0,,0,0,0,0,0,0,0,0,0,0,0,0,2480,0,0,,confirmed_binary_and_builder_logic,per_gcx_size_preserved; no record relocation
codec,455,no,1,가경과능니다로방으이전정조준한합확후,가니다로방으이정조한후,11,경과능전준합확,7,448,0,0,0,0,0,1,7,448,-1,0,3524,0,447,codec:455:15,confirmed_binary_and_builder_logic,per_gcx_size_preserved; no record relocation
codec,456,no,0,,,0,,0,0,0,0,0,0,0,0,0,0,0,0,2240,0,0,,confirmed_binary_and_builder_logic,per_gcx_size_preserved; no record relocation
codec,457,no,1,그때럴를써,그때럴를,4,써,1,64,0,0,0,0,0,13,1,64,-13,0,2980,0,51,codec:457:11,confirmed_binary_and_builder_logic,per_gcx_size_preserved; no record relocation
codec,458,no,1,다도들류만며수썼와은의적정탄,다도들만수와은의적정,10,류며썼탄,4,256,0,0,0,0,0,59,4,256,-59,0,3344,0,197,codec:458:14,confirmed_binary_and_builder_logic,per_gcx_size_preserved; no record relocation
codec,459,no,0,,,0,,0,0,0,0,0,0,0,0,0,0,0,0,1740,0,0,,confirmed_binary_and_builder_logic,per_gcx_size_preserved; no record relocation
codec,460,no,0,,,0,,0,0,0,0,0,0,0,0,0,0,0,0,1888,0,0,,confirmed_binary_and_builder_logic,per_gcx_size_preserved; no record relocation
codec,461,no,0,,,0,,0,0,0,0,0,0,0,0,0,0,0,0,1784,0,0,,confirmed_binary_and_builder_logic,per_gcx_size_preserved; no record relocation
codec,462,no,1,고려로맞요추칼,고려로요,4,맞추칼,3,192,0,0,0,0,0,7,3,192,-7,0,2960,0,185,codec:462:13,confirmed_binary_and_builder_logic,per_gcx_size_preserved; no record relocation
codec,463,no,0,,,0,,0,0,0,0,0,0,0,0,0,0,0,0,1580,0,0,,confirmed_binary_and_builder_logic,per_gcx_size_preserved; no record relocation
codec,464,no,1,경는다를보입자장찾치침,는다를보입자,6,경장찾치침,5,320,0,0,0,0,0,27,5,320,-27,0,3288,0,293,codec:464:10,confirmed_binary_and_builder_logic,per_gcx_size_preserved; no record relocation
codec,465,no,2,건그런방법선어없외이적피할,건그런방법어없이적할,10,선외피,3,192,0,0,0,0,0,25,3,192,-25,0,3000,0,167,codec:465:13|codec:465:11,confirmed_binary_and_builder_logic,per_gcx_size_preserved; no record relocation
codec,466,no,2,감기쁨정,기정,2,감쁨,2,128,0,0,0,0,0,7,2,128,-7,0,3052,0,121,codec:466:11|codec:466:18,confirmed_binary_and_builder_logic,per_gcx_size_preserved; no record relocation
codec,467,no,0,,,0,,0,0,0,0,0,0,0,0,0,0,0,0,2380,0,0,,confirmed_binary_and_builder_logic,per_gcx_size_preserved; no record relocation
codec,468,no,3,가개고다던동발식에여요이참판하했,가개고다에여요이하,9,던동발식참판했,7,448,0,0,0,0,0,80,7,448,-80,0,3936,0,368,codec:468:42|codec:468:13|codec:468:10,confirmed_binary_and_builder_logic,per_gcx_size_preserved; no record relocation
codec,469,no,1,가것그나는니다대를리말무슨습시아얹에요을지크탱해했,가것그나는니다대를리말무슨습시아에요을지크해,22,얹탱했,3,192,0,0,0,0,0,9,3,192,-9,0,3820,0,183,codec:469:10,confirmed_binary_and_builder_logic,per_gcx_size_preserved; no record relocation
codec,470,no,1,음,음,1,,0,0,0,0,0,0,0,0,0,0,0,0,3100,0,0,codec:470:31,confirmed_binary_and_builder_logic,per_gcx_size_preserved; no record relocation
codec,471,no,0,,,0,,0,0,0,0,0,0,0,0,0,0,0,0,2300,0,0,,confirmed_binary_and_builder_logic,per_gcx_size_preserved; no record relocation
codec,472,no,0,,,0,,0,0,0,0,0,0,0,0,0,0,0,0,1544,0,0,,confirmed_binary_and_builder_logic,per_gcx_size_preserved; no record relocation
codec,473,no,0,,,0,,0,0,0,0,0,0,0,0,0,0,0,0,2424,0,0,,confirmed_binary_and_builder_logic,per_gcx_size_preserved; no record relocation
codec,474,no,0,,,0,,0,0,0,0,0,0,0,0,0,0,0,0,1760,0,0,,confirmed_binary_and_builder_logic,per_gcx_size_preserved; no record relocation
codec,475,no,0,,,0,,0,0,0,0,0,0,0,0,0,0,0,0,1836,0,0,,confirmed_binary_and_builder_logic,per_gcx_size_preserved; no record relocation
codec,476,no,0,,,0,,0,0,0,0,0,0,0,0,0,0,0,0,1824,0,0,,confirmed_binary_and_builder_logic,per_gcx_size_preserved; no record relocation
codec,477,no,0,,,0,,0,0,0,0,0,0,0,0,0,0,0,0,3396,0,0,,confirmed_binary_and_builder_logic,per_gcx_size_preserved; no record relocation
codec,478,no,0,,,0,,0,0,0,0,0,0,0,0,0,0,0,0,1628,0,0,,confirmed_binary_and_builder_logic,per_gcx_size_preserved; no record relocation
codec,479,no,0,,,0,,0,0,0,0,0,0,0,0,0,0,0,0,1712,0,0,,confirmed_binary_and_builder_logic,per_gcx_size_preserved; no record relocation
codec,480,no,1,가고기다발송신었에의있,가고기다었에의있,8,발송신,3,192,0,0,0,0,0,20,3,192,-20,0,2776,0,172,codec:480:10,confirmed_binary_and_builder_logic,per_gcx_size_preserved; no record relocation
codec,481,no,1,니다사용은을총탄합환,니다사은을,5,용총탄합환,5,320,0,0,0,0,0,0,5,320,2,2,2504,0,322,codec:481:12,confirmed_binary_and_builder_logic,per_gcx_size_preserved; no record relocation
codec,482,no,0,,,0,,0,0,0,0,0,0,0,0,0,0,0,0,2684,0,0,,confirmed_binary_and_builder_logic,per_gcx_size_preserved; no record relocation
codec,483,no,1,군마얻었을총취형,군마었을,4,얻총취형,4,256,0,0,0,0,0,30,4,256,-30,0,2944,0,226,codec:483:10,confirmed_binary_and_builder_logic,per_gcx_size_preserved; no record relocation
codec,484,no,0,,,0,,0,0,0,0,0,0,0,0,0,0,0,0,1952,0,0,,confirmed_binary_and_builder_logic,per_gcx_size_preserved; no record relocation
codec,485,no,1,건고녹라물손수신아약요웃을이적,건고라물수아요을이적,10,녹손신약웃,5,320,0,0,0,0,0,18,5,320,-18,0,2820,0,302,codec:485:10,confirmed_binary_and_builder_logic,per_gcx_size_preserved; no record relocation
codec,486,no,0,,,0,,0,0,0,0,0,0,0,0,0,0,0,0,2224,0,0,,confirmed_binary_and_builder_logic,per_gcx_size_preserved; no record relocation
codec,487,no,0,,,0,,0,0,0,0,0,0,0,0,0,0,0,0,1768,0,0,,confirmed_binary_and_builder_logic,per_gcx_size_preserved; no record relocation
codec,488,no,1,꼭보세요지켜,보세요지,4,꼭켜,2,128,0,0,0,0,0,15,2,128,-15,0,2032,0,113,codec:488:12,confirmed_binary_and_builder_logic,per_gcx_size_preserved; no record relocation
codec,489,no,0,,,0,,0,0,0,0,0,0,0,0,0,0,0,0,1996,0,0,,confirmed_binary_and_builder_logic,per_gcx_size_preserved; no record relocation
codec,490,no,1,,,0,,0,0,0,0,0,0,0,74,0,0,-74,0,5028,74,0,codec:490:14,confirmed_binary_and_builder_logic,per_gcx_size_preserved; no record relocation
codec,491,no,0,,,0,,0,0,0,0,0,0,0,0,0,0,0,0,6600,0,0,,confirmed_binary_and_builder_logic,per_gcx_size_preserved; no record relocation
codec,492,no,2,금다만불빛세숙시요원은이익적조지해횃,금다만세숙시요원은이익적조지해,15,불빛횃,3,192,0,0,0,0,0,17,3,192,-17,0,3484,0,175,codec:492:10|codec:492:17,confirmed_binary_and_builder_logic,per_gcx_size_preserved; no record relocation
codec,493,no,0,,,0,,0,0,0,0,0,0,0,0,0,0,0,0,2356,0,0,,confirmed_binary_and_builder_logic,per_gcx_size_preserved; no record relocation
codec,494,no,3,가강개건구금는니닙다도됩두로론류를물성수스쓸아의이자철체케탄,가개건금는니다도로를물성수스아의이자,18,강구닙됩두론류쓸철체케탄,12,768,0,0,0,0,0,13,12,768,-13,0,4744,0,755,codec:494:10|codec:494:18|codec:494:12,confirmed_binary_and_builder_logic,per_gcx_size_preserved; no record relocation
codec,495,no,2,글당따라렀로를린마몸백불붙서수시실앞에엔의이자지,라로를마서수시에엔의이자지,13,글당따렀린몸백불붙실앞,11,704,0,0,0,0,0,81,11,704,-81,0,3644,0,623,codec:495:13|codec:495:18,confirmed_binary_and_builder_logic,per_gcx_size_preserved; no record relocation
codec,496,no,0,,,0,,0,0,0,0,0,0,0,0,0,0,0,0,1944,0,0,,confirmed_binary_and_builder_logic,per_gcx_size_preserved; no record relocation
codec,497,no,2,는도랐몰물실쓰야어에은이일전줄질,는도물야어에은이일줄,10,랐몰실쓰전질,6,384,0,0,0,0,0,48,6,384,-48,0,5284,0,336,codec:497:18|codec:497:20,confirmed_binary_and_builder_logic,per_gcx_size_preserved; no record relocation
codec,498,no,1,각군를생쓸이,군를이,3,각생쓸,3,192,0,0,0,0,0,11,3,192,-11,0,3200,0,181,codec:498:10,confirmed_binary_and_builder_logic,per_gcx_size_preserved; no record relocation
codec,499,no,0,,,0,,0,0,0,0,0,0,0,0,0,0,0,0,1644,0,0,,confirmed_binary_and_builder_logic,per_gcx_size_preserved; no record relocation
codec,500,no,1,던져,,0,던져,2,128,0,0,0,0,0,4,2,128,-4,0,2536,0,124,codec:500:14,confirmed_binary_and_builder_logic,per_gcx_size_preserved; no record relocation
codec,501,no,1,경계고군사시쌍안요용을하,계고군사시안요을하,9,경쌍용,3,192,0,0,0,0,0,7,3,192,-7,0,2772,0,185,codec:501:10,confirmed_binary_and_builder_logic,per_gcx_size_preserved; no record relocation
codec,502,no,0,,,0,,0,0,0,0,0,0,0,0,0,0,0,0,1740,0,0,,confirmed_binary_and_builder_logic,per_gcx_size_preserved; no record relocation
codec,503,no,0,,,0,,0,0,0,0,0,0,0,0,0,0,0,0,1772,0,0,,confirmed_binary_and_builder_logic,per_gcx_size_preserved; no record relocation
codec,504,no,2,건군그는를말뭐봐시씀야요이하,건군그는를말뭐봐시야요이하,13,씀,1,64,0,0,0,0,0,14,1,64,-14,4,4584,0,50,codec:504:10|codec:504:17,confirmed_binary_and_builder_logic,per_gcx_size_preserved; no record relocation
codec,505,no,0,,,0,,0,0,0,0,0,0,0,0,0,0,0,0,0,0,0,,confirmed_binary_and_builder_logic,per_gcx_size_preserved; no record relocation
codec,506,no,0,,,0,,0,0,0,0,0,0,0,0,0,0,0,0,2060,0,0,,confirmed_binary_and_builder_logic,per_gcx_size_preserved; no record relocation
codec,507,no,0,,,0,,0,0,0,0,0,0,0,0,0,0,0,0,2464,0,0,,confirmed_binary_and_builder_logic,per_gcx_size_preserved; no record relocation
codec,508,no,0,,,0,,0,0,0,0,0,0,0,0,0,0,0,0,1648,0,0,,confirmed_binary_and_builder_logic,per_gcx_size_preserved; no record relocation
codec,509,no,1,는디사서어언용의제주지하해,는디사서어의제지하해,10,언용주,3,192,0,0,0,0,0,12,3,192,-12,0,2720,0,180,codec:509:14,confirmed_binary_and_builder_logic,per_gcx_size_preserved; no record relocation
codec,510,no,1,,,0,,0,0,0,0,0,0,0,0,0,0,1,1,4076,0,1,codec:510:34,confirmed_binary_and_builder_logic,per_gcx_size_preserved; no record relocation
codec,511,no,0,,,0,,0,0,0,0,0,0,0,0,0,0,0,0,3664,0,0,,confirmed_binary_and_builder_logic,per_gcx_size_preserved; no record relocation
codec,512,no,0,,,0,,0,0,0,0,0,0,0,0,0,0,0,0,1780,0,0,,confirmed_binary_and_builder_logic,per_gcx_size_preserved; no record relocation
codec,513,no,0,,,0,,0,0,0,0,0,0,0,0,0,0,0,0,1780,0,0,,confirmed_binary_and_builder_logic,per_gcx_size_preserved; no record relocation
codec,514,no,0,,,0,,0,0,0,0,0,0,0,0,0,0,0,0,1564,0,0,,confirmed_binary_and_builder_logic,per_gcx_size_preserved; no record relocation
codec,515,no,1,기류수절탄,기수절,3,류탄,2,128,0,0,0,0,0,2,2,128,-2,0,1904,0,126,codec:515:10,confirmed_binary_and_builder_logic,per_gcx_size_preserved; no record relocation
codec,516,no,1,,,0,,0,0,0,0,0,0,0,83,0,0,-83,0,1828,83,0,codec:516:12,confirmed_binary_and_builder_logic,per_gcx_size_preserved; no record relocation
codec,517,no,1,니도뚫벽심으조해,니도심으조해,6,뚫벽,2,128,0,0,0,0,0,26,2,128,-26,0,2116,0,102,codec:517:12,confirmed_binary_and_builder_logic,per_gcx_size_preserved; no record relocation
codec,518,no,0,,,0,,0,0,0,0,0,0,0,0,0,0,0,0,2160,0,0,,confirmed_binary_and_builder_logic,per_gcx_size_preserved; no record relocation
codec,519,no,0,,,0,,0,0,0,0,0,0,0,0,0,0,0,0,2340,0,0,,confirmed_binary_and_builder_logic,per_gcx_size_preserved; no record relocation
codec,520,no,0,,,0,,0,0,0,0,0,0,0,0,0,0,0,0,2032,0,0,,confirmed_binary_and_builder_logic,per_gcx_size_preserved; no record relocation
codec,521,no,0,,,0,,0,0,0,0,0,0,0,0,0,0,0,0,1568,0,0,,confirmed_binary_and_builder_logic,per_gcx_size_preserved; no record relocation
codec,522,no,1,과니다릅만보비슷아요이지해,니다만보아요이지해,9,과릅비슷,4,256,0,0,0,0,0,16,4,256,-16,0,2692,0,240,codec:522:10,confirmed_binary_and_builder_logic,per_gcx_size_preserved; no record relocation
codec,523,no,0,,,0,,0,0,0,0,0,0,0,0,0,0,0,0,2480,0,0,,confirmed_binary_and_builder_logic,per_gcx_size_preserved; no record relocation
codec,524,no,0,,,0,,0,0,0,0,0,0,0,0,0,0,0,0,1616,0,0,,confirmed_binary_and_builder_logic,per_gcx_size_preserved; no record relocation
codec,525,no,0,,,0,,0,0,0,0,0,0,0,0,0,0,0,0,2480,0,0,,confirmed_binary_and_builder_logic,per_gcx_size_preserved; no record relocation
codec,526,no,0,,,0,,0,0,0,0,0,0,0,0,0,0,0,0,1728,0,0,,confirmed_binary_and_builder_logic,per_gcx_size_preserved; no record relocation
codec,527,no,0,,,0,,0,0,0,0,0,0,0,0,0,0,0,0,1524,0,0,,confirmed_binary_and_builder_logic,per_gcx_size_preserved; no record relocation
codec,528,no,3,개격견계공과기는니다대도되로록부사세습쓰었에였용으은이쟁적전정차탄터폭,개계기는니다대도되로록부사세습었에으은이적정터,23,격견공과쓰였용쟁전차탄폭,12,768,0,0,0,0,0,47,12,768,-47,0,4684,0,721,codec:528:12|codec:528:15|codec:528:10,confirmed_binary_and_builder_logic,per_gcx_size_preserved; no record relocation
codec,529,no,0,,,0,,0,0,0,0,0,0,0,0,0,0,0,0,2116,0,0,,confirmed_binary_and_builder_logic,per_gcx_size_preserved; no record relocation
codec,530,no,0,,,0,,0,0,0,0,0,0,0,0,0,0,0,0,2332,0,0,,confirmed_binary_and_builder_logic,per_gcx_size_preserved; no record relocation
codec,531,no,2,개계글니다대두란름리많머발서세습약어에와왔은을의이자전제차쳤펼활,개계니다대리머서세습어에와왔은을의이자제,20,글두란름많발약전차쳤펼활,12,768,0,0,0,0,0,20,12,768,-20,1,4432,0,748,codec:531:11|codec:531:13,confirmed_binary_and_builder_logic,per_gcx_size_preserved; no record relocation
codec,532,no,0,,,0,,0,0,0,0,0,0,0,0,0,0,0,0,2412,0,0,,confirmed_binary_and_builder_logic,per_gcx_size_preserved; no record relocation
codec,533,no,0,,,0,,0,0,0,0,0,0,0,0,0,0,0,0,2196,0,0,,confirmed_binary_and_builder_logic,per_gcx_size_preserved; no record relocation
codec,534,no,0,,,0,,0,0,0,0,0,0,0,0,0,0,0,0,1908,0,0,,confirmed_binary_and_builder_logic,per_gcx_size_preserved; no record relocation
codec,535,no,0,,,0,,0,0,0,0,0,0,0,0,0,0,0,0,1864,0,0,,confirmed_binary_and_builder_logic,per_gcx_size_preserved; no record relocation
codec,536,no,0,,,0,,0,0,0,0,0,0,0,0,0,0,0,0,1816,0,0,,confirmed_binary_and_builder_logic,per_gcx_size_preserved; no record relocation
codec,537,no,1,벌심알을조총해,심알을조해,5,벌총,2,128,0,0,0,0,0,16,2,128,-16,0,3204,0,112,codec:537:10,confirmed_binary_and_builder_logic,per_gcx_size_preserved; no record relocation
codec,538,no,1,그럼로를수어으있줄총,그로를수어으있줄,8,럼총,2,128,0,0,0,0,0,19,2,128,-19,0,2740,0,109,codec:538:13,confirmed_binary_and_builder_logic,per_gcx_size_preserved; no record relocation
codec,539,no,0,,,0,,0,0,0,0,0,0,0,0,0,0,0,0,1520,0,0,,confirmed_binary_and_builder_logic,per_gcx_size_preserved; no record relocation
codec,540,no,0,,,0,,0,0,0,0,0,0,0,0,0,0,0,0,1464,0,0,,confirmed_binary_and_builder_logic,per_gcx_size_preserved; no record relocation
codec,541,no,0,,,0,,0,0,0,0,0,0,0,0,0,0,0,0,2604,0,0,,confirmed_binary_and_builder_logic,per_gcx_size_preserved; no record relocation
codec,542,no,0,,,0,,0,0,0,0,0,0,0,0,0,0,0,0,1652,0,0,,confirmed_binary_and_builder_logic,per_gcx_size_preserved; no record relocation
codec,543,no,2,구니다도면부수술습어연의일있전종쩌,니다도면부수습어의일있,11,구술연전종쩌,6,384,0,0,0,0,0,11,6,384,-11,0,3212,0,373,codec:543:11|codec:543:12,confirmed_binary_and_builder_logic,per_gcx_size_preserved; no record relocation
codec,544,no,0,,,0,,0,0,0,0,0,0,0,0,0,0,0,0,2136,0,0,,confirmed_binary_and_builder_logic,per_gcx_size_preserved; no record relocation
codec,545,no,0,,,0,,0,0,0,0,0,0,0,0,0,0,0,0,1828,0,0,,confirmed_binary_and_builder_logic,per_gcx_size_preserved; no record relocation
codec,546,no,0,,,0,,0,0,0,0,0,0,0,0,0,0,0,0,2376,0,0,,confirmed_binary_and_builder_logic,per_gcx_size_preserved; no record relocation
codec,547,no,0,,,0,,0,0,0,0,0,0,0,0,0,0,0,0,1544,0,0,,confirmed_binary_and_builder_logic,per_gcx_size_preserved; no record relocation
codec,548,no,2,개공그기년다대래랫비였용유은의인지폼플한항행형,개그기다대래유은의인지한행,13,공년랫비였용폼플항형,10,640,0,0,0,0,0,15,10,640,-15,0,4240,0,625,codec:548:10|codec:548:12,confirmed_binary_and_builder_logic,per_gcx_size_preserved; no record relocation
codec,549,no,0,,,0,,0,0,0,0,0,0,0,0,0,0,0,0,2464,0,0,,confirmed_binary_and_builder_logic,per_gcx_size_preserved; no record relocation
codec,550,no,0,,,0,,0,0,0,0,0,0,0,0,0,0,0,0,2160,0,0,,confirmed_binary_and_builder_logic,per_gcx_size_preserved; no record relocation
codec,551,no,0,,,0,,0,0,0,0,0,0,0,0,0,0,0,0,1816,0,0,,confirmed_binary_and_builder_logic,per_gcx_size_preserved; no record relocation
codec,552,no,0,,,0,,0,0,0,0,0,0,0,0,0,0,0,0,1612,0,0,,confirmed_binary_and_builder_logic,per_gcx_size_preserved; no record relocation
codec,553,no,1,는대쓴위을장,는대위을,4,쓴장,2,128,0,0,0,0,0,30,2,128,-30,0,2420,0,98,codec:553:10,confirmed_binary_and_builder_logic,per_gcx_size_preserved; no record relocation
codec,554,no,1,,,0,,0,0,0,0,0,0,0,103,0,0,-103,0,1888,103,0,codec:554:15,confirmed_binary_and_builder_logic,per_gcx_size_preserved; no record relocation
codec,555,no,0,,,0,,0,0,0,0,0,0,0,0,0,0,0,0,1972,0,0,,confirmed_binary_and_builder_logic,per_gcx_size_preserved; no record relocation
codec,556,no,0,,,0,,0,0,0,0,0,0,0,0,0,0,0,0,1544,0,0,,confirmed_binary_and_builder_logic,per_gcx_size_preserved; no record relocation
codec,557,no,0,,,0,,0,0,0,0,0,0,0,0,0,0,0,0,2456,0,0,,confirmed_binary_and_builder_logic,per_gcx_size_preserved; no record relocation
codec,558,no,0,,,0,,0,0,0,0,0,0,0,0,0,0,0,0,2260,0,0,,confirmed_binary_and_builder_logic,per_gcx_size_preserved; no record relocation
codec,559,no,0,,,0,,0,0,0,0,0,0,0,0,0,0,0,0,2532,0,0,,confirmed_binary_and_builder_logic,per_gcx_size_preserved; no record relocation
codec,560,no,1,갖고를있지,고를있지,4,갖,1,64,0,0,0,0,0,15,1,64,-15,0,2476,0,49,codec:560:10,confirmed_binary_and_builder_logic,per_gcx_size_preserved; no record relocation
codec,561,no,0,,,0,,0,0,0,0,0,0,0,0,0,0,0,0,1756,0,0,,confirmed_binary_and_builder_logic,per_gcx_size_preserved; no record relocation
codec,562,no,0,,,0,,0,0,0,0,0,0,0,0,0,0,0,0,1508,0,0,,confirmed_binary_and_builder_logic,per_gcx_size_preserved; no record relocation
codec,563,no,0,,,0,,0,0,0,0,0,0,0,0,0,0,0,0,3372,0,0,,confirmed_binary_and_builder_logic,per_gcx_size_preserved; no record relocation
codec,564,no,1,가까너려로면무버시우으이적즉,가까려로면무버시우으이적,12,너즉,2,128,0,0,0,0,0,45,2,128,-45,0,2824,0,83,codec:564:14,confirmed_binary_and_builder_logic,per_gcx_size_preserved; no record relocation
codec,565,no,0,,,0,,0,0,0,0,0,0,0,0,0,0,0,0,2656,0,0,,confirmed_binary_and_builder_logic,per_gcx_size_preserved; no record relocation
codec,566,no,0,,,0,,0,0,0,0,0,0,0,0,0,0,0,0,1564,0,0,,confirmed_binary_and_builder_logic,per_gcx_size_preserved; no record relocation
codec,567,no,0,,,0,,0,0,0,0,0,0,0,0,0,0,0,0,1448,0,0,,confirmed_binary_and_builder_logic,per_gcx_size_preserved; no record relocation
codec,568,no,0,,,0,,0,0,0,0,0,0,0,0,0,0,0,0,1688,0,0,,confirmed_binary_and_builder_logic,per_gcx_size_preserved; no record relocation
codec,569,no,0,,,0,,0,0,0,0,0,0,0,0,0,0,0,0,1808,0,0,,confirmed_binary_and_builder_logic,per_gcx_size_preserved; no record relocation
codec,570,no,0,,,0,,0,0,0,0,0,0,0,0,0,0,0,0,1736,0,0,,confirmed_binary_and_builder_logic,per_gcx_size_preserved; no record relocation
codec,571,no,0,,,0,,0,0,0,0,0,0,0,0,0,0,0,0,1816,0,0,,confirmed_binary_and_builder_logic,per_gcx_size_preserved; no record relocation
codec,572,no,0,,,0,,0,0,0,0,0,0,0,0,0,0,0,0,1808,0,0,,confirmed_binary_and_builder_logic,per_gcx_size_preserved; no record relocation
codec,573,no,0,,,0,,0,0,0,0,0,0,0,0,0,0,0,0,4932,0,0,,confirmed_binary_and_builder_logic,per_gcx_size_preserved; no record relocation
codec,574,no,1,니대듣료를쓴액연자체,니대듣를자,5,료쓴액연체,5,320,0,0,0,0,0,28,5,320,-28,0,2464,0,292,codec:574:12,confirmed_binary_and_builder_logic,per_gcx_size_preserved; no record relocation
codec,575,no,0,,,0,,0,0,0,0,0,0,0,0,0,0,0,0,1964,0,0,,confirmed_binary_and_builder_logic,per_gcx_size_preserved; no record relocation
codec,576,no,1,,,0,,0,0,0,0,0,0,0,86,0,0,-86,0,2268,86,0,codec:576:14,confirmed_binary_and_builder_logic,per_gcx_size_preserved; no record relocation
codec,577,no,0,,,0,,0,0,0,0,0,0,0,0,0,0,0,0,2632,0,0,,confirmed_binary_and_builder_logic,per_gcx_size_preserved; no record relocation
codec,578,no,0,,,0,,0,0,0,0,0,0,0,0,0,0,0,0,1760,0,0,,confirmed_binary_and_builder_logic,per_gcx_size_preserved; no record relocation
codec,579,no,0,,,0,,0,0,0,0,0,0,0,0,0,0,0,0,1624,0,0,,confirmed_binary_and_builder_logic,per_gcx_size_preserved; no record relocation
codec,580,no,0,,,0,,0,0,0,0,0,0,0,0,0,0,0,0,2584,0,0,,confirmed_binary_and_builder_logic,per_gcx_size_preserved; no record relocation
codec,581,no,0,,,0,,0,0,0,0,0,0,0,0,0,0,0,0,1988,0,0,,confirmed_binary_and_builder_logic,per_gcx_size_preserved; no record relocation
codec,582,no,0,,,0,,0,0,0,0,0,0,0,0,0,0,0,0,1512,0,0,,confirmed_binary_and_builder_logic,per_gcx_size_preserved; no record relocation
codec,583,no,18,가내니다만많보부세아없용은이자정족지직한합,가내니다만보부세아없은이자정지한,16,많용족직합,5,320,0,0,0,0,0,1403,5,320,-1403,1,3768,1083,0,codec:583:20|codec:583:22|codec:583:23|codec:583:24|codec:583:25|codec:583:26|codec:583:27|codec:583:29|codec:583:31|codec:583:32|codec:583:33|codec:583:34|codec:583:35|codec:583:19|codec:583:28|codec:583:10|codec:583:21|codec:583:12,confirmed_binary_and_builder_logic,per_gcx_size_preserved; no record relocation
codec,584,no,0,,,0,,0,0,0,0,0,0,0,0,0,0,0,0,1780,0,0,,confirmed_binary_and_builder_logic,per_gcx_size_preserved; no record relocation
codec,585,no,0,,,0,,0,0,0,0,0,0,0,0,0,0,0,0,1588,0,0,,confirmed_binary_and_builder_logic,per_gcx_size_preserved; no record relocation
codec,586,no,2,가개군기능니다던두련만모못미성소습야양에은이있준지쳤하,가개군기니다만못미성소습야에은이있지하,19,능던두련모양준쳤,8,512,0,0,0,0,0,48,8,512,-48,0,3980,0,464,codec:586:11|codec:586:17,confirmed_binary_and_builder_logic,per_gcx_size_preserved; no record relocation
codec,587,no,0,,,0,,0,0,0,0,0,0,0,0,0,0,0,0,1808,0,0,,confirmed_binary_and_builder_logic,per_gcx_size_preserved; no record relocation
codec,588,no,0,,,0,,0,0,0,0,0,0,0,0,0,0,0,0,1544,0,0,,confirmed_binary_and_builder_logic,per_gcx_size_preserved; no record relocation
codec,589,no,0,,,0,,0,0,0,0,0,0,0,0,0,0,0,0,2420,0,0,,confirmed_binary_and_builder_logic,per_gcx_size_preserved; no record relocation
codec,590,no,0,,,0,,0,0,0,0,0,0,0,0,0,0,0,0,1760,0,0,,confirmed_binary_and_builder_logic,per_gcx_size_preserved; no record relocation
codec,591,no,0,,,0,,0,0,0,0,0,0,0,0,0,0,0,0,1932,0,0,,confirmed_binary_and_builder_logic,per_gcx_size_preserved; no record relocation
codec,592,no,0,,,0,,0,0,0,0,0,0,0,0,0,0,0,0,1748,0,0,,confirmed_binary_and_builder_logic,per_gcx_size_preserved; no record relocation
codec,593,no,0,,,0,,0,0,0,0,0,0,0,0,0,0,0,0,1508,0,0,,confirmed_binary_and_builder_logic,per_gcx_size_preserved; no record relocation
codec,594,no,0,,,0,,0,0,0,0,0,0,0,0,0,0,0,0,2072,0,0,,confirmed_binary_and_builder_logic,per_gcx_size_preserved; no record relocation
codec,595,no,0,,,0,,0,0,0,0,0,0,0,0,0,0,0,0,1972,0,0,,confirmed_binary_and_builder_logic,per_gcx_size_preserved; no record relocation
codec,596,no,0,,,0,,0,0,0,0,0,0,0,0,0,0,0,0,1916,0,0,,confirmed_binary_and_builder_logic,per_gcx_size_preserved; no record relocation
codec,597,no,0,,,0,,0,0,0,0,0,0,0,0,0,0,0,0,1820,0,0,,confirmed_binary_and_builder_logic,per_gcx_size_preserved; no record relocation
codec,598,no,3,겠괜농니닙다담무세슨아알에요으이일찮,겠니다무세슨아알에요으이일,13,괜농닙담찮,5,320,0,0,0,0,0,0,5,320,3,9,6408,0,323,codec:598:88|codec:598:12|codec:598:10,confirmed_binary_and_builder_logic,per_gcx_size_preserved; no record relocation
codec,599,no,1,료를서설액야얻에연요은체치크탱해,를서설야에요은크해,9,료액얻연체치탱,7,448,0,0,0,0,0,21,7,448,-21,0,3148,0,427,codec:599:10,confirmed_binary_and_builder_logic,per_gcx_size_preserved; no record relocation
codec,600,no,1,각건드를리면산야이조,건드를리면야이조,8,각산,2,128,0,0,0,0,0,8,2,128,-8,0,2528,0,120,codec:600:12,confirmed_binary_and_builder_logic,per_gcx_size_preserved; no record relocation
codec,601,no,0,,,0,,0,0,0,0,0,0,0,0,0,0,0,0,2216,0,0,,confirmed_binary_and_builder_logic,per_gcx_size_preserved; no record relocation
codec,602,no,0,,,0,,0,0,0,0,0,0,0,0,0,0,0,0,1732,0,0,,confirmed_binary_and_builder_logic,per_gcx_size_preserved; no record relocation
codec,603,no,0,,,0,,0,0,0,0,0,0,0,0,0,0,0,0,2464,0,0,,confirmed_binary_and_builder_logic,per_gcx_size_preserved; no record relocation
codec,604,no,0,,,0,,0,0,0,0,0,0,0,0,0,0,0,0,2224,0,0,,confirmed_binary_and_builder_logic,per_gcx_size_preserved; no record relocation
codec,605,no,0,,,0,,0,0,0,0,0,0,0,0,0,0,0,0,2072,0,0,,confirmed_binary_and_builder_logic,per_gcx_size_preserved; no record relocation
codec,606,no,1,를봐써,를봐,2,써,1,64,0,0,0,0,0,4,1,64,-4,0,1872,0,60,codec:606:10,confirmed_binary_and_builder_logic,per_gcx_size_preserved; no record relocation
codec,607,no,0,,,0,,0,0,0,0,0,0,0,0,0,0,0,0,1596,0,0,,confirmed_binary_and_builder_logic,per_gcx_size_preserved; no record relocation
codec,608,no,0,,,0,,0,0,0,0,0,0,0,0,0,0,0,0,1736,0,0,,confirmed_binary_and_builder_logic,per_gcx_size_preserved; no record relocation
codec,609,no,0,,,0,,0,0,0,0,0,0,0,0,0,0,0,0,1776,0,0,,confirmed_binary_and_builder_logic,per_gcx_size_preserved; no record relocation
codec,610,no,0,,,0,,0,0,0,0,0,0,0,0,0,0,0,0,2012,0,0,,confirmed_binary_and_builder_logic,per_gcx_size_preserved; no record relocation
codec,611,no,0,,,0,,0,0,0,0,0,0,0,0,0,0,0,0,2200,0,0,,confirmed_binary_and_builder_logic,per_gcx_size_preserved; no record relocation
codec,612,no,0,,,0,,0,0,0,0,0,0,0,0,0,0,0,0,1840,0,0,,confirmed_binary_and_builder_logic,per_gcx_size_preserved; no record relocation
codec,613,no,0,,,0,,0,0,0,0,0,0,0,0,0,0,0,0,1896,0,0,,confirmed_binary_and_builder_logic,per_gcx_size_preserved; no record relocation
codec,614,no,0,,,0,,0,0,0,0,0,0,0,0,0,0,0,0,1632,0,0,,confirmed_binary_and_builder_logic,per_gcx_size_preserved; no record relocation
codec,615,no,0,,,0,,0,0,0,0,0,0,0,0,0,0,0,0,2360,0,0,,confirmed_binary_and_builder_logic,per_gcx_size_preserved; no record relocation
codec,616,no,1,걸는들마만쓰지총취키,는들마만지키,6,걸쓰총취,4,256,0,0,0,0,0,26,4,256,-26,0,2384,0,230,codec:616:12,confirmed_binary_and_builder_logic,per_gcx_size_preserved; no record relocation
codec,617,no,0,,,0,,0,0,0,0,0,0,0,0,0,0,0,0,1744,0,0,,confirmed_binary_and_builder_logic,per_gcx_size_preserved; no record relocation
codec,618,no,0,,,0,,0,0,0,0,0,0,0,0,0,0,0,0,2124,0,0,,confirmed_binary_and_builder_logic,per_gcx_size_preserved; no record relocation
codec,619,no,0,,,0,,0,0,0,0,0,0,0,0,0,0,0,0,2008,0,0,,confirmed_binary_and_builder_logic,per_gcx_size_preserved; no record relocation
codec,620,no,0,,,0,,0,0,0,0,0,0,0,0,0,0,0,0,2036,0,0,,confirmed_binary_and_builder_logic,per_gcx_size_preserved; no record relocation
codec,621,no,0,,,0,,0,0,0,0,0,0,0,0,0,0,0,0,1924,0,0,,confirmed_binary_and_builder_logic,per_gcx_size_preserved; no record relocation
codec,622,no,0,,,0,,0,0,0,0,0,0,0,0,0,0,0,0,1944,0,0,,confirmed_binary_and_builder_logic,per_gcx_size_preserved; no record relocation
codec,623,no,0,,,0,,0,0,0,0,0,0,0,0,0,0,0,0,1616,0,0,,confirmed_binary_and_builder_logic,per_gcx_size_preserved; no record relocation
codec,624,no,0,,,0,,0,0,0,0,0,0,0,0,0,0,0,0,1576,0,0,,confirmed_binary_and_builder_logic,per_gcx_size_preserved; no record relocation
codec,625,no,1,놈들로막아와을,들로아와을,5,놈막,2,128,0,0,0,0,0,18,2,128,-18,0,2396,0,110,codec:625:13,confirmed_binary_and_builder_logic,per_gcx_size_preserved; no record relocation
codec,626,no,0,,,0,,0,0,0,0,0,0,0,0,0,0,0,0,1744,0,0,,confirmed_binary_and_builder_logic,per_gcx_size_preserved; no record relocation
codec,627,no,0,,,0,,0,0,0,0,0,0,0,0,0,0,0,0,1748,0,0,,confirmed_binary_and_builder_logic,per_gcx_size_preserved; no record relocation
codec,628,no,0,,,0,,0,0,0,0,0,0,0,0,0,0,0,0,1520,0,0,,confirmed_binary_and_builder_logic,per_gcx_size_preserved; no record relocation
codec,629,no,0,,,0,,0,0,0,0,0,0,0,0,0,0,0,0,1860,0,0,,confirmed_binary_and_builder_logic,per_gcx_size_preserved; no record relocation
codec,630,no,0,,,0,,0,0,0,0,0,0,0,0,0,0,0,0,1744,0,0,,confirmed_binary_and_builder_logic,per_gcx_size_preserved; no record relocation
codec,631,no,0,,,0,,0,0,0,0,0,0,0,0,0,0,0,0,1728,0,0,,confirmed_binary_and_builder_logic,per_gcx_size_preserved; no record relocation
codec,632,no,1,너동무반심아열이짧총해,무심아이해,5,너동반열짧총,6,384,0,0,0,0,0,43,6,384,-43,0,2548,0,341,codec:632:12,confirmed_binary_and_builder_logic,per_gcx_size_preserved; no record relocation
codec,633,no,0,,,0,,0,0,0,0,0,0,0,0,0,0,0,0,1864,0,0,,confirmed_binary_and_builder_logic,per_gcx_size_preserved; no record relocation
codec,634,no,1,가격공면받으을,가면으을,4,격공받,3,192,0,0,0,0,0,10,3,192,-10,0,2124,0,182,codec:634:10,confirmed_binary_and_builder_logic,per_gcx_size_preserved; no record relocation
codec,635,no,0,,,0,,0,0,0,0,0,0,0,0,0,0,0,0,1880,0,0,,confirmed_binary_and_builder_logic,per_gcx_size_preserved; no record relocation
codec,636,no,1,도봐잘,도봐잘,3,,0,0,0,0,0,0,0,17,0,0,-17,0,2060,17,0,codec:636:12,confirmed_binary_and_builder_logic,per_gcx_size_preserved; no record relocation
codec,637,no,0,,,0,,0,0,0,0,0,0,0,0,0,0,0,0,1604,0,0,,confirmed_binary_and_builder_logic,per_gcx_size_preserved; no record relocation
codec,638,no,0,,,0,,0,0,0,0,0,0,0,0,0,0,0,0,1556,0,0,,confirmed_binary_and_builder_logic,per_gcx_size_preserved; no record relocation
codec,639,no,1,도돼말안정,도말안정,4,돼,1,64,0,0,0,0,0,0,1,64,1,1,3988,0,65,codec:639:15,confirmed_binary_and_builder_logic,per_gcx_size_preserved; no record relocation
codec,640,no,1,기무요,기무요,3,,0,0,0,0,0,0,0,2,0,0,-2,0,2744,2,0,codec:640:16,confirmed_binary_and_builder_logic,per_gcx_size_preserved; no record relocation
codec,641,no,0,,,0,,0,0,0,0,0,0,0,0,0,0,0,0,1532,0,0,,confirmed_binary_and_builder_logic,per_gcx_size_preserved; no record relocation
codec,642,no,2,것관니다달문어없에은이입장제조한현,것니다문어없에은이입제조한,13,관달장현,4,256,0,0,0,0,0,7,4,256,-7,0,3424,0,249,codec:642:16|codec:642:10,confirmed_binary_and_builder_logic,per_gcx_size_preserved; no record relocation
codec,643,no,3,네는달도레사시실아안았어에요용은을이있작저지탄트피하험,네는도사시아안았어에요은을이있저지하험,19,달레실용작탄트피,8,512,0,0,0,0,0,62,8,512,-62,0,4060,0,450,codec:643:10|codec:643:17|codec:643:22,confirmed_binary_and_builder_logic,per_gcx_size_preserved; no record relocation
codec,644,no,0,,,0,,0,0,0,0,0,0,0,0,0,0,0,0,1692,0,0,,confirmed_binary_and_builder_logic,per_gcx_size_preserved; no record relocation
codec,645,no,0,,,0,,0,0,0,0,0,0,0,0,0,0,0,0,1556,0,0,,confirmed_binary_and_builder_logic,per_gcx_size_preserved; no record relocation
codec,646,no,0,,,0,,0,0,0,0,0,0,0,0,0,0,0,0,1560,0,0,,confirmed_binary_and_builder_logic,per_gcx_size_preserved; no record relocation
codec,647,no,3,만뭐왜지하,만뭐왜지하,5,,0,0,0,0,0,0,0,12,0,0,-12,2,2868,12,0,codec:647:11|codec:647:28|codec:647:16,confirmed_binary_and_builder_logic,per_gcx_size_preserved; no record relocation
codec,648,no,1,갖고군을있,고군을있,4,갖,1,64,0,0,0,0,0,7,1,64,-7,0,1928,0,57,codec:648:10,confirmed_binary_and_builder_logic,per_gcx_size_preserved; no record relocation
codec,649,no,0,,,0,,0,0,0,0,0,0,0,0,0,0,0,0,2260,0,0,,confirmed_binary_and_builder_logic,per_gcx_size_preserved; no record relocation
codec,650,no,0,,,0,,0,0,0,0,0,0,0,0,0,0,0,0,1760,0,0,,confirmed_binary_and_builder_logic,per_gcx_size_preserved; no record relocation
codec,651,no,0,,,0,,0,0,0,0,0,0,0,0,0,0,0,0,1864,0,0,,confirmed_binary_and_builder_logic,per_gcx_size_preserved; no record relocation
codec,652,no,6,가간같거건것교구그글난능니다도독되드로를링망머문반상솜습쎄씨야약었에완요원위은의이일입적전정제창체총프한할해홀히,가간같거건것그난니다도되드로를머문상습야었에요원위은의이일입적정제프한할해히,38,교구글능독링망반솜쎄씨약완전창체총홀,18,1152,0,0,0,0,0,105,18,1152,-105,6,7264,0,1047,codec:652:10|codec:652:20|codec:652:17|codec:652:15|codec:652:32|codec:652:31,confirmed_binary_and_builder_logic,per_gcx_size_preserved; no record relocation
codec,653,no,9,거것고네다델를마많모쓰아야은이일있주,거것고네다를마아야은이일있,13,델많모쓰주,5,320,0,0,0,0,0,734,5,320,-734,0,3632,414,0,codec:653:27|codec:653:28|codec:653:29|codec:653:30|codec:653:31|codec:653:32|codec:653:33|codec:653:14|codec:653:10,confirmed_binary_and_builder_logic,per_gcx_size_preserved; no record relocation
codec,654,no,3,가거나났내는디를리말사서았어요용죠지찾트패하했,가거나내는디를리말사서았어요지하,16,났용죠찾트패했,7,448,0,0,0,0,0,11,7,448,-11,5,4016,0,437,codec:654:14|codec:654:46|codec:654:10,confirmed_binary_and_builder_logic,per_gcx_size_preserved; no record relocation
codec,655,no,6,가개거겠그니다도들렇련로마만면명문발본소아어없으은을이있자적제죠중지체탄했,가개거겠그니다도들렇로마만면명문본소아어없으은을이있자적제지,30,련발죠중체탄했,7,448,0,0,0,0,0,52,7,448,-52,3,5168,0,396,codec:655:49|codec:655:12|codec:655:59|codec:655:25|codec:655:16|codec:655:26,confirmed_binary_and_builder_logic,per_gcx_size_preserved; no record relocation
codec,656,no,4,각건검것과그낸는니다달도된들라로리많반보봐불색생소습써아였위으은이일입잘총해,건것그는니다도들라로리보봐소습아위으은이일입잘해,24,각검과낸달된많반불색생써였총,14,896,0,0,0,0,0,63,14,896,-63,0,5636,0,833,codec:656:20|codec:656:28|codec:656:22|codec:656:15,confirmed_binary_and_builder_logic,per_gcx_size_preserved; no record relocation
codec,657,no,2,갖계고년됐성시에완은을죠첫,계고됐성시에은을,8,갖년완죠첫,5,320,0,0,0,0,0,16,5,320,-16,0,3300,0,304,codec:657:10|codec:657:12,confirmed_binary_and_builder_logic,per_gcx_size_preserved; no record relocation
codec,658,no,3,갖계고국군꿔는대로미바부분서설수시쓸야요은을의이있제품,계고군는대로미바부분서설수시야요은을의이있제,22,갖국꿔쓸품,5,320,0,0,0,0,0,49,5,320,-49,0,5912,0,271,codec:658:10|codec:658:11|codec:658:15,confirmed_binary_and_builder_logic,per_gcx_size_preserved; no record relocation
codec,659,no,3,갖격계고군는니다동랫러를소습시아안었였오요은이저준총표,계고군는니다러를소습시아안었요은이저,18,갖격동랫였오준총표,9,576,0,0,0,0,0,43,9,576,-43,2,4136,0,533,codec:659:10|codec:659:13|codec:659:35,confirmed_binary_and_builder_logic,per_gcx_size_preserved; no record relocation
codec,660,no,2,가것고는능도배서쏘율을절조하해,가것고는도서을절조하해,11,능배쏘율,4,256,0,0,0,0,0,44,4,256,-44,0,2980,0,212,codec:660:15|codec:660:12,confirmed_binary_and_builder_logic,per_gcx_size_preserved; no record relocation
codec,661,no,6,가개게겨귀까나낙는니다돼되로마발사산생서성습씩아안었에여연용일점져조주지프하한,가개게까나는니다되로마사서성습아안었에여일점조지프하한,27,겨귀낙돼발산생씩연용져주,12,768,0,0,0,0,0,58,12,768,-58,5,5296,0,710,codec:661:16|codec:661:50|codec:661:23|codec:661:14|codec:661:27|codec:661:19,confirmed_binary_and_builder_logic,per_gcx_size_preserved; no record relocation
codec,662,no,4,경그는더도돼두럴로리맞면보수쏠아않약어없에을있적정조준지탄폭표확히,그는더도럴로리면보수아않어없에을있적정조지히,22,경돼두맞쏠약준탄폭표확,11,704,0,0,0,0,0,70,11,704,-70,0,5340,0,634,codec:662:57|codec:662:14|codec:662:18|codec:662:20,confirmed_binary_and_builder_logic,per_gcx_size_preserved; no record relocation
codec,663,no,3,가같것군돼로를머발설성소수아어얻었와요이있장좀치타특폭한,가같것군로를머설성소수아어었와요이있특한,20,돼발얻장좀치타폭,8,512,0,0,0,0,0,27,8,512,-27,0,4064,0,485,codec:663:10|codec:663:12|codec:663:15,confirmed_binary_and_builder_logic,per_gcx_size_preserved; no record relocation
codec,664,no,0,,,0,,0,0,0,0,0,0,0,0,0,0,0,0,1900,0,0,,confirmed_binary_and_builder_logic,per_gcx_size_preserved; no record relocation
codec,665,no,0,,,0,,0,0,0,0,0,0,0,0,0,0,0,0,1484,0,0,,confirmed_binary_and_builder_logic,per_gcx_size_preserved; no record relocation
codec,666,no,5,거게고놓는다도된런렇로뢰복서설수식심어울으은이있적제주지치포한할해회,거게고는다도런렇로서설수심어으은이있적제지포한할해,25,놓된뢰복식울주치회,9,576,0,0,0,0,0,256,9,576,-256,0,5512,0,320,codec:666:22|codec:666:26|codec:666:20|codec:666:52|codec:666:19,confirmed_binary_and_builder_logic,per_gcx_size_preserved; no record relocation
codec,667,no,1,거군기는류상수에요이있탄한,거군기는상수에요이있한,11,류탄,2,128,0,0,0,0,0,5,2,128,-5,0,2880,0,123,codec:667:10,confirmed_binary_and_builder_logic,per_gcx_size_preserved; no record relocation
codec,668,no,2,갖결고과군노는든랑를만물야약연을의이있자정합해화,고군는를만물야을의이있자정해,14,갖결과노든랑약연합화,10,640,0,0,0,0,0,41,10,640,-41,0,4116,0,599,codec:668:10|codec:668:11,confirmed_binary_and_builder_logic,per_gcx_size_preserved; no record relocation
codec,669,no,0,,,0,,0,0,0,0,0,0,0,0,0,0,0,0,1948,0,0,,confirmed_binary_and_builder_logic,per_gcx_size_preserved; no record relocation
codec,670,no,2,갖고구나는다달덫렸로봐실에운을이있잡제쥐지,고나는다로봐에을이있잡제지,13,갖구달덫렸실운쥐,8,512,0,0,0,0,0,48,8,512,-48,0,3756,0,464,codec:670:10|codec:670:14,confirmed_binary_and_builder_logic,per_gcx_size_preserved; no record relocation
codec,671,no,0,,,0,,0,0,0,0,0,0,0,0,0,0,0,0,1540,0,0,,confirmed_binary_and_builder_logic,per_gcx_size_preserved; no record relocation
codec,672,no,0,,,0,,0,0,0,0,0,0,0,0,0,0,0,0,2544,0,0,,confirmed_binary_and_builder_logic,per_gcx_size_preserved; no record relocation
codec,673,no,0,,,0,,0,0,0,0,0,0,0,0,0,0,0,0,1820,0,0,,confirmed_binary_and_builder_logic,per_gcx_size_preserved; no record relocation
codec,674,no,1,그뭐봐야옷은이,그뭐봐야은이,6,옷,1,64,0,0,0,0,0,13,1,64,-13,0,3284,0,51,codec:674:10,confirmed_binary_and_builder_logic,per_gcx_size_preserved; no record relocation
codec,675,no,3,거근기는다려로뢰를리면비사소알용장죠준지처탐하,거근기는다려로를리면사소알지하,15,뢰비용장죠준처탐,8,512,0,0,0,0,0,62,8,512,-62,0,3784,0,450,codec:675:17|codec:675:10|codec:675:11,confirmed_binary_and_builder_logic,per_gcx_size_preserved; no record relocation
codec,676,no,4,갑걸그기래마명쓰어온왜운음이자졌평해,그기래마명어왜음이자해,11,갑걸쓰온운졌평,7,448,0,0,0,0,0,103,7,448,-103,0,4192,0,345,codec:676:54|codec:676:12|codec:676:15|codec:676:16,confirmed_binary_and_builder_logic,per_gcx_size_preserved; no record relocation
codec,677,no,0,,,0,,0,0,0,0,0,0,0,0,0,0,0,0,1732,0,0,,confirmed_binary_and_builder_logic,per_gcx_size_preserved; no record relocation
codec,678,no,0,,,0,,0,0,0,0,0,0,0,0,0,0,0,0,1552,0,0,,confirmed_binary_and_builder_logic,per_gcx_size_preserved; no record relocation
codec,679,no,0,,,0,,0,0,0,0,0,0,0,0,0,0,0,0,2388,0,0,,confirmed_binary_and_builder_logic,per_gcx_size_preserved; no record relocation
codec,680,no,5,게경과나도딕라러련메몰무물보슨야어었에요이일있자패항효,게나도라러무물보슨야어었에요이일있자,18,경과딕련메몰패항효,9,576,0,0,0,0,0,8,9,576,-8,5,5528,0,568,codec:680:31|codec:680:23|codec:680:24|codec:680:20|codec:680:25,confirmed_binary_and_builder_logic,per_gcx_size_preserved; no record relocation
codec,681,no,2,단면비은일장하,면은일하,4,단비장,3,192,0,0,0,0,0,10,3,192,-10,0,4496,0,182,codec:681:21|codec:681:25,confirmed_binary_and_builder_logic,per_gcx_size_preserved; no record relocation
codec,682,no,0,,,0,,0,0,0,0,0,0,0,0,0,0,0,0,1528,0,0,,confirmed_binary_and_builder_logic,per_gcx_size_preserved; no record relocation
codec,683,no,0,,,0,,0,0,0,0,0,0,0,0,0,0,0,0,2092,0,0,,confirmed_binary_and_builder_logic,per_gcx_size_preserved; no record relocation
codec,684,no,2,고대라로맘뭐해,고대라로뭐해,6,맘,1,64,0,0,0,0,0,22,1,64,-22,0,2284,0,42,codec:684:13|codec:684:17,confirmed_binary_and_builder_logic,per_gcx_size_preserved; no record relocation
codec,685,no,0,,,0,,0,0,0,0,0,0,0,0,0,0,0,0,1548,0,0,,confirmed_binary_and_builder_logic,per_gcx_size_preserved; no record relocation
codec,686,no,0,,,0,,0,0,0,0,0,0,0,0,0,0,0,0,2136,0,0,,confirmed_binary_and_builder_logic,per_gcx_size_preserved; no record relocation
codec,687,no,2,,,0,,0,0,0,0,0,0,0,111,0,0,-111,0,1560,111,0,codec:687:11|codec:687:12,confirmed_binary_and_builder_logic,per_gcx_size_preserved; no record relocation
codec,688,no,1,가거남대던래베병야원입트해,가거대래야원입해,8,남던베병트,5,320,0,0,0,0,0,18,5,320,-18,0,2708,0,302,codec:688:11,confirmed_binary_and_builder_logic,per_gcx_size_preserved; no record relocation
codec,689,no,0,,,0,,0,0,0,0,0,0,0,0,0,0,0,0,1556,0,0,,confirmed_binary_and_builder_logic,per_gcx_size_preserved; no record relocation
codec,690,no,0,,,0,,0,0,0,0,0,0,0,0,0,0,0,0,2192,0,0,,confirmed_binary_and_builder_logic,per_gcx_size_preserved; no record relocation
codec,691,no,0,,,0,,0,0,0,0,0,0,0,0,0,0,0,0,1560,0,0,,confirmed_binary_and_builder_logic,per_gcx_size_preserved; no record relocation
codec,692,no,0,,,0,,0,0,0,0,0,0,0,0,0,0,0,0,1904,0,0,,confirmed_binary_and_builder_logic,per_gcx_size_preserved; no record relocation
codec,693,no,5,,,0,,0,0,0,0,0,0,0,221,0,0,-221,0,2020,221,0,codec:693:15|codec:693:16|codec:693:17|codec:693:19|codec:693:20,confirmed_binary_and_builder_logic,per_gcx_size_preserved; no record relocation
codec,694,no,0,,,0,,0,0,0,0,0,0,0,0,0,0,0,0,1860,0,0,,confirmed_binary_and_builder_logic,per_gcx_size_preserved; no record relocation
codec,695,no,1,같것낵스은차,같것스은,4,낵차,2,128,0,0,0,0,0,5,2,128,-5,0,4972,0,123,codec:695:31,confirmed_binary_and_builder_logic,per_gcx_size_preserved; no record relocation
codec,696,no,1,,,0,,0,0,0,0,0,0,0,65,0,0,-65,0,1556,65,0,codec:696:11,confirmed_binary_and_builder_logic,per_gcx_size_preserved; no record relocation
codec,697,no,0,,,0,,0,0,0,0,0,0,0,0,0,0,0,0,2300,0,0,,confirmed_binary_and_builder_logic,per_gcx_size_preserved; no record relocation
codec,698,no,0,,,0,,0,0,0,0,0,0,0,0,0,0,0,0,1544,0,0,,confirmed_binary_and_builder_logic,per_gcx_size_preserved; no record relocation
codec,699,no,0,,,0,,0,0,0,0,0,0,0,0,0,0,0,0,2104,0,0,,confirmed_binary_and_builder_logic,per_gcx_size_preserved; no record relocation
codec,700,no,1,,,0,,0,0,0,0,0,0,0,64,0,0,-64,0,1548,64,0,codec:700:11,confirmed_binary_and_builder_logic,per_gcx_size_preserved; no record relocation
codec,701,no,0,,,0,,0,0,0,0,0,0,0,0,0,0,0,0,2388,0,0,,confirmed_binary_and_builder_logic,per_gcx_size_preserved; no record relocation
codec,702,no,0,,,0,,0,0,0,0,0,0,0,0,0,0,0,0,1516,0,0,,confirmed_binary_and_builder_logic,per_gcx_size_preserved; no record relocation
codec,703,no,0,,,0,,0,0,0,0,0,0,0,0,0,0,0,0,2512,0,0,,confirmed_binary_and_builder_logic,per_gcx_size_preserved; no record relocation
codec,704,no,0,,,0,,0,0,0,0,0,0,0,0,0,0,0,0,1520,0,0,,confirmed_binary_and_builder_logic,per_gcx_size_preserved; no record relocation
codec,705,no,0,,,0,,0,0,0,0,0,0,0,0,0,0,0,0,2440,0,0,,confirmed_binary_and_builder_logic,per_gcx_size_preserved; no record relocation
codec,706,no,1,,,0,,0,0,0,0,0,0,0,69,0,0,-69,0,1576,69,0,codec:706:12,confirmed_binary_and_builder_logic,per_gcx_size_preserved; no record relocation
codec,707,no,0,,,0,,0,0,0,0,0,0,0,0,0,0,0,0,2156,0,0,,confirmed_binary_and_builder_logic,per_gcx_size_preserved; no record relocation
codec,708,no,0,,,0,,0,0,0,0,0,0,0,0,0,0,0,0,1512,0,0,,confirmed_binary_and_builder_logic,per_gcx_size_preserved; no record relocation
codec,709,no,0,,,0,,0,0,0,0,0,0,0,0,0,0,0,0,1548,0,0,,confirmed_binary_and_builder_logic,per_gcx_size_preserved; no record relocation
codec,710,no,2,건게그다도든라래만몰물뭐뭔야옷이잘진,건게그다도라래만물뭐야이잘,13,든몰뭔옷진,5,320,0,0,0,0,0,40,5,320,-40,0,3208,0,280,codec:710:13|codec:710:11,confirmed_binary_and_builder_logic,per_gcx_size_preserved; no record relocation
codec,711,no,0,,,0,,0,0,0,0,0,0,0,0,0,0,0,0,1528,0,0,,confirmed_binary_and_builder_logic,per_gcx_size_preserved; no record relocation
codec,712,no,0,,,0,,0,0,0,0,0,0,0,0,0,0,0,0,2576,0,0,,confirmed_binary_and_builder_logic,per_gcx_size_preserved; no record relocation
codec,713,no,1,,,0,,0,0,0,0,0,0,0,64,0,0,-64,0,2200,64,0,codec:713:32,confirmed_binary_and_builder_logic,per_gcx_size_preserved; no record relocation
codec,714,no,0,,,0,,0,0,0,0,0,0,0,0,0,0,0,0,2120,0,0,,confirmed_binary_and_builder_logic,per_gcx_size_preserved; no record relocation
codec,715,no,0,,,0,,0,0,0,0,0,0,0,0,0,0,0,0,1868,0,0,,confirmed_binary_and_builder_logic,per_gcx_size_preserved; no record relocation
codec,716,no,1,나었을의입,나었을의입,5,,0,0,0,0,0,0,0,6,0,0,-6,0,2472,6,0,codec:716:10,confirmed_binary_and_builder_logic,per_gcx_size_preserved; no record relocation
codec,717,no,1,,,0,,0,0,0,0,0,0,0,52,0,0,-52,0,1548,52,0,codec:717:12,confirmed_binary_and_builder_logic,per_gcx_size_preserved; no record relocation
codec,718,no,0,,,0,,0,0,0,0,0,0,0,0,0,0,0,0,1768,0,0,,confirmed_binary_and_builder_logic,per_gcx_size_preserved; no record relocation
codec,719,no,0,,,0,,0,0,0,0,0,0,0,0,0,0,0,0,1880,0,0,,confirmed_binary_and_builder_logic,per_gcx_size_preserved; no record relocation
codec,720,no,0,,,0,,0,0,0,0,0,0,0,0,0,0,0,0,1868,0,0,,confirmed_binary_and_builder_logic,per_gcx_size_preserved; no record relocation
codec,721,no,2,금뭘어었입지,금어었입지,5,뭘,1,64,0,0,0,0,0,12,1,64,-12,0,2380,0,52,codec:721:11|codec:721:10,confirmed_binary_and_builder_logic,per_gcx_size_preserved; no record relocation
codec,722,no,2,게뭐술야어얻었에위은장저지,게뭐야어었에위은저지,10,술얻장,3,192,0,0,0,0,0,21,3,192,-21,0,2632,0,171,codec:722:11|codec:722:10,confirmed_binary_and_builder_logic,per_gcx_size_preserved; no record relocation
codec,723,no,1,봉아,아,1,봉,1,64,0,0,0,0,0,1,1,64,-1,0,2876,0,63,codec:723:26,confirmed_binary_and_builder_logic,per_gcx_size_preserved; no record relocation
codec,724,no,1,가끼니다서습에왔요이져,가니다서습에왔요이,9,끼져,2,128,0,0,0,0,0,2,2,128,-2,0,2536,0,126,codec:724:11,confirmed_binary_and_builder_logic,per_gcx_size_preserved; no record relocation
codec,725,no,1,건그금뭐야은입지,건그금뭐야은입지,8,,0,0,0,0,0,0,0,11,0,0,-11,0,2340,11,0,codec:725:10,confirmed_binary_and_builder_logic,per_gcx_size_preserved; no record relocation
codec,726,no,3,군그는를만모보상쓸어여응이있지하한했,군그는를만보상어여응이있지하한,15,모쓸했,3,192,0,0,0,0,0,22,3,192,-22,0,3136,0,170,codec:726:38|codec:726:10|codec:726:12,confirmed_binary_and_builder_logic,per_gcx_size_preserved; no record relocation
codec,727,no,1,가건떤어인저,가건어인저,5,떤,1,64,0,0,0,0,0,7,1,64,-7,0,2424,0,57,codec:727:10,confirmed_binary_and_builder_logic,per_gcx_size_preserved; no record relocation
codec,728,no,1,군당미술신쓴요응이친,군미요응이,5,당술신쓴친,5,320,0,0,0,0,0,12,5,320,-12,0,2380,0,308,codec:728:10,confirmed_binary_and_builder_logic,per_gcx_size_preserved; no record relocation
codec,729,no,6,가그냐덱래면뭐미스안왜이인쿼,가그래면뭐미스안왜이인,11,냐덱쿼,3,192,0,0,0,0,0,78,3,192,-78,2,4952,0,114,codec:729:42|codec:729:43|codec:729:33|codec:729:70|codec:729:64|codec:729:32,confirmed_binary_and_builder_logic,per_gcx_size_preserved; no record relocation
codec,730,no,0,,,0,,0,0,0,0,0,0,0,0,0,0,0,0,1556,0,0,,confirmed_binary_and_builder_logic,per_gcx_size_preserved; no record relocation
codec,731,no,1,아,아,1,,0,0,0,0,0,0,0,0,0,0,0,0,2540,0,0,codec:731:22,confirmed_binary_and_builder_logic,per_gcx_size_preserved; no record relocation
codec,732,no,0,,,0,,0,0,0,0,0,0,0,0,0,0,0,0,1552,0,0,,confirmed_binary_and_builder_logic,per_gcx_size_preserved; no record relocation
codec,733,no,0,,,0,,0,0,0,0,0,0,0,0,0,0,0,0,1788,0,0,,confirmed_binary_and_builder_logic,per_gcx_size_preserved; no record relocation
codec,734,no,0,,,0,,0,0,0,0,0,0,0,0,0,0,0,0,1524,0,0,,confirmed_binary_and_builder_logic,per_gcx_size_preserved; no record relocation
codec,735,no,0,,,0,,0,0,0,0,0,0,0,0,0,0,0,0,1692,0,0,,confirmed_binary_and_builder_logic,per_gcx_size_preserved; no record relocation
codec,736,no,0,,,0,,0,0,0,0,0,0,0,0,0,0,0,0,1532,0,0,,confirmed_binary_and_builder_logic,per_gcx_size_preserved; no record relocation
codec,737,no,0,,,0,,0,0,0,0,0,0,0,0,0,0,0,0,1732,0,0,,confirmed_binary_and_builder_logic,per_gcx_size_preserved; no record relocation
codec,738,no,0,,,0,,0,0,0,0,0,0,0,0,0,0,0,0,1564,0,0,,confirmed_binary_and_builder_logic,per_gcx_size_preserved; no record relocation
codec,739,no,0,,,0,,0,0,0,0,0,0,0,0,0,0,0,0,1928,0,0,,confirmed_binary_and_builder_logic,per_gcx_size_preserved; no record relocation
codec,740,no,0,,,0,,0,0,0,0,0,0,0,0,0,0,0,0,1564,0,0,,confirmed_binary_and_builder_logic,per_gcx_size_preserved; no record relocation
codec,741,no,0,,,0,,0,0,0,0,0,0,0,0,0,0,0,0,1824,0,0,,confirmed_binary_and_builder_logic,per_gcx_size_preserved; no record relocation
codec,742,no,0,,,0,,0,0,0,0,0,0,0,0,0,0,0,0,1516,0,0,,confirmed_binary_and_builder_logic,per_gcx_size_preserved; no record relocation
codec,743,no,0,,,0,,0,0,0,0,0,0,0,0,0,0,0,0,1752,0,0,,confirmed_binary_and_builder_logic,per_gcx_size_preserved; no record relocation
codec,744,no,1,가부키,가부키,3,,0,0,0,0,0,0,0,0,0,0,0,0,2776,0,0,codec:744:12,confirmed_binary_and_builder_logic,per_gcx_size_preserved; no record relocation
codec,745,no,45,거건게그꿀나녕놓뜻렇멋무바보봤서세스슨심안않어없에여영요이인있지진쳤팅페하화,거건게그나뜻렇무바보봤서세스슨심안않어없에여요이인있지하,28,꿀녕놓멋영진쳤팅페화,10,640,0,0,0,0,0,1241,10,640,-1241,9,6664,601,0,codec:745:21|codec:745:23|codec:745:26|codec:745:27|codec:745:28|codec:745:36|codec:745:39|codec:745:42|codec:745:46|codec:745:48|codec:745:52|codec:745:53|codec:745:54|codec:745:55|codec:745:58|codec:745:59|codec:745:60|codec:745:61|codec:745:62|codec:745:63|codec:745:64|codec:745:65|codec:745:66|codec:745:67|codec:745:68|codec:745:69|codec:745:70|codec:745:71|codec:745:73|codec:745:74|codec:745:75|codec:745:76|codec:745:78|codec:745:56|codec:745:81|codec:745:72|codec:745:24|codec:745:49|codec:745:57|codec:745:34|codec:745:51|codec:745:40|codec:745:20|codec:745:45|codec:745:22,confirmed_binary_and_builder_logic,per_gcx_size_preserved; no record relocation
codec,746,no,2,고그는라뭐야해,고그는라뭐야해,7,,0,0,0,0,0,0,0,12,0,0,-12,0,3032,12,0,codec:746:11|codec:746:10,confirmed_binary_and_builder_logic,per_gcx_size_preserved; no record relocation
codec,747,no,2,결국됐리만버소아않았은잖지진취하,됐리만버소아않았은지하,11,결국잖진취,5,320,0,0,0,0,0,19,5,320,-19,0,3000,0,301,codec:747:14|codec:747:16,confirmed_binary_and_builder_logic,per_gcx_size_preserved; no record relocation
codec,748,no,0,,,0,,0,0,0,0,0,0,0,0,0,0,0,0,1720,0,0,,confirmed_binary_and_builder_logic,per_gcx_size_preserved; no record relocation
codec,749,no,0,,,0,,0,0,0,0,0,0,0,0,0,0,0,0,1536,0,0,,confirmed_binary_and_builder_logic,per_gcx_size_preserved; no record relocation
codec,750,no,2,그까니다떻렇론물술습어은입,그까니다떻렇물습어은입,11,론술,2,128,0,0,0,0,0,2,2,128,-2,0,2780,0,126,codec:750:11|codec:750:15,confirmed_binary_and_builder_logic,per_gcx_size_preserved; no record relocation
codec,751,no,2,,,0,,0,0,0,0,0,0,0,140,0,0,-140,0,3424,140,0,codec:751:30|codec:751:31,confirmed_binary_and_builder_logic,per_gcx_size_preserved; no record relocation
codec,752,no,3,가격군궁그금네녀는니다디런배법사서어영요웠을지집촬하해,가군그금네녀는니다디런법사서어요을지하해,20,격궁배영웠집촬,7,448,0,0,0,0,0,22,7,448,-22,0,4148,0,426,codec:752:42|codec:752:20|codec:752:31,confirmed_binary_and_builder_logic,per_gcx_size_preserved; no record relocation
codec,753,no,0,,,0,,0,0,0,0,0,0,0,0,0,0,0,0,3432,0,0,,confirmed_binary_and_builder_logic,per_gcx_size_preserved; no record relocation
codec,754,no,1,,,0,,0,0,0,0,0,0,0,13,0,0,-13,0,6888,13,0,codec:754:11,confirmed_binary_and_builder_logic,per_gcx_size_preserved; no record relocation
codec,755,no,0,,,0,,0,0,0,0,0,0,0,0,0,0,0,0,1520,0,0,,confirmed_binary_and_builder_logic,per_gcx_size_preserved; no record relocation
codec,756,no,0,,,0,,0,0,0,0,0,0,0,0,0,0,0,0,2152,0,0,,confirmed_binary_and_builder_logic,per_gcx_size_preserved; no record relocation
codec,757,no,2,가것네다른야없은,가것네다야없은,7,른,1,64,0,0,0,0,0,0,1,64,0,4,2788,0,64,codec:757:11|codec:757:12,confirmed_binary_and_builder_logic,per_gcx_size_preserved; no record relocation
codec,758,no,0,,,0,,0,0,0,0,0,0,0,0,0,0,0,0,1868,0,0,,confirmed_binary_and_builder_logic,per_gcx_size_preserved; no record relocation
codec,759,no,0,,,0,,0,0,0,0,0,0,0,0,0,0,0,0,1716,0,0,,confirmed_binary_and_builder_logic,per_gcx_size_preserved; no record relocation
codec,760,no,1,,,0,,0,0,0,0,0,0,0,5,0,0,-5,0,2068,5,0,codec:760:10,confirmed_binary_and_builder_logic,per_gcx_size_preserved; no record relocation
codec,761,no,0,,,0,,0,0,0,0,0,0,0,0,0,0,0,0,1504,0,0,,confirmed_binary_and_builder_logic,per_gcx_size_preserved; no record relocation
codec,762,no,0,,,0,,0,0,0,0,0,0,0,0,0,0,0,0,1496,0,0,,confirmed_binary_and_builder_logic,per_gcx_size_preserved; no record relocation
codec,763,no,0,,,0,,0,0,0,0,0,0,0,0,0,0,0,0,1508,0,0,,confirmed_binary_and_builder_logic,per_gcx_size_preserved; no record relocation
codec,764,no,0,,,0,,0,0,0,0,0,0,0,0,0,0,0,0,1496,0,0,,confirmed_binary_and_builder_logic,per_gcx_size_preserved; no record relocation
codec,765,no,0,,,0,,0,0,0,0,0,0,0,0,0,0,0,0,1516,0,0,,confirmed_binary_and_builder_logic,per_gcx_size_preserved; no record relocation
codec,766,no,2973,가각감갖같개거건검것게겠격견결경계고곳공과관구군귀규그기까꺼꽤나난날납내너네노눈는능늬니다당대던데도돌동되될됩두드든들때떻또뜨라람랑래량러럼렇력련로론료류르를릅리림마막만말맘맞면모무문물뭉뭐미믿바반발배버번병보복봐부분불붙비빨빼뺐쁘쁜사산삼상색생서석설성세소송수쉬스슨습시신실심십써쓰씀아안않았야양어억업없었에연예오온요용우유으은을음의이인일임입있작잘장저적전제조종좋죠중지직진질차처체초춘충취치친캐콥크타탄탱터테토투툭트특틀페폭품프피필하한할해했행헬현형화확활효히,가같개거건것게겠계고곳군그기까나난날내네는니다대데도돌되될드들때떻또라람래러렇로르를리마만말면무문물뭐미믿바버번보봐부분사상서석설성세소수스슨습시심아안않았야어없었에요우유으은을음의이인일임입있잘저적제조좋지크터특프필하한할해행히,115,각감갖검격견결경공과관구귀규꺼꽤납너노눈능늬당던동됩두든뜨랑량럼력련론료류릅림막맘맞모뭉반발배병복불붙비빨빼뺐쁘쁜산삼색생송쉬신실십써쓰씀양억업연예오온용작장전종죠중직진질차처체초춘충취치친캐콥타탄탱테토투툭트틀페폭품피했헬현형화확활효,118,7552,0,0,0,0,0,204659,118,7552,-204659,63,300060,197107,0,codec:766:1202|codec:766:1203|codec:766:1204|codec:766:1205|codec:766:1206|codec:766:1207|codec:766:1208|codec:766:1209|codec:766:1210|codec:766:1211|codec:766:1212|codec:766:1214|codec:766:1215|codec:766:1217|codec:766:1218|codec:766:1219|codec:766:1220|codec:766:1221|codec:766:1222|codec:766:1223|codec:766:1225|codec:766:1226|codec:766:1228|codec:766:1230|codec:766:1231|codec:766:1232|codec:766:1233|codec:766:1234|codec:766:1235|codec:766:1236|codec:766:1237|codec:766:1238|codec:766:1239|codec:766:1240|codec:766:1241|codec:766:1242|codec:766:1243|codec:766:1244|codec:766:1245|codec:766:1246|codec:766:1247|codec:766:1248|codec:766:1249|codec:766:1250|codec:766:1251|codec:766:1252|codec:766:1253|codec:766:1254|codec:766:1255|codec:766:1256|codec:766:1257|codec:766:1258|codec:766:1259|codec:766:1260|codec:766:1261|codec:766:1262|codec:766:1263|codec:766:1264|codec:766:1265|codec:766:1266|codec:766:1267|codec:766:1268|codec:766:1269|codec:766:1270|codec:766:1271|codec:766:1272|codec:766:1273|codec:766:1274|codec:766:1275|codec:766:1276|codec:766:1277|codec:766:1278|codec:766:1279|codec:766:1280|codec:766:1281|codec:766:1282|codec:766:1283|codec:766:1284|codec:766:1285|codec:766:1286|codec:766:1287|codec:766:1288|codec:766:1290|codec:766:1291|codec:766:1292|codec:766:1293|codec:766:1294|codec:766:1295|codec:766:1296|codec:766:1297|codec:766:1298|codec:766:1299|codec:766:1300|codec:766:1301|codec:766:1302|codec:766:1303|codec:766:1304|codec:766:1305|codec:766:1306|codec:766:1307|codec:766:1308|codec:766:1309|codec:766:1310|codec:766:1312|codec:766:1313|codec:766:1314|codec:766:1315|codec:766:1316|codec:766:1317|codec:766:1318|codec:766:1319|codec:766:1320|codec:766:1321|codec:766:1322|codec:766:1323|codec:766:1324|codec:766:1325|codec:766:1326|codec:766:1327|codec:766:1328|codec:766:1329|codec:766:1330|codec:766:1331|codec:766:1332|codec:766:1333|codec:766:1334|codec:766:1335|codec:766:1336|codec:766:1337|codec:766:1338|codec:766:1339|codec:766:1340|codec:766:1341|codec:766:1342|codec:766:1343|codec:766:1344|codec:766:1345|codec:766:1346|codec:766:1347|codec:766:1348|codec:766:1349|codec:766:1350|codec:766:1351|codec:766:1352|codec:766:1353|codec:766:1354|codec:766:1355|codec:766:1356|codec:766:1357|codec:766:1358|codec:766:1359|codec:766:1360|codec:766:1361|codec:766:1362|codec:766:1363|codec:766:1364|codec:766:1365|codec:766:1366|codec:766:1367|codec:766:1368|codec:766:1369|codec:766:1370|codec:766:1371|codec:766:1372|codec:766:1373|codec:766:1374|codec:766:1375|codec:766:1376|codec:766:1378|codec:766:1379|codec:766:1380|codec:766:1381|codec:766:1382|codec:766:1383|codec:766:1384|codec:766:1385|codec:766:1386|codec:766:1387|codec:766:1388|codec:766:1389|codec:766:1390|codec:766:1391|codec:766:1392|codec:766:1393|codec:766:1394|codec:766:1395|codec:766:1396|codec:766:1397|codec:766:1398|codec:766:1399|codec:766:1400|codec:766:1401|codec:766:1402|codec:766:1403|codec:766:1404|codec:766:1405|codec:766:1406|codec:766:1407|codec:766:1408|codec:766:1409|codec:766:1410|codec:766:1411|codec:766:1412|codec:766:1413|codec:766:1414|codec:766:1415|codec:766:1416|codec:766:1417|codec:766:1418|codec:766:1419|codec:766:1420|codec:766:1421|codec:766:1422|codec:766:1423|codec:766:1424|codec:766:1425|codec:766:1426|codec:766:1427|codec:766:1428|codec:766:1429|codec:766:1430|codec:766:1431|codec:766:1432|codec:766:1433|codec:766:1434|codec:766:1435|codec:766:1436|codec:766:1437|codec:766:1438|codec:766:1439|codec:766:1440|codec:766:1441|codec:766:1442|codec:766:1443|codec:766:1444|codec:766:1445|codec:766:1446|codec:766:1447|codec:766:1448|codec:766:1449|codec:766:1450|codec:766:1451|codec:766:1452|codec:766:1453|codec:766:1454|codec:766:1455|codec:766:1456|codec:766:1457|codec:766:1458|codec:766:1459|codec:766:1460|codec:766:1461|codec:766:1462|codec:766:1463|codec:766:1464|codec:766:1465|codec:766:1466|codec:766:1467|codec:766:1468|codec:766:1469|codec:766:1470|codec:766:1471|codec:766:1472|codec:766:1473|codec:766:1474|codec:766:1475|codec:766:1476|codec:766:1477|codec:766:1478|codec:766:1479|codec:766:1480|codec:766:1481|codec:766:1482|codec:766:1483|codec:766:1484|codec:766:1485|codec:766:1486|codec:766:1487|codec:766:1488|codec:766:1489|codec:766:1490|codec:766:1491|codec:766:1492|codec:766:1493|codec:766:1494|codec:766:1495|codec:766:1496|codec:766:1497|codec:766:1498|codec:766:1499|codec:766:1500|codec:766:1501|codec:766:1502|codec:766:1503|codec:766:1504|codec:766:1505|codec:766:1506|codec:766:1507|codec:766:1508|codec:766:1509|codec:766:1510|codec:766:1511|codec:766:1512|codec:766:1513|codec:766:1514|codec:766:1515|codec:766:1516|codec:766:1517|codec:766:1518|codec:766:1519|codec:766:1520|codec:766:1521|codec:766:1522|codec:766:1523|codec:766:1524|codec:766:1525|codec:766:1526|codec:766:1527|codec:766:1528|codec:766:1529|codec:766:1530|codec:766:1531|codec:766:1532|codec:766:1533|codec:766:1534|codec:766:1535|codec:766:1536|codec:766:1537|codec:766:1538|codec:766:1539|codec:766:1540|codec:766:1541|codec:766:1542|codec:766:1543|codec:766:1544|codec:766:1545|codec:766:1546|codec:766:1547|codec:766:1548|codec:766:1549|codec:766:1550|codec:766:1551|codec:766:1552|codec:766:1553|codec:766:1554|codec:766:1555|codec:766:1556|codec:766:1557|codec:766:1558|codec:766:1559|codec:766:1560|codec:766:1561|codec:766:1562|codec:766:1563|codec:766:1564|codec:766:1565|codec:766:1566|codec:766:1567|codec:766:1568|codec:766:1569|codec:766:1570|codec:766:1571|codec:766:1572|codec:766:1573|codec:766:1574|codec:766:1575|codec:766:1576|codec:766:1577|codec:766:1578|codec:766:1579|codec:766:1580|codec:766:1581|codec:766:1582|codec:766:1583|codec:766:1584|codec:766:1585|codec:766:1586|codec:766:1587|codec:766:1588|codec:766:1589|codec:766:1590|codec:766:1591|codec:766:1592|codec:766:1593|codec:766:1594|codec:766:1595|codec:766:1596|codec:766:1597|codec:766:1598|codec:766:1599|codec:766:1600|codec:766:1601|codec:766:1602|codec:766:1603|codec:766:1604|codec:766:1605|codec:766:1606|codec:766:1607|codec:766:1608|codec:766:1609|codec:766:1610|codec:766:1611|codec:766:1612|codec:766:1613|codec:766:1614|codec:766:1615|codec:766:1616|codec:766:1617|codec:766:1618|codec:766:1619|codec:766:1620|codec:766:1621|codec:766:1622|codec:766:1623|codec:766:1624|codec:766:1625|codec:766:1626|codec:766:1627|codec:766:1628|codec:766:1629|codec:766:1630|codec:766:1631|codec:766:1632|codec:766:1633|codec:766:1634|codec:766:1635|codec:766:1636|codec:766:1637|codec:766:1638|codec:766:1639|codec:766:1640|codec:766:1641|codec:766:1642|codec:766:1643|codec:766:1644|codec:766:1645|codec:766:1646|codec:766:1647|codec:766:1648|codec:766:1649|codec:766:1650|codec:766:1651|codec:766:1652|codec:766:1653|codec:766:1654|codec:766:1655|codec:766:1656|codec:766:1657|codec:766:1658|codec:766:1659|codec:766:1660|codec:766:1661|codec:766:1662|codec:766:1663|codec:766:1664|codec:766:1665|codec:766:1666|codec:766:1667|codec:766:1668|codec:766:1669|codec:766:1670|codec:766:1671|codec:766:1672|codec:766:1673|codec:766:1674|codec:766:1675|codec:766:1676|codec:766:1677|codec:766:1678|codec:766:1679|codec:766:1680|codec:766:1681|codec:766:1682|codec:766:1683|codec:766:1684|codec:766:1685|codec:766:1686|codec:766:1687|codec:766:1688|codec:766:1689|codec:766:1690|codec:766:1691|codec:766:1692|codec:766:1693|codec:766:1694|codec:766:1695|codec:766:1696|codec:766:1697|codec:766:1698|codec:766:1699|codec:766:1700|codec:766:1701|codec:766:1702|codec:766:1703|codec:766:1704|codec:766:1705|codec:766:1706|codec:766:1707|codec:766:1708|codec:766:1709|codec:766:1710|codec:766:1711|codec:766:1712|codec:766:1713|codec:766:1714|codec:766:1715|codec:766:1716|codec:766:1717|codec:766:1718|codec:766:1719|codec:766:1720|codec:766:1721|codec:766:1722|codec:766:1723|codec:766:1724|codec:766:1725|codec:766:1726|codec:766:1727|codec:766:1728|codec:766:1729|codec:766:1730|codec:766:1731|codec:766:1732|codec:766:1733|codec:766:1734|codec:766:1735|codec:766:1736|codec:766:1737|codec:766:1738|codec:766:1739|codec:766:1740|codec:766:1741|codec:766:1742|codec:766:1743|codec:766:1744|codec:766:1745|codec:766:1746|codec:766:1747|codec:766:1748|codec:766:1749|codec:766:1750|codec:766:1751|codec:766:1752|codec:766:1753|codec:766:1754|codec:766:1755|codec:766:1756|codec:766:1757|codec:766:1758|codec:766:1759|codec:766:1760|codec:766:1761|codec:766:1762|codec:766:1763|codec:766:1764|codec:766:1765|codec:766:1766|codec:766:1767|codec:766:1768|codec:766:1769|codec:766:1770|codec:766:1771|codec:766:1772|codec:766:1773|codec:766:1774|codec:766:1775|codec:766:1776|codec:766:1777|codec:766:1778|codec:766:1779|codec:766:1780|codec:766:1781|codec:766:1782|codec:766:1783|codec:766:1784|codec:766:1785|codec:766:1786|codec:766:1787|codec:766:1788|codec:766:1789|codec:766:1790|codec:766:1791|codec:766:1792|codec:766:1793|codec:766:1794|codec:766:1795|codec:766:1796|codec:766:1797|codec:766:1798|codec:766:1799|codec:766:1800|codec:766:1801|codec:766:1802|codec:766:1803|codec:766:1804|codec:766:1805|codec:766:1806|codec:766:1807|codec:766:1808|codec:766:1809|codec:766:1810|codec:766:1811|codec:766:1812|codec:766:1813|codec:766:1814|codec:766:1815|codec:766:1816|codec:766:1817|codec:766:1818|codec:766:1819|codec:766:1820|codec:766:1821|codec:766:1822|codec:766:1823|codec:766:1824|codec:766:1825|codec:766:1826|codec:766:1827|codec:766:1828|codec:766:1829|codec:766:1830|codec:766:1831|codec:766:1832|codec:766:1833|codec:766:1834|codec:766:1835|codec:766:1836|codec:766:1837|codec:766:1838|codec:766:1839|codec:766:1840|codec:766:1841|codec:766:1842|codec:766:1843|codec:766:1844|codec:766:1845|codec:766:1846|codec:766:1847|codec:766:1848|codec:766:1849|codec:766:1850|codec:766:1851|codec:766:1852|codec:766:1853|codec:766:1854|codec:766:1855|codec:766:1856|codec:766:1857|codec:766:1858|codec:766:1859|codec:766:1860|codec:766:1861|codec:766:1862|codec:766:1863|codec:766:1864|codec:766:1865|codec:766:1866|codec:766:1867|codec:766:1868|codec:766:1869|codec:766:1870|codec:766:1871|codec:766:1872|codec:766:1873|codec:766:1874|codec:766:1875|codec:766:1876|codec:766:1877|codec:766:1878|codec:766:1879|codec:766:1880|codec:766:1881|codec:766:1882|codec:766:1883|codec:766:1884|codec:766:1885|codec:766:1886|codec:766:1887|codec:766:1888|codec:766:1889|codec:766:1890|codec:766:1891|codec:766:1892|codec:766:1893|codec:766:1894|codec:766:1895|codec:766:1896|codec:766:1897|codec:766:1898|codec:766:1899|codec:766:1900|codec:766:1901|codec:766:1902|codec:766:1903|codec:766:1904|codec:766:1905|codec:766:1906|codec:766:1907|codec:766:1908|codec:766:1909|codec:766:1910|codec:766:1911|codec:766:1912|codec:766:1913|codec:766:1914|codec:766:1915|codec:766:1916|codec:766:1917|codec:766:1918|codec:766:1919|codec:766:1920|codec:766:1921|codec:766:1922|codec:766:1923|codec:766:1924|codec:766:1925|codec:766:1926|codec:766:1927|codec:766:1928|codec:766:1929|codec:766:1930|codec:766:1931|codec:766:1932|codec:766:1933|codec:766:1934|codec:766:1935|codec:766:1936|codec:766:1937|codec:766:1938|codec:766:1939|codec:766:1940|codec:766:1941|codec:766:1942|codec:766:1943|codec:766:1944|codec:766:1945|codec:766:1946|codec:766:1947|codec:766:1948|codec:766:1949|codec:766:1950|codec:766:1951|codec:766:1952|codec:766:1953|codec:766:1954|codec:766:1955|codec:766:1956|codec:766:1957|codec:766:1958|codec:766:1959|codec:766:1960|codec:766:1961|codec:766:1962|codec:766:1963|codec:766:1964|codec:766:1965|codec:766:1966|codec:766:1967|codec:766:1968|codec:766:1969|codec:766:1970|codec:766:1971|codec:766:1972|codec:766:1973|codec:766:1974|codec:766:1975|codec:766:1976|codec:766:1977|codec:766:1978|codec:766:1979|codec:766:1980|codec:766:1981|codec:766:1982|codec:766:1983|codec:766:1984|codec:766:1985|codec:766:1986|codec:766:1987|codec:766:1988|codec:766:1989|codec:766:1990|codec:766:1991|codec:766:1992|codec:766:1993|codec:766:1994|codec:766:1995|codec:766:1996|codec:766:1997|codec:766:1998|codec:766:1999|codec:766:2000|codec:766:2001|codec:766:2002|codec:766:2003|codec:766:2004|codec:766:2005|codec:766:2006|codec:766:2007|codec:766:2008|codec:766:2009|codec:766:2010|codec:766:2011|codec:766:2012|codec:766:2014|codec:766:2015|codec:766:2016|codec:766:2017|codec:766:2018|codec:766:2019|codec:766:2020|codec:766:2021|codec:766:2022|codec:766:2023|codec:766:2024|codec:766:2025|codec:766:2026|codec:766:2027|codec:766:2028|codec:766:2029|codec:766:2030|codec:766:2031|codec:766:2032|codec:766:2033|codec:766:2034|codec:766:2035|codec:766:2036|codec:766:2037|codec:766:2038|codec:766:2039|codec:766:2040|codec:766:2041|codec:766:2042|codec:766:2043|codec:766:2044|codec:766:2045|codec:766:2046|codec:766:2047|codec:766:2048|codec:766:2049|codec:766:2050|codec:766:2051|codec:766:2052|codec:766:2053|codec:766:2054|codec:766:2055|codec:766:2056|codec:766:2057|codec:766:2058|codec:766:2059|codec:766:2060|codec:766:2061|codec:766:2062|codec:766:2063|codec:766:2064|codec:766:2065|codec:766:2066|codec:766:2067|codec:766:2068|codec:766:2069|codec:766:2070|codec:766:2071|codec:766:2072|codec:766:2073|codec:766:2074|codec:766:2075|codec:766:2076|codec:766:2077|codec:766:2078|codec:766:2079|codec:766:2080|codec:766:2081|codec:766:2082|codec:766:2083|codec:766:2084|codec:766:2085|codec:766:2086|codec:766:2087|codec:766:2088|codec:766:2089|codec:766:2090|codec:766:2091|codec:766:2092|codec:766:2093|codec:766:2094|codec:766:2095|codec:766:2096|codec:766:2097|codec:766:2098|codec:766:2099|codec:766:2100|codec:766:2101|codec:766:2102|codec:766:2103|codec:766:2104|codec:766:2105|codec:766:2106|codec:766:2107|codec:766:2108|codec:766:2109|codec:766:2110|codec:766:2111|codec:766:2112|codec:766:2113|codec:766:2114|codec:766:2115|codec:766:2116|codec:766:2117|codec:766:2118|codec:766:2119|codec:766:2120|codec:766:2121|codec:766:2122|codec:766:2123|codec:766:2124|codec:766:2125|codec:766:2126|codec:766:2127|codec:766:2128|codec:766:2129|codec:766:2130|codec:766:2131|codec:766:2132|codec:766:2133|codec:766:2134|codec:766:2135|codec:766:2136|codec:766:2137|codec:766:2138|codec:766:2139|codec:766:2140|codec:766:2141|codec:766:2142|codec:766:2143|codec:766:2144|codec:766:2145|codec:766:2146|codec:766:2147|codec:766:2148|codec:766:2149|codec:766:2150|codec:766:2151|codec:766:2152|codec:766:2153|codec:766:2154|codec:766:2155|codec:766:2156|codec:766:2157|codec:766:2158|codec:766:2159|codec:766:2160|codec:766:2161|codec:766:2162|codec:766:2163|codec:766:2164|codec:766:2165|codec:766:2166|codec:766:2167|codec:766:2168|codec:766:2169|codec:766:2170|codec:766:2171|codec:766:2172|codec:766:2173|codec:766:2174|codec:766:2175|codec:766:2176|codec:766:2177|codec:766:2178|codec:766:2179|codec:766:2180|codec:766:2181|codec:766:2182|codec:766:2183|codec:766:2184|codec:766:2185|codec:766:2186|codec:766:2187|codec:766:2188|codec:766:2189|codec:766:2190|codec:766:2191|codec:766:2192|codec:766:2193|codec:766:2194|codec:766:2195|codec:766:2196|codec:766:2197|codec:766:2198|codec:766:2199|codec:766:2200|codec:766:2201|codec:766:2202|codec:766:2203|codec:766:2204|codec:766:2205|codec:766:2206|codec:766:2207|codec:766:2208|codec:766:2209|codec:766:2210|codec:766:2211|codec:766:2212|codec:766:2213|codec:766:2214|codec:766:2215|codec:766:2216|codec:766:2217|codec:766:2218|codec:766:2219|codec:766:2220|codec:766:2221|codec:766:2222|codec:766:2223|codec:766:2224|codec:766:2225|codec:766:2226|codec:766:2227|codec:766:2228|codec:766:2229|codec:766:2230|codec:766:2231|codec:766:2232|codec:766:2233|codec:766:2234|codec:766:2235|codec:766:2236|codec:766:2237|codec:766:2238|codec:766:2239|codec:766:2240|codec:766:2241|codec:766:2242|codec:766:2243|codec:766:2244|codec:766:2245|codec:766:2246|codec:766:2247|codec:766:2248|codec:766:2249|codec:766:2250|codec:766:2251|codec:766:2252|codec:766:2253|codec:766:2254|codec:766:2255|codec:766:2256|codec:766:2257|codec:766:2258|codec:766:2259|codec:766:2260|codec:766:2261|codec:766:2262|codec:766:2263|codec:766:2264|codec:766:2265|codec:766:2266|codec:766:2267|codec:766:2268|codec:766:2269|codec:766:2270|codec:766:2271|codec:766:2272|codec:766:2273|codec:766:2274|codec:766:2275|codec:766:2276|codec:766:2277|codec:766:2278|codec:766:2279|codec:766:2280|codec:766:2281|codec:766:2282|codec:766:2283|codec:766:2284|codec:766:2285|codec:766:2286|codec:766:2287|codec:766:2288|codec:766:2289|codec:766:2290|codec:766:2291|codec:766:2292|codec:766:2293|codec:766:2294|codec:766:2295|codec:766:2296|codec:766:2297|codec:766:2298|codec:766:2299|codec:766:2300|codec:766:2301|codec:766:2302|codec:766:2303|codec:766:2304|codec:766:2305|codec:766:2306|codec:766:2307|codec:766:2308|codec:766:2309|codec:766:2310|codec:766:2311|codec:766:2312|codec:766:2313|codec:766:2314|codec:766:2315|codec:766:2316|codec:766:2317|codec:766:2318|codec:766:2319|codec:766:2320|codec:766:2321|codec:766:2322|codec:766:2323|codec:766:2324|codec:766:2325|codec:766:2326|codec:766:2327|codec:766:2328|codec:766:2329|codec:766:2330|codec:766:2331|codec:766:2332|codec:766:2333|codec:766:2334|codec:766:2335|codec:766:2336|codec:766:2337|codec:766:2338|codec:766:2339|codec:766:2340|codec:766:2341|codec:766:2342|codec:766:2343|codec:766:2344|codec:766:2345|codec:766:2346|codec:766:2347|codec:766:2348|codec:766:2349|codec:766:2350|codec:766:2351|codec:766:2352|codec:766:2353|codec:766:2354|codec:766:2355|codec:766:2356|codec:766:2357|codec:766:2358|codec:766:2359|codec:766:2360|codec:766:2361|codec:766:2362|codec:766:2363|codec:766:2364|codec:766:2365|codec:766:2366|codec:766:2367|codec:766:2368|codec:766:2369|codec:766:2370|codec:766:2371|codec:766:2372|codec:766:2373|codec:766:2374|codec:766:2375|codec:766:2376|codec:766:2377|codec:766:2378|codec:766:2379|codec:766:2380|codec:766:2381|codec:766:2382|codec:766:2383|codec:766:2384|codec:766:2385|codec:766:2386|codec:766:2387|codec:766:2388|codec:766:2389|codec:766:2390|codec:766:2391|codec:766:2392|codec:766:2393|codec:766:2394|codec:766:2395|codec:766:2396|codec:766:2397|codec:766:2398|codec:766:2399|codec:766:2400|codec:766:2401|codec:766:2402|codec:766:2403|codec:766:2404|codec:766:2405|codec:766:2406|codec:766:2407|codec:766:2408|codec:766:2409|codec:766:2410|codec:766:2411|codec:766:2412|codec:766:2413|codec:766:2414|codec:766:2415|codec:766:2416|codec:766:2417|codec:766:2418|codec:766:2419|codec:766:2420|codec:766:2421|codec:766:2422|codec:766:2423|codec:766:2424|codec:766:2425|codec:766:2426|codec:766:2427|codec:766:2428|codec:766:2429|codec:766:2430|codec:766:2431|codec:766:2432|codec:766:2433|codec:766:2434|codec:766:2435|codec:766:2436|codec:766:2437|codec:766:2438|codec:766:2439|codec:766:2440|codec:766:2441|codec:766:2442|codec:766:2443|codec:766:2444|codec:766:2445|codec:766:2446|codec:766:2447|codec:766:2448|codec:766:2449|codec:766:2450|codec:766:2451|codec:766:2452|codec:766:2453|codec:766:2454|codec:766:2455|codec:766:2456|codec:766:2457|codec:766:2458|codec:766:2459|codec:766:2460|codec:766:2461|codec:766:2462|codec:766:2463|codec:766:2464|codec:766:2465|codec:766:2466|codec:766:2467|codec:766:2468|codec:766:2469|codec:766:2470|codec:766:2471|codec:766:2472|codec:766:2473|codec:766:2474|codec:766:2475|codec:766:2476|codec:766:2477|codec:766:2478|codec:766:2479|codec:766:2480|codec:766:2481|codec:766:2482|codec:766:2483|codec:766:2484|codec:766:2485|codec:766:2486|codec:766:2487|codec:766:2488|codec:766:2489|codec:766:2490|codec:766:2491|codec:766:2492|codec:766:2493|codec:766:2494|codec:766:2495|codec:766:2496|codec:766:2497|codec:766:2498|codec:766:2499|codec:766:2500|codec:766:2501|codec:766:2502|codec:766:2503|codec:766:2504|codec:766:2505|codec:766:2506|codec:766:2507|codec:766:2508|codec:766:2509|codec:766:2510|codec:766:2511|codec:766:2512|codec:766:2513|codec:766:2514|codec:766:2515|codec:766:2516|codec:766:2517|codec:766:2518|codec:766:2519|codec:766:2520|codec:766:2521|codec:766:2522|codec:766:2523|codec:766:2524|codec:766:2525|codec:766:2526|codec:766:2527|codec:766:2528|codec:766:2529|codec:766:2530|codec:766:2531|codec:766:2532|codec:766:2533|codec:766:2534|codec:766:2535|codec:766:2536|codec:766:2537|codec:766:2538|codec:766:2539|codec:766:2540|codec:766:2541|codec:766:2542|codec:766:2543|codec:766:2544|codec:766:2545|codec:766:2546|codec:766:2547|codec:766:2548|codec:766:2549|codec:766:2550|codec:766:2551|codec:766:2552|codec:766:2553|codec:766:2554|codec:766:2555|codec:766:2556|codec:766:2557|codec:766:2558|codec:766:2559|codec:766:2560|codec:766:2561|codec:766:2562|codec:766:2563|codec:766:2564|codec:766:2565|codec:766:2566|codec:766:2567|codec:766:2568|codec:766:2569|codec:766:2570|codec:766:2571|codec:766:2572|codec:766:2573|codec:766:2574|codec:766:2575|codec:766:2576|codec:766:2577|codec:766:2578|codec:766:2579|codec:766:2580|codec:766:2581|codec:766:2582|codec:766:2583|codec:766:2584|codec:766:2585|codec:766:2586|codec:766:2587|codec:766:2588|codec:766:2589|codec:766:2590|codec:766:2591|codec:766:2592|codec:766:2593|codec:766:2594|codec:766:2595|codec:766:2596|codec:766:2597|codec:766:2598|codec:766:2599|codec:766:2600|codec:766:2601|codec:766:2602|codec:766:2603|codec:766:2604|codec:766:2605|codec:766:2606|codec:766:2607|codec:766:2608|codec:766:2609|codec:766:2610|codec:766:2611|codec:766:2612|codec:766:2613|codec:766:2614|codec:766:2615|codec:766:2616|codec:766:2617|codec:766:2618|codec:766:2619|codec:766:2620|codec:766:2621|codec:766:2622|codec:766:2623|codec:766:2624|codec:766:2625|codec:766:2626|codec:766:2627|codec:766:2628|codec:766:2629|codec:766:2630|codec:766:2631|codec:766:2632|codec:766:2633|codec:766:2634|codec:766:2635|codec:766:2636|codec:766:2637|codec:766:2638|codec:766:2639|codec:766:2640|codec:766:2641|codec:766:2642|codec:766:2643|codec:766:2644|codec:766:2645|codec:766:2646|codec:766:2647|codec:766:2648|codec:766:2649|codec:766:2650|codec:766:2651|codec:766:2652|codec:766:2653|codec:766:2654|codec:766:2655|codec:766:2656|codec:766:2657|codec:766:2658|codec:766:2659|codec:766:2660|codec:766:2661|codec:766:2662|codec:766:2663|codec:766:2664|codec:766:2665|codec:766:2666|codec:766:2667|codec:766:2668|codec:766:2669|codec:766:2670|codec:766:2671|codec:766:2672|codec:766:2673|codec:766:2674|codec:766:2675|codec:766:2676|codec:766:2677|codec:766:2678|codec:766:2679|codec:766:2680|codec:766:2681|codec:766:2682|codec:766:2683|codec:766:2684|codec:766:2685|codec:766:2686|codec:766:2687|codec:766:2688|codec:766:2689|codec:766:2690|codec:766:2691|codec:766:2692|codec:766:2693|codec:766:2694|codec:766:2695|codec:766:2696|codec:766:2697|codec:766:2698|codec:766:2699|codec:766:2700|codec:766:2701|codec:766:2702|codec:766:2703|codec:766:2704|codec:766:2705|codec:766:2706|codec:766:2707|codec:766:2708|codec:766:2709|codec:766:2710|codec:766:2711|codec:766:2712|codec:766:2713|codec:766:2714|codec:766:2715|codec:766:2716|codec:766:2717|codec:766:2718|codec:766:2719|codec:766:2720|codec:766:2721|codec:766:2722|codec:766:2723|codec:766:2724|codec:766:2725|codec:766:2726|codec:766:2727|codec:766:2728|codec:766:2729|codec:766:2730|codec:766:2731|codec:766:2732|codec:766:2733|codec:766:2734|codec:766:2735|codec:766:2736|codec:766:2737|codec:766:2738|codec:766:2739|codec:766:2740|codec:766:2741|codec:766:2742|codec:766:2743|codec:766:2744|codec:766:2745|codec:766:2746|codec:766:2747|codec:766:2748|codec:766:2749|codec:766:2750|codec:766:2751|codec:766:2752|codec:766:2753|codec:766:2754|codec:766:2755|codec:766:2756|codec:766:2757|codec:766:2758|codec:766:2759|codec:766:2760|codec:766:2761|codec:766:2762|codec:766:2763|codec:766:2764|codec:766:2765|codec:766:2766|codec:766:2767|codec:766:2768|codec:766:2769|codec:766:2770|codec:766:2771|codec:766:2772|codec:766:2773|codec:766:2774|codec:766:2775|codec:766:2776|codec:766:2777|codec:766:2778|codec:766:2779|codec:766:2780|codec:766:2781|codec:766:2782|codec:766:2783|codec:766:2784|codec:766:2785|codec:766:2786|codec:766:2787|codec:766:2788|codec:766:2789|codec:766:2790|codec:766:2791|codec:766:2792|codec:766:2793|codec:766:2794|codec:766:2795|codec:766:2796|codec:766:2797|codec:766:2798|codec:766:2799|codec:766:2800|codec:766:2801|codec:766:2802|codec:766:2803|codec:766:2804|codec:766:2805|codec:766:2806|codec:766:2807|codec:766:2808|codec:766:2809|codec:766:2810|codec:766:2811|codec:766:2812|codec:766:2813|codec:766:2814|codec:766:2815|codec:766:2816|codec:766:2817|codec:766:2818|codec:766:2819|codec:766:2820|codec:766:2821|codec:766:2822|codec:766:2823|codec:766:2824|codec:766:2825|codec:766:2826|codec:766:2827|codec:766:2828|codec:766:2829|codec:766:2830|codec:766:2831|codec:766:2832|codec:766:2833|codec:766:2834|codec:766:2835|codec:766:2836|codec:766:2837|codec:766:2838|codec:766:2839|codec:766:2840|codec:766:2841|codec:766:2842|codec:766:2843|codec:766:2844|codec:766:2845|codec:766:2846|codec:766:2847|codec:766:2848|codec:766:2849|codec:766:2850|codec:766:2851|codec:766:2852|codec:766:2853|codec:766:2854|codec:766:2855|codec:766:2856|codec:766:2857|codec:766:2858|codec:766:2859|codec:766:2860|codec:766:2861|codec:766:2862|codec:766:2863|codec:766:2864|codec:766:2865|codec:766:2866|codec:766:2867|codec:766:2868|codec:766:2869|codec:766:2870|codec:766:2871|codec:766:2872|codec:766:2873|codec:766:2874|codec:766:2875|codec:766:2876|codec:766:2877|codec:766:2878|codec:766:2879|codec:766:2880|codec:766:2881|codec:766:2882|codec:766:2883|codec:766:2884|codec:766:2885|codec:766:2886|codec:766:2887|codec:766:2888|codec:766:2889|codec:766:2890|codec:766:2891|codec:766:2892|codec:766:2893|codec:766:2894|codec:766:2895|codec:766:2896|codec:766:2897|codec:766:2898|codec:766:2899|codec:766:2900|codec:766:2901|codec:766:2902|codec:766:2903|codec:766:2904|codec:766:2905|codec:766:2906|codec:766:2907|codec:766:2908|codec:766:2909|codec:766:2910|codec:766:2911|codec:766:2912|codec:766:2913|codec:766:2914|codec:766:2915|codec:766:2916|codec:766:2917|codec:766:2918|codec:766:2919|codec:766:2920|codec:766:2921|codec:766:2922|codec:766:2923|codec:766:2924|codec:766:2925|codec:766:2926|codec:766:2927|codec:766:2928|codec:766:2929|codec:766:2930|codec:766:2931|codec:766:2932|codec:766:2933|codec:766:2934|codec:766:2935|codec:766:2936|codec:766:2937|codec:766:2938|codec:766:2939|codec:766:2940|codec:766:2941|codec:766:2942|codec:766:2943|codec:766:2944|codec:766:2945|codec:766:2946|codec:766:2947|codec:766:2948|codec:766:2949|codec:766:2950|codec:766:2951|codec:766:2952|codec:766:2953|codec:766:2954|codec:766:2955|codec:766:2956|codec:766:2957|codec:766:2958|codec:766:2959|codec:766:2960|codec:766:2961|codec:766:2962|codec:766:2963|codec:766:2964|codec:766:2965|codec:766:2966|codec:766:2967|codec:766:2968|codec:766:2969|codec:766:2970|codec:766:2971|codec:766:2972|codec:766:2973|codec:766:2974|codec:766:2975|codec:766:2976|codec:766:2977|codec:766:2978|codec:766:2979|codec:766:2980|codec:766:2981|codec:766:2982|codec:766:2983|codec:766:2984|codec:766:2985|codec:766:2986|codec:766:2987|codec:766:2988|codec:766:2989|codec:766:2990|codec:766:2991|codec:766:2992|codec:766:2993|codec:766:2994|codec:766:2995|codec:766:2996|codec:766:2997|codec:766:2998|codec:766:2999|codec:766:3000|codec:766:3001|codec:766:3002|codec:766:3003|codec:766:3004|codec:766:3005|codec:766:3006|codec:766:3007|codec:766:3008|codec:766:3009|codec:766:3010|codec:766:3011|codec:766:3012|codec:766:3013|codec:766:3014|codec:766:3015|codec:766:3016|codec:766:3017|codec:766:3018|codec:766:3019|codec:766:3020|codec:766:3021|codec:766:3022|codec:766:3023|codec:766:3024|codec:766:3025|codec:766:3026|codec:766:3027|codec:766:3028|codec:766:3029|codec:766:3030|codec:766:3031|codec:766:3032|codec:766:3033|codec:766:3034|codec:766:3035|codec:766:3036|codec:766:3037|codec:766:3038|codec:766:3039|codec:766:3040|codec:766:3041|codec:766:3042|codec:766:3043|codec:766:3044|codec:766:3045|codec:766:3046|codec:766:3047|codec:766:3048|codec:766:3049|codec:766:3050|codec:766:3051|codec:766:3052|codec:766:3053|codec:766:3054|codec:766:3055|codec:766:3056|codec:766:3057|codec:766:3058|codec:766:3059|codec:766:3060|codec:766:3061|codec:766:3062|codec:766:3063|codec:766:3064|codec:766:3065|codec:766:3066|codec:766:3067|codec:766:3068|codec:766:3069|codec:766:3070|codec:766:3071|codec:766:3072|codec:766:3073|codec:766:3074|codec:766:3075|codec:766:3076|codec:766:3077|codec:766:3078|codec:766:3079|codec:766:3080|codec:766:3081|codec:766:3082|codec:766:3083|codec:766:3084|codec:766:3085|codec:766:3086|codec:766:3087|codec:766:3088|codec:766:3089|codec:766:3090|codec:766:3091|codec:766:3092|codec:766:3094|codec:766:3095|codec:766:3096|codec:766:3097|codec:766:3098|codec:766:3100|codec:766:3101|codec:766:3102|codec:766:3103|codec:766:3105|codec:766:3106|codec:766:3107|codec:766:3108|codec:766:3109|codec:766:3110|codec:766:3111|codec:766:3112|codec:766:3113|codec:766:3114|codec:766:3115|codec:766:3116|codec:766:3117|codec:766:3118|codec:766:3119|codec:766:3120|codec:766:3121|codec:766:3122|codec:766:3123|codec:766:3124|codec:766:3125|codec:766:3126|codec:766:3127|codec:766:3128|codec:766:3129|codec:766:3130|codec:766:3131|codec:766:3132|codec:766:3133|codec:766:3134|codec:766:3135|codec:766:3136|codec:766:3137|codec:766:3138|codec:766:3139|codec:766:3140|codec:766:3141|codec:766:3142|codec:766:3143|codec:766:3144|codec:766:3145|codec:766:3146|codec:766:3147|codec:766:3148|codec:766:3149|codec:766:3150|codec:766:3151|codec:766:3152|codec:766:3153|codec:766:3154|codec:766:3155|codec:766:3156|codec:766:3157|codec:766:3158|codec:766:3159|codec:766:3160|codec:766:3161|codec:766:3162|codec:766:3163|codec:766:3165|codec:766:3166|codec:766:3167|codec:766:3168|codec:766:3169|codec:766:3170|codec:766:3171|codec:766:3172|codec:766:3173|codec:766:3174|codec:766:3175|codec:766:3176|codec:766:3177|codec:766:3178|codec:766:3179|codec:766:3180|codec:766:3181|codec:766:3182|codec:766:3183|codec:766:3184|codec:766:3185|codec:766:3186|codec:766:3187|codec:766:3188|codec:766:3189|codec:766:3190|codec:766:3191|codec:766:3192|codec:766:3193|codec:766:3194|codec:766:3195|codec:766:3196|codec:766:3197|codec:766:3198|codec:766:3199|codec:766:3200|codec:766:3201|codec:766:3202|codec:766:3203|codec:766:3204|codec:766:3205|codec:766:3206|codec:766:3207|codec:766:3208|codec:766:3209|codec:766:3210|codec:766:3211|codec:766:3212|codec:766:3213|codec:766:3214|codec:766:3215|codec:766:3216|codec:766:3217|codec:766:3218|codec:766:3219|codec:766:3220|codec:766:3221|codec:766:3222|codec:766:3223|codec:766:3224|codec:766:3225|codec:766:3226|codec:766:3227|codec:766:3228|codec:766:3229|codec:766:3230|codec:766:3231|codec:766:3232|codec:766:3233|codec:766:3234|codec:766:3235|codec:766:3236|codec:766:3237|codec:766:3238|codec:766:3239|codec:766:3240|codec:766:3241|codec:766:3242|codec:766:3243|codec:766:3244|codec:766:3245|codec:766:3246|codec:766:3247|codec:766:3248|codec:766:3249|codec:766:3250|codec:766:3251|codec:766:3252|codec:766:3253|codec:766:3254|codec:766:3255|codec:766:3256|codec:766:3257|codec:766:3258|codec:766:3259|codec:766:3260|codec:766:3261|codec:766:3262|codec:766:3263|codec:766:3264|codec:766:3265|codec:766:3267|codec:766:3268|codec:766:3269|codec:766:3270|codec:766:3271|codec:766:3272|codec:766:3274|codec:766:3275|codec:766:3276|codec:766:3277|codec:766:3278|codec:766:3279|codec:766:3280|codec:766:3281|codec:766:3282|codec:766:3283|codec:766:3284|codec:766:3285|codec:766:3286|codec:766:3287|codec:766:3288|codec:766:3289|codec:766:3290|codec:766:3291|codec:766:3292|codec:766:3293|codec:766:3294|codec:766:3295|codec:766:3296|codec:766:3297|codec:766:3298|codec:766:3299|codec:766:3300|codec:766:3301|codec:766:3302|codec:766:3303|codec:766:3304|codec:766:3305|codec:766:3306|codec:766:3307|codec:766:3308|codec:766:3309|codec:766:3310|codec:766:3311|codec:766:3312|codec:766:3313|codec:766:3314|codec:766:3315|codec:766:3316|codec:766:3317|codec:766:3318|codec:766:3319|codec:766:3320|codec:766:3321|codec:766:3322|codec:766:3323|codec:766:3324|codec:766:3325|codec:766:3326|codec:766:3327|codec:766:3328|codec:766:3329|codec:766:3330|codec:766:3331|codec:766:3332|codec:766:3333|codec:766:3334|codec:766:3335|codec:766:3336|codec:766:3337|codec:766:3338|codec:766:3339|codec:766:3340|codec:766:3341|codec:766:3342|codec:766:3343|codec:766:3344|codec:766:3345|codec:766:3346|codec:766:3347|codec:766:3348|codec:766:3349|codec:766:3350|codec:766:3351|codec:766:3352|codec:766:3353|codec:766:3354|codec:766:3355|codec:766:3356|codec:766:3357|codec:766:3358|codec:766:3359|codec:766:3360|codec:766:3361|codec:766:3362|codec:766:3363|codec:766:3364|codec:766:3365|codec:766:3366|codec:766:3367|codec:766:3368|codec:766:3369|codec:766:3370|codec:766:3371|codec:766:3372|codec:766:3373|codec:766:3374|codec:766:3375|codec:766:3376|codec:766:3377|codec:766:3378|codec:766:3379|codec:766:3380|codec:766:3381|codec:766:3382|codec:766:3383|codec:766:3384|codec:766:3385|codec:766:3386|codec:766:3387|codec:766:3388|codec:766:3389|codec:766:3390|codec:766:3391|codec:766:3392|codec:766:3393|codec:766:3394|codec:766:3395|codec:766:3396|codec:766:3397|codec:766:3398|codec:766:3399|codec:766:3400|codec:766:3401|codec:766:3402|codec:766:3403|codec:766:3404|codec:766:3405|codec:766:3406|codec:766:3407|codec:766:3408|codec:766:3409|codec:766:3410|codec:766:3411|codec:766:3412|codec:766:3413|codec:766:3414|codec:766:3415|codec:766:3416|codec:766:3417|codec:766:3418|codec:766:3419|codec:766:3420|codec:766:3421|codec:766:3422|codec:766:3423|codec:766:3424|codec:766:3425|codec:766:3426|codec:766:3427|codec:766:3428|codec:766:3429|codec:766:3430|codec:766:3431|codec:766:3432|codec:766:3433|codec:766:3434|codec:766:3435|codec:766:3436|codec:766:3437|codec:766:3438|codec:766:3439|codec:766:3440|codec:766:3441|codec:766:3442|codec:766:3443|codec:766:3444|codec:766:3445|codec:766:3446|codec:766:3447|codec:766:3448|codec:766:3449|codec:766:3450|codec:766:3451|codec:766:3452|codec:766:3453|codec:766:3454|codec:766:3455|codec:766:3456|codec:766:3457|codec:766:3458|codec:766:3459|codec:766:3460|codec:766:3461|codec:766:3462|codec:766:3463|codec:766:3464|codec:766:3465|codec:766:3466|codec:766:3467|codec:766:3468|codec:766:3469|codec:766:3470|codec:766:3471|codec:766:3472|codec:766:3473|codec:766:3474|codec:766:3475|codec:766:3476|codec:766:3477|codec:766:3478|codec:766:3479|codec:766:3480|codec:766:3481|codec:766:3482|codec:766:3483|codec:766:3484|codec:766:3485|codec:766:3486|codec:766:3487|codec:766:3488|codec:766:3489|codec:766:3490|codec:766:3491|codec:766:3492|codec:766:3493|codec:766:3494|codec:766:3495|codec:766:3496|codec:766:3497|codec:766:3498|codec:766:3499|codec:766:3500|codec:766:3501|codec:766:3502|codec:766:3503|codec:766:3504|codec:766:3505|codec:766:3506|codec:766:3507|codec:766:3508|codec:766:3509|codec:766:3510|codec:766:3511|codec:766:3512|codec:766:3513|codec:766:3514|codec:766:3515|codec:766:3516|codec:766:3517|codec:766:3518|codec:766:3519|codec:766:3520|codec:766:3521|codec:766:3522|codec:766:3523|codec:766:3524|codec:766:3525|codec:766:3526|codec:766:3527|codec:766:3528|codec:766:3529|codec:766:3530|codec:766:3531|codec:766:3532|codec:766:3533|codec:766:3534|codec:766:3535|codec:766:3536|codec:766:3537|codec:766:3538|codec:766:3539|codec:766:3540|codec:766:3541|codec:766:3542|codec:766:3543|codec:766:3544|codec:766:3545|codec:766:3546|codec:766:3547|codec:766:3548|codec:766:3549|codec:766:3550|codec:766:3551|codec:766:3552|codec:766:3553|codec:766:3554|codec:766:3555|codec:766:3556|codec:766:3557|codec:766:3558|codec:766:3559|codec:766:3560|codec:766:3561|codec:766:3562|codec:766:3563|codec:766:3564|codec:766:3565|codec:766:3566|codec:766:3567|codec:766:3568|codec:766:3569|codec:766:3570|codec:766:3571|codec:766:3572|codec:766:3573|codec:766:3574|codec:766:3575|codec:766:3576|codec:766:3577|codec:766:3578|codec:766:3579|codec:766:3580|codec:766:3581|codec:766:3582|codec:766:3583|codec:766:3584|codec:766:3585|codec:766:3586|codec:766:3587|codec:766:3588|codec:766:3589|codec:766:3590|codec:766:3591|codec:766:3592|codec:766:3593|codec:766:3594|codec:766:3595|codec:766:3596|codec:766:3597|codec:766:3598|codec:766:3599|codec:766:3600|codec:766:3601|codec:766:3602|codec:766:3603|codec:766:3604|codec:766:3605|codec:766:3606|codec:766:3607|codec:766:3608|codec:766:3609|codec:766:3610|codec:766:3611|codec:766:3612|codec:766:3613|codec:766:3614|codec:766:3615|codec:766:3616|codec:766:3617|codec:766:3618|codec:766:3619|codec:766:3620|codec:766:3621|codec:766:3622|codec:766:3623|codec:766:3624|codec:766:3625|codec:766:3626|codec:766:3627|codec:766:3628|codec:766:3629|codec:766:3630|codec:766:3631|codec:766:3632|codec:766:3633|codec:766:3634|codec:766:3635|codec:766:3636|codec:766:3637|codec:766:3638|codec:766:3639|codec:766:3640|codec:766:3641|codec:766:3642|codec:766:3643|codec:766:3644|codec:766:3645|codec:766:3646|codec:766:3647|codec:766:3648|codec:766:3649|codec:766:3650|codec:766:3651|codec:766:3652|codec:766:3653|codec:766:3654|codec:766:3655|codec:766:3656|codec:766:3657|codec:766:3658|codec:766:3659|codec:766:3660|codec:766:3661|codec:766:3662|codec:766:3663|codec:766:3664|codec:766:3665|codec:766:3666|codec:766:3667|codec:766:3668|codec:766:3669|codec:766:3670|codec:766:3671|codec:766:3672|codec:766:3673|codec:766:3674|codec:766:3675|codec:766:3676|codec:766:3677|codec:766:3678|codec:766:3679|codec:766:3680|codec:766:3681|codec:766:3682|codec:766:3683|codec:766:3684|codec:766:3685|codec:766:3686|codec:766:3687|codec:766:3688|codec:766:3689|codec:766:3690|codec:766:3691|codec:766:3692|codec:766:3693|codec:766:3694|codec:766:3695|codec:766:3696|codec:766:3697|codec:766:3698|codec:766:3699|codec:766:3700|codec:766:3701|codec:766:3702|codec:766:3703|codec:766:3704|codec:766:3705|codec:766:3706|codec:766:3707|codec:766:3708|codec:766:3709|codec:766:3710|codec:766:3711|codec:766:3712|codec:766:3713|codec:766:3714|codec:766:3715|codec:766:3716|codec:766:3717|codec:766:3718|codec:766:3719|codec:766:3720|codec:766:3721|codec:766:3722|codec:766:3723|codec:766:3724|codec:766:3725|codec:766:3726|codec:766:3727|codec:766:3728|codec:766:3729|codec:766:3730|codec:766:3731|codec:766:3732|codec:766:3733|codec:766:3734|codec:766:3735|codec:766:3736|codec:766:3737|codec:766:3738|codec:766:3739|codec:766:3740|codec:766:3741|codec:766:3742|codec:766:3743|codec:766:3744|codec:766:3745|codec:766:3746|codec:766:3747|codec:766:3748|codec:766:3749|codec:766:3750|codec:766:3751|codec:766:3752|codec:766:3753|codec:766:3754|codec:766:3755|codec:766:3756|codec:766:3757|codec:766:3758|codec:766:3759|codec:766:3760|codec:766:3761|codec:766:3762|codec:766:3763|codec:766:3764|codec:766:3765|codec:766:3766|codec:766:3767|codec:766:3768|codec:766:3769|codec:766:3770|codec:766:3771|codec:766:3772|codec:766:3773|codec:766:3774|codec:766:3775|codec:766:3776|codec:766:3777|codec:766:3778|codec:766:3779|codec:766:3780|codec:766:3781|codec:766:3782|codec:766:3783|codec:766:3784|codec:766:3785|codec:766:3786|codec:766:3787|codec:766:3788|codec:766:3789|codec:766:3790|codec:766:3791|codec:766:3792|codec:766:3793|codec:766:3794|codec:766:3795|codec:766:3796|codec:766:3797|codec:766:3798|codec:766:3799|codec:766:3800|codec:766:3801|codec:766:3802|codec:766:3803|codec:766:3804|codec:766:3805|codec:766:3806|codec:766:3807|codec:766:3808|codec:766:3809|codec:766:3810|codec:766:3811|codec:766:3812|codec:766:3813|codec:766:3814|codec:766:3815|codec:766:3816|codec:766:3817|codec:766:3818|codec:766:3819|codec:766:3820|codec:766:3821|codec:766:3822|codec:766:3823|codec:766:3824|codec:766:3825|codec:766:3826|codec:766:3827|codec:766:3828|codec:766:3829|codec:766:3830|codec:766:3831|codec:766:3832|codec:766:3833|codec:766:3834|codec:766:3835|codec:766:3836|codec:766:3837|codec:766:3838|codec:766:3840|codec:766:3841|codec:766:3842|codec:766:3843|codec:766:3844|codec:766:3845|codec:766:3846|codec:766:3847|codec:766:3848|codec:766:3849|codec:766:3850|codec:766:3851|codec:766:3852|codec:766:3853|codec:766:3854|codec:766:3855|codec:766:3856|codec:766:3857|codec:766:3858|codec:766:3859|codec:766:3860|codec:766:3861|codec:766:3862|codec:766:3863|codec:766:3864|codec:766:3865|codec:766:3866|codec:766:3867|codec:766:3868|codec:766:3869|codec:766:3870|codec:766:3871|codec:766:3872|codec:766:3873|codec:766:3874|codec:766:3875|codec:766:3876|codec:766:3877|codec:766:3878|codec:766:3879|codec:766:3880|codec:766:3881|codec:766:3882|codec:766:3883|codec:766:3884|codec:766:3885|codec:766:3886|codec:766:3887|codec:766:3888|codec:766:3889|codec:766:3890|codec:766:3891|codec:766:3892|codec:766:3893|codec:766:3894|codec:766:3895|codec:766:3896|codec:766:3897|codec:766:3898|codec:766:3899|codec:766:3900|codec:766:3901|codec:766:3902|codec:766:3903|codec:766:3904|codec:766:3905|codec:766:3906|codec:766:3907|codec:766:3908|codec:766:3909|codec:766:3910|codec:766:3911|codec:766:3912|codec:766:3913|codec:766:3914|codec:766:3915|codec:766:3916|codec:766:3917|codec:766:3918|codec:766:3919|codec:766:3920|codec:766:3921|codec:766:3922|codec:766:3923|codec:766:3924|codec:766:3925|codec:766:3926|codec:766:3927|codec:766:3928|codec:766:3929|codec:766:3930|codec:766:3931|codec:766:3932|codec:766:3933|codec:766:3934|codec:766:3935|codec:766:3936|codec:766:3937|codec:766:3938|codec:766:3939|codec:766:3940|codec:766:3941|codec:766:3942|codec:766:3943|codec:766:3944|codec:766:3945|codec:766:3946|codec:766:3947|codec:766:3948|codec:766:3949|codec:766:3950|codec:766:3951|codec:766:3952|codec:766:3953|codec:766:3954|codec:766:3955|codec:766:3956|codec:766:3957|codec:766:3958|codec:766:3959|codec:766:3960|codec:766:3961|codec:766:3962|codec:766:3963|codec:766:3964|codec:766:3965|codec:766:3966|codec:766:3967|codec:766:3968|codec:766:3969|codec:766:3970|codec:766:3971|codec:766:3972|codec:766:3973|codec:766:3974|codec:766:3975|codec:766:3976|codec:766:3977|codec:766:3978|codec:766:3979|codec:766:3980|codec:766:3981|codec:766:3982|codec:766:3983|codec:766:3984|codec:766:3985|codec:766:3986|codec:766:3987|codec:766:3988|codec:766:3989|codec:766:3990|codec:766:3991|codec:766:3992|codec:766:3993|codec:766:3994|codec:766:3995|codec:766:3996|codec:766:3997|codec:766:3998|codec:766:3999|codec:766:4000|codec:766:4001|codec:766:4002|codec:766:4003|codec:766:4004|codec:766:4005|codec:766:4006|codec:766:4007|codec:766:4008|codec:766:4009|codec:766:4010|codec:766:4011|codec:766:4012|codec:766:4013|codec:766:4014|codec:766:4015|codec:766:4016|codec:766:4017|codec:766:4018|codec:766:4019|codec:766:4020|codec:766:4021|codec:766:4022|codec:766:4023|codec:766:4024|codec:766:4025|codec:766:4026|codec:766:4027|codec:766:4028|codec:766:4029|codec:766:4030|codec:766:4031|codec:766:4032|codec:766:4033|codec:766:4034|codec:766:4035|codec:766:4036|codec:766:4037|codec:766:4038|codec:766:4039|codec:766:4040|codec:766:4041|codec:766:4042|codec:766:4043|codec:766:4044|codec:766:4045|codec:766:4046|codec:766:4047|codec:766:4048|codec:766:4049|codec:766:4050|codec:766:4051|codec:766:4052|codec:766:4053|codec:766:4054|codec:766:4055|codec:766:4056|codec:766:4057|codec:766:4058|codec:766:4059|codec:766:4060|codec:766:4061|codec:766:4062|codec:766:4063|codec:766:4064|codec:766:4065|codec:766:4066|codec:766:4067|codec:766:4068|codec:766:4069|codec:766:4070|codec:766:4071|codec:766:4072|codec:766:4073|codec:766:4074|codec:766:4075|codec:766:4076|codec:766:4077|codec:766:4078|codec:766:4079|codec:766:4080|codec:766:4081|codec:766:4082|codec:766:4083|codec:766:4084|codec:766:4085|codec:766:4086|codec:766:4088|codec:766:4089|codec:766:4090|codec:766:4091|codec:766:4092|codec:766:4093|codec:766:4094|codec:766:4095|codec:766:4096|codec:766:4097|codec:766:4098|codec:766:4099|codec:766:4100|codec:766:4101|codec:766:4102|codec:766:4103|codec:766:4104|codec:766:4105|codec:766:4106|codec:766:4107|codec:766:4108|codec:766:4109|codec:766:4110|codec:766:4111|codec:766:4112|codec:766:4113|codec:766:4114|codec:766:4115|codec:766:4116|codec:766:4117|codec:766:4118|codec:766:4119|codec:766:4120|codec:766:4121|codec:766:4122|codec:766:4123|codec:766:4124|codec:766:4125|codec:766:4126|codec:766:4127|codec:766:4128|codec:766:4129|codec:766:4131|codec:766:4132|codec:766:4147|codec:766:1289|codec:766:191|codec:766:4138|codec:766:4142|codec:766:1201|codec:766:517|codec:766:462|codec:766:4154|codec:766:4151|codec:766:70|codec:766:418|codec:766:3104|codec:766:3266|codec:766:4143|codec:766:4146|codec:766:407|codec:766:4135|codec:766:1229|codec:766:4137|codec:766:434|codec:766:4130|codec:766:3099|codec:766:1224|codec:766:920|codec:766:4136|codec:766:2013|codec:766:4134|codec:766:4156|codec:766:3839|codec:766:3164|codec:766:4133|codec:766:4152|codec:766:300|codec:766:1311|codec:766:4196|codec:766:4148|codec:766:1213|codec:766:1199|codec:766:498|codec:766:4155|codec:766:4150|codec:766:4144|codec:766:4141|codec:766:4153|codec:766:4140|codec:766:973|codec:766:873|codec:766:536|codec:766:543|codec:766:3093|codec:766:4087|codec:766:1377|codec:766:3273|codec:766:1216|codec:766:4145|codec:766:4149|codec:766:4139|codec:766:1200|codec:766:1227,confirmed_binary_and_builder_logic,per_gcx_size_preserved; no record relocation
codec,767,no,1,선외적,적,1,선외,2,128,0,0,0,0,0,8,2,128,-8,0,305412,0,120,codec:767:2895,confirmed_binary_and_builder_logic,per_gcx_size_preserved; no record relocation
codec,768,no,0,,,0,,0,0,0,0,0,0,0,0,0,0,0,0,305412,0,0,,confirmed_binary_and_builder_logic,per_gcx_size_preserved; no record relocation
codec,769,no,0,,,0,,0,0,0,0,0,0,0,0,0,0,0,0,303756,0,0,,confirmed_binary_and_builder_logic,per_gcx_size_preserved; no record relocation
codec,770,no,0,,,0,,0,0,0,0,0,0,0,0,0,0,0,0,303756,0,0,,confirmed_binary_and_builder_logic,per_gcx_size_preserved; no record relocation
codec,771,no,0,,,0,,0,0,0,0,0,0,0,0,0,0,0,0,303756,0,0,,confirmed_binary_and_builder_logic,per_gcx_size_preserved; no record relocation
codec,772,no,0,,,0,,0,0,0,0,0,0,0,0,0,0,0,0,303756,0,0,,confirmed_binary_and_builder_logic,per_gcx_size_preserved; no record relocation
codec,773,no,0,,,0,,0,0,0,0,0,0,0,0,0,0,0,0,304124,0,0,,confirmed_binary_and_builder_logic,per_gcx_size_preserved; no record relocation
codec,774,no,0,,,0,,0,0,0,0,0,0,0,0,0,0,0,0,300060,0,0,,confirmed_binary_and_builder_logic,per_gcx_size_preserved; no record relocation
codec,775,no,0,,,0,,0,0,0,0,0,0,0,0,0,0,0,0,303268,0,0,,confirmed_binary_and_builder_logic,per_gcx_size_preserved; no record relocation
codec,776,no,0,,,0,,0,0,0,0,0,0,0,0,0,0,0,0,301616,0,0,,confirmed_binary_and_builder_logic,per_gcx_size_preserved; no record relocation
codec,777,no,0,,,0,,0,0,0,0,0,0,0,0,0,0,0,0,302948,0,0,,confirmed_binary_and_builder_logic,per_gcx_size_preserved; no record relocation
codec,778,no,0,,,0,,0,0,0,0,0,0,0,0,0,0,0,0,303592,0,0,,confirmed_binary_and_builder_logic,per_gcx_size_preserved; no record relocation
codec,779,no,2,겠니다드르릴말모수습씀어없었,겠니다드르말수습어없었,11,릴모씀,3,192,0,0,0,0,0,0,3,192,1,5,302344,0,193,codec:779:3335|codec:779:585,confirmed_binary_and_builder_logic,per_gcx_size_preserved; no record relocation
codec,780,no,0,,,0,,0,0,0,0,0,0,0,0,0,0,0,0,304320,0,0,,confirmed_binary_and_builder_logic,per_gcx_size_preserved; no record relocation
codec,781,no,0,,,0,,0,0,0,0,0,0,0,0,0,0,0,0,1956,0,0,,confirmed_binary_and_builder_logic,per_gcx_size_preserved; no record relocation
codec,782,no,0,,,0,,0,0,0,0,0,0,0,0,0,0,0,0,3060,0,0,,confirmed_binary_and_builder_logic,per_gcx_size_preserved; no record relocation
codec,783,no,0,,,0,,0,0,0,0,0,0,0,0,0,0,0,0,3844,0,0,,confirmed_binary_and_builder_logic,per_gcx_size_preserved; no record relocation
codec,784,no,0,,,0,,0,0,0,0,0,0,0,0,0,0,0,0,9268,0,0,,confirmed_binary_and_builder_logic,per_gcx_size_preserved; no record relocation
codec,785,no,0,,,0,,0,0,0,0,0,0,0,0,0,0,0,0,5876,0,0,,confirmed_binary_and_builder_logic,per_gcx_size_preserved; no record relocation
codec,786,no,0,,,0,,0,0,0,0,0,0,0,0,0,0,0,0,4888,0,0,,confirmed_binary_and_builder_logic,per_gcx_size_preserved; no record relocation
codec,787,no,0,,,0,,0,0,0,0,0,0,0,0,0,0,0,0,2076,0,0,,confirmed_binary_and_builder_logic,per_gcx_size_preserved; no record relocation
codec,788,no,0,,,0,,0,0,0,0,0,0,0,0,0,0,0,0,2532,0,0,,confirmed_binary_and_builder_logic,per_gcx_size_preserved; no record relocation
codec,789,no,0,,,0,,0,0,0,0,0,0,0,0,0,0,0,0,2412,0,0,,confirmed_binary_and_builder_logic,per_gcx_size_preserved; no record relocation
codec,790,no,0,,,0,,0,0,0,0,0,0,0,0,0,0,0,0,2184,0,0,,confirmed_binary_and_builder_logic,per_gcx_size_preserved; no record relocation
codec,791,no,0,,,0,,0,0,0,0,0,0,0,0,0,0,0,0,2760,0,0,,confirmed_binary_and_builder_logic,per_gcx_size_preserved; no record relocation
codec,792,no,0,,,0,,0,0,0,0,0,0,0,0,0,0,0,0,2280,0,0,,confirmed_binary_and_builder_logic,per_gcx_size_preserved; no record relocation
codec,793,no,0,,,0,,0,0,0,0,0,0,0,0,0,0,0,0,2392,0,0,,confirmed_binary_and_builder_logic,per_gcx_size_preserved; no record relocation
codec,794,no,0,,,0,,0,0,0,0,0,0,0,0,0,0,0,0,2244,0,0,,confirmed_binary_and_builder_logic,per_gcx_size_preserved; no record relocation
codec,795,no,0,,,0,,0,0,0,0,0,0,0,0,0,0,0,0,2352,0,0,,confirmed_binary_and_builder_logic,per_gcx_size_preserved; no record relocation
codec,796,no,0,,,0,,0,0,0,0,0,0,0,0,0,0,0,0,2224,0,0,,confirmed_binary_and_builder_logic,per_gcx_size_preserved; no record relocation
codec,797,no,0,,,0,,0,0,0,0,0,0,0,0,0,0,0,0,6320,0,0,,confirmed_binary_and_builder_logic,per_gcx_size_preserved; no record relocation
codec,798,no,0,,,0,,0,0,0,0,0,0,0,0,0,0,0,0,3092,0,0,,confirmed_binary_and_builder_logic,per_gcx_size_preserved; no record relocation
codec,799,no,0,,,0,,0,0,0,0,0,0,0,0,0,0,0,0,2156,0,0,,confirmed_binary_and_builder_logic,per_gcx_size_preserved; no record relocation
codec,800,no,0,,,0,,0,0,0,0,0,0,0,0,0,0,0,0,1716,0,0,,confirmed_binary_and_builder_logic,per_gcx_size_preserved; no record relocation
codec,801,no,1,,,0,,0,0,0,0,0,0,0,75,0,0,-75,0,2552,75,0,codec:801:16,confirmed_binary_and_builder_logic,per_gcx_size_preserved; no record relocation
codec,802,no,0,,,0,,0,0,0,0,0,0,0,0,0,0,0,0,2164,0,0,,confirmed_binary_and_builder_logic,per_gcx_size_preserved; no record relocation
codec,803,no,0,,,0,,0,0,0,0,0,0,0,0,0,0,0,0,2336,0,0,,confirmed_binary_and_builder_logic,per_gcx_size_preserved; no record relocation
codec,804,no,0,,,0,,0,0,0,0,0,0,0,0,0,0,0,0,2644,0,0,,confirmed_binary_and_builder_logic,per_gcx_size_preserved; no record relocation
codec,805,no,0,,,0,,0,0,0,0,0,0,0,0,0,0,0,0,4340,0,0,,confirmed_binary_and_builder_logic,per_gcx_size_preserved; no record relocation
codec,806,no,0,,,0,,0,0,0,0,0,0,0,0,0,0,0,0,2472,0,0,,confirmed_binary_and_builder_logic,per_gcx_size_preserved; no record relocation
codec,807,no,0,,,0,,0,0,0,0,0,0,0,0,0,0,0,0,2136,0,0,,confirmed_binary_and_builder_logic,per_gcx_size_preserved; no record relocation
codec,808,no,0,,,0,,0,0,0,0,0,0,0,0,0,0,0,0,2044,0,0,,confirmed_binary_and_builder_logic,per_gcx_size_preserved; no record relocation
codec,809,no,0,,,0,,0,0,0,0,0,0,0,0,0,0,0,0,2852,0,0,,confirmed_binary_and_builder_logic,per_gcx_size_preserved; no record relocation
codec,810,no,0,,,0,,0,0,0,0,0,0,0,0,0,0,0,0,2580,0,0,,confirmed_binary_and_builder_logic,per_gcx_size_preserved; no record relocation
codec,811,no,0,,,0,,0,0,0,0,0,0,0,0,0,0,0,0,4320,0,0,,confirmed_binary_and_builder_logic,per_gcx_size_preserved; no record relocation
codec,812,no,0,,,0,,0,0,0,0,0,0,0,0,0,0,0,0,2120,0,0,,confirmed_binary_and_builder_logic,per_gcx_size_preserved; no record relocation
codec,813,no,0,,,0,,0,0,0,0,0,0,0,0,0,0,0,0,1828,0,0,,confirmed_binary_and_builder_logic,per_gcx_size_preserved; no record relocation
codec,814,no,0,,,0,,0,0,0,0,0,0,0,0,0,0,0,0,3324,0,0,,confirmed_binary_and_builder_logic,per_gcx_size_preserved; no record relocation
codec,815,no,0,,,0,,0,0,0,0,0,0,0,0,0,0,0,0,1628,0,0,,confirmed_binary_and_builder_logic,per_gcx_size_preserved; no record relocation
codec,816,no,0,,,0,,0,0,0,0,0,0,0,0,0,0,0,0,3804,0,0,,confirmed_binary_and_builder_logic,per_gcx_size_preserved; no record relocation
codec,817,no,0,,,0,,0,0,0,0,0,0,0,0,0,0,0,0,5216,0,0,,confirmed_binary_and_builder_logic,per_gcx_size_preserved; no record relocation
codec,818,no,0,,,0,,0,0,0,0,0,0,0,0,0,0,0,0,2288,0,0,,confirmed_binary_and_builder_logic,per_gcx_size_preserved; no record relocation
codec,819,no,0,,,0,,0,0,0,0,0,0,0,0,0,0,0,0,2848,0,0,,confirmed_binary_and_builder_logic,per_gcx_size_preserved; no record relocation
codec,820,no,0,,,0,,0,0,0,0,0,0,0,0,0,0,0,0,4676,0,0,,confirmed_binary_and_builder_logic,per_gcx_size_preserved; no record relocation
codec,821,no,0,,,0,,0,0,0,0,0,0,0,0,0,0,0,0,1544,0,0,,confirmed_binary_and_builder_logic,per_gcx_size_preserved; no record relocation
codec,822,no,0,,,0,,0,0,0,0,0,0,0,0,0,0,0,0,1972,0,0,,confirmed_binary_and_builder_logic,per_gcx_size_preserved; no record relocation
codec,823,no,0,,,0,,0,0,0,0,0,0,0,0,0,0,0,0,1856,0,0,,confirmed_binary_and_builder_logic,per_gcx_size_preserved; no record relocation
codec,824,no,0,,,0,,0,0,0,0,0,0,0,0,0,0,0,0,2328,0,0,,confirmed_binary_and_builder_logic,per_gcx_size_preserved; no record relocation
codec,825,no,0,,,0,,0,0,0,0,0,0,0,0,0,0,0,0,3768,0,0,,confirmed_binary_and_builder_logic,per_gcx_size_preserved; no record relocation
codec,826,no,0,,,0,,0,0,0,0,0,0,0,0,0,0,0,0,2228,0,0,,confirmed_binary_and_builder_logic,per_gcx_size_preserved; no record relocation
codec,827,no,0,,,0,,0,0,0,0,0,0,0,0,0,0,0,0,2344,0,0,,confirmed_binary_and_builder_logic,per_gcx_size_preserved; no record relocation
codec,828,no,0,,,0,,0,0,0,0,0,0,0,0,0,0,0,0,2552,0,0,,confirmed_binary_and_builder_logic,per_gcx_size_preserved; no record relocation
codec,829,no,1,아알,아알,2,,0,0,0,0,0,0,0,2,0,0,-2,0,2512,2,0,codec:829:19,confirmed_binary_and_builder_logic,per_gcx_size_preserved; no record relocation
codec,830,no,1,는니다단독럼입작잠전처,는니다입,4,단독럼작잠전처,7,448,0,0,0,0,0,11,7,448,-11,0,3044,0,437,codec:830:14,confirmed_binary_and_builder_logic,per_gcx_size_preserved; no record relocation
codec,831,no,1,간과니다달리야입작전,간니다리야입,6,과달작전,4,256,0,0,0,0,0,15,4,256,-15,0,3164,0,241,codec:831:14,confirmed_binary_and_builder_logic,per_gcx_size_preserved; no record relocation
codec,832,no,0,,,0,,0,0,0,0,0,0,0,0,0,0,0,0,2396,0,0,,confirmed_binary_and_builder_logic,per_gcx_size_preserved; no record relocation
codec,833,no,1,간과끝난는달라만몇시에,간난는라만시에,7,과끝달몇,4,256,0,0,0,0,0,56,4,256,-56,0,3584,0,200,codec:833:14,confirmed_binary_and_builder_logic,per_gcx_size_preserved; no record relocation
codec,834,no,0,,,0,,0,0,0,0,0,0,0,0,0,0,0,0,2648,0,0,,confirmed_binary_and_builder_logic,per_gcx_size_preserved; no record relocation
codec,835,no,0,,,0,,0,0,0,0,0,0,0,0,0,0,0,0,4376,0,0,,confirmed_binary_and_builder_logic,per_gcx_size_preserved; no record relocation
codec,836,no,0,,,0,,0,0,0,0,0,0,0,0,0,0,0,0,2208,0,0,,confirmed_binary_and_builder_logic,per_gcx_size_preserved; no record relocation
codec,837,no,0,,,0,,0,0,0,0,0,0,0,0,0,0,0,0,2212,0,0,,confirmed_binary_and_builder_logic,per_gcx_size_preserved; no record relocation
codec,838,no,0,,,0,,0,0,0,0,0,0,0,0,0,0,0,0,2296,0,0,,confirmed_binary_and_builder_logic,per_gcx_size_preserved; no record relocation
codec,839,no,0,,,0,,0,0,0,0,0,0,0,0,0,0,0,0,2460,0,0,,confirmed_binary_and_builder_logic,per_gcx_size_preserved; no record relocation
codec,840,no,0,,,0,,0,0,0,0,0,0,0,0,0,0,0,0,2588,0,0,,confirmed_binary_and_builder_logic,per_gcx_size_preserved; no record relocation
codec,841,no,1,가능리불어없에이잡해힐,가리어없에이잡해,8,능불힐,3,192,0,0,0,0,0,42,3,192,-42,0,3204,0,150,codec:841:15,confirmed_binary_and_builder_logic,per_gcx_size_preserved; no record relocation
codec,842,no,0,,,0,,0,0,0,0,0,0,0,0,0,0,0,0,2440,0,0,,confirmed_binary_and_builder_logic,per_gcx_size_preserved; no record relocation
codec,843,no,1,금다없은이정제지진총,금다없은이정제지,8,진총,2,128,0,0,0,0,0,20,2,128,-20,0,3164,0,108,codec:843:14,confirmed_binary_and_builder_logic,per_gcx_size_preserved; no record relocation
codec,844,no,6,놔둬요,요,1,놔둬,2,128,0,0,0,0,0,290,2,128,-290,0,3128,162,0,codec:844:27|codec:844:29|codec:844:30|codec:844:31|codec:844:32|codec:844:17,confirmed_binary_and_builder_logic,per_gcx_size_preserved; no record relocation
codec,845,no,0,,,0,,0,0,0,0,0,0,0,0,0,0,0,0,3112,0,0,,confirmed_binary_and_builder_logic,per_gcx_size_preserved; no record relocation
codec,846,no,0,,,0,,0,0,0,0,0,0,0,0,0,0,0,0,2024,0,0,,confirmed_binary_and_builder_logic,per_gcx_size_preserved; no record relocation
codec,847,no,0,,,0,,0,0,0,0,0,0,0,0,0,0,0,0,2108,0,0,,confirmed_binary_and_builder_logic,per_gcx_size_preserved; no record relocation
codec,848,no,0,,,0,,0,0,0,0,0,0,0,0,0,0,0,0,2892,0,0,,confirmed_binary_and_builder_logic,per_gcx_size_preserved; no record relocation
codec,849,no,3,간그럼시은,간그시은,4,럼,1,64,0,0,0,0,0,7,1,64,-7,0,3000,0,57,codec:849:39|codec:849:33|codec:849:47,confirmed_binary_and_builder_logic,per_gcx_size_preserved; no record relocation
codec,850,no,0,,,0,,0,0,0,0,0,0,0,0,0,0,0,0,2292,0,0,,confirmed_binary_and_builder_logic,per_gcx_size_preserved; no record relocation
codec,851,no,0,,,0,,0,0,0,0,0,0,0,0,0,0,0,0,2352,0,0,,confirmed_binary_and_builder_logic,per_gcx_size_preserved; no record relocation
codec,852,no,0,,,0,,0,0,0,0,0,0,0,0,0,0,0,0,2592,0,0,,confirmed_binary_and_builder_logic,per_gcx_size_preserved; no record relocation
codec,853,no,0,,,0,,0,0,0,0,0,0,0,0,0,0,0,0,2556,0,0,,confirmed_binary_and_builder_logic,per_gcx_size_preserved; no record relocation
codec,854,no,1,그까녀를믿수을있,그까녀를믿수을있,8,,0,0,0,0,0,0,0,0,0,0,5,5,4624,0,5,codec:854:17,confirmed_binary_and_builder_logic,per_gcx_size_preserved; no record relocation
codec,855,no,0,,,0,,0,0,0,0,0,0,0,0,0,0,0,0,2316,0,0,,confirmed_binary_and_builder_logic,per_gcx_size_preserved; no record relocation
codec,856,no,1,가인,가인,2,,0,0,0,0,0,0,0,3,0,0,-3,0,4912,3,0,codec:856:27,confirmed_binary_and_builder_logic,per_gcx_size_preserved; no record relocation
codec,857,no,0,,,0,,0,0,0,0,0,0,0,0,0,0,0,0,2388,0,0,,confirmed_binary_and_builder_logic,per_gcx_size_preserved; no record relocation
codec,858,no,0,,,0,,0,0,0,0,0,0,0,0,0,0,0,0,2124,0,0,,confirmed_binary_and_builder_logic,per_gcx_size_preserved; no record relocation
codec,859,no,1,가다벼워지,가다지,3,벼워,2,128,0,0,0,0,0,0,2,128,0,0,2704,0,128,codec:859:17,confirmed_binary_and_builder_logic,per_gcx_size_preserved; no record relocation
codec,860,no,0,,,0,,0,0,0,0,0,0,0,0,0,0,0,0,2356,0,0,,confirmed_binary_and_builder_logic,per_gcx_size_preserved; no record relocation
codec,861,no,1,그럼,그,1,럼,1,64,0,0,0,0,0,10,1,64,-10,0,2628,0,54,codec:861:18,confirmed_binary_and_builder_logic,per_gcx_size_preserved; no record relocation
codec,862,no,0,,,0,,0,0,0,0,0,0,0,0,0,0,0,0,2172,0,0,,confirmed_binary_and_builder_logic,per_gcx_size_preserved; no record relocation
codec,863,no,0,,,0,,0,0,0,0,0,0,0,0,0,0,0,0,2272,0,0,,confirmed_binary_and_builder_logic,per_gcx_size_preserved; no record relocation
codec,864,no,0,,,0,,0,0,0,0,0,0,0,0,0,0,0,0,2236,0,0,,confirmed_binary_and_builder_logic,per_gcx_size_preserved; no record relocation
codec,865,no,0,,,0,,0,0,0,0,0,0,0,0,0,0,0,0,2192,0,0,,confirmed_binary_and_builder_logic,per_gcx_size_preserved; no record relocation
codec,866,no,0,,,0,,0,0,0,0,0,0,0,0,0,0,0,0,2272,0,0,,confirmed_binary_and_builder_logic,per_gcx_size_preserved; no record relocation
codec,867,no,0,,,0,,0,0,0,0,0,0,0,0,0,0,0,0,2228,0,0,,confirmed_binary_and_builder_logic,per_gcx_size_preserved; no record relocation
codec,868,no,0,,,0,,0,0,0,0,0,0,0,0,0,0,0,0,2300,0,0,,confirmed_binary_and_builder_logic,per_gcx_size_preserved; no record relocation
codec,869,no,0,,,0,,0,0,0,0,0,0,0,0,0,0,0,0,2420,0,0,,confirmed_binary_and_builder_logic,per_gcx_size_preserved; no record relocation
codec,870,no,0,,,0,,0,0,0,0,0,0,0,0,0,0,0,0,2328,0,0,,confirmed_binary_and_builder_logic,per_gcx_size_preserved; no record relocation
codec,871,no,0,,,0,,0,0,0,0,0,0,0,0,0,0,0,0,3008,0,0,,confirmed_binary_and_builder_logic,per_gcx_size_preserved; no record relocation
codec,872,no,0,,,0,,0,0,0,0,0,0,0,0,0,0,0,0,2216,0,0,,confirmed_binary_and_builder_logic,per_gcx_size_preserved; no record relocation
codec,873,no,0,,,0,,0,0,0,0,0,0,0,0,0,0,0,0,2092,0,0,,confirmed_binary_and_builder_logic,per_gcx_size_preserved; no record relocation
codec,874,no,0,,,0,,0,0,0,0,0,0,0,0,0,0,0,0,2324,0,0,,confirmed_binary_and_builder_logic,per_gcx_size_preserved; no record relocation
codec,875,no,0,,,0,,0,0,0,0,0,0,0,0,0,0,0,0,2152,0,0,,confirmed_binary_and_builder_logic,per_gcx_size_preserved; no record relocation
codec,876,no,0,,,0,,0,0,0,0,0,0,0,0,0,0,0,0,3160,0,0,,confirmed_binary_and_builder_logic,per_gcx_size_preserved; no record relocation
codec,877,no,0,,,0,,0,0,0,0,0,0,0,0,0,0,0,0,2540,0,0,,confirmed_binary_and_builder_logic,per_gcx_size_preserved; no record relocation
codec,878,no,0,,,0,,0,0,0,0,0,0,0,0,0,0,0,0,2904,0,0,,confirmed_binary_and_builder_logic,per_gcx_size_preserved; no record relocation
codec,879,no,0,,,0,,0,0,0,0,0,0,0,0,0,0,0,0,2064,0,0,,confirmed_binary_and_builder_logic,per_gcx_size_preserved; no record relocation
codec,880,no,0,,,0,,0,0,0,0,0,0,0,0,0,0,0,0,1496,0,0,,confirmed_binary_and_builder_logic,per_gcx_size_preserved; no record relocation
codec,881,no,0,,,0,,0,0,0,0,0,0,0,0,0,0,0,0,3804,0,0,,confirmed_binary_and_builder_logic,per_gcx_size_preserved; no record relocation
codec,882,no,0,,,0,,0,0,0,0,0,0,0,0,0,0,0,0,2040,0,0,,confirmed_binary_and_builder_logic,per_gcx_size_preserved; no record relocation
codec,883,no,0,,,0,,0,0,0,0,0,0,0,0,0,0,0,0,2316,0,0,,confirmed_binary_and_builder_logic,per_gcx_size_preserved; no record relocation
codec,884,no,1,,,0,,0,0,0,0,0,0,0,56,0,0,-56,0,2416,56,0,codec:884:19,confirmed_binary_and_builder_logic,per_gcx_size_preserved; no record relocation
codec,885,no,0,,,0,,0,0,0,0,0,0,0,0,0,0,0,0,2200,0,0,,confirmed_binary_and_builder_logic,per_gcx_size_preserved; no record relocation
codec,886,no,0,,,0,,0,0,0,0,0,0,0,0,0,0,0,0,2432,0,0,,confirmed_binary_and_builder_logic,per_gcx_size_preserved; no record relocation
codec,887,no,0,,,0,,0,0,0,0,0,0,0,0,0,0,0,0,2540,0,0,,confirmed_binary_and_builder_logic,per_gcx_size_preserved; no record relocation
codec,888,no,0,,,0,,0,0,0,0,0,0,0,0,0,0,0,0,2376,0,0,,confirmed_binary_and_builder_logic,per_gcx_size_preserved; no record relocation
codec,889,no,0,,,0,,0,0,0,0,0,0,0,0,0,0,0,0,2072,0,0,,confirmed_binary_and_builder_logic,per_gcx_size_preserved; no record relocation
codec,890,no,0,,,0,,0,0,0,0,0,0,0,0,0,0,0,0,2288,0,0,,confirmed_binary_and_builder_logic,per_gcx_size_preserved; no record relocation
codec,891,no,0,,,0,,0,0,0,0,0,0,0,0,0,0,0,0,2380,0,0,,confirmed_binary_and_builder_logic,per_gcx_size_preserved; no record relocation
codec,892,no,0,,,0,,0,0,0,0,0,0,0,0,0,0,0,0,2332,0,0,,confirmed_binary_and_builder_logic,per_gcx_size_preserved; no record relocation
codec,893,no,0,,,0,,0,0,0,0,0,0,0,0,0,0,0,0,2348,0,0,,confirmed_binary_and_builder_logic,per_gcx_size_preserved; no record relocation
codec,894,no,0,,,0,,0,0,0,0,0,0,0,0,0,0,0,0,3152,0,0,,confirmed_binary_and_builder_logic,per_gcx_size_preserved; no record relocation
codec,895,no,0,,,0,,0,0,0,0,0,0,0,0,0,0,0,0,2400,0,0,,confirmed_binary_and_builder_logic,per_gcx_size_preserved; no record relocation
codec,896,no,0,,,0,,0,0,0,0,0,0,0,0,0,0,0,0,2216,0,0,,confirmed_binary_and_builder_logic,per_gcx_size_preserved; no record relocation
codec,897,no,0,,,0,,0,0,0,0,0,0,0,0,0,0,0,0,2384,0,0,,confirmed_binary_and_builder_logic,per_gcx_size_preserved; no record relocation
codec,898,no,1,괜나찮,나,1,괜찮,2,128,0,0,0,0,0,4,2,128,-4,0,4452,0,124,codec:898:24,confirmed_binary_and_builder_logic,per_gcx_size_preserved; no record relocation
codec,899,no,0,,,0,,0,0,0,0,0,0,0,0,0,0,0,0,2404,0,0,,confirmed_binary_and_builder_logic,per_gcx_size_preserved; no record relocation
codec,900,no,4,네론물이죠,네물이,3,론죠,2,128,0,0,0,0,0,301,2,128,-301,0,5200,173,0,codec:900:77|codec:900:78|codec:900:80|codec:900:82,confirmed_binary_and_builder_logic,per_gcx_size_preserved; no record relocation
codec,901,no,0,,,0,,0,0,0,0,0,0,0,0,0,0,0,0,2292,0,0,,confirmed_binary_and_builder_logic,per_gcx_size_preserved; no record relocation
codec,902,no,0,,,0,,0,0,0,0,0,0,0,0,0,0,0,0,2324,0,0,,confirmed_binary_and_builder_logic,per_gcx_size_preserved; no record relocation
codec,903,no,0,,,0,,0,0,0,0,0,0,0,0,0,0,0,0,2764,0,0,,confirmed_binary_and_builder_logic,per_gcx_size_preserved; no record relocation
codec,904,no,3,,,0,,0,0,0,0,0,0,0,41,0,0,-41,0,2588,41,0,codec:904:23|codec:904:25|codec:904:26,confirmed_binary_and_builder_logic,per_gcx_size_preserved; no record relocation
codec,905,no,0,,,0,,0,0,0,0,0,0,0,0,0,0,0,0,2340,0,0,,confirmed_binary_and_builder_logic,per_gcx_size_preserved; no record relocation
codec,906,no,0,,,0,,0,0,0,0,0,0,0,0,0,0,0,0,2128,0,0,,confirmed_binary_and_builder_logic,per_gcx_size_preserved; no record relocation
codec,907,no,0,,,0,,0,0,0,0,0,0,0,0,0,0,0,0,2124,0,0,,confirmed_binary_and_builder_logic,per_gcx_size_preserved; no record relocation
codec,908,no,16,각같까나는도됐비생은을일죽준,같까나는도됐은을일죽,10,각비생준,4,256,0,0,0,0,0,603,4,256,-603,4,6584,347,0,codec:908:58|codec:908:59|codec:908:60|codec:908:62|codec:908:63|codec:908:64|codec:908:65|codec:908:66|codec:908:67|codec:908:69|codec:908:70|codec:908:57|codec:908:28|codec:908:42|codec:908:61|codec:908:38,confirmed_binary_and_builder_logic,per_gcx_size_preserved; no record relocation
codec,909,no,1,과나를면숲와이통하,나를면숲와이하,7,과통,2,128,0,0,0,0,0,30,2,128,-30,0,2872,0,98,codec:909:15,confirmed_binary_and_builder_logic,per_gcx_size_preserved; no record relocation
codec,910,no,0,,,0,,0,0,0,0,0,0,0,0,0,0,0,0,2936,0,0,,confirmed_binary_and_builder_logic,per_gcx_size_preserved; no record relocation
codec,911,no,1,가갔끌려어,가려어,3,갔끌,2,128,0,0,0,0,0,7,2,128,-7,0,2840,0,121,codec:911:14,confirmed_binary_and_builder_logic,per_gcx_size_preserved; no record relocation
codec,912,no,0,,,0,,0,0,0,0,0,0,0,0,0,0,0,0,2364,0,0,,confirmed_binary_and_builder_logic,per_gcx_size_preserved; no record relocation
codec,913,no,38,,,0,,0,0,0,0,0,0,0,1783,0,0,-1783,0,5160,1783,0,codec:913:39|codec:913:41|codec:913:42|codec:913:43|codec:913:44|codec:913:45|codec:913:46|codec:913:47|codec:913:48|codec:913:49|codec:913:50|codec:913:51|codec:913:52|codec:913:53|codec:913:54|codec:913:55|codec:913:57|codec:913:58|codec:913:59|codec:913:60|codec:913:61|codec:913:62|codec:913:63|codec:913:64|codec:913:65|codec:913:66|codec:913:67|codec:913:71|codec:913:72|codec:913:73|codec:913:76|codec:913:77|codec:913:78|codec:913:79|codec:913:80|codec:913:81|codec:913:82|codec:913:83,confirmed_binary_and_builder_logic,per_gcx_size_preserved; no record relocation
codec,914,no,0,,,0,,0,0,0,0,0,0,0,0,0,0,0,0,3440,0,0,,confirmed_binary_and_builder_logic,per_gcx_size_preserved; no record relocation
codec,915,no,0,,,0,,0,0,0,0,0,0,0,0,0,0,0,0,2156,0,0,,confirmed_binary_and_builder_logic,per_gcx_size_preserved; no record relocation
codec,916,no,0,,,0,,0,0,0,0,0,0,0,0,0,0,0,0,2392,0,0,,confirmed_binary_and_builder_logic,per_gcx_size_preserved; no record relocation
codec,917,no,0,,,0,,0,0,0,0,0,0,0,0,0,0,0,0,2488,0,0,,confirmed_binary_and_builder_logic,per_gcx_size_preserved; no record relocation
codec,918,no,0,,,0,,0,0,0,0,0,0,0,0,0,0,0,0,2500,0,0,,confirmed_binary_and_builder_logic,per_gcx_size_preserved; no record relocation
codec,919,no,0,,,0,,0,0,0,0,0,0,0,0,0,0,0,0,2224,0,0,,confirmed_binary_and_builder_logic,per_gcx_size_preserved; no record relocation
codec,920,no,0,,,0,,0,0,0,0,0,0,0,0,0,0,0,0,2316,0,0,,confirmed_binary_and_builder_logic,per_gcx_size_preserved; no record relocation
codec,921,no,0,,,0,,0,0,0,0,0,0,0,0,0,0,0,0,2520,0,0,,confirmed_binary_and_builder_logic,per_gcx_size_preserved; no record relocation
codec,922,no,0,,,0,,0,0,0,0,0,0,0,0,0,0,0,0,2528,0,0,,confirmed_binary_and_builder_logic,per_gcx_size_preserved; no record relocation
codec,923,no,0,,,0,,0,0,0,0,0,0,0,0,0,0,0,0,2296,0,0,,confirmed_binary_and_builder_logic,per_gcx_size_preserved; no record relocation
codec,924,no,0,,,0,,0,0,0,0,0,0,0,0,0,0,0,0,2600,0,0,,confirmed_binary_and_builder_logic,per_gcx_size_preserved; no record relocation
codec,925,no,0,,,0,,0,0,0,0,0,0,0,0,0,0,0,0,2096,0,0,,confirmed_binary_and_builder_logic,per_gcx_size_preserved; no record relocation
codec,926,no,0,,,0,,0,0,0,0,0,0,0,0,0,0,0,0,2612,0,0,,confirmed_binary_and_builder_logic,per_gcx_size_preserved; no record relocation
codec,927,no,3,님려령문소안열은이,려령문소안은이,7,님열,2,128,0,0,0,0,0,7,2,128,-7,0,4460,0,121,codec:927:25|codec:927:24|codec:927:30,confirmed_binary_and_builder_logic,per_gcx_size_preserved; no record relocation
codec,928,no,0,,,0,,0,0,0,0,0,0,0,0,0,0,0,0,2492,0,0,,confirmed_binary_and_builder_logic,per_gcx_size_preserved; no record relocation
codec,929,no,0,,,0,,0,0,0,0,0,0,0,0,0,0,0,0,2324,0,0,,confirmed_binary_and_builder_logic,per_gcx_size_preserved; no record relocation
codec,930,no,0,,,0,,0,0,0,0,0,0,0,0,0,0,0,0,2196,0,0,,confirmed_binary_and_builder_logic,per_gcx_size_preserved; no record relocation
codec,931,no,0,,,0,,0,0,0,0,0,0,0,0,0,0,0,0,2052,0,0,,confirmed_binary_and_builder_logic,per_gcx_size_preserved; no record relocation
codec,932,no,0,,,0,,0,0,0,0,0,0,0,0,0,0,0,0,2932,0,0,,confirmed_binary_and_builder_logic,per_gcx_size_preserved; no record relocation
codec,933,no,0,,,0,,0,0,0,0,0,0,0,0,0,0,0,0,2612,0,0,,confirmed_binary_and_builder_logic,per_gcx_size_preserved; no record relocation
codec,934,no,0,,,0,,0,0,0,0,0,0,0,0,0,0,0,0,2292,0,0,,confirmed_binary_and_builder_logic,per_gcx_size_preserved; no record relocation
codec,935,no,0,,,0,,0,0,0,0,0,0,0,0,0,0,0,0,2388,0,0,,confirmed_binary_and_builder_logic,per_gcx_size_preserved; no record relocation
codec,936,no,0,,,0,,0,0,0,0,0,0,0,0,0,0,0,0,2616,0,0,,confirmed_binary_and_builder_logic,per_gcx_size_preserved; no record relocation
codec,937,no,0,,,0,,0,0,0,0,0,0,0,0,0,0,0,0,2220,0,0,,confirmed_binary_and_builder_logic,per_gcx_size_preserved; no record relocation
codec,938,no,0,,,0,,0,0,0,0,0,0,0,0,0,0,0,0,2484,0,0,,confirmed_binary_and_builder_logic,per_gcx_size_preserved; no record relocation
codec,939,no,0,,,0,,0,0,0,0,0,0,0,0,0,0,0,0,2420,0,0,,confirmed_binary_and_builder_logic,per_gcx_size_preserved; no record relocation
codec,940,no,0,,,0,,0,0,0,0,0,0,0,0,0,0,0,0,2420,0,0,,confirmed_binary_and_builder_logic,per_gcx_size_preserved; no record relocation
codec,941,no,0,,,0,,0,0,0,0,0,0,0,0,0,0,0,0,2384,0,0,,confirmed_binary_and_builder_logic,per_gcx_size_preserved; no record relocation
codec,942,no,0,,,0,,0,0,0,0,0,0,0,0,0,0,0,0,2332,0,0,,confirmed_binary_and_builder_logic,per_gcx_size_preserved; no record relocation
codec,943,no,0,,,0,,0,0,0,0,0,0,0,0,0,0,0,0,2068,0,0,,confirmed_binary_and_builder_logic,per_gcx_size_preserved; no record relocation
codec,944,no,0,,,0,,0,0,0,0,0,0,0,0,0,0,0,0,2036,0,0,,confirmed_binary_and_builder_logic,per_gcx_size_preserved; no record relocation
codec,945,no,0,,,0,,0,0,0,0,0,0,0,0,0,0,0,0,2148,0,0,,confirmed_binary_and_builder_logic,per_gcx_size_preserved; no record relocation
codec,946,no,0,,,0,,0,0,0,0,0,0,0,0,0,0,0,0,2116,0,0,,confirmed_binary_and_builder_logic,per_gcx_size_preserved; no record relocation
codec,947,no,0,,,0,,0,0,0,0,0,0,0,0,0,0,0,0,1880,0,0,,confirmed_binary_and_builder_logic,per_gcx_size_preserved; no record relocation
codec,948,no,0,,,0,,0,0,0,0,0,0,0,0,0,0,0,0,2284,0,0,,confirmed_binary_and_builder_logic,per_gcx_size_preserved; no record relocation
codec,949,no,0,,,0,,0,0,0,0,0,0,0,0,0,0,0,0,2160,0,0,,confirmed_binary_and_builder_logic,per_gcx_size_preserved; no record relocation
codec,950,no,0,,,0,,0,0,0,0,0,0,0,0,0,0,0,0,2160,0,0,,confirmed_binary_and_builder_logic,per_gcx_size_preserved; no record relocation
codec,951,no,0,,,0,,0,0,0,0,0,0,0,0,0,0,0,0,2596,0,0,,confirmed_binary_and_builder_logic,per_gcx_size_preserved; no record relocation
codec,952,no,0,,,0,,0,0,0,0,0,0,0,0,0,0,0,0,1760,0,0,,confirmed_binary_and_builder_logic,per_gcx_size_preserved; no record relocation
codec,953,no,0,,,0,,0,0,0,0,0,0,0,0,0,0,0,0,2336,0,0,,confirmed_binary_and_builder_logic,per_gcx_size_preserved; no record relocation
codec,954,no,0,,,0,,0,0,0,0,0,0,0,0,0,0,0,0,2176,0,0,,confirmed_binary_and_builder_logic,per_gcx_size_preserved; no record relocation
codec,955,no,0,,,0,,0,0,0,0,0,0,0,0,0,0,0,0,2232,0,0,,confirmed_binary_and_builder_logic,per_gcx_size_preserved; no record relocation
codec,956,no,1,게글도먹부쎄을족지질해,게도부을지해,6,글먹쎄족질,5,320,0,0,0,0,0,56,5,320,-56,0,3364,0,264,codec:956:14,confirmed_binary_and_builder_logic,per_gcx_size_preserved; no record relocation
codec,957,no,0,,,0,,0,0,0,0,0,0,0,0,0,0,0,0,1640,0,0,,confirmed_binary_and_builder_logic,per_gcx_size_preserved; no record relocation
codec,958,no,0,,,0,,0,0,0,0,0,0,0,0,0,0,0,0,2508,0,0,,confirmed_binary_and_builder_logic,per_gcx_size_preserved; no record relocation
codec,959,no,7,감야이직,야이,2,감직,2,128,0,0,0,0,0,250,2,128,-250,0,2704,122,0,codec:959:23|codec:959:24|codec:959:27|codec:959:28|codec:959:29|codec:959:30|codec:959:18,confirmed_binary_and_builder_logic,per_gcx_size_preserved; no record relocation
codec,960,no,0,,,0,,0,0,0,0,0,0,0,0,0,0,0,0,2380,0,0,,confirmed_binary_and_builder_logic,per_gcx_size_preserved; no record relocation
codec,961,no,0,,,0,,0,0,0,0,0,0,0,0,0,0,0,0,2360,0,0,,confirmed_binary_and_builder_logic,per_gcx_size_preserved; no record relocation
codec,962,no,0,,,0,,0,0,0,0,0,0,0,0,0,0,0,0,2084,0,0,,confirmed_binary_and_builder_logic,per_gcx_size_preserved; no record relocation
codec,963,no,0,,,0,,0,0,0,0,0,0,0,0,0,0,0,0,2616,0,0,,confirmed_binary_and_builder_logic,per_gcx_size_preserved; no record relocation
codec,964,no,0,,,0,,0,0,0,0,0,0,0,0,0,0,0,0,2120,0,0,,confirmed_binary_and_builder_logic,per_gcx_size_preserved; no record relocation
codec,965,no,0,,,0,,0,0,0,0,0,0,0,0,0,0,0,0,2064,0,0,,confirmed_binary_and_builder_logic,per_gcx_size_preserved; no record relocation
codec,966,no,0,,,0,,0,0,0,0,0,0,0,0,0,0,0,0,2056,0,0,,confirmed_binary_and_builder_logic,per_gcx_size_preserved; no record relocation
codec,967,no,1,아알요,아알요,3,,0,0,0,0,0,0,0,0,0,0,0,0,2448,0,0,codec:967:15,confirmed_binary_and_builder_logic,per_gcx_size_preserved; no record relocation
codec,968,no,0,,,0,,0,0,0,0,0,0,0,0,0,0,0,0,2836,0,0,,confirmed_binary_and_builder_logic,per_gcx_size_preserved; no record relocation
codec,969,no,0,,,0,,0,0,0,0,0,0,0,0,0,0,0,0,2516,0,0,,confirmed_binary_and_builder_logic,per_gcx_size_preserved; no record relocation
codec,970,no,0,,,0,,0,0,0,0,0,0,0,0,0,0,0,0,2104,0,0,,confirmed_binary_and_builder_logic,per_gcx_size_preserved; no record relocation
codec,971,no,0,,,0,,0,0,0,0,0,0,0,0,0,0,0,0,2152,0,0,,confirmed_binary_and_builder_logic,per_gcx_size_preserved; no record relocation
codec,972,no,0,,,0,,0,0,0,0,0,0,0,0,0,0,0,0,2108,0,0,,confirmed_binary_and_builder_logic,per_gcx_size_preserved; no record relocation
codec,973,no,0,,,0,,0,0,0,0,0,0,0,0,0,0,0,0,2164,0,0,,confirmed_binary_and_builder_logic,per_gcx_size_preserved; no record relocation
codec,974,no,0,,,0,,0,0,0,0,0,0,0,0,0,0,0,0,2412,0,0,,confirmed_binary_and_builder_logic,per_gcx_size_preserved; no record relocation
codec,975,no,0,,,0,,0,0,0,0,0,0,0,0,0,0,0,0,2296,0,0,,confirmed_binary_and_builder_logic,per_gcx_size_preserved; no record relocation
codec,976,no,0,,,0,,0,0,0,0,0,0,0,0,0,0,0,0,2192,0,0,,confirmed_binary_and_builder_logic,per_gcx_size_preserved; no record relocation
codec,977,no,1,가로세요,가로세요,4,,0,0,0,0,0,0,0,12,0,0,-12,0,2908,12,0,codec:977:17,confirmed_binary_and_builder_logic,per_gcx_size_preserved; no record relocation
codec,978,no,0,,,0,,0,0,0,0,0,0,0,0,0,0,0,0,2308,0,0,,confirmed_binary_and_builder_logic,per_gcx_size_preserved; no record relocation
codec,979,no,0,,,0,,0,0,0,0,0,0,0,0,0,0,0,0,2312,0,0,,confirmed_binary_and_builder_logic,per_gcx_size_preserved; no record relocation
codec,980,no,0,,,0,,0,0,0,0,0,0,0,0,0,0,0,0,2688,0,0,,confirmed_binary_and_builder_logic,per_gcx_size_preserved; no record relocation
codec,981,no,0,,,0,,0,0,0,0,0,0,0,0,0,0,0,0,2364,0,0,,confirmed_binary_and_builder_logic,per_gcx_size_preserved; no record relocation
codec,982,no,0,,,0,,0,0,0,0,0,0,0,0,0,0,0,0,2688,0,0,,confirmed_binary_and_builder_logic,per_gcx_size_preserved; no record relocation
codec,983,no,0,,,0,,0,0,0,0,0,0,0,0,0,0,0,0,2300,0,0,,confirmed_binary_and_builder_logic,per_gcx_size_preserved; no record relocation
codec,984,no,0,,,0,,0,0,0,0,0,0,0,0,0,0,0,0,2192,0,0,,confirmed_binary_and_builder_logic,per_gcx_size_preserved; no record relocation
codec,985,no,0,,,0,,0,0,0,0,0,0,0,0,0,0,0,0,2312,0,0,,confirmed_binary_and_builder_logic,per_gcx_size_preserved; no record relocation
codec,986,no,0,,,0,,0,0,0,0,0,0,0,0,0,0,0,0,2240,0,0,,confirmed_binary_and_builder_logic,per_gcx_size_preserved; no record relocation
codec,987,no,0,,,0,,0,0,0,0,0,0,0,0,0,0,0,0,2012,0,0,,confirmed_binary_and_builder_logic,per_gcx_size_preserved; no record relocation
codec,988,no,0,,,0,,0,0,0,0,0,0,0,0,0,0,0,0,2036,0,0,,confirmed_binary_and_builder_logic,per_gcx_size_preserved; no record relocation
codec,989,no,0,,,0,,0,0,0,0,0,0,0,0,0,0,0,0,2172,0,0,,confirmed_binary_and_builder_logic,per_gcx_size_preserved; no record relocation
codec,990,no,0,,,0,,0,0,0,0,0,0,0,0,0,0,0,0,2492,0,0,,confirmed_binary_and_builder_logic,per_gcx_size_preserved; no record relocation
codec,991,no,0,,,0,,0,0,0,0,0,0,0,0,0,0,0,0,2740,0,0,,confirmed_binary_and_builder_logic,per_gcx_size_preserved; no record relocation
codec,992,no,6,각군그까랬말상생왜을이정한,군그까랬말상왜을이정한,11,각생,2,128,0,0,0,0,0,70,2,128,-70,0,3528,0,58,codec:992:31|codec:992:32|codec:992:33|codec:992:34|codec:992:55|codec:992:16,confirmed_binary_and_builder_logic,per_gcx_size_preserved; no record relocation
codec,993,no,0,,,0,,0,0,0,0,0,0,0,0,0,0,0,0,2444,0,0,,confirmed_binary_and_builder_logic,per_gcx_size_preserved; no record relocation
codec,994,no,0,,,0,,0,0,0,0,0,0,0,0,0,0,0,0,3532,0,0,,confirmed_binary_and_builder_logic,per_gcx_size_preserved; no record relocation
codec,995,no,0,,,0,,0,0,0,0,0,0,0,0,0,0,0,0,2400,0,0,,confirmed_binary_and_builder_logic,per_gcx_size_preserved; no record relocation
codec,996,no,0,,,0,,0,0,0,0,0,0,0,0,0,0,0,0,2308,0,0,,confirmed_binary_and_builder_logic,per_gcx_size_preserved; no record relocation
codec,997,no,0,,,0,,0,0,0,0,0,0,0,0,0,0,0,0,2176,0,0,,confirmed_binary_and_builder_logic,per_gcx_size_preserved; no record relocation
codec,998,no,0,,,0,,0,0,0,0,0,0,0,0,0,0,0,0,3288,0,0,,confirmed_binary_and_builder_logic,per_gcx_size_preserved; no record relocation
codec,999,no,2,가널는로버터텨,가는로버터,5,널텨,2,128,0,0,0,0,0,5,2,128,-5,0,2908,0,123,codec:999:14|codec:999:19,confirmed_binary_and_builder_logic,per_gcx_size_preserved; no record relocation
codec,1000,no,1,,,0,,0,0,0,0,0,0,0,57,0,0,-57,0,2416,57,0,codec:1000:19,confirmed_binary_and_builder_logic,per_gcx_size_preserved; no record relocation
codec,1001,no,0,,,0,,0,0,0,0,0,0,0,0,0,0,0,0,2064,0,0,,confirmed_binary_and_builder_logic,per_gcx_size_preserved; no record relocation
codec,1002,no,0,,,0,,0,0,0,0,0,0,0,0,0,0,0,0,2280,0,0,,confirmed_binary_and_builder_logic,per_gcx_size_preserved; no record relocation
codec,1003,no,0,,,0,,0,0,0,0,0,0,0,0,0,0,0,0,2476,0,0,,confirmed_binary_and_builder_logic,per_gcx_size_preserved; no record relocation
codec,1004,no,0,,,0,,0,0,0,0,0,0,0,0,0,0,0,0,2564,0,0,,confirmed_binary_and_builder_logic,per_gcx_size_preserved; no record relocation
codec,1005,no,0,,,0,,0,0,0,0,0,0,0,0,0,0,0,0,2436,0,0,,confirmed_binary_and_builder_logic,per_gcx_size_preserved; no record relocation
codec,1006,no,1,농니닙다담아이,니다아이,4,농닙담,3,192,0,0,0,0,0,0,3,192,5,5,2968,0,197,codec:1006:17,confirmed_binary_and_builder_logic,per_gcx_size_preserved; no record relocation
codec,1007,no,0,,,0,,0,0,0,0,0,0,0,0,0,0,0,0,2588,0,0,,confirmed_binary_and_builder_logic,per_gcx_size_preserved; no record relocation
codec,1008,no,0,,,0,,0,0,0,0,0,0,0,0,0,0,0,0,2308,0,0,,confirmed_binary_and_builder_logic,per_gcx_size_preserved; no record relocation
codec,1009,no,0,,,0,,0,0,0,0,0,0,0,0,0,0,0,0,2248,0,0,,confirmed_binary_and_builder_logic,per_gcx_size_preserved; no record relocation
codec,1010,no,0,,,0,,0,0,0,0,0,0,0,0,0,0,0,0,2336,0,0,,confirmed_binary_and_builder_logic,per_gcx_size_preserved; no record relocation
codec,1011,no,0,,,0,,0,0,0,0,0,0,0,0,0,0,0,0,2248,0,0,,confirmed_binary_and_builder_logic,per_gcx_size_preserved; no record relocation
codec,1012,no,0,,,0,,0,0,0,0,0,0,0,0,0,0,0,0,2264,0,0,,confirmed_binary_and_builder_logic,per_gcx_size_preserved; no record relocation
codec,1013,no,0,,,0,,0,0,0,0,0,0,0,0,0,0,0,0,2144,0,0,,confirmed_binary_and_builder_logic,per_gcx_size_preserved; no record relocation
codec,1014,no,1,,,0,,0,0,0,0,0,0,0,85,0,0,-85,0,2384,85,0,codec:1014:19,confirmed_binary_and_builder_logic,per_gcx_size_preserved; no record relocation
codec,1015,no,0,,,0,,0,0,0,0,0,0,0,0,0,0,0,0,2384,0,0,,confirmed_binary_and_builder_logic,per_gcx_size_preserved; no record relocation
codec,1016,no,0,,,0,,0,0,0,0,0,0,0,0,0,0,0,0,2408,0,0,,confirmed_binary_and_builder_logic,per_gcx_size_preserved; no record relocation
codec,1017,no,1,,,0,,0,0,0,0,0,0,0,59,0,0,-59,0,2168,59,0,codec:1017:15,confirmed_binary_and_builder_logic,per_gcx_size_preserved; no record relocation
codec,1018,no,0,,,0,,0,0,0,0,0,0,0,0,0,0,0,0,2232,0,0,,confirmed_binary_and_builder_logic,per_gcx_size_preserved; no record relocation
codec,1019,no,0,,,0,,0,0,0,0,0,0,0,0,0,0,0,0,2216,0,0,,confirmed_binary_and_builder_logic,per_gcx_size_preserved; no record relocation
codec,1020,no,0,,,0,,0,0,0,0,0,0,0,0,0,0,0,0,2084,0,0,,confirmed_binary_and_builder_logic,per_gcx_size_preserved; no record relocation
codec,1021,no,0,,,0,,0,0,0,0,0,0,0,0,0,0,0,0,2056,0,0,,confirmed_binary_and_builder_logic,per_gcx_size_preserved; no record relocation
codec,1022,no,0,,,0,,0,0,0,0,0,0,0,0,0,0,0,0,2244,0,0,,confirmed_binary_and_builder_logic,per_gcx_size_preserved; no record relocation
codec,1023,no,0,,,0,,0,0,0,0,0,0,0,0,0,0,0,0,2144,0,0,,confirmed_binary_and_builder_logic,per_gcx_size_preserved; no record relocation
codec,1024,no,0,,,0,,0,0,0,0,0,0,0,0,0,0,0,0,2736,0,0,,confirmed_binary_and_builder_logic,per_gcx_size_preserved; no record relocation
codec,1025,no,0,,,0,,0,0,0,0,0,0,0,0,0,0,0,0,2124,0,0,,confirmed_binary_and_builder_logic,per_gcx_size_preserved; no record relocation
codec,1026,no,0,,,0,,0,0,0,0,0,0,0,0,0,0,0,0,2460,0,0,,confirmed_binary_and_builder_logic,per_gcx_size_preserved; no record relocation
codec,1027,no,0,,,0,,0,0,0,0,0,0,0,0,0,0,0,0,2148,0,0,,confirmed_binary_and_builder_logic,per_gcx_size_preserved; no record relocation
codec,1028,no,0,,,0,,0,0,0,0,0,0,0,0,0,0,0,0,2108,0,0,,confirmed_binary_and_builder_logic,per_gcx_size_preserved; no record relocation
codec,1029,no,0,,,0,,0,0,0,0,0,0,0,0,0,0,0,0,2156,0,0,,confirmed_binary_and_builder_logic,per_gcx_size_preserved; no record relocation
codec,1030,no,0,,,0,,0,0,0,0,0,0,0,0,0,0,0,0,2276,0,0,,confirmed_binary_and_builder_logic,per_gcx_size_preserved; no record relocation
codec,1031,no,0,,,0,,0,0,0,0,0,0,0,0,0,0,0,0,2104,0,0,,confirmed_binary_and_builder_logic,per_gcx_size_preserved; no record relocation
codec,1032,no,0,,,0,,0,0,0,0,0,0,0,0,0,0,0,0,2024,0,0,,confirmed_binary_and_builder_logic,per_gcx_size_preserved; no record relocation
codec,1033,no,0,,,0,,0,0,0,0,0,0,0,0,0,0,0,0,2156,0,0,,confirmed_binary_and_builder_logic,per_gcx_size_preserved; no record relocation
codec,1034,no,0,,,0,,0,0,0,0,0,0,0,0,0,0,0,0,2236,0,0,,confirmed_binary_and_builder_logic,per_gcx_size_preserved; no record relocation
codec,1035,no,0,,,0,,0,0,0,0,0,0,0,0,0,0,0,0,2092,0,0,,confirmed_binary_and_builder_logic,per_gcx_size_preserved; no record relocation
codec,1036,no,0,,,0,,0,0,0,0,0,0,0,0,0,0,0,0,2288,0,0,,confirmed_binary_and_builder_logic,per_gcx_size_preserved; no record relocation
codec,1037,no,42,가강겠그나널들때뜻래려령무뭐뭘믿서소슨아어었에원을응인일있잘좋해,가겠그나들때뜻래려령무뭐믿서소슨아어었에원을응인일있잘좋해,29,강널뭘,3,192,0,0,0,0,0,1101,3,192,-1101,0,7280,909,0,codec:1037:54|codec:1037:56|codec:1037:57|codec:1037:58|codec:1037:60|codec:1037:61|codec:1037:62|codec:1037:63|codec:1037:64|codec:1037:65|codec:1037:67|codec:1037:68|codec:1037:69|codec:1037:70|codec:1037:71|codec:1037:72|codec:1037:73|codec:1037:74|codec:1037:75|codec:1037:76|codec:1037:77|codec:1037:78|codec:1037:79|codec:1037:80|codec:1037:81|codec:1037:82|codec:1037:83|codec:1037:84|codec:1037:85|codec:1037:86|codec:1037:90|codec:1037:91|codec:1037:92|codec:1037:94|codec:1037:93|codec:1037:66|codec:1037:34|codec:1037:49|codec:1037:59|codec:1037:38|codec:1037:39|codec:1037:53,confirmed_binary_and_builder_logic,per_gcx_size_preserved; no record relocation
codec,1038,no,0,,,0,,0,0,0,0,0,0,0,0,0,0,0,0,2264,0,0,,confirmed_binary_and_builder_logic,per_gcx_size_preserved; no record relocation
codec,1039,no,1,가나따라오,가나라,3,따오,2,128,0,0,0,0,0,18,2,128,-18,0,2676,0,110,codec:1039:14,confirmed_binary_and_builder_logic,per_gcx_size_preserved; no record relocation
codec,1040,no,0,,,0,,0,0,0,0,0,0,0,0,0,0,0,0,2428,0,0,,confirmed_binary_and_builder_logic,per_gcx_size_preserved; no record relocation
codec,1041,no,1,그래상이지,그래상이지,5,,0,0,0,0,0,0,0,2,0,0,-2,0,2668,2,0,codec:1041:17,confirmed_binary_and_builder_logic,per_gcx_size_preserved; no record relocation
codec,1042,no,0,,,0,,0,0,0,0,0,0,0,0,0,0,0,0,2416,0,0,,confirmed_binary_and_builder_logic,per_gcx_size_preserved; no record relocation
codec,1043,no,0,,,0,,0,0,0,0,0,0,0,0,0,0,0,0,2324,0,0,,confirmed_binary_and_builder_logic,per_gcx_size_preserved; no record relocation
codec,1044,no,0,,,0,,0,0,0,0,0,0,0,0,0,0,0,0,3528,0,0,,confirmed_binary_and_builder_logic,per_gcx_size_preserved; no record relocation
codec,1045,no,0,,,0,,0,0,0,0,0,0,0,0,0,0,0,0,2304,0,0,,confirmed_binary_and_builder_logic,per_gcx_size_preserved; no record relocation
codec,1046,no,0,,,0,,0,0,0,0,0,0,0,0,0,0,0,0,2384,0,0,,confirmed_binary_and_builder_logic,per_gcx_size_preserved; no record relocation
codec,1047,no,0,,,0,,0,0,0,0,0,0,0,0,0,0,0,0,2280,0,0,,confirmed_binary_and_builder_logic,per_gcx_size_preserved; no record relocation
codec,1048,no,0,,,0,,0,0,0,0,0,0,0,0,0,0,0,0,2152,0,0,,confirmed_binary_and_builder_logic,per_gcx_size_preserved; no record relocation
codec,1049,no,0,,,0,,0,0,0,0,0,0,0,0,0,0,0,0,2220,0,0,,confirmed_binary_and_builder_logic,per_gcx_size_preserved; no record relocation
codec,1050,no,0,,,0,,0,0,0,0,0,0,0,0,0,0,0,0,2200,0,0,,confirmed_binary_and_builder_logic,per_gcx_size_preserved; no record relocation
codec,1051,no,0,,,0,,0,0,0,0,0,0,0,0,0,0,0,0,2748,0,0,,confirmed_binary_and_builder_logic,per_gcx_size_preserved; no record relocation
codec,1052,no,0,,,0,,0,0,0,0,0,0,0,0,0,0,0,0,2104,0,0,,confirmed_binary_and_builder_logic,per_gcx_size_preserved; no record relocation
codec,1053,no,0,,,0,,0,0,0,0,0,0,0,0,0,0,0,0,2328,0,0,,confirmed_binary_and_builder_logic,per_gcx_size_preserved; no record relocation
codec,1054,no,0,,,0,,0,0,0,0,0,0,0,0,0,0,0,0,2852,0,0,,confirmed_binary_and_builder_logic,per_gcx_size_preserved; no record relocation
codec,1055,no,3,,,0,,0,0,0,0,0,0,0,92,0,0,-92,0,2384,92,0,codec:1055:19|codec:1055:22|codec:1055:24,confirmed_binary_and_builder_logic,per_gcx_size_preserved; no record relocation
codec,1056,no,0,,,0,,0,0,0,0,0,0,0,0,0,0,0,0,2856,0,0,,confirmed_binary_and_builder_logic,per_gcx_size_preserved; no record relocation
codec,1057,no,0,,,0,,0,0,0,0,0,0,0,0,0,0,0,0,2524,0,0,,confirmed_binary_and_builder_logic,per_gcx_size_preserved; no record relocation
codec,1058,no,0,,,0,,0,0,0,0,0,0,0,0,0,0,0,0,2204,0,0,,confirmed_binary_and_builder_logic,per_gcx_size_preserved; no record relocation
codec,1059,no,0,,,0,,0,0,0,0,0,0,0,0,0,0,0,0,2168,0,0,,confirmed_binary_and_builder_logic,per_gcx_size_preserved; no record relocation
codec,1060,no,0,,,0,,0,0,0,0,0,0,0,0,0,0,0,0,2596,0,0,,confirmed_binary_and_builder_logic,per_gcx_size_preserved; no record relocation
codec,1061,no,0,,,0,,0,0,0,0,0,0,0,0,0,0,0,0,2792,0,0,,confirmed_binary_and_builder_logic,per_gcx_size_preserved; no record relocation
codec,1062,no,0,,,0,,0,0,0,0,0,0,0,0,0,0,0,0,2424,0,0,,confirmed_binary_and_builder_logic,per_gcx_size_preserved; no record relocation
codec,1063,no,0,,,0,,0,0,0,0,0,0,0,0,0,0,0,0,2572,0,0,,confirmed_binary_and_builder_logic,per_gcx_size_preserved; no record relocation
codec,1064,no,0,,,0,,0,0,0,0,0,0,0,0,0,0,0,0,2424,0,0,,confirmed_binary_and_builder_logic,per_gcx_size_preserved; no record relocation
codec,1065,no,0,,,0,,0,0,0,0,0,0,0,0,0,0,0,0,2620,0,0,,confirmed_binary_and_builder_logic,per_gcx_size_preserved; no record relocation
codec,1066,no,0,,,0,,0,0,0,0,0,0,0,0,0,0,0,0,2316,0,0,,confirmed_binary_and_builder_logic,per_gcx_size_preserved; no record relocation
codec,1067,no,1,가같것된배아치,가같것아,4,된배치,3,192,0,0,0,0,0,16,3,192,-16,0,2828,0,176,codec:1067:14,confirmed_binary_and_builder_logic,per_gcx_size_preserved; no record relocation
codec,1068,no,0,,,0,,0,0,0,0,0,0,0,0,0,0,0,0,2488,0,0,,confirmed_binary_and_builder_logic,per_gcx_size_preserved; no record relocation
codec,1069,no,0,,,0,,0,0,0,0,0,0,0,0,0,0,0,0,3040,0,0,,confirmed_binary_and_builder_logic,per_gcx_size_preserved; no record relocation
codec,1070,no,0,,,0,,0,0,0,0,0,0,0,0,0,0,0,0,2488,0,0,,confirmed_binary_and_builder_logic,per_gcx_size_preserved; no record relocation
codec,1071,no,0,,,0,,0,0,0,0,0,0,0,0,0,0,0,0,2204,0,0,,confirmed_binary_and_builder_logic,per_gcx_size_preserved; no record relocation
codec,1072,no,0,,,0,,0,0,0,0,0,0,0,0,0,0,0,0,6000,0,0,,confirmed_binary_and_builder_logic,per_gcx_size_preserved; no record relocation
codec,1073,no,0,,,0,,0,0,0,0,0,0,0,0,0,0,0,0,2512,0,0,,confirmed_binary_and_builder_logic,per_gcx_size_preserved; no record relocation
codec,1074,no,0,,,0,,0,0,0,0,0,0,0,0,0,0,0,0,2588,0,0,,confirmed_binary_and_builder_logic,per_gcx_size_preserved; no record relocation
codec,1075,no,0,,,0,,0,0,0,0,0,0,0,0,0,0,0,0,2176,0,0,,confirmed_binary_and_builder_logic,per_gcx_size_preserved; no record relocation
codec,1076,no,0,,,0,,0,0,0,0,0,0,0,0,0,0,0,0,2860,0,0,,confirmed_binary_and_builder_logic,per_gcx_size_preserved; no record relocation
codec,1077,no,0,,,0,,0,0,0,0,0,0,0,0,0,0,0,0,2504,0,0,,confirmed_binary_and_builder_logic,per_gcx_size_preserved; no record relocation
codec,1078,no,0,,,0,,0,0,0,0,0,0,0,0,0,0,0,0,2640,0,0,,confirmed_binary_and_builder_logic,per_gcx_size_preserved; no record relocation
codec,1079,no,0,,,0,,0,0,0,0,0,0,0,0,0,0,0,0,2336,0,0,,confirmed_binary_and_builder_logic,per_gcx_size_preserved; no record relocation
codec,1080,no,0,,,0,,0,0,0,0,0,0,0,0,0,0,0,0,2420,0,0,,confirmed_binary_and_builder_logic,per_gcx_size_preserved; no record relocation
codec,1081,no,1,떼로를먼애없저,로를없저,4,떼먼애,3,192,0,0,0,0,0,34,3,192,-34,0,2728,0,158,codec:1081:15,confirmed_binary_and_builder_logic,per_gcx_size_preserved; no record relocation
codec,1082,no,0,,,0,,0,0,0,0,0,0,0,0,0,0,0,0,2092,0,0,,confirmed_binary_and_builder_logic,per_gcx_size_preserved; no record relocation
codec,1083,no,0,,,0,,0,0,0,0,0,0,0,0,0,0,0,0,2220,0,0,,confirmed_binary_and_builder_logic,per_gcx_size_preserved; no record relocation
codec,1084,no,0,,,0,,0,0,0,0,0,0,0,0,0,0,0,0,3884,0,0,,confirmed_binary_and_builder_logic,per_gcx_size_preserved; no record relocation
codec,1085,no,0,,,0,,0,0,0,0,0,0,0,0,0,0,0,0,2048,0,0,,confirmed_binary_and_builder_logic,per_gcx_size_preserved; no record relocation
codec,1086,no,0,,,0,,0,0,0,0,0,0,0,0,0,0,0,0,1600,0,0,,confirmed_binary_and_builder_logic,per_gcx_size_preserved; no record relocation
codec,1087,no,0,,,0,,0,0,0,0,0,0,0,0,0,0,0,0,1608,0,0,,confirmed_binary_and_builder_logic,per_gcx_size_preserved; no record relocation
codec,1088,no,0,,,0,,0,0,0,0,0,0,0,0,0,0,0,0,1820,0,0,,confirmed_binary_and_builder_logic,per_gcx_size_preserved; no record relocation
codec,1089,no,1,게롭면못붙여움유으의이자직,게면못여유으의이자,9,롭붙움직,4,256,0,0,0,0,0,23,4,256,-23,0,3248,0,233,codec:1089:14,confirmed_binary_and_builder_logic,per_gcx_size_preserved; no record relocation
codec,1090,no,0,,,0,,0,0,0,0,0,0,0,0,0,0,0,0,2128,0,0,,confirmed_binary_and_builder_logic,per_gcx_size_preserved; no record relocation
codec,1091,no,0,,,0,,0,0,0,0,0,0,0,0,0,0,0,0,2148,0,0,,confirmed_binary_and_builder_logic,per_gcx_size_preserved; no record relocation
codec,1092,no,0,,,0,,0,0,0,0,0,0,0,0,0,0,0,0,1592,0,0,,confirmed_binary_and_builder_logic,per_gcx_size_preserved; no record relocation
codec,1093,no,0,,,0,,0,0,0,0,0,0,0,0,0,0,0,0,1548,0,0,,confirmed_binary_and_builder_logic,per_gcx_size_preserved; no record relocation
codec,1094,no,0,,,0,,0,0,0,0,0,0,0,0,0,0,0,0,2840,0,0,,confirmed_binary_and_builder_logic,per_gcx_size_preserved; no record relocation
codec,1095,no,0,,,0,,0,0,0,0,0,0,0,0,0,0,0,0,2624,0,0,,confirmed_binary_and_builder_logic,per_gcx_size_preserved; no record relocation
codec,1096,no,0,,,0,,0,0,0,0,0,0,0,0,0,0,0,0,2260,0,0,,confirmed_binary_and_builder_logic,per_gcx_size_preserved; no record relocation
codec,1097,no,1,로물서속에전진해,로물서에해,5,속전진,3,192,0,0,0,0,0,18,3,192,-18,0,3144,0,174,codec:1097:14,confirmed_binary_and_builder_logic,per_gcx_size_preserved; no record relocation
codec,1098,no,0,,,0,,0,0,0,0,0,0,0,0,0,0,0,0,2148,0,0,,confirmed_binary_and_builder_logic,per_gcx_size_preserved; no record relocation
codec,1099,no,0,,,0,,0,0,0,0,0,0,0,0,0,0,0,0,2232,0,0,,confirmed_binary_and_builder_logic,per_gcx_size_preserved; no record relocation
codec,1100,no,0,,,0,,0,0,0,0,0,0,0,0,0,0,0,0,2680,0,0,,confirmed_binary_and_builder_logic,per_gcx_size_preserved; no record relocation
codec,1101,no,1,가까내려빛선에이,가까내려에이,6,빛선,2,128,0,0,0,0,0,30,2,128,-30,0,2704,0,98,codec:1101:15,confirmed_binary_and_builder_logic,per_gcx_size_preserved; no record relocation
codec,1102,no,0,,,0,,0,0,0,0,0,0,0,0,0,0,0,0,2688,0,0,,confirmed_binary_and_builder_logic,per_gcx_size_preserved; no record relocation
codec,1103,no,0,,,0,,0,0,0,0,0,0,0,0,0,0,0,0,2608,0,0,,confirmed_binary_and_builder_logic,per_gcx_size_preserved; no record relocation
codec,1104,no,0,,,0,,0,0,0,0,0,0,0,0,0,0,0,0,2704,0,0,,confirmed_binary_and_builder_logic,per_gcx_size_preserved; no record relocation
codec,1105,no,0,,,0,,0,0,0,0,0,0,0,0,0,0,0,0,2448,0,0,,confirmed_binary_and_builder_logic,per_gcx_size_preserved; no record relocation
codec,1106,no,0,,,0,,0,0,0,0,0,0,0,0,0,0,0,0,2456,0,0,,confirmed_binary_and_builder_logic,per_gcx_size_preserved; no record relocation
codec,1107,no,3,글는댄론물스식쎄요의이저죠,는물스요의이저,7,글댄론식쎄죠,6,384,0,0,0,0,0,1,6,384,-1,5,4696,0,383,codec:1107:27|codec:1107:30|codec:1107:25,confirmed_binary_and_builder_logic,per_gcx_size_preserved; no record relocation
codec,1108,no,0,,,0,,0,0,0,0,0,0,0,0,0,0,0,0,2256,0,0,,confirmed_binary_and_builder_logic,per_gcx_size_preserved; no record relocation
codec,1109,no,0,,,0,,0,0,0,0,0,0,0,0,0,0,0,0,2120,0,0,,confirmed_binary_and_builder_logic,per_gcx_size_preserved; no record relocation
codec,1110,no,0,,,0,,0,0,0,0,0,0,0,0,0,0,0,0,2220,0,0,,confirmed_binary_and_builder_logic,per_gcx_size_preserved; no record relocation
codec,1111,no,0,,,0,,0,0,0,0,0,0,0,0,0,0,0,0,2708,0,0,,confirmed_binary_and_builder_logic,per_gcx_size_preserved; no record relocation
codec,1112,no,0,,,0,,0,0,0,0,0,0,0,0,0,0,0,0,2420,0,0,,confirmed_binary_and_builder_logic,per_gcx_size_preserved; no record relocation
codec,1113,no,0,,,0,,0,0,0,0,0,0,0,0,0,0,0,0,2444,0,0,,confirmed_binary_and_builder_logic,per_gcx_size_preserved; no record relocation
codec,1114,no,0,,,0,,0,0,0,0,0,0,0,0,0,0,0,0,2716,0,0,,confirmed_binary_and_builder_logic,per_gcx_size_preserved; no record relocation
codec,1115,no,0,,,0,,0,0,0,0,0,0,0,0,0,0,0,0,2492,0,0,,confirmed_binary_and_builder_logic,per_gcx_size_preserved; no record relocation
codec,1116,no,0,,,0,,0,0,0,0,0,0,0,0,0,0,0,0,2256,0,0,,confirmed_binary_and_builder_logic,per_gcx_size_preserved; no record relocation
codec,1117,no,0,,,0,,0,0,0,0,0,0,0,0,0,0,0,0,2268,0,0,,confirmed_binary_and_builder_logic,per_gcx_size_preserved; no record relocation
codec,1118,no,1,가군는통하,가군는하,4,통,1,64,0,0,0,0,0,20,1,64,-20,0,3216,0,44,codec:1118:24,confirmed_binary_and_builder_logic,per_gcx_size_preserved; no record relocation
codec,1119,no,0,,,0,,0,0,0,0,0,0,0,0,0,0,0,0,2264,0,0,,confirmed_binary_and_builder_logic,per_gcx_size_preserved; no record relocation
codec,1120,no,0,,,0,,0,0,0,0,0,0,0,0,0,0,0,0,2268,0,0,,confirmed_binary_and_builder_logic,per_gcx_size_preserved; no record relocation
codec,1121,no,2,게굴도마보심얼에을이조지해,게도마보심에을이조지해,11,굴얼,2,128,0,0,0,0,0,44,2,128,-44,0,3380,0,84,codec:1121:14|codec:1121:16,confirmed_binary_and_builder_logic,per_gcx_size_preserved; no record relocation
codec,1122,no,0,,,0,,0,0,0,0,0,0,0,0,0,0,0,0,2704,0,0,,confirmed_binary_and_builder_logic,per_gcx_size_preserved; no record relocation
codec,1123,no,0,,,0,,0,0,0,0,0,0,0,0,0,0,0,0,2956,0,0,,confirmed_binary_and_builder_logic,per_gcx_size_preserved; no record relocation
codec,1124,no,0,,,0,,0,0,0,0,0,0,0,0,0,0,0,0,2256,0,0,,confirmed_binary_and_builder_logic,per_gcx_size_preserved; no record relocation
codec,1125,no,0,,,0,,0,0,0,0,0,0,0,0,0,0,0,0,2568,0,0,,confirmed_binary_and_builder_logic,per_gcx_size_preserved; no record relocation
codec,1126,no,0,,,0,,0,0,0,0,0,0,0,0,0,0,0,0,2316,0,0,,confirmed_binary_and_builder_logic,per_gcx_size_preserved; no record relocation
codec,1127,no,0,,,0,,0,0,0,0,0,0,0,0,0,0,0,0,2832,0,0,,confirmed_binary_and_builder_logic,per_gcx_size_preserved; no record relocation
codec,1128,no,0,,,0,,0,0,0,0,0,0,0,0,0,0,0,0,2316,0,0,,confirmed_binary_and_builder_logic,per_gcx_size_preserved; no record relocation
codec,1129,no,0,,,0,,0,0,0,0,0,0,0,0,0,0,0,0,2048,0,0,,confirmed_binary_and_builder_logic,per_gcx_size_preserved; no record relocation
codec,1130,no,1,로사서에을주해,로사서에을해,6,주,1,64,0,0,0,0,0,43,1,64,-43,0,2268,0,21,codec:1130:12,confirmed_binary_and_builder_logic,per_gcx_size_preserved; no record relocation
codec,1131,no,0,,,0,,0,0,0,0,0,0,0,0,0,0,0,0,1836,0,0,,confirmed_binary_and_builder_logic,per_gcx_size_preserved; no record relocation
codec,1132,no,0,,,0,,0,0,0,0,0,0,0,0,0,0,0,0,1720,0,0,,confirmed_binary_and_builder_logic,per_gcx_size_preserved; no record relocation
codec,1133,no,0,,,0,,0,0,0,0,0,0,0,0,0,0,0,0,2172,0,0,,confirmed_binary_and_builder_logic,per_gcx_size_preserved; no record relocation
codec,1134,no,0,,,0,,0,0,0,0,0,0,0,0,0,0,0,0,1548,0,0,,confirmed_binary_and_builder_logic,per_gcx_size_preserved; no record relocation
codec,1135,no,0,,,0,,0,0,0,0,0,0,0,0,0,0,0,0,2140,0,0,,confirmed_binary_and_builder_logic,per_gcx_size_preserved; no record relocation
codec,1136,no,0,,,0,,0,0,0,0,0,0,0,0,0,0,0,0,1900,0,0,,confirmed_binary_and_builder_logic,per_gcx_size_preserved; no record relocation
codec,1137,no,1,,,0,,0,0,0,0,0,0,0,122,0,0,-122,0,1804,122,0,codec:1137:11,confirmed_binary_and_builder_logic,per_gcx_size_preserved; no record relocation
codec,1138,no,0,,,0,,0,0,0,0,0,0,0,0,0,0,0,0,1644,0,0,,confirmed_binary_and_builder_logic,per_gcx_size_preserved; no record relocation
codec,1139,no,0,,,0,,0,0,0,0,0,0,0,0,0,0,0,0,1700,0,0,,confirmed_binary_and_builder_logic,per_gcx_size_preserved; no record relocation
codec,1140,no,0,,,0,,0,0,0,0,0,0,0,0,0,0,0,0,3312,0,0,,confirmed_binary_and_builder_logic,per_gcx_size_preserved; no record relocation
codec,1141,no,0,,,0,,0,0,0,0,0,0,0,0,0,0,0,0,3388,0,0,,confirmed_binary_and_builder_logic,per_gcx_size_preserved; no record relocation
codec,1142,no,0,,,0,,0,0,0,0,0,0,0,0,0,0,0,0,3004,0,0,,confirmed_binary_and_builder_logic,per_gcx_size_preserved; no record relocation
codec,1143,no,0,,,0,,0,0,0,0,0,0,0,0,0,0,0,0,2192,0,0,,confirmed_binary_and_builder_logic,per_gcx_size_preserved; no record relocation
codec,1144,no,0,,,0,,0,0,0,0,0,0,0,0,0,0,0,0,2360,0,0,,confirmed_binary_and_builder_logic,per_gcx_size_preserved; no record relocation
codec,1145,no,0,,,0,,0,0,0,0,0,0,0,0,0,0,0,0,2696,0,0,,confirmed_binary_and_builder_logic,per_gcx_size_preserved; no record relocation
codec,1146,no,1,가고기노딘를리숨숲어에있회,가고기를리숲어에있,9,노딘숨회,4,256,0,0,0,0,0,31,4,256,-31,0,3196,0,225,codec:1146:15,confirmed_binary_and_builder_logic,per_gcx_size_preserved; no record relocation
codec,1147,no,0,,,0,,0,0,0,0,0,0,0,0,0,0,0,0,2128,0,0,,confirmed_binary_and_builder_logic,per_gcx_size_preserved; no record relocation
codec,1148,no,0,,,0,,0,0,0,0,0,0,0,0,0,0,0,0,2108,0,0,,confirmed_binary_and_builder_logic,per_gcx_size_preserved; no record relocation
codec,1149,no,0,,,0,,0,0,0,0,0,0,0,0,0,0,0,0,2184,0,0,,confirmed_binary_and_builder_logic,per_gcx_size_preserved; no record relocation
codec,1150,no,1,늘마맞면몸바박에으의이취탄혀,마면바에으의이,7,늘맞몸박취탄혀,7,448,0,0,0,0,0,65,7,448,-65,0,2776,0,383,codec:1150:10,confirmed_binary_and_builder_logic,per_gcx_size_preserved; no record relocation
codec,1151,no,0,,,0,,0,0,0,0,0,0,0,0,0,0,0,0,2780,0,0,,confirmed_binary_and_builder_logic,per_gcx_size_preserved; no record relocation
codec,1152,no,0,,,0,,0,0,0,0,0,0,0,0,0,0,0,0,2580,0,0,,confirmed_binary_and_builder_logic,per_gcx_size_preserved; no record relocation
codec,1153,no,1,는위이정줘지치해형,는위이정지해,6,줘치형,3,192,0,0,0,0,0,41,3,192,-41,0,3196,0,151,codec:1153:14,confirmed_binary_and_builder_logic,per_gcx_size_preserved; no record relocation
codec,1154,no,0,,,0,,0,0,0,0,0,0,0,0,0,0,0,0,2572,0,0,,confirmed_binary_and_builder_logic,per_gcx_size_preserved; no record relocation
codec,1155,no,0,,,0,,0,0,0,0,0,0,0,0,0,0,0,0,2388,0,0,,confirmed_binary_and_builder_logic,per_gcx_size_preserved; no record relocation
codec,1156,no,0,,,0,,0,0,0,0,0,0,0,0,0,0,0,0,2520,0,0,,confirmed_binary_and_builder_logic,per_gcx_size_preserved; no record relocation
codec,1157,no,0,,,0,,0,0,0,0,0,0,0,0,0,0,0,0,2392,0,0,,confirmed_binary_and_builder_logic,per_gcx_size_preserved; no record relocation
codec,1158,no,0,,,0,,0,0,0,0,0,0,0,0,0,0,0,0,2540,0,0,,confirmed_binary_and_builder_logic,per_gcx_size_preserved; no record relocation
codec,1159,no,0,,,0,,0,0,0,0,0,0,0,0,0,0,0,0,2844,0,0,,confirmed_binary_and_builder_logic,per_gcx_size_preserved; no record relocation
codec,1160,no,0,,,0,,0,0,0,0,0,0,0,0,0,0,0,0,2504,0,0,,confirmed_binary_and_builder_logic,per_gcx_size_preserved; no record relocation
codec,1161,no,1,도봐써,도봐,2,써,1,64,0,0,0,0,0,28,1,64,-28,0,2616,0,36,codec:1161:16,confirmed_binary_and_builder_logic,per_gcx_size_preserved; no record relocation
codec,1162,no,0,,,0,,0,0,0,0,0,0,0,0,0,0,0,0,2140,0,0,,confirmed_binary_and_builder_logic,per_gcx_size_preserved; no record relocation
codec,1163,no,0,,,0,,0,0,0,0,0,0,0,0,0,0,0,0,2104,0,0,,confirmed_binary_and_builder_logic,per_gcx_size_preserved; no record relocation
codec,1164,no,1,높산아은이주,아은이,3,높산주,3,192,0,0,0,0,0,17,3,192,-17,0,3268,0,175,codec:1164:30,confirmed_binary_and_builder_logic,per_gcx_size_preserved; no record relocation
codec,1165,no,0,,,0,,0,0,0,0,0,0,0,0,0,0,0,0,2272,0,0,,confirmed_binary_and_builder_logic,per_gcx_size_preserved; no record relocation
codec,1166,no,0,,,0,,0,0,0,0,0,0,0,0,0,0,0,0,2584,0,0,,confirmed_binary_and_builder_logic,per_gcx_size_preserved; no record relocation
codec,1167,no,0,,,0,,0,0,0,0,0,0,0,0,0,0,0,0,1612,0,0,,confirmed_binary_and_builder_logic,per_gcx_size_preserved; no record relocation
codec,1168,no,1,,,0,,0,0,0,0,0,0,0,59,0,0,-59,0,1836,59,0,codec:1168:15,confirmed_binary_and_builder_logic,per_gcx_size_preserved; no record relocation
codec,1169,no,0,,,0,,0,0,0,0,0,0,0,0,0,0,0,0,1836,0,0,,confirmed_binary_and_builder_logic,per_gcx_size_preserved; no record relocation
codec,1170,no,0,,,0,,0,0,0,0,0,0,0,0,0,0,0,0,2436,0,0,,confirmed_binary_and_builder_logic,per_gcx_size_preserved; no record relocation
codec,1171,no,0,,,0,,0,0,0,0,0,0,0,0,0,0,0,0,2308,0,0,,confirmed_binary_and_builder_logic,per_gcx_size_preserved; no record relocation
codec,1172,no,0,,,0,,0,0,0,0,0,0,0,0,0,0,0,0,2096,0,0,,confirmed_binary_and_builder_logic,per_gcx_size_preserved; no record relocation
codec,1173,no,0,,,0,,0,0,0,0,0,0,0,0,0,0,0,0,2300,0,0,,confirmed_binary_and_builder_logic,per_gcx_size_preserved; no record relocation
codec,1174,no,0,,,0,,0,0,0,0,0,0,0,0,0,0,0,0,2156,0,0,,confirmed_binary_and_builder_logic,per_gcx_size_preserved; no record relocation
codec,1175,no,1,공눌대러버서션액에옆을작조튼포해,대러버서션에을조포해,10,공눌액옆작튼,6,384,0,0,0,0,0,65,6,384,-65,0,3732,0,319,codec:1175:14,confirmed_binary_and_builder_logic,per_gcx_size_preserved; no record relocation
codec,1176,no,0,,,0,,0,0,0,0,0,0,0,0,0,0,0,0,2648,0,0,,confirmed_binary_and_builder_logic,per_gcx_size_preserved; no record relocation
codec,1177,no,0,,,0,,0,0,0,0,0,0,0,0,0,0,0,0,2412,0,0,,confirmed_binary_and_builder_logic,per_gcx_size_preserved; no record relocation
codec,1178,no,0,,,0,,0,0,0,0,0,0,0,0,0,0,0,0,2376,0,0,,confirmed_binary_and_builder_logic,per_gcx_size_preserved; no record relocation
codec,1179,no,0,,,0,,0,0,0,0,0,0,0,0,0,0,0,0,2132,0,0,,confirmed_binary_and_builder_logic,per_gcx_size_preserved; no record relocation
codec,1180,no,0,,,0,,0,0,0,0,0,0,0,0,0,0,0,0,2348,0,0,,confirmed_binary_and_builder_logic,per_gcx_size_preserved; no record relocation
codec,1181,no,2,,,0,,0,0,0,0,0,0,0,107,0,0,-107,0,1576,107,0,codec:1181:11|codec:1181:12,confirmed_binary_and_builder_logic,per_gcx_size_preserved; no record relocation
codec,1182,no,0,,,0,,0,0,0,0,0,0,0,0,0,0,0,0,2008,0,0,,confirmed_binary_and_builder_logic,per_gcx_size_preserved; no record relocation
codec,1183,no,1,,,0,,0,0,0,0,0,0,0,70,0,0,-70,0,1880,70,0,codec:1183:15,confirmed_binary_and_builder_logic,per_gcx_size_preserved; no record relocation
codec,1184,no,0,,,0,,0,0,0,0,0,0,0,0,0,0,0,0,1624,0,0,,confirmed_binary_and_builder_logic,per_gcx_size_preserved; no record relocation
codec,1185,no,0,,,0,,0,0,0,0,0,0,0,0,0,0,0,0,1580,0,0,,confirmed_binary_and_builder_logic,per_gcx_size_preserved; no record relocation
codec,1186,no,0,,,0,,0,0,0,0,0,0,0,0,0,0,0,0,2620,0,0,,confirmed_binary_and_builder_logic,per_gcx_size_preserved; no record relocation
codec,1187,no,0,,,0,,0,0,0,0,0,0,0,0,0,0,0,0,2364,0,0,,confirmed_binary_and_builder_logic,per_gcx_size_preserved; no record relocation
codec,1188,no,0,,,0,,0,0,0,0,0,0,0,0,0,0,0,0,2616,0,0,,confirmed_binary_and_builder_logic,per_gcx_size_preserved; no record relocation
codec,1189,no,4,곧나를미안았요찾,나를미안았요,6,곧찾,2,128,0,0,0,0,0,118,2,128,-118,0,3312,0,10,codec:1189:33|codec:1189:34|codec:1189:14|codec:1189:17,confirmed_binary_and_builder_logic,per_gcx_size_preserved; no record relocation
codec,1190,no,0,,,0,,0,0,0,0,0,0,0,0,0,0,0,0,2216,0,0,,confirmed_binary_and_builder_logic,per_gcx_size_preserved; no record relocation
codec,1191,no,0,,,0,,0,0,0,0,0,0,0,0,0,0,0,0,2540,0,0,,confirmed_binary_and_builder_logic,per_gcx_size_preserved; no record relocation
codec,1192,no,0,,,0,,0,0,0,0,0,0,0,0,0,0,0,0,2364,0,0,,confirmed_binary_and_builder_logic,per_gcx_size_preserved; no record relocation
codec,1193,no,0,,,0,,0,0,0,0,0,0,0,0,0,0,0,0,2180,0,0,,confirmed_binary_and_builder_logic,per_gcx_size_preserved; no record relocation
codec,1194,no,0,,,0,,0,0,0,0,0,0,0,0,0,0,0,0,2344,0,0,,confirmed_binary_and_builder_logic,per_gcx_size_preserved; no record relocation
codec,1195,no,0,,,0,,0,0,0,0,0,0,0,0,0,0,0,0,2400,0,0,,confirmed_binary_and_builder_logic,per_gcx_size_preserved; no record relocation
codec,1196,no,0,,,0,,0,0,0,0,0,0,0,0,0,0,0,0,2436,0,0,,confirmed_binary_and_builder_logic,per_gcx_size_preserved; no record relocation
codec,1197,no,0,,,0,,0,0,0,0,0,0,0,0,0,0,0,0,2392,0,0,,confirmed_binary_and_builder_logic,per_gcx_size_preserved; no record relocation
codec,1198,no,1,,,0,,0,0,0,0,0,0,0,110,0,0,-110,0,2276,110,0,codec:1198:15,confirmed_binary_and_builder_logic,per_gcx_size_preserved; no record relocation
codec,1199,no,0,,,0,,0,0,0,0,0,0,0,0,0,0,0,0,2148,0,0,,confirmed_binary_and_builder_logic,per_gcx_size_preserved; no record relocation
codec,1200,no,0,,,0,,0,0,0,0,0,0,0,0,0,0,0,0,2296,0,0,,confirmed_binary_and_builder_logic,per_gcx_size_preserved; no record relocation
codec,1201,no,0,,,0,,0,0,0,0,0,0,0,0,0,0,0,0,2152,0,0,,confirmed_binary_and_builder_logic,per_gcx_size_preserved; no record relocation
codec,1202,no,0,,,0,,0,0,0,0,0,0,0,0,0,0,0,0,2460,0,0,,confirmed_binary_and_builder_logic,per_gcx_size_preserved; no record relocation
codec,1203,no,0,,,0,,0,0,0,0,0,0,0,0,0,0,0,0,2176,0,0,,confirmed_binary_and_builder_logic,per_gcx_size_preserved; no record relocation
codec,1204,no,0,,,0,,0,0,0,0,0,0,0,0,0,0,0,0,2372,0,0,,confirmed_binary_and_builder_logic,per_gcx_size_preserved; no record relocation
codec,1205,no,0,,,0,,0,0,0,0,0,0,0,0,0,0,0,0,2232,0,0,,confirmed_binary_and_builder_logic,per_gcx_size_preserved; no record relocation
codec,1206,no,0,,,0,,0,0,0,0,0,0,0,0,0,0,0,0,2120,0,0,,confirmed_binary_and_builder_logic,per_gcx_size_preserved; no record relocation
codec,1207,no,0,,,0,,0,0,0,0,0,0,0,0,0,0,0,0,2616,0,0,,confirmed_binary_and_builder_logic,per_gcx_size_preserved; no record relocation
codec,1208,no,0,,,0,,0,0,0,0,0,0,0,0,0,0,0,0,2400,0,0,,confirmed_binary_and_builder_logic,per_gcx_size_preserved; no record relocation
codec,1209,no,0,,,0,,0,0,0,0,0,0,0,0,0,0,0,0,2248,0,0,,confirmed_binary_and_builder_logic,per_gcx_size_preserved; no record relocation
codec,1210,no,0,,,0,,0,0,0,0,0,0,0,0,0,0,0,0,2712,0,0,,confirmed_binary_and_builder_logic,per_gcx_size_preserved; no record relocation
codec,1211,no,1,,,0,,0,0,0,0,0,0,0,65,0,0,-65,0,2484,65,0,codec:1211:19,confirmed_binary_and_builder_logic,per_gcx_size_preserved; no record relocation
codec,1212,no,1,그러면실야은패,그러면야은,5,실패,2,128,0,0,0,0,0,26,2,128,-26,0,2816,0,102,codec:1212:16,confirmed_binary_and_builder_logic,per_gcx_size_preserved; no record relocation
codec,1213,no,0,,,0,,0,0,0,0,0,0,0,0,0,0,0,0,2512,0,0,,confirmed_binary_and_builder_logic,per_gcx_size_preserved; no record relocation
codec,1214,no,0,,,0,,0,0,0,0,0,0,0,0,0,0,0,0,2884,0,0,,confirmed_binary_and_builder_logic,per_gcx_size_preserved; no record relocation
codec,1215,no,0,,,0,,0,0,0,0,0,0,0,0,0,0,0,0,2092,0,0,,confirmed_binary_and_builder_logic,per_gcx_size_preserved; no record relocation
codec,1216,no,0,,,0,,0,0,0,0,0,0,0,0,0,0,0,0,2292,0,0,,confirmed_binary_and_builder_logic,per_gcx_size_preserved; no record relocation
codec,1217,no,0,,,0,,0,0,0,0,0,0,0,0,0,0,0,0,2268,0,0,,confirmed_binary_and_builder_logic,per_gcx_size_preserved; no record relocation
codec,1218,no,3,가그난래서어없연우의일제치형,가그난래서어없우의일제,11,연치형,3,192,0,0,0,0,0,8,3,192,-8,3,3552,0,184,codec:1218:17|codec:1218:15|codec:1218:22,confirmed_binary_and_builder_logic,per_gcx_size_preserved; no record relocation
codec,1219,no,2,괜그까럴아왜요찮,그까럴아왜요,6,괜찮,2,128,0,0,0,0,0,19,2,128,-19,0,4508,0,109,codec:1219:32|codec:1219:26,confirmed_binary_and_builder_logic,per_gcx_size_preserved; no record relocation
codec,1220,no,0,,,0,,0,0,0,0,0,0,0,0,0,0,0,0,2208,0,0,,confirmed_binary_and_builder_logic,per_gcx_size_preserved; no record relocation
codec,1221,no,0,,,0,,0,0,0,0,0,0,0,0,0,0,0,0,2268,0,0,,confirmed_binary_and_builder_logic,per_gcx_size_preserved; no record relocation
codec,1222,no,1,,,0,,0,0,0,0,0,0,0,75,0,0,-75,0,2376,75,0,codec:1222:16,confirmed_binary_and_builder_logic,per_gcx_size_preserved; no record relocation
codec,1223,no,0,,,0,,0,0,0,0,0,0,0,0,0,0,0,0,2076,0,0,,confirmed_binary_and_builder_logic,per_gcx_size_preserved; no record relocation
codec,1224,no,1,그럼뭐였지,그뭐지,3,럼였,2,128,0,0,0,0,0,6,2,128,-6,0,2560,0,122,codec:1224:16,confirmed_binary_and_builder_logic,per_gcx_size_preserved; no record relocation
codec,1225,no,0,,,0,,0,0,0,0,0,0,0,0,0,0,0,0,2472,0,0,,confirmed_binary_and_builder_logic,per_gcx_size_preserved; no record relocation
codec,1226,no,0,,,0,,0,0,0,0,0,0,0,0,0,0,0,0,2328,0,0,,confirmed_binary_and_builder_logic,per_gcx_size_preserved; no record relocation
codec,1227,no,0,,,0,,0,0,0,0,0,0,0,0,0,0,0,0,2316,0,0,,confirmed_binary_and_builder_logic,per_gcx_size_preserved; no record relocation
codec,1228,no,0,,,0,,0,0,0,0,0,0,0,0,0,0,0,0,2220,0,0,,confirmed_binary_and_builder_logic,per_gcx_size_preserved; no record relocation
codec,1229,no,0,,,0,,0,0,0,0,0,0,0,0,0,0,0,0,2208,0,0,,confirmed_binary_and_builder_logic,per_gcx_size_preserved; no record relocation
codec,1230,no,0,,,0,,0,0,0,0,0,0,0,0,0,0,0,0,2452,0,0,,confirmed_binary_and_builder_logic,per_gcx_size_preserved; no record relocation
codec,1231,no,1,가사제짜형,가사제,3,짜형,2,128,0,0,0,0,0,6,2,128,-6,0,2564,0,122,codec:1231:17,confirmed_binary_and_builder_logic,per_gcx_size_preserved; no record relocation
codec,1232,no,0,,,0,,0,0,0,0,0,0,0,0,0,0,0,0,2196,0,0,,confirmed_binary_and_builder_logic,per_gcx_size_preserved; no record relocation
codec,1233,no,0,,,0,,0,0,0,0,0,0,0,0,0,0,0,0,2520,0,0,,confirmed_binary_and_builder_logic,per_gcx_size_preserved; no record relocation
codec,1234,no,0,,,0,,0,0,0,0,0,0,0,0,0,0,0,0,2192,0,0,,confirmed_binary_and_builder_logic,per_gcx_size_preserved; no record relocation
codec,1235,no,0,,,0,,0,0,0,0,0,0,0,0,0,0,0,0,2264,0,0,,confirmed_binary_and_builder_logic,per_gcx_size_preserved; no record relocation
codec,1236,no,0,,,0,,0,0,0,0,0,0,0,0,0,0,0,0,2316,0,0,,confirmed_binary_and_builder_logic,per_gcx_size_preserved; no record relocation
codec,1237,no,0,,,0,,0,0,0,0,0,0,0,0,0,0,0,0,2264,0,0,,confirmed_binary_and_builder_logic,per_gcx_size_preserved; no record relocation
codec,1238,no,1,,,0,,0,0,0,0,0,0,0,50,0,0,-50,0,2304,50,0,codec:1238:17,confirmed_binary_and_builder_logic,per_gcx_size_preserved; no record relocation
codec,1239,no,3,,,0,,0,0,0,0,0,0,0,217,0,0,-217,0,2940,217,0,codec:1239:30|codec:1239:31|codec:1239:32,confirmed_binary_and_builder_logic,per_gcx_size_preserved; no record relocation
codec,1240,no,5,긴까꿈나년는니님다도디령몇무소송슨어었여올요이일입있죄지합해,까나는니다도디령무소슨어었여올요이일입있지해,22,긴꿈년님몇송죄합,8,512,0,0,0,0,0,1,8,512,-1,10,4952,0,511,codec:1240:15|codec:1240:17|codec:1240:16|codec:1240:14|codec:1240:24,confirmed_binary_and_builder_logic,per_gcx_size_preserved; no record relocation
codec,1241,no,0,,,0,,0,0,0,0,0,0,0,0,0,0,0,0,2292,0,0,,confirmed_binary_and_builder_logic,per_gcx_size_preserved; no record relocation
codec,1242,no,0,,,0,,0,0,0,0,0,0,0,0,0,0,0,0,2732,0,0,,confirmed_binary_and_builder_logic,per_gcx_size_preserved; no record relocation
codec,1243,no,0,,,0,,0,0,0,0,0,0,0,0,0,0,0,0,2756,0,0,,confirmed_binary_and_builder_logic,per_gcx_size_preserved; no record relocation
codec,1244,no,0,,,0,,0,0,0,0,0,0,0,0,0,0,0,0,2600,0,0,,confirmed_binary_and_builder_logic,per_gcx_size_preserved; no record relocation
codec,1245,no,0,,,0,,0,0,0,0,0,0,0,0,0,0,0,0,3896,0,0,,confirmed_binary_and_builder_logic,per_gcx_size_preserved; no record relocation
codec,1246,no,0,,,0,,0,0,0,0,0,0,0,0,0,0,0,0,2932,0,0,,confirmed_binary_and_builder_logic,per_gcx_size_preserved; no record relocation
codec,1247,no,0,,,0,,0,0,0,0,0,0,0,0,0,0,0,0,2724,0,0,,confirmed_binary_and_builder_logic,per_gcx_size_preserved; no record relocation
codec,1248,no,0,,,0,,0,0,0,0,0,0,0,0,0,0,0,0,2212,0,0,,confirmed_binary_and_builder_logic,per_gcx_size_preserved; no record relocation
codec,1249,no,0,,,0,,0,0,0,0,0,0,0,0,0,0,0,0,2244,0,0,,confirmed_binary_and_builder_logic,per_gcx_size_preserved; no record relocation
codec,1250,no,2,,,0,,0,0,0,0,0,0,0,45,0,0,-45,0,2264,45,0,codec:1250:20|codec:1250:19,confirmed_binary_and_builder_logic,per_gcx_size_preserved; no record relocation
codec,1251,no,0,,,0,,0,0,0,0,0,0,0,0,0,0,0,0,2644,0,0,,confirmed_binary_and_builder_logic,per_gcx_size_preserved; no record relocation
codec,1252,no,0,,,0,,0,0,0,0,0,0,0,0,0,0,0,0,3132,0,0,,confirmed_binary_and_builder_logic,per_gcx_size_preserved; no record relocation
codec,1253,no,0,,,0,,0,0,0,0,0,0,0,0,0,0,0,0,2132,0,0,,confirmed_binary_and_builder_logic,per_gcx_size_preserved; no record relocation
codec,1254,no,0,,,0,,0,0,0,0,0,0,0,0,0,0,0,0,2172,0,0,,confirmed_binary_and_builder_logic,per_gcx_size_preserved; no record relocation
codec,1255,no,0,,,0,,0,0,0,0,0,0,0,0,0,0,0,0,2108,0,0,,confirmed_binary_and_builder_logic,per_gcx_size_preserved; no record relocation
codec,1256,no,0,,,0,,0,0,0,0,0,0,0,0,0,0,0,0,2524,0,0,,confirmed_binary_and_builder_logic,per_gcx_size_preserved; no record relocation
codec,1257,no,2,가것계그끝내는도되마면속야에이잊전지,가것계그내는도되마면야에이지,14,끝속잊전,4,256,0,0,0,0,0,85,4,256,-85,0,3576,0,171,codec:1257:18|codec:1257:19,confirmed_binary_and_builder_logic,per_gcx_size_preserved; no record relocation
codec,1258,no,0,,,0,,0,0,0,0,0,0,0,0,0,0,0,0,2480,0,0,,confirmed_binary_and_builder_logic,per_gcx_size_preserved; no record relocation
codec,1259,no,0,,,0,,0,0,0,0,0,0,0,0,0,0,0,0,2232,0,0,,confirmed_binary_and_builder_logic,per_gcx_size_preserved; no record relocation
codec,1260,no,0,,,0,,0,0,0,0,0,0,0,0,0,0,0,0,2696,0,0,,confirmed_binary_and_builder_logic,per_gcx_size_preserved; no record relocation
codec,1261,no,0,,,0,,0,0,0,0,0,0,0,0,0,0,0,0,2304,0,0,,confirmed_binary_and_builder_logic,per_gcx_size_preserved; no record relocation
codec,1262,no,1,,,0,,0,0,0,0,0,0,0,63,0,0,-63,0,2628,63,0,codec:1262:22,confirmed_binary_and_builder_logic,per_gcx_size_preserved; no record relocation
codec,1263,no,0,,,0,,0,0,0,0,0,0,0,0,0,0,0,0,2484,0,0,,confirmed_binary_and_builder_logic,per_gcx_size_preserved; no record relocation
codec,1264,no,0,,,0,,0,0,0,0,0,0,0,0,0,0,0,0,2420,0,0,,confirmed_binary_and_builder_logic,per_gcx_size_preserved; no record relocation
codec,1265,no,0,,,0,,0,0,0,0,0,0,0,0,0,0,0,0,2292,0,0,,confirmed_binary_and_builder_logic,per_gcx_size_preserved; no record relocation
codec,1266,no,1,,,0,,0,0,0,0,0,0,0,53,0,0,-53,0,2356,53,0,codec:1266:19,confirmed_binary_and_builder_logic,per_gcx_size_preserved; no record relocation
codec,1267,no,0,,,0,,0,0,0,0,0,0,0,0,0,0,0,0,5520,0,0,,confirmed_binary_and_builder_logic,per_gcx_size_preserved; no record relocation
codec,1268,no,0,,,0,,0,0,0,0,0,0,0,0,0,0,0,0,2384,0,0,,confirmed_binary_and_builder_logic,per_gcx_size_preserved; no record relocation
codec,1269,no,0,,,0,,0,0,0,0,0,0,0,0,0,0,0,0,2096,0,0,,confirmed_binary_and_builder_logic,per_gcx_size_preserved; no record relocation
codec,1270,no,0,,,0,,0,0,0,0,0,0,0,0,0,0,0,0,2448,0,0,,confirmed_binary_and_builder_logic,per_gcx_size_preserved; no record relocation
codec,1271,no,0,,,0,,0,0,0,0,0,0,0,0,0,0,0,0,2584,0,0,,confirmed_binary_and_builder_logic,per_gcx_size_preserved; no record relocation
codec,1272,no,0,,,0,,0,0,0,0,0,0,0,0,0,0,0,0,2440,0,0,,confirmed_binary_and_builder_logic,per_gcx_size_preserved; no record relocation
codec,1273,no,0,,,0,,0,0,0,0,0,0,0,0,0,0,0,0,2352,0,0,,confirmed_binary_and_builder_logic,per_gcx_size_preserved; no record relocation
codec,1274,no,0,,,0,,0,0,0,0,0,0,0,0,0,0,0,0,2364,0,0,,confirmed_binary_and_builder_logic,per_gcx_size_preserved; no record relocation
codec,1275,no,0,,,0,,0,0,0,0,0,0,0,0,0,0,0,0,2540,0,0,,confirmed_binary_and_builder_logic,per_gcx_size_preserved; no record relocation
codec,1276,no,0,,,0,,0,0,0,0,0,0,0,0,0,0,0,0,2328,0,0,,confirmed_binary_and_builder_logic,per_gcx_size_preserved; no record relocation
codec,1277,no,0,,,0,,0,0,0,0,0,0,0,0,0,0,0,0,2024,0,0,,confirmed_binary_and_builder_logic,per_gcx_size_preserved; no record relocation
codec,1278,no,0,,,0,,0,0,0,0,0,0,0,0,0,0,0,0,2244,0,0,,confirmed_binary_and_builder_logic,per_gcx_size_preserved; no record relocation
codec,1279,no,1,,,0,,0,0,0,0,0,0,0,37,0,0,-37,0,2100,37,0,codec:1279:15,confirmed_binary_and_builder_logic,per_gcx_size_preserved; no record relocation
codec,1280,no,0,,,0,,0,0,0,0,0,0,0,0,0,0,0,0,2096,0,0,,confirmed_binary_and_builder_logic,per_gcx_size_preserved; no record relocation
codec,1281,no,0,,,0,,0,0,0,0,0,0,0,0,0,0,0,0,2084,0,0,,confirmed_binary_and_builder_logic,per_gcx_size_preserved; no record relocation
codec,1282,no,0,,,0,,0,0,0,0,0,0,0,0,0,0,0,0,2032,0,0,,confirmed_binary_and_builder_logic,per_gcx_size_preserved; no record relocation
codec,1283,no,0,,,0,,0,0,0,0,0,0,0,0,0,0,0,0,2028,0,0,,confirmed_binary_and_builder_logic,per_gcx_size_preserved; no record relocation
codec,1284,no,0,,,0,,0,0,0,0,0,0,0,0,0,0,0,0,2024,0,0,,confirmed_binary_and_builder_logic,per_gcx_size_preserved; no record relocation
codec,1285,no,0,,,0,,0,0,0,0,0,0,0,0,0,0,0,0,2292,0,0,,confirmed_binary_and_builder_logic,per_gcx_size_preserved; no record relocation
codec,1286,no,0,,,0,,0,0,0,0,0,0,0,0,0,0,0,0,2700,0,0,,confirmed_binary_and_builder_logic,per_gcx_size_preserved; no record relocation
codec,1287,no,0,,,0,,0,0,0,0,0,0,0,0,0,0,0,0,2292,0,0,,confirmed_binary_and_builder_logic,per_gcx_size_preserved; no record relocation
codec,1288,no,0,,,0,,0,0,0,0,0,0,0,0,0,0,0,0,2412,0,0,,confirmed_binary_and_builder_logic,per_gcx_size_preserved; no record relocation
codec,1289,no,0,,,0,,0,0,0,0,0,0,0,0,0,0,0,0,2496,0,0,,confirmed_binary_and_builder_logic,per_gcx_size_preserved; no record relocation
codec,1290,no,0,,,0,,0,0,0,0,0,0,0,0,0,0,0,0,2748,0,0,,confirmed_binary_and_builder_logic,per_gcx_size_preserved; no record relocation
codec,1291,no,0,,,0,,0,0,0,0,0,0,0,0,0,0,0,0,2572,0,0,,confirmed_binary_and_builder_logic,per_gcx_size_preserved; no record relocation
codec,1292,no,0,,,0,,0,0,0,0,0,0,0,0,0,0,0,0,2400,0,0,,confirmed_binary_and_builder_logic,per_gcx_size_preserved; no record relocation
codec,1293,no,0,,,0,,0,0,0,0,0,0,0,0,0,0,0,0,2308,0,0,,confirmed_binary_and_builder_logic,per_gcx_size_preserved; no record relocation
codec,1294,no,0,,,0,,0,0,0,0,0,0,0,0,0,0,0,0,2796,0,0,,confirmed_binary_and_builder_logic,per_gcx_size_preserved; no record relocation
codec,1295,no,0,,,0,,0,0,0,0,0,0,0,0,0,0,0,0,2532,0,0,,confirmed_binary_and_builder_logic,per_gcx_size_preserved; no record relocation
codec,1296,no,0,,,0,,0,0,0,0,0,0,0,0,0,0,0,0,2408,0,0,,confirmed_binary_and_builder_logic,per_gcx_size_preserved; no record relocation
codec,1297,no,0,,,0,,0,0,0,0,0,0,0,0,0,0,0,0,2236,0,0,,confirmed_binary_and_builder_logic,per_gcx_size_preserved; no record relocation
codec,1298,no,0,,,0,,0,0,0,0,0,0,0,0,0,0,0,0,2320,0,0,,confirmed_binary_and_builder_logic,per_gcx_size_preserved; no record relocation
codec,1299,no,0,,,0,,0,0,0,0,0,0,0,0,0,0,0,0,2408,0,0,,confirmed_binary_and_builder_logic,per_gcx_size_preserved; no record relocation
codec,1300,no,0,,,0,,0,0,0,0,0,0,0,0,0,0,0,0,2500,0,0,,confirmed_binary_and_builder_logic,per_gcx_size_preserved; no record relocation
codec,1301,no,1,아좋,아좋,2,,0,0,0,0,0,0,0,2,0,0,-2,0,3700,2,0,codec:1301:34,confirmed_binary_and_builder_logic,per_gcx_size_preserved; no record relocation
codec,1302,no,0,,,0,,0,0,0,0,0,0,0,0,0,0,0,0,2672,0,0,,confirmed_binary_and_builder_logic,per_gcx_size_preserved; no record relocation
codec,1303,no,0,,,0,,0,0,0,0,0,0,0,0,0,0,0,0,2380,0,0,,confirmed_binary_and_builder_logic,per_gcx_size_preserved; no record relocation
codec,1304,no,0,,,0,,0,0,0,0,0,0,0,0,0,0,0,0,2932,0,0,,confirmed_binary_and_builder_logic,per_gcx_size_preserved; no record relocation
codec,1305,no,1,,,0,,0,0,0,0,0,0,0,89,0,0,-89,0,2100,89,0,codec:1305:13,confirmed_binary_and_builder_logic,per_gcx_size_preserved; no record relocation
codec,1306,no,0,,,0,,0,0,0,0,0,0,0,0,0,0,0,0,2244,0,0,,confirmed_binary_and_builder_logic,per_gcx_size_preserved; no record relocation
codec,1307,no,0,,,0,,0,0,0,0,0,0,0,0,0,0,0,0,2076,0,0,,confirmed_binary_and_builder_logic,per_gcx_size_preserved; no record relocation
codec,1308,no,0,,,0,,0,0,0,0,0,0,0,0,0,0,0,0,2076,0,0,,confirmed_binary_and_builder_logic,per_gcx_size_preserved; no record relocation
codec,1309,no,0,,,0,,0,0,0,0,0,0,0,0,0,0,0,0,2076,0,0,,confirmed_binary_and_builder_logic,per_gcx_size_preserved; no record relocation
codec,1310,no,0,,,0,,0,0,0,0,0,0,0,0,0,0,0,0,2076,0,0,,confirmed_binary_and_builder_logic,per_gcx_size_preserved; no record relocation
codec,1311,no,0,,,0,,0,0,0,0,0,0,0,0,0,0,0,0,2580,0,0,,confirmed_binary_and_builder_logic,per_gcx_size_preserved; no record relocation
codec,1312,no,0,,,0,,0,0,0,0,0,0,0,0,0,0,0,0,2276,0,0,,confirmed_binary_and_builder_logic,per_gcx_size_preserved; no record relocation
codec,1313,no,0,,,0,,0,0,0,0,0,0,0,0,0,0,0,0,2468,0,0,,confirmed_binary_and_builder_logic,per_gcx_size_preserved; no record relocation
codec,1314,no,1,,,0,,0,0,0,0,0,0,0,122,0,0,-122,0,2772,122,0,codec:1314:22,confirmed_binary_and_builder_logic,per_gcx_size_preserved; no record relocation
codec,1315,no,0,,,0,,0,0,0,0,0,0,0,0,0,0,0,0,2436,0,0,,confirmed_binary_and_builder_logic,per_gcx_size_preserved; no record relocation
codec,1316,no,0,,,0,,0,0,0,0,0,0,0,0,0,0,0,0,2324,0,0,,confirmed_binary_and_builder_logic,per_gcx_size_preserved; no record relocation
codec,1317,no,0,,,0,,0,0,0,0,0,0,0,0,0,0,0,0,2376,0,0,,confirmed_binary_and_builder_logic,per_gcx_size_preserved; no record relocation
codec,1318,no,0,,,0,,0,0,0,0,0,0,0,0,0,0,0,0,2328,0,0,,confirmed_binary_and_builder_logic,per_gcx_size_preserved; no record relocation
codec,1319,no,0,,,0,,0,0,0,0,0,0,0,0,0,0,0,0,2208,0,0,,confirmed_binary_and_builder_logic,per_gcx_size_preserved; no record relocation
codec,1320,no,0,,,0,,0,0,0,0,0,0,0,0,0,0,0,0,2208,0,0,,confirmed_binary_and_builder_logic,per_gcx_size_preserved; no record relocation
codec,1321,no,0,,,0,,0,0,0,0,0,0,0,0,0,0,0,0,2124,0,0,,confirmed_binary_and_builder_logic,per_gcx_size_preserved; no record relocation
codec,1322,no,0,,,0,,0,0,0,0,0,0,0,0,0,0,0,0,1472,0,0,,confirmed_binary_and_builder_logic,per_gcx_size_preserved; no record relocation
codec,1323,no,0,,,0,,0,0,0,0,0,0,0,0,0,0,0,0,1488,0,0,,confirmed_binary_and_builder_logic,per_gcx_size_preserved; no record relocation
codec,1324,no,0,,,0,,0,0,0,0,0,0,0,0,0,0,0,0,2232,0,0,,confirmed_binary_and_builder_logic,per_gcx_size_preserved; no record relocation
codec,1325,no,0,,,0,,0,0,0,0,0,0,0,0,0,0,0,0,2352,0,0,,confirmed_binary_and_builder_logic,per_gcx_size_preserved; no record relocation
codec,1326,no,0,,,0,,0,0,0,0,0,0,0,0,0,0,0,0,2492,0,0,,confirmed_binary_and_builder_logic,per_gcx_size_preserved; no record relocation
codec,1327,no,0,,,0,,0,0,0,0,0,0,0,0,0,0,0,0,2868,0,0,,confirmed_binary_and_builder_logic,per_gcx_size_preserved; no record relocation
codec,1328,no,0,,,0,,0,0,0,0,0,0,0,0,0,0,0,0,2652,0,0,,confirmed_binary_and_builder_logic,per_gcx_size_preserved; no record relocation
codec,1329,no,0,,,0,,0,0,0,0,0,0,0,0,0,0,0,0,2832,0,0,,confirmed_binary_and_builder_logic,per_gcx_size_preserved; no record relocation
codec,1330,no,0,,,0,,0,0,0,0,0,0,0,0,0,0,0,0,3404,0,0,,confirmed_binary_and_builder_logic,per_gcx_size_preserved; no record relocation
codec,1331,no,0,,,0,,0,0,0,0,0,0,0,0,0,0,0,0,2584,0,0,,confirmed_binary_and_builder_logic,per_gcx_size_preserved; no record relocation
codec,1332,no,0,,,0,,0,0,0,0,0,0,0,0,0,0,0,0,2344,0,0,,confirmed_binary_and_builder_logic,per_gcx_size_preserved; no record relocation
codec,1333,no,0,,,0,,0,0,0,0,0,0,0,0,0,0,0,0,2428,0,0,,confirmed_binary_and_builder_logic,per_gcx_size_preserved; no record relocation
codec,1334,no,0,,,0,,0,0,0,0,0,0,0,0,0,0,0,0,2656,0,0,,confirmed_binary_and_builder_logic,per_gcx_size_preserved; no record relocation
codec,1335,no,0,,,0,,0,0,0,0,0,0,0,0,0,0,0,0,2636,0,0,,confirmed_binary_and_builder_logic,per_gcx_size_preserved; no record relocation
codec,1336,no,0,,,0,,0,0,0,0,0,0,0,0,0,0,0,0,2944,0,0,,confirmed_binary_and_builder_logic,per_gcx_size_preserved; no record relocation
codec,1337,no,0,,,0,,0,0,0,0,0,0,0,0,0,0,0,0,2600,0,0,,confirmed_binary_and_builder_logic,per_gcx_size_preserved; no record relocation
codec,1338,no,0,,,0,,0,0,0,0,0,0,0,0,0,0,0,0,1800,0,0,,confirmed_binary_and_builder_logic,per_gcx_size_preserved; no record relocation
codec,1339,no,0,,,0,,0,0,0,0,0,0,0,0,0,0,0,0,1848,0,0,,confirmed_binary_and_builder_logic,per_gcx_size_preserved; no record relocation
codec,1340,no,0,,,0,,0,0,0,0,0,0,0,0,0,0,0,0,1828,0,0,,confirmed_binary_and_builder_logic,per_gcx_size_preserved; no record relocation
codec,1341,no,0,,,0,,0,0,0,0,0,0,0,0,0,0,0,0,1712,0,0,,confirmed_binary_and_builder_logic,per_gcx_size_preserved; no record relocation
codec,1342,no,0,,,0,,0,0,0,0,0,0,0,0,0,0,0,0,2076,0,0,,confirmed_binary_and_builder_logic,per_gcx_size_preserved; no record relocation
codec,1343,no,0,,,0,,0,0,0,0,0,0,0,0,0,0,0,0,4084,0,0,,confirmed_binary_and_builder_logic,per_gcx_size_preserved; no record relocation
codec,1344,no,2,가고골는다라로료를물부상수술약에열와유을있치,가고는다라로를물부상수에와유을있,16,골료술약열치,6,384,0,0,0,0,0,103,6,384,-103,0,3584,0,281,codec:1344:11|codec:1344:10,confirmed_binary_and_builder_logic,per_gcx_size_preserved; no record relocation
codec,1345,no,0,,,0,,0,0,0,0,0,0,0,0,0,0,0,0,2152,0,0,,confirmed_binary_and_builder_logic,per_gcx_size_preserved; no record relocation
codec,1346,no,0,,,0,,0,0,0,0,0,0,0,0,0,0,0,0,2884,0,0,,confirmed_binary_and_builder_logic,per_gcx_size_preserved; no record relocation
codec,1347,no,0,,,0,,0,0,0,0,0,0,0,0,0,0,0,0,2392,0,0,,confirmed_binary_and_builder_logic,per_gcx_size_preserved; no record relocation
codec,1348,no,0,,,0,,0,0,0,0,0,0,0,0,0,0,0,0,2136,0,0,,confirmed_binary_and_builder_logic,per_gcx_size_preserved; no record relocation
codec,1349,no,0,,,0,,0,0,0,0,0,0,0,0,0,0,0,0,2176,0,0,,confirmed_binary_and_builder_logic,per_gcx_size_preserved; no record relocation
codec,1350,no,0,,,0,,0,0,0,0,0,0,0,0,0,0,0,0,2156,0,0,,confirmed_binary_and_builder_logic,per_gcx_size_preserved; no record relocation
codec,1351,no,1,,,0,,0,0,0,0,0,0,0,111,0,0,-111,0,2476,111,0,codec:1351:19,confirmed_binary_and_builder_logic,per_gcx_size_preserved; no record relocation
codec,1352,no,0,,,0,,0,0,0,0,0,0,0,0,0,0,0,0,2540,0,0,,confirmed_binary_and_builder_logic,per_gcx_size_preserved; no record relocation
codec,1353,no,0,,,0,,0,0,0,0,0,0,0,0,0,0,0,0,2208,0,0,,confirmed_binary_and_builder_logic,per_gcx_size_preserved; no record relocation
codec,1354,no,1,든심을적조해,심을적조해,5,든,1,64,0,0,0,0,0,24,1,64,-24,0,2632,0,40,codec:1354:14,confirmed_binary_and_builder_logic,per_gcx_size_preserved; no record relocation
codec,1355,no,0,,,0,,0,0,0,0,0,0,0,0,0,0,0,0,2160,0,0,,confirmed_binary_and_builder_logic,per_gcx_size_preserved; no record relocation
codec,1356,no,0,,,0,,0,0,0,0,0,0,0,0,0,0,0,0,1712,0,0,,confirmed_binary_and_builder_logic,per_gcx_size_preserved; no record relocation
codec,1357,no,1,기를먹을인전해확,기를을인해,5,먹전확,3,192,0,0,0,0,0,24,3,192,-24,0,2632,0,168,codec:1357:14,confirmed_binary_and_builder_logic,per_gcx_size_preserved; no record relocation
codec,1358,no,0,,,0,,0,0,0,0,0,0,0,0,0,0,0,0,2288,0,0,,confirmed_binary_and_builder_logic,per_gcx_size_preserved; no record relocation
codec,1359,no,1,도수어있토할,도수어있할,5,토,1,64,0,0,0,0,0,14,1,64,-14,0,3084,0,50,codec:1359:11,confirmed_binary_and_builder_logic,per_gcx_size_preserved; no record relocation
codec,1360,no,0,,,0,,0,0,0,0,0,0,0,0,0,0,0,0,2084,0,0,,confirmed_binary_and_builder_logic,per_gcx_size_preserved; no record relocation
codec,1361,no,0,,,0,,0,0,0,0,0,0,0,0,0,0,0,0,2256,0,0,,confirmed_binary_and_builder_logic,per_gcx_size_preserved; no record relocation
codec,1362,no,1,돌려로를방엄여움으직칠향헤,돌려로를방여으,7,엄움직칠향헤,6,384,0,0,0,0,0,57,6,384,-57,0,3200,0,327,codec:1362:15,confirmed_binary_and_builder_logic,per_gcx_size_preserved; no record relocation
codec,1363,no,0,,,0,,0,0,0,0,0,0,0,0,0,0,0,0,2368,0,0,,confirmed_binary_and_builder_logic,per_gcx_size_preserved; no record relocation
codec,1364,no,0,,,0,,0,0,0,0,0,0,0,0,0,0,0,0,2672,0,0,,confirmed_binary_and_builder_logic,per_gcx_size_preserved; no record relocation
codec,1365,no,1,겠니다대더롤번보살습에을컨트펴한,겠니다대더번보습에을한,11,롤살컨트펴,5,320,0,0,0,0,0,5,5,320,-5,0,3624,0,315,codec:1365:14,confirmed_binary_and_builder_logic,per_gcx_size_preserved; no record relocation
codec,1366,no,3,거격고그기는다도뒤러력를마면무반방법붙서수심쓸어에여완으을의있잡적전주질해회히힌,거고그기는다도러를마면무방법서수심어에여으을의있잡적해히,28,격뒤력반붙쓸완전주질회힌,12,768,0,0,0,0,0,124,12,768,-124,0,5600,0,644,codec:1366:26|codec:1366:15|codec:1366:14,confirmed_binary_and_builder_logic,per_gcx_size_preserved; no record relocation
codec,1367,no,1,권나는들또를맨손어예이총프,나는들또를어이프,8,권맨손예총,5,320,0,0,0,0,0,16,5,320,-16,0,3776,0,304,codec:1367:15,confirmed_binary_and_builder_logic,per_gcx_size_preserved; no record relocation
codec,1368,no,45,,,0,,0,0,0,0,0,0,0,2841,0,0,-2841,0,7824,2841,0,codec:1368:16|codec:1368:17|codec:1368:31|codec:1368:32|codec:1368:40|codec:1368:43|codec:1368:44|codec:1368:45|codec:1368:46|codec:1368:47|codec:1368:48|codec:1368:50|codec:1368:51|codec:1368:52|codec:1368:53|codec:1368:54|codec:1368:55|codec:1368:56|codec:1368:57|codec:1368:58|codec:1368:59|codec:1368:60|codec:1368:61|codec:1368:62|codec:1368:64|codec:1368:65|codec:1368:66|codec:1368:67|codec:1368:68|codec:1368:69|codec:1368:70|codec:1368:71|codec:1368:72|codec:1368:73|codec:1368:74|codec:1368:75|codec:1368:76|codec:1368:79|codec:1368:80|codec:1368:81|codec:1368:82|codec:1368:83|codec:1368:84|codec:1368:85|codec:1368:86,confirmed_binary_and_builder_logic,per_gcx_size_preserved; no record relocation
codec,1369,no,2,고그니다뒤들라릅막명보부분예은의장철히,고그니다들라명보부분은의히,13,뒤릅막예장철,6,384,0,0,0,0,0,15,6,384,-15,0,3820,0,369,codec:1369:17|codec:1369:16,confirmed_binary_and_builder_logic,per_gcx_size_preserved; no record relocation
codec,1370,no,1,나는령북소왜요탈했,나는령소왜요,6,북탈했,3,192,0,0,0,0,0,0,3,192,0,0,5748,0,192,codec:1370:14,confirmed_binary_and_builder_logic,per_gcx_size_preserved; no record relocation
codec,1371,no,4,각그께는도럴마방생심야어없여요움은직함,그께는도럴마방심야어없여요은함,15,각생움직,4,256,0,0,0,0,0,280,4,256,-280,1,3988,24,0,codec:1371:31|codec:1371:32|codec:1371:21|codec:1371:20,confirmed_binary_and_builder_logic,per_gcx_size_preserved; no record relocation
codec,1372,no,6,건기나년사시억요을하,건기나사시요을하,8,년억,2,128,0,0,0,0,0,294,2,128,-294,0,5420,166,0,codec:1372:53|codec:1372:54|codec:1372:55|codec:1372:56|codec:1372:17|codec:1372:49,confirmed_binary_and_builder_logic,per_gcx_size_preserved; no record relocation
codec,1373,no,1,경우의,우의,2,경,1,64,0,0,0,0,0,7,1,64,-7,0,5212,0,57,codec:1373:51,confirmed_binary_and_builder_logic,per_gcx_size_preserved; no record relocation
codec,1374,no,1,결국궤그내네는니다대도뒤디련렸령면미비상서설소습에여은을이인있적전정져처측케통행황후히,그내네는니다대도디령면미상서설소습에여은을이인있적정행후히,29,결국궤뒤련렸비전져처측케통황,14,896,0,0,0,0,0,42,14,896,-42,0,8544,0,854,codec:1374:77,confirmed_binary_and_builder_logic,per_gcx_size_preserved; no record relocation
codec,1375,no,4,고는니다데두리습앞우을응일있쟁전주콘프핵,고는니다데리습우을응일있프,13,두앞쟁전주콘핵,7,448,0,0,0,0,0,20,7,448,-20,0,4172,0,428,codec:1375:45|codec:1375:21|codec:1375:16|codec:1375:15,confirmed_binary_and_builder_logic,per_gcx_size_preserved; no record relocation
codec,1376,no,0,,,0,,0,0,0,0,0,0,0,0,0,0,0,0,6048,0,0,,confirmed_binary_and_builder_logic,per_gcx_size_preserved; no record relocation
codec,1377,no,0,,,0,,0,0,0,0,0,0,0,0,0,0,0,0,4820,0,0,,confirmed_binary_and_builder_logic,per_gcx_size_preserved; no record relocation
codec,1378,no,2,가겠군그래아좋하,가겠군그래아좋하,8,,0,0,0,0,0,0,0,29,0,0,-29,0,3012,29,0,codec:1378:25|codec:1378:18,confirmed_binary_and_builder_logic,per_gcx_size_preserved; no record relocation
codec,1379,no,0,,,0,,0,0,0,0,0,0,0,0,0,0,0,0,2172,0,0,,confirmed_binary_and_builder_logic,per_gcx_size_preserved; no record relocation
codec,1380,no,2,가니말아야이인,가니말아야이인,7,,0,0,0,0,0,0,0,0,0,0,1,3,3200,0,1,codec:1380:16|codec:1380:17,confirmed_binary_and_builder_logic,per_gcx_size_preserved; no record relocation
codec,1381,no,0,,,0,,0,0,0,0,0,0,0,0,0,0,0,0,3340,0,0,,confirmed_binary_and_builder_logic,per_gcx_size_preserved; no record relocation
codec,1382,no,0,,,0,,0,0,0,0,0,0,0,0,0,0,0,0,2908,0,0,,confirmed_binary_and_builder_logic,per_gcx_size_preserved; no record relocation
codec,1383,no,0,,,0,,0,0,0,0,0,0,0,0,0,0,0,0,5196,0,0,,confirmed_binary_and_builder_logic,per_gcx_size_preserved; no record relocation
codec,1384,no,11,가괜그네다런면찮,가그네다런면,6,괜찮,2,128,0,0,0,0,0,575,2,128,-575,0,6284,447,0,codec:1384:67|codec:1384:68|codec:1384:69|codec:1384:70|codec:1384:71|codec:1384:74|codec:1384:75|codec:1384:76|codec:1384:77|codec:1384:43|codec:1384:30,confirmed_binary_and_builder_logic,per_gcx_size_preserved; no record relocation
codec,1385,no,0,,,0,,0,0,0,0,0,0,0,0,0,0,0,0,2980,0,0,,confirmed_binary_and_builder_logic,per_gcx_size_preserved; no record relocation
codec,1386,no,0,,,0,,0,0,0,0,0,0,0,0,0,0,0,0,3116,0,0,,confirmed_binary_and_builder_logic,per_gcx_size_preserved; no record relocation
codec,1387,no,0,,,0,,0,0,0,0,0,0,0,0,0,0,0,0,2628,0,0,,confirmed_binary_and_builder_logic,per_gcx_size_preserved; no record relocation
codec,1388,no,0,,,0,,0,0,0,0,0,0,0,0,0,0,0,0,2088,0,0,,confirmed_binary_and_builder_logic,per_gcx_size_preserved; no record relocation
codec,1389,no,0,,,0,,0,0,0,0,0,0,0,0,0,0,0,0,2236,0,0,,confirmed_binary_and_builder_logic,per_gcx_size_preserved; no record relocation
codec,1390,no,0,,,0,,0,0,0,0,0,0,0,0,0,0,0,0,1648,0,0,,confirmed_binary_and_builder_logic,per_gcx_size_preserved; no record relocation
codec,1391,no,0,,,0,,0,0,0,0,0,0,0,0,0,0,0,0,2960,0,0,,confirmed_binary_and_builder_logic,per_gcx_size_preserved; no record relocation
codec,1392,no,0,,,0,,0,0,0,0,0,0,0,0,0,0,0,0,1640,0,0,,confirmed_binary_and_builder_logic,per_gcx_size_preserved; no record relocation
codec,1393,no,0,,,0,,0,0,0,0,0,0,0,0,0,0,0,0,2988,0,0,,confirmed_binary_and_builder_logic,per_gcx_size_preserved; no record relocation
codec,1394,no,0,,,0,,0,0,0,0,0,0,0,0,0,0,0,0,2700,0,0,,confirmed_binary_and_builder_logic,per_gcx_size_preserved; no record relocation
codec,1395,no,0,,,0,,0,0,0,0,0,0,0,0,0,0,0,0,2540,0,0,,confirmed_binary_and_builder_logic,per_gcx_size_preserved; no record relocation
codec,1396,no,1,거그냥둘를시야의체,거그둘를시야의,7,냥체,2,128,0,0,0,0,0,24,2,128,-24,0,2844,0,104,codec:1396:15,confirmed_binary_and_builder_logic,per_gcx_size_preserved; no record relocation
codec,1397,no,1,다말시실패해,다말시해,4,실패,2,128,0,0,0,0,0,5,2,128,-5,0,2948,0,123,codec:1397:17,confirmed_binary_and_builder_logic,per_gcx_size_preserved; no record relocation
codec,1398,no,0,,,0,,0,0,0,0,0,0,0,0,0,0,0,0,2052,0,0,,confirmed_binary_and_builder_logic,per_gcx_size_preserved; no record relocation
codec,1399,no,0,,,0,,0,0,0,0,0,0,0,0,0,0,0,0,2084,0,0,,confirmed_binary_and_builder_logic,per_gcx_size_preserved; no record relocation
codec,1400,no,0,,,0,,0,0,0,0,0,0,0,0,0,0,0,0,2068,0,0,,confirmed_binary_and_builder_logic,per_gcx_size_preserved; no record relocation
codec,1401,no,0,,,0,,0,0,0,0,0,0,0,0,0,0,0,0,2072,0,0,,confirmed_binary_and_builder_logic,per_gcx_size_preserved; no record relocation
codec,1402,no,0,,,0,,0,0,0,0,0,0,0,0,0,0,0,0,2088,0,0,,confirmed_binary_and_builder_logic,per_gcx_size_preserved; no record relocation
codec,1403,no,4290,가각갔같거걸겁것게겠격경계고공과구군그금기까나남내냥너네노높는늘니님다달더데도돌동돼됐두둘뒤들따뜨라래러런럼려령로료르를리마만말망먼멀면몰무묻물바버변보북빨빼사산살상생서세소속수순숲쉬스슨습시신실심싸써쏘쏴쓰아안않알압앗았야약어엄없었에여역연열예오옷와왔왜요용운울움워위유으은을응의이인일임입작잘장저적전절정제졌조죠지직질쪽차찰참창찾쳐총출치크키킹탄탈탱테텨토통펴폐피하한할항해화확효훔히,가같거것게겠계고군그금기까나내네는니다더데도돌됐둘들라래러런려령로르를리마만말면무묻물바버보사상서세소수숲스슨습시심아안않알았야어없었에여와왔왜요위유으은을응의이인일임입잘저적절정제조지크키하한할해히,100,각갔걸겁격경공과구남냥너노높늘님달동돼두뒤따뜨럼료망먼멀몰변북빨빼산살생속순쉬신실싸써쏘쏴쓰압앗약엄역연열예오옷용운울움워작장전졌죠직질쪽차찰참창찾쳐총출치킹탄탈탱테텨토통펴폐피항화확효훔,94,6016,0,0,0,0,0,282645,94,6016,-282645,18,366392,276629,0,codec:1403:787|codec:1403:788|codec:1403:789|codec:1403:790|codec:1403:791|codec:1403:792|codec:1403:793|codec:1403:794|codec:1403:795|codec:1403:796|codec:1403:797|codec:1403:798|codec:1403:799|codec:1403:800|codec:1403:801|codec:1403:802|codec:1403:803|codec:1403:804|codec:1403:805|codec:1403:806|codec:1403:807|codec:1403:808|codec:1403:809|codec:1403:810|codec:1403:811|codec:1403:812|codec:1403:813|codec:1403:814|codec:1403:815|codec:1403:816|codec:1403:817|codec:1403:818|codec:1403:819|codec:1403:820|codec:1403:821|codec:1403:822|codec:1403:823|codec:1403:824|codec:1403:825|codec:1403:826|codec:1403:827|codec:1403:828|codec:1403:829|codec:1403:830|codec:1403:831|codec:1403:832|codec:1403:833|codec:1403:834|codec:1403:835|codec:1403:836|codec:1403:837|codec:1403:838|codec:1403:839|codec:1403:840|codec:1403:841|codec:1403:842|codec:1403:843|codec:1403:844|codec:1403:845|codec:1403:846|codec:1403:847|codec:1403:848|codec:1403:849|codec:1403:850|codec:1403:851|codec:1403:852|codec:1403:853|codec:1403:854|codec:1403:855|codec:1403:856|codec:1403:857|codec:1403:858|codec:1403:859|codec:1403:860|codec:1403:861|codec:1403:862|codec:1403:863|codec:1403:864|codec:1403:865|codec:1403:866|codec:1403:867|codec:1403:868|codec:1403:869|codec:1403:870|codec:1403:871|codec:1403:872|codec:1403:873|codec:1403:874|codec:1403:875|codec:1403:876|codec:1403:877|codec:1403:878|codec:1403:879|codec:1403:880|codec:1403:881|codec:1403:882|codec:1403:883|codec:1403:884|codec:1403:885|codec:1403:886|codec:1403:887|codec:1403:888|codec:1403:889|codec:1403:890|codec:1403:891|codec:1403:892|codec:1403:893|codec:1403:894|codec:1403:895|codec:1403:896|codec:1403:897|codec:1403:898|codec:1403:899|codec:1403:900|codec:1403:901|codec:1403:902|codec:1403:903|codec:1403:904|codec:1403:905|codec:1403:906|codec:1403:907|codec:1403:909|codec:1403:910|codec:1403:911|codec:1403:912|codec:1403:913|codec:1403:915|codec:1403:916|codec:1403:917|codec:1403:918|codec:1403:919|codec:1403:920|codec:1403:921|codec:1403:922|codec:1403:923|codec:1403:924|codec:1403:925|codec:1403:926|codec:1403:927|codec:1403:928|codec:1403:929|codec:1403:930|codec:1403:931|codec:1403:932|codec:1403:933|codec:1403:934|codec:1403:935|codec:1403:936|codec:1403:937|codec:1403:938|codec:1403:939|codec:1403:940|codec:1403:941|codec:1403:942|codec:1403:943|codec:1403:944|codec:1403:945|codec:1403:946|codec:1403:947|codec:1403:948|codec:1403:949|codec:1403:950|codec:1403:951|codec:1403:952|codec:1403:953|codec:1403:954|codec:1403:955|codec:1403:956|codec:1403:957|codec:1403:958|codec:1403:959|codec:1403:960|codec:1403:961|codec:1403:962|codec:1403:963|codec:1403:964|codec:1403:965|codec:1403:966|codec:1403:967|codec:1403:968|codec:1403:969|codec:1403:970|codec:1403:971|codec:1403:972|codec:1403:973|codec:1403:974|codec:1403:975|codec:1403:976|codec:1403:977|codec:1403:978|codec:1403:979|codec:1403:980|codec:1403:981|codec:1403:982|codec:1403:983|codec:1403:984|codec:1403:985|codec:1403:986|codec:1403:987|codec:1403:988|codec:1403:989|codec:1403:990|codec:1403:991|codec:1403:992|codec:1403:993|codec:1403:994|codec:1403:995|codec:1403:996|codec:1403:997|codec:1403:998|codec:1403:999|codec:1403:1000|codec:1403:1001|codec:1403:1003|codec:1403:1004|codec:1403:1005|codec:1403:1006|codec:1403:1007|codec:1403:1008|codec:1403:1009|codec:1403:1010|codec:1403:1011|codec:1403:1012|codec:1403:1013|codec:1403:1014|codec:1403:1015|codec:1403:1016|codec:1403:1017|codec:1403:1018|codec:1403:1019|codec:1403:1020|codec:1403:1021|codec:1403:1022|codec:1403:1023|codec:1403:1024|codec:1403:1025|codec:1403:1026|codec:1403:1027|codec:1403:1028|codec:1403:1029|codec:1403:1030|codec:1403:1031|codec:1403:1032|codec:1403:1033|codec:1403:1034|codec:1403:1035|codec:1403:1036|codec:1403:1037|codec:1403:1038|codec:1403:1039|codec:1403:1040|codec:1403:1041|codec:1403:1042|codec:1403:1043|codec:1403:1044|codec:1403:1045|codec:1403:1046|codec:1403:1047|codec:1403:1048|codec:1403:1049|codec:1403:1050|codec:1403:1051|codec:1403:1052|codec:1403:1053|codec:1403:1054|codec:1403:1055|codec:1403:1057|codec:1403:1058|codec:1403:1059|codec:1403:1060|codec:1403:1061|codec:1403:1062|codec:1403:1063|codec:1403:1064|codec:1403:1065|codec:1403:1066|codec:1403:1067|codec:1403:1068|codec:1403:1069|codec:1403:1070|codec:1403:1071|codec:1403:1072|codec:1403:1073|codec:1403:1074|codec:1403:1075|codec:1403:1076|codec:1403:1077|codec:1403:1078|codec:1403:1079|codec:1403:1080|codec:1403:1081|codec:1403:1082|codec:1403:1083|codec:1403:1084|codec:1403:1085|codec:1403:1086|codec:1403:1087|codec:1403:1088|codec:1403:1089|codec:1403:1090|codec:1403:1091|codec:1403:1092|codec:1403:1093|codec:1403:1094|codec:1403:1095|codec:1403:1096|codec:1403:1097|codec:1403:1098|codec:1403:1099|codec:1403:1100|codec:1403:1101|codec:1403:1102|codec:1403:1103|codec:1403:1104|codec:1403:1105|codec:1403:1106|codec:1403:1107|codec:1403:1108|codec:1403:1109|codec:1403:1110|codec:1403:1111|codec:1403:1112|codec:1403:1113|codec:1403:1114|codec:1403:1115|codec:1403:1116|codec:1403:1117|codec:1403:1118|codec:1403:1119|codec:1403:1120|codec:1403:1121|codec:1403:1122|codec:1403:1123|codec:1403:1124|codec:1403:1125|codec:1403:1126|codec:1403:1127|codec:1403:1128|codec:1403:1129|codec:1403:1130|codec:1403:1131|codec:1403:1132|codec:1403:1134|codec:1403:1135|codec:1403:1136|codec:1403:1137|codec:1403:1138|codec:1403:1139|codec:1403:1140|codec:1403:1141|codec:1403:1142|codec:1403:1143|codec:1403:1144|codec:1403:1146|codec:1403:1147|codec:1403:1148|codec:1403:1149|codec:1403:1150|codec:1403:1151|codec:1403:1152|codec:1403:1153|codec:1403:1154|codec:1403:1155|codec:1403:1156|codec:1403:1157|codec:1403:1158|codec:1403:1159|codec:1403:1160|codec:1403:1161|codec:1403:1162|codec:1403:1163|codec:1403:1164|codec:1403:1165|codec:1403:1166|codec:1403:1167|codec:1403:1168|codec:1403:1169|codec:1403:1170|codec:1403:1171|codec:1403:1172|codec:1403:1173|codec:1403:1174|codec:1403:1175|codec:1403:1176|codec:1403:1177|codec:1403:1178|codec:1403:1179|codec:1403:1180|codec:1403:1181|codec:1403:1182|codec:1403:1183|codec:1403:1184|codec:1403:1185|codec:1403:1186|codec:1403:1187|codec:1403:1188|codec:1403:1189|codec:1403:1190|codec:1403:1191|codec:1403:1193|codec:1403:1194|codec:1403:1195|codec:1403:1196|codec:1403:1197|codec:1403:1198|codec:1403:1199|codec:1403:1200|codec:1403:1201|codec:1403:1202|codec:1403:1203|codec:1403:1204|codec:1403:1205|codec:1403:1206|codec:1403:1207|codec:1403:1208|codec:1403:1209|codec:1403:1210|codec:1403:1211|codec:1403:1212|codec:1403:1213|codec:1403:1214|codec:1403:1215|codec:1403:1216|codec:1403:1218|codec:1403:1219|codec:1403:1220|codec:1403:1221|codec:1403:1222|codec:1403:1223|codec:1403:1224|codec:1403:1225|codec:1403:1226|codec:1403:1227|codec:1403:1228|codec:1403:1229|codec:1403:1230|codec:1403:1231|codec:1403:1232|codec:1403:1233|codec:1403:1235|codec:1403:1236|codec:1403:1237|codec:1403:1238|codec:1403:1239|codec:1403:1240|codec:1403:1241|codec:1403:1242|codec:1403:1243|codec:1403:1244|codec:1403:1245|codec:1403:1246|codec:1403:1247|codec:1403:1249|codec:1403:1251|codec:1403:1252|codec:1403:1253|codec:1403:1254|codec:1403:1255|codec:1403:1256|codec:1403:1257|codec:1403:1258|codec:1403:1259|codec:1403:1260|codec:1403:1262|codec:1403:1263|codec:1403:1264|codec:1403:1265|codec:1403:1266|codec:1403:1267|codec:1403:1268|codec:1403:1269|codec:1403:1270|codec:1403:1271|codec:1403:1272|codec:1403:1273|codec:1403:1274|codec:1403:1276|codec:1403:1277|codec:1403:1278|codec:1403:1279|codec:1403:1280|codec:1403:1281|codec:1403:1282|codec:1403:1283|codec:1403:1284|codec:1403:1285|codec:1403:1286|codec:1403:1287|codec:1403:1288|codec:1403:1289|codec:1403:1290|codec:1403:1291|codec:1403:1292|codec:1403:1293|codec:1403:1294|codec:1403:1295|codec:1403:1296|codec:1403:1297|codec:1403:1298|codec:1403:1299|codec:1403:1301|codec:1403:1302|codec:1403:1303|codec:1403:1304|codec:1403:1305|codec:1403:1306|codec:1403:1307|codec:1403:1308|codec:1403:1309|codec:1403:1310|codec:1403:1311|codec:1403:1312|codec:1403:1313|codec:1403:1314|codec:1403:1315|codec:1403:1316|codec:1403:1317|codec:1403:1318|codec:1403:1319|codec:1403:1320|codec:1403:1321|codec:1403:1322|codec:1403:1323|codec:1403:1324|codec:1403:1325|codec:1403:1326|codec:1403:1327|codec:1403:1328|codec:1403:1329|codec:1403:1330|codec:1403:1331|codec:1403:1332|codec:1403:1333|codec:1403:1334|codec:1403:1335|codec:1403:1336|codec:1403:1337|codec:1403:1338|codec:1403:1339|codec:1403:1340|codec:1403:1341|codec:1403:1342|codec:1403:1343|codec:1403:1344|codec:1403:1345|codec:1403:1346|codec:1403:1347|codec:1403:1348|codec:1403:1349|codec:1403:1350|codec:1403:1351|codec:1403:1352|codec:1403:1353|codec:1403:1354|codec:1403:1355|codec:1403:1356|codec:1403:1357|codec:1403:1358|codec:1403:1359|codec:1403:1360|codec:1403:1361|codec:1403:1362|codec:1403:1363|codec:1403:1364|codec:1403:1365|codec:1403:1367|codec:1403:1368|codec:1403:1369|codec:1403:1370|codec:1403:1371|codec:1403:1372|codec:1403:1373|codec:1403:1374|codec:1403:1375|codec:1403:1376|codec:1403:1377|codec:1403:1378|codec:1403:1379|codec:1403:1380|codec:1403:1381|codec:1403:1382|codec:1403:1383|codec:1403:1384|codec:1403:1385|codec:1403:1386|codec:1403:1387|codec:1403:1388|codec:1403:1389|codec:1403:1390|codec:1403:1391|codec:1403:1392|codec:1403:1393|codec:1403:1394|codec:1403:1395|codec:1403:1396|codec:1403:1397|codec:1403:1398|codec:1403:1399|codec:1403:1400|codec:1403:1401|codec:1403:1402|codec:1403:1403|codec:1403:1404|codec:1403:1405|codec:1403:1406|codec:1403:1407|codec:1403:1408|codec:1403:1409|codec:1403:1411|codec:1403:1412|codec:1403:1413|codec:1403:1414|codec:1403:1415|codec:1403:1416|codec:1403:1417|codec:1403:1418|codec:1403:1419|codec:1403:1420|codec:1403:1421|codec:1403:1422|codec:1403:1423|codec:1403:1424|codec:1403:1425|codec:1403:1426|codec:1403:1427|codec:1403:1428|codec:1403:1429|codec:1403:1430|codec:1403:1431|codec:1403:1432|codec:1403:1433|codec:1403:1434|codec:1403:1435|codec:1403:1437|codec:1403:1438|codec:1403:1439|codec:1403:1440|codec:1403:1441|codec:1403:1442|codec:1403:1443|codec:1403:1444|codec:1403:1445|codec:1403:1446|codec:1403:1447|codec:1403:1449|codec:1403:1450|codec:1403:1451|codec:1403:1452|codec:1403:1453|codec:1403:1454|codec:1403:1455|codec:1403:1456|codec:1403:1457|codec:1403:1458|codec:1403:1459|codec:1403:1460|codec:1403:1461|codec:1403:1462|codec:1403:1463|codec:1403:1464|codec:1403:1465|codec:1403:1466|codec:1403:1467|codec:1403:1468|codec:1403:1469|codec:1403:1470|codec:1403:1471|codec:1403:1472|codec:1403:1473|codec:1403:1474|codec:1403:1475|codec:1403:1476|codec:1403:1477|codec:1403:1478|codec:1403:1479|codec:1403:1480|codec:1403:1481|codec:1403:1482|codec:1403:1483|codec:1403:1484|codec:1403:1485|codec:1403:1486|codec:1403:1487|codec:1403:1488|codec:1403:1489|codec:1403:1490|codec:1403:1492|codec:1403:1493|codec:1403:1494|codec:1403:1496|codec:1403:1497|codec:1403:1498|codec:1403:1499|codec:1403:1500|codec:1403:1501|codec:1403:1502|codec:1403:1503|codec:1403:1504|codec:1403:1505|codec:1403:1506|codec:1403:1507|codec:1403:1508|codec:1403:1509|codec:1403:1510|codec:1403:1511|codec:1403:1512|codec:1403:1513|codec:1403:1514|codec:1403:1515|codec:1403:1516|codec:1403:1517|codec:1403:1518|codec:1403:1519|codec:1403:1520|codec:1403:1521|codec:1403:1522|codec:1403:1523|codec:1403:1524|codec:1403:1525|codec:1403:1526|codec:1403:1527|codec:1403:1528|codec:1403:1529|codec:1403:1530|codec:1403:1531|codec:1403:1532|codec:1403:1533|codec:1403:1534|codec:1403:1535|codec:1403:1536|codec:1403:1537|codec:1403:1538|codec:1403:1539|codec:1403:1540|codec:1403:1541|codec:1403:1542|codec:1403:1543|codec:1403:1544|codec:1403:1545|codec:1403:1546|codec:1403:1547|codec:1403:1548|codec:1403:1549|codec:1403:1550|codec:1403:1551|codec:1403:1552|codec:1403:1553|codec:1403:1554|codec:1403:1555|codec:1403:1556|codec:1403:1557|codec:1403:1558|codec:1403:1559|codec:1403:1560|codec:1403:1561|codec:1403:1562|codec:1403:1563|codec:1403:1564|codec:1403:1565|codec:1403:1566|codec:1403:1567|codec:1403:1568|codec:1403:1569|codec:1403:1570|codec:1403:1571|codec:1403:1572|codec:1403:1573|codec:1403:1574|codec:1403:1575|codec:1403:1576|codec:1403:1578|codec:1403:1579|codec:1403:1580|codec:1403:1581|codec:1403:1582|codec:1403:1583|codec:1403:1584|codec:1403:1585|codec:1403:1586|codec:1403:1587|codec:1403:1588|codec:1403:1589|codec:1403:1590|codec:1403:1591|codec:1403:1592|codec:1403:1593|codec:1403:1594|codec:1403:1595|codec:1403:1596|codec:1403:1597|codec:1403:1598|codec:1403:1599|codec:1403:1600|codec:1403:1601|codec:1403:1602|codec:1403:1603|codec:1403:1604|codec:1403:1605|codec:1403:1606|codec:1403:1607|codec:1403:1608|codec:1403:1609|codec:1403:1610|codec:1403:1611|codec:1403:1612|codec:1403:1613|codec:1403:1614|codec:1403:1615|codec:1403:1616|codec:1403:1617|codec:1403:1618|codec:1403:1619|codec:1403:1620|codec:1403:1621|codec:1403:1622|codec:1403:1623|codec:1403:1624|codec:1403:1625|codec:1403:1626|codec:1403:1627|codec:1403:1628|codec:1403:1629|codec:1403:1630|codec:1403:1631|codec:1403:1632|codec:1403:1633|codec:1403:1634|codec:1403:1635|codec:1403:1636|codec:1403:1637|codec:1403:1638|codec:1403:1639|codec:1403:1640|codec:1403:1641|codec:1403:1642|codec:1403:1643|codec:1403:1644|codec:1403:1645|codec:1403:1646|codec:1403:1647|codec:1403:1648|codec:1403:1649|codec:1403:1650|codec:1403:1651|codec:1403:1652|codec:1403:1653|codec:1403:1654|codec:1403:1655|codec:1403:1656|codec:1403:1657|codec:1403:1658|codec:1403:1659|codec:1403:1660|codec:1403:1661|codec:1403:1662|codec:1403:1663|codec:1403:1664|codec:1403:1665|codec:1403:1666|codec:1403:1667|codec:1403:1668|codec:1403:1669|codec:1403:1670|codec:1403:1671|codec:1403:1672|codec:1403:1673|codec:1403:1674|codec:1403:1675|codec:1403:1676|codec:1403:1677|codec:1403:1678|codec:1403:1679|codec:1403:1680|codec:1403:1681|codec:1403:1682|codec:1403:1683|codec:1403:1684|codec:1403:1685|codec:1403:1686|codec:1403:1687|codec:1403:1688|codec:1403:1689|codec:1403:1690|codec:1403:1691|codec:1403:1692|codec:1403:1693|codec:1403:1694|codec:1403:1695|codec:1403:1696|codec:1403:1697|codec:1403:1698|codec:1403:1699|codec:1403:1700|codec:1403:1701|codec:1403:1702|codec:1403:1703|codec:1403:1704|codec:1403:1705|codec:1403:1706|codec:1403:1707|codec:1403:1708|codec:1403:1709|codec:1403:1710|codec:1403:1711|codec:1403:1712|codec:1403:1713|codec:1403:1714|codec:1403:1715|codec:1403:1716|codec:1403:1717|codec:1403:1718|codec:1403:1719|codec:1403:1720|codec:1403:1721|codec:1403:1722|codec:1403:1723|codec:1403:1724|codec:1403:1725|codec:1403:1726|codec:1403:1727|codec:1403:1728|codec:1403:1729|codec:1403:1730|codec:1403:1731|codec:1403:1732|codec:1403:1733|codec:1403:1734|codec:1403:1735|codec:1403:1736|codec:1403:1737|codec:1403:1738|codec:1403:1739|codec:1403:1740|codec:1403:1741|codec:1403:1742|codec:1403:1743|codec:1403:1744|codec:1403:1745|codec:1403:1746|codec:1403:1747|codec:1403:1748|codec:1403:1749|codec:1403:1750|codec:1403:1751|codec:1403:1752|codec:1403:1753|codec:1403:1754|codec:1403:1755|codec:1403:1756|codec:1403:1757|codec:1403:1758|codec:1403:1759|codec:1403:1761|codec:1403:1762|codec:1403:1763|codec:1403:1764|codec:1403:1765|codec:1403:1766|codec:1403:1767|codec:1403:1768|codec:1403:1769|codec:1403:1770|codec:1403:1771|codec:1403:1772|codec:1403:1773|codec:1403:1774|codec:1403:1775|codec:1403:1776|codec:1403:1777|codec:1403:1778|codec:1403:1779|codec:1403:1780|codec:1403:1781|codec:1403:1782|codec:1403:1783|codec:1403:1784|codec:1403:1785|codec:1403:1786|codec:1403:1787|codec:1403:1788|codec:1403:1789|codec:1403:1790|codec:1403:1791|codec:1403:1792|codec:1403:1793|codec:1403:1794|codec:1403:1795|codec:1403:1796|codec:1403:1797|codec:1403:1798|codec:1403:1799|codec:1403:1800|codec:1403:1801|codec:1403:1802|codec:1403:1803|codec:1403:1804|codec:1403:1805|codec:1403:1806|codec:1403:1807|codec:1403:1808|codec:1403:1809|codec:1403:1810|codec:1403:1811|codec:1403:1812|codec:1403:1813|codec:1403:1814|codec:1403:1815|codec:1403:1816|codec:1403:1817|codec:1403:1818|codec:1403:1819|codec:1403:1820|codec:1403:1821|codec:1403:1822|codec:1403:1823|codec:1403:1824|codec:1403:1825|codec:1403:1826|codec:1403:1827|codec:1403:1828|codec:1403:1829|codec:1403:1831|codec:1403:1832|codec:1403:1833|codec:1403:1834|codec:1403:1835|codec:1403:1836|codec:1403:1837|codec:1403:1838|codec:1403:1839|codec:1403:1840|codec:1403:1841|codec:1403:1842|codec:1403:1843|codec:1403:1844|codec:1403:1845|codec:1403:1846|codec:1403:1847|codec:1403:1848|codec:1403:1849|codec:1403:1850|codec:1403:1851|codec:1403:1852|codec:1403:1853|codec:1403:1854|codec:1403:1855|codec:1403:1856|codec:1403:1857|codec:1403:1858|codec:1403:1859|codec:1403:1860|codec:1403:1861|codec:1403:1862|codec:1403:1863|codec:1403:1864|codec:1403:1865|codec:1403:1866|codec:1403:1867|codec:1403:1868|codec:1403:1869|codec:1403:1870|codec:1403:1871|codec:1403:1872|codec:1403:1873|codec:1403:1874|codec:1403:1875|codec:1403:1876|codec:1403:1877|codec:1403:1878|codec:1403:1879|codec:1403:1880|codec:1403:1881|codec:1403:1882|codec:1403:1883|codec:1403:1884|codec:1403:1885|codec:1403:1886|codec:1403:1887|codec:1403:1888|codec:1403:1889|codec:1403:1890|codec:1403:1891|codec:1403:1892|codec:1403:1893|codec:1403:1894|codec:1403:1895|codec:1403:1896|codec:1403:1897|codec:1403:1898|codec:1403:1899|codec:1403:1900|codec:1403:1901|codec:1403:1902|codec:1403:1903|codec:1403:1904|codec:1403:1905|codec:1403:1906|codec:1403:1907|codec:1403:1908|codec:1403:1909|codec:1403:1910|codec:1403:1911|codec:1403:1912|codec:1403:1913|codec:1403:1914|codec:1403:1915|codec:1403:1916|codec:1403:1917|codec:1403:1918|codec:1403:1919|codec:1403:1920|codec:1403:1921|codec:1403:1922|codec:1403:1923|codec:1403:1924|codec:1403:1925|codec:1403:1926|codec:1403:1927|codec:1403:1928|codec:1403:1929|codec:1403:1930|codec:1403:1931|codec:1403:1932|codec:1403:1933|codec:1403:1934|codec:1403:1935|codec:1403:1936|codec:1403:1937|codec:1403:1938|codec:1403:1939|codec:1403:1940|codec:1403:1941|codec:1403:1942|codec:1403:1943|codec:1403:1944|codec:1403:1945|codec:1403:1946|codec:1403:1947|codec:1403:1948|codec:1403:1949|codec:1403:1950|codec:1403:1951|codec:1403:1952|codec:1403:1954|codec:1403:1955|codec:1403:1956|codec:1403:1957|codec:1403:1958|codec:1403:1959|codec:1403:1960|codec:1403:1961|codec:1403:1962|codec:1403:1963|codec:1403:1964|codec:1403:1965|codec:1403:1966|codec:1403:1967|codec:1403:1968|codec:1403:1969|codec:1403:1970|codec:1403:1971|codec:1403:1972|codec:1403:1973|codec:1403:1974|codec:1403:1975|codec:1403:1976|codec:1403:1977|codec:1403:1978|codec:1403:1979|codec:1403:1980|codec:1403:1981|codec:1403:1982|codec:1403:1983|codec:1403:1984|codec:1403:1985|codec:1403:1986|codec:1403:1987|codec:1403:1988|codec:1403:1989|codec:1403:1990|codec:1403:1991|codec:1403:1992|codec:1403:1993|codec:1403:1994|codec:1403:1995|codec:1403:1996|codec:1403:1997|codec:1403:1998|codec:1403:1999|codec:1403:2000|codec:1403:2001|codec:1403:2002|codec:1403:2003|codec:1403:2004|codec:1403:2005|codec:1403:2006|codec:1403:2007|codec:1403:2008|codec:1403:2009|codec:1403:2010|codec:1403:2011|codec:1403:2012|codec:1403:2013|codec:1403:2014|codec:1403:2015|codec:1403:2016|codec:1403:2017|codec:1403:2018|codec:1403:2019|codec:1403:2020|codec:1403:2021|codec:1403:2022|codec:1403:2023|codec:1403:2024|codec:1403:2025|codec:1403:2026|codec:1403:2027|codec:1403:2028|codec:1403:2029|codec:1403:2030|codec:1403:2031|codec:1403:2032|codec:1403:2033|codec:1403:2034|codec:1403:2035|codec:1403:2036|codec:1403:2037|codec:1403:2038|codec:1403:2039|codec:1403:2040|codec:1403:2041|codec:1403:2042|codec:1403:2043|codec:1403:2044|codec:1403:2045|codec:1403:2046|codec:1403:2047|codec:1403:2048|codec:1403:2049|codec:1403:2050|codec:1403:2051|codec:1403:2052|codec:1403:2053|codec:1403:2054|codec:1403:2055|codec:1403:2056|codec:1403:2057|codec:1403:2058|codec:1403:2059|codec:1403:2060|codec:1403:2061|codec:1403:2062|codec:1403:2063|codec:1403:2064|codec:1403:2065|codec:1403:2066|codec:1403:2067|codec:1403:2068|codec:1403:2069|codec:1403:2070|codec:1403:2071|codec:1403:2072|codec:1403:2073|codec:1403:2074|codec:1403:2075|codec:1403:2076|codec:1403:2077|codec:1403:2078|codec:1403:2079|codec:1403:2080|codec:1403:2081|codec:1403:2082|codec:1403:2083|codec:1403:2084|codec:1403:2085|codec:1403:2086|codec:1403:2087|codec:1403:2088|codec:1403:2089|codec:1403:2090|codec:1403:2091|codec:1403:2092|codec:1403:2093|codec:1403:2094|codec:1403:2095|codec:1403:2096|codec:1403:2097|codec:1403:2098|codec:1403:2099|codec:1403:2100|codec:1403:2101|codec:1403:2102|codec:1403:2103|codec:1403:2104|codec:1403:2105|codec:1403:2106|codec:1403:2107|codec:1403:2108|codec:1403:2109|codec:1403:2110|codec:1403:2111|codec:1403:2112|codec:1403:2113|codec:1403:2114|codec:1403:2115|codec:1403:2116|codec:1403:2117|codec:1403:2118|codec:1403:2119|codec:1403:2120|codec:1403:2121|codec:1403:2122|codec:1403:2123|codec:1403:2124|codec:1403:2125|codec:1403:2126|codec:1403:2127|codec:1403:2128|codec:1403:2129|codec:1403:2130|codec:1403:2131|codec:1403:2132|codec:1403:2133|codec:1403:2134|codec:1403:2135|codec:1403:2136|codec:1403:2137|codec:1403:2138|codec:1403:2139|codec:1403:2140|codec:1403:2141|codec:1403:2142|codec:1403:2143|codec:1403:2144|codec:1403:2145|codec:1403:2146|codec:1403:2147|codec:1403:2148|codec:1403:2149|codec:1403:2150|codec:1403:2151|codec:1403:2152|codec:1403:2153|codec:1403:2154|codec:1403:2155|codec:1403:2156|codec:1403:2157|codec:1403:2158|codec:1403:2159|codec:1403:2160|codec:1403:2161|codec:1403:2162|codec:1403:2163|codec:1403:2164|codec:1403:2165|codec:1403:2166|codec:1403:2167|codec:1403:2168|codec:1403:2169|codec:1403:2170|codec:1403:2171|codec:1403:2172|codec:1403:2173|codec:1403:2174|codec:1403:2175|codec:1403:2176|codec:1403:2177|codec:1403:2178|codec:1403:2179|codec:1403:2180|codec:1403:2181|codec:1403:2182|codec:1403:2183|codec:1403:2184|codec:1403:2185|codec:1403:2186|codec:1403:2187|codec:1403:2188|codec:1403:2189|codec:1403:2190|codec:1403:2191|codec:1403:2192|codec:1403:2193|codec:1403:2194|codec:1403:2195|codec:1403:2196|codec:1403:2197|codec:1403:2198|codec:1403:2199|codec:1403:2200|codec:1403:2201|codec:1403:2202|codec:1403:2203|codec:1403:2204|codec:1403:2205|codec:1403:2206|codec:1403:2207|codec:1403:2208|codec:1403:2209|codec:1403:2210|codec:1403:2211|codec:1403:2212|codec:1403:2213|codec:1403:2214|codec:1403:2215|codec:1403:2216|codec:1403:2217|codec:1403:2218|codec:1403:2219|codec:1403:2220|codec:1403:2221|codec:1403:2222|codec:1403:2223|codec:1403:2224|codec:1403:2225|codec:1403:2226|codec:1403:2227|codec:1403:2228|codec:1403:2229|codec:1403:2230|codec:1403:2231|codec:1403:2232|codec:1403:2233|codec:1403:2234|codec:1403:2235|codec:1403:2236|codec:1403:2237|codec:1403:2238|codec:1403:2239|codec:1403:2240|codec:1403:2241|codec:1403:2242|codec:1403:2243|codec:1403:2244|codec:1403:2245|codec:1403:2246|codec:1403:2247|codec:1403:2248|codec:1403:2249|codec:1403:2250|codec:1403:2251|codec:1403:2252|codec:1403:2253|codec:1403:2254|codec:1403:2255|codec:1403:2256|codec:1403:2257|codec:1403:2258|codec:1403:2259|codec:1403:2260|codec:1403:2261|codec:1403:2262|codec:1403:2263|codec:1403:2264|codec:1403:2265|codec:1403:2266|codec:1403:2267|codec:1403:2268|codec:1403:2269|codec:1403:2270|codec:1403:2271|codec:1403:2272|codec:1403:2273|codec:1403:2274|codec:1403:2275|codec:1403:2276|codec:1403:2277|codec:1403:2278|codec:1403:2279|codec:1403:2280|codec:1403:2281|codec:1403:2282|codec:1403:2283|codec:1403:2284|codec:1403:2285|codec:1403:2286|codec:1403:2287|codec:1403:2288|codec:1403:2289|codec:1403:2290|codec:1403:2291|codec:1403:2292|codec:1403:2293|codec:1403:2294|codec:1403:2295|codec:1403:2296|codec:1403:2297|codec:1403:2298|codec:1403:2299|codec:1403:2300|codec:1403:2301|codec:1403:2302|codec:1403:2303|codec:1403:2304|codec:1403:2305|codec:1403:2306|codec:1403:2307|codec:1403:2308|codec:1403:2309|codec:1403:2310|codec:1403:2311|codec:1403:2312|codec:1403:2313|codec:1403:2314|codec:1403:2315|codec:1403:2316|codec:1403:2317|codec:1403:2318|codec:1403:2319|codec:1403:2320|codec:1403:2321|codec:1403:2322|codec:1403:2323|codec:1403:2324|codec:1403:2325|codec:1403:2326|codec:1403:2327|codec:1403:2328|codec:1403:2329|codec:1403:2330|codec:1403:2331|codec:1403:2332|codec:1403:2333|codec:1403:2334|codec:1403:2335|codec:1403:2336|codec:1403:2337|codec:1403:2338|codec:1403:2339|codec:1403:2340|codec:1403:2341|codec:1403:2342|codec:1403:2343|codec:1403:2344|codec:1403:2345|codec:1403:2346|codec:1403:2347|codec:1403:2348|codec:1403:2349|codec:1403:2350|codec:1403:2351|codec:1403:2352|codec:1403:2353|codec:1403:2354|codec:1403:2355|codec:1403:2356|codec:1403:2357|codec:1403:2358|codec:1403:2359|codec:1403:2360|codec:1403:2361|codec:1403:2363|codec:1403:2364|codec:1403:2365|codec:1403:2366|codec:1403:2367|codec:1403:2368|codec:1403:2369|codec:1403:2370|codec:1403:2371|codec:1403:2372|codec:1403:2373|codec:1403:2374|codec:1403:2375|codec:1403:2376|codec:1403:2377|codec:1403:2378|codec:1403:2379|codec:1403:2380|codec:1403:2381|codec:1403:2382|codec:1403:2383|codec:1403:2384|codec:1403:2385|codec:1403:2386|codec:1403:2387|codec:1403:2388|codec:1403:2389|codec:1403:2390|codec:1403:2391|codec:1403:2392|codec:1403:2393|codec:1403:2394|codec:1403:2395|codec:1403:2396|codec:1403:2397|codec:1403:2398|codec:1403:2399|codec:1403:2402|codec:1403:2403|codec:1403:2404|codec:1403:2405|codec:1403:2406|codec:1403:2407|codec:1403:2408|codec:1403:2409|codec:1403:2410|codec:1403:2411|codec:1403:2412|codec:1403:2413|codec:1403:2414|codec:1403:2415|codec:1403:2416|codec:1403:2417|codec:1403:2418|codec:1403:2419|codec:1403:2420|codec:1403:2421|codec:1403:2422|codec:1403:2423|codec:1403:2424|codec:1403:2425|codec:1403:2426|codec:1403:2427|codec:1403:2428|codec:1403:2429|codec:1403:2430|codec:1403:2431|codec:1403:2432|codec:1403:2433|codec:1403:2434|codec:1403:2435|codec:1403:2436|codec:1403:2437|codec:1403:2438|codec:1403:2439|codec:1403:2440|codec:1403:2441|codec:1403:2442|codec:1403:2443|codec:1403:2444|codec:1403:2445|codec:1403:2446|codec:1403:2447|codec:1403:2448|codec:1403:2449|codec:1403:2450|codec:1403:2451|codec:1403:2452|codec:1403:2453|codec:1403:2454|codec:1403:2455|codec:1403:2456|codec:1403:2457|codec:1403:2458|codec:1403:2459|codec:1403:2460|codec:1403:2461|codec:1403:2462|codec:1403:2463|codec:1403:2464|codec:1403:2465|codec:1403:2466|codec:1403:2467|codec:1403:2468|codec:1403:2469|codec:1403:2470|codec:1403:2471|codec:1403:2472|codec:1403:2473|codec:1403:2474|codec:1403:2475|codec:1403:2476|codec:1403:2477|codec:1403:2478|codec:1403:2479|codec:1403:2480|codec:1403:2481|codec:1403:2482|codec:1403:2483|codec:1403:2484|codec:1403:2486|codec:1403:2487|codec:1403:2488|codec:1403:2489|codec:1403:2490|codec:1403:2491|codec:1403:2492|codec:1403:2493|codec:1403:2494|codec:1403:2495|codec:1403:2496|codec:1403:2497|codec:1403:2498|codec:1403:2499|codec:1403:2500|codec:1403:2501|codec:1403:2502|codec:1403:2503|codec:1403:2504|codec:1403:2505|codec:1403:2506|codec:1403:2507|codec:1403:2508|codec:1403:2509|codec:1403:2510|codec:1403:2511|codec:1403:2512|codec:1403:2513|codec:1403:2514|codec:1403:2515|codec:1403:2516|codec:1403:2517|codec:1403:2518|codec:1403:2519|codec:1403:2520|codec:1403:2521|codec:1403:2522|codec:1403:2523|codec:1403:2524|codec:1403:2525|codec:1403:2526|codec:1403:2527|codec:1403:2528|codec:1403:2529|codec:1403:2530|codec:1403:2531|codec:1403:2532|codec:1403:2533|codec:1403:2534|codec:1403:2535|codec:1403:2536|codec:1403:2537|codec:1403:2538|codec:1403:2539|codec:1403:2540|codec:1403:2541|codec:1403:2542|codec:1403:2543|codec:1403:2544|codec:1403:2545|codec:1403:2546|codec:1403:2547|codec:1403:2548|codec:1403:2549|codec:1403:2550|codec:1403:2551|codec:1403:2552|codec:1403:2553|codec:1403:2554|codec:1403:2555|codec:1403:2556|codec:1403:2557|codec:1403:2558|codec:1403:2559|codec:1403:2560|codec:1403:2561|codec:1403:2562|codec:1403:2563|codec:1403:2564|codec:1403:2565|codec:1403:2566|codec:1403:2567|codec:1403:2568|codec:1403:2569|codec:1403:2570|codec:1403:2571|codec:1403:2572|codec:1403:2573|codec:1403:2574|codec:1403:2575|codec:1403:2576|codec:1403:2577|codec:1403:2578|codec:1403:2579|codec:1403:2580|codec:1403:2581|codec:1403:2582|codec:1403:2583|codec:1403:2584|codec:1403:2585|codec:1403:2586|codec:1403:2587|codec:1403:2588|codec:1403:2589|codec:1403:2590|codec:1403:2591|codec:1403:2592|codec:1403:2593|codec:1403:2594|codec:1403:2595|codec:1403:2596|codec:1403:2597|codec:1403:2598|codec:1403:2599|codec:1403:2600|codec:1403:2601|codec:1403:2602|codec:1403:2603|codec:1403:2604|codec:1403:2605|codec:1403:2606|codec:1403:2607|codec:1403:2608|codec:1403:2609|codec:1403:2610|codec:1403:2611|codec:1403:2612|codec:1403:2613|codec:1403:2614|codec:1403:2615|codec:1403:2616|codec:1403:2617|codec:1403:2618|codec:1403:2619|codec:1403:2620|codec:1403:2621|codec:1403:2622|codec:1403:2623|codec:1403:2624|codec:1403:2625|codec:1403:2626|codec:1403:2627|codec:1403:2628|codec:1403:2629|codec:1403:2630|codec:1403:2631|codec:1403:2632|codec:1403:2633|codec:1403:2634|codec:1403:2635|codec:1403:2636|codec:1403:2637|codec:1403:2638|codec:1403:2639|codec:1403:2640|codec:1403:2641|codec:1403:2642|codec:1403:2643|codec:1403:2644|codec:1403:2645|codec:1403:2646|codec:1403:2647|codec:1403:2648|codec:1403:2649|codec:1403:2650|codec:1403:2651|codec:1403:2652|codec:1403:2653|codec:1403:2654|codec:1403:2655|codec:1403:2656|codec:1403:2657|codec:1403:2658|codec:1403:2659|codec:1403:2660|codec:1403:2661|codec:1403:2662|codec:1403:2663|codec:1403:2664|codec:1403:2665|codec:1403:2666|codec:1403:2667|codec:1403:2668|codec:1403:2669|codec:1403:2670|codec:1403:2671|codec:1403:2672|codec:1403:2673|codec:1403:2674|codec:1403:2675|codec:1403:2676|codec:1403:2677|codec:1403:2678|codec:1403:2679|codec:1403:2680|codec:1403:2681|codec:1403:2682|codec:1403:2683|codec:1403:2684|codec:1403:2685|codec:1403:2686|codec:1403:2687|codec:1403:2688|codec:1403:2689|codec:1403:2690|codec:1403:2691|codec:1403:2692|codec:1403:2693|codec:1403:2694|codec:1403:2695|codec:1403:2696|codec:1403:2697|codec:1403:2698|codec:1403:2699|codec:1403:2700|codec:1403:2701|codec:1403:2702|codec:1403:2703|codec:1403:2704|codec:1403:2705|codec:1403:2706|codec:1403:2707|codec:1403:2708|codec:1403:2709|codec:1403:2710|codec:1403:2711|codec:1403:2712|codec:1403:2714|codec:1403:2715|codec:1403:2716|codec:1403:2717|codec:1403:2718|codec:1403:2719|codec:1403:2720|codec:1403:2721|codec:1403:2722|codec:1403:2723|codec:1403:2724|codec:1403:2725|codec:1403:2726|codec:1403:2727|codec:1403:2728|codec:1403:2729|codec:1403:2730|codec:1403:2731|codec:1403:2732|codec:1403:2733|codec:1403:2734|codec:1403:2735|codec:1403:2736|codec:1403:2737|codec:1403:2738|codec:1403:2739|codec:1403:2740|codec:1403:2741|codec:1403:2742|codec:1403:2743|codec:1403:2744|codec:1403:2745|codec:1403:2746|codec:1403:2747|codec:1403:2748|codec:1403:2749|codec:1403:2750|codec:1403:2751|codec:1403:2752|codec:1403:2753|codec:1403:2754|codec:1403:2755|codec:1403:2756|codec:1403:2757|codec:1403:2758|codec:1403:2759|codec:1403:2760|codec:1403:2761|codec:1403:2762|codec:1403:2763|codec:1403:2764|codec:1403:2765|codec:1403:2766|codec:1403:2767|codec:1403:2768|codec:1403:2769|codec:1403:2770|codec:1403:2771|codec:1403:2772|codec:1403:2773|codec:1403:2774|codec:1403:2775|codec:1403:2776|codec:1403:2777|codec:1403:2778|codec:1403:2779|codec:1403:2780|codec:1403:2781|codec:1403:2782|codec:1403:2783|codec:1403:2784|codec:1403:2785|codec:1403:2786|codec:1403:2787|codec:1403:2788|codec:1403:2789|codec:1403:2790|codec:1403:2791|codec:1403:2792|codec:1403:2793|codec:1403:2794|codec:1403:2795|codec:1403:2796|codec:1403:2797|codec:1403:2798|codec:1403:2799|codec:1403:2800|codec:1403:2801|codec:1403:2802|codec:1403:2803|codec:1403:2804|codec:1403:2805|codec:1403:2806|codec:1403:2807|codec:1403:2808|codec:1403:2809|codec:1403:2810|codec:1403:2811|codec:1403:2812|codec:1403:2813|codec:1403:2814|codec:1403:2815|codec:1403:2816|codec:1403:2817|codec:1403:2818|codec:1403:2819|codec:1403:2820|codec:1403:2821|codec:1403:2822|codec:1403:2823|codec:1403:2824|codec:1403:2825|codec:1403:2826|codec:1403:2827|codec:1403:2828|codec:1403:2829|codec:1403:2830|codec:1403:2831|codec:1403:2832|codec:1403:2833|codec:1403:2834|codec:1403:2835|codec:1403:2836|codec:1403:2837|codec:1403:2838|codec:1403:2839|codec:1403:2840|codec:1403:2841|codec:1403:2842|codec:1403:2843|codec:1403:2844|codec:1403:2845|codec:1403:2846|codec:1403:2847|codec:1403:2848|codec:1403:2849|codec:1403:2850|codec:1403:2851|codec:1403:2852|codec:1403:2853|codec:1403:2854|codec:1403:2855|codec:1403:2856|codec:1403:2857|codec:1403:2858|codec:1403:2859|codec:1403:2860|codec:1403:2861|codec:1403:2862|codec:1403:2863|codec:1403:2864|codec:1403:2865|codec:1403:2866|codec:1403:2867|codec:1403:2868|codec:1403:2869|codec:1403:2870|codec:1403:2871|codec:1403:2872|codec:1403:2873|codec:1403:2874|codec:1403:2875|codec:1403:2876|codec:1403:2877|codec:1403:2878|codec:1403:2879|codec:1403:2880|codec:1403:2881|codec:1403:2882|codec:1403:2883|codec:1403:2884|codec:1403:2885|codec:1403:2886|codec:1403:2887|codec:1403:2888|codec:1403:2889|codec:1403:2890|codec:1403:2891|codec:1403:2892|codec:1403:2893|codec:1403:2894|codec:1403:2895|codec:1403:2896|codec:1403:2897|codec:1403:2898|codec:1403:2899|codec:1403:2900|codec:1403:2901|codec:1403:2902|codec:1403:2903|codec:1403:2904|codec:1403:2905|codec:1403:2906|codec:1403:2907|codec:1403:2908|codec:1403:2909|codec:1403:2910|codec:1403:2911|codec:1403:2912|codec:1403:2913|codec:1403:2914|codec:1403:2915|codec:1403:2916|codec:1403:2917|codec:1403:2918|codec:1403:2919|codec:1403:2920|codec:1403:2921|codec:1403:2922|codec:1403:2923|codec:1403:2924|codec:1403:2925|codec:1403:2926|codec:1403:2927|codec:1403:2928|codec:1403:2929|codec:1403:2930|codec:1403:2931|codec:1403:2932|codec:1403:2933|codec:1403:2934|codec:1403:2935|codec:1403:2936|codec:1403:2937|codec:1403:2938|codec:1403:2939|codec:1403:2940|codec:1403:2941|codec:1403:2942|codec:1403:2943|codec:1403:2944|codec:1403:2945|codec:1403:2946|codec:1403:2947|codec:1403:2948|codec:1403:2949|codec:1403:2950|codec:1403:2951|codec:1403:2952|codec:1403:2953|codec:1403:2954|codec:1403:2955|codec:1403:2956|codec:1403:2957|codec:1403:2958|codec:1403:2959|codec:1403:2960|codec:1403:2961|codec:1403:2962|codec:1403:2963|codec:1403:2964|codec:1403:2965|codec:1403:2966|codec:1403:2967|codec:1403:2968|codec:1403:2969|codec:1403:2970|codec:1403:2971|codec:1403:2972|codec:1403:2973|codec:1403:2974|codec:1403:2975|codec:1403:2976|codec:1403:2977|codec:1403:2978|codec:1403:2979|codec:1403:2980|codec:1403:2981|codec:1403:2982|codec:1403:2983|codec:1403:2984|codec:1403:2985|codec:1403:2986|codec:1403:2987|codec:1403:2988|codec:1403:2989|codec:1403:2990|codec:1403:2991|codec:1403:2992|codec:1403:2993|codec:1403:2994|codec:1403:2995|codec:1403:2996|codec:1403:2997|codec:1403:2998|codec:1403:2999|codec:1403:3000|codec:1403:3001|codec:1403:3002|codec:1403:3003|codec:1403:3004|codec:1403:3005|codec:1403:3006|codec:1403:3007|codec:1403:3008|codec:1403:3009|codec:1403:3010|codec:1403:3011|codec:1403:3012|codec:1403:3013|codec:1403:3014|codec:1403:3015|codec:1403:3016|codec:1403:3017|codec:1403:3018|codec:1403:3019|codec:1403:3020|codec:1403:3021|codec:1403:3022|codec:1403:3023|codec:1403:3024|codec:1403:3025|codec:1403:3026|codec:1403:3027|codec:1403:3028|codec:1403:3029|codec:1403:3030|codec:1403:3031|codec:1403:3032|codec:1403:3033|codec:1403:3034|codec:1403:3035|codec:1403:3036|codec:1403:3037|codec:1403:3038|codec:1403:3039|codec:1403:3040|codec:1403:3041|codec:1403:3042|codec:1403:3043|codec:1403:3044|codec:1403:3045|codec:1403:3046|codec:1403:3047|codec:1403:3048|codec:1403:3049|codec:1403:3050|codec:1403:3051|codec:1403:3052|codec:1403:3053|codec:1403:3054|codec:1403:3055|codec:1403:3056|codec:1403:3057|codec:1403:3058|codec:1403:3059|codec:1403:3060|codec:1403:3061|codec:1403:3062|codec:1403:3063|codec:1403:3064|codec:1403:3065|codec:1403:3066|codec:1403:3067|codec:1403:3068|codec:1403:3069|codec:1403:3070|codec:1403:3071|codec:1403:3072|codec:1403:3073|codec:1403:3074|codec:1403:3075|codec:1403:3076|codec:1403:3077|codec:1403:3078|codec:1403:3079|codec:1403:3080|codec:1403:3081|codec:1403:3082|codec:1403:3083|codec:1403:3084|codec:1403:3085|codec:1403:3086|codec:1403:3087|codec:1403:3088|codec:1403:3089|codec:1403:3090|codec:1403:3091|codec:1403:3092|codec:1403:3093|codec:1403:3094|codec:1403:3095|codec:1403:3096|codec:1403:3097|codec:1403:3098|codec:1403:3099|codec:1403:3100|codec:1403:3101|codec:1403:3102|codec:1403:3103|codec:1403:3104|codec:1403:3105|codec:1403:3106|codec:1403:3107|codec:1403:3108|codec:1403:3109|codec:1403:3110|codec:1403:3111|codec:1403:3112|codec:1403:3113|codec:1403:3114|codec:1403:3115|codec:1403:3116|codec:1403:3117|codec:1403:3118|codec:1403:3119|codec:1403:3120|codec:1403:3121|codec:1403:3122|codec:1403:3123|codec:1403:3124|codec:1403:3125|codec:1403:3126|codec:1403:3127|codec:1403:3128|codec:1403:3129|codec:1403:3130|codec:1403:3131|codec:1403:3132|codec:1403:3133|codec:1403:3134|codec:1403:3135|codec:1403:3136|codec:1403:3137|codec:1403:3138|codec:1403:3139|codec:1403:3140|codec:1403:3141|codec:1403:3142|codec:1403:3143|codec:1403:3144|codec:1403:3145|codec:1403:3146|codec:1403:3147|codec:1403:3148|codec:1403:3149|codec:1403:3150|codec:1403:3151|codec:1403:3152|codec:1403:3153|codec:1403:3154|codec:1403:3155|codec:1403:3156|codec:1403:3157|codec:1403:3158|codec:1403:3159|codec:1403:3160|codec:1403:3161|codec:1403:3162|codec:1403:3163|codec:1403:3164|codec:1403:3165|codec:1403:3166|codec:1403:3167|codec:1403:3168|codec:1403:3169|codec:1403:3170|codec:1403:3171|codec:1403:3172|codec:1403:3173|codec:1403:3174|codec:1403:3175|codec:1403:3176|codec:1403:3177|codec:1403:3178|codec:1403:3179|codec:1403:3180|codec:1403:3181|codec:1403:3182|codec:1403:3183|codec:1403:3184|codec:1403:3185|codec:1403:3186|codec:1403:3187|codec:1403:3188|codec:1403:3189|codec:1403:3190|codec:1403:3191|codec:1403:3192|codec:1403:3193|codec:1403:3194|codec:1403:3195|codec:1403:3196|codec:1403:3197|codec:1403:3198|codec:1403:3199|codec:1403:3200|codec:1403:3201|codec:1403:3202|codec:1403:3203|codec:1403:3204|codec:1403:3205|codec:1403:3206|codec:1403:3207|codec:1403:3208|codec:1403:3209|codec:1403:3210|codec:1403:3211|codec:1403:3212|codec:1403:3213|codec:1403:3214|codec:1403:3215|codec:1403:3216|codec:1403:3217|codec:1403:3218|codec:1403:3219|codec:1403:3220|codec:1403:3221|codec:1403:3222|codec:1403:3223|codec:1403:3224|codec:1403:3225|codec:1403:3226|codec:1403:3227|codec:1403:3228|codec:1403:3229|codec:1403:3230|codec:1403:3231|codec:1403:3232|codec:1403:3233|codec:1403:3234|codec:1403:3235|codec:1403:3236|codec:1403:3237|codec:1403:3238|codec:1403:3239|codec:1403:3240|codec:1403:3241|codec:1403:3242|codec:1403:3243|codec:1403:3244|codec:1403:3245|codec:1403:3246|codec:1403:3247|codec:1403:3248|codec:1403:3249|codec:1403:3250|codec:1403:3251|codec:1403:3252|codec:1403:3253|codec:1403:3254|codec:1403:3255|codec:1403:3256|codec:1403:3257|codec:1403:3258|codec:1403:3259|codec:1403:3260|codec:1403:3261|codec:1403:3262|codec:1403:3263|codec:1403:3264|codec:1403:3265|codec:1403:3266|codec:1403:3267|codec:1403:3268|codec:1403:3269|codec:1403:3270|codec:1403:3271|codec:1403:3272|codec:1403:3273|codec:1403:3274|codec:1403:3275|codec:1403:3276|codec:1403:3277|codec:1403:3278|codec:1403:3279|codec:1403:3280|codec:1403:3281|codec:1403:3282|codec:1403:3283|codec:1403:3284|codec:1403:3285|codec:1403:3286|codec:1403:3287|codec:1403:3288|codec:1403:3289|codec:1403:3290|codec:1403:3291|codec:1403:3292|codec:1403:3293|codec:1403:3294|codec:1403:3295|codec:1403:3296|codec:1403:3297|codec:1403:3298|codec:1403:3299|codec:1403:3300|codec:1403:3301|codec:1403:3302|codec:1403:3303|codec:1403:3304|codec:1403:3305|codec:1403:3306|codec:1403:3307|codec:1403:3308|codec:1403:3309|codec:1403:3310|codec:1403:3311|codec:1403:3312|codec:1403:3313|codec:1403:3314|codec:1403:3315|codec:1403:3316|codec:1403:3317|codec:1403:3318|codec:1403:3319|codec:1403:3320|codec:1403:3321|codec:1403:3322|codec:1403:3323|codec:1403:3324|codec:1403:3325|codec:1403:3326|codec:1403:3327|codec:1403:3328|codec:1403:3329|codec:1403:3330|codec:1403:3331|codec:1403:3332|codec:1403:3333|codec:1403:3334|codec:1403:3335|codec:1403:3336|codec:1403:3337|codec:1403:3338|codec:1403:3339|codec:1403:3340|codec:1403:3341|codec:1403:3342|codec:1403:3343|codec:1403:3344|codec:1403:3345|codec:1403:3346|codec:1403:3347|codec:1403:3348|codec:1403:3349|codec:1403:3350|codec:1403:3351|codec:1403:3352|codec:1403:3353|codec:1403:3354|codec:1403:3355|codec:1403:3356|codec:1403:3357|codec:1403:3358|codec:1403:3359|codec:1403:3360|codec:1403:3361|codec:1403:3362|codec:1403:3363|codec:1403:3364|codec:1403:3365|codec:1403:3366|codec:1403:3367|codec:1403:3368|codec:1403:3369|codec:1403:3370|codec:1403:3371|codec:1403:3372|codec:1403:3373|codec:1403:3374|codec:1403:3375|codec:1403:3376|codec:1403:3377|codec:1403:3378|codec:1403:3379|codec:1403:3380|codec:1403:3381|codec:1403:3382|codec:1403:3383|codec:1403:3384|codec:1403:3385|codec:1403:3386|codec:1403:3387|codec:1403:3388|codec:1403:3389|codec:1403:3390|codec:1403:3391|codec:1403:3392|codec:1403:3393|codec:1403:3394|codec:1403:3395|codec:1403:3396|codec:1403:3397|codec:1403:3398|codec:1403:3399|codec:1403:3400|codec:1403:3401|codec:1403:3402|codec:1403:3403|codec:1403:3404|codec:1403:3405|codec:1403:3406|codec:1403:3407|codec:1403:3408|codec:1403:3409|codec:1403:3410|codec:1403:3411|codec:1403:3412|codec:1403:3413|codec:1403:3414|codec:1403:3415|codec:1403:3416|codec:1403:3417|codec:1403:3418|codec:1403:3419|codec:1403:3420|codec:1403:3421|codec:1403:3422|codec:1403:3423|codec:1403:3424|codec:1403:3425|codec:1403:3426|codec:1403:3427|codec:1403:3428|codec:1403:3429|codec:1403:3430|codec:1403:3431|codec:1403:3432|codec:1403:3433|codec:1403:3434|codec:1403:3435|codec:1403:3436|codec:1403:3437|codec:1403:3438|codec:1403:3439|codec:1403:3440|codec:1403:3441|codec:1403:3442|codec:1403:3443|codec:1403:3444|codec:1403:3445|codec:1403:3446|codec:1403:3447|codec:1403:3448|codec:1403:3449|codec:1403:3450|codec:1403:3451|codec:1403:3452|codec:1403:3453|codec:1403:3454|codec:1403:3455|codec:1403:3456|codec:1403:3457|codec:1403:3458|codec:1403:3459|codec:1403:3460|codec:1403:3461|codec:1403:3462|codec:1403:3463|codec:1403:3464|codec:1403:3465|codec:1403:3466|codec:1403:3467|codec:1403:3468|codec:1403:3469|codec:1403:3470|codec:1403:3471|codec:1403:3472|codec:1403:3473|codec:1403:3474|codec:1403:3475|codec:1403:3476|codec:1403:3477|codec:1403:3478|codec:1403:3479|codec:1403:3480|codec:1403:3481|codec:1403:3482|codec:1403:3483|codec:1403:3484|codec:1403:3485|codec:1403:3486|codec:1403:3487|codec:1403:3488|codec:1403:3489|codec:1403:3490|codec:1403:3491|codec:1403:3492|codec:1403:3493|codec:1403:3494|codec:1403:3495|codec:1403:3496|codec:1403:3497|codec:1403:3498|codec:1403:3499|codec:1403:3500|codec:1403:3501|codec:1403:3502|codec:1403:3503|codec:1403:3504|codec:1403:3505|codec:1403:3506|codec:1403:3507|codec:1403:3508|codec:1403:3509|codec:1403:3510|codec:1403:3511|codec:1403:3512|codec:1403:3513|codec:1403:3514|codec:1403:3515|codec:1403:3516|codec:1403:3517|codec:1403:3518|codec:1403:3519|codec:1403:3520|codec:1403:3521|codec:1403:3522|codec:1403:3523|codec:1403:3524|codec:1403:3525|codec:1403:3526|codec:1403:3527|codec:1403:3528|codec:1403:3529|codec:1403:3530|codec:1403:3531|codec:1403:3532|codec:1403:3533|codec:1403:3534|codec:1403:3535|codec:1403:3536|codec:1403:3537|codec:1403:3538|codec:1403:3539|codec:1403:3540|codec:1403:3541|codec:1403:3542|codec:1403:3543|codec:1403:3544|codec:1403:3545|codec:1403:3546|codec:1403:3547|codec:1403:3548|codec:1403:3549|codec:1403:3550|codec:1403:3551|codec:1403:3552|codec:1403:3553|codec:1403:3554|codec:1403:3555|codec:1403:3556|codec:1403:3557|codec:1403:3558|codec:1403:3559|codec:1403:3560|codec:1403:3561|codec:1403:3562|codec:1403:3563|codec:1403:3564|codec:1403:3565|codec:1403:3566|codec:1403:3567|codec:1403:3568|codec:1403:3569|codec:1403:3570|codec:1403:3571|codec:1403:3572|codec:1403:3573|codec:1403:3574|codec:1403:3575|codec:1403:3576|codec:1403:3577|codec:1403:3578|codec:1403:3579|codec:1403:3580|codec:1403:3581|codec:1403:3582|codec:1403:3583|codec:1403:3584|codec:1403:3585|codec:1403:3586|codec:1403:3587|codec:1403:3588|codec:1403:3589|codec:1403:3590|codec:1403:3591|codec:1403:3592|codec:1403:3593|codec:1403:3594|codec:1403:3595|codec:1403:3596|codec:1403:3597|codec:1403:3598|codec:1403:3599|codec:1403:3600|codec:1403:3601|codec:1403:3602|codec:1403:3603|codec:1403:3604|codec:1403:3605|codec:1403:3606|codec:1403:3607|codec:1403:3608|codec:1403:3609|codec:1403:3610|codec:1403:3611|codec:1403:3612|codec:1403:3613|codec:1403:3614|codec:1403:3615|codec:1403:3616|codec:1403:3617|codec:1403:3618|codec:1403:3619|codec:1403:3621|codec:1403:3622|codec:1403:3623|codec:1403:3624|codec:1403:3625|codec:1403:3626|codec:1403:3627|codec:1403:3628|codec:1403:3629|codec:1403:3630|codec:1403:3631|codec:1403:3632|codec:1403:3633|codec:1403:3634|codec:1403:3635|codec:1403:3636|codec:1403:3637|codec:1403:3638|codec:1403:3639|codec:1403:3640|codec:1403:3641|codec:1403:3642|codec:1403:3643|codec:1403:3644|codec:1403:3645|codec:1403:3646|codec:1403:3647|codec:1403:3648|codec:1403:3649|codec:1403:3650|codec:1403:3651|codec:1403:3652|codec:1403:3653|codec:1403:3654|codec:1403:3655|codec:1403:3656|codec:1403:3657|codec:1403:3658|codec:1403:3659|codec:1403:3660|codec:1403:3661|codec:1403:3662|codec:1403:3663|codec:1403:3664|codec:1403:3665|codec:1403:3666|codec:1403:3667|codec:1403:3668|codec:1403:3669|codec:1403:3670|codec:1403:3671|codec:1403:3672|codec:1403:3673|codec:1403:3674|codec:1403:3675|codec:1403:3676|codec:1403:3677|codec:1403:3678|codec:1403:3679|codec:1403:3680|codec:1403:3681|codec:1403:3682|codec:1403:3683|codec:1403:3684|codec:1403:3685|codec:1403:3686|codec:1403:3687|codec:1403:3688|codec:1403:3689|codec:1403:3690|codec:1403:3691|codec:1403:3692|codec:1403:3693|codec:1403:3694|codec:1403:3695|codec:1403:3696|codec:1403:3697|codec:1403:3698|codec:1403:3699|codec:1403:3700|codec:1403:3701|codec:1403:3702|codec:1403:3703|codec:1403:3704|codec:1403:3705|codec:1403:3706|codec:1403:3707|codec:1403:3708|codec:1403:3709|codec:1403:3710|codec:1403:3711|codec:1403:3712|codec:1403:3713|codec:1403:3714|codec:1403:3715|codec:1403:3716|codec:1403:3717|codec:1403:3718|codec:1403:3719|codec:1403:3720|codec:1403:3721|codec:1403:3722|codec:1403:3723|codec:1403:3724|codec:1403:3725|codec:1403:3726|codec:1403:3727|codec:1403:3728|codec:1403:3729|codec:1403:3730|codec:1403:3731|codec:1403:3732|codec:1403:3733|codec:1403:3734|codec:1403:3735|codec:1403:3736|codec:1403:3737|codec:1403:3738|codec:1403:3739|codec:1403:3740|codec:1403:3741|codec:1403:3742|codec:1403:3743|codec:1403:3744|codec:1403:3745|codec:1403:3746|codec:1403:3747|codec:1403:3748|codec:1403:3749|codec:1403:3750|codec:1403:3751|codec:1403:3752|codec:1403:3753|codec:1403:3754|codec:1403:3755|codec:1403:3756|codec:1403:3757|codec:1403:3758|codec:1403:3759|codec:1403:3760|codec:1403:3761|codec:1403:3762|codec:1403:3763|codec:1403:3764|codec:1403:3765|codec:1403:3766|codec:1403:3767|codec:1403:3768|codec:1403:3769|codec:1403:3770|codec:1403:3771|codec:1403:3772|codec:1403:3773|codec:1403:3774|codec:1403:3775|codec:1403:3776|codec:1403:3777|codec:1403:3778|codec:1403:3779|codec:1403:3780|codec:1403:3781|codec:1403:3782|codec:1403:3783|codec:1403:3784|codec:1403:3785|codec:1403:3786|codec:1403:3787|codec:1403:3788|codec:1403:3789|codec:1403:3790|codec:1403:3791|codec:1403:3792|codec:1403:3793|codec:1403:3794|codec:1403:3795|codec:1403:3796|codec:1403:3797|codec:1403:3798|codec:1403:3799|codec:1403:3800|codec:1403:3801|codec:1403:3802|codec:1403:3803|codec:1403:3804|codec:1403:3805|codec:1403:3806|codec:1403:3807|codec:1403:3808|codec:1403:3809|codec:1403:3810|codec:1403:3811|codec:1403:3812|codec:1403:3813|codec:1403:3814|codec:1403:3815|codec:1403:3816|codec:1403:3817|codec:1403:3818|codec:1403:3819|codec:1403:3820|codec:1403:3821|codec:1403:3822|codec:1403:3823|codec:1403:3824|codec:1403:3825|codec:1403:3826|codec:1403:3827|codec:1403:3828|codec:1403:3829|codec:1403:3830|codec:1403:3831|codec:1403:3832|codec:1403:3833|codec:1403:3834|codec:1403:3835|codec:1403:3836|codec:1403:3837|codec:1403:3838|codec:1403:3839|codec:1403:3840|codec:1403:3841|codec:1403:3842|codec:1403:3843|codec:1403:3844|codec:1403:3845|codec:1403:3846|codec:1403:3847|codec:1403:3848|codec:1403:3849|codec:1403:3850|codec:1403:3851|codec:1403:3852|codec:1403:3853|codec:1403:3854|codec:1403:3855|codec:1403:3856|codec:1403:3857|codec:1403:3858|codec:1403:3859|codec:1403:3860|codec:1403:3861|codec:1403:3862|codec:1403:3863|codec:1403:3864|codec:1403:3865|codec:1403:3866|codec:1403:3867|codec:1403:3868|codec:1403:3869|codec:1403:3870|codec:1403:3871|codec:1403:3872|codec:1403:3873|codec:1403:3874|codec:1403:3875|codec:1403:3876|codec:1403:3877|codec:1403:3878|codec:1403:3879|codec:1403:3880|codec:1403:3881|codec:1403:3882|codec:1403:3883|codec:1403:3884|codec:1403:3885|codec:1403:3886|codec:1403:3887|codec:1403:3888|codec:1403:3889|codec:1403:3890|codec:1403:3891|codec:1403:3892|codec:1403:3893|codec:1403:3894|codec:1403:3895|codec:1403:3896|codec:1403:3897|codec:1403:3898|codec:1403:3899|codec:1403:3900|codec:1403:3901|codec:1403:3902|codec:1403:3903|codec:1403:3904|codec:1403:3905|codec:1403:3906|codec:1403:3907|codec:1403:3908|codec:1403:3909|codec:1403:3910|codec:1403:3911|codec:1403:3912|codec:1403:3913|codec:1403:3914|codec:1403:3915|codec:1403:3916|codec:1403:3917|codec:1403:3918|codec:1403:3919|codec:1403:3920|codec:1403:3921|codec:1403:3922|codec:1403:3923|codec:1403:3924|codec:1403:3925|codec:1403:3926|codec:1403:3927|codec:1403:3928|codec:1403:3929|codec:1403:3930|codec:1403:3931|codec:1403:3932|codec:1403:3933|codec:1403:3934|codec:1403:3935|codec:1403:3936|codec:1403:3937|codec:1403:3938|codec:1403:3939|codec:1403:3940|codec:1403:3941|codec:1403:3942|codec:1403:3943|codec:1403:3944|codec:1403:3945|codec:1403:3946|codec:1403:3947|codec:1403:3948|codec:1403:3949|codec:1403:3950|codec:1403:3951|codec:1403:3952|codec:1403:3953|codec:1403:3954|codec:1403:3955|codec:1403:3956|codec:1403:3957|codec:1403:3958|codec:1403:3959|codec:1403:3960|codec:1403:3961|codec:1403:3962|codec:1403:3963|codec:1403:3964|codec:1403:3965|codec:1403:3966|codec:1403:3967|codec:1403:3968|codec:1403:3969|codec:1403:3970|codec:1403:3971|codec:1403:3972|codec:1403:3973|codec:1403:3974|codec:1403:3975|codec:1403:3976|codec:1403:3977|codec:1403:3978|codec:1403:3979|codec:1403:3980|codec:1403:3981|codec:1403:3982|codec:1403:3983|codec:1403:3984|codec:1403:3985|codec:1403:3986|codec:1403:3987|codec:1403:3988|codec:1403:3989|codec:1403:3990|codec:1403:3991|codec:1403:3992|codec:1403:3993|codec:1403:3994|codec:1403:3995|codec:1403:3996|codec:1403:3997|codec:1403:3998|codec:1403:3999|codec:1403:4000|codec:1403:4001|codec:1403:4002|codec:1403:4003|codec:1403:4004|codec:1403:4005|codec:1403:4006|codec:1403:4007|codec:1403:4008|codec:1403:4009|codec:1403:4010|codec:1403:4011|codec:1403:4012|codec:1403:4013|codec:1403:4014|codec:1403:4015|codec:1403:4016|codec:1403:4017|codec:1403:4018|codec:1403:4019|codec:1403:4020|codec:1403:4021|codec:1403:4022|codec:1403:4023|codec:1403:4024|codec:1403:4025|codec:1403:4026|codec:1403:4027|codec:1403:4028|codec:1403:4029|codec:1403:4030|codec:1403:4031|codec:1403:4032|codec:1403:4033|codec:1403:4034|codec:1403:4035|codec:1403:4036|codec:1403:4037|codec:1403:4038|codec:1403:4039|codec:1403:4040|codec:1403:4041|codec:1403:4042|codec:1403:4043|codec:1403:4044|codec:1403:4045|codec:1403:4046|codec:1403:4047|codec:1403:4048|codec:1403:4049|codec:1403:4050|codec:1403:4051|codec:1403:4052|codec:1403:4053|codec:1403:4054|codec:1403:4055|codec:1403:4056|codec:1403:4057|codec:1403:4058|codec:1403:4059|codec:1403:4060|codec:1403:4061|codec:1403:4062|codec:1403:4063|codec:1403:4064|codec:1403:4065|codec:1403:4066|codec:1403:4067|codec:1403:4068|codec:1403:4069|codec:1403:4070|codec:1403:4071|codec:1403:4072|codec:1403:4073|codec:1403:4074|codec:1403:4075|codec:1403:4077|codec:1403:4078|codec:1403:4079|codec:1403:4080|codec:1403:4081|codec:1403:4082|codec:1403:4083|codec:1403:4084|codec:1403:4085|codec:1403:4086|codec:1403:4087|codec:1403:4088|codec:1403:4089|codec:1403:4090|codec:1403:4091|codec:1403:4092|codec:1403:4093|codec:1403:4094|codec:1403:4095|codec:1403:4096|codec:1403:4097|codec:1403:4098|codec:1403:4099|codec:1403:4100|codec:1403:4101|codec:1403:4102|codec:1403:4103|codec:1403:4104|codec:1403:4105|codec:1403:4106|codec:1403:4107|codec:1403:4108|codec:1403:4109|codec:1403:4110|codec:1403:4111|codec:1403:4112|codec:1403:4113|codec:1403:4114|codec:1403:4115|codec:1403:4116|codec:1403:4117|codec:1403:4118|codec:1403:4119|codec:1403:4120|codec:1403:4121|codec:1403:4122|codec:1403:4123|codec:1403:4124|codec:1403:4125|codec:1403:4126|codec:1403:4127|codec:1403:4128|codec:1403:4129|codec:1403:4130|codec:1403:4131|codec:1403:4132|codec:1403:4133|codec:1403:4134|codec:1403:4135|codec:1403:4136|codec:1403:4137|codec:1403:4138|codec:1403:4139|codec:1403:4140|codec:1403:4141|codec:1403:4142|codec:1403:4143|codec:1403:4144|codec:1403:4145|codec:1403:4146|codec:1403:4147|codec:1403:4148|codec:1403:4149|codec:1403:4150|codec:1403:4151|codec:1403:4152|codec:1403:4153|codec:1403:4154|codec:1403:4155|codec:1403:4156|codec:1403:4157|codec:1403:4158|codec:1403:4159|codec:1403:4161|codec:1403:4162|codec:1403:4163|codec:1403:4164|codec:1403:4165|codec:1403:4166|codec:1403:4167|codec:1403:4168|codec:1403:4169|codec:1403:4170|codec:1403:4171|codec:1403:4172|codec:1403:4173|codec:1403:4174|codec:1403:4175|codec:1403:4176|codec:1403:4177|codec:1403:4178|codec:1403:4179|codec:1403:4180|codec:1403:4181|codec:1403:4182|codec:1403:4183|codec:1403:4184|codec:1403:4185|codec:1403:4186|codec:1403:4187|codec:1403:4188|codec:1403:4189|codec:1403:4190|codec:1403:4191|codec:1403:4192|codec:1403:4193|codec:1403:4194|codec:1403:4195|codec:1403:4196|codec:1403:4197|codec:1403:4198|codec:1403:4199|codec:1403:4200|codec:1403:4201|codec:1403:4202|codec:1403:4203|codec:1403:4204|codec:1403:4205|codec:1403:4206|codec:1403:4207|codec:1403:4208|codec:1403:4209|codec:1403:4210|codec:1403:4211|codec:1403:4212|codec:1403:4213|codec:1403:4214|codec:1403:4215|codec:1403:4216|codec:1403:4217|codec:1403:4218|codec:1403:4219|codec:1403:4220|codec:1403:4221|codec:1403:4222|codec:1403:4223|codec:1403:4224|codec:1403:4225|codec:1403:4226|codec:1403:4227|codec:1403:4228|codec:1403:4229|codec:1403:4230|codec:1403:4231|codec:1403:4232|codec:1403:4233|codec:1403:4234|codec:1403:4235|codec:1403:4236|codec:1403:4237|codec:1403:4238|codec:1403:4239|codec:1403:4240|codec:1403:4241|codec:1403:4242|codec:1403:4243|codec:1403:4244|codec:1403:4245|codec:1403:4246|codec:1403:4247|codec:1403:4248|codec:1403:4249|codec:1403:4250|codec:1403:4251|codec:1403:4252|codec:1403:4253|codec:1403:4254|codec:1403:4255|codec:1403:4256|codec:1403:4257|codec:1403:4258|codec:1403:4259|codec:1403:4260|codec:1403:4261|codec:1403:4262|codec:1403:4263|codec:1403:4264|codec:1403:4265|codec:1403:4266|codec:1403:4267|codec:1403:4268|codec:1403:4269|codec:1403:4270|codec:1403:4271|codec:1403:4272|codec:1403:4273|codec:1403:4274|codec:1403:4275|codec:1403:4276|codec:1403:4277|codec:1403:4278|codec:1403:4279|codec:1403:4280|codec:1403:4281|codec:1403:4282|codec:1403:4283|codec:1403:4284|codec:1403:4285|codec:1403:4286|codec:1403:4287|codec:1403:4288|codec:1403:4289|codec:1403:4290|codec:1403:4291|codec:1403:4292|codec:1403:4293|codec:1403:4294|codec:1403:4295|codec:1403:4296|codec:1403:4297|codec:1403:4298|codec:1403:4299|codec:1403:4300|codec:1403:4301|codec:1403:4302|codec:1403:4303|codec:1403:4304|codec:1403:4305|codec:1403:4306|codec:1403:4307|codec:1403:4308|codec:1403:4309|codec:1403:4310|codec:1403:4311|codec:1403:4312|codec:1403:4313|codec:1403:4314|codec:1403:4315|codec:1403:4316|codec:1403:4317|codec:1403:4318|codec:1403:4319|codec:1403:4320|codec:1403:4321|codec:1403:4322|codec:1403:4323|codec:1403:4324|codec:1403:4325|codec:1403:4326|codec:1403:4327|codec:1403:4328|codec:1403:4329|codec:1403:4330|codec:1403:4331|codec:1403:4332|codec:1403:4333|codec:1403:4334|codec:1403:4335|codec:1403:4336|codec:1403:4337|codec:1403:4338|codec:1403:4339|codec:1403:4340|codec:1403:4341|codec:1403:4342|codec:1403:4343|codec:1403:4344|codec:1403:4345|codec:1403:4346|codec:1403:4347|codec:1403:4348|codec:1403:4349|codec:1403:4350|codec:1403:4351|codec:1403:4352|codec:1403:4353|codec:1403:4354|codec:1403:4355|codec:1403:4356|codec:1403:4357|codec:1403:4358|codec:1403:4359|codec:1403:4360|codec:1403:4361|codec:1403:4362|codec:1403:4363|codec:1403:4364|codec:1403:4365|codec:1403:4366|codec:1403:4367|codec:1403:4368|codec:1403:4369|codec:1403:4370|codec:1403:4371|codec:1403:4372|codec:1403:4373|codec:1403:4374|codec:1403:4375|codec:1403:4376|codec:1403:4377|codec:1403:4378|codec:1403:4379|codec:1403:4380|codec:1403:4381|codec:1403:4382|codec:1403:4383|codec:1403:4384|codec:1403:4385|codec:1403:4386|codec:1403:4387|codec:1403:4388|codec:1403:4389|codec:1403:4390|codec:1403:4391|codec:1403:4392|codec:1403:4393|codec:1403:4394|codec:1403:4395|codec:1403:4396|codec:1403:4397|codec:1403:4398|codec:1403:4399|codec:1403:4400|codec:1403:4401|codec:1403:4402|codec:1403:4403|codec:1403:4404|codec:1403:4405|codec:1403:4406|codec:1403:4407|codec:1403:4408|codec:1403:4409|codec:1403:4410|codec:1403:4411|codec:1403:4412|codec:1403:4413|codec:1403:4414|codec:1403:4415|codec:1403:4416|codec:1403:4417|codec:1403:4418|codec:1403:4419|codec:1403:4420|codec:1403:4421|codec:1403:4422|codec:1403:4423|codec:1403:4424|codec:1403:4425|codec:1403:4426|codec:1403:4427|codec:1403:4428|codec:1403:4429|codec:1403:4430|codec:1403:4431|codec:1403:4432|codec:1403:4433|codec:1403:4434|codec:1403:4435|codec:1403:4436|codec:1403:4437|codec:1403:4438|codec:1403:4439|codec:1403:4440|codec:1403:4441|codec:1403:4442|codec:1403:4443|codec:1403:4444|codec:1403:4445|codec:1403:4446|codec:1403:4447|codec:1403:4448|codec:1403:4449|codec:1403:4450|codec:1403:4451|codec:1403:4452|codec:1403:4453|codec:1403:4454|codec:1403:4455|codec:1403:4456|codec:1403:4457|codec:1403:4458|codec:1403:4459|codec:1403:4460|codec:1403:4461|codec:1403:4462|codec:1403:4463|codec:1403:4464|codec:1403:4465|codec:1403:4466|codec:1403:4467|codec:1403:4468|codec:1403:4469|codec:1403:4470|codec:1403:4471|codec:1403:4472|codec:1403:4473|codec:1403:4474|codec:1403:4475|codec:1403:4476|codec:1403:4477|codec:1403:4478|codec:1403:4479|codec:1403:4480|codec:1403:4481|codec:1403:4482|codec:1403:4483|codec:1403:4484|codec:1403:4485|codec:1403:4486|codec:1403:4487|codec:1403:4488|codec:1403:4489|codec:1403:4490|codec:1403:4491|codec:1403:4492|codec:1403:4493|codec:1403:4494|codec:1403:4495|codec:1403:4496|codec:1403:4497|codec:1403:4498|codec:1403:4499|codec:1403:4500|codec:1403:4501|codec:1403:4502|codec:1403:4503|codec:1403:4504|codec:1403:4505|codec:1403:4506|codec:1403:4507|codec:1403:4508|codec:1403:4509|codec:1403:4510|codec:1403:4511|codec:1403:4512|codec:1403:4513|codec:1403:4514|codec:1403:4515|codec:1403:4516|codec:1403:4517|codec:1403:4518|codec:1403:4519|codec:1403:4520|codec:1403:4521|codec:1403:4522|codec:1403:4523|codec:1403:4524|codec:1403:4525|codec:1403:4526|codec:1403:4527|codec:1403:4528|codec:1403:4529|codec:1403:4530|codec:1403:4531|codec:1403:4532|codec:1403:4533|codec:1403:4534|codec:1403:4535|codec:1403:4536|codec:1403:4537|codec:1403:4538|codec:1403:4539|codec:1403:4540|codec:1403:4541|codec:1403:4542|codec:1403:4543|codec:1403:4544|codec:1403:4545|codec:1403:4546|codec:1403:4547|codec:1403:4548|codec:1403:4549|codec:1403:4550|codec:1403:4551|codec:1403:4552|codec:1403:4553|codec:1403:4555|codec:1403:4556|codec:1403:4557|codec:1403:4558|codec:1403:4559|codec:1403:4560|codec:1403:4561|codec:1403:4562|codec:1403:4563|codec:1403:4564|codec:1403:4565|codec:1403:4566|codec:1403:4567|codec:1403:4568|codec:1403:4569|codec:1403:4570|codec:1403:4571|codec:1403:4572|codec:1403:4573|codec:1403:4574|codec:1403:4575|codec:1403:4576|codec:1403:4577|codec:1403:4578|codec:1403:4579|codec:1403:4580|codec:1403:4581|codec:1403:4582|codec:1403:4583|codec:1403:4584|codec:1403:4585|codec:1403:4586|codec:1403:4587|codec:1403:4588|codec:1403:4589|codec:1403:4590|codec:1403:4591|codec:1403:4592|codec:1403:4593|codec:1403:4594|codec:1403:4595|codec:1403:4596|codec:1403:4597|codec:1403:4598|codec:1403:4599|codec:1403:4600|codec:1403:4601|codec:1403:4602|codec:1403:4603|codec:1403:4604|codec:1403:4605|codec:1403:4606|codec:1403:4607|codec:1403:4608|codec:1403:4609|codec:1403:4611|codec:1403:4612|codec:1403:4613|codec:1403:4614|codec:1403:4615|codec:1403:4616|codec:1403:4617|codec:1403:4618|codec:1403:4619|codec:1403:4620|codec:1403:4621|codec:1403:4622|codec:1403:4623|codec:1403:4624|codec:1403:4625|codec:1403:4626|codec:1403:4627|codec:1403:4628|codec:1403:4629|codec:1403:4630|codec:1403:4631|codec:1403:4632|codec:1403:4633|codec:1403:4634|codec:1403:4635|codec:1403:4636|codec:1403:4637|codec:1403:4638|codec:1403:4639|codec:1403:4640|codec:1403:4641|codec:1403:4642|codec:1403:4643|codec:1403:4644|codec:1403:4645|codec:1403:4646|codec:1403:4647|codec:1403:4648|codec:1403:4649|codec:1403:4650|codec:1403:4651|codec:1403:4652|codec:1403:4653|codec:1403:4654|codec:1403:4655|codec:1403:4656|codec:1403:4657|codec:1403:4658|codec:1403:4659|codec:1403:4660|codec:1403:4661|codec:1403:4662|codec:1403:4663|codec:1403:4664|codec:1403:4665|codec:1403:4666|codec:1403:4667|codec:1403:4668|codec:1403:4669|codec:1403:4670|codec:1403:4671|codec:1403:4672|codec:1403:4673|codec:1403:4674|codec:1403:4675|codec:1403:4676|codec:1403:4677|codec:1403:4678|codec:1403:4679|codec:1403:4680|codec:1403:4681|codec:1403:4682|codec:1403:4683|codec:1403:4684|codec:1403:4685|codec:1403:4686|codec:1403:4687|codec:1403:4688|codec:1403:4689|codec:1403:4690|codec:1403:4691|codec:1403:4692|codec:1403:4693|codec:1403:4694|codec:1403:4695|codec:1403:4696|codec:1403:4697|codec:1403:4698|codec:1403:4699|codec:1403:4700|codec:1403:4701|codec:1403:4702|codec:1403:4703|codec:1403:4704|codec:1403:4705|codec:1403:4706|codec:1403:4707|codec:1403:4708|codec:1403:4709|codec:1403:4710|codec:1403:4711|codec:1403:4712|codec:1403:4713|codec:1403:4714|codec:1403:4715|codec:1403:4716|codec:1403:4717|codec:1403:4718|codec:1403:4719|codec:1403:4720|codec:1403:4721|codec:1403:4722|codec:1403:4723|codec:1403:4724|codec:1403:4725|codec:1403:4726|codec:1403:4727|codec:1403:4728|codec:1403:4729|codec:1403:4730|codec:1403:4731|codec:1403:4732|codec:1403:4733|codec:1403:4734|codec:1403:4735|codec:1403:4736|codec:1403:4737|codec:1403:4738|codec:1403:4739|codec:1403:4740|codec:1403:4741|codec:1403:4742|codec:1403:4743|codec:1403:4744|codec:1403:4745|codec:1403:4746|codec:1403:4747|codec:1403:4748|codec:1403:4749|codec:1403:4750|codec:1403:4751|codec:1403:4752|codec:1403:4753|codec:1403:4754|codec:1403:4755|codec:1403:4756|codec:1403:4757|codec:1403:4758|codec:1403:4759|codec:1403:4760|codec:1403:4761|codec:1403:4762|codec:1403:4763|codec:1403:4764|codec:1403:4765|codec:1403:4766|codec:1403:4767|codec:1403:4768|codec:1403:4769|codec:1403:4770|codec:1403:4771|codec:1403:4772|codec:1403:4773|codec:1403:4774|codec:1403:4775|codec:1403:4776|codec:1403:4777|codec:1403:4778|codec:1403:4779|codec:1403:4780|codec:1403:4781|codec:1403:4782|codec:1403:4783|codec:1403:4784|codec:1403:4785|codec:1403:4786|codec:1403:4787|codec:1403:4788|codec:1403:4789|codec:1403:4790|codec:1403:4791|codec:1403:4792|codec:1403:4793|codec:1403:4794|codec:1403:4795|codec:1403:4796|codec:1403:4797|codec:1403:4798|codec:1403:4799|codec:1403:4800|codec:1403:4801|codec:1403:4802|codec:1403:4803|codec:1403:4804|codec:1403:4805|codec:1403:4806|codec:1403:4807|codec:1403:4808|codec:1403:4809|codec:1403:4810|codec:1403:4811|codec:1403:4812|codec:1403:4813|codec:1403:4814|codec:1403:4815|codec:1403:4816|codec:1403:4817|codec:1403:4818|codec:1403:4819|codec:1403:4820|codec:1403:4821|codec:1403:4822|codec:1403:4823|codec:1403:4824|codec:1403:4825|codec:1403:4826|codec:1403:4827|codec:1403:4828|codec:1403:4829|codec:1403:4830|codec:1403:4831|codec:1403:4832|codec:1403:4833|codec:1403:4834|codec:1403:4835|codec:1403:4836|codec:1403:4837|codec:1403:4838|codec:1403:4839|codec:1403:4840|codec:1403:4841|codec:1403:4842|codec:1403:4843|codec:1403:4844|codec:1403:4845|codec:1403:4846|codec:1403:4847|codec:1403:4848|codec:1403:4849|codec:1403:4850|codec:1403:4851|codec:1403:4852|codec:1403:4853|codec:1403:4854|codec:1403:4855|codec:1403:4856|codec:1403:4857|codec:1403:4858|codec:1403:4859|codec:1403:4860|codec:1403:4861|codec:1403:4862|codec:1403:4863|codec:1403:4864|codec:1403:4865|codec:1403:4866|codec:1403:4867|codec:1403:4868|codec:1403:4869|codec:1403:4870|codec:1403:4871|codec:1403:4872|codec:1403:4873|codec:1403:4874|codec:1403:4875|codec:1403:4876|codec:1403:4877|codec:1403:4878|codec:1403:4879|codec:1403:4880|codec:1403:4881|codec:1403:4882|codec:1403:4883|codec:1403:4884|codec:1403:4885|codec:1403:4886|codec:1403:4887|codec:1403:4888|codec:1403:4889|codec:1403:4890|codec:1403:4891|codec:1403:4892|codec:1403:4893|codec:1403:4894|codec:1403:4895|codec:1403:4896|codec:1403:4897|codec:1403:4898|codec:1403:4899|codec:1403:4900|codec:1403:4901|codec:1403:4902|codec:1403:4903|codec:1403:4904|codec:1403:4905|codec:1403:4906|codec:1403:4907|codec:1403:4908|codec:1403:4909|codec:1403:4910|codec:1403:4911|codec:1403:4912|codec:1403:4913|codec:1403:4914|codec:1403:4915|codec:1403:4916|codec:1403:4917|codec:1403:4918|codec:1403:4919|codec:1403:4920|codec:1403:4921|codec:1403:4922|codec:1403:4923|codec:1403:4924|codec:1403:4925|codec:1403:4926|codec:1403:4927|codec:1403:4928|codec:1403:4929|codec:1403:4930|codec:1403:4931|codec:1403:4932|codec:1403:4933|codec:1403:4934|codec:1403:4935|codec:1403:4936|codec:1403:4937|codec:1403:4938|codec:1403:4939|codec:1403:4940|codec:1403:4941|codec:1403:4942|codec:1403:4943|codec:1403:4944|codec:1403:4945|codec:1403:4946|codec:1403:4947|codec:1403:4948|codec:1403:4949|codec:1403:4950|codec:1403:4951|codec:1403:4952|codec:1403:4953|codec:1403:4954|codec:1403:4955|codec:1403:4956|codec:1403:4957|codec:1403:4958|codec:1403:4959|codec:1403:4960|codec:1403:4961|codec:1403:4962|codec:1403:4963|codec:1403:4964|codec:1403:4965|codec:1403:4966|codec:1403:4967|codec:1403:4968|codec:1403:4969|codec:1403:4970|codec:1403:4971|codec:1403:4972|codec:1403:4973|codec:1403:4974|codec:1403:4975|codec:1403:4976|codec:1403:4977|codec:1403:4978|codec:1403:4979|codec:1403:4980|codec:1403:4981|codec:1403:4982|codec:1403:4983|codec:1403:4984|codec:1403:4985|codec:1403:4986|codec:1403:4987|codec:1403:4988|codec:1403:4989|codec:1403:4990|codec:1403:4991|codec:1403:4992|codec:1403:4996|codec:1403:4997|codec:1403:4998|codec:1403:4999|codec:1403:5000|codec:1403:5001|codec:1403:5002|codec:1403:5003|codec:1403:5004|codec:1403:5005|codec:1403:5006|codec:1403:5007|codec:1403:5008|codec:1403:5009|codec:1403:5010|codec:1403:5011|codec:1403:5012|codec:1403:5013|codec:1403:5014|codec:1403:5015|codec:1403:5016|codec:1403:5017|codec:1403:5018|codec:1403:5019|codec:1403:5020|codec:1403:5021|codec:1403:5022|codec:1403:5023|codec:1403:5024|codec:1403:5025|codec:1403:5026|codec:1403:5027|codec:1403:5028|codec:1403:5029|codec:1403:5030|codec:1403:5031|codec:1403:5032|codec:1403:5033|codec:1403:5034|codec:1403:5035|codec:1403:5036|codec:1403:5037|codec:1403:5038|codec:1403:5039|codec:1403:5040|codec:1403:5041|codec:1403:5042|codec:1403:5043|codec:1403:5044|codec:1403:5045|codec:1403:5046|codec:1403:5047|codec:1403:5048|codec:1403:5049|codec:1403:5050|codec:1403:5051|codec:1403:5052|codec:1403:5053|codec:1403:5054|codec:1403:5055|codec:1403:5056|codec:1403:5057|codec:1403:5058|codec:1403:5059|codec:1403:5060|codec:1403:5061|codec:1403:5062|codec:1403:5063|codec:1403:5064|codec:1403:5065|codec:1403:5066|codec:1403:5067|codec:1403:5068|codec:1403:687|codec:1403:2713|codec:1403:2362|codec:1403:5069|codec:1403:1300|codec:1403:4076|codec:1403:1002|codec:1403:1192|codec:1403:1760|codec:1403:4554|codec:1403:5285|codec:1403:2400|codec:1403:914|codec:1403:1491|codec:1403:1234|codec:1403:5279|codec:1403:1133|codec:1403:1248|codec:1403:1495|codec:1403:4994|codec:1403:5370|codec:1403:1275|codec:1403:1448|codec:1403:586|codec:1403:4995|codec:1403:908|codec:1403:1436|codec:1403:2485|codec:1403:1145|codec:1403:1410|codec:1403:4993|codec:1403:4160|codec:1403:1577|codec:1403:1830|codec:1403:3620|codec:1403:1261|codec:1403:1056|codec:1403:1217|codec:1403:1366|codec:1403:5089|codec:1403:4610|codec:1403:786|codec:1403:1250|codec:1403:2401|codec:1403:502,confirmed_binary_and_builder_logic,per_gcx_size_preserved; no record relocation
codec,1404,no,0,,,0,,0,0,0,0,0,0,0,0,0,0,0,0,2844,0,0,,confirmed_binary_and_builder_logic,per_gcx_size_preserved; no record relocation
codec,1405,no,0,,,0,,0,0,0,0,0,0,0,0,0,0,0,0,2948,0,0,,confirmed_binary_and_builder_logic,per_gcx_size_preserved; no record relocation
codec,1406,no,0,,,0,,0,0,0,0,0,0,0,0,0,0,0,0,366916,0,0,,confirmed_binary_and_builder_logic,per_gcx_size_preserved; no record relocation
codec,1407,no,0,,,0,,0,0,0,0,0,0,0,0,0,0,0,0,366980,0,0,,confirmed_binary_and_builder_logic,per_gcx_size_preserved; no record relocation
codec,1408,no,0,,,0,,0,0,0,0,0,0,0,0,0,0,0,0,371820,0,0,,confirmed_binary_and_builder_logic,per_gcx_size_preserved; no record relocation
codec,1409,no,0,,,0,,0,0,0,0,0,0,0,0,0,0,0,0,369180,0,0,,confirmed_binary_and_builder_logic,per_gcx_size_preserved; no record relocation
codec,1410,no,0,,,0,,0,0,0,0,0,0,0,0,0,0,0,0,366392,0,0,,confirmed_binary_and_builder_logic,per_gcx_size_preserved; no record relocation
codec,1411,no,0,,,0,,0,0,0,0,0,0,0,0,0,0,0,0,366392,0,0,,confirmed_binary_and_builder_logic,per_gcx_size_preserved; no record relocation
codec,1412,no,0,,,0,,0,0,0,0,0,0,0,0,0,0,0,0,374916,0,0,,confirmed_binary_and_builder_logic,per_gcx_size_preserved; no record relocation
codec,1413,no,0,,,0,,0,0,0,0,0,0,0,0,0,0,0,0,366392,0,0,,confirmed_binary_and_builder_logic,per_gcx_size_preserved; no record relocation
codec,1414,no,0,,,0,,0,0,0,0,0,0,0,0,0,0,0,0,366392,0,0,,confirmed_binary_and_builder_logic,per_gcx_size_preserved; no record relocation
codec,1415,no,0,,,0,,0,0,0,0,0,0,0,0,0,0,0,0,366712,0,0,,confirmed_binary_and_builder_logic,per_gcx_size_preserved; no record relocation
codec,1416,no,0,,,0,,0,0,0,0,0,0,0,0,0,0,0,0,368880,0,0,,confirmed_binary_and_builder_logic,per_gcx_size_preserved; no record relocation
codec,1417,no,0,,,0,,0,0,0,0,0,0,0,0,0,0,0,0,369820,0,0,,confirmed_binary_and_builder_logic,per_gcx_size_preserved; no record relocation
codec,1418,no,0,,,0,,0,0,0,0,0,0,0,0,0,0,0,0,369820,0,0,,confirmed_binary_and_builder_logic,per_gcx_size_preserved; no record relocation
codec,1419,no,0,,,0,,0,0,0,0,0,0,0,0,0,0,0,0,369820,0,0,,confirmed_binary_and_builder_logic,per_gcx_size_preserved; no record relocation
codec,1420,no,0,,,0,,0,0,0,0,0,0,0,0,0,0,0,0,369820,0,0,,confirmed_binary_and_builder_logic,per_gcx_size_preserved; no record relocation
codec,1421,no,0,,,0,,0,0,0,0,0,0,0,0,0,0,0,0,369820,0,0,,confirmed_binary_and_builder_logic,per_gcx_size_preserved; no record relocation
codec,1422,no,0,,,0,,0,0,0,0,0,0,0,0,0,0,0,0,369820,0,0,,confirmed_binary_and_builder_logic,per_gcx_size_preserved; no record relocation
codec,1423,no,0,,,0,,0,0,0,0,0,0,0,0,0,0,0,0,369820,0,0,,confirmed_binary_and_builder_logic,per_gcx_size_preserved; no record relocation
codec,1424,no,0,,,0,,0,0,0,0,0,0,0,0,0,0,0,0,369820,0,0,,confirmed_binary_and_builder_logic,per_gcx_size_preserved; no record relocation
codec,1425,no,0,,,0,,0,0,0,0,0,0,0,0,0,0,0,0,369820,0,0,,confirmed_binary_and_builder_logic,per_gcx_size_preserved; no record relocation
codec,1426,no,0,,,0,,0,0,0,0,0,0,0,0,0,0,0,0,369820,0,0,,confirmed_binary_and_builder_logic,per_gcx_size_preserved; no record relocation
codec,1427,no,0,,,0,,0,0,0,0,0,0,0,0,0,0,0,0,369820,0,0,,confirmed_binary_and_builder_logic,per_gcx_size_preserved; no record relocation
codec,1428,no,0,,,0,,0,0,0,0,0,0,0,0,0,0,0,0,369820,0,0,,confirmed_binary_and_builder_logic,per_gcx_size_preserved; no record relocation
codec,1429,no,0,,,0,,0,0,0,0,0,0,0,0,0,0,0,0,369820,0,0,,confirmed_binary_and_builder_logic,per_gcx_size_preserved; no record relocation
codec,1430,no,0,,,0,,0,0,0,0,0,0,0,0,0,0,0,0,367512,0,0,,confirmed_binary_and_builder_logic,per_gcx_size_preserved; no record relocation
codec,1431,no,1,는능니다당발부상성심없위을이입조큰한합해험휘,는니다부상성심없위을이입조한해험,16,능당발큰합휘,6,384,0,0,0,0,0,0,6,384,7,7,368696,0,391,codec:1431:647,confirmed_binary_and_builder_logic,per_gcx_size_preserved; no record relocation
codec,1432,no,0,,,0,,0,0,0,0,0,0,0,0,0,0,0,0,367520,0,0,,confirmed_binary_and_builder_logic,per_gcx_size_preserved; no record relocation
codec,1433,no,0,,,0,,0,0,0,0,0,0,0,0,0,0,0,0,367968,0,0,,confirmed_binary_and_builder_logic,per_gcx_size_preserved; no record relocation
codec,1434,no,0,,,0,,0,0,0,0,0,0,0,0,0,0,0,0,366932,0,0,,confirmed_binary_and_builder_logic,per_gcx_size_preserved; no record relocation
codec,1435,no,0,,,0,,0,0,0,0,0,0,0,0,0,0,0,0,368144,0,0,,confirmed_binary_and_builder_logic,per_gcx_size_preserved; no record relocation
codec,1436,no,0,,,0,,0,0,0,0,0,0,0,0,0,0,0,0,368144,0,0,,confirmed_binary_and_builder_logic,per_gcx_size_preserved; no record relocation
codec,1437,no,0,,,0,,0,0,0,0,0,0,0,0,0,0,0,0,368144,0,0,,confirmed_binary_and_builder_logic,per_gcx_size_preserved; no record relocation
codec,1438,no,0,,,0,,0,0,0,0,0,0,0,0,0,0,0,0,368144,0,0,,confirmed_binary_and_builder_logic,per_gcx_size_preserved; no record relocation
codec,1439,no,0,,,0,,0,0,0,0,0,0,0,0,0,0,0,0,368144,0,0,,confirmed_binary_and_builder_logic,per_gcx_size_preserved; no record relocation
codec,1440,no,0,,,0,,0,0,0,0,0,0,0,0,0,0,0,0,368144,0,0,,confirmed_binary_and_builder_logic,per_gcx_size_preserved; no record relocation
codec,1441,no,0,,,0,,0,0,0,0,0,0,0,0,0,0,0,0,369096,0,0,,confirmed_binary_and_builder_logic,per_gcx_size_preserved; no record relocation
codec,1442,no,0,,,0,,0,0,0,0,0,0,0,0,0,0,0,0,369096,0,0,,confirmed_binary_and_builder_logic,per_gcx_size_preserved; no record relocation
codec,1443,no,0,,,0,,0,0,0,0,0,0,0,0,0,0,0,0,369096,0,0,,confirmed_binary_and_builder_logic,per_gcx_size_preserved; no record relocation
codec,1444,no,0,,,0,,0,0,0,0,0,0,0,0,0,0,0,0,369096,0,0,,confirmed_binary_and_builder_logic,per_gcx_size_preserved; no record relocation
codec,1445,no,0,,,0,,0,0,0,0,0,0,0,0,0,0,0,0,369096,0,0,,confirmed_binary_and_builder_logic,per_gcx_size_preserved; no record relocation
codec,1446,no,0,,,0,,0,0,0,0,0,0,0,0,0,0,0,0,369096,0,0,,confirmed_binary_and_builder_logic,per_gcx_size_preserved; no record relocation
codec,1447,no,0,,,0,,0,0,0,0,0,0,0,0,0,0,0,0,368004,0,0,,confirmed_binary_and_builder_logic,per_gcx_size_preserved; no record relocation
codec,1448,no,0,,,0,,0,0,0,0,0,0,0,0,0,0,0,0,367032,0,0,,confirmed_binary_and_builder_logic,per_gcx_size_preserved; no record relocation
codec,1449,no,1,다명백야한해,다명야한해,5,백,1,64,0,0,0,0,0,7,1,64,-7,0,3176,0,57,codec:1449:20,confirmed_binary_and_builder_logic,per_gcx_size_preserved; no record relocation
codec,1450,no,0,,,0,,0,0,0,0,0,0,0,0,0,0,0,0,2580,0,0,,confirmed_binary_and_builder_logic,per_gcx_size_preserved; no record relocation
codec,1451,no,0,,,0,,0,0,0,0,0,0,0,0,0,0,0,0,367592,0,0,,confirmed_binary_and_builder_logic,per_gcx_size_preserved; no record relocation
codec,1452,no,0,,,0,,0,0,0,0,0,0,0,0,0,0,0,0,366392,0,0,,confirmed_binary_and_builder_logic,per_gcx_size_preserved; no record relocation
codec,1453,no,0,,,0,,0,0,0,0,0,0,0,0,0,0,0,0,367288,0,0,,confirmed_binary_and_builder_logic,per_gcx_size_preserved; no record relocation
codec,1454,no,0,,,0,,0,0,0,0,0,0,0,0,0,0,0,0,369128,0,0,,confirmed_binary_and_builder_logic,per_gcx_size_preserved; no record relocation
codec,1455,no,0,,,0,,0,0,0,0,0,0,0,0,0,0,0,0,366636,0,0,,confirmed_binary_and_builder_logic,per_gcx_size_preserved; no record relocation
codec,1456,no,0,,,0,,0,0,0,0,0,0,0,0,0,0,0,0,366800,0,0,,confirmed_binary_and_builder_logic,per_gcx_size_preserved; no record relocation
codec,1457,no,0,,,0,,0,0,0,0,0,0,0,0,0,0,0,0,368328,0,0,,confirmed_binary_and_builder_logic,per_gcx_size_preserved; no record relocation
codec,1458,no,0,,,0,,0,0,0,0,0,0,0,0,0,0,0,0,367464,0,0,,confirmed_binary_and_builder_logic,per_gcx_size_preserved; no record relocation
codec,1459,no,0,,,0,,0,0,0,0,0,0,0,0,0,0,0,0,368548,0,0,,confirmed_binary_and_builder_logic,per_gcx_size_preserved; no record relocation
codec,1460,no,0,,,0,,0,0,0,0,0,0,0,0,0,0,0,0,2740,0,0,,confirmed_binary_and_builder_logic,per_gcx_size_preserved; no record relocation
codec,1461,no,0,,,0,,0,0,0,0,0,0,0,0,0,0,0,0,366768,0,0,,confirmed_binary_and_builder_logic,per_gcx_size_preserved; no record relocation
codec,1462,no,0,,,0,,0,0,0,0,0,0,0,0,0,0,0,0,2348,0,0,,confirmed_binary_and_builder_logic,per_gcx_size_preserved; no record relocation
codec,1463,no,0,,,0,,0,0,0,0,0,0,0,0,0,0,0,0,366936,0,0,,confirmed_binary_and_builder_logic,per_gcx_size_preserved; no record relocation
codec,1464,no,0,,,0,,0,0,0,0,0,0,0,0,0,0,0,0,366852,0,0,,confirmed_binary_and_builder_logic,per_gcx_size_preserved; no record relocation
codec,1465,no,1,가것경나니다로말수습실어열였은이있주출탈한,가것나니다로말수습어은이있한,14,경실열였주출탈,7,448,0,0,0,0,0,17,7,448,-17,0,367308,0,431,codec:1465:4526,confirmed_binary_and_builder_logic,per_gcx_size_preserved; no record relocation
codec,1466,no,0,,,0,,0,0,0,0,0,0,0,0,0,0,0,0,2756,0,0,,confirmed_binary_and_builder_logic,per_gcx_size_preserved; no record relocation
codec,1467,no,0,,,0,,0,0,0,0,0,0,0,0,0,0,0,0,367140,0,0,,confirmed_binary_and_builder_logic,per_gcx_size_preserved; no record relocation
codec,1468,no,0,,,0,,0,0,0,0,0,0,0,0,0,0,0,0,2324,0,0,,confirmed_binary_and_builder_logic,per_gcx_size_preserved; no record relocation
codec,1469,no,0,,,0,,0,0,0,0,0,0,0,0,0,0,0,0,2376,0,0,,confirmed_binary_and_builder_logic,per_gcx_size_preserved; no record relocation
codec,1470,no,0,,,0,,0,0,0,0,0,0,0,0,0,0,0,0,366628,0,0,,confirmed_binary_and_builder_logic,per_gcx_size_preserved; no record relocation
codec,1471,no,0,,,0,,0,0,0,0,0,0,0,0,0,0,0,0,367844,0,0,,confirmed_binary_and_builder_logic,per_gcx_size_preserved; no record relocation
codec,1472,no,0,,,0,,0,0,0,0,0,0,0,0,0,0,0,0,367056,0,0,,confirmed_binary_and_builder_logic,per_gcx_size_preserved; no record relocation
codec,1473,no,0,,,0,,0,0,0,0,0,0,0,0,0,0,0,0,367372,0,0,,confirmed_binary_and_builder_logic,per_gcx_size_preserved; no record relocation
codec,1474,no,0,,,0,,0,0,0,0,0,0,0,0,0,0,0,0,4076,0,0,,confirmed_binary_and_builder_logic,per_gcx_size_preserved; no record relocation
codec,1475,no,0,,,0,,0,0,0,0,0,0,0,0,0,0,0,0,2628,0,0,,confirmed_binary_and_builder_logic,per_gcx_size_preserved; no record relocation
codec,1476,no,0,,,0,,0,0,0,0,0,0,0,0,0,0,0,0,2616,0,0,,confirmed_binary_and_builder_logic,per_gcx_size_preserved; no record relocation
codec,1477,no,0,,,0,,0,0,0,0,0,0,0,0,0,0,0,0,4656,0,0,,confirmed_binary_and_builder_logic,per_gcx_size_preserved; no record relocation
codec,1478,no,0,,,0,,0,0,0,0,0,0,0,0,0,0,0,0,2288,0,0,,confirmed_binary_and_builder_logic,per_gcx_size_preserved; no record relocation
codec,1479,no,0,,,0,,0,0,0,0,0,0,0,0,0,0,0,0,2352,0,0,,confirmed_binary_and_builder_logic,per_gcx_size_preserved; no record relocation
codec,1480,no,0,,,0,,0,0,0,0,0,0,0,0,0,0,0,0,1860,0,0,,confirmed_binary_and_builder_logic,per_gcx_size_preserved; no record relocation
codec,1481,no,1,그나늪사아워은의주,그나사아은의,6,늪워주,3,192,0,0,0,0,0,19,3,192,-19,0,2300,0,173,codec:1481:10,confirmed_binary_and_builder_logic,per_gcx_size_preserved; no record relocation
codec,1482,no,0,,,0,,0,0,0,0,0,0,0,0,0,0,0,0,1644,0,0,,confirmed_binary_and_builder_logic,per_gcx_size_preserved; no record relocation
codec,1483,no,0,,,0,,0,0,0,0,0,0,0,0,0,0,0,0,1676,0,0,,confirmed_binary_and_builder_logic,per_gcx_size_preserved; no record relocation
codec,1484,no,0,,,0,,0,0,0,0,0,0,0,0,0,0,0,0,1644,0,0,,confirmed_binary_and_builder_logic,per_gcx_size_preserved; no record relocation
codec,1485,no,0,,,0,,0,0,0,0,0,0,0,0,0,0,0,0,1836,0,0,,confirmed_binary_and_builder_logic,per_gcx_size_preserved; no record relocation
codec,1486,no,0,,,0,,0,0,0,0,0,0,0,0,0,0,0,0,1632,0,0,,confirmed_binary_and_builder_logic,per_gcx_size_preserved; no record relocation
codec,1487,no,0,,,0,,0,0,0,0,0,0,0,0,0,0,0,0,1572,0,0,,confirmed_binary_and_builder_logic,per_gcx_size_preserved; no record relocation
codec,1488,no,0,,,0,,0,0,0,0,0,0,0,0,0,0,0,0,1708,0,0,,confirmed_binary_and_builder_logic,per_gcx_size_preserved; no record relocation
codec,1489,no,0,,,0,,0,0,0,0,0,0,0,0,0,0,0,0,1484,0,0,,confirmed_binary_and_builder_logic,per_gcx_size_preserved; no record relocation
codec,1490,no,7,그래아알,그래아알,4,,0,0,0,0,0,0,0,172,0,0,-172,0,2040,172,0,codec:1490:21|codec:1490:22|codec:1490:23|codec:1490:24|codec:1490:25|codec:1490:26|codec:1490:16,confirmed_binary_and_builder_logic,per_gcx_size_preserved; no record relocation
codec,1491,no,1,가금는닛떤싸어에운유인전제조,가금는어에유인제조,9,닛떤싸운전,5,320,0,0,0,0,0,21,5,320,-21,0,2648,0,299,codec:1491:10,confirmed_binary_and_builder_logic,per_gcx_size_preserved; no record relocation
codec,1492,no,0,,,0,,0,0,0,0,0,0,0,0,0,0,0,0,2264,0,0,,confirmed_binary_and_builder_logic,per_gcx_size_preserved; no record relocation
codec,1493,no,0,,,0,,0,0,0,0,0,0,0,0,0,0,0,0,1632,0,0,,confirmed_binary_and_builder_logic,per_gcx_size_preserved; no record relocation
codec,1494,no,0,,,0,,0,0,0,0,0,0,0,0,0,0,0,0,1588,0,0,,confirmed_binary_and_builder_logic,per_gcx_size_preserved; no record relocation
codec,1495,no,0,,,0,,0,0,0,0,0,0,0,0,0,0,0,0,1852,0,0,,confirmed_binary_and_builder_logic,per_gcx_size_preserved; no record relocation
codec,1496,no,4,,,0,,0,0,0,0,0,0,0,147,0,0,-147,0,1840,147,0,codec:1496:19|codec:1496:20|codec:1496:21|codec:1496:22,confirmed_binary_and_builder_logic,per_gcx_size_preserved; no record relocation
codec,1497,no,1,니다도셨습에좋착하,니다도습에좋하,7,셨착,2,128,0,0,0,0,0,0,2,128,6,6,2792,0,134,codec:1497:10,confirmed_binary_and_builder_logic,per_gcx_size_preserved; no record relocation
codec,1498,no,0,,,0,,0,0,0,0,0,0,0,0,0,0,0,0,1660,0,0,,confirmed_binary_and_builder_logic,per_gcx_size_preserved; no record relocation
codec,1499,no,0,,,0,,0,0,0,0,0,0,0,0,0,0,0,0,1596,0,0,,confirmed_binary_and_builder_logic,per_gcx_size_preserved; no record relocation
codec,1500,no,0,,,0,,0,0,0,0,0,0,0,0,0,0,0,0,1448,0,0,,confirmed_binary_and_builder_logic,per_gcx_size_preserved; no record relocation
codec,1501,no,0,,,0,,0,0,0,0,0,0,0,0,0,0,0,0,1508,0,0,,confirmed_binary_and_builder_logic,per_gcx_size_preserved; no record relocation
codec,1502,no,0,,,0,,0,0,0,0,0,0,0,0,0,0,0,0,1556,0,0,,confirmed_binary_and_builder_logic,per_gcx_size_preserved; no record relocation
codec,1503,no,0,,,0,,0,0,0,0,0,0,0,0,0,0,0,0,2440,0,0,,confirmed_binary_and_builder_logic,per_gcx_size_preserved; no record relocation
codec,1504,no,0,,,0,,0,0,0,0,0,0,0,0,0,0,0,0,1776,0,0,,confirmed_binary_and_builder_logic,per_gcx_size_preserved; no record relocation
codec,1505,no,0,,,0,,0,0,0,0,0,0,0,0,0,0,0,0,1488,0,0,,confirmed_binary_and_builder_logic,per_gcx_size_preserved; no record relocation
codec,1506,no,0,,,0,,0,0,0,0,0,0,0,0,0,0,0,0,1392,0,0,,confirmed_binary_and_builder_logic,per_gcx_size_preserved; no record relocation
codec,1507,no,0,,,0,,0,0,0,0,0,0,0,0,0,0,0,0,1588,0,0,,confirmed_binary_and_builder_logic,per_gcx_size_preserved; no record relocation
codec,1508,no,0,,,0,,0,0,0,0,0,0,0,0,0,0,0,0,2332,0,0,,confirmed_binary_and_builder_logic,per_gcx_size_preserved; no record relocation
codec,1509,no,3,니아어에음푸,니아어에음,5,푸,1,64,0,0,0,0,0,3,1,64,-3,2,2112,0,61,codec:1509:30|codec:1509:25|codec:1509:23,confirmed_binary_and_builder_logic,per_gcx_size_preserved; no record relocation
codec,1510,no,0,,,0,,0,0,0,0,0,0,0,0,0,0,0,0,1836,0,0,,confirmed_binary_and_builder_logic,per_gcx_size_preserved; no record relocation
codec,1511,no,0,,,0,,0,0,0,0,0,0,0,0,0,0,0,0,2008,0,0,,confirmed_binary_and_builder_logic,per_gcx_size_preserved; no record relocation
codec,1512,no,1,가로말야저출탈한,가로말야저한,6,출탈,2,128,0,0,0,0,0,29,2,128,-29,0,2272,0,99,codec:1512:10,confirmed_binary_and_builder_logic,per_gcx_size_preserved; no record relocation
codec,1513,no,0,,,0,,0,0,0,0,0,0,0,0,0,0,0,0,1628,0,0,,confirmed_binary_and_builder_logic,per_gcx_size_preserved; no record relocation
codec,1514,no,0,,,0,,0,0,0,0,0,0,0,0,0,0,0,0,1888,0,0,,confirmed_binary_and_builder_logic,per_gcx_size_preserved; no record relocation
codec,1515,no,0,,,0,,0,0,0,0,0,0,0,0,0,0,0,0,1604,0,0,,confirmed_binary_and_builder_logic,per_gcx_size_preserved; no record relocation
codec,1516,no,1,는들라령만명몰어의,는들라령만명어의,8,몰,1,64,0,0,0,0,0,19,1,64,-19,0,2644,0,45,codec:1516:14,confirmed_binary_and_builder_logic,per_gcx_size_preserved; no record relocation
codec,1517,no,0,,,0,,0,0,0,0,0,0,0,0,0,0,0,0,1668,0,0,,confirmed_binary_and_builder_logic,per_gcx_size_preserved; no record relocation
codec,1518,no,0,,,0,,0,0,0,0,0,0,0,0,0,0,0,0,1708,0,0,,confirmed_binary_and_builder_logic,per_gcx_size_preserved; no record relocation
codec,1519,no,0,,,0,,0,0,0,0,0,0,0,0,0,0,0,0,1560,0,0,,confirmed_binary_and_builder_logic,per_gcx_size_preserved; no record relocation
codec,1520,no,0,,,0,,0,0,0,0,0,0,0,0,0,0,0,0,1568,0,0,,confirmed_binary_and_builder_logic,per_gcx_size_preserved; no record relocation
codec,1521,no,0,,,0,,0,0,0,0,0,0,0,0,0,0,0,0,1712,0,0,,confirmed_binary_and_builder_logic,per_gcx_size_preserved; no record relocation
codec,1522,no,1,굴그니다동려로습알은있져,그니다려로습알은있,9,굴동져,3,192,0,0,0,0,0,0,3,192,6,6,2572,0,198,codec:1522:10,confirmed_binary_and_builder_logic,per_gcx_size_preserved; no record relocation
codec,1523,no,1,겼당를신어요이,를어요이,4,겼당신,3,192,0,0,0,0,0,0,3,192,9,9,2836,0,201,codec:1523:10,confirmed_binary_and_builder_logic,per_gcx_size_preserved; no record relocation
codec,1524,no,0,,,0,,0,0,0,0,0,0,0,0,0,0,0,0,1552,0,0,,confirmed_binary_and_builder_logic,per_gcx_size_preserved; no record relocation
codec,1525,no,0,,,0,,0,0,0,0,0,0,0,0,0,0,0,0,1680,0,0,,confirmed_binary_and_builder_logic,per_gcx_size_preserved; no record relocation
codec,1526,no,0,,,0,,0,0,0,0,0,0,0,0,0,0,0,0,2180,0,0,,confirmed_binary_and_builder_logic,per_gcx_size_preserved; no record relocation
codec,1527,no,1,,,0,,0,0,0,0,0,0,0,33,0,0,-33,0,1444,33,0,codec:1527:11,confirmed_binary_and_builder_logic,per_gcx_size_preserved; no record relocation
codec,1528,no,0,,,0,,0,0,0,0,0,0,0,0,0,0,0,0,1764,0,0,,confirmed_binary_and_builder_logic,per_gcx_size_preserved; no record relocation
codec,1529,no,0,,,0,,0,0,0,0,0,0,0,0,0,0,0,0,1876,0,0,,confirmed_binary_and_builder_logic,per_gcx_size_preserved; no record relocation
codec,1530,no,0,,,0,,0,0,0,0,0,0,0,0,0,0,0,0,1848,0,0,,confirmed_binary_and_builder_logic,per_gcx_size_preserved; no record relocation
codec,1531,no,1,북숲의쪽,숲의,2,북쪽,2,128,0,0,0,0,0,14,2,128,-14,0,2124,0,114,codec:1531:12,confirmed_binary_and_builder_logic,per_gcx_size_preserved; no record relocation
codec,1532,no,1,가로면북야으쪽,가로면야으,5,북쪽,2,128,0,0,0,0,0,14,2,128,-14,0,2248,0,114,codec:1532:10,confirmed_binary_and_builder_logic,per_gcx_size_preserved; no record relocation
codec,1533,no,0,,,0,,0,0,0,0,0,0,0,0,0,0,0,0,1512,0,0,,confirmed_binary_and_builder_logic,per_gcx_size_preserved; no record relocation
codec,1534,no,0,,,0,,0,0,0,0,0,0,0,0,0,0,0,0,1432,0,0,,confirmed_binary_and_builder_logic,per_gcx_size_preserved; no record relocation
codec,1535,no,0,,,0,,0,0,0,0,0,0,0,0,0,0,0,0,1412,0,0,,confirmed_binary_and_builder_logic,per_gcx_size_preserved; no record relocation
codec,1536,no,0,,,0,,0,0,0,0,0,0,0,0,0,0,0,0,1608,0,0,,confirmed_binary_and_builder_logic,per_gcx_size_preserved; no record relocation
codec,1537,no,0,,,0,,0,0,0,0,0,0,0,0,0,0,0,0,1756,0,0,,confirmed_binary_and_builder_logic,per_gcx_size_preserved; no record relocation
codec,1538,no,0,,,0,,0,0,0,0,0,0,0,0,0,0,0,0,1436,0,0,,confirmed_binary_and_builder_logic,per_gcx_size_preserved; no record relocation
codec,1539,no,0,,,0,,0,0,0,0,0,0,0,0,0,0,0,0,1700,0,0,,confirmed_binary_and_builder_logic,per_gcx_size_preserved; no record relocation
codec,1540,no,1,걸그런물어왜,그런물어왜,5,걸,1,64,0,0,0,0,0,11,1,64,-11,0,2344,0,53,codec:1540:15,confirmed_binary_and_builder_logic,per_gcx_size_preserved; no record relocation
codec,1541,no,0,,,0,,0,0,0,0,0,0,0,0,0,0,0,0,1948,0,0,,confirmed_binary_and_builder_logic,per_gcx_size_preserved; no record relocation
codec,1542,no,3,만시아잠좋,만시아좋,4,잠,1,64,0,0,0,0,0,155,1,64,-155,0,2264,91,0,codec:1542:25|codec:1542:26|codec:1542:39,confirmed_binary_and_builder_logic,per_gcx_size_preserved; no record relocation
codec,1543,no,9,가같군그네당래매상야연왜우인일정취한해향,가같군그네래상야왜우인일정한해,15,당매연취향,5,320,0,0,0,0,0,163,5,320,-163,1,3488,0,157,codec:1543:40|codec:1543:41|codec:1543:42|codec:1543:43|codec:1543:36|codec:1543:57|codec:1543:20|codec:1543:23|codec:1543:16,confirmed_binary_and_builder_logic,per_gcx_size_preserved; no record relocation
codec,1544,no,0,,,0,,0,0,0,0,0,0,0,0,0,0,0,0,2636,0,0,,confirmed_binary_and_builder_logic,per_gcx_size_preserved; no record relocation
codec,1545,no,0,,,0,,0,0,0,0,0,0,0,0,0,0,0,0,1664,0,0,,confirmed_binary_and_builder_logic,per_gcx_size_preserved; no record relocation
codec,1546,no,0,,,0,,0,0,0,0,0,0,0,0,0,0,0,0,1908,0,0,,confirmed_binary_and_builder_logic,per_gcx_size_preserved; no record relocation
codec,1547,no,0,,,0,,0,0,0,0,0,0,0,0,0,0,0,0,1580,0,0,,confirmed_binary_and_builder_logic,per_gcx_size_preserved; no record relocation
codec,1548,no,0,,,0,,0,0,0,0,0,0,0,0,0,0,0,0,1768,0,0,,confirmed_binary_and_builder_logic,per_gcx_size_preserved; no record relocation
codec,1549,no,0,,,0,,0,0,0,0,0,0,0,0,0,0,0,0,1800,0,0,,confirmed_binary_and_builder_logic,per_gcx_size_preserved; no record relocation
codec,1550,no,1,까때를을잡지,까때를을잡지,6,,0,0,0,0,0,0,0,0,0,0,0,0,2200,0,0,codec:1550:12,confirmed_binary_and_builder_logic,per_gcx_size_preserved; no record relocation
codec,1551,no,0,,,0,,0,0,0,0,0,0,0,0,0,0,0,0,1792,0,0,,confirmed_binary_and_builder_logic,per_gcx_size_preserved; no record relocation
codec,1552,no,0,,,0,,0,0,0,0,0,0,0,0,0,0,0,0,1464,0,0,,confirmed_binary_and_builder_logic,per_gcx_size_preserved; no record relocation
codec,1553,no,0,,,0,,0,0,0,0,0,0,0,0,0,0,0,0,2736,0,0,,confirmed_binary_and_builder_logic,per_gcx_size_preserved; no record relocation
codec,1554,no,0,,,0,,0,0,0,0,0,0,0,0,0,0,0,0,1532,0,0,,confirmed_binary_and_builder_logic,per_gcx_size_preserved; no record relocation
codec,1555,no,0,,,0,,0,0,0,0,0,0,0,0,0,0,0,0,1508,0,0,,confirmed_binary_and_builder_logic,per_gcx_size_preserved; no record relocation
codec,1556,no,0,,,0,,0,0,0,0,0,0,0,0,0,0,0,0,1508,0,0,,confirmed_binary_and_builder_logic,per_gcx_size_preserved; no record relocation
codec,1557,no,0,,,0,,0,0,0,0,0,0,0,0,0,0,0,0,1544,0,0,,confirmed_binary_and_builder_logic,per_gcx_size_preserved; no record relocation
codec,1558,no,0,,,0,,0,0,0,0,0,0,0,0,0,0,0,0,1576,0,0,,confirmed_binary_and_builder_logic,per_gcx_size_preserved; no record relocation
codec,1559,no,0,,,0,,0,0,0,0,0,0,0,0,0,0,0,0,1588,0,0,,confirmed_binary_and_builder_logic,per_gcx_size_preserved; no record relocation
codec,1560,no,0,,,0,,0,0,0,0,0,0,0,0,0,0,0,0,1564,0,0,,confirmed_binary_and_builder_logic,per_gcx_size_preserved; no record relocation
codec,1561,no,0,,,0,,0,0,0,0,0,0,0,0,0,0,0,0,1568,0,0,,confirmed_binary_and_builder_logic,per_gcx_size_preserved; no record relocation
codec,1562,no,0,,,0,,0,0,0,0,0,0,0,0,0,0,0,0,1636,0,0,,confirmed_binary_and_builder_logic,per_gcx_size_preserved; no record relocation
codec,1563,no,0,,,0,,0,0,0,0,0,0,0,0,0,0,0,0,1508,0,0,,confirmed_binary_and_builder_logic,per_gcx_size_preserved; no record relocation
codec,1564,no,0,,,0,,0,0,0,0,0,0,0,0,0,0,0,0,1540,0,0,,confirmed_binary_and_builder_logic,per_gcx_size_preserved; no record relocation
codec,1565,no,0,,,0,,0,0,0,0,0,0,0,0,0,0,0,0,1536,0,0,,confirmed_binary_and_builder_logic,per_gcx_size_preserved; no record relocation
codec,1566,no,0,,,0,,0,0,0,0,0,0,0,0,0,0,0,0,1636,0,0,,confirmed_binary_and_builder_logic,per_gcx_size_preserved; no record relocation
codec,1567,no,0,,,0,,0,0,0,0,0,0,0,0,0,0,0,0,1796,0,0,,confirmed_binary_and_builder_logic,per_gcx_size_preserved; no record relocation
codec,1568,no,3,가나데로문물뭔선우있제회,가나데로문물우있제,9,뭔선회,3,192,0,0,0,0,0,18,3,192,-18,0,2648,0,174,codec:1568:16|codec:1568:14|codec:1568:12,confirmed_binary_and_builder_logic,per_gcx_size_preserved; no record relocation
codec,1569,no,0,,,0,,0,0,0,0,0,0,0,0,0,0,0,0,1816,0,0,,confirmed_binary_and_builder_logic,per_gcx_size_preserved; no record relocation
codec,1570,no,0,,,0,,0,0,0,0,0,0,0,0,0,0,0,0,1968,0,0,,confirmed_binary_and_builder_logic,per_gcx_size_preserved; no record relocation
codec,1571,no,0,,,0,,0,0,0,0,0,0,0,0,0,0,0,0,1892,0,0,,confirmed_binary_and_builder_logic,per_gcx_size_preserved; no record relocation
codec,1572,no,6,걱날어정했,날어정,3,걱했,2,128,0,0,0,0,0,136,2,128,-136,0,2188,8,0,codec:1572:32|codec:1572:33|codec:1572:34|codec:1572:35|codec:1572:36|codec:1572:13,confirmed_binary_and_builder_logic,per_gcx_size_preserved; no record relocation
codec,1573,no,1,갈관권급들서수야어은이있한,들서수야어은이있한,9,갈관권급,4,256,0,0,0,0,0,50,4,256,-50,0,2632,0,206,codec:1573:11,confirmed_binary_and_builder_logic,per_gcx_size_preserved; no record relocation
codec,1574,no,0,,,0,,0,0,0,0,0,0,0,0,0,0,0,0,1580,0,0,,confirmed_binary_and_builder_logic,per_gcx_size_preserved; no record relocation
codec,1575,no,0,,,0,,0,0,0,0,0,0,0,0,0,0,0,0,1600,0,0,,confirmed_binary_and_builder_logic,per_gcx_size_preserved; no record relocation
codec,1576,no,0,,,0,,0,0,0,0,0,0,0,0,0,0,0,0,1576,0,0,,confirmed_binary_and_builder_logic,per_gcx_size_preserved; no record relocation
codec,1577,no,0,,,0,,0,0,0,0,0,0,0,0,0,0,0,0,1524,0,0,,confirmed_binary_and_builder_logic,per_gcx_size_preserved; no record relocation
codec,1578,no,1,말요정,말요정,3,,0,0,0,0,0,0,0,5,0,0,-5,0,3152,5,0,codec:1578:18,confirmed_binary_and_builder_logic,per_gcx_size_preserved; no record relocation
codec,1579,no,2,고그도보사을이진,고그도보사을이,7,진,1,64,0,0,0,0,0,30,1,64,-30,0,3032,0,34,codec:1579:23|codec:1579:63,confirmed_binary_and_builder_logic,per_gcx_size_preserved; no record relocation
codec,1580,no,3,,,0,,0,0,0,0,0,0,0,242,0,0,-242,0,2096,242,0,codec:1580:13|codec:1580:14|codec:1580:15,confirmed_binary_and_builder_logic,per_gcx_size_preserved; no record relocation
codec,1581,no,0,,,0,,0,0,0,0,0,0,0,0,0,0,0,0,2568,0,0,,confirmed_binary_and_builder_logic,per_gcx_size_preserved; no record relocation
codec,1582,no,2,그데런먹안어왜,그데런안어왜,6,먹,1,64,0,0,0,0,0,18,1,64,-18,0,3028,0,46,codec:1582:10|codec:1582:12,confirmed_binary_and_builder_logic,per_gcx_size_preserved; no record relocation
codec,1583,no,0,,,0,,0,0,0,0,0,0,0,0,0,0,0,0,1808,0,0,,confirmed_binary_and_builder_logic,per_gcx_size_preserved; no record relocation
codec,1584,no,0,,,0,,0,0,0,0,0,0,0,0,0,0,0,0,2092,0,0,,confirmed_binary_and_builder_logic,per_gcx_size_preserved; no record relocation
codec,1585,no,0,,,0,,0,0,0,0,0,0,0,0,0,0,0,0,1724,0,0,,confirmed_binary_and_builder_logic,per_gcx_size_preserved; no record relocation
codec,1586,no,3,건그날못뭘믿어왜저,건그날못믿어왜저,8,뭘,1,64,0,0,0,0,0,16,1,64,-16,0,2532,0,48,codec:1586:43|codec:1586:17|codec:1586:11,confirmed_binary_and_builder_logic,per_gcx_size_preserved; no record relocation
codec,1587,no,0,,,0,,0,0,0,0,0,0,0,0,0,0,0,0,2124,0,0,,confirmed_binary_and_builder_logic,per_gcx_size_preserved; no record relocation
codec,1588,no,0,,,0,,0,0,0,0,0,0,0,0,0,0,0,0,1936,0,0,,confirmed_binary_and_builder_logic,per_gcx_size_preserved; no record relocation
codec,1589,no,0,,,0,,0,0,0,0,0,0,0,0,0,0,0,0,1900,0,0,,confirmed_binary_and_builder_logic,per_gcx_size_preserved; no record relocation
codec,1590,no,0,,,0,,0,0,0,0,0,0,0,0,0,0,0,0,1744,0,0,,confirmed_binary_and_builder_logic,per_gcx_size_preserved; no record relocation
codec,1591,no,1,군네또요이,군네또요이,5,,0,0,0,0,0,0,0,9,0,0,-9,0,1892,9,0,codec:1591:11,confirmed_binary_and_builder_logic,per_gcx_size_preserved; no record relocation
codec,1592,no,0,,,0,,0,0,0,0,0,0,0,0,0,0,0,0,1768,0,0,,confirmed_binary_and_builder_logic,per_gcx_size_preserved; no record relocation
codec,1593,no,0,,,0,,0,0,0,0,0,0,0,0,0,0,0,0,1788,0,0,,confirmed_binary_and_builder_logic,per_gcx_size_preserved; no record relocation
codec,1594,no,0,,,0,,0,0,0,0,0,0,0,0,0,0,0,0,1640,0,0,,confirmed_binary_and_builder_logic,per_gcx_size_preserved; no record relocation
codec,1595,no,0,,,0,,0,0,0,0,0,0,0,0,0,0,0,0,1512,0,0,,confirmed_binary_and_builder_logic,per_gcx_size_preserved; no record relocation
codec,1596,no,0,,,0,,0,0,0,0,0,0,0,0,0,0,0,0,1800,0,0,,confirmed_binary_and_builder_logic,per_gcx_size_preserved; no record relocation
codec,1597,no,1,가고나배아어은작잖팠하,가고나아어은하,7,배작잖팠,4,256,0,0,0,0,0,38,4,256,-38,0,2792,0,218,codec:1597:20,confirmed_binary_and_builder_logic,per_gcx_size_preserved; no record relocation
codec,1598,no,1,야이,야이,2,,0,0,0,0,0,0,0,2,0,0,-2,0,1856,2,0,codec:1598:26,confirmed_binary_and_builder_logic,per_gcx_size_preserved; no record relocation
codec,1599,no,1,가그내랬어,가그내랬어,5,,0,0,0,0,0,0,0,0,0,0,1,1,1824,0,1,codec:1599:13,confirmed_binary_and_builder_logic,per_gcx_size_preserved; no record relocation
codec,1600,no,1,,,0,,0,0,0,0,0,0,0,4,0,0,-4,0,2120,4,0,codec:1600:11,confirmed_binary_and_builder_logic,per_gcx_size_preserved; no record relocation
codec,1601,no,2,가간거낭다될비시인,가간거다될시인,7,낭비,2,128,0,0,0,0,0,6,2,128,-6,0,2488,0,122,codec:1601:18|codec:1601:17,confirmed_binary_and_builder_logic,per_gcx_size_preserved; no record relocation
codec,1602,no,1,게됐떻어은,게됐떻어은,5,,0,0,0,0,0,0,0,3,0,0,-3,0,2228,3,0,codec:1602:10,confirmed_binary_and_builder_logic,per_gcx_size_preserved; no record relocation
codec,1603,no,1,게데서얻에은이터,게데서에은이터,7,얻,1,64,0,0,0,0,0,5,1,64,-5,0,2376,0,59,codec:1603:10,confirmed_binary_and_builder_logic,per_gcx_size_preserved; no record relocation
codec,1604,no,1,고사새와요을의진찍,고사와요을의,6,새진찍,3,192,0,0,0,0,0,33,3,192,-33,0,2520,0,159,codec:1604:12,confirmed_binary_and_builder_logic,per_gcx_size_preserved; no record relocation
codec,1605,no,0,,,0,,0,0,0,0,0,0,0,0,0,0,0,0,1988,0,0,,confirmed_binary_and_builder_logic,per_gcx_size_preserved; no record relocation
codec,1606,no,0,,,0,,0,0,0,0,0,0,0,0,0,0,0,0,1852,0,0,,confirmed_binary_and_builder_logic,per_gcx_size_preserved; no record relocation
codec,1607,no,1,가는로야이중,가는로야이,5,중,1,64,0,0,0,0,0,7,1,64,-7,0,1940,0,57,codec:1607:11,confirmed_binary_and_builder_logic,per_gcx_size_preserved; no record relocation
codec,1608,no,0,,,0,,0,0,0,0,0,0,0,0,0,0,0,0,2516,0,0,,confirmed_binary_and_builder_logic,per_gcx_size_preserved; no record relocation
codec,1609,no,0,,,0,,0,0,0,0,0,0,0,0,0,0,0,0,1784,0,0,,confirmed_binary_and_builder_logic,per_gcx_size_preserved; no record relocation
codec,1610,no,0,,,0,,0,0,0,0,0,0,0,0,0,0,0,0,2120,0,0,,confirmed_binary_and_builder_logic,per_gcx_size_preserved; no record relocation
codec,1611,no,0,,,0,,0,0,0,0,0,0,0,0,0,0,0,0,1604,0,0,,confirmed_binary_and_builder_logic,per_gcx_size_preserved; no record relocation
codec,1612,no,0,,,0,,0,0,0,0,0,0,0,0,0,0,0,0,2116,0,0,,confirmed_binary_and_builder_logic,per_gcx_size_preserved; no record relocation
codec,1613,no,1,는뜻라무새서야요운이,는뜻라무서야요이,8,새운,2,128,0,0,0,0,0,14,2,128,-14,0,3608,0,114,codec:1613:10,confirmed_binary_and_builder_logic,per_gcx_size_preserved; no record relocation
codec,1614,no,0,,,0,,0,0,0,0,0,0,0,0,0,0,0,0,2416,0,0,,confirmed_binary_and_builder_logic,per_gcx_size_preserved; no record relocation
codec,1615,no,0,,,0,,0,0,0,0,0,0,0,0,0,0,0,0,1732,0,0,,confirmed_binary_and_builder_logic,per_gcx_size_preserved; no record relocation
codec,1616,no,0,,,0,,0,0,0,0,0,0,0,0,0,0,0,0,2180,0,0,,confirmed_binary_and_builder_logic,per_gcx_size_preserved; no record relocation
codec,1617,no,0,,,0,,0,0,0,0,0,0,0,0,0,0,0,0,1792,0,0,,confirmed_binary_and_builder_logic,per_gcx_size_preserved; no record relocation
codec,1618,no,0,,,0,,0,0,0,0,0,0,0,0,0,0,0,0,1980,0,0,,confirmed_binary_and_builder_logic,per_gcx_size_preserved; no record relocation
codec,1619,no,0,,,0,,0,0,0,0,0,0,0,0,0,0,0,0,1612,0,0,,confirmed_binary_and_builder_logic,per_gcx_size_preserved; no record relocation
codec,1620,no,1,,,0,,0,0,0,0,0,0,0,77,0,0,-77,0,1684,77,0,codec:1620:12,confirmed_binary_and_builder_logic,per_gcx_size_preserved; no record relocation
codec,1621,no,0,,,0,,0,0,0,0,0,0,0,0,0,0,0,0,1852,0,0,,confirmed_binary_and_builder_logic,per_gcx_size_preserved; no record relocation
codec,1622,no,0,,,0,,0,0,0,0,0,0,0,0,0,0,0,0,1748,0,0,,confirmed_binary_and_builder_logic,per_gcx_size_preserved; no record relocation
codec,1623,no,1,랫비폼플행,행,1,랫비폼플,4,256,0,0,0,0,0,5,4,256,-5,0,1936,0,251,codec:1623:10,confirmed_binary_and_builder_logic,per_gcx_size_preserved; no record relocation
codec,1624,no,0,,,0,,0,0,0,0,0,0,0,0,0,0,0,0,2052,0,0,,confirmed_binary_and_builder_logic,per_gcx_size_preserved; no record relocation
codec,1625,no,1,군그렇,군그렇,3,,0,0,0,0,0,0,0,5,0,0,-5,0,2096,5,0,codec:1625:13,confirmed_binary_and_builder_logic,per_gcx_size_preserved; no record relocation
codec,1626,no,0,,,0,,0,0,0,0,0,0,0,0,0,0,0,0,1508,0,0,,confirmed_binary_and_builder_logic,per_gcx_size_preserved; no record relocation
codec,1627,no,0,,,0,,0,0,0,0,0,0,0,0,0,0,0,0,1560,0,0,,confirmed_binary_and_builder_logic,per_gcx_size_preserved; no record relocation
codec,1628,no,0,,,0,,0,0,0,0,0,0,0,0,0,0,0,0,1552,0,0,,confirmed_binary_and_builder_logic,per_gcx_size_preserved; no record relocation
codec,1629,no,0,,,0,,0,0,0,0,0,0,0,0,0,0,0,0,2080,0,0,,confirmed_binary_and_builder_logic,per_gcx_size_preserved; no record relocation
codec,1630,no,1,,,0,,0,0,0,0,0,0,0,61,0,0,-61,0,1884,61,0,codec:1630:15,confirmed_binary_and_builder_logic,per_gcx_size_preserved; no record relocation
codec,1631,no,0,,,0,,0,0,0,0,0,0,0,0,0,0,0,0,1804,0,0,,confirmed_binary_and_builder_logic,per_gcx_size_preserved; no record relocation
codec,1632,no,2,그러면어죠쩌허,그러면어,4,죠쩌허,3,192,0,0,0,0,0,0,3,192,0,2,2476,0,192,codec:1632:27|codec:1632:13,confirmed_binary_and_builder_logic,per_gcx_size_preserved; no record relocation
codec,1633,no,0,,,0,,0,0,0,0,0,0,0,0,0,0,0,0,1900,0,0,,confirmed_binary_and_builder_logic,per_gcx_size_preserved; no record relocation
codec,1634,no,0,,,0,,0,0,0,0,0,0,0,0,0,0,0,0,1812,0,0,,confirmed_binary_and_builder_logic,per_gcx_size_preserved; no record relocation
codec,1635,no,1,대부뽑서수야에예은정특,대부서수야에은정특,9,뽑예,2,128,0,0,0,0,0,44,2,128,-44,0,2616,0,84,codec:1635:10,confirmed_binary_and_builder_logic,per_gcx_size_preserved; no record relocation
codec,1636,no,0,,,0,,0,0,0,0,0,0,0,0,0,0,0,0,2052,0,0,,confirmed_binary_and_builder_logic,per_gcx_size_preserved; no record relocation
codec,1637,no,0,,,0,,0,0,0,0,0,0,0,0,0,0,0,0,1640,0,0,,confirmed_binary_and_builder_logic,per_gcx_size_preserved; no record relocation
codec,1638,no,0,,,0,,0,0,0,0,0,0,0,0,0,0,0,0,1860,0,0,,confirmed_binary_and_builder_logic,per_gcx_size_preserved; no record relocation
codec,1639,no,0,,,0,,0,0,0,0,0,0,0,0,0,0,0,0,1716,0,0,,confirmed_binary_and_builder_logic,per_gcx_size_preserved; no record relocation
codec,1640,no,0,,,0,,0,0,0,0,0,0,0,0,0,0,0,0,2352,0,0,,confirmed_binary_and_builder_logic,per_gcx_size_preserved; no record relocation
codec,1641,no,1,과도로변자장학해,도로자해,4,과변장학,4,256,0,0,0,0,0,28,4,256,-28,0,2208,0,228,codec:1641:10,confirmed_binary_and_builder_logic,per_gcx_size_preserved; no record relocation
codec,1642,no,0,,,0,,0,0,0,0,0,0,0,0,0,0,0,0,1792,0,0,,confirmed_binary_and_builder_logic,per_gcx_size_preserved; no record relocation
codec,1643,no,0,,,0,,0,0,0,0,0,0,0,0,0,0,0,0,2384,0,0,,confirmed_binary_and_builder_logic,per_gcx_size_preserved; no record relocation
codec,1644,no,0,,,0,,0,0,0,0,0,0,0,0,0,0,0,0,1672,0,0,,confirmed_binary_and_builder_logic,per_gcx_size_preserved; no record relocation
codec,1645,no,0,,,0,,0,0,0,0,0,0,0,0,0,0,0,0,1532,0,0,,confirmed_binary_and_builder_logic,per_gcx_size_preserved; no record relocation
codec,1646,no,0,,,0,,0,0,0,0,0,0,0,0,0,0,0,0,1536,0,0,,confirmed_binary_and_builder_logic,per_gcx_size_preserved; no record relocation
codec,1647,no,0,,,0,,0,0,0,0,0,0,0,0,0,0,0,0,1576,0,0,,confirmed_binary_and_builder_logic,per_gcx_size_preserved; no record relocation
codec,1648,no,0,,,0,,0,0,0,0,0,0,0,0,0,0,0,0,2012,0,0,,confirmed_binary_and_builder_logic,per_gcx_size_preserved; no record relocation
codec,1649,no,0,,,0,,0,0,0,0,0,0,0,0,0,0,0,0,2008,0,0,,confirmed_binary_and_builder_logic,per_gcx_size_preserved; no record relocation
codec,1650,no,0,,,0,,0,0,0,0,0,0,0,0,0,0,0,0,1628,0,0,,confirmed_binary_and_builder_logic,per_gcx_size_preserved; no record relocation
codec,1651,no,1,,,0,,0,0,0,0,0,0,0,130,0,0,-130,0,1740,130,0,codec:1651:11,confirmed_binary_and_builder_logic,per_gcx_size_preserved; no record relocation
codec,1652,no,0,,,0,,0,0,0,0,0,0,0,0,0,0,0,0,1592,0,0,,confirmed_binary_and_builder_logic,per_gcx_size_preserved; no record relocation
codec,1653,no,0,,,0,,0,0,0,0,0,0,0,0,0,0,0,0,2320,0,0,,confirmed_binary_and_builder_logic,per_gcx_size_preserved; no record relocation
codec,1654,no,0,,,0,,0,0,0,0,0,0,0,0,0,0,0,0,2212,0,0,,confirmed_binary_and_builder_logic,per_gcx_size_preserved; no record relocation
codec,1655,no,1,거는뭐야하,거는뭐야하,5,,0,0,0,0,0,0,0,6,0,0,-6,0,1900,6,0,codec:1655:10,confirmed_binary_and_builder_logic,per_gcx_size_preserved; no record relocation
codec,1656,no,1,로변어요장했,로어요,3,변장했,3,192,0,0,0,0,0,9,3,192,-9,0,2472,0,183,codec:1656:10,confirmed_binary_and_builder_logic,per_gcx_size_preserved; no record relocation
codec,1657,no,0,,,0,,0,0,0,0,0,0,0,0,0,0,0,0,1924,0,0,,confirmed_binary_and_builder_logic,per_gcx_size_preserved; no record relocation
codec,1658,no,0,,,0,,0,0,0,0,0,0,0,0,0,0,0,0,1620,0,0,,confirmed_binary_and_builder_logic,per_gcx_size_preserved; no record relocation
codec,1659,no,0,,,0,,0,0,0,0,0,0,0,0,0,0,0,0,1784,0,0,,confirmed_binary_and_builder_logic,per_gcx_size_preserved; no record relocation
codec,1660,no,0,,,0,,0,0,0,0,0,0,0,0,0,0,0,0,2108,0,0,,confirmed_binary_and_builder_logic,per_gcx_size_preserved; no record relocation
codec,1661,no,0,,,0,,0,0,0,0,0,0,0,0,0,0,0,0,2060,0,0,,confirmed_binary_and_builder_logic,per_gcx_size_preserved; no record relocation
codec,1662,no,0,,,0,,0,0,0,0,0,0,0,0,0,0,0,0,1480,0,0,,confirmed_binary_and_builder_logic,per_gcx_size_preserved; no record relocation
codec,1663,no,0,,,0,,0,0,0,0,0,0,0,0,0,0,0,0,1588,0,0,,confirmed_binary_and_builder_logic,per_gcx_size_preserved; no record relocation
codec,1664,no,1,,,0,,0,0,0,0,0,0,0,98,0,0,-98,0,1756,98,0,codec:1664:12,confirmed_binary_and_builder_logic,per_gcx_size_preserved; no record relocation
codec,1665,no,0,,,0,,0,0,0,0,0,0,0,0,0,0,0,0,1812,0,0,,confirmed_binary_and_builder_logic,per_gcx_size_preserved; no record relocation
codec,1666,no,0,,,0,,0,0,0,0,0,0,0,0,0,0,0,0,2268,0,0,,confirmed_binary_and_builder_logic,per_gcx_size_preserved; no record relocation
codec,1667,no,0,,,0,,0,0,0,0,0,0,0,0,0,0,0,0,2068,0,0,,confirmed_binary_and_builder_logic,per_gcx_size_preserved; no record relocation
codec,1668,no,1,가게문보서야열을인척초해,가게문보서야을인해,9,열척초,3,192,0,0,0,0,0,48,3,192,-48,0,2448,0,144,codec:1668:14,confirmed_binary_and_builder_logic,per_gcx_size_preserved; no record relocation
codec,1669,no,0,,,0,,0,0,0,0,0,0,0,0,0,0,0,0,1504,0,0,,confirmed_binary_and_builder_logic,per_gcx_size_preserved; no record relocation
codec,1670,no,0,,,0,,0,0,0,0,0,0,0,0,0,0,0,0,1500,0,0,,confirmed_binary_and_builder_logic,per_gcx_size_preserved; no record relocation
codec,1671,no,0,,,0,,0,0,0,0,0,0,0,0,0,0,0,0,1776,0,0,,confirmed_binary_and_builder_logic,per_gcx_size_preserved; no record relocation
codec,1672,no,0,,,0,,0,0,0,0,0,0,0,0,0,0,0,0,1552,0,0,,confirmed_binary_and_builder_logic,per_gcx_size_preserved; no record relocation
codec,1673,no,0,,,0,,0,0,0,0,0,0,0,0,0,0,0,0,1588,0,0,,confirmed_binary_and_builder_logic,per_gcx_size_preserved; no record relocation
codec,1674,no,2,그나네눈는데런은,그나네는데런은,7,눈,1,64,0,0,0,0,0,7,1,64,-7,2,3364,0,57,codec:1674:14|codec:1674:17,confirmed_binary_and_builder_logic,per_gcx_size_preserved; no record relocation
codec,1675,no,0,,,0,,0,0,0,0,0,0,0,0,0,0,0,0,1600,0,0,,confirmed_binary_and_builder_logic,per_gcx_size_preserved; no record relocation
codec,1676,no,2,군님다소식어요은이있좋행,군다소어요은이있좋행,10,님식,2,128,0,0,0,0,0,10,2,128,-10,0,2904,0,118,codec:1676:10|codec:1676:15,confirmed_binary_and_builder_logic,per_gcx_size_preserved; no record relocation
codec,1677,no,1,,,0,,0,0,0,0,0,0,0,75,0,0,-75,0,2084,75,0,codec:1677:13,confirmed_binary_and_builder_logic,per_gcx_size_preserved; no record relocation
codec,1678,no,0,,,0,,0,0,0,0,0,0,0,0,0,0,0,0,1600,0,0,,confirmed_binary_and_builder_logic,per_gcx_size_preserved; no record relocation
codec,1679,no,0,,,0,,0,0,0,0,0,0,0,0,0,0,0,0,1672,0,0,,confirmed_binary_and_builder_logic,per_gcx_size_preserved; no record relocation
codec,1680,no,0,,,0,,0,0,0,0,0,0,0,0,0,0,0,0,1500,0,0,,confirmed_binary_and_builder_logic,per_gcx_size_preserved; no record relocation
codec,1681,no,0,,,0,,0,0,0,0,0,0,0,0,0,0,0,0,1780,0,0,,confirmed_binary_and_builder_logic,per_gcx_size_preserved; no record relocation
codec,1682,no,0,,,0,,0,0,0,0,0,0,0,0,0,0,0,0,1536,0,0,,confirmed_binary_and_builder_logic,per_gcx_size_preserved; no record relocation
codec,1683,no,0,,,0,,0,0,0,0,0,0,0,0,0,0,0,0,1644,0,0,,confirmed_binary_and_builder_logic,per_gcx_size_preserved; no record relocation
codec,1684,no,0,,,0,,0,0,0,0,0,0,0,0,0,0,0,0,1452,0,0,,confirmed_binary_and_builder_logic,per_gcx_size_preserved; no record relocation
codec,1685,no,0,,,0,,0,0,0,0,0,0,0,0,0,0,0,0,1516,0,0,,confirmed_binary_and_builder_logic,per_gcx_size_preserved; no record relocation
codec,1686,no,0,,,0,,0,0,0,0,0,0,0,0,0,0,0,0,1560,0,0,,confirmed_binary_and_builder_logic,per_gcx_size_preserved; no record relocation
codec,1687,no,1,,,0,,0,0,0,0,0,0,0,92,0,0,-92,0,1636,92,0,codec:1687:11,confirmed_binary_and_builder_logic,per_gcx_size_preserved; no record relocation
codec,1688,no,1,수정주특파,수정특,3,주파,2,128,0,0,0,0,0,9,2,128,-9,0,2048,0,119,codec:1688:10,confirmed_binary_and_builder_logic,per_gcx_size_preserved; no record relocation
codec,1689,no,1,굉장해,해,1,굉장,2,128,0,0,0,0,0,4,2,128,-4,0,1836,0,124,codec:1689:18,confirmed_binary_and_builder_logic,per_gcx_size_preserved; no record relocation
codec,1690,no,1,문서앞에해,문서에해,4,앞,1,64,0,0,0,0,0,40,1,64,-40,0,1800,0,24,codec:1690:11,confirmed_binary_and_builder_logic,per_gcx_size_preserved; no record relocation
codec,1691,no,0,,,0,,0,0,0,0,0,0,0,0,0,0,0,0,1572,0,0,,confirmed_binary_and_builder_logic,per_gcx_size_preserved; no record relocation
codec,1692,no,0,,,0,,0,0,0,0,0,0,0,0,0,0,0,0,1524,0,0,,confirmed_binary_and_builder_logic,per_gcx_size_preserved; no record relocation
codec,1693,no,0,,,0,,0,0,0,0,0,0,0,0,0,0,0,0,1652,0,0,,confirmed_binary_and_builder_logic,per_gcx_size_preserved; no record relocation
codec,1694,no,3,그꿈나노도래럴있지,그나도래럴있지,7,꿈노,2,128,0,0,0,0,0,4,2,128,-4,1,4784,0,124,codec:1694:25|codec:1694:14|codec:1694:28,confirmed_binary_and_builder_logic,per_gcx_size_preserved; no record relocation
codec,1695,no,0,,,0,,0,0,0,0,0,0,0,0,0,0,0,0,2200,0,0,,confirmed_binary_and_builder_logic,per_gcx_size_preserved; no record relocation
codec,1696,no,0,,,0,,0,0,0,0,0,0,0,0,0,0,0,0,2036,0,0,,confirmed_binary_and_builder_logic,per_gcx_size_preserved; no record relocation
codec,1697,no,0,,,0,,0,0,0,0,0,0,0,0,0,0,0,0,1524,0,0,,confirmed_binary_and_builder_logic,per_gcx_size_preserved; no record relocation
codec,1698,no,0,,,0,,0,0,0,0,0,0,0,0,0,0,0,0,1612,0,0,,confirmed_binary_and_builder_logic,per_gcx_size_preserved; no record relocation
codec,1699,no,0,,,0,,0,0,0,0,0,0,0,0,0,0,0,0,2496,0,0,,confirmed_binary_and_builder_logic,per_gcx_size_preserved; no record relocation
codec,1700,no,1,가되두면모발이폭해,가되면이해,5,두모발폭,4,256,0,0,0,0,0,38,4,256,-38,0,2220,0,218,codec:1700:11,confirmed_binary_and_builder_logic,per_gcx_size_preserved; no record relocation
codec,1701,no,0,,,0,,0,0,0,0,0,0,0,0,0,0,0,0,1868,0,0,,confirmed_binary_and_builder_logic,per_gcx_size_preserved; no record relocation
codec,1702,no,0,,,0,,0,0,0,0,0,0,0,0,0,0,0,0,1768,0,0,,confirmed_binary_and_builder_logic,per_gcx_size_preserved; no record relocation
codec,1703,no,0,,,0,,0,0,0,0,0,0,0,0,0,0,0,0,2860,0,0,,confirmed_binary_and_builder_logic,per_gcx_size_preserved; no record relocation
codec,1704,no,0,,,0,,0,0,0,0,0,0,0,0,0,0,0,0,1500,0,0,,confirmed_binary_and_builder_logic,per_gcx_size_preserved; no record relocation
codec,1705,no,0,,,0,,0,0,0,0,0,0,0,0,0,0,0,0,1772,0,0,,confirmed_binary_and_builder_logic,per_gcx_size_preserved; no record relocation
codec,1706,no,2,계대리에우의출탈해획,계대리에우의해획,8,출탈,2,128,0,0,0,0,0,0,2,128,2,2,3432,0,130,codec:1706:12|codec:1706:29,confirmed_binary_and_builder_logic,per_gcx_size_preserved; no record relocation
codec,1707,no,1,게그뜻무슨어었이,게그뜻무슨어었이,8,,0,0,0,0,0,0,0,7,0,0,-7,0,3552,7,0,codec:1707:12,confirmed_binary_and_builder_logic,per_gcx_size_preserved; no record relocation
codec,1708,no,2,가당방신요은의,가방요은의,5,당신,2,128,0,0,0,0,0,0,2,128,9,9,2724,0,137,codec:1708:25|codec:1708:16,confirmed_binary_and_builder_logic,per_gcx_size_preserved; no record relocation
codec,1709,no,8,개는를수알어요웠있저키,개는를수알어요있저키,10,웠,1,64,0,0,0,0,0,369,1,64,-369,2,2844,305,0,codec:1709:26|codec:1709:27|codec:1709:28|codec:1709:29|codec:1709:30|codec:1709:32|codec:1709:12|codec:1709:14,confirmed_binary_and_builder_logic,per_gcx_size_preserved; no record relocation
codec,1710,no,1,각게떻생세어요하,게떻세어요하,6,각생,2,128,0,0,0,0,0,0,2,128,0,0,2728,0,128,codec:1710:11,confirmed_binary_and_builder_logic,per_gcx_size_preserved; no record relocation
codec,1711,no,4,가개구도리아알았어에있지,가개도리아알았어에있지,11,구,1,64,0,0,0,0,0,15,1,64,-15,4,2728,0,49,codec:1711:14|codec:1711:45|codec:1711:13|codec:1711:15,confirmed_binary_and_builder_logic,per_gcx_size_preserved; no record relocation
codec,1712,no,4,건굴그긴나는다떤럼른생야어얼없요이자잘,건그나는다야어없요이자잘,12,굴긴떤럼른생얼,7,448,0,0,0,0,0,19,7,448,-19,1,4164,0,429,codec:1712:12|codec:1712:10|codec:1712:13|codec:1712:23,confirmed_binary_and_builder_logic,per_gcx_size_preserved; no record relocation
codec,1713,no,4,가그나냥너는도력뿐사상심야였요위을의이일자폭하한,가그나는도사상심야요위을의이일자하한,18,냥너력뿐였폭,6,384,0,0,0,0,0,23,6,384,-23,0,3696,0,361,codec:1713:13|codec:1713:20|codec:1713:16|codec:1713:24,confirmed_binary_and_builder_logic,per_gcx_size_preserved; no record relocation
codec,1714,no,5,게계그기네다대라래러맡불선에여이지출탈해획,게계그기네다대라래러에여이지해획,16,맡불선출탈,5,320,0,0,0,0,0,29,5,320,-29,0,3448,0,291,codec:1714:10|codec:1714:20|codec:1714:36|codec:1714:13|codec:1714:12,confirmed_binary_and_builder_logic,per_gcx_size_preserved; no record relocation
codec,1715,no,4,거걸것고그까는니닙다단리말맞무살숲아엇왜은이입죠주지카틴학해,거것고그까는니다리말무숲아왜은이입지해,19,걸닙단맞살엇죠주카틴학,11,704,0,0,0,0,0,0,11,704,1,21,4348,0,705,codec:1715:15|codec:1715:11|codec:1715:19|codec:1715:17,confirmed_binary_and_builder_logic,per_gcx_size_preserved; no record relocation
codec,1716,no,0,,,0,,0,0,0,0,0,0,0,0,0,0,0,0,2400,0,0,,confirmed_binary_and_builder_logic,per_gcx_size_preserved; no record relocation
codec,1717,no,0,,,0,,0,0,0,0,0,0,0,0,0,0,0,0,1832,0,0,,confirmed_binary_and_builder_logic,per_gcx_size_preserved; no record relocation
codec,1718,no,0,,,0,,0,0,0,0,0,0,0,0,0,0,0,0,1568,0,0,,confirmed_binary_and_builder_logic,per_gcx_size_preserved; no record relocation
codec,1719,no,0,,,0,,0,0,0,0,0,0,0,0,0,0,0,0,1376,0,0,,confirmed_binary_and_builder_logic,per_gcx_size_preserved; no record relocation
codec,1720,no,0,,,0,,0,0,0,0,0,0,0,0,0,0,0,0,1440,0,0,,confirmed_binary_and_builder_logic,per_gcx_size_preserved; no record relocation
codec,1721,no,28,가그난니닌런말미아안어했,가그난니런말미아안어,10,닌했,2,128,0,0,0,0,0,752,2,128,-752,3,4588,624,0,codec:1721:74|codec:1721:75|codec:1721:76|codec:1721:77|codec:1721:78|codec:1721:79|codec:1721:80|codec:1721:81|codec:1721:82|codec:1721:83|codec:1721:84|codec:1721:85|codec:1721:86|codec:1721:87|codec:1721:88|codec:1721:89|codec:1721:90|codec:1721:91|codec:1721:93|codec:1721:94|codec:1721:95|codec:1721:96|codec:1721:97|codec:1721:98|codec:1721:73|codec:1721:42|codec:1721:26|codec:1721:49,confirmed_binary_and_builder_logic,per_gcx_size_preserved; no record relocation
codec,1722,no,0,,,0,,0,0,0,0,0,0,0,0,0,0,0,0,1516,0,0,,confirmed_binary_and_builder_logic,per_gcx_size_preserved; no record relocation
codec,1723,no,0,,,0,,0,0,0,0,0,0,0,0,0,0,0,0,1472,0,0,,confirmed_binary_and_builder_logic,per_gcx_size_preserved; no record relocation
codec,1724,no,0,,,0,,0,0,0,0,0,0,0,0,0,0,0,0,1488,0,0,,confirmed_binary_and_builder_logic,per_gcx_size_preserved; no record relocation
codec,1725,no,0,,,0,,0,0,0,0,0,0,0,0,0,0,0,0,1492,0,0,,confirmed_binary_and_builder_logic,per_gcx_size_preserved; no record relocation
codec,1726,no,0,,,0,,0,0,0,0,0,0,0,0,0,0,0,0,1508,0,0,,confirmed_binary_and_builder_logic,per_gcx_size_preserved; no record relocation
codec,1727,no,1167,가각같거걱것게겠격결계고곧곳공관군굴균그기깝꾼꿈꿰끔끝나난날났내너네녀는니님닙다달답대더도동되둘든들따때또라람랐래러런렇려령로론류르를름리마막만많말맞매머멀면모몸무문뭔바받방뱀별보복봐부북빠뿐사생서석설세속수스슨습시식신실심십써씬아안않알압았야양어억없었에엔여연열영오와완왔요용우웅유으은을의이인일있잊자잘장쟁적전접정져졌조종좋죠주중지직진쪽찰쳐총출타태터테통투특틈포픈하한할합해향형확훨흉흠히,가같거것게겠계고곳군그기깝나난날내네녀는니다대더도되둘들때또라람래러런렇려령로르를리마만말머면무문바방별보봐부사서석설세수스슨습시심아안않알았야어없었에엔여와왔요우유으은을의이인일있자잘적정조좋지태터특포하한할해히,107,각걱격결곧공관굴균꾼꿈꿰끔끝났너님닙달답동든따랐론류름막많맞매멀모몸뭔받뱀복북빠뿐생속식신실십써씬압양억연열영오완용웅잊장쟁전접져졌종죠주중직진쪽찰쳐총출타테통투틈픈합향형확훨흉흠,90,5760,0,0,0,0,0,58655,90,5760,-58655,56,139968,52895,0,codec:1727:596|codec:1727:597|codec:1727:598|codec:1727:599|codec:1727:600|codec:1727:601|codec:1727:602|codec:1727:603|codec:1727:604|codec:1727:605|codec:1727:606|codec:1727:607|codec:1727:609|codec:1727:610|codec:1727:612|codec:1727:613|codec:1727:614|codec:1727:615|codec:1727:616|codec:1727:617|codec:1727:618|codec:1727:619|codec:1727:620|codec:1727:621|codec:1727:622|codec:1727:623|codec:1727:624|codec:1727:625|codec:1727:626|codec:1727:627|codec:1727:628|codec:1727:629|codec:1727:630|codec:1727:631|codec:1727:632|codec:1727:633|codec:1727:634|codec:1727:635|codec:1727:636|codec:1727:637|codec:1727:638|codec:1727:639|codec:1727:640|codec:1727:641|codec:1727:642|codec:1727:643|codec:1727:644|codec:1727:645|codec:1727:646|codec:1727:647|codec:1727:648|codec:1727:649|codec:1727:650|codec:1727:651|codec:1727:652|codec:1727:653|codec:1727:654|codec:1727:655|codec:1727:656|codec:1727:657|codec:1727:658|codec:1727:659|codec:1727:660|codec:1727:661|codec:1727:662|codec:1727:663|codec:1727:664|codec:1727:665|codec:1727:666|codec:1727:667|codec:1727:668|codec:1727:669|codec:1727:670|codec:1727:671|codec:1727:672|codec:1727:673|codec:1727:674|codec:1727:675|codec:1727:676|codec:1727:677|codec:1727:678|codec:1727:679|codec:1727:680|codec:1727:681|codec:1727:682|codec:1727:683|codec:1727:684|codec:1727:685|codec:1727:686|codec:1727:687|codec:1727:688|codec:1727:689|codec:1727:690|codec:1727:691|codec:1727:692|codec:1727:693|codec:1727:694|codec:1727:695|codec:1727:696|codec:1727:697|codec:1727:698|codec:1727:699|codec:1727:700|codec:1727:701|codec:1727:702|codec:1727:703|codec:1727:704|codec:1727:705|codec:1727:706|codec:1727:707|codec:1727:709|codec:1727:710|codec:1727:711|codec:1727:712|codec:1727:713|codec:1727:714|codec:1727:715|codec:1727:716|codec:1727:717|codec:1727:718|codec:1727:719|codec:1727:720|codec:1727:721|codec:1727:722|codec:1727:723|codec:1727:724|codec:1727:725|codec:1727:726|codec:1727:727|codec:1727:728|codec:1727:729|codec:1727:730|codec:1727:731|codec:1727:732|codec:1727:733|codec:1727:734|codec:1727:735|codec:1727:736|codec:1727:737|codec:1727:738|codec:1727:739|codec:1727:740|codec:1727:741|codec:1727:743|codec:1727:744|codec:1727:745|codec:1727:746|codec:1727:747|codec:1727:748|codec:1727:749|codec:1727:750|codec:1727:751|codec:1727:752|codec:1727:753|codec:1727:754|codec:1727:755|codec:1727:756|codec:1727:757|codec:1727:758|codec:1727:759|codec:1727:760|codec:1727:761|codec:1727:762|codec:1727:763|codec:1727:764|codec:1727:765|codec:1727:766|codec:1727:767|codec:1727:768|codec:1727:769|codec:1727:770|codec:1727:771|codec:1727:772|codec:1727:773|codec:1727:774|codec:1727:775|codec:1727:776|codec:1727:777|codec:1727:778|codec:1727:779|codec:1727:780|codec:1727:781|codec:1727:782|codec:1727:783|codec:1727:784|codec:1727:785|codec:1727:786|codec:1727:787|codec:1727:788|codec:1727:789|codec:1727:790|codec:1727:791|codec:1727:793|codec:1727:794|codec:1727:795|codec:1727:796|codec:1727:797|codec:1727:798|codec:1727:799|codec:1727:800|codec:1727:801|codec:1727:802|codec:1727:803|codec:1727:804|codec:1727:805|codec:1727:806|codec:1727:807|codec:1727:808|codec:1727:809|codec:1727:810|codec:1727:811|codec:1727:812|codec:1727:813|codec:1727:814|codec:1727:815|codec:1727:816|codec:1727:817|codec:1727:818|codec:1727:819|codec:1727:820|codec:1727:821|codec:1727:822|codec:1727:823|codec:1727:824|codec:1727:825|codec:1727:826|codec:1727:827|codec:1727:828|codec:1727:829|codec:1727:830|codec:1727:831|codec:1727:832|codec:1727:833|codec:1727:834|codec:1727:837|codec:1727:838|codec:1727:839|codec:1727:840|codec:1727:842|codec:1727:843|codec:1727:844|codec:1727:846|codec:1727:848|codec:1727:849|codec:1727:850|codec:1727:854|codec:1727:856|codec:1727:858|codec:1727:861|codec:1727:862|codec:1727:863|codec:1727:864|codec:1727:865|codec:1727:866|codec:1727:867|codec:1727:869|codec:1727:870|codec:1727:871|codec:1727:872|codec:1727:873|codec:1727:874|codec:1727:875|codec:1727:876|codec:1727:877|codec:1727:878|codec:1727:879|codec:1727:880|codec:1727:881|codec:1727:882|codec:1727:883|codec:1727:884|codec:1727:885|codec:1727:886|codec:1727:887|codec:1727:888|codec:1727:889|codec:1727:890|codec:1727:891|codec:1727:892|codec:1727:893|codec:1727:894|codec:1727:895|codec:1727:896|codec:1727:897|codec:1727:898|codec:1727:899|codec:1727:900|codec:1727:901|codec:1727:902|codec:1727:903|codec:1727:904|codec:1727:905|codec:1727:906|codec:1727:907|codec:1727:908|codec:1727:909|codec:1727:910|codec:1727:911|codec:1727:912|codec:1727:913|codec:1727:914|codec:1727:915|codec:1727:916|codec:1727:917|codec:1727:918|codec:1727:919|codec:1727:920|codec:1727:921|codec:1727:922|codec:1727:923|codec:1727:924|codec:1727:925|codec:1727:926|codec:1727:927|codec:1727:928|codec:1727:929|codec:1727:930|codec:1727:931|codec:1727:932|codec:1727:933|codec:1727:934|codec:1727:935|codec:1727:936|codec:1727:937|codec:1727:938|codec:1727:939|codec:1727:940|codec:1727:941|codec:1727:942|codec:1727:943|codec:1727:944|codec:1727:945|codec:1727:946|codec:1727:947|codec:1727:948|codec:1727:949|codec:1727:950|codec:1727:951|codec:1727:952|codec:1727:953|codec:1727:954|codec:1727:955|codec:1727:956|codec:1727:957|codec:1727:958|codec:1727:959|codec:1727:960|codec:1727:961|codec:1727:962|codec:1727:963|codec:1727:964|codec:1727:965|codec:1727:966|codec:1727:967|codec:1727:968|codec:1727:969|codec:1727:970|codec:1727:971|codec:1727:972|codec:1727:974|codec:1727:975|codec:1727:976|codec:1727:977|codec:1727:978|codec:1727:979|codec:1727:980|codec:1727:981|codec:1727:982|codec:1727:983|codec:1727:984|codec:1727:985|codec:1727:986|codec:1727:987|codec:1727:988|codec:1727:989|codec:1727:990|codec:1727:991|codec:1727:992|codec:1727:993|codec:1727:994|codec:1727:995|codec:1727:996|codec:1727:997|codec:1727:998|codec:1727:999|codec:1727:1000|codec:1727:1001|codec:1727:1002|codec:1727:1003|codec:1727:1004|codec:1727:1005|codec:1727:1006|codec:1727:1007|codec:1727:1008|codec:1727:1009|codec:1727:1010|codec:1727:1011|codec:1727:1012|codec:1727:1013|codec:1727:1014|codec:1727:1015|codec:1727:1016|codec:1727:1017|codec:1727:1018|codec:1727:1019|codec:1727:1020|codec:1727:1021|codec:1727:1022|codec:1727:1023|codec:1727:1024|codec:1727:1025|codec:1727:1026|codec:1727:1027|codec:1727:1028|codec:1727:1029|codec:1727:1030|codec:1727:1031|codec:1727:1032|codec:1727:1033|codec:1727:1034|codec:1727:1035|codec:1727:1036|codec:1727:1037|codec:1727:1038|codec:1727:1039|codec:1727:1040|codec:1727:1041|codec:1727:1042|codec:1727:1043|codec:1727:1044|codec:1727:1045|codec:1727:1046|codec:1727:1047|codec:1727:1048|codec:1727:1049|codec:1727:1050|codec:1727:1051|codec:1727:1052|codec:1727:1053|codec:1727:1054|codec:1727:1055|codec:1727:1056|codec:1727:1057|codec:1727:1058|codec:1727:1059|codec:1727:1060|codec:1727:1061|codec:1727:1062|codec:1727:1063|codec:1727:1064|codec:1727:1065|codec:1727:1066|codec:1727:1067|codec:1727:1068|codec:1727:1069|codec:1727:1070|codec:1727:1071|codec:1727:1072|codec:1727:1073|codec:1727:1074|codec:1727:1075|codec:1727:1076|codec:1727:1077|codec:1727:1078|codec:1727:1079|codec:1727:1080|codec:1727:1081|codec:1727:1082|codec:1727:1083|codec:1727:1084|codec:1727:1085|codec:1727:1086|codec:1727:1087|codec:1727:1088|codec:1727:1089|codec:1727:1090|codec:1727:1091|codec:1727:1092|codec:1727:1093|codec:1727:1094|codec:1727:1095|codec:1727:1096|codec:1727:1097|codec:1727:1098|codec:1727:1099|codec:1727:1100|codec:1727:1101|codec:1727:1102|codec:1727:1103|codec:1727:1104|codec:1727:1105|codec:1727:1106|codec:1727:1107|codec:1727:1108|codec:1727:1109|codec:1727:1110|codec:1727:1111|codec:1727:1112|codec:1727:1113|codec:1727:1114|codec:1727:1115|codec:1727:1116|codec:1727:1117|codec:1727:1118|codec:1727:1119|codec:1727:1120|codec:1727:1121|codec:1727:1122|codec:1727:1123|codec:1727:1124|codec:1727:1125|codec:1727:1126|codec:1727:1127|codec:1727:1128|codec:1727:1129|codec:1727:1130|codec:1727:1131|codec:1727:1132|codec:1727:1133|codec:1727:1134|codec:1727:1135|codec:1727:1136|codec:1727:1137|codec:1727:1138|codec:1727:1139|codec:1727:1140|codec:1727:1141|codec:1727:1142|codec:1727:1143|codec:1727:1144|codec:1727:1145|codec:1727:1146|codec:1727:1147|codec:1727:1148|codec:1727:1149|codec:1727:1150|codec:1727:1151|codec:1727:1152|codec:1727:1153|codec:1727:1154|codec:1727:1155|codec:1727:1156|codec:1727:1157|codec:1727:1158|codec:1727:1159|codec:1727:1160|codec:1727:1161|codec:1727:1162|codec:1727:1163|codec:1727:1164|codec:1727:1165|codec:1727:1166|codec:1727:1167|codec:1727:1168|codec:1727:1169|codec:1727:1170|codec:1727:1171|codec:1727:1172|codec:1727:1173|codec:1727:1174|codec:1727:1175|codec:1727:1176|codec:1727:1177|codec:1727:1178|codec:1727:1179|codec:1727:1180|codec:1727:1181|codec:1727:1182|codec:1727:1183|codec:1727:1184|codec:1727:1185|codec:1727:1186|codec:1727:1187|codec:1727:1188|codec:1727:1189|codec:1727:1190|codec:1727:1191|codec:1727:1192|codec:1727:1193|codec:1727:1194|codec:1727:1195|codec:1727:1196|codec:1727:1197|codec:1727:1198|codec:1727:1199|codec:1727:1200|codec:1727:1201|codec:1727:1202|codec:1727:1203|codec:1727:1204|codec:1727:1205|codec:1727:1206|codec:1727:1207|codec:1727:1208|codec:1727:1209|codec:1727:1210|codec:1727:1211|codec:1727:1212|codec:1727:1213|codec:1727:1214|codec:1727:1215|codec:1727:1216|codec:1727:1217|codec:1727:1218|codec:1727:1219|codec:1727:1220|codec:1727:1221|codec:1727:1222|codec:1727:1223|codec:1727:1224|codec:1727:1225|codec:1727:1226|codec:1727:1227|codec:1727:1228|codec:1727:1229|codec:1727:1230|codec:1727:1231|codec:1727:1232|codec:1727:1233|codec:1727:1234|codec:1727:1235|codec:1727:1236|codec:1727:1237|codec:1727:1238|codec:1727:1239|codec:1727:1240|codec:1727:1241|codec:1727:1242|codec:1727:1243|codec:1727:1244|codec:1727:1245|codec:1727:1246|codec:1727:1247|codec:1727:1248|codec:1727:1249|codec:1727:1250|codec:1727:1251|codec:1727:1252|codec:1727:1253|codec:1727:1254|codec:1727:1255|codec:1727:1256|codec:1727:1257|codec:1727:1258|codec:1727:1259|codec:1727:1260|codec:1727:1261|codec:1727:1262|codec:1727:1263|codec:1727:1264|codec:1727:1265|codec:1727:1266|codec:1727:1267|codec:1727:1268|codec:1727:1269|codec:1727:1270|codec:1727:1271|codec:1727:1272|codec:1727:1273|codec:1727:1274|codec:1727:1275|codec:1727:1276|codec:1727:1277|codec:1727:1278|codec:1727:1279|codec:1727:1280|codec:1727:1281|codec:1727:1282|codec:1727:1283|codec:1727:1284|codec:1727:1285|codec:1727:1286|codec:1727:1287|codec:1727:1288|codec:1727:1289|codec:1727:1290|codec:1727:1291|codec:1727:1292|codec:1727:1293|codec:1727:1294|codec:1727:1295|codec:1727:1296|codec:1727:1297|codec:1727:1298|codec:1727:1299|codec:1727:1300|codec:1727:1301|codec:1727:1302|codec:1727:1303|codec:1727:1304|codec:1727:1305|codec:1727:1306|codec:1727:1307|codec:1727:1308|codec:1727:1309|codec:1727:1310|codec:1727:1311|codec:1727:1312|codec:1727:1313|codec:1727:1314|codec:1727:1315|codec:1727:1316|codec:1727:1317|codec:1727:1318|codec:1727:1319|codec:1727:1320|codec:1727:1321|codec:1727:1322|codec:1727:1323|codec:1727:1324|codec:1727:1325|codec:1727:1326|codec:1727:1327|codec:1727:1328|codec:1727:1329|codec:1727:1330|codec:1727:1331|codec:1727:1332|codec:1727:1333|codec:1727:1334|codec:1727:1335|codec:1727:1336|codec:1727:1337|codec:1727:1338|codec:1727:1339|codec:1727:1340|codec:1727:1341|codec:1727:1342|codec:1727:1343|codec:1727:1344|codec:1727:1345|codec:1727:1346|codec:1727:1347|codec:1727:1348|codec:1727:1349|codec:1727:1350|codec:1727:1351|codec:1727:1352|codec:1727:1353|codec:1727:1354|codec:1727:1355|codec:1727:1356|codec:1727:1357|codec:1727:1358|codec:1727:1359|codec:1727:1360|codec:1727:1361|codec:1727:1362|codec:1727:1363|codec:1727:1364|codec:1727:1365|codec:1727:1366|codec:1727:1367|codec:1727:1368|codec:1727:1369|codec:1727:1370|codec:1727:1371|codec:1727:1372|codec:1727:1373|codec:1727:1374|codec:1727:1375|codec:1727:1376|codec:1727:1377|codec:1727:1378|codec:1727:1379|codec:1727:1380|codec:1727:1381|codec:1727:1382|codec:1727:1383|codec:1727:1384|codec:1727:1385|codec:1727:1386|codec:1727:1387|codec:1727:1388|codec:1727:1389|codec:1727:1390|codec:1727:1391|codec:1727:1392|codec:1727:1393|codec:1727:1394|codec:1727:1395|codec:1727:1396|codec:1727:1397|codec:1727:1398|codec:1727:1399|codec:1727:1400|codec:1727:1401|codec:1727:1402|codec:1727:1403|codec:1727:1404|codec:1727:1405|codec:1727:1406|codec:1727:1407|codec:1727:1408|codec:1727:1409|codec:1727:1410|codec:1727:1411|codec:1727:1412|codec:1727:1413|codec:1727:1414|codec:1727:1415|codec:1727:1416|codec:1727:1417|codec:1727:1418|codec:1727:1419|codec:1727:1420|codec:1727:1421|codec:1727:1422|codec:1727:1423|codec:1727:1424|codec:1727:1425|codec:1727:1426|codec:1727:1427|codec:1727:1428|codec:1727:1429|codec:1727:1430|codec:1727:1431|codec:1727:1432|codec:1727:1433|codec:1727:1434|codec:1727:1435|codec:1727:1436|codec:1727:1437|codec:1727:1438|codec:1727:1439|codec:1727:1440|codec:1727:1441|codec:1727:1442|codec:1727:1443|codec:1727:1444|codec:1727:1445|codec:1727:1446|codec:1727:1447|codec:1727:1448|codec:1727:1449|codec:1727:1450|codec:1727:1451|codec:1727:1452|codec:1727:1453|codec:1727:1454|codec:1727:1455|codec:1727:1456|codec:1727:1457|codec:1727:1458|codec:1727:1459|codec:1727:1460|codec:1727:1461|codec:1727:1462|codec:1727:1463|codec:1727:1464|codec:1727:1465|codec:1727:1466|codec:1727:1467|codec:1727:1468|codec:1727:1469|codec:1727:1470|codec:1727:1471|codec:1727:1472|codec:1727:1473|codec:1727:1474|codec:1727:1475|codec:1727:1476|codec:1727:1477|codec:1727:1478|codec:1727:1479|codec:1727:1480|codec:1727:1481|codec:1727:1482|codec:1727:1483|codec:1727:1484|codec:1727:1485|codec:1727:1486|codec:1727:1487|codec:1727:1488|codec:1727:1489|codec:1727:1490|codec:1727:1491|codec:1727:1492|codec:1727:1493|codec:1727:1494|codec:1727:1495|codec:1727:1496|codec:1727:1497|codec:1727:1498|codec:1727:1499|codec:1727:1500|codec:1727:1501|codec:1727:1502|codec:1727:1503|codec:1727:1504|codec:1727:1505|codec:1727:1506|codec:1727:1507|codec:1727:1508|codec:1727:1509|codec:1727:1510|codec:1727:1511|codec:1727:1512|codec:1727:1513|codec:1727:1514|codec:1727:1515|codec:1727:1516|codec:1727:1517|codec:1727:1518|codec:1727:1519|codec:1727:1520|codec:1727:1521|codec:1727:1522|codec:1727:1523|codec:1727:1524|codec:1727:1525|codec:1727:1526|codec:1727:1527|codec:1727:1528|codec:1727:1529|codec:1727:1530|codec:1727:1531|codec:1727:1532|codec:1727:1533|codec:1727:1534|codec:1727:1535|codec:1727:1536|codec:1727:1537|codec:1727:1538|codec:1727:1539|codec:1727:1540|codec:1727:1541|codec:1727:1542|codec:1727:1543|codec:1727:1544|codec:1727:1545|codec:1727:1546|codec:1727:1547|codec:1727:1548|codec:1727:1549|codec:1727:1550|codec:1727:1551|codec:1727:1552|codec:1727:1553|codec:1727:1554|codec:1727:1555|codec:1727:1556|codec:1727:1557|codec:1727:1558|codec:1727:1559|codec:1727:1560|codec:1727:1562|codec:1727:1563|codec:1727:1564|codec:1727:1565|codec:1727:1566|codec:1727:1567|codec:1727:1568|codec:1727:1569|codec:1727:1570|codec:1727:1571|codec:1727:1572|codec:1727:1573|codec:1727:1574|codec:1727:1575|codec:1727:1576|codec:1727:1577|codec:1727:1578|codec:1727:1579|codec:1727:1580|codec:1727:1581|codec:1727:1582|codec:1727:1583|codec:1727:1584|codec:1727:1585|codec:1727:1586|codec:1727:1587|codec:1727:1588|codec:1727:1589|codec:1727:1590|codec:1727:1591|codec:1727:1592|codec:1727:1593|codec:1727:1594|codec:1727:1596|codec:1727:1597|codec:1727:1598|codec:1727:1599|codec:1727:1600|codec:1727:1601|codec:1727:1602|codec:1727:1603|codec:1727:1604|codec:1727:1605|codec:1727:1606|codec:1727:1607|codec:1727:1608|codec:1727:1609|codec:1727:1610|codec:1727:1611|codec:1727:1612|codec:1727:1613|codec:1727:1614|codec:1727:1615|codec:1727:1616|codec:1727:1617|codec:1727:1618|codec:1727:1619|codec:1727:1620|codec:1727:1621|codec:1727:1622|codec:1727:1623|codec:1727:1624|codec:1727:1625|codec:1727:1626|codec:1727:1627|codec:1727:1628|codec:1727:1629|codec:1727:1630|codec:1727:1631|codec:1727:1632|codec:1727:1633|codec:1727:1634|codec:1727:1635|codec:1727:1636|codec:1727:1637|codec:1727:1638|codec:1727:1639|codec:1727:1640|codec:1727:1641|codec:1727:1642|codec:1727:1643|codec:1727:1644|codec:1727:1645|codec:1727:1646|codec:1727:1647|codec:1727:1648|codec:1727:1649|codec:1727:1650|codec:1727:1651|codec:1727:1652|codec:1727:1653|codec:1727:1654|codec:1727:1655|codec:1727:1656|codec:1727:1657|codec:1727:1658|codec:1727:1659|codec:1727:1660|codec:1727:1661|codec:1727:1662|codec:1727:1663|codec:1727:1664|codec:1727:1665|codec:1727:1666|codec:1727:1667|codec:1727:1668|codec:1727:1669|codec:1727:1670|codec:1727:1671|codec:1727:1672|codec:1727:1673|codec:1727:1674|codec:1727:1675|codec:1727:1676|codec:1727:1677|codec:1727:1678|codec:1727:1679|codec:1727:1680|codec:1727:1681|codec:1727:1682|codec:1727:1683|codec:1727:1684|codec:1727:1685|codec:1727:1686|codec:1727:1687|codec:1727:1688|codec:1727:1689|codec:1727:1690|codec:1727:1691|codec:1727:1692|codec:1727:1693|codec:1727:1694|codec:1727:1695|codec:1727:1696|codec:1727:1697|codec:1727:1698|codec:1727:1699|codec:1727:1700|codec:1727:1701|codec:1727:1702|codec:1727:1703|codec:1727:1704|codec:1727:1705|codec:1727:1706|codec:1727:1707|codec:1727:1708|codec:1727:1709|codec:1727:1710|codec:1727:1711|codec:1727:1712|codec:1727:1713|codec:1727:1714|codec:1727:1715|codec:1727:1716|codec:1727:1717|codec:1727:1718|codec:1727:1719|codec:1727:1720|codec:1727:1721|codec:1727:1722|codec:1727:1723|codec:1727:1724|codec:1727:1725|codec:1727:1726|codec:1727:1727|codec:1727:1728|codec:1727:1729|codec:1727:1730|codec:1727:1731|codec:1727:1732|codec:1727:1733|codec:1727:1734|codec:1727:1735|codec:1727:1736|codec:1727:1737|codec:1727:1738|codec:1727:1739|codec:1727:1740|codec:1727:1741|codec:1727:1743|codec:1727:595|codec:1727:44|codec:1727:1852|codec:1727:852|codec:1727:853|codec:1727:1742|codec:1727:1807|codec:1727:2448|codec:1727:742|codec:1727:174|codec:1727:857|codec:1727:562|codec:1727:402|codec:1727:845|codec:1727:125|codec:1727:868|codec:1727:1838|codec:1727:859|codec:1727:608|codec:1727:611|codec:1727:1826|codec:1727:1595|codec:1727:860|codec:1727:2567|codec:1727:2405|codec:1727:973|codec:1727:120|codec:1727:2206|codec:1727:835|codec:1727:836|codec:1727:495|codec:1727:1744|codec:1727:792|codec:1727:855|codec:1727:851|codec:1727:56|codec:1727:514|codec:1727:1850|codec:1727:445|codec:1727:841|codec:1727:847,confirmed_binary_and_builder_logic,per_gcx_size_preserved; no record relocation
codec,1728,no,0,,,0,,0,0,0,0,0,0,0,0,0,0,0,0,139968,0,0,,confirmed_binary_and_builder_logic,per_gcx_size_preserved; no record relocation
codec,1729,no,1,래클퍼,래,1,클퍼,2,128,0,0,0,0,0,2,2,128,-2,0,141628,0,126,codec:1729:59,confirmed_binary_and_builder_logic,per_gcx_size_preserved; no record relocation
codec,1730,no,0,,,0,,0,0,0,0,0,0,0,0,0,0,0,0,141628,0,0,,confirmed_binary_and_builder_logic,per_gcx_size_preserved; no record relocation
codec,1731,no,0,,,0,,0,0,0,0,0,0,0,0,0,0,0,0,141352,0,0,,confirmed_binary_and_builder_logic,per_gcx_size_preserved; no record relocation
codec,1732,no,0,,,0,,0,0,0,0,0,0,0,0,0,0,0,0,141352,0,0,,confirmed_binary_and_builder_logic,per_gcx_size_preserved; no record relocation
codec,1733,no,0,,,0,,0,0,0,0,0,0,0,0,0,0,0,0,141352,0,0,,confirmed_binary_and_builder_logic,per_gcx_size_preserved; no record relocation
codec,1734,no,0,,,0,,0,0,0,0,0,0,0,0,0,0,0,0,141352,0,0,,confirmed_binary_and_builder_logic,per_gcx_size_preserved; no record relocation
codec,1735,no,0,,,0,,0,0,0,0,0,0,0,0,0,0,0,0,141860,0,0,,confirmed_binary_and_builder_logic,per_gcx_size_preserved; no record relocation
codec,1736,no,0,,,0,,0,0,0,0,0,0,0,0,0,0,0,0,141116,0,0,,confirmed_binary_and_builder_logic,per_gcx_size_preserved; no record relocation
codec,1737,no,1,굴끝는대동로반수에있편,는대로수에있편,7,굴끝동반,4,256,0,0,0,0,0,12,4,256,-12,0,141268,0,244,codec:1737:2181,confirmed_binary_and_builder_logic,per_gcx_size_preserved; no record relocation
codec,1738,no,0,,,0,,0,0,0,0,0,0,0,0,0,0,0,0,140380,0,0,,confirmed_binary_and_builder_logic,per_gcx_size_preserved; no record relocation
codec,1739,no,0,,,0,,0,0,0,0,0,0,0,0,0,0,0,0,141180,0,0,,confirmed_binary_and_builder_logic,per_gcx_size_preserved; no record relocation
codec,1740,no,1,깐잠,,0,깐잠,2,128,0,0,0,0,0,14,2,128,-14,0,140708,0,114,codec:1740:1985,confirmed_binary_and_builder_logic,per_gcx_size_preserved; no record relocation
codec,1741,no,0,,,0,,0,0,0,0,0,0,0,0,0,0,0,0,140708,0,0,,confirmed_binary_and_builder_logic,per_gcx_size_preserved; no record relocation
codec,1742,no,0,,,0,,0,0,0,0,0,0,0,0,0,0,0,0,140708,0,0,,confirmed_binary_and_builder_logic,per_gcx_size_preserved; no record relocation
codec,1743,no,0,,,0,,0,0,0,0,0,0,0,0,0,0,0,0,140708,0,0,,confirmed_binary_and_builder_logic,per_gcx_size_preserved; no record relocation
codec,1744,no,0,,,0,,0,0,0,0,0,0,0,0,0,0,0,0,140588,0,0,,confirmed_binary_and_builder_logic,per_gcx_size_preserved; no record relocation
codec,1745,no,0,,,0,,0,0,0,0,0,0,0,0,0,0,0,0,140588,0,0,,confirmed_binary_and_builder_logic,per_gcx_size_preserved; no record relocation
codec,1746,no,0,,,0,,0,0,0,0,0,0,0,0,0,0,0,0,140588,0,0,,confirmed_binary_and_builder_logic,per_gcx_size_preserved; no record relocation
codec,1747,no,0,,,0,,0,0,0,0,0,0,0,0,0,0,0,0,140588,0,0,,confirmed_binary_and_builder_logic,per_gcx_size_preserved; no record relocation
codec,1748,no,0,,,0,,0,0,0,0,0,0,0,0,0,0,0,0,1976,0,0,,confirmed_binary_and_builder_logic,per_gcx_size_preserved; no record relocation
codec,1749,no,0,,,0,,0,0,0,0,0,0,0,0,0,0,0,0,140684,0,0,,confirmed_binary_and_builder_logic,per_gcx_size_preserved; no record relocation
codec,1750,no,0,,,0,,0,0,0,0,0,0,0,0,0,0,0,0,140256,0,0,,confirmed_binary_and_builder_logic,per_gcx_size_preserved; no record relocation
codec,1751,no,0,,,0,,0,0,0,0,0,0,0,0,0,0,0,0,141460,0,0,,confirmed_binary_and_builder_logic,per_gcx_size_preserved; no record relocation
codec,1752,no,0,,,0,,0,0,0,0,0,0,0,0,0,0,0,0,2848,0,0,,confirmed_binary_and_builder_logic,per_gcx_size_preserved; no record relocation
codec,1753,no,30,,,0,,0,0,0,0,0,0,0,1523,0,0,-1523,0,14864,1523,0,codec:1753:21|codec:1753:22|codec:1753:23|codec:1753:24|codec:1753:25|codec:1753:26|codec:1753:30|codec:1753:31|codec:1753:32|codec:1753:33|codec:1753:34|codec:1753:35|codec:1753:36|codec:1753:37|codec:1753:38|codec:1753:39|codec:1753:40|codec:1753:46|codec:1753:47|codec:1753:48|codec:1753:54|codec:1753:55|codec:1753:66|codec:1753:67|codec:1753:69|codec:1753:70|codec:1753:71|codec:1753:73|codec:1753:74|codec:1753:75,confirmed_binary_and_builder_logic,per_gcx_size_preserved; no record relocation
codec,1754,no,5,가갔거공기네는능니다대됐둘러렸로를리무발버분불사서아안알야어와으은을이잃장정제조좋죠찰폭하해,가거기네는니다대됐둘러로를리무버분사서아안알야어와으은을이정제조좋하해,35,갔공능렸발불잃장죠찰폭,11,704,0,0,0,0,0,135,11,704,-135,0,5764,0,569,codec:1754:50|codec:1754:29|codec:1754:21|codec:1754:23|codec:1754:30,confirmed_binary_and_builder_logic,per_gcx_size_preserved; no record relocation
codec,1755,no,1,그녀말맞아이자좀,그녀말아이자,6,맞좀,2,128,0,0,0,0,0,17,2,128,-17,0,2936,0,111,codec:1755:10,confirmed_binary_and_builder_logic,per_gcx_size_preserved; no record relocation
codec,1756,no,0,,,0,,0,0,0,0,0,0,0,0,0,0,0,0,7132,0,0,,confirmed_binary_and_builder_logic,per_gcx_size_preserved; no record relocation
codec,1757,no,54,가걱게그내낼는니다당동들뜻를마뭔세습아않알았요은이작정좋죽즉지키하해,가게그내는니다들뜻를마세습아않알았요은이정좋죽지키하해,27,걱낼당동뭔작즉,7,448,0,0,0,0,0,2518,7,448,-2518,14,5004,2070,0,codec:1757:19|codec:1757:20|codec:1757:21|codec:1757:22|codec:1757:23|codec:1757:24|codec:1757:25|codec:1757:26|codec:1757:27|codec:1757:28|codec:1757:29|codec:1757:30|codec:1757:31|codec:1757:34|codec:1757:35|codec:1757:36|codec:1757:37|codec:1757:38|codec:1757:39|codec:1757:40|codec:1757:41|codec:1757:42|codec:1757:43|codec:1757:44|codec:1757:45|codec:1757:46|codec:1757:47|codec:1757:48|codec:1757:49|codec:1757:50|codec:1757:51|codec:1757:52|codec:1757:53|codec:1757:54|codec:1757:55|codec:1757:56|codec:1757:57|codec:1757:58|codec:1757:59|codec:1757:60|codec:1757:61|codec:1757:62|codec:1757:63|codec:1757:64|codec:1757:65|codec:1757:66|codec:1757:67|codec:1757:68|codec:1757:69|codec:1757:70|codec:1757:72|codec:1757:33|codec:1757:15|codec:1757:32,confirmed_binary_and_builder_logic,per_gcx_size_preserved; no record relocation
codec,1758,no,0,,,0,,0,0,0,0,0,0,0,0,0,0,0,0,1732,0,0,,confirmed_binary_and_builder_logic,per_gcx_size_preserved; no record relocation
codec,1759,no,2,,,0,,0,0,0,0,0,0,0,147,0,0,-147,0,3076,147,0,codec:1759:23|codec:1759:24,confirmed_binary_and_builder_logic,per_gcx_size_preserved; no record relocation
codec,1760,no,0,,,0,,0,0,0,0,0,0,0,0,0,0,0,0,2104,0,0,,confirmed_binary_and_builder_logic,per_gcx_size_preserved; no record relocation
codec,1761,no,1,거그기나다릴서소야에장중하,거그기나다서소야에하,10,릴장중,3,192,0,0,0,0,0,26,3,192,-26,0,4492,0,166,codec:1761:16,confirmed_binary_and_builder_logic,per_gcx_size_preserved; no record relocation
codec,1762,no,2,그네는니다렇습어었죽,그네는니다렇습어었죽,10,,0,0,0,0,0,0,0,0,0,0,5,5,5136,0,5,codec:1762:53|codec:1762:25,confirmed_binary_and_builder_logic,per_gcx_size_preserved; no record relocation
codec,1763,no,10,가갈거곧그나래리빠빨수야어없올전져체,가거그나래리수야어없올,11,갈곧빠빨전져체,7,448,0,0,0,0,0,409,7,448,-409,0,4196,0,39,codec:1763:66|codec:1763:67|codec:1763:68|codec:1763:69|codec:1763:70|codec:1763:71|codec:1763:72|codec:1763:30|codec:1763:20|codec:1763:22,confirmed_binary_and_builder_logic,per_gcx_size_preserved; no record relocation
codec,1764,no,64,가것게고괜구그날났는능니다당던됐들뛰람력련를리만매면뭘발번벽별빼뻔사서소습시신아알야어었에연였영요은을음이인일있적절죽지진찮큰특한했활히,가것게고그날는니다됐들람를리만면번별사서소습시아알야어었에요은을음이인일있적절죽지특한히,44,괜구났능당던뛰력련매뭘발벽빼뻔신연였영진찮큰했활,24,1536,0,0,0,0,0,3556,24,1536,-3556,22,9240,2020,0,codec:1764:49|codec:1764:50|codec:1764:51|codec:1764:52|codec:1764:53|codec:1764:54|codec:1764:55|codec:1764:56|codec:1764:58|codec:1764:59|codec:1764:60|codec:1764:61|codec:1764:62|codec:1764:63|codec:1764:64|codec:1764:65|codec:1764:66|codec:1764:67|codec:1764:68|codec:1764:69|codec:1764:70|codec:1764:71|codec:1764:72|codec:1764:73|codec:1764:74|codec:1764:75|codec:1764:77|codec:1764:78|codec:1764:79|codec:1764:80|codec:1764:81|codec:1764:82|codec:1764:83|codec:1764:84|codec:1764:85|codec:1764:86|codec:1764:87|codec:1764:88|codec:1764:89|codec:1764:90|codec:1764:91|codec:1764:92|codec:1764:93|codec:1764:94|codec:1764:95|codec:1764:96|codec:1764:97|codec:1764:98|codec:1764:99|codec:1764:100|codec:1764:101|codec:1764:102|codec:1764:103|codec:1764:105|codec:1764:106|codec:1764:44|codec:1764:43|codec:1764:108|codec:1764:48|codec:1764:33|codec:1764:104|codec:1764:24|codec:1764:32|codec:1764:76,confirmed_binary_and_builder_logic,per_gcx_size_preserved; no record relocation
codec,1765,no,2,걱괜디락아어없연이정찮했,디아어없이정,6,걱괜락연찮했,6,384,0,0,0,0,0,26,6,384,-26,0,2960,0,358,codec:1765:35|codec:1765:11,confirmed_binary_and_builder_logic,per_gcx_size_preserved; no record relocation
codec,1766,no,0,,,0,,0,0,0,0,0,0,0,0,0,0,0,0,1768,0,0,,confirmed_binary_and_builder_logic,per_gcx_size_preserved; no record relocation
codec,1767,no,0,,,0,,0,0,0,0,0,0,0,0,0,0,0,0,1584,0,0,,confirmed_binary_and_builder_logic,per_gcx_size_preserved; no record relocation
codec,1768,no,0,,,0,,0,0,0,0,0,0,0,0,0,0,0,0,5152,0,0,,confirmed_binary_and_builder_logic,per_gcx_size_preserved; no record relocation
codec,1769,no,1,가그기래어여있,가그기래어여있,7,,0,0,0,0,0,0,0,2,0,0,-2,0,6224,2,0,codec:1769:25,confirmed_binary_and_builder_logic,per_gcx_size_preserved; no record relocation
codec,1770,no,0,,,0,,0,0,0,0,0,0,0,0,0,0,0,0,2076,0,0,,confirmed_binary_and_builder_logic,per_gcx_size_preserved; no record relocation
codec,1771,no,2,개게다를머설아약에이전좋치타폭할,개게다를머설아에이좋할,11,약전치타폭,5,320,0,0,0,0,0,47,5,320,-47,0,3204,0,273,codec:1771:18|codec:1771:12,confirmed_binary_and_builder_logic,per_gcx_size_preserved; no record relocation
codec,1772,no,0,,,0,,0,0,0,0,0,0,0,0,0,0,0,0,1624,0,0,,confirmed_binary_and_builder_logic,per_gcx_size_preserved; no record relocation
codec,1773,no,0,,,0,,0,0,0,0,0,0,0,0,0,0,0,0,1624,0,0,,confirmed_binary_and_builder_logic,per_gcx_size_preserved; no record relocation
codec,1774,no,0,,,0,,0,0,0,0,0,0,0,0,0,0,0,0,1628,0,0,,confirmed_binary_and_builder_logic,per_gcx_size_preserved; no record relocation
codec,1775,no,0,,,0,,0,0,0,0,0,0,0,0,0,0,0,0,1628,0,0,,confirmed_binary_and_builder_logic,per_gcx_size_preserved; no record relocation
codec,1776,no,0,,,0,,0,0,0,0,0,0,0,0,0,0,0,0,1628,0,0,,confirmed_binary_and_builder_logic,per_gcx_size_preserved; no record relocation
codec,1777,no,1,는다믿,는다믿,3,,0,0,0,0,0,0,0,9,0,0,-9,0,3852,9,0,codec:1777:29,confirmed_binary_and_builder_logic,per_gcx_size_preserved; no record relocation
codec,1778,no,1,게내떻세어요지,게내떻세어요지,7,,0,0,0,0,0,0,0,17,0,0,-17,0,2404,17,0,codec:1778:15,confirmed_binary_and_builder_logic,per_gcx_size_preserved; no record relocation
codec,1779,no,1,둘러서,둘러서,3,,0,0,0,0,0,0,0,0,0,0,1,1,2500,0,1,codec:1779:15,confirmed_binary_and_builder_logic,per_gcx_size_preserved; no record relocation
codec,1780,no,0,,,0,,0,0,0,0,0,0,0,0,0,0,0,0,2248,0,0,,confirmed_binary_and_builder_logic,per_gcx_size_preserved; no record relocation
codec,1781,no,0,,,0,,0,0,0,0,0,0,0,0,0,0,0,0,2112,0,0,,confirmed_binary_and_builder_logic,per_gcx_size_preserved; no record relocation
codec,1782,no,2,가겠나남내다뜻료아알야완을있직할해,가겠나내다뜻아알야을있할해,13,남료완직,4,256,0,0,0,0,0,9,4,256,-9,0,4000,0,247,codec:1782:25|codec:1782:26,confirmed_binary_and_builder_logic,per_gcx_size_preserved; no record relocation
codec,1783,no,1,어요잘했,어요잘,3,했,1,64,0,0,0,0,0,1,1,64,-1,0,3732,0,63,codec:1783:14,confirmed_binary_and_builder_logic,per_gcx_size_preserved; no record relocation
codec,1784,no,0,,,0,,0,0,0,0,0,0,0,0,0,0,0,0,14864,0,0,,confirmed_binary_and_builder_logic,per_gcx_size_preserved; no record relocation
codec,1785,no,0,,,0,,0,0,0,0,0,0,0,0,0,0,0,0,5764,0,0,,confirmed_binary_and_builder_logic,per_gcx_size_preserved; no record relocation
codec,1786,no,0,,,0,,0,0,0,0,0,0,0,0,0,0,0,0,2936,0,0,,confirmed_binary_and_builder_logic,per_gcx_size_preserved; no record relocation
codec,1787,no,0,,,0,,0,0,0,0,0,0,0,0,0,0,0,0,7132,0,0,,confirmed_binary_and_builder_logic,per_gcx_size_preserved; no record relocation
codec,1788,no,1,기꼭다대산에이해했,기다대에이해,6,꼭산했,3,192,0,0,0,0,0,15,3,192,-15,0,7852,0,177,codec:1788:79,confirmed_binary_and_builder_logic,per_gcx_size_preserved; no record relocation
codec,1789,no,0,,,0,,0,0,0,0,0,0,0,0,0,0,0,0,7852,0,0,,confirmed_binary_and_builder_logic,per_gcx_size_preserved; no record relocation
codec,1790,no,0,,,0,,0,0,0,0,0,0,0,0,0,0,0,0,4492,0,0,,confirmed_binary_and_builder_logic,per_gcx_size_preserved; no record relocation
codec,1791,no,0,,,0,,0,0,0,0,0,0,0,0,0,0,0,0,5136,0,0,,confirmed_binary_and_builder_logic,per_gcx_size_preserved; no record relocation
codec,1792,no,0,,,0,,0,0,0,0,0,0,0,0,0,0,0,0,4196,0,0,,confirmed_binary_and_builder_logic,per_gcx_size_preserved; no record relocation
codec,1793,no,0,,,0,,0,0,0,0,0,0,0,0,0,0,0,0,9240,0,0,,confirmed_binary_and_builder_logic,per_gcx_size_preserved; no record relocation
codec,1794,no,0,,,0,,0,0,0,0,0,0,0,0,0,0,0,0,3600,0,0,,confirmed_binary_and_builder_logic,per_gcx_size_preserved; no record relocation
codec,1795,no,0,,,0,,0,0,0,0,0,0,0,0,0,0,0,0,5152,0,0,,confirmed_binary_and_builder_logic,per_gcx_size_preserved; no record relocation
codec,1796,no,0,,,0,,0,0,0,0,0,0,0,0,0,0,0,0,9444,0,0,,confirmed_binary_and_builder_logic,per_gcx_size_preserved; no record relocation
codec,1797,no,0,,,0,,0,0,0,0,0,0,0,0,0,0,0,0,2404,0,0,,confirmed_binary_and_builder_logic,per_gcx_size_preserved; no record relocation
codec,1798,no,0,,,0,,0,0,0,0,0,0,0,0,0,0,0,0,2908,0,0,,confirmed_binary_and_builder_logic,per_gcx_size_preserved; no record relocation
codec,1799,no,0,,,0,,0,0,0,0,0,0,0,0,0,0,0,0,2908,0,0,,confirmed_binary_and_builder_logic,per_gcx_size_preserved; no record relocation
codec,1800,no,0,,,0,,0,0,0,0,0,0,0,0,0,0,0,0,4000,0,0,,confirmed_binary_and_builder_logic,per_gcx_size_preserved; no record relocation
codec,1801,no,0,,,0,,0,0,0,0,0,0,0,0,0,0,0,0,3732,0,0,,confirmed_binary_and_builder_logic,per_gcx_size_preserved; no record relocation
codec,1802,no,0,,,0,,0,0,0,0,0,0,0,0,0,0,0,0,1620,0,0,,confirmed_binary_and_builder_logic,per_gcx_size_preserved; no record relocation
codec,1803,no,0,,,0,,0,0,0,0,0,0,0,0,0,0,0,0,1764,0,0,,confirmed_binary_and_builder_logic,per_gcx_size_preserved; no record relocation
codec,1804,no,1,간과달리번야엔이,간리번야엔이,6,과달,2,128,0,0,0,0,0,7,2,128,-7,0,2872,0,121,codec:1804:10,confirmed_binary_and_builder_logic,per_gcx_size_preserved; no record relocation
codec,1805,no,0,,,0,,0,0,0,0,0,0,0,0,0,0,0,0,3732,0,0,,confirmed_binary_and_builder_logic,per_gcx_size_preserved; no record relocation
codec,1806,no,0,,,0,,0,0,0,0,0,0,0,0,0,0,0,0,2660,0,0,,confirmed_binary_and_builder_logic,per_gcx_size_preserved; no record relocation
codec,1807,no,1,게근는때심에적접조할해,게근는때심에적조할해,10,접,1,64,0,0,0,0,0,13,1,64,-13,0,2560,0,51,codec:1807:10,confirmed_binary_and_builder_logic,per_gcx_size_preserved; no record relocation
codec,1808,no,0,,,0,,0,0,0,0,0,0,0,0,0,0,0,0,1732,0,0,,confirmed_binary_and_builder_logic,per_gcx_size_preserved; no record relocation
codec,1809,no,1,들람사,들람사,3,,0,0,0,0,0,0,0,0,0,0,0,0,2072,0,0,codec:1809:10,confirmed_binary_and_builder_logic,per_gcx_size_preserved; no record relocation
codec,1810,no,0,,,0,,0,0,0,0,0,0,0,0,0,0,0,0,2108,0,0,,confirmed_binary_and_builder_logic,per_gcx_size_preserved; no record relocation
codec,1811,no,0,,,0,,0,0,0,0,0,0,0,0,0,0,0,0,2976,0,0,,confirmed_binary_and_builder_logic,per_gcx_size_preserved; no record relocation
codec,1812,no,0,,,0,,0,0,0,0,0,0,0,0,0,0,0,0,1848,0,0,,confirmed_binary_and_builder_logic,per_gcx_size_preserved; no record relocation
codec,1813,no,0,,,0,,0,0,0,0,0,0,0,0,0,0,0,0,1768,0,0,,confirmed_binary_and_builder_logic,per_gcx_size_preserved; no record relocation
codec,1814,no,0,,,0,,0,0,0,0,0,0,0,0,0,0,0,0,1540,0,0,,confirmed_binary_and_builder_logic,per_gcx_size_preserved; no record relocation
codec,1815,no,1,강니다매보시역우큽피하,니다보시우하,6,강매역큽피,5,320,0,0,0,0,0,12,5,320,-12,0,2632,0,308,codec:1815:12,confirmed_binary_and_builder_logic,per_gcx_size_preserved; no record relocation
codec,1816,no,2,그내들려만말요해,그내들려만말요해,8,,0,0,0,0,0,0,0,2,0,0,-2,1,2416,2,0,codec:1816:11|codec:1816:21,confirmed_binary_and_builder_logic,per_gcx_size_preserved; no record relocation
codec,1817,no,0,,,0,,0,0,0,0,0,0,0,0,0,0,0,0,1800,0,0,,confirmed_binary_and_builder_logic,per_gcx_size_preserved; no record relocation
codec,1818,no,3,건격견공나너니들심아야위을저조한해험,건나니들심아야위을저조한해험,14,격견공너,4,256,0,0,0,0,0,25,4,256,-25,0,5004,0,231,codec:1818:13|codec:1818:12|codec:1818:10,confirmed_binary_and_builder_logic,per_gcx_size_preserved; no record relocation
codec,1819,no,0,,,0,,0,0,0,0,0,0,0,0,0,0,0,0,2300,0,0,,confirmed_binary_and_builder_logic,per_gcx_size_preserved; no record relocation
codec,1820,no,0,,,0,,0,0,0,0,0,0,0,0,0,0,0,0,1992,0,0,,confirmed_binary_and_builder_logic,per_gcx_size_preserved; no record relocation
codec,1821,no,0,,,0,,0,0,0,0,0,0,0,0,0,0,0,0,2072,0,0,,confirmed_binary_and_builder_logic,per_gcx_size_preserved; no record relocation
codec,1822,no,1,근심엔전접조중해,근심엔조해,5,전접중,3,192,0,0,0,0,0,33,3,192,-33,0,2164,0,159,codec:1822:11,confirmed_binary_and_builder_logic,per_gcx_size_preserved; no record relocation
codec,1823,no,1,를봐잘,를봐잘,3,,0,0,0,0,0,0,0,12,0,0,-12,0,2416,12,0,codec:1823:10,confirmed_binary_and_builder_logic,per_gcx_size_preserved; no record relocation
codec,1824,no,0,,,0,,0,0,0,0,0,0,0,0,0,0,0,0,1504,0,0,,confirmed_binary_and_builder_logic,per_gcx_size_preserved; no record relocation
codec,1825,no,0,,,0,,0,0,0,0,0,0,0,0,0,0,0,0,1860,0,0,,confirmed_binary_and_builder_logic,per_gcx_size_preserved; no record relocation
codec,1826,no,0,,,0,,0,0,0,0,0,0,0,0,0,0,0,0,1532,0,0,,confirmed_binary_and_builder_logic,per_gcx_size_preserved; no record relocation
codec,1827,no,0,,,0,,0,0,0,0,0,0,0,0,0,0,0,0,2076,0,0,,confirmed_binary_and_builder_logic,per_gcx_size_preserved; no record relocation
codec,1828,no,0,,,0,,0,0,0,0,0,0,0,0,0,0,0,0,1524,0,0,,confirmed_binary_and_builder_logic,per_gcx_size_preserved; no record relocation
codec,1829,no,1,,,0,,0,0,0,0,0,0,0,91,0,0,-91,0,1996,91,0,codec:1829:12,confirmed_binary_and_builder_logic,per_gcx_size_preserved; no record relocation
codec,1830,no,0,,,0,,0,0,0,0,0,0,0,0,0,0,0,0,1520,0,0,,confirmed_binary_and_builder_logic,per_gcx_size_preserved; no record relocation
codec,1831,no,0,,,0,,0,0,0,0,0,0,0,0,0,0,0,0,1796,0,0,,confirmed_binary_and_builder_logic,per_gcx_size_preserved; no record relocation
codec,1832,no,0,,,0,,0,0,0,0,0,0,0,0,0,0,0,0,2176,0,0,,confirmed_binary_and_builder_logic,per_gcx_size_preserved; no record relocation
codec,1833,no,0,,,0,,0,0,0,0,0,0,0,0,0,0,0,0,1736,0,0,,confirmed_binary_and_builder_logic,per_gcx_size_preserved; no record relocation
codec,1834,no,0,,,0,,0,0,0,0,0,0,0,0,0,0,0,0,1952,0,0,,confirmed_binary_and_builder_logic,per_gcx_size_preserved; no record relocation
codec,1835,no,0,,,0,,0,0,0,0,0,0,0,0,0,0,0,0,1700,0,0,,confirmed_binary_and_builder_logic,per_gcx_size_preserved; no record relocation
codec,1836,no,0,,,0,,0,0,0,0,0,0,0,0,0,0,0,0,1776,0,0,,confirmed_binary_and_builder_logic,per_gcx_size_preserved; no record relocation
codec,1837,no,3,그럼말벌어죠쩌,그말어,3,럼벌죠쩌,4,256,0,0,0,0,0,5,4,256,-5,2,3312,0,251,codec:1837:18|codec:1837:15|codec:1837:13,confirmed_binary_and_builder_logic,per_gcx_size_preserved; no record relocation
codec,1838,no,0,,,0,,0,0,0,0,0,0,0,0,0,0,0,0,2016,0,0,,confirmed_binary_and_builder_logic,per_gcx_size_preserved; no record relocation
codec,1839,no,0,,,0,,0,0,0,0,0,0,0,0,0,0,0,0,1640,0,0,,confirmed_binary_and_builder_logic,per_gcx_size_preserved; no record relocation
codec,1840,no,0,,,0,,0,0,0,0,0,0,0,0,0,0,0,0,1868,0,0,,confirmed_binary_and_builder_logic,per_gcx_size_preserved; no record relocation
codec,1841,no,0,,,0,,0,0,0,0,0,0,0,0,0,0,0,0,2060,0,0,,confirmed_binary_and_builder_logic,per_gcx_size_preserved; no record relocation
codec,1842,no,0,,,0,,0,0,0,0,0,0,0,0,0,0,0,0,2020,0,0,,confirmed_binary_and_builder_logic,per_gcx_size_preserved; no record relocation
codec,1843,no,0,,,0,,0,0,0,0,0,0,0,0,0,0,0,0,1728,0,0,,confirmed_binary_and_builder_logic,per_gcx_size_preserved; no record relocation
codec,1844,no,0,,,0,,0,0,0,0,0,0,0,0,0,0,0,0,2524,0,0,,confirmed_binary_and_builder_logic,per_gcx_size_preserved; no record relocation
codec,1845,no,0,,,0,,0,0,0,0,0,0,0,0,0,0,0,0,2368,0,0,,confirmed_binary_and_builder_logic,per_gcx_size_preserved; no record relocation
codec,1846,no,1,구꾸량를식유을준지해히,를유을지해히,6,구꾸량식준,5,320,0,0,0,0,0,29,5,320,-29,0,2700,0,291,codec:1846:11,confirmed_binary_and_builder_logic,per_gcx_size_preserved; no record relocation
codec,1847,no,0,,,0,,0,0,0,0,0,0,0,0,0,0,0,0,1512,0,0,,confirmed_binary_and_builder_logic,per_gcx_size_preserved; no record relocation
codec,1848,no,0,,,0,,0,0,0,0,0,0,0,0,0,0,0,0,1764,0,0,,confirmed_binary_and_builder_logic,per_gcx_size_preserved; no record relocation
codec,1849,no,0,,,0,,0,0,0,0,0,0,0,0,0,0,0,0,2016,0,0,,confirmed_binary_and_builder_logic,per_gcx_size_preserved; no record relocation
codec,1850,no,0,,,0,,0,0,0,0,0,0,0,0,0,0,0,0,1724,0,0,,confirmed_binary_and_builder_logic,per_gcx_size_preserved; no record relocation
codec,1851,no,0,,,0,,0,0,0,0,0,0,0,0,0,0,0,0,1704,0,0,,confirmed_binary_and_builder_logic,per_gcx_size_preserved; no record relocation
codec,1852,no,0,,,0,,0,0,0,0,0,0,0,0,0,0,0,0,2320,0,0,,confirmed_binary_and_builder_logic,per_gcx_size_preserved; no record relocation
codec,1853,no,0,,,0,,0,0,0,0,0,0,0,0,0,0,0,0,2312,0,0,,confirmed_binary_and_builder_logic,per_gcx_size_preserved; no record relocation
codec,1854,no,4,그나녕도래멋아안야잖지,그나도래아안야지,8,녕멋잖,3,192,0,0,0,0,0,19,3,192,-19,1,3156,0,173,codec:1854:12|codec:1854:13|codec:1854:10|codec:1854:16,confirmed_binary_and_builder_logic,per_gcx_size_preserved; no record relocation
codec,1855,no,0,,,0,,0,0,0,0,0,0,0,0,0,0,0,0,1944,0,0,,confirmed_binary_and_builder_logic,per_gcx_size_preserved; no record relocation
codec,1856,no,0,,,0,,0,0,0,0,0,0,0,0,0,0,0,0,1820,0,0,,confirmed_binary_and_builder_logic,per_gcx_size_preserved; no record relocation
codec,1857,no,0,,,0,,0,0,0,0,0,0,0,0,0,0,0,0,1568,0,0,,confirmed_binary_and_builder_logic,per_gcx_size_preserved; no record relocation
codec,1858,no,0,,,0,,0,0,0,0,0,0,0,0,0,0,0,0,1692,0,0,,confirmed_binary_and_builder_logic,per_gcx_size_preserved; no record relocation
codec,1859,no,0,,,0,,0,0,0,0,0,0,0,0,0,0,0,0,1676,0,0,,confirmed_binary_and_builder_logic,per_gcx_size_preserved; no record relocation
codec,1860,no,1,고쉬어하,고어하,3,쉬,1,64,0,0,0,0,0,17,1,64,-17,0,2124,0,47,codec:1860:11,confirmed_binary_and_builder_logic,per_gcx_size_preserved; no record relocation
codec,1861,no,2,눈도료른못서에오쪽치해,도못서에해,5,눈료른오쪽치,6,384,0,0,0,0,0,19,6,384,-19,0,2560,0,365,codec:1861:10|codec:1861:13,confirmed_binary_and_builder_logic,per_gcx_size_preserved; no record relocation
codec,1862,no,0,,,0,,0,0,0,0,0,0,0,0,0,0,0,0,1864,0,0,,confirmed_binary_and_builder_logic,per_gcx_size_preserved; no record relocation
codec,1863,no,0,,,0,,0,0,0,0,0,0,0,0,0,0,0,0,0,0,0,,confirmed_binary_and_builder_logic,per_gcx_size_preserved; no record relocation
codec,1864,no,1,대무슨체,대무슨,3,체,1,64,0,0,0,0,0,2,1,64,-2,0,2392,0,62,codec:1864:17,confirmed_binary_and_builder_logic,per_gcx_size_preserved; no record relocation
codec,1865,no,1,게겠는면모보습어에여을좋주초토하,게겠는면보습어에여을좋하,12,모주초토,4,256,0,0,0,0,0,18,4,256,-18,0,3148,0,238,codec:1865:10,confirmed_binary_and_builder_logic,per_gcx_size_preserved; no record relocation
codec,1866,no,0,,,0,,0,0,0,0,0,0,0,0,0,0,0,0,1648,0,0,,confirmed_binary_and_builder_logic,per_gcx_size_preserved; no record relocation
codec,1867,no,0,,,0,,0,0,0,0,0,0,0,0,0,0,0,0,1588,0,0,,confirmed_binary_and_builder_logic,per_gcx_size_preserved; no record relocation
codec,1868,no,0,,,0,,0,0,0,0,0,0,0,0,0,0,0,0,1636,0,0,,confirmed_binary_and_builder_logic,per_gcx_size_preserved; no record relocation
codec,1869,no,0,,,0,,0,0,0,0,0,0,0,0,0,0,0,0,1676,0,0,,confirmed_binary_and_builder_logic,per_gcx_size_preserved; no record relocation
codec,1870,no,0,,,0,,0,0,0,0,0,0,0,0,0,0,0,0,1900,0,0,,confirmed_binary_and_builder_logic,per_gcx_size_preserved; no record relocation
codec,1871,no,0,,,0,,0,0,0,0,0,0,0,0,0,0,0,0,1756,0,0,,confirmed_binary_and_builder_logic,per_gcx_size_preserved; no record relocation
codec,1872,no,0,,,0,,0,0,0,0,0,0,0,0,0,0,0,0,1920,0,0,,confirmed_binary_and_builder_logic,per_gcx_size_preserved; no record relocation
codec,1873,no,0,,,0,,0,0,0,0,0,0,0,0,0,0,0,0,1876,0,0,,confirmed_binary_and_builder_logic,per_gcx_size_preserved; no record relocation
codec,1874,no,0,,,0,,0,0,0,0,0,0,0,0,0,0,0,0,1696,0,0,,confirmed_binary_and_builder_logic,per_gcx_size_preserved; no record relocation
codec,1875,no,0,,,0,,0,0,0,0,0,0,0,0,0,0,0,0,2256,0,0,,confirmed_binary_and_builder_logic,per_gcx_size_preserved; no record relocation
codec,1876,no,0,,,0,,0,0,0,0,0,0,0,0,0,0,0,0,1972,0,0,,confirmed_binary_and_builder_logic,per_gcx_size_preserved; no record relocation
codec,1877,no,0,,,0,,0,0,0,0,0,0,0,0,0,0,0,0,1852,0,0,,confirmed_binary_and_builder_logic,per_gcx_size_preserved; no record relocation
codec,1878,no,0,,,0,,0,0,0,0,0,0,0,0,0,0,0,0,1780,0,0,,confirmed_binary_and_builder_logic,per_gcx_size_preserved; no record relocation
codec,1879,no,0,,,0,,0,0,0,0,0,0,0,0,0,0,0,0,1528,0,0,,confirmed_binary_and_builder_logic,per_gcx_size_preserved; no record relocation
codec,1880,no,0,,,0,,0,0,0,0,0,0,0,0,0,0,0,0,1668,0,0,,confirmed_binary_and_builder_logic,per_gcx_size_preserved; no record relocation
codec,1881,no,0,,,0,,0,0,0,0,0,0,0,0,0,0,0,0,1588,0,0,,confirmed_binary_and_builder_logic,per_gcx_size_preserved; no record relocation
codec,1882,no,0,,,0,,0,0,0,0,0,0,0,0,0,0,0,0,1724,0,0,,confirmed_binary_and_builder_logic,per_gcx_size_preserved; no record relocation
codec,1883,no,0,,,0,,0,0,0,0,0,0,0,0,0,0,0,0,1724,0,0,,confirmed_binary_and_builder_logic,per_gcx_size_preserved; no record relocation
codec,1884,no,0,,,0,,0,0,0,0,0,0,0,0,0,0,0,0,1892,0,0,,confirmed_binary_and_builder_logic,per_gcx_size_preserved; no record relocation
codec,1885,no,0,,,0,,0,0,0,0,0,0,0,0,0,0,0,0,1764,0,0,,confirmed_binary_and_builder_logic,per_gcx_size_preserved; no record relocation
codec,1886,no,0,,,0,,0,0,0,0,0,0,0,0,0,0,0,0,1592,0,0,,confirmed_binary_and_builder_logic,per_gcx_size_preserved; no record relocation
codec,1887,no,0,,,0,,0,0,0,0,0,0,0,0,0,0,0,0,1676,0,0,,confirmed_binary_and_builder_logic,per_gcx_size_preserved; no record relocation
codec,1888,no,0,,,0,,0,0,0,0,0,0,0,0,0,0,0,0,2008,0,0,,confirmed_binary_and_builder_logic,per_gcx_size_preserved; no record relocation
codec,1889,no,0,,,0,,0,0,0,0,0,0,0,0,0,0,0,0,1688,0,0,,confirmed_binary_and_builder_logic,per_gcx_size_preserved; no record relocation
codec,1890,no,0,,,0,,0,0,0,0,0,0,0,0,0,0,0,0,1608,0,0,,confirmed_binary_and_builder_logic,per_gcx_size_preserved; no record relocation
codec,1891,no,0,,,0,,0,0,0,0,0,0,0,0,0,0,0,0,1920,0,0,,confirmed_binary_and_builder_logic,per_gcx_size_preserved; no record relocation
codec,1892,no,0,,,0,,0,0,0,0,0,0,0,0,0,0,0,0,2020,0,0,,confirmed_binary_and_builder_logic,per_gcx_size_preserved; no record relocation
codec,1893,no,0,,,0,,0,0,0,0,0,0,0,0,0,0,0,0,2528,0,0,,confirmed_binary_and_builder_logic,per_gcx_size_preserved; no record relocation
codec,1894,no,0,,,0,,0,0,0,0,0,0,0,0,0,0,0,0,2024,0,0,,confirmed_binary_and_builder_logic,per_gcx_size_preserved; no record relocation
codec,1895,no,0,,,0,,0,0,0,0,0,0,0,0,0,0,0,0,1836,0,0,,confirmed_binary_and_builder_logic,per_gcx_size_preserved; no record relocation
codec,1896,no,0,,,0,,0,0,0,0,0,0,0,0,0,0,0,0,1640,0,0,,confirmed_binary_and_builder_logic,per_gcx_size_preserved; no record relocation
codec,1897,no,0,,,0,,0,0,0,0,0,0,0,0,0,0,0,0,1620,0,0,,confirmed_binary_and_builder_logic,per_gcx_size_preserved; no record relocation
codec,1898,no,1,,,0,,0,0,0,0,0,0,0,59,0,0,-59,0,1592,59,0,codec:1898:12,confirmed_binary_and_builder_logic,per_gcx_size_preserved; no record relocation
codec,1899,no,0,,,0,,0,0,0,0,0,0,0,0,0,0,0,0,1940,0,0,,confirmed_binary_and_builder_logic,per_gcx_size_preserved; no record relocation
codec,1900,no,0,,,0,,0,0,0,0,0,0,0,0,0,0,0,0,1724,0,0,,confirmed_binary_and_builder_logic,per_gcx_size_preserved; no record relocation
codec,1901,no,0,,,0,,0,0,0,0,0,0,0,0,0,0,0,0,1604,0,0,,confirmed_binary_and_builder_logic,per_gcx_size_preserved; no record relocation
codec,1902,no,0,,,0,,0,0,0,0,0,0,0,0,0,0,0,0,1640,0,0,,confirmed_binary_and_builder_logic,per_gcx_size_preserved; no record relocation
codec,1903,no,0,,,0,,0,0,0,0,0,0,0,0,0,0,0,0,1536,0,0,,confirmed_binary_and_builder_logic,per_gcx_size_preserved; no record relocation
codec,1904,no,0,,,0,,0,0,0,0,0,0,0,0,0,0,0,0,2112,0,0,,confirmed_binary_and_builder_logic,per_gcx_size_preserved; no record relocation
codec,1905,no,0,,,0,,0,0,0,0,0,0,0,0,0,0,0,0,2000,0,0,,confirmed_binary_and_builder_logic,per_gcx_size_preserved; no record relocation
codec,1906,no,0,,,0,,0,0,0,0,0,0,0,0,0,0,0,0,1740,0,0,,confirmed_binary_and_builder_logic,per_gcx_size_preserved; no record relocation
codec,1907,no,0,,,0,,0,0,0,0,0,0,0,0,0,0,0,0,1984,0,0,,confirmed_binary_and_builder_logic,per_gcx_size_preserved; no record relocation
codec,1908,no,0,,,0,,0,0,0,0,0,0,0,0,0,0,0,0,1564,0,0,,confirmed_binary_and_builder_logic,per_gcx_size_preserved; no record relocation
codec,1909,no,0,,,0,,0,0,0,0,0,0,0,0,0,0,0,0,1556,0,0,,confirmed_binary_and_builder_logic,per_gcx_size_preserved; no record relocation
codec,1910,no,0,,,0,,0,0,0,0,0,0,0,0,0,0,0,0,1876,0,0,,confirmed_binary_and_builder_logic,per_gcx_size_preserved; no record relocation
codec,1911,no,0,,,0,,0,0,0,0,0,0,0,0,0,0,0,0,1752,0,0,,confirmed_binary_and_builder_logic,per_gcx_size_preserved; no record relocation
codec,1912,no,1,도마아요,도마아요,4,,0,0,0,0,0,0,0,0,0,0,2,2,2208,0,2,codec:1912:24,confirmed_binary_and_builder_logic,per_gcx_size_preserved; no record relocation
codec,1913,no,0,,,0,,0,0,0,0,0,0,0,0,0,0,0,0,1544,0,0,,confirmed_binary_and_builder_logic,per_gcx_size_preserved; no record relocation
codec,1914,no,0,,,0,,0,0,0,0,0,0,0,0,0,0,0,0,1540,0,0,,confirmed_binary_and_builder_logic,per_gcx_size_preserved; no record relocation
codec,1915,no,0,,,0,,0,0,0,0,0,0,0,0,0,0,0,0,1796,0,0,,confirmed_binary_and_builder_logic,per_gcx_size_preserved; no record relocation
codec,1916,no,0,,,0,,0,0,0,0,0,0,0,0,0,0,0,0,1752,0,0,,confirmed_binary_and_builder_logic,per_gcx_size_preserved; no record relocation
codec,1917,no,0,,,0,,0,0,0,0,0,0,0,0,0,0,0,0,2360,0,0,,confirmed_binary_and_builder_logic,per_gcx_size_preserved; no record relocation
codec,1918,no,0,,,0,,0,0,0,0,0,0,0,0,0,0,0,0,1540,0,0,,confirmed_binary_and_builder_logic,per_gcx_size_preserved; no record relocation
codec,1919,no,0,,,0,,0,0,0,0,0,0,0,0,0,0,0,0,2176,0,0,,confirmed_binary_and_builder_logic,per_gcx_size_preserved; no record relocation
codec,1920,no,0,,,0,,0,0,0,0,0,0,0,0,0,0,0,0,1612,0,0,,confirmed_binary_and_builder_logic,per_gcx_size_preserved; no record relocation
codec,1921,no,0,,,0,,0,0,0,0,0,0,0,0,0,0,0,0,1536,0,0,,confirmed_binary_and_builder_logic,per_gcx_size_preserved; no record relocation
codec,1922,no,0,,,0,,0,0,0,0,0,0,0,0,0,0,0,0,1848,0,0,,confirmed_binary_and_builder_logic,per_gcx_size_preserved; no record relocation
codec,1923,no,0,,,0,,0,0,0,0,0,0,0,0,0,0,0,0,1788,0,0,,confirmed_binary_and_builder_logic,per_gcx_size_preserved; no record relocation
codec,1924,no,0,,,0,,0,0,0,0,0,0,0,0,0,0,0,0,3060,0,0,,confirmed_binary_and_builder_logic,per_gcx_size_preserved; no record relocation
codec,1925,no,0,,,0,,0,0,0,0,0,0,0,0,0,0,0,0,2080,0,0,,confirmed_binary_and_builder_logic,per_gcx_size_preserved; no record relocation
codec,1926,no,0,,,0,,0,0,0,0,0,0,0,0,0,0,0,0,1576,0,0,,confirmed_binary_and_builder_logic,per_gcx_size_preserved; no record relocation
codec,1927,no,0,,,0,,0,0,0,0,0,0,0,0,0,0,0,0,1632,0,0,,confirmed_binary_and_builder_logic,per_gcx_size_preserved; no record relocation
codec,1928,no,0,,,0,,0,0,0,0,0,0,0,0,0,0,0,0,1908,0,0,,confirmed_binary_and_builder_logic,per_gcx_size_preserved; no record relocation
codec,1929,no,0,,,0,,0,0,0,0,0,0,0,0,0,0,0,0,2724,0,0,,confirmed_binary_and_builder_logic,per_gcx_size_preserved; no record relocation
codec,1930,no,0,,,0,,0,0,0,0,0,0,0,0,0,0,0,0,1476,0,0,,confirmed_binary_and_builder_logic,per_gcx_size_preserved; no record relocation
codec,1931,no,0,,,0,,0,0,0,0,0,0,0,0,0,0,0,0,1472,0,0,,confirmed_binary_and_builder_logic,per_gcx_size_preserved; no record relocation
codec,1932,no,0,,,0,,0,0,0,0,0,0,0,0,0,0,0,0,1924,0,0,,confirmed_binary_and_builder_logic,per_gcx_size_preserved; no record relocation
codec,1933,no,0,,,0,,0,0,0,0,0,0,0,0,0,0,0,0,1580,0,0,,confirmed_binary_and_builder_logic,per_gcx_size_preserved; no record relocation
codec,1934,no,0,,,0,,0,0,0,0,0,0,0,0,0,0,0,0,1560,0,0,,confirmed_binary_and_builder_logic,per_gcx_size_preserved; no record relocation
codec,1935,no,0,,,0,,0,0,0,0,0,0,0,0,0,0,0,0,1796,0,0,,confirmed_binary_and_builder_logic,per_gcx_size_preserved; no record relocation
codec,1936,no,0,,,0,,0,0,0,0,0,0,0,0,0,0,0,0,3196,0,0,,confirmed_binary_and_builder_logic,per_gcx_size_preserved; no record relocation
codec,1937,no,0,,,0,,0,0,0,0,0,0,0,0,0,0,0,0,2096,0,0,,confirmed_binary_and_builder_logic,per_gcx_size_preserved; no record relocation
codec,1938,no,0,,,0,,0,0,0,0,0,0,0,0,0,0,0,0,1560,0,0,,confirmed_binary_and_builder_logic,per_gcx_size_preserved; no record relocation
codec,1939,no,0,,,0,,0,0,0,0,0,0,0,0,0,0,0,0,1544,0,0,,confirmed_binary_and_builder_logic,per_gcx_size_preserved; no record relocation
codec,1940,no,0,,,0,,0,0,0,0,0,0,0,0,0,0,0,0,1860,0,0,,confirmed_binary_and_builder_logic,per_gcx_size_preserved; no record relocation
codec,1941,no,0,,,0,,0,0,0,0,0,0,0,0,0,0,0,0,1964,0,0,,confirmed_binary_and_builder_logic,per_gcx_size_preserved; no record relocation
codec,1942,no,0,,,0,,0,0,0,0,0,0,0,0,0,0,0,0,1824,0,0,,confirmed_binary_and_builder_logic,per_gcx_size_preserved; no record relocation
codec,1943,no,0,,,0,,0,0,0,0,0,0,0,0,0,0,0,0,1724,0,0,,confirmed_binary_and_builder_logic,per_gcx_size_preserved; no record relocation
codec,1944,no,0,,,0,,0,0,0,0,0,0,0,0,0,0,0,0,1944,0,0,,confirmed_binary_and_builder_logic,per_gcx_size_preserved; no record relocation
codec,1945,no,0,,,0,,0,0,0,0,0,0,0,0,0,0,0,0,1588,0,0,,confirmed_binary_and_builder_logic,per_gcx_size_preserved; no record relocation
codec,1946,no,0,,,0,,0,0,0,0,0,0,0,0,0,0,0,0,1568,0,0,,confirmed_binary_and_builder_logic,per_gcx_size_preserved; no record relocation
codec,1947,no,0,,,0,,0,0,0,0,0,0,0,0,0,0,0,0,2840,0,0,,confirmed_binary_and_builder_logic,per_gcx_size_preserved; no record relocation
codec,1948,no,0,,,0,,0,0,0,0,0,0,0,0,0,0,0,0,1676,0,0,,confirmed_binary_and_builder_logic,per_gcx_size_preserved; no record relocation
codec,1949,no,0,,,0,,0,0,0,0,0,0,0,0,0,0,0,0,1536,0,0,,confirmed_binary_and_builder_logic,per_gcx_size_preserved; no record relocation
codec,1950,no,0,,,0,,0,0,0,0,0,0,0,0,0,0,0,0,1520,0,0,,confirmed_binary_and_builder_logic,per_gcx_size_preserved; no record relocation
codec,1951,no,0,,,0,,0,0,0,0,0,0,0,0,0,0,0,0,2248,0,0,,confirmed_binary_and_builder_logic,per_gcx_size_preserved; no record relocation
codec,1952,no,0,,,0,,0,0,0,0,0,0,0,0,0,0,0,0,1976,0,0,,confirmed_binary_and_builder_logic,per_gcx_size_preserved; no record relocation
codec,1953,no,0,,,0,,0,0,0,0,0,0,0,0,0,0,0,0,1584,0,0,,confirmed_binary_and_builder_logic,per_gcx_size_preserved; no record relocation
codec,1954,no,0,,,0,,0,0,0,0,0,0,0,0,0,0,0,0,1548,0,0,,confirmed_binary_and_builder_logic,per_gcx_size_preserved; no record relocation
codec,1955,no,0,,,0,,0,0,0,0,0,0,0,0,0,0,0,0,2104,0,0,,confirmed_binary_and_builder_logic,per_gcx_size_preserved; no record relocation
codec,1956,no,0,,,0,,0,0,0,0,0,0,0,0,0,0,0,0,3412,0,0,,confirmed_binary_and_builder_logic,per_gcx_size_preserved; no record relocation
codec,1957,no,0,,,0,,0,0,0,0,0,0,0,0,0,0,0,0,1620,0,0,,confirmed_binary_and_builder_logic,per_gcx_size_preserved; no record relocation
codec,1958,no,0,,,0,,0,0,0,0,0,0,0,0,0,0,0,0,1584,0,0,,confirmed_binary_and_builder_logic,per_gcx_size_preserved; no record relocation
codec,1959,no,0,,,0,,0,0,0,0,0,0,0,0,0,0,0,0,1664,0,0,,confirmed_binary_and_builder_logic,per_gcx_size_preserved; no record relocation
codec,1960,no,0,,,0,,0,0,0,0,0,0,0,0,0,0,0,0,2184,0,0,,confirmed_binary_and_builder_logic,per_gcx_size_preserved; no record relocation
codec,1961,no,0,,,0,,0,0,0,0,0,0,0,0,0,0,0,0,1552,0,0,,confirmed_binary_and_builder_logic,per_gcx_size_preserved; no record relocation
codec,1962,no,0,,,0,,0,0,0,0,0,0,0,0,0,0,0,0,1540,0,0,,confirmed_binary_and_builder_logic,per_gcx_size_preserved; no record relocation
codec,1963,no,0,,,0,,0,0,0,0,0,0,0,0,0,0,0,0,2256,0,0,,confirmed_binary_and_builder_logic,per_gcx_size_preserved; no record relocation
codec,1964,no,0,,,0,,0,0,0,0,0,0,0,0,0,0,0,0,1992,0,0,,confirmed_binary_and_builder_logic,per_gcx_size_preserved; no record relocation
codec,1965,no,0,,,0,,0,0,0,0,0,0,0,0,0,0,0,0,1556,0,0,,confirmed_binary_and_builder_logic,per_gcx_size_preserved; no record relocation
codec,1966,no,0,,,0,,0,0,0,0,0,0,0,0,0,0,0,0,1520,0,0,,confirmed_binary_and_builder_logic,per_gcx_size_preserved; no record relocation
codec,1967,no,0,,,0,,0,0,0,0,0,0,0,0,0,0,0,0,1984,0,0,,confirmed_binary_and_builder_logic,per_gcx_size_preserved; no record relocation
codec,1968,no,0,,,0,,0,0,0,0,0,0,0,0,0,0,0,0,1976,0,0,,confirmed_binary_and_builder_logic,per_gcx_size_preserved; no record relocation
codec,1969,no,0,,,0,,0,0,0,0,0,0,0,0,0,0,0,0,1624,0,0,,confirmed_binary_and_builder_logic,per_gcx_size_preserved; no record relocation
codec,1970,no,0,,,0,,0,0,0,0,0,0,0,0,0,0,0,0,1592,0,0,,confirmed_binary_and_builder_logic,per_gcx_size_preserved; no record relocation
codec,1971,no,0,,,0,,0,0,0,0,0,0,0,0,0,0,0,0,1620,0,0,,confirmed_binary_and_builder_logic,per_gcx_size_preserved; no record relocation
codec,1972,no,0,,,0,,0,0,0,0,0,0,0,0,0,0,0,0,1556,0,0,,confirmed_binary_and_builder_logic,per_gcx_size_preserved; no record relocation
codec,1973,no,0,,,0,,0,0,0,0,0,0,0,0,0,0,0,0,1624,0,0,,confirmed_binary_and_builder_logic,per_gcx_size_preserved; no record relocation
codec,1974,no,0,,,0,,0,0,0,0,0,0,0,0,0,0,0,0,2416,0,0,,confirmed_binary_and_builder_logic,per_gcx_size_preserved; no record relocation
codec,1975,no,0,,,0,,0,0,0,0,0,0,0,0,0,0,0,0,1900,0,0,,confirmed_binary_and_builder_logic,per_gcx_size_preserved; no record relocation
codec,1976,no,0,,,0,,0,0,0,0,0,0,0,0,0,0,0,0,1916,0,0,,confirmed_binary_and_builder_logic,per_gcx_size_preserved; no record relocation
codec,1977,no,0,,,0,,0,0,0,0,0,0,0,0,0,0,0,0,1620,0,0,,confirmed_binary_and_builder_logic,per_gcx_size_preserved; no record relocation
codec,1978,no,0,,,0,,0,0,0,0,0,0,0,0,0,0,0,0,3876,0,0,,confirmed_binary_and_builder_logic,per_gcx_size_preserved; no record relocation
codec,1979,no,0,,,0,,0,0,0,0,0,0,0,0,0,0,0,0,1612,0,0,,confirmed_binary_and_builder_logic,per_gcx_size_preserved; no record relocation
codec,1980,no,0,,,0,,0,0,0,0,0,0,0,0,0,0,0,0,1580,0,0,,confirmed_binary_and_builder_logic,per_gcx_size_preserved; no record relocation
codec,1981,no,0,,,0,,0,0,0,0,0,0,0,0,0,0,0,0,3996,0,0,,confirmed_binary_and_builder_logic,per_gcx_size_preserved; no record relocation
codec,1982,no,0,,,0,,0,0,0,0,0,0,0,0,0,0,0,0,1672,0,0,,confirmed_binary_and_builder_logic,per_gcx_size_preserved; no record relocation
codec,1983,no,0,,,0,,0,0,0,0,0,0,0,0,0,0,0,0,1568,0,0,,confirmed_binary_and_builder_logic,per_gcx_size_preserved; no record relocation
codec,1984,no,0,,,0,,0,0,0,0,0,0,0,0,0,0,0,0,1996,0,0,,confirmed_binary_and_builder_logic,per_gcx_size_preserved; no record relocation
codec,1985,no,0,,,0,,0,0,0,0,0,0,0,0,0,0,0,0,2188,0,0,,confirmed_binary_and_builder_logic,per_gcx_size_preserved; no record relocation
codec,1986,no,0,,,0,,0,0,0,0,0,0,0,0,0,0,0,0,3516,0,0,,confirmed_binary_and_builder_logic,per_gcx_size_preserved; no record relocation
codec,1987,no,0,,,0,,0,0,0,0,0,0,0,0,0,0,0,0,1624,0,0,,confirmed_binary_and_builder_logic,per_gcx_size_preserved; no record relocation
codec,1988,no,0,,,0,,0,0,0,0,0,0,0,0,0,0,0,0,1568,0,0,,confirmed_binary_and_builder_logic,per_gcx_size_preserved; no record relocation
codec,1989,no,0,,,0,,0,0,0,0,0,0,0,0,0,0,0,0,2196,0,0,,confirmed_binary_and_builder_logic,per_gcx_size_preserved; no record relocation
codec,1990,no,1,다맞아,다아,2,맞,1,64,0,0,0,0,0,3,1,64,-3,0,2432,0,61,codec:1990:25,confirmed_binary_and_builder_logic,per_gcx_size_preserved; no record relocation
codec,1991,no,0,,,0,,0,0,0,0,0,0,0,0,0,0,0,0,1572,0,0,,confirmed_binary_and_builder_logic,per_gcx_size_preserved; no record relocation
codec,1992,no,0,,,0,,0,0,0,0,0,0,0,0,0,0,0,0,1532,0,0,,confirmed_binary_and_builder_logic,per_gcx_size_preserved; no record relocation
codec,1993,no,0,,,0,,0,0,0,0,0,0,0,0,0,0,0,0,3200,0,0,,confirmed_binary_and_builder_logic,per_gcx_size_preserved; no record relocation
codec,1994,no,0,,,0,,0,0,0,0,0,0,0,0,0,0,0,0,1592,0,0,,confirmed_binary_and_builder_logic,per_gcx_size_preserved; no record relocation
codec,1995,no,0,,,0,,0,0,0,0,0,0,0,0,0,0,0,0,1572,0,0,,confirmed_binary_and_builder_logic,per_gcx_size_preserved; no record relocation
codec,1996,no,0,,,0,,0,0,0,0,0,0,0,0,0,0,0,0,2232,0,0,,confirmed_binary_and_builder_logic,per_gcx_size_preserved; no record relocation
codec,1997,no,0,,,0,,0,0,0,0,0,0,0,0,0,0,0,0,2436,0,0,,confirmed_binary_and_builder_logic,per_gcx_size_preserved; no record relocation
codec,1998,no,0,,,0,,0,0,0,0,0,0,0,0,0,0,0,0,1588,0,0,,confirmed_binary_and_builder_logic,per_gcx_size_preserved; no record relocation
codec,1999,no,0,,,0,,0,0,0,0,0,0,0,0,0,0,0,0,1576,0,0,,confirmed_binary_and_builder_logic,per_gcx_size_preserved; no record relocation
codec,2000,no,0,,,0,,0,0,0,0,0,0,0,0,0,0,0,0,1564,0,0,,confirmed_binary_and_builder_logic,per_gcx_size_preserved; no record relocation
codec,2001,no,0,,,0,,0,0,0,0,0,0,0,0,0,0,0,0,1548,0,0,,confirmed_binary_and_builder_logic,per_gcx_size_preserved; no record relocation
codec,2002,no,0,,,0,,0,0,0,0,0,0,0,0,0,0,0,0,1948,0,0,,confirmed_binary_and_builder_logic,per_gcx_size_preserved; no record relocation
codec,2003,no,0,,,0,,0,0,0,0,0,0,0,0,0,0,0,0,3308,0,0,,confirmed_binary_and_builder_logic,per_gcx_size_preserved; no record relocation
codec,2004,no,0,,,0,,0,0,0,0,0,0,0,0,0,0,0,0,1632,0,0,,confirmed_binary_and_builder_logic,per_gcx_size_preserved; no record relocation
codec,2005,no,0,,,0,,0,0,0,0,0,0,0,0,0,0,0,0,1548,0,0,,confirmed_binary_and_builder_logic,per_gcx_size_preserved; no record relocation
codec,2006,no,0,,,0,,0,0,0,0,0,0,0,0,0,0,0,0,2056,0,0,,confirmed_binary_and_builder_logic,per_gcx_size_preserved; no record relocation
codec,2007,no,0,,,0,,0,0,0,0,0,0,0,0,0,0,0,0,2020,0,0,,confirmed_binary_and_builder_logic,per_gcx_size_preserved; no record relocation
codec,2008,no,0,,,0,,0,0,0,0,0,0,0,0,0,0,0,0,1980,0,0,,confirmed_binary_and_builder_logic,per_gcx_size_preserved; no record relocation
codec,2009,no,0,,,0,,0,0,0,0,0,0,0,0,0,0,0,0,1548,0,0,,confirmed_binary_and_builder_logic,per_gcx_size_preserved; no record relocation
codec,2010,no,0,,,0,,0,0,0,0,0,0,0,0,0,0,0,0,1536,0,0,,confirmed_binary_and_builder_logic,per_gcx_size_preserved; no record relocation
codec,2011,no,0,,,0,,0,0,0,0,0,0,0,0,0,0,0,0,1864,0,0,,confirmed_binary_and_builder_logic,per_gcx_size_preserved; no record relocation
codec,2012,no,0,,,0,,0,0,0,0,0,0,0,0,0,0,0,0,2764,0,0,,confirmed_binary_and_builder_logic,per_gcx_size_preserved; no record relocation
codec,2013,no,0,,,0,,0,0,0,0,0,0,0,0,0,0,0,0,2084,0,0,,confirmed_binary_and_builder_logic,per_gcx_size_preserved; no record relocation
codec,2014,no,0,,,0,,0,0,0,0,0,0,0,0,0,0,0,0,1668,0,0,,confirmed_binary_and_builder_logic,per_gcx_size_preserved; no record relocation
codec,2015,no,0,,,0,,0,0,0,0,0,0,0,0,0,0,0,0,1600,0,0,,confirmed_binary_and_builder_logic,per_gcx_size_preserved; no record relocation
codec,2016,no,0,,,0,,0,0,0,0,0,0,0,0,0,0,0,0,1584,0,0,,confirmed_binary_and_builder_logic,per_gcx_size_preserved; no record relocation
codec,2017,no,0,,,0,,0,0,0,0,0,0,0,0,0,0,0,0,2120,0,0,,confirmed_binary_and_builder_logic,per_gcx_size_preserved; no record relocation
codec,2018,no,0,,,0,,0,0,0,0,0,0,0,0,0,0,0,0,3088,0,0,,confirmed_binary_and_builder_logic,per_gcx_size_preserved; no record relocation
codec,2019,no,0,,,0,,0,0,0,0,0,0,0,0,0,0,0,0,1588,0,0,,confirmed_binary_and_builder_logic,per_gcx_size_preserved; no record relocation
codec,2020,no,0,,,0,,0,0,0,0,0,0,0,0,0,0,0,0,2132,0,0,,confirmed_binary_and_builder_logic,per_gcx_size_preserved; no record relocation
codec,2021,no,0,,,0,,0,0,0,0,0,0,0,0,0,0,0,0,1704,0,0,,confirmed_binary_and_builder_logic,per_gcx_size_preserved; no record relocation
codec,2022,no,3,가그기는다도뛰몇문미씩인전터해,가그기는다도문미인터해,11,뛰몇씩전,4,256,0,0,0,0,0,29,4,256,-29,4,5276,0,227,codec:2022:70|codec:2022:23|codec:2022:13,confirmed_binary_and_builder_logic,per_gcx_size_preserved; no record relocation
codec,2023,no,1,를았어잡,를았어잡,4,,0,0,0,0,0,0,0,4,0,0,-4,0,5740,4,0,codec:2023:34,confirmed_binary_and_builder_logic,per_gcx_size_preserved; no record relocation
codec,2024,no,0,,,0,,0,0,0,0,0,0,0,0,0,0,0,0,1612,0,0,,confirmed_binary_and_builder_logic,per_gcx_size_preserved; no record relocation
codec,2025,no,0,,,0,,0,0,0,0,0,0,0,0,0,0,0,0,1600,0,0,,confirmed_binary_and_builder_logic,per_gcx_size_preserved; no record relocation
codec,2026,no,0,,,0,,0,0,0,0,0,0,0,0,0,0,0,0,1908,0,0,,confirmed_binary_and_builder_logic,per_gcx_size_preserved; no record relocation
codec,2027,no,0,,,0,,0,0,0,0,0,0,0,0,0,0,0,0,1828,0,0,,confirmed_binary_and_builder_logic,per_gcx_size_preserved; no record relocation
codec,2028,no,0,,,0,,0,0,0,0,0,0,0,0,0,0,0,0,2032,0,0,,confirmed_binary_and_builder_logic,per_gcx_size_preserved; no record relocation
codec,2029,no,1,그땠래맛서어이,그래서어이,5,땠맛,2,128,0,0,0,0,0,2,2,128,-2,0,2460,0,126,codec:2029:13,confirmed_binary_and_builder_logic,per_gcx_size_preserved; no record relocation
codec,2030,no,0,,,0,,0,0,0,0,0,0,0,0,0,0,0,0,1652,0,0,,confirmed_binary_and_builder_logic,per_gcx_size_preserved; no record relocation
codec,2031,no,0,,,0,,0,0,0,0,0,0,0,0,0,0,0,0,1564,0,0,,confirmed_binary_and_builder_logic,per_gcx_size_preserved; no record relocation
codec,2032,no,0,,,0,,0,0,0,0,0,0,0,0,0,0,0,0,2268,0,0,,confirmed_binary_and_builder_logic,per_gcx_size_preserved; no record relocation
codec,2033,no,0,,,0,,0,0,0,0,0,0,0,0,0,0,0,0,2968,0,0,,confirmed_binary_and_builder_logic,per_gcx_size_preserved; no record relocation
codec,2034,no,0,,,0,,0,0,0,0,0,0,0,0,0,0,0,0,1648,0,0,,confirmed_binary_and_builder_logic,per_gcx_size_preserved; no record relocation
codec,2035,no,0,,,0,,0,0,0,0,0,0,0,0,0,0,0,0,1572,0,0,,confirmed_binary_and_builder_logic,per_gcx_size_preserved; no record relocation
codec,2036,no,0,,,0,,0,0,0,0,0,0,0,0,0,0,0,0,1680,0,0,,confirmed_binary_and_builder_logic,per_gcx_size_preserved; no record relocation
codec,2037,no,0,,,0,,0,0,0,0,0,0,0,0,0,0,0,0,2944,0,0,,confirmed_binary_and_builder_logic,per_gcx_size_preserved; no record relocation
codec,2038,no,0,,,0,,0,0,0,0,0,0,0,0,0,0,0,0,3068,0,0,,confirmed_binary_and_builder_logic,per_gcx_size_preserved; no record relocation
codec,2039,no,1,응,응,1,,0,0,0,0,0,0,0,4,0,0,-4,0,2084,4,0,codec:2039:17,confirmed_binary_and_builder_logic,per_gcx_size_preserved; no record relocation
codec,2040,no,1,대뭐에해,대뭐에해,4,,0,0,0,0,0,0,0,1,0,0,-1,0,1972,1,0,codec:2040:13,confirmed_binary_and_builder_logic,per_gcx_size_preserved; no record relocation
codec,2041,no,0,,,0,,0,0,0,0,0,0,0,0,0,0,0,0,2712,0,0,,confirmed_binary_and_builder_logic,per_gcx_size_preserved; no record relocation
codec,2042,no,0,,,0,,0,0,0,0,0,0,0,0,0,0,0,0,1720,0,0,,confirmed_binary_and_builder_logic,per_gcx_size_preserved; no record relocation
codec,2043,no,0,,,0,,0,0,0,0,0,0,0,0,0,0,0,0,1440,0,0,,confirmed_binary_and_builder_logic,per_gcx_size_preserved; no record relocation
codec,2044,no,0,,,0,,0,0,0,0,0,0,0,0,0,0,0,0,1592,0,0,,confirmed_binary_and_builder_logic,per_gcx_size_preserved; no record relocation
codec,2045,no,0,,,0,,0,0,0,0,0,0,0,0,0,0,0,0,1524,0,0,,confirmed_binary_and_builder_logic,per_gcx_size_preserved; no record relocation
codec,2046,no,1,고그네또리요,고그네또리요,6,,0,0,0,0,0,0,0,0,0,0,1,1,2488,0,1,codec:2046:75,confirmed_binary_and_builder_logic,per_gcx_size_preserved; no record relocation
codec,2047,no,0,,,0,,0,0,0,0,0,0,0,0,0,0,0,0,1760,0,0,,confirmed_binary_and_builder_logic,per_gcx_size_preserved; no record relocation
codec,2048,no,0,,,0,,0,0,0,0,0,0,0,0,0,0,0,0,1928,0,0,,confirmed_binary_and_builder_logic,per_gcx_size_preserved; no record relocation
codec,2049,no,0,,,0,,0,0,0,0,0,0,0,0,0,0,0,0,2128,0,0,,confirmed_binary_and_builder_logic,per_gcx_size_preserved; no record relocation
codec,2050,no,0,,,0,,0,0,0,0,0,0,0,0,0,0,0,0,2432,0,0,,confirmed_binary_and_builder_logic,per_gcx_size_preserved; no record relocation
codec,2051,no,0,,,0,,0,0,0,0,0,0,0,0,0,0,0,0,1800,0,0,,confirmed_binary_and_builder_logic,per_gcx_size_preserved; no record relocation
codec,2052,no,0,,,0,,0,0,0,0,0,0,0,0,0,0,0,0,1708,0,0,,confirmed_binary_and_builder_logic,per_gcx_size_preserved; no record relocation
codec,2053,no,0,,,0,,0,0,0,0,0,0,0,0,0,0,0,0,1728,0,0,,confirmed_binary_and_builder_logic,per_gcx_size_preserved; no record relocation
codec,2054,no,0,,,0,,0,0,0,0,0,0,0,0,0,0,0,0,1720,0,0,,confirmed_binary_and_builder_logic,per_gcx_size_preserved; no record relocation
codec,2055,no,0,,,0,,0,0,0,0,0,0,0,0,0,0,0,0,1844,0,0,,confirmed_binary_and_builder_logic,per_gcx_size_preserved; no record relocation
codec,2056,no,0,,,0,,0,0,0,0,0,0,0,0,0,0,0,0,1660,0,0,,confirmed_binary_and_builder_logic,per_gcx_size_preserved; no record relocation
codec,2057,no,0,,,0,,0,0,0,0,0,0,0,0,0,0,0,0,1564,0,0,,confirmed_binary_and_builder_logic,per_gcx_size_preserved; no record relocation
codec,2058,no,0,,,0,,0,0,0,0,0,0,0,0,0,0,0,0,1820,0,0,,confirmed_binary_and_builder_logic,per_gcx_size_preserved; no record relocation
codec,2059,no,0,,,0,,0,0,0,0,0,0,0,0,0,0,0,0,1892,0,0,,confirmed_binary_and_builder_logic,per_gcx_size_preserved; no record relocation
codec,2060,no,0,,,0,,0,0,0,0,0,0,0,0,0,0,0,0,3172,0,0,,confirmed_binary_and_builder_logic,per_gcx_size_preserved; no record relocation
codec,2061,no,0,,,0,,0,0,0,0,0,0,0,0,0,0,0,0,1608,0,0,,confirmed_binary_and_builder_logic,per_gcx_size_preserved; no record relocation
codec,2062,no,0,,,0,,0,0,0,0,0,0,0,0,0,0,0,0,1532,0,0,,confirmed_binary_and_builder_logic,per_gcx_size_preserved; no record relocation
codec,2063,no,0,,,0,,0,0,0,0,0,0,0,0,0,0,0,0,1628,0,0,,confirmed_binary_and_builder_logic,per_gcx_size_preserved; no record relocation
codec,2064,no,0,,,0,,0,0,0,0,0,0,0,0,0,0,0,0,1732,0,0,,confirmed_binary_and_builder_logic,per_gcx_size_preserved; no record relocation
codec,2065,no,0,,,0,,0,0,0,0,0,0,0,0,0,0,0,0,1756,0,0,,confirmed_binary_and_builder_logic,per_gcx_size_preserved; no record relocation
codec,2066,no,0,,,0,,0,0,0,0,0,0,0,0,0,0,0,0,2232,0,0,,confirmed_binary_and_builder_logic,per_gcx_size_preserved; no record relocation
codec,2067,no,0,,,0,,0,0,0,0,0,0,0,0,0,0,0,0,1632,0,0,,confirmed_binary_and_builder_logic,per_gcx_size_preserved; no record relocation
codec,2068,no,0,,,0,,0,0,0,0,0,0,0,0,0,0,0,0,2524,0,0,,confirmed_binary_and_builder_logic,per_gcx_size_preserved; no record relocation
codec,2069,no,0,,,0,,0,0,0,0,0,0,0,0,0,0,0,0,1648,0,0,,confirmed_binary_and_builder_logic,per_gcx_size_preserved; no record relocation
codec,2070,no,0,,,0,,0,0,0,0,0,0,0,0,0,0,0,0,2120,0,0,,confirmed_binary_and_builder_logic,per_gcx_size_preserved; no record relocation
codec,2071,no,0,,,0,,0,0,0,0,0,0,0,0,0,0,0,0,1580,0,0,,confirmed_binary_and_builder_logic,per_gcx_size_preserved; no record relocation
codec,2072,no,0,,,0,,0,0,0,0,0,0,0,0,0,0,0,0,1904,0,0,,confirmed_binary_and_builder_logic,per_gcx_size_preserved; no record relocation
codec,2073,no,1,겠니다습알,겠니다습알,5,,0,0,0,0,0,0,0,0,0,0,2,2,1988,0,2,codec:2073:12,confirmed_binary_and_builder_logic,per_gcx_size_preserved; no record relocation
codec,2074,no,0,,,0,,0,0,0,0,0,0,0,0,0,0,0,0,1596,0,0,,confirmed_binary_and_builder_logic,per_gcx_size_preserved; no record relocation
codec,2075,no,1,,,0,,0,0,0,0,0,0,0,94,0,0,-94,0,2208,94,0,codec:2075:13,confirmed_binary_and_builder_logic,per_gcx_size_preserved; no record relocation
codec,2076,no,0,,,0,,0,0,0,0,0,0,0,0,0,0,0,0,1552,0,0,,confirmed_binary_and_builder_logic,per_gcx_size_preserved; no record relocation
codec,2077,no,0,,,0,,0,0,0,0,0,0,0,0,0,0,0,0,2488,0,0,,confirmed_binary_and_builder_logic,per_gcx_size_preserved; no record relocation
codec,2078,no,0,,,0,,0,0,0,0,0,0,0,0,0,0,0,0,1736,0,0,,confirmed_binary_and_builder_logic,per_gcx_size_preserved; no record relocation
codec,2079,no,0,,,0,,0,0,0,0,0,0,0,0,0,0,0,0,1504,0,0,,confirmed_binary_and_builder_logic,per_gcx_size_preserved; no record relocation
codec,2080,no,0,,,0,,0,0,0,0,0,0,0,0,0,0,0,0,2204,0,0,,confirmed_binary_and_builder_logic,per_gcx_size_preserved; no record relocation
codec,2081,no,0,,,0,,0,0,0,0,0,0,0,0,0,0,0,0,1756,0,0,,confirmed_binary_and_builder_logic,per_gcx_size_preserved; no record relocation
codec,2082,no,0,,,0,,0,0,0,0,0,0,0,0,0,0,0,0,1764,0,0,,confirmed_binary_and_builder_logic,per_gcx_size_preserved; no record relocation
codec,2083,no,0,,,0,,0,0,0,0,0,0,0,0,0,0,0,0,1696,0,0,,confirmed_binary_and_builder_logic,per_gcx_size_preserved; no record relocation
codec,2084,no,0,,,0,,0,0,0,0,0,0,0,0,0,0,0,0,1516,0,0,,confirmed_binary_and_builder_logic,per_gcx_size_preserved; no record relocation
codec,2085,no,0,,,0,,0,0,0,0,0,0,0,0,0,0,0,0,2540,0,0,,confirmed_binary_and_builder_logic,per_gcx_size_preserved; no record relocation
codec,2086,no,0,,,0,,0,0,0,0,0,0,0,0,0,0,0,0,1740,0,0,,confirmed_binary_and_builder_logic,per_gcx_size_preserved; no record relocation
codec,2087,no,0,,,0,,0,0,0,0,0,0,0,0,0,0,0,0,1528,0,0,,confirmed_binary_and_builder_logic,per_gcx_size_preserved; no record relocation
codec,2088,no,1,,,0,,0,0,0,0,0,0,0,64,0,0,-64,0,1608,64,0,codec:2088:12,confirmed_binary_and_builder_logic,per_gcx_size_preserved; no record relocation
codec,2089,no,0,,,0,,0,0,0,0,0,0,0,0,0,0,0,0,1772,0,0,,confirmed_binary_and_builder_logic,per_gcx_size_preserved; no record relocation
codec,2090,no,0,,,0,,0,0,0,0,0,0,0,0,0,0,0,0,1520,0,0,,confirmed_binary_and_builder_logic,per_gcx_size_preserved; no record relocation
codec,2091,no,0,,,0,,0,0,0,0,0,0,0,0,0,0,0,0,1932,0,0,,confirmed_binary_and_builder_logic,per_gcx_size_preserved; no record relocation
codec,2092,no,1,다료수시있즉치할,다수시있할,5,료즉치,3,192,0,0,0,0,0,12,3,192,-12,0,2432,0,180,codec:2092:11,confirmed_binary_and_builder_logic,per_gcx_size_preserved; no record relocation
codec,2093,no,0,,,0,,0,0,0,0,0,0,0,0,0,0,0,0,1532,0,0,,confirmed_binary_and_builder_logic,per_gcx_size_preserved; no record relocation
codec,2094,no,0,,,0,,0,0,0,0,0,0,0,0,0,0,0,0,1888,0,0,,confirmed_binary_and_builder_logic,per_gcx_size_preserved; no record relocation
codec,2095,no,0,,,0,,0,0,0,0,0,0,0,0,0,0,0,0,2332,0,0,,confirmed_binary_and_builder_logic,per_gcx_size_preserved; no record relocation
codec,2096,no,0,,,0,,0,0,0,0,0,0,0,0,0,0,0,0,1528,0,0,,confirmed_binary_and_builder_logic,per_gcx_size_preserved; no record relocation
codec,2097,no,1,기도맞면상에으을입총해,기도면상에으을입해,9,맞총,2,128,0,0,0,0,0,30,2,128,-30,0,2648,0,98,codec:2097:10,confirmed_binary_and_builder_logic,per_gcx_size_preserved; no record relocation
codec,2098,no,0,,,0,,0,0,0,0,0,0,0,0,0,0,0,0,2112,0,0,,confirmed_binary_and_builder_logic,per_gcx_size_preserved; no record relocation
codec,2099,no,0,,,0,,0,0,0,0,0,0,0,0,0,0,0,0,1524,0,0,,confirmed_binary_and_builder_logic,per_gcx_size_preserved; no record relocation
codec,2100,no,0,,,0,,0,0,0,0,0,0,0,0,0,0,0,0,1880,0,0,,confirmed_binary_and_builder_logic,per_gcx_size_preserved; no record relocation
codec,2101,no,0,,,0,,0,0,0,0,0,0,0,0,0,0,0,0,2340,0,0,,confirmed_binary_and_builder_logic,per_gcx_size_preserved; no record relocation
codec,2102,no,1,몸봐좀,봐,1,몸좀,2,128,0,0,0,0,0,9,2,128,-9,0,1908,0,119,codec:2102:10,confirmed_binary_and_builder_logic,per_gcx_size_preserved; no record relocation
codec,2103,no,1,대리빨애없최한,대리없한,4,빨애최,3,192,0,0,0,0,0,30,3,192,-30,0,2124,0,162,codec:2103:12,confirmed_binary_and_builder_logic,per_gcx_size_preserved; no record relocation
codec,2104,no,0,,,0,,0,0,0,0,0,0,0,0,0,0,0,0,1736,0,0,,confirmed_binary_and_builder_logic,per_gcx_size_preserved; no record relocation
codec,2105,no,0,,,0,,0,0,0,0,0,0,0,0,0,0,0,0,1772,0,0,,confirmed_binary_and_builder_logic,per_gcx_size_preserved; no record relocation
codec,2106,no,0,,,0,,0,0,0,0,0,0,0,0,0,0,0,0,1544,0,0,,confirmed_binary_and_builder_logic,per_gcx_size_preserved; no record relocation
codec,2107,no,0,,,0,,0,0,0,0,0,0,0,0,0,0,0,0,1780,0,0,,confirmed_binary_and_builder_logic,per_gcx_size_preserved; no record relocation
codec,2108,no,1,내는로먼빼살상을저처칼화,내는로상을저,6,먼빼살처칼화,6,384,0,0,0,0,0,33,6,384,-33,0,2536,0,351,codec:2108:11,confirmed_binary_and_builder_logic,per_gcx_size_preserved; no record relocation
codec,2109,no,0,,,0,,0,0,0,0,0,0,0,0,0,0,0,0,2356,0,0,,confirmed_binary_and_builder_logic,per_gcx_size_preserved; no record relocation
codec,2110,no,0,,,0,,0,0,0,0,0,0,0,0,0,0,0,0,1664,0,0,,confirmed_binary_and_builder_logic,per_gcx_size_preserved; no record relocation
codec,2111,no,0,,,0,,0,0,0,0,0,0,0,0,0,0,0,0,1612,0,0,,confirmed_binary_and_builder_logic,per_gcx_size_preserved; no record relocation
codec,2112,no,0,,,0,,0,0,0,0,0,0,0,0,0,0,0,0,1708,0,0,,confirmed_binary_and_builder_logic,per_gcx_size_preserved; no record relocation
codec,2113,no,5,거게그기길널다라러멈바보봐서심않야엔위음잘조지춰치켜해,거게그기다라러바보봐서심않야엔위음잘조지해,21,길널멈춰치켜,6,384,0,0,0,0,0,38,6,384,-38,2,6720,0,346,codec:2113:22|codec:2113:18|codec:2113:19|codec:2113:33|codec:2113:40,confirmed_binary_and_builder_logic,per_gcx_size_preserved; no record relocation
codec,2114,no,8,가같걸것관그네대도드뜻렇론마말맞명물부상아않알왜은을음이인죠지진코한휘,가같것그네대도드뜻렇마말명물부상아않알왜은을음이인지코한,28,걸관론맞죠진휘,7,448,0,0,0,0,0,42,7,448,-42,1,4940,0,406,codec:2114:90|codec:2114:33|codec:2114:15|codec:2114:16|codec:2114:19|codec:2114:29|codec:2114:12|codec:2114:17,confirmed_binary_and_builder_logic,per_gcx_size_preserved; no record relocation
codec,2115,no,9,방신야은이인지출,방야은이인지,6,신출,2,128,0,0,0,0,0,262,2,128,-262,0,2876,134,0,codec:2115:41|codec:2115:42|codec:2115:43|codec:2115:44|codec:2115:45|codec:2115:46|codec:2115:47|codec:2115:48|codec:2115:11,confirmed_binary_and_builder_logic,per_gcx_size_preserved; no record relocation
codec,2116,no,1,나상이있증,나상이있,4,증,1,64,0,0,0,0,0,1,1,64,-1,0,3216,0,63,codec:2116:13,confirmed_binary_and_builder_logic,per_gcx_size_preserved; no record relocation
codec,2117,no,5,가거까나난니다대로물미밝분사생안에유의이임자적전졌중학해혀,가거까나난니다대로물미분사안에유의이임자적해,22,밝생전졌중학혀,7,448,0,0,0,0,0,116,7,448,-116,1,9416,0,332,codec:2117:13|codec:2117:24|codec:2117:100|codec:2117:18|codec:2117:41,confirmed_binary_and_builder_logic,per_gcx_size_preserved; no record relocation
codec,2118,no,0,,,0,,0,0,0,0,0,0,0,0,0,0,0,0,1788,0,0,,confirmed_binary_and_builder_logic,per_gcx_size_preserved; no record relocation
codec,2119,no,0,,,0,,0,0,0,0,0,0,0,0,0,0,0,0,1780,0,0,,confirmed_binary_and_builder_logic,per_gcx_size_preserved; no record relocation
codec,2120,no,0,,,0,,0,0,0,0,0,0,0,0,0,0,0,0,1840,0,0,,confirmed_binary_and_builder_logic,per_gcx_size_preserved; no record relocation
codec,2121,no,0,,,0,,0,0,0,0,0,0,0,0,0,0,0,0,1948,0,0,,confirmed_binary_and_builder_logic,per_gcx_size_preserved; no record relocation
codec,2122,no,0,,,0,,0,0,0,0,0,0,0,0,0,0,0,0,2124,0,0,,confirmed_binary_and_builder_logic,per_gcx_size_preserved; no record relocation
codec,2123,no,0,,,0,,0,0,0,0,0,0,0,0,0,0,0,0,1928,0,0,,confirmed_binary_and_builder_logic,per_gcx_size_preserved; no record relocation
codec,2124,no,0,,,0,,0,0,0,0,0,0,0,0,0,0,0,0,1832,0,0,,confirmed_binary_and_builder_logic,per_gcx_size_preserved; no record relocation
codec,2125,no,0,,,0,,0,0,0,0,0,0,0,0,0,0,0,0,1808,0,0,,confirmed_binary_and_builder_logic,per_gcx_size_preserved; no record relocation
codec,2126,no,0,,,0,,0,0,0,0,0,0,0,0,0,0,0,0,2152,0,0,,confirmed_binary_and_builder_logic,per_gcx_size_preserved; no record relocation
codec,2127,no,0,,,0,,0,0,0,0,0,0,0,0,0,0,0,0,1708,0,0,,confirmed_binary_and_builder_logic,per_gcx_size_preserved; no record relocation
codec,2128,no,1,너는니다로리메보에이입제지충칼트,는니다로리보에이입제지,11,너메충칼트,5,320,0,0,0,0,0,16,5,320,-16,0,3488,0,304,codec:2128:30,confirmed_binary_and_builder_logic,per_gcx_size_preserved; no record relocation
codec,2129,no,0,,,0,,0,0,0,0,0,0,0,0,0,0,0,0,2656,0,0,,confirmed_binary_and_builder_logic,per_gcx_size_preserved; no record relocation
codec,2130,no,0,,,0,,0,0,0,0,0,0,0,0,0,0,0,0,2004,0,0,,confirmed_binary_and_builder_logic,per_gcx_size_preserved; no record relocation
codec,2131,no,0,,,0,,0,0,0,0,0,0,0,0,0,0,0,0,1612,0,0,,confirmed_binary_and_builder_logic,per_gcx_size_preserved; no record relocation
codec,2132,no,0,,,0,,0,0,0,0,0,0,0,0,0,0,0,0,1540,0,0,,confirmed_binary_and_builder_logic,per_gcx_size_preserved; no record relocation
codec,2133,no,0,,,0,,0,0,0,0,0,0,0,0,0,0,0,0,1540,0,0,,confirmed_binary_and_builder_logic,per_gcx_size_preserved; no record relocation
codec,2134,no,0,,,0,,0,0,0,0,0,0,0,0,0,0,0,0,1568,0,0,,confirmed_binary_and_builder_logic,per_gcx_size_preserved; no record relocation
codec,2135,no,0,,,0,,0,0,0,0,0,0,0,0,0,0,0,0,1552,0,0,,confirmed_binary_and_builder_logic,per_gcx_size_preserved; no record relocation
codec,2136,no,2,,,0,,0,0,0,0,0,0,0,3,0,0,-3,0,1452,3,0,codec:2136:11|codec:2136:12,confirmed_binary_and_builder_logic,per_gcx_size_preserved; no record relocation
codec,2137,no,0,,,0,,0,0,0,0,0,0,0,0,0,0,0,0,3864,0,0,,confirmed_binary_and_builder_logic,per_gcx_size_preserved; no record relocation
codec,2138,no,4452,가각감같거것게겪계고과그근기깊꽤나네녕농는늘니다담더데도독됩든래럼렇려로료를리마많매면모무바받보본부빨빼사상색서세셨소수습시심썩아안야어업었에여열오옷요용우움유은을의이일입있작잘저적전절접제조좋주즉지찾처쳤치켜투하한합해행효흰,가같거것게계고그근기나네는니다더데도래렇려로를리마면무바보본부사상서세소수습시심아안야어었에여요우유은을의이일입있잘저적절제조좋지하한해행,69,각감겪과깊꽤녕농늘담독됩든럼료많매모받빨빼색셨썩업열오옷용움작전접주즉찾처쳤치켜투합효흰,44,2816,0,0,0,0,0,239200,44,2816,-239200,22,275432,236384,0,codec:2138:508|codec:2138:509|codec:2138:510|codec:2138:511|codec:2138:512|codec:2138:513|codec:2138:514|codec:2138:515|codec:2138:516|codec:2138:517|codec:2138:518|codec:2138:519|codec:2138:520|codec:2138:521|codec:2138:522|codec:2138:523|codec:2138:524|codec:2138:525|codec:2138:526|codec:2138:527|codec:2138:528|codec:2138:529|codec:2138:530|codec:2138:532|codec:2138:533|codec:2138:534|codec:2138:535|codec:2138:536|codec:2138:537|codec:2138:538|codec:2138:539|codec:2138:540|codec:2138:541|codec:2138:542|codec:2138:543|codec:2138:544|codec:2138:545|codec:2138:546|codec:2138:547|codec:2138:548|codec:2138:549|codec:2138:550|codec:2138:551|codec:2138:552|codec:2138:553|codec:2138:554|codec:2138:555|codec:2138:556|codec:2138:557|codec:2138:558|codec:2138:559|codec:2138:560|codec:2138:561|codec:2138:562|codec:2138:563|codec:2138:564|codec:2138:565|codec:2138:566|codec:2138:567|codec:2138:568|codec:2138:569|codec:2138:570|codec:2138:571|codec:2138:572|codec:2138:573|codec:2138:574|codec:2138:575|codec:2138:576|codec:2138:577|codec:2138:578|codec:2138:579|codec:2138:580|codec:2138:581|codec:2138:582|codec:2138:583|codec:2138:584|codec:2138:585|codec:2138:586|codec:2138:587|codec:2138:588|codec:2138:589|codec:2138:590|codec:2138:591|codec:2138:592|codec:2138:593|codec:2138:594|codec:2138:595|codec:2138:596|codec:2138:597|codec:2138:598|codec:2138:599|codec:2138:600|codec:2138:601|codec:2138:602|codec:2138:603|codec:2138:604|codec:2138:605|codec:2138:606|codec:2138:607|codec:2138:608|codec:2138:609|codec:2138:610|codec:2138:611|codec:2138:612|codec:2138:613|codec:2138:614|codec:2138:615|codec:2138:616|codec:2138:617|codec:2138:618|codec:2138:619|codec:2138:620|codec:2138:621|codec:2138:622|codec:2138:623|codec:2138:624|codec:2138:625|codec:2138:626|codec:2138:627|codec:2138:628|codec:2138:629|codec:2138:630|codec:2138:631|codec:2138:632|codec:2138:633|codec:2138:634|codec:2138:635|codec:2138:636|codec:2138:637|codec:2138:638|codec:2138:639|codec:2138:640|codec:2138:641|codec:2138:642|codec:2138:643|codec:2138:644|codec:2138:646|codec:2138:647|codec:2138:648|codec:2138:649|codec:2138:650|codec:2138:652|codec:2138:653|codec:2138:654|codec:2138:655|codec:2138:656|codec:2138:657|codec:2138:658|codec:2138:659|codec:2138:660|codec:2138:661|codec:2138:662|codec:2138:663|codec:2138:664|codec:2138:665|codec:2138:666|codec:2138:667|codec:2138:668|codec:2138:669|codec:2138:670|codec:2138:671|codec:2138:672|codec:2138:673|codec:2138:674|codec:2138:675|codec:2138:676|codec:2138:677|codec:2138:678|codec:2138:679|codec:2138:680|codec:2138:681|codec:2138:682|codec:2138:683|codec:2138:684|codec:2138:685|codec:2138:686|codec:2138:687|codec:2138:688|codec:2138:689|codec:2138:690|codec:2138:691|codec:2138:692|codec:2138:693|codec:2138:694|codec:2138:695|codec:2138:696|codec:2138:697|codec:2138:698|codec:2138:699|codec:2138:700|codec:2138:701|codec:2138:702|codec:2138:703|codec:2138:704|codec:2138:705|codec:2138:706|codec:2138:707|codec:2138:708|codec:2138:709|codec:2138:710|codec:2138:711|codec:2138:712|codec:2138:713|codec:2138:714|codec:2138:715|codec:2138:716|codec:2138:717|codec:2138:718|codec:2138:719|codec:2138:720|codec:2138:721|codec:2138:722|codec:2138:723|codec:2138:724|codec:2138:725|codec:2138:726|codec:2138:727|codec:2138:728|codec:2138:729|codec:2138:730|codec:2138:731|codec:2138:732|codec:2138:733|codec:2138:734|codec:2138:735|codec:2138:736|codec:2138:737|codec:2138:738|codec:2138:739|codec:2138:740|codec:2138:741|codec:2138:742|codec:2138:743|codec:2138:744|codec:2138:745|codec:2138:746|codec:2138:747|codec:2138:748|codec:2138:749|codec:2138:750|codec:2138:751|codec:2138:752|codec:2138:753|codec:2138:754|codec:2138:755|codec:2138:756|codec:2138:757|codec:2138:758|codec:2138:759|codec:2138:760|codec:2138:761|codec:2138:762|codec:2138:763|codec:2138:764|codec:2138:765|codec:2138:766|codec:2138:767|codec:2138:768|codec:2138:769|codec:2138:770|codec:2138:771|codec:2138:772|codec:2138:773|codec:2138:774|codec:2138:775|codec:2138:776|codec:2138:777|codec:2138:778|codec:2138:779|codec:2138:780|codec:2138:781|codec:2138:782|codec:2138:783|codec:2138:784|codec:2138:785|codec:2138:786|codec:2138:787|codec:2138:788|codec:2138:789|codec:2138:790|codec:2138:791|codec:2138:792|codec:2138:793|codec:2138:794|codec:2138:795|codec:2138:796|codec:2138:797|codec:2138:798|codec:2138:799|codec:2138:800|codec:2138:801|codec:2138:802|codec:2138:803|codec:2138:804|codec:2138:805|codec:2138:806|codec:2138:807|codec:2138:808|codec:2138:809|codec:2138:810|codec:2138:811|codec:2138:812|codec:2138:813|codec:2138:814|codec:2138:815|codec:2138:816|codec:2138:817|codec:2138:818|codec:2138:819|codec:2138:820|codec:2138:821|codec:2138:822|codec:2138:823|codec:2138:824|codec:2138:825|codec:2138:826|codec:2138:827|codec:2138:828|codec:2138:829|codec:2138:830|codec:2138:831|codec:2138:832|codec:2138:833|codec:2138:834|codec:2138:835|codec:2138:836|codec:2138:837|codec:2138:838|codec:2138:839|codec:2138:840|codec:2138:841|codec:2138:842|codec:2138:843|codec:2138:844|codec:2138:845|codec:2138:846|codec:2138:847|codec:2138:848|codec:2138:849|codec:2138:850|codec:2138:851|codec:2138:852|codec:2138:853|codec:2138:854|codec:2138:855|codec:2138:856|codec:2138:857|codec:2138:858|codec:2138:859|codec:2138:860|codec:2138:861|codec:2138:862|codec:2138:863|codec:2138:864|codec:2138:865|codec:2138:866|codec:2138:867|codec:2138:868|codec:2138:869|codec:2138:870|codec:2138:871|codec:2138:872|codec:2138:873|codec:2138:874|codec:2138:875|codec:2138:876|codec:2138:877|codec:2138:878|codec:2138:879|codec:2138:880|codec:2138:881|codec:2138:882|codec:2138:883|codec:2138:884|codec:2138:885|codec:2138:886|codec:2138:887|codec:2138:888|codec:2138:889|codec:2138:890|codec:2138:891|codec:2138:892|codec:2138:893|codec:2138:894|codec:2138:895|codec:2138:896|codec:2138:897|codec:2138:898|codec:2138:899|codec:2138:900|codec:2138:901|codec:2138:902|codec:2138:903|codec:2138:904|codec:2138:905|codec:2138:906|codec:2138:907|codec:2138:908|codec:2138:909|codec:2138:910|codec:2138:911|codec:2138:912|codec:2138:913|codec:2138:914|codec:2138:915|codec:2138:916|codec:2138:917|codec:2138:918|codec:2138:919|codec:2138:920|codec:2138:921|codec:2138:922|codec:2138:923|codec:2138:924|codec:2138:925|codec:2138:926|codec:2138:927|codec:2138:928|codec:2138:929|codec:2138:930|codec:2138:931|codec:2138:932|codec:2138:933|codec:2138:934|codec:2138:935|codec:2138:936|codec:2138:937|codec:2138:938|codec:2138:939|codec:2138:940|codec:2138:941|codec:2138:942|codec:2138:943|codec:2138:944|codec:2138:945|codec:2138:946|codec:2138:947|codec:2138:948|codec:2138:949|codec:2138:950|codec:2138:951|codec:2138:952|codec:2138:953|codec:2138:954|codec:2138:955|codec:2138:956|codec:2138:957|codec:2138:958|codec:2138:959|codec:2138:960|codec:2138:961|codec:2138:962|codec:2138:963|codec:2138:964|codec:2138:965|codec:2138:966|codec:2138:967|codec:2138:968|codec:2138:969|codec:2138:970|codec:2138:971|codec:2138:972|codec:2138:973|codec:2138:974|codec:2138:975|codec:2138:976|codec:2138:977|codec:2138:978|codec:2138:979|codec:2138:980|codec:2138:981|codec:2138:982|codec:2138:983|codec:2138:984|codec:2138:985|codec:2138:986|codec:2138:987|codec:2138:988|codec:2138:989|codec:2138:990|codec:2138:991|codec:2138:992|codec:2138:993|codec:2138:994|codec:2138:995|codec:2138:996|codec:2138:997|codec:2138:998|codec:2138:999|codec:2138:1000|codec:2138:1001|codec:2138:1002|codec:2138:1003|codec:2138:1004|codec:2138:1005|codec:2138:1006|codec:2138:1007|codec:2138:1008|codec:2138:1009|codec:2138:1010|codec:2138:1011|codec:2138:1012|codec:2138:1013|codec:2138:1014|codec:2138:1015|codec:2138:1016|codec:2138:1017|codec:2138:1018|codec:2138:1019|codec:2138:1020|codec:2138:1021|codec:2138:1022|codec:2138:1023|codec:2138:1024|codec:2138:1025|codec:2138:1026|codec:2138:1027|codec:2138:1028|codec:2138:1029|codec:2138:1030|codec:2138:1031|codec:2138:1032|codec:2138:1033|codec:2138:1034|codec:2138:1035|codec:2138:1036|codec:2138:1037|codec:2138:1038|codec:2138:1039|codec:2138:1040|codec:2138:1041|codec:2138:1042|codec:2138:1043|codec:2138:1044|codec:2138:1045|codec:2138:1046|codec:2138:1047|codec:2138:1048|codec:2138:1049|codec:2138:1050|codec:2138:1051|codec:2138:1052|codec:2138:1053|codec:2138:1054|codec:2138:1055|codec:2138:1056|codec:2138:1057|codec:2138:1058|codec:2138:1059|codec:2138:1060|codec:2138:1061|codec:2138:1062|codec:2138:1063|codec:2138:1064|codec:2138:1065|codec:2138:1066|codec:2138:1067|codec:2138:1068|codec:2138:1069|codec:2138:1070|codec:2138:1071|codec:2138:1072|codec:2138:1073|codec:2138:1074|codec:2138:1075|codec:2138:1076|codec:2138:1077|codec:2138:1078|codec:2138:1079|codec:2138:1080|codec:2138:1081|codec:2138:1082|codec:2138:1083|codec:2138:1084|codec:2138:1085|codec:2138:1086|codec:2138:1087|codec:2138:1088|codec:2138:1089|codec:2138:1090|codec:2138:1091|codec:2138:1092|codec:2138:1093|codec:2138:1094|codec:2138:1095|codec:2138:1096|codec:2138:1097|codec:2138:1098|codec:2138:1099|codec:2138:1100|codec:2138:1101|codec:2138:1102|codec:2138:1103|codec:2138:1104|codec:2138:1105|codec:2138:1106|codec:2138:1107|codec:2138:1108|codec:2138:1109|codec:2138:1110|codec:2138:1111|codec:2138:1112|codec:2138:1113|codec:2138:1114|codec:2138:1115|codec:2138:1116|codec:2138:1117|codec:2138:1118|codec:2138:1119|codec:2138:1120|codec:2138:1121|codec:2138:1122|codec:2138:1123|codec:2138:1124|codec:2138:1125|codec:2138:1126|codec:2138:1127|codec:2138:1128|codec:2138:1129|codec:2138:1130|codec:2138:1131|codec:2138:1132|codec:2138:1133|codec:2138:1134|codec:2138:1135|codec:2138:1136|codec:2138:1137|codec:2138:1138|codec:2138:1139|codec:2138:1140|codec:2138:1141|codec:2138:1142|codec:2138:1143|codec:2138:1144|codec:2138:1145|codec:2138:1146|codec:2138:1147|codec:2138:1148|codec:2138:1149|codec:2138:1150|codec:2138:1151|codec:2138:1152|codec:2138:1153|codec:2138:1154|codec:2138:1155|codec:2138:1156|codec:2138:1157|codec:2138:1158|codec:2138:1159|codec:2138:1160|codec:2138:1161|codec:2138:1162|codec:2138:1163|codec:2138:1164|codec:2138:1165|codec:2138:1166|codec:2138:1167|codec:2138:1168|codec:2138:1169|codec:2138:1170|codec:2138:1171|codec:2138:1172|codec:2138:1173|codec:2138:1174|codec:2138:1175|codec:2138:1176|codec:2138:1177|codec:2138:1178|codec:2138:1179|codec:2138:1180|codec:2138:1181|codec:2138:1182|codec:2138:1183|codec:2138:1184|codec:2138:1185|codec:2138:1186|codec:2138:1187|codec:2138:1188|codec:2138:1189|codec:2138:1190|codec:2138:1191|codec:2138:1192|codec:2138:1193|codec:2138:1194|codec:2138:1195|codec:2138:1196|codec:2138:1197|codec:2138:1198|codec:2138:1199|codec:2138:1200|codec:2138:1201|codec:2138:1202|codec:2138:1203|codec:2138:1204|codec:2138:1205|codec:2138:1206|codec:2138:1207|codec:2138:1208|codec:2138:1209|codec:2138:1210|codec:2138:1211|codec:2138:1212|codec:2138:1213|codec:2138:1214|codec:2138:1215|codec:2138:1216|codec:2138:1217|codec:2138:1218|codec:2138:1219|codec:2138:1220|codec:2138:1221|codec:2138:1222|codec:2138:1223|codec:2138:1224|codec:2138:1225|codec:2138:1226|codec:2138:1227|codec:2138:1228|codec:2138:1229|codec:2138:1230|codec:2138:1231|codec:2138:1232|codec:2138:1233|codec:2138:1234|codec:2138:1235|codec:2138:1236|codec:2138:1237|codec:2138:1238|codec:2138:1239|codec:2138:1240|codec:2138:1241|codec:2138:1242|codec:2138:1243|codec:2138:1244|codec:2138:1245|codec:2138:1246|codec:2138:1247|codec:2138:1248|codec:2138:1249|codec:2138:1250|codec:2138:1251|codec:2138:1252|codec:2138:1253|codec:2138:1254|codec:2138:1255|codec:2138:1256|codec:2138:1257|codec:2138:1258|codec:2138:1259|codec:2138:1260|codec:2138:1261|codec:2138:1262|codec:2138:1263|codec:2138:1264|codec:2138:1265|codec:2138:1266|codec:2138:1267|codec:2138:1268|codec:2138:1269|codec:2138:1270|codec:2138:1271|codec:2138:1272|codec:2138:1273|codec:2138:1274|codec:2138:1275|codec:2138:1276|codec:2138:1277|codec:2138:1278|codec:2138:1279|codec:2138:1280|codec:2138:1281|codec:2138:1282|codec:2138:1283|codec:2138:1284|codec:2138:1285|codec:2138:1286|codec:2138:1287|codec:2138:1288|codec:2138:1289|codec:2138:1290|codec:2138:1291|codec:2138:1292|codec:2138:1293|codec:2138:1294|codec:2138:1295|codec:2138:1296|codec:2138:1297|codec:2138:1298|codec:2138:1299|codec:2138:1300|codec:2138:1301|codec:2138:1302|codec:2138:1303|codec:2138:1304|codec:2138:1305|codec:2138:1306|codec:2138:1307|codec:2138:1308|codec:2138:1309|codec:2138:1310|codec:2138:1311|codec:2138:1312|codec:2138:1313|codec:2138:1314|codec:2138:1315|codec:2138:1316|codec:2138:1317|codec:2138:1318|codec:2138:1319|codec:2138:1320|codec:2138:1321|codec:2138:1322|codec:2138:1323|codec:2138:1324|codec:2138:1325|codec:2138:1326|codec:2138:1327|codec:2138:1328|codec:2138:1329|codec:2138:1330|codec:2138:1331|codec:2138:1332|codec:2138:1333|codec:2138:1334|codec:2138:1335|codec:2138:1336|codec:2138:1337|codec:2138:1338|codec:2138:1339|codec:2138:1340|codec:2138:1341|codec:2138:1342|codec:2138:1343|codec:2138:1344|codec:2138:1345|codec:2138:1346|codec:2138:1347|codec:2138:1348|codec:2138:1349|codec:2138:1350|codec:2138:1351|codec:2138:1352|codec:2138:1353|codec:2138:1354|codec:2138:1355|codec:2138:1356|codec:2138:1357|codec:2138:1358|codec:2138:1359|codec:2138:1360|codec:2138:1361|codec:2138:1362|codec:2138:1363|codec:2138:1364|codec:2138:1365|codec:2138:1366|codec:2138:1367|codec:2138:1368|codec:2138:1369|codec:2138:1370|codec:2138:1372|codec:2138:1373|codec:2138:1374|codec:2138:1375|codec:2138:1376|codec:2138:1377|codec:2138:1378|codec:2138:1379|codec:2138:1380|codec:2138:1381|codec:2138:1382|codec:2138:1383|codec:2138:1384|codec:2138:1385|codec:2138:1386|codec:2138:1387|codec:2138:1388|codec:2138:1389|codec:2138:1390|codec:2138:1391|codec:2138:1392|codec:2138:1393|codec:2138:1394|codec:2138:1395|codec:2138:1396|codec:2138:1397|codec:2138:1398|codec:2138:1399|codec:2138:1400|codec:2138:1401|codec:2138:1402|codec:2138:1403|codec:2138:1404|codec:2138:1405|codec:2138:1406|codec:2138:1407|codec:2138:1408|codec:2138:1409|codec:2138:1410|codec:2138:1411|codec:2138:1412|codec:2138:1413|codec:2138:1414|codec:2138:1415|codec:2138:1416|codec:2138:1417|codec:2138:1418|codec:2138:1419|codec:2138:1420|codec:2138:1421|codec:2138:1422|codec:2138:1423|codec:2138:1424|codec:2138:1425|codec:2138:1426|codec:2138:1427|codec:2138:1428|codec:2138:1429|codec:2138:1430|codec:2138:1431|codec:2138:1432|codec:2138:1434|codec:2138:1435|codec:2138:1436|codec:2138:1437|codec:2138:1438|codec:2138:1439|codec:2138:1440|codec:2138:1441|codec:2138:1442|codec:2138:1443|codec:2138:1444|codec:2138:1445|codec:2138:1447|codec:2138:1448|codec:2138:1449|codec:2138:1450|codec:2138:1451|codec:2138:1452|codec:2138:1453|codec:2138:1454|codec:2138:1455|codec:2138:1456|codec:2138:1457|codec:2138:1458|codec:2138:1459|codec:2138:1460|codec:2138:1461|codec:2138:1462|codec:2138:1463|codec:2138:1464|codec:2138:1465|codec:2138:1466|codec:2138:1467|codec:2138:1468|codec:2138:1469|codec:2138:1470|codec:2138:1471|codec:2138:1472|codec:2138:1473|codec:2138:1474|codec:2138:1475|codec:2138:1476|codec:2138:1477|codec:2138:1478|codec:2138:1479|codec:2138:1480|codec:2138:1481|codec:2138:1482|codec:2138:1483|codec:2138:1484|codec:2138:1485|codec:2138:1486|codec:2138:1487|codec:2138:1488|codec:2138:1489|codec:2138:1490|codec:2138:1491|codec:2138:1492|codec:2138:1493|codec:2138:1494|codec:2138:1495|codec:2138:1496|codec:2138:1497|codec:2138:1498|codec:2138:1499|codec:2138:1500|codec:2138:1501|codec:2138:1502|codec:2138:1503|codec:2138:1504|codec:2138:1505|codec:2138:1506|codec:2138:1507|codec:2138:1508|codec:2138:1509|codec:2138:1510|codec:2138:1511|codec:2138:1512|codec:2138:1513|codec:2138:1514|codec:2138:1515|codec:2138:1516|codec:2138:1517|codec:2138:1518|codec:2138:1519|codec:2138:1520|codec:2138:1521|codec:2138:1522|codec:2138:1523|codec:2138:1524|codec:2138:1525|codec:2138:1526|codec:2138:1527|codec:2138:1528|codec:2138:1529|codec:2138:1530|codec:2138:1531|codec:2138:1532|codec:2138:1533|codec:2138:1534|codec:2138:1535|codec:2138:1536|codec:2138:1537|codec:2138:1538|codec:2138:1540|codec:2138:1541|codec:2138:1542|codec:2138:1543|codec:2138:1544|codec:2138:1545|codec:2138:1546|codec:2138:1547|codec:2138:1548|codec:2138:1549|codec:2138:1550|codec:2138:1551|codec:2138:1552|codec:2138:1553|codec:2138:1554|codec:2138:1555|codec:2138:1556|codec:2138:1557|codec:2138:1558|codec:2138:1559|codec:2138:1560|codec:2138:1561|codec:2138:1562|codec:2138:1563|codec:2138:1564|codec:2138:1565|codec:2138:1566|codec:2138:1567|codec:2138:1568|codec:2138:1569|codec:2138:1570|codec:2138:1571|codec:2138:1572|codec:2138:1573|codec:2138:1574|codec:2138:1575|codec:2138:1576|codec:2138:1577|codec:2138:1578|codec:2138:1579|codec:2138:1580|codec:2138:1581|codec:2138:1582|codec:2138:1583|codec:2138:1584|codec:2138:1585|codec:2138:1586|codec:2138:1587|codec:2138:1588|codec:2138:1589|codec:2138:1590|codec:2138:1591|codec:2138:1592|codec:2138:1593|codec:2138:1594|codec:2138:1595|codec:2138:1596|codec:2138:1597|codec:2138:1598|codec:2138:1599|codec:2138:1600|codec:2138:1601|codec:2138:1602|codec:2138:1603|codec:2138:1604|codec:2138:1605|codec:2138:1606|codec:2138:1607|codec:2138:1608|codec:2138:1609|codec:2138:1610|codec:2138:1611|codec:2138:1612|codec:2138:1613|codec:2138:1614|codec:2138:1615|codec:2138:1616|codec:2138:1617|codec:2138:1618|codec:2138:1619|codec:2138:1620|codec:2138:1621|codec:2138:1622|codec:2138:1623|codec:2138:1624|codec:2138:1625|codec:2138:1626|codec:2138:1627|codec:2138:1628|codec:2138:1629|codec:2138:1630|codec:2138:1631|codec:2138:1632|codec:2138:1633|codec:2138:1634|codec:2138:1635|codec:2138:1636|codec:2138:1637|codec:2138:1638|codec:2138:1639|codec:2138:1640|codec:2138:1641|codec:2138:1642|codec:2138:1643|codec:2138:1644|codec:2138:1645|codec:2138:1646|codec:2138:1647|codec:2138:1648|codec:2138:1649|codec:2138:1650|codec:2138:1651|codec:2138:1652|codec:2138:1653|codec:2138:1654|codec:2138:1655|codec:2138:1656|codec:2138:1657|codec:2138:1658|codec:2138:1659|codec:2138:1660|codec:2138:1661|codec:2138:1662|codec:2138:1663|codec:2138:1664|codec:2138:1665|codec:2138:1666|codec:2138:1667|codec:2138:1668|codec:2138:1669|codec:2138:1670|codec:2138:1671|codec:2138:1672|codec:2138:1673|codec:2138:1674|codec:2138:1675|codec:2138:1676|codec:2138:1677|codec:2138:1678|codec:2138:1679|codec:2138:1680|codec:2138:1681|codec:2138:1682|codec:2138:1683|codec:2138:1684|codec:2138:1685|codec:2138:1686|codec:2138:1687|codec:2138:1688|codec:2138:1689|codec:2138:1690|codec:2138:1691|codec:2138:1692|codec:2138:1693|codec:2138:1694|codec:2138:1695|codec:2138:1696|codec:2138:1697|codec:2138:1698|codec:2138:1699|codec:2138:1700|codec:2138:1701|codec:2138:1702|codec:2138:1703|codec:2138:1704|codec:2138:1705|codec:2138:1706|codec:2138:1707|codec:2138:1708|codec:2138:1709|codec:2138:1710|codec:2138:1711|codec:2138:1712|codec:2138:1713|codec:2138:1714|codec:2138:1715|codec:2138:1716|codec:2138:1717|codec:2138:1718|codec:2138:1719|codec:2138:1720|codec:2138:1721|codec:2138:1722|codec:2138:1723|codec:2138:1724|codec:2138:1725|codec:2138:1726|codec:2138:1727|codec:2138:1728|codec:2138:1729|codec:2138:1730|codec:2138:1731|codec:2138:1732|codec:2138:1733|codec:2138:1734|codec:2138:1735|codec:2138:1736|codec:2138:1737|codec:2138:1738|codec:2138:1739|codec:2138:1740|codec:2138:1741|codec:2138:1742|codec:2138:1743|codec:2138:1744|codec:2138:1745|codec:2138:1746|codec:2138:1747|codec:2138:1748|codec:2138:1749|codec:2138:1750|codec:2138:1751|codec:2138:1752|codec:2138:1753|codec:2138:1754|codec:2138:1755|codec:2138:1756|codec:2138:1757|codec:2138:1758|codec:2138:1759|codec:2138:1760|codec:2138:1761|codec:2138:1762|codec:2138:1763|codec:2138:1764|codec:2138:1765|codec:2138:1766|codec:2138:1767|codec:2138:1768|codec:2138:1769|codec:2138:1770|codec:2138:1771|codec:2138:1772|codec:2138:1773|codec:2138:1774|codec:2138:1775|codec:2138:1776|codec:2138:1777|codec:2138:1778|codec:2138:1779|codec:2138:1780|codec:2138:1781|codec:2138:1782|codec:2138:1783|codec:2138:1784|codec:2138:1785|codec:2138:1786|codec:2138:1787|codec:2138:1788|codec:2138:1789|codec:2138:1790|codec:2138:1791|codec:2138:1792|codec:2138:1793|codec:2138:1794|codec:2138:1795|codec:2138:1796|codec:2138:1797|codec:2138:1798|codec:2138:1799|codec:2138:1800|codec:2138:1801|codec:2138:1802|codec:2138:1803|codec:2138:1804|codec:2138:1805|codec:2138:1806|codec:2138:1807|codec:2138:1808|codec:2138:1809|codec:2138:1810|codec:2138:1811|codec:2138:1812|codec:2138:1813|codec:2138:1814|codec:2138:1815|codec:2138:1816|codec:2138:1817|codec:2138:1818|codec:2138:1819|codec:2138:1820|codec:2138:1821|codec:2138:1822|codec:2138:1823|codec:2138:1824|codec:2138:1825|codec:2138:1826|codec:2138:1827|codec:2138:1828|codec:2138:1829|codec:2138:1830|codec:2138:1831|codec:2138:1832|codec:2138:1833|codec:2138:1834|codec:2138:1835|codec:2138:1836|codec:2138:1837|codec:2138:1838|codec:2138:1839|codec:2138:1840|codec:2138:1841|codec:2138:1842|codec:2138:1843|codec:2138:1844|codec:2138:1845|codec:2138:1846|codec:2138:1847|codec:2138:1848|codec:2138:1849|codec:2138:1850|codec:2138:1851|codec:2138:1852|codec:2138:1853|codec:2138:1854|codec:2138:1855|codec:2138:1856|codec:2138:1857|codec:2138:1858|codec:2138:1859|codec:2138:1860|codec:2138:1861|codec:2138:1862|codec:2138:1863|codec:2138:1864|codec:2138:1865|codec:2138:1866|codec:2138:1867|codec:2138:1868|codec:2138:1869|codec:2138:1870|codec:2138:1871|codec:2138:1872|codec:2138:1873|codec:2138:1874|codec:2138:1875|codec:2138:1876|codec:2138:1877|codec:2138:1878|codec:2138:1879|codec:2138:1880|codec:2138:1881|codec:2138:1882|codec:2138:1883|codec:2138:1884|codec:2138:1885|codec:2138:1886|codec:2138:1887|codec:2138:1888|codec:2138:1889|codec:2138:1890|codec:2138:1891|codec:2138:1892|codec:2138:1893|codec:2138:1894|codec:2138:1895|codec:2138:1896|codec:2138:1897|codec:2138:1898|codec:2138:1899|codec:2138:1900|codec:2138:1901|codec:2138:1902|codec:2138:1903|codec:2138:1904|codec:2138:1905|codec:2138:1906|codec:2138:1907|codec:2138:1908|codec:2138:1909|codec:2138:1910|codec:2138:1911|codec:2138:1912|codec:2138:1913|codec:2138:1914|codec:2138:1915|codec:2138:1916|codec:2138:1917|codec:2138:1918|codec:2138:1919|codec:2138:1920|codec:2138:1921|codec:2138:1922|codec:2138:1923|codec:2138:1924|codec:2138:1925|codec:2138:1926|codec:2138:1927|codec:2138:1928|codec:2138:1929|codec:2138:1930|codec:2138:1931|codec:2138:1932|codec:2138:1933|codec:2138:1934|codec:2138:1935|codec:2138:1936|codec:2138:1937|codec:2138:1938|codec:2138:1939|codec:2138:1940|codec:2138:1941|codec:2138:1942|codec:2138:1943|codec:2138:1944|codec:2138:1945|codec:2138:1946|codec:2138:1947|codec:2138:1948|codec:2138:1949|codec:2138:1950|codec:2138:1951|codec:2138:1952|codec:2138:1953|codec:2138:1954|codec:2138:1955|codec:2138:1956|codec:2138:1957|codec:2138:1958|codec:2138:1959|codec:2138:1960|codec:2138:1961|codec:2138:1962|codec:2138:1963|codec:2138:1964|codec:2138:1965|codec:2138:1966|codec:2138:1967|codec:2138:1968|codec:2138:1969|codec:2138:1970|codec:2138:1971|codec:2138:1972|codec:2138:1973|codec:2138:1974|codec:2138:1975|codec:2138:1976|codec:2138:1977|codec:2138:1978|codec:2138:1979|codec:2138:1980|codec:2138:1981|codec:2138:1982|codec:2138:1983|codec:2138:1984|codec:2138:1985|codec:2138:1986|codec:2138:1987|codec:2138:1988|codec:2138:1989|codec:2138:1990|codec:2138:1991|codec:2138:1992|codec:2138:1993|codec:2138:1994|codec:2138:1995|codec:2138:1996|codec:2138:1997|codec:2138:1998|codec:2138:1999|codec:2138:2000|codec:2138:2001|codec:2138:2002|codec:2138:2003|codec:2138:2004|codec:2138:2005|codec:2138:2006|codec:2138:2007|codec:2138:2008|codec:2138:2009|codec:2138:2010|codec:2138:2011|codec:2138:2012|codec:2138:2013|codec:2138:2014|codec:2138:2015|codec:2138:2016|codec:2138:2017|codec:2138:2018|codec:2138:2019|codec:2138:2020|codec:2138:2021|codec:2138:2022|codec:2138:2023|codec:2138:2024|codec:2138:2025|codec:2138:2026|codec:2138:2027|codec:2138:2028|codec:2138:2029|codec:2138:2030|codec:2138:2031|codec:2138:2032|codec:2138:2033|codec:2138:2034|codec:2138:2035|codec:2138:2036|codec:2138:2037|codec:2138:2038|codec:2138:2039|codec:2138:2040|codec:2138:2041|codec:2138:2042|codec:2138:2043|codec:2138:2044|codec:2138:2045|codec:2138:2046|codec:2138:2047|codec:2138:2048|codec:2138:2049|codec:2138:2050|codec:2138:2051|codec:2138:2052|codec:2138:2053|codec:2138:2054|codec:2138:2055|codec:2138:2056|codec:2138:2057|codec:2138:2058|codec:2138:2059|codec:2138:2060|codec:2138:2061|codec:2138:2062|codec:2138:2063|codec:2138:2064|codec:2138:2065|codec:2138:2066|codec:2138:2067|codec:2138:2068|codec:2138:2069|codec:2138:2070|codec:2138:2071|codec:2138:2072|codec:2138:2073|codec:2138:2074|codec:2138:2075|codec:2138:2076|codec:2138:2077|codec:2138:2078|codec:2138:2079|codec:2138:2080|codec:2138:2081|codec:2138:2082|codec:2138:2083|codec:2138:2084|codec:2138:2085|codec:2138:2086|codec:2138:2087|codec:2138:2088|codec:2138:2089|codec:2138:2090|codec:2138:2091|codec:2138:2092|codec:2138:2093|codec:2138:2094|codec:2138:2095|codec:2138:2096|codec:2138:2097|codec:2138:2098|codec:2138:2099|codec:2138:2100|codec:2138:2101|codec:2138:2102|codec:2138:2103|codec:2138:2104|codec:2138:2105|codec:2138:2106|codec:2138:2107|codec:2138:2108|codec:2138:2109|codec:2138:2110|codec:2138:2111|codec:2138:2112|codec:2138:2113|codec:2138:2114|codec:2138:2115|codec:2138:2116|codec:2138:2117|codec:2138:2118|codec:2138:2119|codec:2138:2120|codec:2138:2121|codec:2138:2122|codec:2138:2123|codec:2138:2124|codec:2138:2125|codec:2138:2126|codec:2138:2127|codec:2138:2128|codec:2138:2129|codec:2138:2130|codec:2138:2131|codec:2138:2132|codec:2138:2133|codec:2138:2134|codec:2138:2135|codec:2138:2136|codec:2138:2137|codec:2138:2138|codec:2138:2139|codec:2138:2140|codec:2138:2141|codec:2138:2142|codec:2138:2143|codec:2138:2144|codec:2138:2145|codec:2138:2146|codec:2138:2147|codec:2138:2148|codec:2138:2149|codec:2138:2150|codec:2138:2151|codec:2138:2152|codec:2138:2153|codec:2138:2154|codec:2138:2155|codec:2138:2156|codec:2138:2157|codec:2138:2158|codec:2138:2159|codec:2138:2160|codec:2138:2161|codec:2138:2162|codec:2138:2163|codec:2138:2164|codec:2138:2165|codec:2138:2166|codec:2138:2167|codec:2138:2168|codec:2138:2169|codec:2138:2170|codec:2138:2171|codec:2138:2172|codec:2138:2173|codec:2138:2174|codec:2138:2175|codec:2138:2176|codec:2138:2177|codec:2138:2178|codec:2138:2179|codec:2138:2180|codec:2138:2181|codec:2138:2182|codec:2138:2183|codec:2138:2184|codec:2138:2185|codec:2138:2186|codec:2138:2187|codec:2138:2188|codec:2138:2189|codec:2138:2190|codec:2138:2191|codec:2138:2192|codec:2138:2193|codec:2138:2194|codec:2138:2195|codec:2138:2196|codec:2138:2197|codec:2138:2198|codec:2138:2199|codec:2138:2200|codec:2138:2201|codec:2138:2202|codec:2138:2203|codec:2138:2204|codec:2138:2205|codec:2138:2206|codec:2138:2207|codec:2138:2208|codec:2138:2209|codec:2138:2210|codec:2138:2211|codec:2138:2212|codec:2138:2213|codec:2138:2214|codec:2138:2215|codec:2138:2216|codec:2138:2217|codec:2138:2218|codec:2138:2219|codec:2138:2220|codec:2138:2221|codec:2138:2222|codec:2138:2223|codec:2138:2224|codec:2138:2225|codec:2138:2226|codec:2138:2227|codec:2138:2228|codec:2138:2229|codec:2138:2230|codec:2138:2231|codec:2138:2232|codec:2138:2233|codec:2138:2234|codec:2138:2235|codec:2138:2236|codec:2138:2237|codec:2138:2238|codec:2138:2239|codec:2138:2240|codec:2138:2241|codec:2138:2242|codec:2138:2243|codec:2138:2244|codec:2138:2245|codec:2138:2246|codec:2138:2247|codec:2138:2248|codec:2138:2249|codec:2138:2250|codec:2138:2251|codec:2138:2252|codec:2138:2253|codec:2138:2254|codec:2138:2255|codec:2138:2256|codec:2138:2257|codec:2138:2258|codec:2138:2259|codec:2138:2260|codec:2138:2261|codec:2138:2262|codec:2138:2263|codec:2138:2264|codec:2138:2265|codec:2138:2266|codec:2138:2267|codec:2138:2268|codec:2138:2269|codec:2138:2270|codec:2138:2271|codec:2138:2272|codec:2138:2273|codec:2138:2274|codec:2138:2275|codec:2138:2276|codec:2138:2277|codec:2138:2278|codec:2138:2279|codec:2138:2280|codec:2138:2281|codec:2138:2282|codec:2138:2283|codec:2138:2284|codec:2138:2285|codec:2138:2286|codec:2138:2287|codec:2138:2288|codec:2138:2289|codec:2138:2290|codec:2138:2291|codec:2138:2292|codec:2138:2293|codec:2138:2294|codec:2138:2295|codec:2138:2296|codec:2138:2297|codec:2138:2298|codec:2138:2299|codec:2138:2300|codec:2138:2301|codec:2138:2302|codec:2138:2303|codec:2138:2304|codec:2138:2305|codec:2138:2306|codec:2138:2307|codec:2138:2308|codec:2138:2309|codec:2138:2310|codec:2138:2311|codec:2138:2312|codec:2138:2313|codec:2138:2314|codec:2138:2315|codec:2138:2316|codec:2138:2317|codec:2138:2318|codec:2138:2319|codec:2138:2320|codec:2138:2321|codec:2138:2322|codec:2138:2323|codec:2138:2324|codec:2138:2325|codec:2138:2326|codec:2138:2327|codec:2138:2328|codec:2138:2329|codec:2138:2330|codec:2138:2331|codec:2138:2332|codec:2138:2333|codec:2138:2334|codec:2138:2335|codec:2138:2336|codec:2138:2337|codec:2138:2338|codec:2138:2339|codec:2138:2340|codec:2138:2341|codec:2138:2342|codec:2138:2343|codec:2138:2344|codec:2138:2345|codec:2138:2346|codec:2138:2347|codec:2138:2348|codec:2138:2349|codec:2138:2350|codec:2138:2351|codec:2138:2352|codec:2138:2353|codec:2138:2354|codec:2138:2355|codec:2138:2356|codec:2138:2357|codec:2138:2358|codec:2138:2359|codec:2138:2360|codec:2138:2361|codec:2138:2362|codec:2138:2363|codec:2138:2364|codec:2138:2365|codec:2138:2366|codec:2138:2367|codec:2138:2368|codec:2138:2369|codec:2138:2370|codec:2138:2371|codec:2138:2372|codec:2138:2373|codec:2138:2374|codec:2138:2375|codec:2138:2376|codec:2138:2377|codec:2138:2378|codec:2138:2379|codec:2138:2380|codec:2138:2381|codec:2138:2382|codec:2138:2383|codec:2138:2384|codec:2138:2385|codec:2138:2386|codec:2138:2387|codec:2138:2388|codec:2138:2389|codec:2138:2390|codec:2138:2391|codec:2138:2392|codec:2138:2393|codec:2138:2394|codec:2138:2395|codec:2138:2396|codec:2138:2397|codec:2138:2398|codec:2138:2399|codec:2138:2400|codec:2138:2401|codec:2138:2402|codec:2138:2403|codec:2138:2404|codec:2138:2405|codec:2138:2406|codec:2138:2407|codec:2138:2408|codec:2138:2409|codec:2138:2410|codec:2138:2411|codec:2138:2412|codec:2138:2413|codec:2138:2414|codec:2138:2415|codec:2138:2416|codec:2138:2417|codec:2138:2418|codec:2138:2419|codec:2138:2420|codec:2138:2421|codec:2138:2422|codec:2138:2423|codec:2138:2424|codec:2138:2425|codec:2138:2426|codec:2138:2427|codec:2138:2428|codec:2138:2429|codec:2138:2430|codec:2138:2431|codec:2138:2432|codec:2138:2433|codec:2138:2434|codec:2138:2435|codec:2138:2436|codec:2138:2437|codec:2138:2438|codec:2138:2439|codec:2138:2440|codec:2138:2441|codec:2138:2442|codec:2138:2443|codec:2138:2444|codec:2138:2445|codec:2138:2446|codec:2138:2447|codec:2138:2448|codec:2138:2449|codec:2138:2450|codec:2138:2451|codec:2138:2452|codec:2138:2453|codec:2138:2454|codec:2138:2455|codec:2138:2456|codec:2138:2457|codec:2138:2458|codec:2138:2459|codec:2138:2460|codec:2138:2461|codec:2138:2462|codec:2138:2463|codec:2138:2464|codec:2138:2465|codec:2138:2466|codec:2138:2467|codec:2138:2468|codec:2138:2469|codec:2138:2470|codec:2138:2471|codec:2138:2472|codec:2138:2473|codec:2138:2474|codec:2138:2475|codec:2138:2476|codec:2138:2477|codec:2138:2478|codec:2138:2479|codec:2138:2480|codec:2138:2481|codec:2138:2482|codec:2138:2483|codec:2138:2484|codec:2138:2485|codec:2138:2486|codec:2138:2487|codec:2138:2488|codec:2138:2489|codec:2138:2490|codec:2138:2491|codec:2138:2492|codec:2138:2493|codec:2138:2494|codec:2138:2495|codec:2138:2496|codec:2138:2497|codec:2138:2498|codec:2138:2499|codec:2138:2500|codec:2138:2501|codec:2138:2502|codec:2138:2503|codec:2138:2504|codec:2138:2505|codec:2138:2506|codec:2138:2507|codec:2138:2508|codec:2138:2509|codec:2138:2510|codec:2138:2511|codec:2138:2512|codec:2138:2513|codec:2138:2514|codec:2138:2515|codec:2138:2516|codec:2138:2517|codec:2138:2518|codec:2138:2519|codec:2138:2520|codec:2138:2521|codec:2138:2522|codec:2138:2523|codec:2138:2524|codec:2138:2525|codec:2138:2526|codec:2138:2527|codec:2138:2528|codec:2138:2529|codec:2138:2530|codec:2138:2531|codec:2138:2532|codec:2138:2533|codec:2138:2534|codec:2138:2535|codec:2138:2536|codec:2138:2537|codec:2138:2538|codec:2138:2539|codec:2138:2540|codec:2138:2541|codec:2138:2542|codec:2138:2543|codec:2138:2544|codec:2138:2545|codec:2138:2546|codec:2138:2547|codec:2138:2548|codec:2138:2549|codec:2138:2550|codec:2138:2551|codec:2138:2552|codec:2138:2553|codec:2138:2554|codec:2138:2555|codec:2138:2556|codec:2138:2557|codec:2138:2558|codec:2138:2559|codec:2138:2560|codec:2138:2561|codec:2138:2562|codec:2138:2563|codec:2138:2564|codec:2138:2565|codec:2138:2566|codec:2138:2567|codec:2138:2568|codec:2138:2569|codec:2138:2570|codec:2138:2571|codec:2138:2572|codec:2138:2573|codec:2138:2574|codec:2138:2575|codec:2138:2576|codec:2138:2577|codec:2138:2578|codec:2138:2579|codec:2138:2580|codec:2138:2581|codec:2138:2582|codec:2138:2583|codec:2138:2584|codec:2138:2585|codec:2138:2586|codec:2138:2587|codec:2138:2588|codec:2138:2589|codec:2138:2590|codec:2138:2591|codec:2138:2592|codec:2138:2593|codec:2138:2594|codec:2138:2595|codec:2138:2596|codec:2138:2597|codec:2138:2598|codec:2138:2599|codec:2138:2600|codec:2138:2601|codec:2138:2602|codec:2138:2603|codec:2138:2604|codec:2138:2605|codec:2138:2606|codec:2138:2607|codec:2138:2608|codec:2138:2609|codec:2138:2610|codec:2138:2611|codec:2138:2612|codec:2138:2613|codec:2138:2614|codec:2138:2615|codec:2138:2616|codec:2138:2617|codec:2138:2618|codec:2138:2619|codec:2138:2620|codec:2138:2621|codec:2138:2622|codec:2138:2623|codec:2138:2624|codec:2138:2625|codec:2138:2626|codec:2138:2627|codec:2138:2628|codec:2138:2629|codec:2138:2630|codec:2138:2631|codec:2138:2632|codec:2138:2633|codec:2138:2634|codec:2138:2635|codec:2138:2636|codec:2138:2637|codec:2138:2638|codec:2138:2639|codec:2138:2640|codec:2138:2641|codec:2138:2642|codec:2138:2643|codec:2138:2644|codec:2138:2645|codec:2138:2646|codec:2138:2647|codec:2138:2648|codec:2138:2649|codec:2138:2650|codec:2138:2651|codec:2138:2652|codec:2138:2653|codec:2138:2654|codec:2138:2655|codec:2138:2656|codec:2138:2657|codec:2138:2658|codec:2138:2659|codec:2138:2660|codec:2138:2661|codec:2138:2662|codec:2138:2663|codec:2138:2664|codec:2138:2665|codec:2138:2666|codec:2138:2667|codec:2138:2668|codec:2138:2669|codec:2138:2670|codec:2138:2671|codec:2138:2672|codec:2138:2673|codec:2138:2674|codec:2138:2675|codec:2138:2676|codec:2138:2677|codec:2138:2678|codec:2138:2679|codec:2138:2680|codec:2138:2681|codec:2138:2682|codec:2138:2683|codec:2138:2684|codec:2138:2685|codec:2138:2686|codec:2138:2687|codec:2138:2688|codec:2138:2689|codec:2138:2690|codec:2138:2691|codec:2138:2692|codec:2138:2693|codec:2138:2694|codec:2138:2695|codec:2138:2696|codec:2138:2697|codec:2138:2698|codec:2138:2699|codec:2138:2700|codec:2138:2701|codec:2138:2702|codec:2138:2703|codec:2138:2704|codec:2138:2705|codec:2138:2706|codec:2138:2707|codec:2138:2708|codec:2138:2709|codec:2138:2710|codec:2138:2711|codec:2138:2712|codec:2138:2713|codec:2138:2714|codec:2138:2715|codec:2138:2716|codec:2138:2717|codec:2138:2718|codec:2138:2719|codec:2138:2720|codec:2138:2721|codec:2138:2722|codec:2138:2723|codec:2138:2724|codec:2138:2725|codec:2138:2726|codec:2138:2727|codec:2138:2728|codec:2138:2729|codec:2138:2730|codec:2138:2731|codec:2138:2732|codec:2138:2733|codec:2138:2734|codec:2138:2735|codec:2138:2736|codec:2138:2737|codec:2138:2738|codec:2138:2739|codec:2138:2740|codec:2138:2741|codec:2138:2742|codec:2138:2743|codec:2138:2744|codec:2138:2745|codec:2138:2746|codec:2138:2747|codec:2138:2748|codec:2138:2749|codec:2138:2750|codec:2138:2751|codec:2138:2752|codec:2138:2753|codec:2138:2754|codec:2138:2755|codec:2138:2756|codec:2138:2757|codec:2138:2758|codec:2138:2759|codec:2138:2760|codec:2138:2761|codec:2138:2762|codec:2138:2763|codec:2138:2764|codec:2138:2765|codec:2138:2766|codec:2138:2767|codec:2138:2768|codec:2138:2769|codec:2138:2770|codec:2138:2771|codec:2138:2772|codec:2138:2773|codec:2138:2774|codec:2138:2775|codec:2138:2776|codec:2138:2777|codec:2138:2778|codec:2138:2779|codec:2138:2780|codec:2138:2781|codec:2138:2782|codec:2138:2783|codec:2138:2784|codec:2138:2785|codec:2138:2786|codec:2138:2787|codec:2138:2788|codec:2138:2789|codec:2138:2790|codec:2138:2791|codec:2138:2792|codec:2138:2793|codec:2138:2794|codec:2138:2795|codec:2138:2796|codec:2138:2797|codec:2138:2798|codec:2138:2799|codec:2138:2800|codec:2138:2801|codec:2138:2802|codec:2138:2803|codec:2138:2804|codec:2138:2805|codec:2138:2806|codec:2138:2807|codec:2138:2808|codec:2138:2809|codec:2138:2810|codec:2138:2811|codec:2138:2812|codec:2138:2813|codec:2138:2814|codec:2138:2815|codec:2138:2816|codec:2138:2817|codec:2138:2818|codec:2138:2819|codec:2138:2820|codec:2138:2821|codec:2138:2822|codec:2138:2823|codec:2138:2824|codec:2138:2825|codec:2138:2826|codec:2138:2827|codec:2138:2828|codec:2138:2829|codec:2138:2830|codec:2138:2831|codec:2138:2832|codec:2138:2833|codec:2138:2834|codec:2138:2835|codec:2138:2836|codec:2138:2837|codec:2138:2838|codec:2138:2839|codec:2138:2840|codec:2138:2841|codec:2138:2842|codec:2138:2843|codec:2138:2844|codec:2138:2845|codec:2138:2846|codec:2138:2847|codec:2138:2848|codec:2138:2849|codec:2138:2850|codec:2138:2851|codec:2138:2852|codec:2138:2853|codec:2138:2854|codec:2138:2855|codec:2138:2856|codec:2138:2857|codec:2138:2858|codec:2138:2859|codec:2138:2860|codec:2138:2861|codec:2138:2862|codec:2138:2863|codec:2138:2864|codec:2138:2865|codec:2138:2866|codec:2138:2867|codec:2138:2868|codec:2138:2869|codec:2138:2870|codec:2138:2871|codec:2138:2872|codec:2138:2873|codec:2138:2874|codec:2138:2875|codec:2138:2876|codec:2138:2877|codec:2138:2878|codec:2138:2879|codec:2138:2880|codec:2138:2881|codec:2138:2883|codec:2138:2884|codec:2138:2885|codec:2138:2886|codec:2138:2887|codec:2138:2888|codec:2138:2889|codec:2138:2890|codec:2138:2891|codec:2138:2892|codec:2138:2893|codec:2138:2894|codec:2138:2895|codec:2138:2896|codec:2138:2897|codec:2138:2898|codec:2138:2899|codec:2138:2900|codec:2138:2901|codec:2138:2902|codec:2138:2903|codec:2138:2904|codec:2138:2905|codec:2138:2906|codec:2138:2907|codec:2138:2908|codec:2138:2909|codec:2138:2910|codec:2138:2911|codec:2138:2912|codec:2138:2913|codec:2138:2914|codec:2138:2915|codec:2138:2916|codec:2138:2917|codec:2138:2918|codec:2138:2919|codec:2138:2920|codec:2138:2921|codec:2138:2922|codec:2138:2923|codec:2138:2924|codec:2138:2925|codec:2138:2926|codec:2138:2927|codec:2138:2928|codec:2138:2929|codec:2138:2930|codec:2138:2931|codec:2138:2932|codec:2138:2933|codec:2138:2934|codec:2138:2935|codec:2138:2936|codec:2138:2937|codec:2138:2938|codec:2138:2939|codec:2138:2940|codec:2138:2941|codec:2138:2942|codec:2138:2943|codec:2138:2944|codec:2138:2945|codec:2138:2946|codec:2138:2947|codec:2138:2948|codec:2138:2949|codec:2138:2950|codec:2138:2951|codec:2138:2952|codec:2138:2953|codec:2138:2954|codec:2138:2955|codec:2138:2956|codec:2138:2958|codec:2138:2959|codec:2138:2960|codec:2138:2961|codec:2138:2962|codec:2138:2963|codec:2138:2964|codec:2138:2965|codec:2138:2966|codec:2138:2967|codec:2138:2968|codec:2138:2969|codec:2138:2970|codec:2138:2971|codec:2138:2972|codec:2138:2973|codec:2138:2974|codec:2138:2975|codec:2138:2976|codec:2138:2977|codec:2138:2978|codec:2138:2979|codec:2138:2980|codec:2138:2981|codec:2138:2982|codec:2138:2983|codec:2138:2984|codec:2138:2985|codec:2138:2986|codec:2138:2987|codec:2138:2988|codec:2138:2989|codec:2138:2990|codec:2138:2991|codec:2138:2992|codec:2138:2993|codec:2138:2994|codec:2138:2995|codec:2138:2996|codec:2138:2997|codec:2138:2998|codec:2138:2999|codec:2138:3000|codec:2138:3001|codec:2138:3002|codec:2138:3003|codec:2138:3004|codec:2138:3005|codec:2138:3006|codec:2138:3007|codec:2138:3008|codec:2138:3009|codec:2138:3010|codec:2138:3011|codec:2138:3012|codec:2138:3013|codec:2138:3014|codec:2138:3015|codec:2138:3016|codec:2138:3017|codec:2138:3018|codec:2138:3019|codec:2138:3020|codec:2138:3021|codec:2138:3022|codec:2138:3023|codec:2138:3024|codec:2138:3025|codec:2138:3026|codec:2138:3027|codec:2138:3028|codec:2138:3029|codec:2138:3030|codec:2138:3031|codec:2138:3032|codec:2138:3033|codec:2138:3034|codec:2138:3035|codec:2138:3036|codec:2138:3037|codec:2138:3038|codec:2138:3039|codec:2138:3040|codec:2138:3041|codec:2138:3042|codec:2138:3043|codec:2138:3044|codec:2138:3045|codec:2138:3046|codec:2138:3047|codec:2138:3048|codec:2138:3049|codec:2138:3050|codec:2138:3051|codec:2138:3052|codec:2138:3053|codec:2138:3054|codec:2138:3055|codec:2138:3056|codec:2138:3057|codec:2138:3058|codec:2138:3059|codec:2138:3060|codec:2138:3061|codec:2138:3062|codec:2138:3063|codec:2138:3064|codec:2138:3065|codec:2138:3066|codec:2138:3067|codec:2138:3068|codec:2138:3069|codec:2138:3070|codec:2138:3071|codec:2138:3072|codec:2138:3073|codec:2138:3074|codec:2138:3075|codec:2138:3076|codec:2138:3077|codec:2138:3078|codec:2138:3079|codec:2138:3080|codec:2138:3081|codec:2138:3082|codec:2138:3083|codec:2138:3084|codec:2138:3085|codec:2138:3086|codec:2138:3087|codec:2138:3088|codec:2138:3089|codec:2138:3090|codec:2138:3091|codec:2138:3092|codec:2138:3093|codec:2138:3094|codec:2138:3095|codec:2138:3096|codec:2138:3097|codec:2138:3098|codec:2138:3099|codec:2138:3100|codec:2138:3101|codec:2138:3102|codec:2138:3103|codec:2138:3104|codec:2138:3105|codec:2138:3106|codec:2138:3107|codec:2138:3108|codec:2138:3109|codec:2138:3110|codec:2138:3111|codec:2138:3112|codec:2138:3113|codec:2138:3114|codec:2138:3115|codec:2138:3116|codec:2138:3117|codec:2138:3118|codec:2138:3119|codec:2138:3120|codec:2138:3121|codec:2138:3122|codec:2138:3123|codec:2138:3124|codec:2138:3125|codec:2138:3126|codec:2138:3127|codec:2138:3128|codec:2138:3129|codec:2138:3130|codec:2138:3131|codec:2138:3132|codec:2138:3133|codec:2138:3134|codec:2138:3135|codec:2138:3136|codec:2138:3137|codec:2138:3138|codec:2138:3139|codec:2138:3140|codec:2138:3141|codec:2138:3142|codec:2138:3143|codec:2138:3144|codec:2138:3145|codec:2138:3146|codec:2138:3147|codec:2138:3148|codec:2138:3149|codec:2138:3150|codec:2138:3151|codec:2138:3152|codec:2138:3153|codec:2138:3154|codec:2138:3155|codec:2138:3156|codec:2138:3157|codec:2138:3158|codec:2138:3159|codec:2138:3160|codec:2138:3161|codec:2138:3162|codec:2138:3163|codec:2138:3164|codec:2138:3165|codec:2138:3166|codec:2138:3167|codec:2138:3168|codec:2138:3169|codec:2138:3170|codec:2138:3171|codec:2138:3172|codec:2138:3173|codec:2138:3174|codec:2138:3175|codec:2138:3176|codec:2138:3177|codec:2138:3178|codec:2138:3179|codec:2138:3180|codec:2138:3181|codec:2138:3182|codec:2138:3183|codec:2138:3184|codec:2138:3185|codec:2138:3186|codec:2138:3187|codec:2138:3188|codec:2138:3189|codec:2138:3190|codec:2138:3191|codec:2138:3192|codec:2138:3193|codec:2138:3194|codec:2138:3195|codec:2138:3196|codec:2138:3197|codec:2138:3198|codec:2138:3199|codec:2138:3200|codec:2138:3201|codec:2138:3202|codec:2138:3203|codec:2138:3204|codec:2138:3205|codec:2138:3206|codec:2138:3207|codec:2138:3208|codec:2138:3209|codec:2138:3210|codec:2138:3211|codec:2138:3212|codec:2138:3213|codec:2138:3214|codec:2138:3215|codec:2138:3216|codec:2138:3217|codec:2138:3218|codec:2138:3219|codec:2138:3220|codec:2138:3221|codec:2138:3222|codec:2138:3223|codec:2138:3224|codec:2138:3225|codec:2138:3226|codec:2138:3227|codec:2138:3228|codec:2138:3229|codec:2138:3230|codec:2138:3231|codec:2138:3232|codec:2138:3233|codec:2138:3234|codec:2138:3235|codec:2138:3236|codec:2138:3237|codec:2138:3238|codec:2138:3239|codec:2138:3240|codec:2138:3241|codec:2138:3242|codec:2138:3243|codec:2138:3244|codec:2138:3245|codec:2138:3246|codec:2138:3247|codec:2138:3248|codec:2138:3249|codec:2138:3250|codec:2138:3251|codec:2138:3252|codec:2138:3253|codec:2138:3254|codec:2138:3255|codec:2138:3256|codec:2138:3257|codec:2138:3258|codec:2138:3259|codec:2138:3260|codec:2138:3261|codec:2138:3262|codec:2138:3263|codec:2138:3264|codec:2138:3265|codec:2138:3266|codec:2138:3267|codec:2138:3268|codec:2138:3269|codec:2138:3270|codec:2138:3271|codec:2138:3272|codec:2138:3273|codec:2138:3274|codec:2138:3275|codec:2138:3276|codec:2138:3277|codec:2138:3278|codec:2138:3279|codec:2138:3280|codec:2138:3281|codec:2138:3282|codec:2138:3283|codec:2138:3284|codec:2138:3285|codec:2138:3286|codec:2138:3287|codec:2138:3288|codec:2138:3289|codec:2138:3290|codec:2138:3291|codec:2138:3292|codec:2138:3293|codec:2138:3294|codec:2138:3295|codec:2138:3296|codec:2138:3297|codec:2138:3298|codec:2138:3299|codec:2138:3300|codec:2138:3301|codec:2138:3302|codec:2138:3303|codec:2138:3304|codec:2138:3305|codec:2138:3306|codec:2138:3307|codec:2138:3308|codec:2138:3309|codec:2138:3310|codec:2138:3311|codec:2138:3312|codec:2138:3313|codec:2138:3314|codec:2138:3315|codec:2138:3316|codec:2138:3317|codec:2138:3318|codec:2138:3319|codec:2138:3320|codec:2138:3321|codec:2138:3322|codec:2138:3323|codec:2138:3324|codec:2138:3325|codec:2138:3326|codec:2138:3327|codec:2138:3328|codec:2138:3329|codec:2138:3330|codec:2138:3331|codec:2138:3332|codec:2138:3333|codec:2138:3334|codec:2138:3335|codec:2138:3336|codec:2138:3337|codec:2138:3338|codec:2138:3339|codec:2138:3340|codec:2138:3341|codec:2138:3342|codec:2138:3343|codec:2138:3344|codec:2138:3345|codec:2138:3346|codec:2138:3347|codec:2138:3348|codec:2138:3349|codec:2138:3350|codec:2138:3351|codec:2138:3352|codec:2138:3353|codec:2138:3354|codec:2138:3355|codec:2138:3356|codec:2138:3357|codec:2138:3358|codec:2138:3359|codec:2138:3360|codec:2138:3361|codec:2138:3362|codec:2138:3363|codec:2138:3364|codec:2138:3365|codec:2138:3366|codec:2138:3367|codec:2138:3368|codec:2138:3369|codec:2138:3370|codec:2138:3371|codec:2138:3372|codec:2138:3373|codec:2138:3374|codec:2138:3375|codec:2138:3376|codec:2138:3377|codec:2138:3378|codec:2138:3379|codec:2138:3380|codec:2138:3381|codec:2138:3382|codec:2138:3383|codec:2138:3384|codec:2138:3385|codec:2138:3386|codec:2138:3387|codec:2138:3388|codec:2138:3389|codec:2138:3390|codec:2138:3391|codec:2138:3392|codec:2138:3393|codec:2138:3394|codec:2138:3395|codec:2138:3396|codec:2138:3397|codec:2138:3398|codec:2138:3399|codec:2138:3400|codec:2138:3401|codec:2138:3402|codec:2138:3403|codec:2138:3404|codec:2138:3405|codec:2138:3406|codec:2138:3407|codec:2138:3408|codec:2138:3409|codec:2138:3410|codec:2138:3411|codec:2138:3412|codec:2138:3413|codec:2138:3414|codec:2138:3415|codec:2138:3416|codec:2138:3417|codec:2138:3418|codec:2138:3419|codec:2138:3420|codec:2138:3421|codec:2138:3422|codec:2138:3423|codec:2138:3424|codec:2138:3425|codec:2138:3426|codec:2138:3427|codec:2138:3428|codec:2138:3429|codec:2138:3430|codec:2138:3431|codec:2138:3432|codec:2138:3433|codec:2138:3434|codec:2138:3435|codec:2138:3436|codec:2138:3437|codec:2138:3438|codec:2138:3439|codec:2138:3440|codec:2138:3441|codec:2138:3442|codec:2138:3443|codec:2138:3444|codec:2138:3445|codec:2138:3446|codec:2138:3447|codec:2138:3448|codec:2138:3449|codec:2138:3450|codec:2138:3451|codec:2138:3452|codec:2138:3453|codec:2138:3454|codec:2138:3455|codec:2138:3456|codec:2138:3457|codec:2138:3458|codec:2138:3459|codec:2138:3460|codec:2138:3461|codec:2138:3462|codec:2138:3463|codec:2138:3464|codec:2138:3465|codec:2138:3466|codec:2138:3467|codec:2138:3468|codec:2138:3469|codec:2138:3470|codec:2138:3471|codec:2138:3472|codec:2138:3473|codec:2138:3474|codec:2138:3475|codec:2138:3476|codec:2138:3477|codec:2138:3478|codec:2138:3479|codec:2138:3480|codec:2138:3481|codec:2138:3482|codec:2138:3483|codec:2138:3484|codec:2138:3485|codec:2138:3486|codec:2138:3487|codec:2138:3488|codec:2138:3489|codec:2138:3490|codec:2138:3491|codec:2138:3492|codec:2138:3493|codec:2138:3494|codec:2138:3495|codec:2138:3496|codec:2138:3497|codec:2138:3498|codec:2138:3499|codec:2138:3500|codec:2138:3501|codec:2138:3502|codec:2138:3503|codec:2138:3504|codec:2138:3505|codec:2138:3506|codec:2138:3507|codec:2138:3508|codec:2138:3509|codec:2138:3511|codec:2138:3512|codec:2138:3513|codec:2138:3514|codec:2138:3515|codec:2138:3516|codec:2138:3517|codec:2138:3518|codec:2138:3519|codec:2138:3520|codec:2138:3521|codec:2138:3522|codec:2138:3523|codec:2138:3524|codec:2138:3525|codec:2138:3527|codec:2138:3528|codec:2138:3529|codec:2138:3530|codec:2138:3531|codec:2138:3532|codec:2138:3533|codec:2138:3534|codec:2138:3535|codec:2138:3536|codec:2138:3537|codec:2138:3538|codec:2138:3539|codec:2138:3540|codec:2138:3541|codec:2138:3542|codec:2138:3543|codec:2138:3544|codec:2138:3545|codec:2138:3546|codec:2138:3547|codec:2138:3548|codec:2138:3549|codec:2138:3550|codec:2138:3551|codec:2138:3552|codec:2138:3553|codec:2138:3554|codec:2138:3555|codec:2138:3556|codec:2138:3557|codec:2138:3558|codec:2138:3559|codec:2138:3560|codec:2138:3561|codec:2138:3562|codec:2138:3563|codec:2138:3564|codec:2138:3565|codec:2138:3566|codec:2138:3567|codec:2138:3568|codec:2138:3569|codec:2138:3570|codec:2138:3571|codec:2138:3572|codec:2138:3573|codec:2138:3574|codec:2138:3575|codec:2138:3576|codec:2138:3577|codec:2138:3578|codec:2138:3579|codec:2138:3580|codec:2138:3581|codec:2138:3582|codec:2138:3583|codec:2138:3584|codec:2138:3585|codec:2138:3586|codec:2138:3587|codec:2138:3588|codec:2138:3589|codec:2138:3590|codec:2138:3591|codec:2138:3592|codec:2138:3593|codec:2138:3594|codec:2138:3595|codec:2138:3596|codec:2138:3597|codec:2138:3598|codec:2138:3599|codec:2138:3600|codec:2138:3601|codec:2138:3602|codec:2138:3603|codec:2138:3604|codec:2138:3605|codec:2138:3606|codec:2138:3607|codec:2138:3608|codec:2138:3609|codec:2138:3610|codec:2138:3611|codec:2138:3612|codec:2138:3613|codec:2138:3614|codec:2138:3615|codec:2138:3616|codec:2138:3617|codec:2138:3618|codec:2138:3619|codec:2138:3620|codec:2138:3621|codec:2138:3622|codec:2138:3623|codec:2138:3624|codec:2138:3625|codec:2138:3626|codec:2138:3627|codec:2138:3628|codec:2138:3629|codec:2138:3630|codec:2138:3631|codec:2138:3632|codec:2138:3633|codec:2138:3634|codec:2138:3635|codec:2138:3636|codec:2138:3637|codec:2138:3638|codec:2138:3639|codec:2138:3640|codec:2138:3641|codec:2138:3642|codec:2138:3643|codec:2138:3644|codec:2138:3645|codec:2138:3646|codec:2138:3647|codec:2138:3648|codec:2138:3649|codec:2138:3650|codec:2138:3651|codec:2138:3652|codec:2138:3653|codec:2138:3654|codec:2138:3655|codec:2138:3656|codec:2138:3657|codec:2138:3658|codec:2138:3659|codec:2138:3660|codec:2138:3661|codec:2138:3662|codec:2138:3663|codec:2138:3664|codec:2138:3665|codec:2138:3666|codec:2138:3667|codec:2138:3668|codec:2138:3670|codec:2138:3671|codec:2138:3672|codec:2138:3673|codec:2138:3674|codec:2138:3675|codec:2138:3676|codec:2138:3677|codec:2138:3678|codec:2138:3679|codec:2138:3680|codec:2138:3681|codec:2138:3682|codec:2138:3683|codec:2138:3684|codec:2138:3685|codec:2138:3686|codec:2138:3687|codec:2138:3688|codec:2138:3689|codec:2138:3690|codec:2138:3691|codec:2138:3692|codec:2138:3693|codec:2138:3694|codec:2138:3695|codec:2138:3696|codec:2138:3697|codec:2138:3698|codec:2138:3699|codec:2138:3700|codec:2138:3701|codec:2138:3702|codec:2138:3703|codec:2138:3704|codec:2138:3705|codec:2138:3706|codec:2138:3707|codec:2138:3708|codec:2138:3709|codec:2138:3710|codec:2138:3711|codec:2138:3712|codec:2138:3713|codec:2138:3714|codec:2138:3715|codec:2138:3716|codec:2138:3717|codec:2138:3718|codec:2138:3719|codec:2138:3720|codec:2138:3721|codec:2138:3722|codec:2138:3723|codec:2138:3724|codec:2138:3725|codec:2138:3726|codec:2138:3727|codec:2138:3728|codec:2138:3729|codec:2138:3730|codec:2138:3731|codec:2138:3732|codec:2138:3733|codec:2138:3734|codec:2138:3735|codec:2138:3736|codec:2138:3737|codec:2138:3738|codec:2138:3739|codec:2138:3740|codec:2138:3741|codec:2138:3742|codec:2138:3743|codec:2138:3744|codec:2138:3745|codec:2138:3746|codec:2138:3747|codec:2138:3748|codec:2138:3749|codec:2138:3750|codec:2138:3751|codec:2138:3752|codec:2138:3753|codec:2138:3754|codec:2138:3755|codec:2138:3756|codec:2138:3757|codec:2138:3758|codec:2138:3759|codec:2138:3760|codec:2138:3761|codec:2138:3762|codec:2138:3763|codec:2138:3764|codec:2138:3765|codec:2138:3766|codec:2138:3767|codec:2138:3768|codec:2138:3769|codec:2138:3770|codec:2138:3771|codec:2138:3772|codec:2138:3773|codec:2138:3774|codec:2138:3775|codec:2138:3776|codec:2138:3777|codec:2138:3778|codec:2138:3779|codec:2138:3780|codec:2138:3781|codec:2138:3782|codec:2138:3783|codec:2138:3784|codec:2138:3785|codec:2138:3786|codec:2138:3787|codec:2138:3788|codec:2138:3789|codec:2138:3790|codec:2138:3791|codec:2138:3792|codec:2138:3793|codec:2138:3794|codec:2138:3795|codec:2138:3796|codec:2138:3797|codec:2138:3798|codec:2138:3799|codec:2138:3800|codec:2138:3801|codec:2138:3802|codec:2138:3803|codec:2138:3804|codec:2138:3805|codec:2138:3806|codec:2138:3807|codec:2138:3808|codec:2138:3809|codec:2138:3810|codec:2138:3811|codec:2138:3812|codec:2138:3813|codec:2138:3814|codec:2138:3815|codec:2138:3816|codec:2138:3817|codec:2138:3818|codec:2138:3819|codec:2138:3820|codec:2138:3821|codec:2138:3822|codec:2138:3823|codec:2138:3824|codec:2138:3825|codec:2138:3826|codec:2138:3827|codec:2138:3828|codec:2138:3829|codec:2138:3830|codec:2138:3831|codec:2138:3832|codec:2138:3833|codec:2138:3834|codec:2138:3835|codec:2138:3836|codec:2138:3837|codec:2138:3838|codec:2138:3839|codec:2138:3840|codec:2138:3841|codec:2138:3842|codec:2138:3843|codec:2138:3844|codec:2138:3845|codec:2138:3846|codec:2138:3847|codec:2138:3848|codec:2138:3849|codec:2138:3850|codec:2138:3851|codec:2138:3852|codec:2138:3853|codec:2138:3854|codec:2138:3855|codec:2138:3856|codec:2138:3857|codec:2138:3858|codec:2138:3859|codec:2138:3860|codec:2138:3861|codec:2138:3862|codec:2138:3863|codec:2138:3864|codec:2138:3865|codec:2138:3866|codec:2138:3867|codec:2138:3868|codec:2138:3869|codec:2138:3870|codec:2138:3871|codec:2138:3872|codec:2138:3873|codec:2138:3874|codec:2138:3875|codec:2138:3876|codec:2138:3877|codec:2138:3878|codec:2138:3879|codec:2138:3880|codec:2138:3881|codec:2138:3882|codec:2138:3883|codec:2138:3884|codec:2138:3885|codec:2138:3886|codec:2138:3887|codec:2138:3888|codec:2138:3889|codec:2138:3890|codec:2138:3891|codec:2138:3892|codec:2138:3893|codec:2138:3894|codec:2138:3895|codec:2138:3896|codec:2138:3897|codec:2138:3898|codec:2138:3899|codec:2138:3900|codec:2138:3901|codec:2138:3902|codec:2138:3903|codec:2138:3904|codec:2138:3905|codec:2138:3906|codec:2138:3907|codec:2138:3908|codec:2138:3909|codec:2138:3910|codec:2138:3911|codec:2138:3912|codec:2138:3913|codec:2138:3914|codec:2138:3915|codec:2138:3916|codec:2138:3917|codec:2138:3918|codec:2138:3919|codec:2138:3920|codec:2138:3921|codec:2138:3922|codec:2138:3923|codec:2138:3924|codec:2138:3925|codec:2138:3926|codec:2138:3927|codec:2138:3928|codec:2138:3929|codec:2138:3930|codec:2138:3931|codec:2138:3932|codec:2138:3933|codec:2138:3934|codec:2138:3935|codec:2138:3936|codec:2138:3937|codec:2138:3938|codec:2138:3939|codec:2138:3940|codec:2138:3941|codec:2138:3942|codec:2138:3943|codec:2138:3944|codec:2138:3945|codec:2138:3946|codec:2138:3947|codec:2138:3948|codec:2138:3949|codec:2138:3950|codec:2138:3951|codec:2138:3952|codec:2138:3953|codec:2138:3954|codec:2138:3955|codec:2138:3956|codec:2138:3957|codec:2138:3958|codec:2138:3959|codec:2138:3960|codec:2138:3961|codec:2138:3962|codec:2138:3963|codec:2138:3964|codec:2138:3965|codec:2138:3966|codec:2138:3967|codec:2138:3968|codec:2138:3969|codec:2138:3970|codec:2138:3971|codec:2138:3972|codec:2138:3973|codec:2138:3974|codec:2138:3975|codec:2138:3976|codec:2138:3977|codec:2138:3978|codec:2138:3979|codec:2138:3980|codec:2138:3981|codec:2138:3982|codec:2138:3983|codec:2138:3984|codec:2138:3985|codec:2138:3986|codec:2138:3987|codec:2138:3988|codec:2138:3989|codec:2138:3990|codec:2138:3991|codec:2138:3992|codec:2138:3993|codec:2138:3994|codec:2138:3995|codec:2138:3996|codec:2138:3997|codec:2138:3998|codec:2138:3999|codec:2138:4000|codec:2138:4001|codec:2138:4002|codec:2138:4003|codec:2138:4004|codec:2138:4005|codec:2138:4006|codec:2138:4007|codec:2138:4008|codec:2138:4009|codec:2138:4010|codec:2138:4011|codec:2138:4012|codec:2138:4013|codec:2138:4014|codec:2138:4015|codec:2138:4016|codec:2138:4017|codec:2138:4018|codec:2138:4019|codec:2138:4020|codec:2138:4021|codec:2138:4022|codec:2138:4023|codec:2138:4024|codec:2138:4025|codec:2138:4026|codec:2138:4027|codec:2138:4028|codec:2138:4029|codec:2138:4030|codec:2138:4031|codec:2138:4032|codec:2138:4033|codec:2138:4034|codec:2138:4035|codec:2138:4036|codec:2138:4037|codec:2138:4038|codec:2138:4039|codec:2138:4040|codec:2138:4041|codec:2138:4042|codec:2138:4043|codec:2138:4044|codec:2138:4045|codec:2138:4046|codec:2138:4047|codec:2138:4048|codec:2138:4049|codec:2138:4050|codec:2138:4051|codec:2138:4052|codec:2138:4053|codec:2138:4054|codec:2138:4055|codec:2138:4056|codec:2138:4057|codec:2138:4058|codec:2138:4059|codec:2138:4060|codec:2138:4061|codec:2138:4062|codec:2138:4063|codec:2138:4064|codec:2138:4065|codec:2138:4066|codec:2138:4067|codec:2138:4068|codec:2138:4069|codec:2138:4070|codec:2138:4071|codec:2138:4072|codec:2138:4073|codec:2138:4074|codec:2138:4075|codec:2138:4076|codec:2138:4077|codec:2138:4078|codec:2138:4079|codec:2138:4080|codec:2138:4081|codec:2138:4082|codec:2138:4083|codec:2138:4084|codec:2138:4085|codec:2138:4086|codec:2138:4087|codec:2138:4088|codec:2138:4089|codec:2138:4090|codec:2138:4091|codec:2138:4092|codec:2138:4093|codec:2138:4094|codec:2138:4095|codec:2138:4096|codec:2138:4097|codec:2138:4098|codec:2138:4099|codec:2138:4100|codec:2138:4101|codec:2138:4102|codec:2138:4103|codec:2138:4104|codec:2138:4105|codec:2138:4106|codec:2138:4107|codec:2138:4108|codec:2138:4109|codec:2138:4110|codec:2138:4111|codec:2138:4112|codec:2138:4113|codec:2138:4114|codec:2138:4115|codec:2138:4116|codec:2138:4117|codec:2138:4118|codec:2138:4119|codec:2138:4120|codec:2138:4121|codec:2138:4122|codec:2138:4123|codec:2138:4124|codec:2138:4125|codec:2138:4126|codec:2138:4127|codec:2138:4128|codec:2138:4129|codec:2138:4130|codec:2138:4131|codec:2138:4132|codec:2138:4133|codec:2138:4134|codec:2138:4135|codec:2138:4136|codec:2138:4137|codec:2138:4138|codec:2138:4139|codec:2138:4140|codec:2138:4141|codec:2138:4142|codec:2138:4143|codec:2138:4144|codec:2138:4145|codec:2138:4146|codec:2138:4147|codec:2138:4148|codec:2138:4149|codec:2138:4150|codec:2138:4151|codec:2138:4152|codec:2138:4153|codec:2138:4154|codec:2138:4155|codec:2138:4156|codec:2138:4157|codec:2138:4158|codec:2138:4159|codec:2138:4160|codec:2138:4161|codec:2138:4162|codec:2138:4163|codec:2138:4164|codec:2138:4165|codec:2138:4166|codec:2138:4167|codec:2138:4168|codec:2138:4169|codec:2138:4170|codec:2138:4171|codec:2138:4172|codec:2138:4173|codec:2138:4174|codec:2138:4175|codec:2138:4176|codec:2138:4177|codec:2138:4178|codec:2138:4179|codec:2138:4180|codec:2138:4181|codec:2138:4182|codec:2138:4183|codec:2138:4184|codec:2138:4186|codec:2138:4187|codec:2138:4188|codec:2138:4189|codec:2138:4190|codec:2138:4191|codec:2138:4192|codec:2138:4193|codec:2138:4194|codec:2138:4195|codec:2138:4196|codec:2138:4197|codec:2138:4198|codec:2138:4199|codec:2138:4200|codec:2138:4201|codec:2138:4202|codec:2138:4203|codec:2138:4204|codec:2138:4205|codec:2138:4206|codec:2138:4207|codec:2138:4208|codec:2138:4209|codec:2138:4210|codec:2138:4211|codec:2138:4212|codec:2138:4213|codec:2138:4214|codec:2138:4215|codec:2138:4216|codec:2138:4217|codec:2138:4218|codec:2138:4219|codec:2138:4220|codec:2138:4221|codec:2138:4222|codec:2138:4223|codec:2138:4224|codec:2138:4225|codec:2138:4226|codec:2138:4227|codec:2138:4228|codec:2138:4229|codec:2138:4230|codec:2138:4231|codec:2138:4232|codec:2138:4233|codec:2138:4234|codec:2138:4235|codec:2138:4236|codec:2138:4237|codec:2138:4238|codec:2138:4239|codec:2138:4240|codec:2138:4241|codec:2138:4242|codec:2138:4243|codec:2138:4244|codec:2138:4245|codec:2138:4246|codec:2138:4247|codec:2138:4248|codec:2138:4249|codec:2138:4250|codec:2138:4251|codec:2138:4252|codec:2138:4253|codec:2138:4254|codec:2138:4255|codec:2138:4256|codec:2138:4257|codec:2138:4258|codec:2138:4259|codec:2138:4260|codec:2138:4261|codec:2138:4262|codec:2138:4263|codec:2138:4264|codec:2138:4265|codec:2138:4266|codec:2138:4267|codec:2138:4268|codec:2138:4269|codec:2138:4270|codec:2138:4271|codec:2138:4272|codec:2138:4273|codec:2138:4274|codec:2138:4275|codec:2138:4276|codec:2138:4277|codec:2138:4278|codec:2138:4279|codec:2138:4280|codec:2138:4281|codec:2138:4282|codec:2138:4283|codec:2138:4284|codec:2138:4285|codec:2138:4286|codec:2138:4287|codec:2138:4288|codec:2138:4289|codec:2138:4290|codec:2138:4291|codec:2138:4292|codec:2138:4293|codec:2138:4294|codec:2138:4295|codec:2138:4296|codec:2138:4297|codec:2138:4298|codec:2138:4299|codec:2138:4300|codec:2138:4301|codec:2138:4302|codec:2138:4303|codec:2138:4304|codec:2138:4305|codec:2138:4306|codec:2138:4307|codec:2138:4308|codec:2138:4309|codec:2138:4310|codec:2138:4311|codec:2138:4312|codec:2138:4313|codec:2138:4314|codec:2138:4315|codec:2138:4316|codec:2138:4317|codec:2138:4318|codec:2138:4319|codec:2138:4320|codec:2138:4321|codec:2138:4322|codec:2138:4323|codec:2138:4324|codec:2138:4325|codec:2138:4326|codec:2138:4327|codec:2138:4328|codec:2138:4329|codec:2138:4330|codec:2138:4331|codec:2138:4332|codec:2138:4333|codec:2138:4334|codec:2138:4335|codec:2138:4336|codec:2138:4337|codec:2138:4338|codec:2138:4339|codec:2138:4340|codec:2138:4341|codec:2138:4342|codec:2138:4343|codec:2138:4344|codec:2138:4345|codec:2138:4346|codec:2138:4347|codec:2138:4349|codec:2138:4350|codec:2138:4351|codec:2138:4352|codec:2138:4354|codec:2138:4355|codec:2138:4356|codec:2138:4357|codec:2138:4358|codec:2138:4359|codec:2138:4360|codec:2138:4361|codec:2138:4362|codec:2138:4363|codec:2138:4364|codec:2138:4365|codec:2138:4366|codec:2138:4367|codec:2138:4368|codec:2138:4369|codec:2138:4370|codec:2138:4371|codec:2138:4372|codec:2138:4373|codec:2138:4374|codec:2138:4375|codec:2138:4376|codec:2138:4377|codec:2138:4378|codec:2138:4379|codec:2138:4380|codec:2138:4381|codec:2138:4382|codec:2138:4383|codec:2138:4384|codec:2138:4385|codec:2138:4386|codec:2138:4387|codec:2138:4388|codec:2138:4389|codec:2138:4390|codec:2138:4391|codec:2138:4392|codec:2138:4393|codec:2138:4394|codec:2138:4395|codec:2138:4396|codec:2138:4397|codec:2138:4398|codec:2138:4399|codec:2138:4400|codec:2138:4401|codec:2138:4402|codec:2138:4403|codec:2138:4404|codec:2138:4405|codec:2138:4406|codec:2138:4407|codec:2138:4408|codec:2138:4409|codec:2138:4410|codec:2138:4411|codec:2138:4412|codec:2138:4413|codec:2138:4414|codec:2138:4415|codec:2138:4416|codec:2138:4417|codec:2138:4418|codec:2138:4419|codec:2138:4420|codec:2138:4421|codec:2138:4422|codec:2138:4423|codec:2138:4424|codec:2138:4425|codec:2138:4426|codec:2138:4427|codec:2138:4428|codec:2138:4429|codec:2138:4430|codec:2138:4431|codec:2138:4432|codec:2138:4433|codec:2138:4434|codec:2138:4435|codec:2138:4436|codec:2138:4437|codec:2138:4438|codec:2138:4439|codec:2138:4440|codec:2138:4441|codec:2138:4442|codec:2138:4443|codec:2138:4444|codec:2138:4445|codec:2138:4446|codec:2138:4447|codec:2138:4448|codec:2138:4449|codec:2138:4450|codec:2138:4451|codec:2138:4452|codec:2138:4453|codec:2138:4454|codec:2138:4455|codec:2138:4456|codec:2138:4457|codec:2138:4458|codec:2138:4459|codec:2138:4460|codec:2138:4461|codec:2138:4462|codec:2138:4463|codec:2138:4464|codec:2138:4465|codec:2138:4466|codec:2138:4467|codec:2138:4469|codec:2138:4470|codec:2138:4471|codec:2138:4472|codec:2138:4473|codec:2138:4474|codec:2138:4475|codec:2138:4476|codec:2138:4477|codec:2138:4478|codec:2138:4479|codec:2138:4480|codec:2138:4481|codec:2138:4482|codec:2138:4483|codec:2138:4484|codec:2138:4485|codec:2138:4486|codec:2138:4487|codec:2138:4488|codec:2138:4489|codec:2138:4490|codec:2138:4491|codec:2138:4492|codec:2138:4493|codec:2138:4494|codec:2138:4495|codec:2138:4496|codec:2138:4497|codec:2138:4498|codec:2138:4499|codec:2138:4500|codec:2138:4501|codec:2138:4502|codec:2138:4503|codec:2138:4504|codec:2138:4505|codec:2138:4506|codec:2138:4507|codec:2138:4508|codec:2138:4509|codec:2138:4510|codec:2138:4511|codec:2138:4512|codec:2138:4513|codec:2138:4514|codec:2138:4515|codec:2138:4516|codec:2138:4517|codec:2138:4518|codec:2138:4519|codec:2138:4520|codec:2138:4521|codec:2138:4522|codec:2138:4523|codec:2138:4524|codec:2138:4525|codec:2138:4526|codec:2138:4527|codec:2138:4528|codec:2138:4529|codec:2138:4530|codec:2138:4531|codec:2138:4532|codec:2138:4533|codec:2138:4534|codec:2138:4535|codec:2138:4536|codec:2138:4537|codec:2138:4538|codec:2138:4539|codec:2138:4540|codec:2138:4541|codec:2138:4542|codec:2138:4543|codec:2138:4544|codec:2138:4545|codec:2138:4546|codec:2138:4547|codec:2138:4548|codec:2138:4549|codec:2138:4550|codec:2138:4551|codec:2138:4552|codec:2138:4553|codec:2138:4554|codec:2138:4555|codec:2138:4556|codec:2138:4557|codec:2138:4558|codec:2138:4559|codec:2138:4560|codec:2138:4561|codec:2138:4562|codec:2138:4563|codec:2138:4564|codec:2138:4565|codec:2138:4566|codec:2138:4567|codec:2138:4568|codec:2138:4569|codec:2138:4570|codec:2138:4571|codec:2138:4572|codec:2138:4573|codec:2138:4574|codec:2138:4575|codec:2138:4576|codec:2138:4577|codec:2138:4578|codec:2138:4579|codec:2138:4580|codec:2138:4581|codec:2138:4582|codec:2138:4583|codec:2138:4584|codec:2138:4585|codec:2138:4586|codec:2138:4587|codec:2138:4588|codec:2138:4589|codec:2138:4590|codec:2138:4591|codec:2138:4592|codec:2138:4593|codec:2138:4594|codec:2138:4595|codec:2138:4596|codec:2138:4597|codec:2138:4598|codec:2138:4599|codec:2138:4600|codec:2138:4601|codec:2138:4602|codec:2138:4603|codec:2138:4604|codec:2138:4605|codec:2138:4606|codec:2138:4607|codec:2138:4608|codec:2138:4609|codec:2138:4610|codec:2138:4611|codec:2138:4612|codec:2138:4613|codec:2138:4614|codec:2138:4615|codec:2138:4616|codec:2138:4617|codec:2138:4618|codec:2138:4619|codec:2138:4620|codec:2138:4621|codec:2138:4622|codec:2138:4623|codec:2138:4624|codec:2138:4625|codec:2138:4626|codec:2138:4627|codec:2138:4628|codec:2138:4629|codec:2138:4630|codec:2138:4631|codec:2138:4632|codec:2138:4633|codec:2138:4634|codec:2138:4635|codec:2138:4636|codec:2138:4638|codec:2138:4639|codec:2138:4640|codec:2138:4641|codec:2138:4642|codec:2138:4643|codec:2138:4644|codec:2138:4645|codec:2138:4646|codec:2138:4647|codec:2138:4648|codec:2138:4649|codec:2138:4650|codec:2138:4651|codec:2138:4652|codec:2138:4653|codec:2138:4654|codec:2138:4655|codec:2138:4656|codec:2138:4657|codec:2138:4658|codec:2138:4659|codec:2138:4660|codec:2138:4661|codec:2138:4662|codec:2138:4663|codec:2138:4664|codec:2138:4665|codec:2138:4666|codec:2138:4667|codec:2138:4668|codec:2138:4669|codec:2138:4670|codec:2138:4671|codec:2138:4672|codec:2138:4673|codec:2138:4674|codec:2138:4675|codec:2138:4676|codec:2138:4677|codec:2138:4678|codec:2138:4679|codec:2138:4680|codec:2138:4681|codec:2138:4682|codec:2138:4683|codec:2138:4684|codec:2138:4685|codec:2138:4686|codec:2138:4687|codec:2138:4688|codec:2138:4689|codec:2138:4690|codec:2138:4691|codec:2138:4692|codec:2138:4693|codec:2138:4694|codec:2138:4695|codec:2138:4696|codec:2138:4697|codec:2138:4698|codec:2138:4699|codec:2138:4700|codec:2138:4701|codec:2138:4702|codec:2138:4703|codec:2138:4704|codec:2138:4705|codec:2138:4706|codec:2138:4707|codec:2138:4708|codec:2138:4709|codec:2138:4710|codec:2138:4711|codec:2138:4712|codec:2138:4713|codec:2138:4714|codec:2138:4715|codec:2138:4716|codec:2138:4717|codec:2138:4718|codec:2138:4719|codec:2138:4720|codec:2138:4721|codec:2138:4722|codec:2138:4723|codec:2138:4724|codec:2138:4725|codec:2138:4726|codec:2138:4727|codec:2138:4728|codec:2138:4729|codec:2138:4730|codec:2138:4731|codec:2138:4732|codec:2138:4733|codec:2138:4734|codec:2138:4735|codec:2138:4736|codec:2138:4737|codec:2138:4738|codec:2138:4739|codec:2138:4740|codec:2138:4741|codec:2138:4742|codec:2138:4743|codec:2138:4744|codec:2138:4745|codec:2138:4746|codec:2138:4747|codec:2138:4748|codec:2138:4749|codec:2138:4750|codec:2138:4751|codec:2138:4752|codec:2138:4753|codec:2138:4754|codec:2138:4755|codec:2138:4756|codec:2138:4757|codec:2138:4758|codec:2138:4759|codec:2138:4760|codec:2138:4761|codec:2138:4762|codec:2138:4763|codec:2138:4764|codec:2138:4765|codec:2138:4766|codec:2138:4767|codec:2138:4768|codec:2138:4769|codec:2138:4770|codec:2138:4771|codec:2138:4772|codec:2138:4773|codec:2138:4774|codec:2138:4775|codec:2138:4776|codec:2138:4777|codec:2138:4778|codec:2138:4779|codec:2138:4780|codec:2138:4781|codec:2138:4782|codec:2138:4783|codec:2138:4784|codec:2138:4785|codec:2138:4786|codec:2138:4787|codec:2138:4788|codec:2138:4789|codec:2138:4790|codec:2138:4791|codec:2138:4792|codec:2138:4793|codec:2138:4794|codec:2138:4795|codec:2138:4796|codec:2138:4797|codec:2138:4798|codec:2138:4799|codec:2138:4800|codec:2138:4801|codec:2138:4802|codec:2138:4803|codec:2138:4804|codec:2138:4805|codec:2138:4806|codec:2138:4807|codec:2138:4808|codec:2138:4809|codec:2138:4810|codec:2138:4811|codec:2138:4812|codec:2138:4813|codec:2138:4814|codec:2138:4815|codec:2138:4816|codec:2138:4817|codec:2138:4818|codec:2138:4819|codec:2138:4820|codec:2138:4821|codec:2138:4822|codec:2138:4823|codec:2138:4824|codec:2138:4825|codec:2138:4826|codec:2138:4827|codec:2138:4828|codec:2138:4829|codec:2138:4830|codec:2138:4831|codec:2138:4832|codec:2138:4833|codec:2138:4834|codec:2138:4835|codec:2138:4836|codec:2138:4837|codec:2138:4838|codec:2138:4839|codec:2138:4840|codec:2138:4841|codec:2138:4842|codec:2138:4843|codec:2138:4844|codec:2138:4845|codec:2138:4846|codec:2138:4847|codec:2138:4848|codec:2138:4849|codec:2138:4850|codec:2138:4851|codec:2138:4852|codec:2138:4853|codec:2138:4854|codec:2138:4855|codec:2138:4856|codec:2138:4857|codec:2138:4858|codec:2138:4859|codec:2138:4860|codec:2138:4861|codec:2138:4862|codec:2138:4863|codec:2138:4864|codec:2138:4865|codec:2138:4866|codec:2138:4867|codec:2138:4868|codec:2138:4869|codec:2138:4870|codec:2138:4871|codec:2138:4872|codec:2138:4873|codec:2138:4874|codec:2138:4875|codec:2138:4876|codec:2138:4877|codec:2138:4878|codec:2138:4879|codec:2138:4880|codec:2138:4881|codec:2138:4882|codec:2138:4883|codec:2138:4884|codec:2138:4885|codec:2138:4886|codec:2138:4887|codec:2138:4888|codec:2138:4889|codec:2138:4890|codec:2138:4891|codec:2138:4892|codec:2138:4893|codec:2138:4894|codec:2138:4895|codec:2138:4896|codec:2138:4897|codec:2138:4898|codec:2138:4899|codec:2138:4900|codec:2138:4901|codec:2138:4902|codec:2138:4903|codec:2138:4904|codec:2138:4905|codec:2138:4906|codec:2138:4907|codec:2138:4908|codec:2138:4909|codec:2138:4910|codec:2138:4911|codec:2138:4912|codec:2138:4913|codec:2138:4914|codec:2138:4915|codec:2138:4916|codec:2138:4917|codec:2138:4918|codec:2138:4919|codec:2138:4920|codec:2138:4921|codec:2138:4922|codec:2138:4923|codec:2138:4924|codec:2138:4925|codec:2138:4926|codec:2138:4927|codec:2138:4928|codec:2138:4929|codec:2138:4930|codec:2138:4931|codec:2138:4932|codec:2138:4933|codec:2138:4934|codec:2138:4935|codec:2138:4936|codec:2138:4937|codec:2138:4938|codec:2138:4939|codec:2138:4940|codec:2138:4941|codec:2138:4942|codec:2138:4944|codec:2138:4945|codec:2138:4946|codec:2138:4947|codec:2138:4948|codec:2138:4949|codec:2138:4950|codec:2138:4951|codec:2138:4952|codec:2138:4954|codec:2138:4955|codec:2138:4956|codec:2138:4957|codec:2138:1433|codec:2138:2882|codec:2138:645|codec:2138:4348|codec:2138:3510|codec:2138:2957|codec:2138:1446|codec:2138:4468|codec:2138:3669|codec:2138:4185|codec:2138:3526|codec:2138:4353|codec:2138:4943|codec:2138:651|codec:2138:4637|codec:2138:1371|codec:2138:531|codec:2138:4958|codec:2138:4953|codec:2138:507|codec:2138:1539,confirmed_binary_and_builder_logic,per_gcx_size_preserved; no record relocation
codec,2139,no,0,,,0,,0,0,0,0,0,0,0,0,0,0,0,0,277764,0,0,,confirmed_binary_and_builder_logic,per_gcx_size_preserved; no record relocation
codec,2140,no,0,,,0,,0,0,0,0,0,0,0,0,0,0,0,0,1520,0,0,,confirmed_binary_and_builder_logic,per_gcx_size_preserved; no record relocation
codec,2141,no,0,,,0,,0,0,0,0,0,0,0,0,0,0,0,0,1496,0,0,,confirmed_binary_and_builder_logic,per_gcx_size_preserved; no record relocation
codec,2142,no,0,,,0,,0,0,0,0,0,0,0,0,0,0,0,0,1476,0,0,,confirmed_binary_and_builder_logic,per_gcx_size_preserved; no record relocation
codec,2143,no,0,,,0,,0,0,0,0,0,0,0,0,0,0,0,0,1536,0,0,,confirmed_binary_and_builder_logic,per_gcx_size_preserved; no record relocation
codec,2144,no,0,,,0,,0,0,0,0,0,0,0,0,0,0,0,0,1484,0,0,,confirmed_binary_and_builder_logic,per_gcx_size_preserved; no record relocation
codec,2145,no,0,,,0,,0,0,0,0,0,0,0,0,0,0,0,0,1556,0,0,,confirmed_binary_and_builder_logic,per_gcx_size_preserved; no record relocation
codec,2146,no,0,,,0,,0,0,0,0,0,0,0,0,0,0,0,0,1508,0,0,,confirmed_binary_and_builder_logic,per_gcx_size_preserved; no record relocation
codec,2147,no,0,,,0,,0,0,0,0,0,0,0,0,0,0,0,0,1532,0,0,,confirmed_binary_and_builder_logic,per_gcx_size_preserved; no record relocation
codec,2148,no,0,,,0,,0,0,0,0,0,0,0,0,0,0,0,0,1512,0,0,,confirmed_binary_and_builder_logic,per_gcx_size_preserved; no record relocation
codec,2149,no,0,,,0,,0,0,0,0,0,0,0,0,0,0,0,0,1492,0,0,,confirmed_binary_and_builder_logic,per_gcx_size_preserved; no record relocation
codec,2150,no,0,,,0,,0,0,0,0,0,0,0,0,0,0,0,0,1504,0,0,,confirmed_binary_and_builder_logic,per_gcx_size_preserved; no record relocation
codec,2151,no,0,,,0,,0,0,0,0,0,0,0,0,0,0,0,0,1496,0,0,,confirmed_binary_and_builder_logic,per_gcx_size_preserved; no record relocation
codec,2152,no,0,,,0,,0,0,0,0,0,0,0,0,0,0,0,0,1632,0,0,,confirmed_binary_and_builder_logic,per_gcx_size_preserved; no record relocation
codec,2153,no,0,,,0,,0,0,0,0,0,0,0,0,0,0,0,0,1524,0,0,,confirmed_binary_and_builder_logic,per_gcx_size_preserved; no record relocation
codec,2154,no,0,,,0,,0,0,0,0,0,0,0,0,0,0,0,0,1540,0,0,,confirmed_binary_and_builder_logic,per_gcx_size_preserved; no record relocation
codec,2155,no,0,,,0,,0,0,0,0,0,0,0,0,0,0,0,0,1528,0,0,,confirmed_binary_and_builder_logic,per_gcx_size_preserved; no record relocation
codec,2156,no,0,,,0,,0,0,0,0,0,0,0,0,0,0,0,0,1612,0,0,,confirmed_binary_and_builder_logic,per_gcx_size_preserved; no record relocation
codec,2157,no,0,,,0,,0,0,0,0,0,0,0,0,0,0,0,0,1492,0,0,,confirmed_binary_and_builder_logic,per_gcx_size_preserved; no record relocation
codec,2158,no,0,,,0,,0,0,0,0,0,0,0,0,0,0,0,0,1560,0,0,,confirmed_binary_and_builder_logic,per_gcx_size_preserved; no record relocation
codec,2159,no,0,,,0,,0,0,0,0,0,0,0,0,0,0,0,0,1520,0,0,,confirmed_binary_and_builder_logic,per_gcx_size_preserved; no record relocation
codec,2160,no,0,,,0,,0,0,0,0,0,0,0,0,0,0,0,0,1536,0,0,,confirmed_binary_and_builder_logic,per_gcx_size_preserved; no record relocation
codec,2161,no,0,,,0,,0,0,0,0,0,0,0,0,0,0,0,0,1608,0,0,,confirmed_binary_and_builder_logic,per_gcx_size_preserved; no record relocation
codec,2162,no,0,,,0,,0,0,0,0,0,0,0,0,0,0,0,0,1632,0,0,,confirmed_binary_and_builder_logic,per_gcx_size_preserved; no record relocation
codec,2163,no,0,,,0,,0,0,0,0,0,0,0,0,0,0,0,0,1596,0,0,,confirmed_binary_and_builder_logic,per_gcx_size_preserved; no record relocation
codec,2164,no,0,,,0,,0,0,0,0,0,0,0,0,0,0,0,0,1716,0,0,,confirmed_binary_and_builder_logic,per_gcx_size_preserved; no record relocation
codec,2165,no,0,,,0,,0,0,0,0,0,0,0,0,0,0,0,0,1516,0,0,,confirmed_binary_and_builder_logic,per_gcx_size_preserved; no record relocation
codec,2166,no,0,,,0,,0,0,0,0,0,0,0,0,0,0,0,0,1544,0,0,,confirmed_binary_and_builder_logic,per_gcx_size_preserved; no record relocation
codec,2167,no,0,,,0,,0,0,0,0,0,0,0,0,0,0,0,0,1632,0,0,,confirmed_binary_and_builder_logic,per_gcx_size_preserved; no record relocation
codec,2168,no,0,,,0,,0,0,0,0,0,0,0,0,0,0,0,0,1560,0,0,,confirmed_binary_and_builder_logic,per_gcx_size_preserved; no record relocation
codec,2169,no,0,,,0,,0,0,0,0,0,0,0,0,0,0,0,0,0,0,0,,confirmed_binary_and_builder_logic,per_gcx_size_preserved; no record relocation
codec,2170,no,0,,,0,,0,0,0,0,0,0,0,0,0,0,0,0,0,0,0,,confirmed_binary_and_builder_logic,per_gcx_size_preserved; no record relocation
codec,2171,no,1,,,0,,0,0,0,0,0,0,0,95,0,0,-95,0,1688,95,0,codec:2171:12,confirmed_binary_and_builder_logic,per_gcx_size_preserved; no record relocation
codec,2172,no,0,,,0,,0,0,0,0,0,0,0,0,0,0,0,0,1628,0,0,,confirmed_binary_and_builder_logic,per_gcx_size_preserved; no record relocation
codec,2173,no,10,같것게겨군그깝나났냥네는니닌다당데디럼를마많말무뭔법보본봐상서속슨신아안알어없영예요원은의이일입적정좀좋죠즐타화,같것게군그깝나네는니다데디를마말무법보본봐상서슨아안알어없요원은의이일입적정좋,39,겨났냥닌당럼많뭔속신영예좀죠즐타화,17,1088,0,0,0,0,0,79,17,1088,-79,5,6796,0,1009,codec:2173:35|codec:2173:19|codec:2173:12|codec:2173:16|codec:2173:11|codec:2173:28|codec:2173:40|codec:2173:42|codec:2173:26|codec:2173:34,confirmed_binary_and_builder_logic,per_gcx_size_preserved; no record relocation
codec,2174,no,39,감게그까난냐너넣는다도들때떨라래렇력만매면모배봤스아야양어에엽요워은을의이접제좀지총케태해,게그까난는다도들때라래렇만면봤스아야어에요은을의이제지태해,29,감냐너넣떨력매모배양엽워접좀총케,16,1024,0,0,0,0,0,1964,16,1024,-1964,1,10224,940,0,codec:2174:37|codec:2174:38|codec:2174:42|codec:2174:43|codec:2174:45|codec:2174:46|codec:2174:48|codec:2174:50|codec:2174:53|codec:2174:54|codec:2174:57|codec:2174:58|codec:2174:59|codec:2174:60|codec:2174:61|codec:2174:62|codec:2174:63|codec:2174:64|codec:2174:65|codec:2174:66|codec:2174:67|codec:2174:68|codec:2174:69|codec:2174:70|codec:2174:71|codec:2174:72|codec:2174:73|codec:2174:74|codec:2174:75|codec:2174:76|codec:2174:77|codec:2174:90|codec:2174:40|codec:2174:24|codec:2174:47|codec:2174:32|codec:2174:35|codec:2174:36|codec:2174:78,confirmed_binary_and_builder_logic,per_gcx_size_preserved; no record relocation
codec,2175,no,5,가걱건고그까나니들라런례르를마말무부서아않어왜요워을음정줘지처합해,가건고그까나니들라런르를마말무부서아않어왜요을음정지해,27,걱례워줘처합,6,384,0,0,0,0,0,19,6,384,-19,5,4776,0,365,codec:2175:36|codec:2175:18|codec:2175:22|codec:2175:11|codec:2175:62,confirmed_binary_and_builder_logic,per_gcx_size_preserved; no record relocation
codec,2176,no,3,겠군그네농담럼못보없운이지,겠군그네못보없이지,9,농담럼운,4,256,0,0,0,0,0,39,4,256,-39,0,5432,0,217,codec:2176:21|codec:2176:42|codec:2176:27,confirmed_binary_and_builder_logic,per_gcx_size_preserved; no record relocation
codec,2177,no,2,고기나니들라마막보셨씨아않어억요이쟁전지,고기나니들라마보아않어요이지,14,막셨씨억쟁전,6,384,0,0,0,0,0,3,6,384,-3,3,3464,0,381,codec:2177:11|codec:2177:10,confirmed_binary_and_builder_logic,per_gcx_size_preserved; no record relocation
codec,2178,no,2,겠고그날는니다래럴렇말수습아없오요이지할,겠고그날는니다래럴렇말수습아없요이지할,19,오,1,64,0,0,0,0,0,0,1,64,13,15,3944,0,77,codec:2178:11|codec:2178:19,confirmed_binary_and_builder_logic,per_gcx_size_preserved; no record relocation
codec,2179,no,2,그네렇봤어죠,그네렇봤어,5,죠,1,64,0,0,0,0,0,10,1,64,-10,0,3564,0,54,codec:2179:10|codec:2179:16,confirmed_binary_and_builder_logic,per_gcx_size_preserved; no record relocation
codec,2180,no,2,겠나니르모본시아어요있적혹,겠나니르본시아어요있적,11,모혹,2,128,0,0,0,0,0,0,2,128,0,1,3324,0,128,codec:2180:11|codec:2180:10,confirmed_binary_and_builder_logic,per_gcx_size_preserved; no record relocation
codec,2181,no,0,,,0,,0,0,0,0,0,0,0,0,0,0,0,0,8000,0,0,,confirmed_binary_and_builder_logic,per_gcx_size_preserved; no record relocation
codec,2182,no,2,니대아절,니대아절,4,,0,0,0,0,0,0,0,1,0,0,-1,0,2664,1,0,codec:2182:11|codec:2182:13,confirmed_binary_and_builder_logic,per_gcx_size_preserved; no record relocation
codec,2183,no,1,군는대로맞서,군는대로서,5,맞,1,64,0,0,0,0,0,25,1,64,-25,0,3100,0,39,codec:2183:13,confirmed_binary_and_builder_logic,per_gcx_size_preserved; no record relocation
codec,2184,no,2,그나로를리바본스시신어으이있적탕했혹화,그나로를리바본스시어으이있적,14,신탕했혹화,5,320,0,0,0,0,0,1,5,320,-1,1,3704,0,319,codec:2184:12|codec:2184:10,confirmed_binary_and_builder_logic,per_gcx_size_preserved; no record relocation
codec,2185,no,2,나닥러레번본브스인있적지터트호,나러번본브스인있적지터호,12,닥레트,3,192,0,0,0,0,0,0,3,192,0,2,3248,0,192,codec:2185:12|codec:2185:23,confirmed_binary_and_builder_logic,per_gcx_size_preserved; no record relocation
codec,2186,no,3,래말메봤어이저접직할,래말봤어이저할,7,메접직,3,192,0,0,0,0,0,38,3,192,-38,0,3924,0,154,codec:2186:21|codec:2186:10|codec:2186:18,confirmed_binary_and_builder_logic,per_gcx_size_preserved; no record relocation
codec,2187,no,2,니다리만본아야어없요이있저적해,니다리만본아야어없요이있저적해,15,,0,0,0,0,0,0,0,28,0,0,-28,0,2976,28,0,codec:2187:10|codec:2187:11,confirmed_binary_and_builder_logic,per_gcx_size_preserved; no record relocation
codec,2188,no,3,건그나납너뉴는니다도를바봤어에욕착타합,건그나는니다도를바봤어에,12,납너뉴욕착타합,7,448,0,0,0,0,0,37,7,448,-37,0,4020,0,411,codec:2188:35|codec:2188:13|codec:2188:10,confirmed_binary_and_builder_logic,per_gcx_size_preserved; no record relocation
codec,2189,no,8,,,0,,0,0,0,0,0,0,0,546,0,0,-546,0,3640,546,0,codec:2189:29|codec:2189:30|codec:2189:31|codec:2189:32|codec:2189:33|codec:2189:34|codec:2189:35|codec:2189:36,confirmed_binary_and_builder_logic,per_gcx_size_preserved; no record relocation
codec,2190,no,1,봤어,봤어,2,,0,0,0,0,0,0,0,20,0,0,-20,0,1812,20,0,codec:2190:10,confirmed_binary_and_builder_logic,per_gcx_size_preserved; no record relocation
codec,2191,no,0,,,0,,0,0,0,0,0,0,0,0,0,0,0,0,2200,0,0,,confirmed_binary_and_builder_logic,per_gcx_size_preserved; no record relocation
codec,2192,no,7,거건게그나놓다됐때래렸를멀본부서시씨아어었였요을있적전좋직쳤하해혹,거건게그나다됐때래를본부서시아어었요을있적좋하해,24,놓렸멀씨였전직쳤혹,9,576,0,0,0,0,0,54,9,576,-54,4,5180,0,522,codec:2192:28|codec:2192:18|codec:2192:11|codec:2192:10|codec:2192:25|codec:2192:16|codec:2192:21,confirmed_binary_and_builder_logic,per_gcx_size_preserved; no record relocation
codec,2193,no,1,가대들보시신어에요으있적해혹,가대들보시어에요으있적해,12,신혹,2,128,0,0,0,0,0,0,2,128,12,12,3028,0,140,codec:2193:10,confirmed_binary_and_builder_logic,per_gcx_size_preserved; no record relocation
codec,2194,no,2,다데본없요이적트,다데본없요이적,7,트,1,64,0,0,0,0,0,1,1,64,-1,2,4428,0,63,codec:2194:19|codec:2194:11,confirmed_binary_and_builder_logic,per_gcx_size_preserved; no record relocation
codec,2195,no,3,럼론말순요종처클,말요,2,럼론순종처클,6,384,0,0,0,0,0,15,6,384,-15,0,5280,0,369,codec:2195:37|codec:2195:15|codec:2195:22,confirmed_binary_and_builder_logic,per_gcx_size_preserved; no record relocation
codec,2196,no,1,,,0,,0,0,0,0,0,0,0,92,0,0,-92,0,2540,92,0,codec:2196:29,confirmed_binary_and_builder_logic,per_gcx_size_preserved; no record relocation
codec,2197,no,3,군그니다봤불상쌍어이입하,군그니다봤상어이입하,10,불쌍,2,128,0,0,0,0,0,20,2,128,-20,0,5004,0,108,codec:2197:22|codec:2197:18|codec:2197:10,confirmed_binary_and_builder_logic,per_gcx_size_preserved; no record relocation
codec,2198,no,3,같것게니닌리멀면보봤아어을할,같것게니리면보봤아어을할,12,닌멀,2,128,0,0,0,0,0,46,2,128,-46,0,3120,0,82,codec:2198:16|codec:2198:11|codec:2198:10,confirmed_binary_and_builder_logic,per_gcx_size_preserved; no record relocation
codec,2199,no,1,나녕랑본슈시안을인있적켄타프혹,나본시안을인있적프,9,녕랑슈켄타혹,6,384,0,0,0,0,0,0,6,384,0,0,3640,0,384,codec:2199:10,confirmed_binary_and_builder_logic,per_gcx_size_preserved; no record relocation
codec,2200,no,1,니아흠,니아,2,흠,1,64,0,0,0,0,0,0,1,64,1,1,2684,0,65,codec:2200:11,confirmed_binary_and_builder_logic,per_gcx_size_preserved; no record relocation
codec,2201,no,4,가고그남니닌데도몸보봤상세아어요은의있자작점지진짜해,가고그니데도보봤상세아어요은의있자점지해,20,남닌몸작진짜,6,384,0,0,0,0,0,38,6,384,-38,0,4236,0,346,codec:2201:20|codec:2201:14|codec:2201:10|codec:2201:11,confirmed_binary_and_builder_logic,per_gcx_size_preserved; no record relocation
codec,2202,no,2,먹봤시어이혹,봤시어이,4,먹혹,2,128,0,0,0,0,0,9,2,128,-9,0,3612,0,119,codec:2202:16|codec:2202:10,confirmed_binary_and_builder_logic,per_gcx_size_preserved; no record relocation
codec,2203,no,1,가구나날는멈본을있적지추,가나날는본을있적지,9,구멈추,3,192,0,0,0,0,0,19,3,192,-19,0,3068,0,173,codec:2203:10,confirmed_binary_and_builder_logic,per_gcx_size_preserved; no record relocation
codec,2204,no,6,건깐나는드라를름베보아알야였이잠중큘해,건나는드라를보아알야이해,12,깐름베였잠중큘,7,448,0,0,0,0,0,49,7,448,-49,1,3684,0,399,codec:2204:51|codec:2204:4|codec:2204:17|codec:2204:8|codec:2204:6|codec:2204:13,confirmed_binary_and_builder_logic,per_gcx_size_preserved; no record relocation
codec,2205,no,0,,,0,,0,0,0,0,0,0,0,0,0,0,0,0,5104,0,0,,confirmed_binary_and_builder_logic,per_gcx_size_preserved; no record relocation
codec,2206,no,0,,,0,,0,0,0,0,0,0,0,0,0,0,0,0,5104,0,0,,confirmed_binary_and_builder_logic,per_gcx_size_preserved; no record relocation
codec,2207,no,0,,,0,,0,0,0,0,0,0,0,0,0,0,0,0,1952,0,0,,confirmed_binary_and_builder_logic,per_gcx_size_preserved; no record relocation
codec,2208,no,0,,,0,,0,0,0,0,0,0,0,0,0,0,0,0,1540,0,0,,confirmed_binary_and_builder_logic,per_gcx_size_preserved; no record relocation
codec,2209,no,0,,,0,,0,0,0,0,0,0,0,0,0,0,0,0,1504,0,0,,confirmed_binary_and_builder_logic,per_gcx_size_preserved; no record relocation
codec,2210,no,1056,가각같게겠경군그극금길까나네녕는니다도돌되때랬로리마만면보본비빨살상서세셨수습시심아안알았야어없었에오와요웃원으을음이임있장저적조좋죠주준중지착참하할해,가같게겠군그금까나네는니다도돌되때랬로리마만면보본상서세수습시심아안알았야어없었에와요원으을음이임있저적조좋지하할해,58,각경극길녕비빨살셨오웃장죠주준중착참,18,1152,0,0,0,0,0,58231,18,1152,-58231,50,98564,57079,0,codec:2210:34|codec:2210:35|codec:2210:36|codec:2210:37|codec:2210:38|codec:2210:39|codec:2210:40|codec:2210:41|codec:2210:42|codec:2210:43|codec:2210:44|codec:2210:45|codec:2210:46|codec:2210:47|codec:2210:48|codec:2210:49|codec:2210:50|codec:2210:52|codec:2210:56|codec:2210:57|codec:2210:58|codec:2210:59|codec:2210:60|codec:2210:61|codec:2210:62|codec:2210:63|codec:2210:64|codec:2210:65|codec:2210:66|codec:2210:67|codec:2210:68|codec:2210:69|codec:2210:70|codec:2210:71|codec:2210:72|codec:2210:73|codec:2210:74|codec:2210:75|codec:2210:76|codec:2210:77|codec:2210:78|codec:2210:79|codec:2210:80|codec:2210:81|codec:2210:82|codec:2210:83|codec:2210:84|codec:2210:85|codec:2210:86|codec:2210:87|codec:2210:88|codec:2210:89|codec:2210:90|codec:2210:91|codec:2210:92|codec:2210:93|codec:2210:94|codec:2210:95|codec:2210:96|codec:2210:97|codec:2210:98|codec:2210:99|codec:2210:100|codec:2210:101|codec:2210:102|codec:2210:103|codec:2210:104|codec:2210:105|codec:2210:106|codec:2210:107|codec:2210:108|codec:2210:109|codec:2210:110|codec:2210:111|codec:2210:112|codec:2210:113|codec:2210:114|codec:2210:115|codec:2210:116|codec:2210:117|codec:2210:118|codec:2210:119|codec:2210:120|codec:2210:121|codec:2210:122|codec:2210:123|codec:2210:124|codec:2210:125|codec:2210:126|codec:2210:127|codec:2210:128|codec:2210:129|codec:2210:130|codec:2210:131|codec:2210:132|codec:2210:133|codec:2210:134|codec:2210:135|codec:2210:136|codec:2210:137|codec:2210:138|codec:2210:139|codec:2210:140|codec:2210:141|codec:2210:142|codec:2210:143|codec:2210:144|codec:2210:145|codec:2210:146|codec:2210:147|codec:2210:148|codec:2210:149|codec:2210:150|codec:2210:151|codec:2210:152|codec:2210:153|codec:2210:154|codec:2210:155|codec:2210:156|codec:2210:157|codec:2210:158|codec:2210:159|codec:2210:160|codec:2210:161|codec:2210:162|codec:2210:163|codec:2210:164|codec:2210:165|codec:2210:166|codec:2210:167|codec:2210:168|codec:2210:169|codec:2210:170|codec:2210:171|codec:2210:172|codec:2210:173|codec:2210:174|codec:2210:175|codec:2210:176|codec:2210:177|codec:2210:178|codec:2210:179|codec:2210:180|codec:2210:181|codec:2210:182|codec:2210:183|codec:2210:184|codec:2210:185|codec:2210:186|codec:2210:187|codec:2210:188|codec:2210:189|codec:2210:190|codec:2210:191|codec:2210:192|codec:2210:193|codec:2210:194|codec:2210:195|codec:2210:196|codec:2210:197|codec:2210:198|codec:2210:199|codec:2210:200|codec:2210:201|codec:2210:202|codec:2210:203|codec:2210:204|codec:2210:205|codec:2210:206|codec:2210:207|codec:2210:208|codec:2210:209|codec:2210:210|codec:2210:211|codec:2210:212|codec:2210:213|codec:2210:214|codec:2210:215|codec:2210:216|codec:2210:217|codec:2210:218|codec:2210:219|codec:2210:220|codec:2210:221|codec:2210:222|codec:2210:223|codec:2210:224|codec:2210:225|codec:2210:226|codec:2210:227|codec:2210:228|codec:2210:229|codec:2210:230|codec:2210:231|codec:2210:232|codec:2210:233|codec:2210:234|codec:2210:235|codec:2210:236|codec:2210:237|codec:2210:238|codec:2210:239|codec:2210:240|codec:2210:241|codec:2210:242|codec:2210:243|codec:2210:244|codec:2210:245|codec:2210:246|codec:2210:247|codec:2210:248|codec:2210:249|codec:2210:250|codec:2210:251|codec:2210:252|codec:2210:253|codec:2210:254|codec:2210:255|codec:2210:256|codec:2210:257|codec:2210:258|codec:2210:259|codec:2210:260|codec:2210:261|codec:2210:262|codec:2210:263|codec:2210:264|codec:2210:265|codec:2210:266|codec:2210:267|codec:2210:268|codec:2210:269|codec:2210:270|codec:2210:271|codec:2210:272|codec:2210:273|codec:2210:274|codec:2210:275|codec:2210:276|codec:2210:277|codec:2210:278|codec:2210:279|codec:2210:280|codec:2210:281|codec:2210:282|codec:2210:283|codec:2210:284|codec:2210:285|codec:2210:286|codec:2210:287|codec:2210:288|codec:2210:289|codec:2210:290|codec:2210:291|codec:2210:292|codec:2210:293|codec:2210:294|codec:2210:295|codec:2210:296|codec:2210:297|codec:2210:298|codec:2210:299|codec:2210:300|codec:2210:301|codec:2210:302|codec:2210:303|codec:2210:304|codec:2210:305|codec:2210:306|codec:2210:307|codec:2210:308|codec:2210:309|codec:2210:310|codec:2210:311|codec:2210:312|codec:2210:313|codec:2210:314|codec:2210:315|codec:2210:316|codec:2210:317|codec:2210:318|codec:2210:319|codec:2210:320|codec:2210:321|codec:2210:322|codec:2210:323|codec:2210:324|codec:2210:325|codec:2210:326|codec:2210:327|codec:2210:328|codec:2210:329|codec:2210:330|codec:2210:331|codec:2210:332|codec:2210:333|codec:2210:334|codec:2210:335|codec:2210:336|codec:2210:337|codec:2210:338|codec:2210:339|codec:2210:340|codec:2210:341|codec:2210:342|codec:2210:343|codec:2210:344|codec:2210:345|codec:2210:346|codec:2210:347|codec:2210:348|codec:2210:349|codec:2210:350|codec:2210:351|codec:2210:352|codec:2210:353|codec:2210:354|codec:2210:355|codec:2210:356|codec:2210:357|codec:2210:358|codec:2210:359|codec:2210:360|codec:2210:361|codec:2210:362|codec:2210:363|codec:2210:364|codec:2210:365|codec:2210:366|codec:2210:367|codec:2210:368|codec:2210:369|codec:2210:370|codec:2210:371|codec:2210:372|codec:2210:373|codec:2210:374|codec:2210:375|codec:2210:376|codec:2210:377|codec:2210:378|codec:2210:379|codec:2210:380|codec:2210:381|codec:2210:382|codec:2210:383|codec:2210:384|codec:2210:385|codec:2210:386|codec:2210:387|codec:2210:388|codec:2210:389|codec:2210:390|codec:2210:391|codec:2210:392|codec:2210:393|codec:2210:394|codec:2210:395|codec:2210:396|codec:2210:397|codec:2210:398|codec:2210:399|codec:2210:400|codec:2210:401|codec:2210:402|codec:2210:403|codec:2210:404|codec:2210:405|codec:2210:406|codec:2210:407|codec:2210:408|codec:2210:409|codec:2210:410|codec:2210:411|codec:2210:412|codec:2210:413|codec:2210:414|codec:2210:415|codec:2210:416|codec:2210:417|codec:2210:418|codec:2210:419|codec:2210:420|codec:2210:421|codec:2210:422|codec:2210:423|codec:2210:424|codec:2210:425|codec:2210:426|codec:2210:427|codec:2210:428|codec:2210:429|codec:2210:430|codec:2210:431|codec:2210:432|codec:2210:433|codec:2210:434|codec:2210:435|codec:2210:436|codec:2210:437|codec:2210:438|codec:2210:439|codec:2210:440|codec:2210:441|codec:2210:442|codec:2210:443|codec:2210:444|codec:2210:445|codec:2210:446|codec:2210:447|codec:2210:448|codec:2210:449|codec:2210:450|codec:2210:451|codec:2210:452|codec:2210:453|codec:2210:454|codec:2210:455|codec:2210:456|codec:2210:457|codec:2210:458|codec:2210:459|codec:2210:460|codec:2210:461|codec:2210:462|codec:2210:464|codec:2210:465|codec:2210:466|codec:2210:467|codec:2210:468|codec:2210:469|codec:2210:470|codec:2210:471|codec:2210:472|codec:2210:473|codec:2210:474|codec:2210:475|codec:2210:476|codec:2210:477|codec:2210:478|codec:2210:479|codec:2210:480|codec:2210:481|codec:2210:482|codec:2210:483|codec:2210:484|codec:2210:485|codec:2210:486|codec:2210:487|codec:2210:488|codec:2210:489|codec:2210:490|codec:2210:491|codec:2210:492|codec:2210:493|codec:2210:494|codec:2210:495|codec:2210:496|codec:2210:497|codec:2210:498|codec:2210:499|codec:2210:500|codec:2210:501|codec:2210:502|codec:2210:503|codec:2210:504|codec:2210:505|codec:2210:506|codec:2210:507|codec:2210:508|codec:2210:509|codec:2210:510|codec:2210:511|codec:2210:512|codec:2210:513|codec:2210:514|codec:2210:515|codec:2210:516|codec:2210:517|codec:2210:518|codec:2210:519|codec:2210:520|codec:2210:521|codec:2210:522|codec:2210:523|codec:2210:524|codec:2210:525|codec:2210:526|codec:2210:527|codec:2210:528|codec:2210:529|codec:2210:530|codec:2210:531|codec:2210:533|codec:2210:534|codec:2210:535|codec:2210:536|codec:2210:537|codec:2210:538|codec:2210:539|codec:2210:540|codec:2210:541|codec:2210:542|codec:2210:543|codec:2210:544|codec:2210:545|codec:2210:546|codec:2210:547|codec:2210:548|codec:2210:549|codec:2210:550|codec:2210:551|codec:2210:552|codec:2210:553|codec:2210:554|codec:2210:555|codec:2210:556|codec:2210:557|codec:2210:558|codec:2210:559|codec:2210:560|codec:2210:561|codec:2210:562|codec:2210:563|codec:2210:564|codec:2210:565|codec:2210:566|codec:2210:567|codec:2210:568|codec:2210:569|codec:2210:570|codec:2210:572|codec:2210:573|codec:2210:574|codec:2210:575|codec:2210:576|codec:2210:577|codec:2210:578|codec:2210:579|codec:2210:580|codec:2210:581|codec:2210:582|codec:2210:583|codec:2210:584|codec:2210:585|codec:2210:586|codec:2210:587|codec:2210:588|codec:2210:589|codec:2210:590|codec:2210:591|codec:2210:592|codec:2210:593|codec:2210:594|codec:2210:595|codec:2210:596|codec:2210:597|codec:2210:598|codec:2210:599|codec:2210:600|codec:2210:601|codec:2210:602|codec:2210:603|codec:2210:604|codec:2210:605|codec:2210:606|codec:2210:607|codec:2210:608|codec:2210:609|codec:2210:610|codec:2210:611|codec:2210:612|codec:2210:613|codec:2210:614|codec:2210:615|codec:2210:616|codec:2210:617|codec:2210:618|codec:2210:619|codec:2210:620|codec:2210:621|codec:2210:622|codec:2210:623|codec:2210:624|codec:2210:625|codec:2210:626|codec:2210:627|codec:2210:628|codec:2210:629|codec:2210:630|codec:2210:631|codec:2210:632|codec:2210:633|codec:2210:634|codec:2210:635|codec:2210:636|codec:2210:637|codec:2210:638|codec:2210:639|codec:2210:640|codec:2210:641|codec:2210:642|codec:2210:643|codec:2210:644|codec:2210:645|codec:2210:646|codec:2210:647|codec:2210:648|codec:2210:649|codec:2210:650|codec:2210:651|codec:2210:652|codec:2210:653|codec:2210:654|codec:2210:655|codec:2210:656|codec:2210:657|codec:2210:658|codec:2210:659|codec:2210:660|codec:2210:661|codec:2210:662|codec:2210:663|codec:2210:664|codec:2210:665|codec:2210:666|codec:2210:667|codec:2210:668|codec:2210:669|codec:2210:670|codec:2210:671|codec:2210:672|codec:2210:673|codec:2210:674|codec:2210:675|codec:2210:676|codec:2210:677|codec:2210:678|codec:2210:679|codec:2210:680|codec:2210:681|codec:2210:682|codec:2210:683|codec:2210:684|codec:2210:685|codec:2210:686|codec:2210:687|codec:2210:688|codec:2210:689|codec:2210:690|codec:2210:691|codec:2210:692|codec:2210:693|codec:2210:694|codec:2210:695|codec:2210:696|codec:2210:697|codec:2210:698|codec:2210:699|codec:2210:700|codec:2210:701|codec:2210:702|codec:2210:703|codec:2210:704|codec:2210:705|codec:2210:706|codec:2210:707|codec:2210:708|codec:2210:709|codec:2210:710|codec:2210:711|codec:2210:712|codec:2210:713|codec:2210:714|codec:2210:715|codec:2210:716|codec:2210:717|codec:2210:718|codec:2210:719|codec:2210:720|codec:2210:721|codec:2210:722|codec:2210:723|codec:2210:724|codec:2210:725|codec:2210:726|codec:2210:727|codec:2210:728|codec:2210:729|codec:2210:730|codec:2210:731|codec:2210:732|codec:2210:733|codec:2210:734|codec:2210:735|codec:2210:736|codec:2210:737|codec:2210:740|codec:2210:741|codec:2210:742|codec:2210:743|codec:2210:744|codec:2210:745|codec:2210:746|codec:2210:747|codec:2210:748|codec:2210:749|codec:2210:750|codec:2210:751|codec:2210:752|codec:2210:753|codec:2210:754|codec:2210:755|codec:2210:756|codec:2210:757|codec:2210:758|codec:2210:759|codec:2210:760|codec:2210:761|codec:2210:762|codec:2210:763|codec:2210:764|codec:2210:765|codec:2210:766|codec:2210:767|codec:2210:768|codec:2210:769|codec:2210:770|codec:2210:771|codec:2210:772|codec:2210:773|codec:2210:774|codec:2210:775|codec:2210:776|codec:2210:777|codec:2210:778|codec:2210:779|codec:2210:780|codec:2210:781|codec:2210:782|codec:2210:783|codec:2210:784|codec:2210:785|codec:2210:786|codec:2210:787|codec:2210:788|codec:2210:789|codec:2210:790|codec:2210:791|codec:2210:792|codec:2210:793|codec:2210:794|codec:2210:795|codec:2210:796|codec:2210:797|codec:2210:798|codec:2210:799|codec:2210:800|codec:2210:801|codec:2210:802|codec:2210:803|codec:2210:804|codec:2210:805|codec:2210:806|codec:2210:807|codec:2210:808|codec:2210:809|codec:2210:810|codec:2210:811|codec:2210:812|codec:2210:813|codec:2210:814|codec:2210:815|codec:2210:816|codec:2210:817|codec:2210:818|codec:2210:819|codec:2210:820|codec:2210:821|codec:2210:822|codec:2210:823|codec:2210:824|codec:2210:825|codec:2210:826|codec:2210:827|codec:2210:828|codec:2210:829|codec:2210:830|codec:2210:831|codec:2210:832|codec:2210:833|codec:2210:834|codec:2210:835|codec:2210:836|codec:2210:837|codec:2210:838|codec:2210:839|codec:2210:840|codec:2210:841|codec:2210:842|codec:2210:843|codec:2210:844|codec:2210:845|codec:2210:846|codec:2210:847|codec:2210:848|codec:2210:849|codec:2210:850|codec:2210:851|codec:2210:852|codec:2210:853|codec:2210:854|codec:2210:855|codec:2210:856|codec:2210:857|codec:2210:858|codec:2210:859|codec:2210:860|codec:2210:861|codec:2210:862|codec:2210:863|codec:2210:864|codec:2210:865|codec:2210:866|codec:2210:867|codec:2210:868|codec:2210:869|codec:2210:870|codec:2210:871|codec:2210:872|codec:2210:873|codec:2210:874|codec:2210:875|codec:2210:876|codec:2210:877|codec:2210:878|codec:2210:879|codec:2210:880|codec:2210:881|codec:2210:882|codec:2210:883|codec:2210:884|codec:2210:885|codec:2210:886|codec:2210:887|codec:2210:888|codec:2210:889|codec:2210:890|codec:2210:891|codec:2210:892|codec:2210:893|codec:2210:894|codec:2210:895|codec:2210:896|codec:2210:897|codec:2210:898|codec:2210:899|codec:2210:900|codec:2210:901|codec:2210:902|codec:2210:903|codec:2210:904|codec:2210:905|codec:2210:906|codec:2210:907|codec:2210:908|codec:2210:909|codec:2210:910|codec:2210:911|codec:2210:912|codec:2210:913|codec:2210:914|codec:2210:915|codec:2210:916|codec:2210:917|codec:2210:918|codec:2210:919|codec:2210:920|codec:2210:921|codec:2210:922|codec:2210:923|codec:2210:924|codec:2210:925|codec:2210:926|codec:2210:927|codec:2210:928|codec:2210:929|codec:2210:930|codec:2210:931|codec:2210:932|codec:2210:933|codec:2210:934|codec:2210:935|codec:2210:936|codec:2210:937|codec:2210:938|codec:2210:939|codec:2210:940|codec:2210:941|codec:2210:942|codec:2210:943|codec:2210:944|codec:2210:945|codec:2210:946|codec:2210:947|codec:2210:948|codec:2210:949|codec:2210:950|codec:2210:951|codec:2210:952|codec:2210:953|codec:2210:954|codec:2210:955|codec:2210:956|codec:2210:957|codec:2210:958|codec:2210:959|codec:2210:960|codec:2210:961|codec:2210:962|codec:2210:963|codec:2210:964|codec:2210:965|codec:2210:966|codec:2210:967|codec:2210:968|codec:2210:969|codec:2210:970|codec:2210:971|codec:2210:972|codec:2210:973|codec:2210:974|codec:2210:975|codec:2210:976|codec:2210:977|codec:2210:978|codec:2210:979|codec:2210:980|codec:2210:981|codec:2210:982|codec:2210:983|codec:2210:984|codec:2210:985|codec:2210:986|codec:2210:987|codec:2210:988|codec:2210:989|codec:2210:990|codec:2210:991|codec:2210:992|codec:2210:993|codec:2210:994|codec:2210:995|codec:2210:996|codec:2210:997|codec:2210:998|codec:2210:999|codec:2210:1000|codec:2210:1001|codec:2210:1002|codec:2210:1003|codec:2210:1004|codec:2210:1005|codec:2210:1006|codec:2210:1007|codec:2210:1008|codec:2210:1009|codec:2210:1010|codec:2210:1011|codec:2210:1012|codec:2210:1013|codec:2210:1014|codec:2210:1015|codec:2210:1016|codec:2210:1017|codec:2210:1018|codec:2210:1019|codec:2210:1020|codec:2210:1021|codec:2210:1022|codec:2210:1023|codec:2210:1024|codec:2210:1025|codec:2210:1026|codec:2210:1027|codec:2210:1028|codec:2210:1029|codec:2210:1030|codec:2210:1031|codec:2210:1032|codec:2210:1033|codec:2210:1034|codec:2210:1035|codec:2210:1036|codec:2210:1037|codec:2210:1038|codec:2210:1039|codec:2210:1040|codec:2210:1041|codec:2210:1042|codec:2210:1043|codec:2210:1044|codec:2210:1045|codec:2210:1046|codec:2210:1047|codec:2210:1048|codec:2210:1049|codec:2210:1050|codec:2210:1051|codec:2210:1052|codec:2210:1053|codec:2210:1054|codec:2210:1055|codec:2210:1056|codec:2210:1057|codec:2210:1058|codec:2210:1059|codec:2210:1060|codec:2210:1061|codec:2210:1062|codec:2210:1063|codec:2210:1064|codec:2210:1065|codec:2210:1066|codec:2210:1067|codec:2210:1068|codec:2210:1069|codec:2210:1070|codec:2210:1071|codec:2210:1072|codec:2210:1073|codec:2210:1074|codec:2210:1075|codec:2210:1076|codec:2210:1077|codec:2210:1078|codec:2210:1627|codec:2210:55|codec:2210:1676|codec:2210:738|codec:2210:1079|codec:2210:53|codec:2210:54|codec:2210:1672|codec:2210:1674|codec:2210:739|codec:2210:1277|codec:2210:532|codec:2210:1081|codec:2210:32|codec:2210:1153|codec:2210:24|codec:2210:33|codec:2210:571|codec:2210:51|codec:2210:463,confirmed_binary_and_builder_logic,per_gcx_size_preserved; no record relocation
codec,2211,no,0,,,0,,0,0,0,0,0,0,0,0,0,0,0,0,98564,0,0,,confirmed_binary_and_builder_logic,per_gcx_size_preserved; no record relocation
codec,2212,no,0,,,0,,0,0,0,0,0,0,0,0,0,0,0,0,144,0,0,,confirmed_binary_and_builder_logic,per_gcx_size_preserved; no record relocation
codec,2213,no,0,,,0,,0,0,0,0,0,0,0,0,0,0,0,0,144,0,0,,confirmed_binary_and_builder_logic,per_gcx_size_preserved; no record relocation
codec,2214,no,0,,,0,,0,0,0,0,0,0,0,0,0,0,0,0,144,0,0,,confirmed_binary_and_builder_logic,per_gcx_size_preserved; no record relocation
codec,2215,no,0,,,0,,0,0,0,0,0,0,0,0,0,0,0,0,144,0,0,,confirmed_binary_and_builder_logic,per_gcx_size_preserved; no record relocation
codec,2216,no,0,,,0,,0,0,0,0,0,0,0,0,0,0,0,0,144,0,0,,confirmed_binary_and_builder_logic,per_gcx_size_preserved; no record relocation
codec,2217,no,0,,,0,,0,0,0,0,0,0,0,0,0,0,0,0,144,0,0,,confirmed_binary_and_builder_logic,per_gcx_size_preserved; no record relocation
codec,2218,no,0,,,0,,0,0,0,0,0,0,0,0,0,0,0,0,648,0,0,,confirmed_binary_and_builder_logic,per_gcx_size_preserved; no record relocation
codec,2219,no,0,,,0,,0,0,0,0,0,0,0,0,0,0,0,0,648,0,0,,confirmed_binary_and_builder_logic,per_gcx_size_preserved; no record relocation
codec,2220,no,0,,,0,,0,0,0,0,0,0,0,0,0,0,0,0,648,0,0,,confirmed_binary_and_builder_logic,per_gcx_size_preserved; no record relocation
codec,2221,no,0,,,0,,0,0,0,0,0,0,0,0,0,0,0,0,648,0,0,,confirmed_binary_and_builder_logic,per_gcx_size_preserved; no record relocation
codec,2222,no,0,,,0,,0,0,0,0,0,0,0,0,0,0,0,0,648,0,0,,confirmed_binary_and_builder_logic,per_gcx_size_preserved; no record relocation
codec,2223,no,0,,,0,,0,0,0,0,0,0,0,0,0,0,0,0,648,0,0,,confirmed_binary_and_builder_logic,per_gcx_size_preserved; no record relocation
codec,2224,no,0,,,0,,0,0,0,0,0,0,0,0,0,0,0,0,648,0,0,,confirmed_binary_and_builder_logic,per_gcx_size_preserved; no record relocation
codec,2225,no,0,,,0,,0,0,0,0,0,0,0,0,0,0,0,0,648,0,0,,confirmed_binary_and_builder_logic,per_gcx_size_preserved; no record relocation
codec,2226,no,0,,,0,,0,0,0,0,0,0,0,0,0,0,0,0,648,0,0,,confirmed_binary_and_builder_logic,per_gcx_size_preserved; no record relocation
codec,2227,no,0,,,0,,0,0,0,0,0,0,0,0,0,0,0,0,648,0,0,,confirmed_binary_and_builder_logic,per_gcx_size_preserved; no record relocation
codec,2228,no,0,,,0,,0,0,0,0,0,0,0,0,0,0,0,0,648,0,0,,confirmed_binary_and_builder_logic,per_gcx_size_preserved; no record relocation
codec,2229,no,0,,,0,,0,0,0,0,0,0,0,0,0,0,0,0,648,0,0,,confirmed_binary_and_builder_logic,per_gcx_size_preserved; no record relocation
codec,2230,no,0,,,0,,0,0,0,0,0,0,0,0,0,0,0,0,648,0,0,,confirmed_binary_and_builder_logic,per_gcx_size_preserved; no record relocation
codec,2231,no,0,,,0,,0,0,0,0,0,0,0,0,0,0,0,0,648,0,0,,confirmed_binary_and_builder_logic,per_gcx_size_preserved; no record relocation
codec,2232,no,0,,,0,,0,0,0,0,0,0,0,0,0,0,0,0,648,0,0,,confirmed_binary_and_builder_logic,per_gcx_size_preserved; no record relocation
codec,2233,no,0,,,0,,0,0,0,0,0,0,0,0,0,0,0,0,648,0,0,,confirmed_binary_and_builder_logic,per_gcx_size_preserved; no record relocation
codec,2234,no,0,,,0,,0,0,0,0,0,0,0,0,0,0,0,0,648,0,0,,confirmed_binary_and_builder_logic,per_gcx_size_preserved; no record relocation
codec,2235,no,0,,,0,,0,0,0,0,0,0,0,0,0,0,0,0,648,0,0,,confirmed_binary_and_builder_logic,per_gcx_size_preserved; no record relocation
codec,2236,no,0,,,0,,0,0,0,0,0,0,0,0,0,0,0,0,648,0,0,,confirmed_binary_and_builder_logic,per_gcx_size_preserved; no record relocation
codec,2237,no,0,,,0,,0,0,0,0,0,0,0,0,0,0,0,0,648,0,0,,confirmed_binary_and_builder_logic,per_gcx_size_preserved; no record relocation
codec,2238,no,0,,,0,,0,0,0,0,0,0,0,0,0,0,0,0,648,0,0,,confirmed_binary_and_builder_logic,per_gcx_size_preserved; no record relocation
codec,2239,no,0,,,0,,0,0,0,0,0,0,0,0,0,0,0,0,648,0,0,,confirmed_binary_and_builder_logic,per_gcx_size_preserved; no record relocation
codec,2240,no,0,,,0,,0,0,0,0,0,0,0,0,0,0,0,0,648,0,0,,confirmed_binary_and_builder_logic,per_gcx_size_preserved; no record relocation
codec,2241,no,0,,,0,,0,0,0,0,0,0,0,0,0,0,0,0,648,0,0,,confirmed_binary_and_builder_logic,per_gcx_size_preserved; no record relocation
codec,2242,no,0,,,0,,0,0,0,0,0,0,0,0,0,0,0,0,648,0,0,,confirmed_binary_and_builder_logic,per_gcx_size_preserved; no record relocation
codec,2243,no,0,,,0,,0,0,0,0,0,0,0,0,0,0,0,0,648,0,0,,confirmed_binary_and_builder_logic,per_gcx_size_preserved; no record relocation
codec,2244,no,0,,,0,,0,0,0,0,0,0,0,0,0,0,0,0,648,0,0,,confirmed_binary_and_builder_logic,per_gcx_size_preserved; no record relocation
codec,2245,no,0,,,0,,0,0,0,0,0,0,0,0,0,0,0,0,648,0,0,,confirmed_binary_and_builder_logic,per_gcx_size_preserved; no record relocation
codec,2246,no,0,,,0,,0,0,0,0,0,0,0,0,0,0,0,0,648,0,0,,confirmed_binary_and_builder_logic,per_gcx_size_preserved; no record relocation
codec,2247,no,0,,,0,,0,0,0,0,0,0,0,0,0,0,0,0,648,0,0,,confirmed_binary_and_builder_logic,per_gcx_size_preserved; no record relocation
codec,2248,no,0,,,0,,0,0,0,0,0,0,0,0,0,0,0,0,648,0,0,,confirmed_binary_and_builder_logic,per_gcx_size_preserved; no record relocation
codec,2249,no,0,,,0,,0,0,0,0,0,0,0,0,0,0,0,0,648,0,0,,confirmed_binary_and_builder_logic,per_gcx_size_preserved; no record relocation
codec,2250,no,0,,,0,,0,0,0,0,0,0,0,0,0,0,0,0,648,0,0,,confirmed_binary_and_builder_logic,per_gcx_size_preserved; no record relocation
codec,2251,no,0,,,0,,0,0,0,0,0,0,0,0,0,0,0,0,648,0,0,,confirmed_binary_and_builder_logic,per_gcx_size_preserved; no record relocation
codec,2252,no,0,,,0,,0,0,0,0,0,0,0,0,0,0,0,0,648,0,0,,confirmed_binary_and_builder_logic,per_gcx_size_preserved; no record relocation
codec,2253,no,0,,,0,,0,0,0,0,0,0,0,0,0,0,0,0,648,0,0,,confirmed_binary_and_builder_logic,per_gcx_size_preserved; no record relocation
codec,2254,no,0,,,0,,0,0,0,0,0,0,0,0,0,0,0,0,648,0,0,,confirmed_binary_and_builder_logic,per_gcx_size_preserved; no record relocation
codec,2255,no,0,,,0,,0,0,0,0,0,0,0,0,0,0,0,0,648,0,0,,confirmed_binary_and_builder_logic,per_gcx_size_preserved; no record relocation
codec,2256,no,0,,,0,,0,0,0,0,0,0,0,0,0,0,0,0,648,0,0,,confirmed_binary_and_builder_logic,per_gcx_size_preserved; no record relocation
codec,2257,no,0,,,0,,0,0,0,0,0,0,0,0,0,0,0,0,648,0,0,,confirmed_binary_and_builder_logic,per_gcx_size_preserved; no record relocation
codec,2258,no,0,,,0,,0,0,0,0,0,0,0,0,0,0,0,0,648,0,0,,confirmed_binary_and_builder_logic,per_gcx_size_preserved; no record relocation
codec,2259,no,0,,,0,,0,0,0,0,0,0,0,0,0,0,0,0,648,0,0,,confirmed_binary_and_builder_logic,per_gcx_size_preserved; no record relocation
codec,2260,no,0,,,0,,0,0,0,0,0,0,0,0,0,0,0,0,648,0,0,,confirmed_binary_and_builder_logic,per_gcx_size_preserved; no record relocation
codec,2261,no,0,,,0,,0,0,0,0,0,0,0,0,0,0,0,0,648,0,0,,confirmed_binary_and_builder_logic,per_gcx_size_preserved; no record relocation
codec,2262,no,0,,,0,,0,0,0,0,0,0,0,0,0,0,0,0,648,0,0,,confirmed_binary_and_builder_logic,per_gcx_size_preserved; no record relocation
codec,2263,no,0,,,0,,0,0,0,0,0,0,0,0,0,0,0,0,648,0,0,,confirmed_binary_and_builder_logic,per_gcx_size_preserved; no record relocation
codec,2264,no,0,,,0,,0,0,0,0,0,0,0,0,0,0,0,0,648,0,0,,confirmed_binary_and_builder_logic,per_gcx_size_preserved; no record relocation
codec,2265,no,0,,,0,,0,0,0,0,0,0,0,0,0,0,0,0,648,0,0,,confirmed_binary_and_builder_logic,per_gcx_size_preserved; no record relocation
codec,2266,no,0,,,0,,0,0,0,0,0,0,0,0,0,0,0,0,600,0,0,,confirmed_binary_and_builder_logic,per_gcx_size_preserved; no record relocation
codec,2267,no,0,,,0,,0,0,0,0,0,0,0,0,0,0,0,0,292,0,0,,confirmed_binary_and_builder_logic,per_gcx_size_preserved; no record relocation
codec,2268,no,0,,,0,,0,0,0,0,0,0,0,0,0,0,0,0,452,0,0,,confirmed_binary_and_builder_logic,per_gcx_size_preserved; no record relocation
codec,2269,no,0,,,0,,0,0,0,0,0,0,0,0,0,0,0,0,340,0,0,,confirmed_binary_and_builder_logic,per_gcx_size_preserved; no record relocation
codec,2270,no,0,,,0,,0,0,0,0,0,0,0,0,0,0,0,0,1128,0,0,,confirmed_binary_and_builder_logic,per_gcx_size_preserved; no record relocation
codec,2271,no,0,,,0,,0,0,0,0,0,0,0,0,0,0,0,0,1128,0,0,,confirmed_binary_and_builder_logic,per_gcx_size_preserved; no record relocation
codec,2272,no,0,,,0,,0,0,0,0,0,0,0,0,0,0,0,0,1128,0,0,,confirmed_binary_and_builder_logic,per_gcx_size_preserved; no record relocation
codec,2273,no,0,,,0,,0,0,0,0,0,0,0,0,0,0,0,0,1128,0,0,,confirmed_binary_and_builder_logic,per_gcx_size_preserved; no record relocation
codec,2274,no,0,,,0,,0,0,0,0,0,0,0,0,0,0,0,0,1128,0,0,,confirmed_binary_and_builder_logic,per_gcx_size_preserved; no record relocation
codec,2275,no,0,,,0,,0,0,0,0,0,0,0,0,0,0,0,0,1128,0,0,,confirmed_binary_and_builder_logic,per_gcx_size_preserved; no record relocation
codec,2276,no,0,,,0,,0,0,0,0,0,0,0,0,0,0,0,0,1128,0,0,,confirmed_binary_and_builder_logic,per_gcx_size_preserved; no record relocation
codec,2277,no,0,,,0,,0,0,0,0,0,0,0,0,0,0,0,0,1128,0,0,,confirmed_binary_and_builder_logic,per_gcx_size_preserved; no record relocation
codec,2278,no,0,,,0,,0,0,0,0,0,0,0,0,0,0,0,0,1128,0,0,,confirmed_binary_and_builder_logic,per_gcx_size_preserved; no record relocation
codec,2279,no,0,,,0,,0,0,0,0,0,0,0,0,0,0,0,0,1128,0,0,,confirmed_binary_and_builder_logic,per_gcx_size_preserved; no record relocation
codec,2280,no,0,,,0,,0,0,0,0,0,0,0,0,0,0,0,0,1128,0,0,,confirmed_binary_and_builder_logic,per_gcx_size_preserved; no record relocation
codec,2281,no,0,,,0,,0,0,0,0,0,0,0,0,0,0,0,0,1128,0,0,,confirmed_binary_and_builder_logic,per_gcx_size_preserved; no record relocation
codec,2282,no,0,,,0,,0,0,0,0,0,0,0,0,0,0,0,0,1128,0,0,,confirmed_binary_and_builder_logic,per_gcx_size_preserved; no record relocation
codec,2283,no,0,,,0,,0,0,0,0,0,0,0,0,0,0,0,0,1128,0,0,,confirmed_binary_and_builder_logic,per_gcx_size_preserved; no record relocation
codec,2284,no,0,,,0,,0,0,0,0,0,0,0,0,0,0,0,0,1128,0,0,,confirmed_binary_and_builder_logic,per_gcx_size_preserved; no record relocation
codec,2285,no,0,,,0,,0,0,0,0,0,0,0,0,0,0,0,0,1128,0,0,,confirmed_binary_and_builder_logic,per_gcx_size_preserved; no record relocation
codec,2286,no,0,,,0,,0,0,0,0,0,0,0,0,0,0,0,0,1128,0,0,,confirmed_binary_and_builder_logic,per_gcx_size_preserved; no record relocation
codec,2287,no,0,,,0,,0,0,0,0,0,0,0,0,0,0,0,0,1128,0,0,,confirmed_binary_and_builder_logic,per_gcx_size_preserved; no record relocation
codec,2288,no,0,,,0,,0,0,0,0,0,0,0,0,0,0,0,0,1128,0,0,,confirmed_binary_and_builder_logic,per_gcx_size_preserved; no record relocation
codec,2289,no,0,,,0,,0,0,0,0,0,0,0,0,0,0,0,0,1128,0,0,,confirmed_binary_and_builder_logic,per_gcx_size_preserved; no record relocation
codec,2290,no,0,,,0,,0,0,0,0,0,0,0,0,0,0,0,0,1128,0,0,,confirmed_binary_and_builder_logic,per_gcx_size_preserved; no record relocation
codec,2291,no,0,,,0,,0,0,0,0,0,0,0,0,0,0,0,0,1128,0,0,,confirmed_binary_and_builder_logic,per_gcx_size_preserved; no record relocation
codec,2292,no,0,,,0,,0,0,0,0,0,0,0,0,0,0,0,0,1128,0,0,,confirmed_binary_and_builder_logic,per_gcx_size_preserved; no record relocation
codec,2293,no,0,,,0,,0,0,0,0,0,0,0,0,0,0,0,0,1128,0,0,,confirmed_binary_and_builder_logic,per_gcx_size_preserved; no record relocation
codec,2294,no,0,,,0,,0,0,0,0,0,0,0,0,0,0,0,0,1128,0,0,,confirmed_binary_and_builder_logic,per_gcx_size_preserved; no record relocation
codec,2295,no,0,,,0,,0,0,0,0,0,0,0,0,0,0,0,0,1128,0,0,,confirmed_binary_and_builder_logic,per_gcx_size_preserved; no record relocation
codec,2296,no,0,,,0,,0,0,0,0,0,0,0,0,0,0,0,0,1128,0,0,,confirmed_binary_and_builder_logic,per_gcx_size_preserved; no record relocation
codec,2297,no,0,,,0,,0,0,0,0,0,0,0,0,0,0,0,0,1128,0,0,,confirmed_binary_and_builder_logic,per_gcx_size_preserved; no record relocation
codec,2298,no,0,,,0,,0,0,0,0,0,0,0,0,0,0,0,0,1128,0,0,,confirmed_binary_and_builder_logic,per_gcx_size_preserved; no record relocation
codec,2299,no,0,,,0,,0,0,0,0,0,0,0,0,0,0,0,0,1128,0,0,,confirmed_binary_and_builder_logic,per_gcx_size_preserved; no record relocation
codec,2300,no,0,,,0,,0,0,0,0,0,0,0,0,0,0,0,0,1128,0,0,,confirmed_binary_and_builder_logic,per_gcx_size_preserved; no record relocation
codec,2301,no,0,,,0,,0,0,0,0,0,0,0,0,0,0,0,0,1128,0,0,,confirmed_binary_and_builder_logic,per_gcx_size_preserved; no record relocation
codec,2302,no,0,,,0,,0,0,0,0,0,0,0,0,0,0,0,0,1128,0,0,,confirmed_binary_and_builder_logic,per_gcx_size_preserved; no record relocation
codec,2303,no,0,,,0,,0,0,0,0,0,0,0,0,0,0,0,0,1128,0,0,,confirmed_binary_and_builder_logic,per_gcx_size_preserved; no record relocation
codec,2304,no,0,,,0,,0,0,0,0,0,0,0,0,0,0,0,0,1128,0,0,,confirmed_binary_and_builder_logic,per_gcx_size_preserved; no record relocation
codec,2305,no,0,,,0,,0,0,0,0,0,0,0,0,0,0,0,0,1128,0,0,,confirmed_binary_and_builder_logic,per_gcx_size_preserved; no record relocation
codec,2306,no,0,,,0,,0,0,0,0,0,0,0,0,0,0,0,0,1128,0,0,,confirmed_binary_and_builder_logic,per_gcx_size_preserved; no record relocation
codec,2307,no,0,,,0,,0,0,0,0,0,0,0,0,0,0,0,0,1128,0,0,,confirmed_binary_and_builder_logic,per_gcx_size_preserved; no record relocation
codec,2308,no,0,,,0,,0,0,0,0,0,0,0,0,0,0,0,0,1128,0,0,,confirmed_binary_and_builder_logic,per_gcx_size_preserved; no record relocation
codec,2309,no,0,,,0,,0,0,0,0,0,0,0,0,0,0,0,0,1128,0,0,,confirmed_binary_and_builder_logic,per_gcx_size_preserved; no record relocation
codec,2310,no,0,,,0,,0,0,0,0,0,0,0,0,0,0,0,0,1128,0,0,,confirmed_binary_and_builder_logic,per_gcx_size_preserved; no record relocation
codec,2311,no,0,,,0,,0,0,0,0,0,0,0,0,0,0,0,0,1128,0,0,,confirmed_binary_and_builder_logic,per_gcx_size_preserved; no record relocation
codec,2312,no,0,,,0,,0,0,0,0,0,0,0,0,0,0,0,0,1128,0,0,,confirmed_binary_and_builder_logic,per_gcx_size_preserved; no record relocation
codec,2313,no,0,,,0,,0,0,0,0,0,0,0,0,0,0,0,0,1128,0,0,,confirmed_binary_and_builder_logic,per_gcx_size_preserved; no record relocation
codec,2314,no,0,,,0,,0,0,0,0,0,0,0,0,0,0,0,0,1128,0,0,,confirmed_binary_and_builder_logic,per_gcx_size_preserved; no record relocation
codec,2315,no,0,,,0,,0,0,0,0,0,0,0,0,0,0,0,0,1128,0,0,,confirmed_binary_and_builder_logic,per_gcx_size_preserved; no record relocation
codec,2316,no,0,,,0,,0,0,0,0,0,0,0,0,0,0,0,0,1128,0,0,,confirmed_binary_and_builder_logic,per_gcx_size_preserved; no record relocation
codec,2317,no,0,,,0,,0,0,0,0,0,0,0,0,0,0,0,0,1128,0,0,,confirmed_binary_and_builder_logic,per_gcx_size_preserved; no record relocation
codec,2318,no,0,,,0,,0,0,0,0,0,0,0,0,0,0,0,0,44,0,0,,confirmed_binary_and_builder_logic,per_gcx_size_preserved; no record relocation
codec,2319,no,0,,,0,,0,0,0,0,0,0,0,0,0,0,0,0,40,0,0,,confirmed_binary_and_builder_logic,per_gcx_size_preserved; no record relocation
codec,2320,no,0,,,0,,0,0,0,0,0,0,0,0,0,0,0,0,36,0,0,,confirmed_binary_and_builder_logic,per_gcx_size_preserved; no record relocation
codec,2321,no,0,,,0,,0,0,0,0,0,0,0,0,0,0,0,0,52,0,0,,confirmed_binary_and_builder_logic,per_gcx_size_preserved; no record relocation
codec,2322,no,0,,,0,,0,0,0,0,0,0,0,0,0,0,0,0,28,0,0,,confirmed_binary_and_builder_logic,per_gcx_size_preserved; no record relocation
codec,2323,no,0,,,0,,0,0,0,0,0,0,0,0,0,0,0,0,40,0,0,,confirmed_binary_and_builder_logic,per_gcx_size_preserved; no record relocation
codec,2324,no,0,,,0,,0,0,0,0,0,0,0,0,0,0,0,0,40,0,0,,confirmed_binary_and_builder_logic,per_gcx_size_preserved; no record relocation
codec,2325,no,0,,,0,,0,0,0,0,0,0,0,0,0,0,0,0,52,0,0,,confirmed_binary_and_builder_logic,per_gcx_size_preserved; no record relocation
