scope,scope_id,glyph,cost_bytes,line_count,row_ids,english,korean,saving_if_removed_from_scope,english_substitution,scene
movie,0,공,64,1,movie:0:948,"If it succeeds, we'll be officially organized into a unit.",성공하면 정식 부대로 편성될 거다.,64,not_generated,
movie,0,달,64,1,movie:0:808,The future of our FOX unit depends on it.,우리 FOX 부대의 미래가 이 작전에 달려 있어.,64,not_generated,
movie,0,식,64,1,movie:0:948,"If it succeeds, we'll be officially organized into a unit.",성공하면 정식 부대로 편성될 거다.,64,not_generated,
movie,0,작,64,1,movie:0:808,The future of our FOX unit depends on it.,우리 FOX 부대의 미래가 이 작전에 달려 있어.,64,not_generated,
movie,0,전,64,1,movie:0:808,The future of our FOX unit depends on it.,우리 FOX 부대의 미래가 이 작전에 달려 있어.,64,not_generated,
movie,1,과,64,1,movie:0:3048,a certain Soviet scientist requested asylum in the West,소련의 한 과학자가 서방으로 망명을 요청했어.,64,not_generated,
movie,1,단,64,2,movie:0:2300|movie:0:2684,"Sounds like some kind of initiation ritual. || So, what exactly is this wonderful mission?","무슨 입단 의식 같은 이름이군. || 그래서, 그 대단한 임무가 뭔데?",64,not_generated,
movie,1,련,64,2,movie:0:2440|movie:0:3048,Don't get cocky. This isn't a training op. || a certain Soviet scientist requested asylum in the West,우쭐대지 마. 훈련이 아니야. || 소련의 한 과학자가 서방으로 망명을 요청했어.,64,not_generated,
movie,1,름,64,1,movie:0:2300,Sounds like some kind of initiation ritual.,무슨 입단 의식 같은 이름이군.,64,not_generated,
movie,1,망,64,1,movie:0:3048,a certain Soviet scientist requested asylum in the West,소련의 한 과학자가 서방으로 망명을 요청했어.,64,not_generated,
movie,1,뭔,64,1,movie:0:2684,"So, what exactly is this wonderful mission?","그래서, 그 대단한 임무가 뭔데?",64,not_generated,
movie,1,식,64,1,movie:0:2300,Sounds like some kind of initiation ritual.,무슨 입단 의식 같은 이름이군.,64,not_generated,
movie,1,쭐,64,1,movie:0:2440,Don't get cocky. This isn't a training op.,우쭐대지 마. 훈련이 아니야.,64,not_generated,
movie,1,학,64,1,movie:0:3048,a certain Soviet scientist requested asylum in the West,소련의 한 과학자가 서방으로 망명을 요청했어.,64,not_generated,
movie,1,했,64,1,movie:0:3048,a certain Soviet scientist requested asylum in the West,소련의 한 과학자가 서방으로 망명을 요청했어.,64,not_generated,
movie,1,훈,64,1,movie:0:2440,Don't get cocky. This isn't a training op.,우쭐대지 마. 훈련이 아니야.,64,not_generated,
movie,2,공,64,1,movie:0:4260,through one of our moles.,우리 잠복공작원을 통해서.,64,not_generated,
movie,2,구,64,2,movie:0:4664|movie:0:4820,"one of the Soviets' top-secret weapon research facilities, || and the East's foremost expert on weapons development.",소련의 극비 병기 연구시설 중 하나지. || 동구권 최고의 병기 개발 전문가이기도 해.,64,not_generated,
movie,2,국,64,1,movie:0:4524,"He's head of the OKB-754 Design Bureau,","OKB-754 설계국의 국장으로,",64,not_generated,
movie,2,권,64,1,movie:0:4820,and the East's foremost expert on weapons development.,동구권 최고의 병기 개발 전문가이기도 해.,64,not_generated,
movie,2,극,64,1,movie:0:4664,"one of the Soviets' top-secret weapon research facilities,",소련의 극비 병기 연구시설 중 하나지.,64,not_generated,
movie,2,노,64,1,movie:0:4384,His name is Nikolai Stepanovich Sokolov.,이름은 니콜라이 스테파노비치 소콜로프.,64,not_generated,
movie,2,동,64,1,movie:0:4820,and the East's foremost expert on weapons development.,동구권 최고의 병기 개발 전문가이기도 해.,64,not_generated,
movie,2,련,64,1,movie:0:4664,"one of the Soviets' top-secret weapon research facilities,",소련의 극비 병기 연구시설 중 하나지.,64,not_generated,
movie,2,름,64,1,movie:0:4384,His name is Nikolai Stepanovich Sokolov.,이름은 니콜라이 스테파노비치 소콜로프.,64,not_generated,
movie,2,발,64,1,movie:0:4820,and the East's foremost expert on weapons development.,동구권 최고의 병기 개발 전문가이기도 해.,64,not_generated,
movie,2,병,64,2,movie:0:4664|movie:0:4820,"one of the Soviets' top-secret weapon research facilities, || and the East's foremost expert on weapons development.",소련의 극비 병기 연구시설 중 하나지. || 동구권 최고의 병기 개발 전문가이기도 해.,64,not_generated,
movie,2,복,64,1,movie:0:4260,through one of our moles.,우리 잠복공작원을 통해서.,64,not_generated,
movie,2,비,64,2,movie:0:4384|movie:0:4664,"His name is Nikolai Stepanovich Sokolov. || one of the Soviets' top-secret weapon research facilities,",이름은 니콜라이 스테파노비치 소콜로프. || 소련의 극비 병기 연구시설 중 하나지.,64,not_generated,
movie,2,연,64,1,movie:0:4664,"one of the Soviets' top-secret weapon research facilities,",소련의 극비 병기 연구시설 중 하나지.,64,not_generated,
movie,2,작,64,1,movie:0:4260,through one of our moles.,우리 잠복공작원을 통해서.,64,not_generated,
movie,2,잠,64,1,movie:0:4260,through one of our moles.,우리 잠복공작원을 통해서.,64,not_generated,
movie,2,장,64,1,movie:0:4524,"He's head of the OKB-754 Design Bureau,","OKB-754 설계국의 국장으로,",64,not_generated,
movie,2,전,64,1,movie:0:4820,and the East's foremost expert on weapons development.,동구권 최고의 병기 개발 전문가이기도 해.,64,not_generated,
movie,2,중,64,1,movie:0:4664,"one of the Soviets' top-secret weapon research facilities,",소련의 극비 병기 연구시설 중 하나지.,64,not_generated,
movie,2,최,64,1,movie:0:4820,and the East's foremost expert on weapons development.,동구권 최고의 병기 개발 전문가이기도 해.,64,not_generated,
movie,2,치,64,1,movie:0:4384,His name is Nikolai Stepanovich Sokolov.,이름은 니콜라이 스테파노비치 소콜로프.,64,not_generated,
movie,2,테,64,1,movie:0:4384,His name is Nikolai Stepanovich Sokolov.,이름은 니콜라이 스테파노비치 소콜로프.,64,not_generated,
movie,2,통,64,1,movie:0:4260,through one of our moles.,우리 잠복공작원을 통해서.,64,not_generated,
movie,2,파,64,1,movie:0:4384,His name is Nikolai Stepanovich Sokolov.,이름은 니콜라이 스테파노비치 소콜로프.,64,not_generated,
movie,3,공,64,1,movie:0:6476,the Soviets achieved the first manned space flight in history.,소련은 인류 최초의 유인 우주비행에 성공했어.,64,not_generated,
movie,3,년,64,1,movie:0:6360,"On April 12, 1961,","1961년 4월 12일,",64,not_generated,
movie,3,련,64,1,movie:0:6476,the Soviets achieved the first manned space flight in history.,소련은 인류 최초의 유인 우주비행에 성공했어.,64,not_generated,
movie,3,류,64,1,movie:0:6476,the Soviets achieved the first manned space flight in history.,소련은 인류 최초의 유인 우주비행에 성공했어.,64,not_generated,
movie,3,비,64,1,movie:0:6476,the Soviets achieved the first manned space flight in history.,소련은 인류 최초의 유인 우주비행에 성공했어.,64,not_generated,
movie,3,월,64,1,movie:0:6360,"On April 12, 1961,","1961년 4월 12일,",64,not_generated,
movie,3,주,64,1,movie:0:6476,the Soviets achieved the first manned space flight in history.,소련은 인류 최초의 유인 우주비행에 성공했어.,64,not_generated,
movie,3,초,64,1,movie:0:6476,the Soviets achieved the first manned space flight in history.,소련은 인류 최초의 유인 우주비행에 성공했어.,64,not_generated,
movie,3,최,64,1,movie:0:6476,the Soviets achieved the first manned space flight in history.,소련은 인류 최초의 유인 우주비행에 성공했어.,64,not_generated,
movie,3,했,64,1,movie:0:6476,the Soviets achieved the first manned space flight in history.,소련은 인류 최초의 유인 우주비행에 성공했어.,64,not_generated,
movie,5,걸,64,1,movie:0:10900,"And for that, he left his country and his family behind and went over the fence?",그걸 위해 조국과 가족까지 버리고 망명한 건가?,64,not_generated,
movie,5,공,64,1,movie:0:11372,"We used a mole to get the family out first,","우린 잠복공작원으로 가족부터 탈출시켰고,",64,not_generated,
movie,5,과,64,1,movie:0:10900,"And for that, he left his country and his family behind and went over the fence?",그걸 위해 조국과 가족까지 버리고 망명한 건가?,64,not_generated,
movie,5,국,64,1,movie:0:10900,"And for that, he left his country and his family behind and went over the fence?",그걸 위해 조국과 가족까지 버리고 망명한 건가?,64,not_generated,
movie,5,꼭,64,1,movie:0:11080,Not exactly.,꼭 그렇진 않아.,64,not_generated,
movie,5,린,64,1,movie:0:11372,"We used a mole to get the family out first,","우린 잠복공작원으로 가족부터 탈출시켰고,",64,not_generated,
movie,5,망,64,1,movie:0:10900,"And for that, he left his country and his family behind and went over the fence?",그걸 위해 조국과 가족까지 버리고 망명한 건가?,64,not_generated,
movie,5,복,64,1,movie:0:11372,"We used a mole to get the family out first,","우린 잠복공작원으로 가족부터 탈출시켰고,",64,not_generated,
movie,5,오,64,1,movie:0:11192,One of his conditions was that his family was also to be taken safely to the West.,조건 중 하나가 가족도 안전하게 서방으로 데려오는 것이었어.,64,not_generated,
movie,5,작,64,1,movie:0:11372,"We used a mole to get the family out first,","우린 잠복공작원으로 가족부터 탈출시켰고,",64,not_generated,
movie,5,잠,64,1,movie:0:11372,"We used a mole to get the family out first,","우린 잠복공작원으로 가족부터 탈출시켰고,",64,not_generated,
movie,5,전,64,1,movie:0:11192,One of his conditions was that his family was also to be taken safely to the West.,조건 중 하나가 가족도 안전하게 서방으로 데려오는 것이었어.,64,not_generated,
movie,5,족,64,3,movie:0:10900|movie:0:11192|movie:0:11372,"And for that, he left his country and his family behind and went over the fence? || One of his conditions was that his family was also to be taken safely to the West. || We used a mole to get the family out first,","그걸 위해 조국과 가족까지 버리고 망명한 건가? || 조건 중 하나가 가족도 안전하게 서방으로 데려오는 것이었어. || 우린 잠복공작원으로 가족부터 탈출시켰고,",64,not_generated,
movie,5,중,64,1,movie:0:11192,One of his conditions was that his family was also to be taken safely to the West.,조건 중 하나가 가족도 안전하게 서방으로 데려오는 것이었어.,64,not_generated,
movie,5,진,64,1,movie:0:11080,Not exactly.,꼭 그렇진 않아.,64,not_generated,
movie,5,출,64,1,movie:0:11372,"We used a mole to get the family out first,","우린 잠복공작원으로 가족부터 탈출시켰고,",64,not_generated,
movie,5,켰,64,1,movie:0:11372,"We used a mole to get the family out first,","우린 잠복공작원으로 가족부터 탈출시켰고,",64,not_generated,
movie,5,탈,64,1,movie:0:11372,"We used a mole to get the family out first,","우린 잠복공작원으로 가족부터 탈출시켰고,",64,not_generated,
movie,6,곧,64,1,movie:0:12776,and succeeded in sneaking Sokolov over the Berlin Wall shortly afterwards.,곧이어 소콜로프도 베를린 장벽 너머로 빼냈지.,64,not_generated,
movie,6,과,64,1,movie:0:14220,"but the whole ordeal had left him exhausted,",그 과정에서 완전히 지쳐 있었어.,64,not_generated,
movie,6,냈,64,1,movie:0:12776,and succeeded in sneaking Sokolov over the Berlin Wall shortly afterwards.,곧이어 소콜로프도 베를린 장벽 너머로 빼냈지.,64,not_generated,
movie,6,너,64,1,movie:0:12776,and succeeded in sneaking Sokolov over the Berlin Wall shortly afterwards.,곧이어 소콜로프도 베를린 장벽 너머로 빼냈지.,64,not_generated,
movie,6,린,64,2,movie:0:12776|movie:0:14572,and succeeded in sneaking Sokolov over the Berlin Wall shortly afterwards. || and we checked him into a hospital in West Berlin.,곧이어 소콜로프도 베를린 장벽 너머로 빼냈지. || 그래서 서베를린의 병원에 입원시켰지.,64,not_generated,
movie,6,베,64,2,movie:0:12776|movie:0:14572,and succeeded in sneaking Sokolov over the Berlin Wall shortly afterwards. || and we checked him into a hospital in West Berlin.,곧이어 소콜로프도 베를린 장벽 너머로 빼냈지. || 그래서 서베를린의 병원에 입원시켰지.,64,not_generated,
movie,6,벽,64,1,movie:0:12776,and succeeded in sneaking Sokolov over the Berlin Wall shortly afterwards.,곧이어 소콜로프도 베를린 장벽 너머로 빼냈지.,64,not_generated,
movie,6,병,64,1,movie:0:14572,and we checked him into a hospital in West Berlin.,그래서 서베를린의 병원에 입원시켰지.,64,not_generated,
movie,6,빼,64,1,movie:0:12776,and succeeded in sneaking Sokolov over the Berlin Wall shortly afterwards.,곧이어 소콜로프도 베를린 장벽 너머로 빼냈지.,64,not_generated,
movie,6,였,64,1,movie:0:13076,I was the one who conducted the operation.,그 작전을 지휘한 게 나였어.,64,not_generated,
movie,6,완,64,1,movie:0:14220,"but the whole ordeal had left him exhausted,",그 과정에서 완전히 지쳐 있었어.,64,not_generated,
movie,6,작,64,1,movie:0:13076,I was the one who conducted the operation.,그 작전을 지휘한 게 나였어.,64,not_generated,
movie,6,장,64,1,movie:0:12776,and succeeded in sneaking Sokolov over the Berlin Wall shortly afterwards.,곧이어 소콜로프도 베를린 장벽 너머로 빼냈지.,64,not_generated,
movie,6,전,64,2,movie:0:13076|movie:0:14220,"I was the one who conducted the operation. || but the whole ordeal had left him exhausted,",그 작전을 지휘한 게 나였어. || 그 과정에서 완전히 지쳐 있었어.,64,not_generated,
movie,6,쳐,64,1,movie:0:14220,"but the whole ordeal had left him exhausted,",그 과정에서 완전히 지쳐 있었어.,64,not_generated,
movie,6,켰,64,1,movie:0:14572,and we checked him into a hospital in West Berlin.,그래서 서베를린의 병원에 입원시켰지.,64,not_generated,
movie,6,휘,64,1,movie:0:13076,I was the one who conducted the operation.,그 작전을 지휘한 게 나였어.,64,not_generated,
movie,7,걸,64,1,movie:0:14900,to get from the research facility in the Soviet Union to Berlin.,2주나 걸려 빠져나온 거야.,64,not_generated,
movie,7,구,64,1,movie:0:14756,It took him two weeks and more than 600 miles,소련의 연구시설에서 베를린까지 600마일 넘는 거리를,64,not_generated,
movie,7,넘,64,1,movie:0:14756,It took him two weeks and more than 600 miles,소련의 연구시설에서 베를린까지 600마일 넘는 거리를,64,not_generated,
movie,7,련,64,1,movie:0:14756,It took him two weeks and more than 600 miles,소련의 연구시설에서 베를린까지 600마일 넘는 거리를,64,not_generated,
movie,7,린,64,1,movie:0:14756,It took him two weeks and more than 600 miles,소련의 연구시설에서 베를린까지 600마일 넘는 거리를,64,not_generated,
movie,7,베,64,1,movie:0:14756,It took him two weeks and more than 600 miles,소련의 연구시설에서 베를린까지 600마일 넘는 거리를,64,not_generated,
movie,7,빠,64,1,movie:0:14900,to get from the research facility in the Soviet Union to Berlin.,2주나 걸려 빠져나온 거야.,64,not_generated,
movie,7,연,64,1,movie:0:14756,It took him two weeks and more than 600 miles,소련의 연구시설에서 베를린까지 600마일 넘는 거리를,64,not_generated,
movie,7,였,64,1,movie:0:15064,He was in no condition to say anything coherent.,제대로 말도 못 할 정도였지.,64,not_generated,
movie,7,온,64,1,movie:0:14900,to get from the research facility in the Soviet Union to Berlin.,2주나 걸려 빠져나온 거야.,64,not_generated,
movie,7,져,64,1,movie:0:14900,to get from the research facility in the Soviet Union to Berlin.,2주나 걸려 빠져나온 거야.,64,not_generated,
movie,7,주,64,1,movie:0:14900,to get from the research facility in the Soviet Union to Berlin.,2주나 걸려 빠져나온 거야.,64,not_generated,
movie,11,국,64,1,movie:0:23208,You mean the one where the U.S. agreed to remove its IRBMs from Turkey?,미국이 터키의 IRBM을 철수하기로 한 그 거래 말인가?,64,not_generated,
movie,11,철,64,1,movie:0:23208,You mean the one where the U.S. agreed to remove its IRBMs from Turkey?,미국이 터키의 IRBM을 철수하기로 한 그 거래 말인가?,64,not_generated,
movie,12,놈,64,1,movie:0:25736,They wanted us to return Sokolov.,놈들이 원한 건 소콜로프의 송환이었어.,64,not_generated,
movie,12,송,64,1,movie:0:25736,They wanted us to return Sokolov.,놈들이 원한 건 소콜로프의 송환이었어.,64,not_generated,
movie,12,환,64,1,movie:0:25736,They wanted us to return Sokolov.,놈들이 원한 건 소콜로프의 송환이었어.,64,not_generated,
movie,25,실,64,1,movie:2:51528,ICUs in the world?,세계의 중환자실?,64,not_generated,
movie,25,중,64,1,movie:2:51528,ICUs in the world?,세계의 중환자실?,64,not_generated,
movie,25,환,64,1,movie:2:51528,ICUs in the world?,세계의 중환자실?,64,not_generated,
movie,26,공,64,1,movie:2:53528,"According to them, I'm a traitor and an accomplice to The Boss' defection.",그들 말로는 내가 반역자이자 더 보스의 망명 공범이래.,64,not_generated,
movie,26,국,64,1,movie:2:53972,Let's just say neither one of us is going to be made a national hero out of this.,우리 둘 다 이 일로 국가 영웅이 되진 못한다는 거지.,64,not_generated,
movie,26,당,64,1,movie:2:53836,"Does that mean they're after you, too?",그럼 당신도 쫓기고 있다는 뜻이야?,64,not_generated,
movie,26,럼,64,1,movie:2:53836,"Does that mean they're after you, too?",그럼 당신도 쫓기고 있다는 뜻이야?,64,not_generated,
movie,26,망,64,1,movie:2:53528,"According to them, I'm a traitor and an accomplice to The Boss' defection.",그들 말로는 내가 반역자이자 더 보스의 망명 공범이래.,64,not_generated,
movie,26,반,64,1,movie:2:53528,"According to them, I'm a traitor and an accomplice to The Boss' defection.",그들 말로는 내가 반역자이자 더 보스의 망명 공범이래.,64,not_generated,
movie,26,범,64,1,movie:2:53528,"According to them, I'm a traitor and an accomplice to The Boss' defection.",그들 말로는 내가 반역자이자 더 보스의 망명 공범이래.,64,not_generated,
movie,26,뿐,64,1,movie:2:53700,They're just looking for a scapegoat.,희생양이 필요한 것뿐이야.,64,not_generated,
movie,26,생,64,1,movie:2:53700,They're just looking for a scapegoat.,희생양이 필요한 것뿐이야.,64,not_generated,
movie,26,신,64,1,movie:2:53836,"Does that mean they're after you, too?",그럼 당신도 쫓기고 있다는 뜻이야?,64,not_generated,
movie,26,양,64,1,movie:2:53700,They're just looking for a scapegoat.,희생양이 필요한 것뿐이야.,64,not_generated,
movie,26,역,64,1,movie:2:53528,"According to them, I'm a traitor and an accomplice to The Boss' defection.",그들 말로는 내가 반역자이자 더 보스의 망명 공범이래.,64,not_generated,
movie,26,영,64,1,movie:2:53972,Let's just say neither one of us is going to be made a national hero out of this.,우리 둘 다 이 일로 국가 영웅이 되진 못한다는 거지.,64,not_generated,
movie,26,웅,64,1,movie:2:53972,Let's just say neither one of us is going to be made a national hero out of this.,우리 둘 다 이 일로 국가 영웅이 되진 못한다는 거지.,64,not_generated,
movie,26,진,64,1,movie:2:53972,Let's just say neither one of us is going to be made a national hero out of this.,우리 둘 다 이 일로 국가 영웅이 되진 못한다는 거지.,64,not_generated,
movie,26,쫓,64,1,movie:2:53836,"Does that mean they're after you, too?",그럼 당신도 쫓기고 있다는 뜻이야?,64,not_generated,
movie,26,희,64,1,movie:2:53700,They're just looking for a scapegoat.,희생양이 필요한 것뿐이야.,64,not_generated,
movie,27,냥,64,1,movie:2:55508,This fox is still one step ahead of the hounds.,이 여우는 아직 사냥개보다 한발 앞서 있어.,64,not_generated,
movie,27,늘,64,1,movie:2:55656,The reason I came to see you today...,오늘 자네를 찾아온 이유는...,64,not_generated,
movie,27,달,64,1,movie:2:56052,The situation has changed.,상황이 달라졌어.,64,not_generated,
movie,27,발,64,1,movie:2:55508,This fox is still one step ahead of the hounds.,이 여우는 아직 사냥개보다 한발 앞서 있어.,64,not_generated,
movie,27,씻,64,1,movie:2:55792,"Jack, it's time for FOX to clear its name.","잭, FOX의 오명을 씻을 때가 왔다.",64,not_generated,
movie,27,앞,64,1,movie:2:55508,This fox is still one step ahead of the hounds.,이 여우는 아직 사냥개보다 한발 앞서 있어.,64,not_generated,
movie,27,오,64,2,movie:2:55656|movie:2:55792,"The reason I came to see you today... || Jack, it's time for FOX to clear its name.","오늘 자네를 찾아온 이유는... || 잭, FOX의 오명을 씻을 때가 왔다.",64,not_generated,
movie,27,온,64,1,movie:2:55656,The reason I came to see you today...,오늘 자네를 찾아온 이유는...,64,not_generated,
movie,27,잭,64,1,movie:2:55792,"Jack, it's time for FOX to clear its name.","잭, FOX의 오명을 씻을 때가 왔다.",64,not_generated,
movie,27,졌,64,1,movie:2:56052,The situation has changed.,상황이 달라졌어.,64,not_generated,
movie,27,직,64,1,movie:2:55508,This fox is still one step ahead of the hounds.,이 여우는 아직 사냥개보다 한발 앞서 있어.,64,not_generated,
movie,27,찾,64,1,movie:2:55656,The reason I came to see you today...,오늘 자네를 찾아온 이유는...,64,not_generated,
movie,27,황,64,1,movie:2:56052,The situation has changed.,상황이 달라졌어.,64,not_generated,
movie,28,결,64,1,movie:2:57980,They decided when they're going to execute us?,우릴 언제 처형할지 결정했나?,64,not_generated,
movie,28,너,64,1,movie:2:57584,Don't get too excited.,너무 들뜨진 마.,64,not_generated,
movie,28,늘,64,1,movie:2:57836,"This morning, I had a meeting with the CIA.",오늘 아침 CIA와 회의를 했네.,64,not_generated,
movie,28,뜨,64,1,movie:2:57584,Don't get too excited.,너무 들뜨진 마.,64,not_generated,
movie,28,릴,64,1,movie:2:57980,They decided when they're going to execute us?,우릴 언제 처형할지 결정했나?,64,not_generated,
movie,28,산,64,1,movie:2:57704,"Here, have a cigar...it's Cuban.","자, 시가 한 대 하게... 쿠바산이야.",64,not_generated,
movie,28,언,64,1,movie:2:57980,They decided when they're going to execute us?,우릴 언제 처형할지 결정했나?,64,not_generated,
movie,28,오,64,1,movie:2:57836,"This morning, I had a meeting with the CIA.",오늘 아침 CIA와 회의를 했네.,64,not_generated,
movie,28,진,64,1,movie:2:57584,Don't get too excited.,너무 들뜨진 마.,64,not_generated,
movie,28,처,64,1,movie:2:57980,They decided when they're going to execute us?,우릴 언제 처형할지 결정했나?,64,not_generated,
movie,28,침,64,1,movie:2:57836,"This morning, I had a meeting with the CIA.",오늘 아침 CIA와 회의를 했네.,64,not_generated,
movie,28,쿠,64,1,movie:2:57704,"Here, have a cigar...it's Cuban.","자, 시가 한 대 하게... 쿠바산이야.",64,not_generated,
movie,28,했,64,2,movie:2:57836|movie:2:57980,"This morning, I had a meeting with the CIA. || They decided when they're going to execute us?",오늘 아침 CIA와 회의를 했네. || 우릴 언제 처형할지 결정했나?,64,not_generated,
movie,28,형,64,1,movie:2:57980,They decided when they're going to execute us?,우릴 언제 처형할지 결정했나?,64,not_generated,
movie,28,회,64,1,movie:2:57836,"This morning, I had a meeting with the CIA.",오늘 아침 CIA와 회의를 했네.,64,not_generated,
demo,0,송,64,1,demo:2:2669792,"ensure the safety of Sokolov, and bring him back to the West.","Sokolov 확보, 서방 이송.",64,not_generated,2
demo,0,오,64,1,demo:2:2670184,"If we don't get Sokolov back before that weapon is complete,",무기 완성 전 못 데려오면,64,not_generated,2
demo,0,완,64,1,demo:2:2670184,"If we don't get Sokolov back before that weapon is complete,",무기 완성 전 못 데려오면,64,not_generated,2
demo,0,잠,64,1,demo:2:2669336,"Your mission is to infiltrate Tselinoyarsk in the Soviet mountains,","임무는 Tselinoyarsk 잠입,",64,not_generated,2
demo,0,전,64,1,demo:2:2670184,"If we don't get Sokolov back before that weapon is complete,",무기 완성 전 못 데려오면,64,not_generated,2
demo,0,큰,64,1,demo:2:2670600,we'll be facing a major crisis.,큰일 난다.,64,not_generated,2
demo,0,확,64,1,demo:2:2669792,"ensure the safety of Sokolov, and bring him back to the West.","Sokolov 확보, 서방 이송.",64,not_generated,2
demo,2,격,64,1,demo:2:5282592,The shock will be less than during a parachute jump.,충격은 낙하산보다 적다.,64,not_generated,2
demo,2,경,64,1,demo:2:5283268,"So, you're planning on going over the border in a single Combat Talon?",Combat Talon 1대로 국경 넘나?,64,not_generated,2
demo,2,국,64,1,demo:2:5283268,"So, you're planning on going over the border in a single Combat Talon?",Combat Talon 1대로 국경 넘나?,64,not_generated,2
demo,2,낙,64,1,demo:2:5282592,The shock will be less than during a parachute jump.,충격은 낙하산보다 적다.,64,not_generated,2
demo,2,넘,64,1,demo:2:5283268,"So, you're planning on going over the border in a single Combat Talon?",Combat Talon 1대로 국경 넘나?,64,not_generated,2
demo,2,산,64,1,demo:2:5282592,The shock will be less than during a parachute jump.,충격은 낙하산보다 적다.,64,not_generated,2
demo,2,충,64,1,demo:2:5282592,The shock will be less than during a parachute jump.,충격은 낙하산보다 적다.,64,not_generated,2
demo,2,틴,64,1,demo:2:5282968,And the arm can handle up to 500 pounds.,arm은 500lb까지 버틴다.,64,not_generated,2
demo,3,녁,64,1,demo:2:6088416,Home in time for dinner.,저녁 전엔 온다.,64,not_generated,2
demo,3,온,64,1,demo:2:6088416,Home in time for dinner.,저녁 전엔 온다.,64,not_generated,2
demo,3,전,64,1,demo:2:6088416,Home in time for dinner.,저녁 전엔 온다.,64,not_generated,2
demo,8,너,64,1,demo:10:17222632,I've come to escort you back to the other side of the Iron Curtain.,철의 장막 너머로 당신을 데려가러 왔다.,64,not_generated,10
demo,8,당,64,1,demo:10:17222632,I've come to escort you back to the other side of the Iron Curtain.,철의 장막 너머로 당신을 데려가러 왔다.,64,not_generated,10
demo,8,막,64,1,demo:10:17222632,I've come to escort you back to the other side of the Iron Curtain.,철의 장막 너머로 당신을 데려가러 왔다.,64,not_generated,10
demo,8,신,64,1,demo:10:17222632,I've come to escort you back to the other side of the Iron Curtain.,철의 장막 너머로 당신을 데려가러 왔다.,64,not_generated,10
demo,8,장,64,1,demo:10:17222632,I've come to escort you back to the other side of the Iron Curtain.,철의 장막 너머로 당신을 데려가러 왔다.,64,not_generated,10
demo,8,철,64,1,demo:10:17222632,I've come to escort you back to the other side of the Iron Curtain.,철의 장막 너머로 당신을 데려가러 왔다.,64,not_generated,10
demo,9,찬,64,1,demo:10:18715640,What is it?,칭찬하고,64,not_generated,10
demo,9,칭,64,1,demo:10:18715640,What is it?,칭찬하고,64,not_generated,10
demo,10,름,64,1,demo:10:19638116,...Never heard of him.,...처음 듣는 이름이군.,64,not_generated,10
demo,10,처,64,1,demo:10:19638116,...Never heard of him.,...처음 듣는 이름이군.,64,not_generated,10
demo,15,꺼,64,1,demo:12:31740236,Now get out of here.,이제 여기서 꺼져.,64,not_generated,12
demo,15,져,64,1,demo:12:31740236,Now get out of here.,이제 여기서 꺼져.,64,not_generated,12
demo,21,끝,64,1,demo:13:52284744,it will mean the end of the Cold War.,Cold War 끝.,64,not_generated,13
demo,21,돼,64,1,demo:13:52284456,"If it is completed and the colonel gets his hands on it,","완성돼 Colonel 손에 가면,",64,not_generated,13
demo,21,손,64,1,demo:13:52284456,"If it is completed and the colonel gets his hands on it,","완성돼 Colonel 손에 가면,",64,not_generated,13
demo,21,완,64,2,demo:13:52283084|demo:13:52284456,"Is that thing finished? || If it is completed and the colonel gets his hands on it,","완성? || 완성돼 Colonel 손에 가면,",64,not_generated,13
demo,22,럼,64,1,demo:13:53378532,And then the age of fear will truly begin...,그럼 fear 시대가 와...,64,not_generated,13
demo,22,발,64,1,demo:13:53379900,"Please, take me to America, quickly.",제발 US로 가.,64,not_generated,13
demo,22,싫,64,1,demo:13:53379248,I didn't want to die.,죽기 싫어.,64,not_generated,13
demo,23,완,64,1,demo:13:54391500,They cannot complete it without my help!,나 없인 완성 못해!,64,not_generated,13
demo,24,동,64,1,demo:14:55185740,What are you doing here?,북동쪽이라 ... 알았다 .,64,not_generated,14
demo,24,북,64,1,demo:14:55185740,What are you doing here?,북동쪽이라 ... 알았다 .,64,not_generated,14
demo,24,쪽,64,1,demo:14:55185740,What are you doing here?,북동쪽이라 ... 알았다 .,64,not_generated,14
demo,31,괜,64,1,demo:18:80849540,She's a nice catch.,괜찮은 포획물이군.,64,not_generated,18
demo,31,찮,64,1,demo:18:80849540,She's a nice catch.,괜찮은 포획물이군.,64,not_generated,18
demo,32,두,64,1,demo:18:86384468,"Not so fast, my dear.","그렇게 서두르지 마, 아가씨.",64,not_generated,18
demo,32,씨,64,1,demo:18:86384468,"Not so fast, my dear.","그렇게 서두르지 마, 아가씨.",64,not_generated,18
demo,33,국,64,1,demo:18:89152260,It will be our friend the American defector.,우리의 미국인 망명자가 해줄 거다.,64,not_generated,18
demo,33,당,64,1,demo:18:89151948,But it won't be me that pulled the trigger.,하지만 방아쇠를 당기는 건 내가 아니야.,64,not_generated,18
demo,33,망,64,1,demo:18:89152260,It will be our friend the American defector.,우리의 미국인 망명자가 해줄 거다.,64,not_generated,18
demo,33,쇠,64,1,demo:18:89151948,But it won't be me that pulled the trigger.,하지만 방아쇠를 당기는 건 내가 아니야.,64,not_generated,18
demo,41,냐,64,1,demo:24:103270144,I'm not your boss anymore.,이제 Boss 아냐.,64,not_generated,24
demo,41,닌,64,1,demo:24:103268132,Looks like death wasn't ready for you yet.,죽을 때 아닌가.,64,not_generated,24
demo,41,앞,64,1,demo:24:103269184,Go home! GRU and my sons are waiting up ahead.,돌아가! 앞엔 GRU와 부하가 있다.,64,not_generated,24
demo,41,잖,64,1,demo:24:103269560,You don't have a prayer of finishing your mission -- you're not even armed.,무기도 없잖아. 임무는 무리.,64,not_generated,24
demo,46,구,64,2,demo:25:114043636|demo:25:114043848,Who are the Patriots? || Who are the Patriots?,Patriots가 누구지? || Patriots가 누구냐고?,64,not_generated,25
demo,46,냐,64,1,demo:25:114043848,Who are the Patriots?,Patriots가 누구냐고?,64,not_generated,25
demo,46,누,64,2,demo:25:114043636|demo:25:114043848,Who are the Patriots? || Who are the Patriots?,Patriots가 누구지? || Patriots가 누구냐고?,64,not_generated,25
demo,46,답,64,1,demo:25:114044060,Answer me.,대답해.,64,not_generated,25
demo,46,오,64,1,demo:25:114043204,ADAM couldn't make it.,ADAM은 오지 못했어.,64,not_generated,25
demo,46,했,64,1,demo:25:114043204,ADAM couldn't make it.,ADAM은 오지 못했어.,64,not_generated,25
demo,47,엎,64,1,demo:25:115650468,Get down!,엎드려!,64,not_generated,25
demo,50,국,64,1,demo:26:120767052,it's a Chinese Type 17 pistol.,중국제 Type 17 권총이야.,64,not_generated,26
demo,50,권,64,1,demo:26:120767052,it's a Chinese Type 17 pistol.,중국제 Type 17 권총이야.,64,not_generated,26
demo,50,눕,64,1,demo:26:120765532,You held it sideways,총을 옆으로 눕혀 잡고,64,not_generated,26
demo,50,동,64,1,demo:26:120765748,and used the muzzle jump to create a horizontal sweep -,반동을 이용해 수평으로 쓸어버렸지.,64,not_generated,26
demo,50,렸,64,1,demo:26:120765748,and used the muzzle jump to create a horizontal sweep -,반동을 이용해 수평으로 쓸어버렸지.,64,not_generated,26
demo,50,반,64,1,demo:26:120765748,and used the muzzle jump to create a horizontal sweep -,반동을 이용해 수평으로 쓸어버렸지.,64,not_generated,26
demo,50,쓸,64,1,demo:26:120765748,and used the muzzle jump to create a horizontal sweep -,반동을 이용해 수평으로 쓸어버렸지.,64,not_generated,26
demo,50,옆,64,1,demo:26:120765532,You held it sideways,총을 옆으로 눕혀 잡고,64,not_generated,26
demo,50,용,64,1,demo:26:120765748,and used the muzzle jump to create a horizontal sweep -,반동을 이용해 수평으로 쓸어버렸지.,64,not_generated,26
demo,50,중,64,1,demo:26:120767052,it's a Chinese Type 17 pistol.,중국제 Type 17 권총이야.,64,not_generated,26
demo,50,총,64,2,demo:26:120765532|demo:26:120767052,You held it sideways || it's a Chinese Type 17 pistol.,총을 옆으로 눕혀 잡고 || 중국제 Type 17 권총이야.,64,not_generated,26
demo,50,평,64,1,demo:26:120765748,and used the muzzle jump to create a horizontal sweep -,반동을 이용해 수평으로 쓸어버렸지.,64,not_generated,26
demo,50,혀,64,1,demo:26:120765532,You held it sideways,총을 옆으로 눕혀 잡고,64,not_generated,26
demo,51,걱,64,1,demo:26:121556576,"Don't worry, though.",그래도 걱정 마.,64,not_generated,26
demo,51,경,64,1,demo:26:121557080,".45, huh.",.45구경인가.,64,not_generated,26
demo,51,구,64,2,demo:26:121556256|demo:26:121557080,"Around here, even that's hard to come by. || .45, huh.",여기선 그것조차 구하기 힘들지. || .45구경인가.,64,not_generated,26
demo,51,국,64,1,demo:26:121556780,The one I've got for you is American made.,네게 줄 건 미국제야.,64,not_generated,26
demo,51,선,64,1,demo:26:121556256,"Around here, even that's hard to come by.",여기선 그것조차 구하기 힘들지.,64,not_generated,26
demo,51,차,64,1,demo:26:121556256,"Around here, even that's hard to come by.",여기선 그것조차 구하기 힘들지.,64,not_generated,26
demo,51,힘,64,1,demo:26:121556256,"Around here, even that's hard to come by.",여기선 그것조차 구하기 힘들지.,64,not_generated,26
demo,61,얘,64,1,demo:26:132671564,I don't know if I can trust anybody.,이런 이런 . 듣기 좋은 얘기는 아니군 . 그래서,64,not_generated,26
demo,64,발,64,2,demo:28:138412880|demo:28:138413084,That thing only carries 6 shots. || The Makarov carries 8.,그건 6발밖에 안 들어가. || Makarov는 8발이고.,64,not_generated,28
demo,65,감,64,1,demo:28:141255116,You have to get a feel for how many you have left.,남은 탄 수를 감으로 알아야 해.,64,not_generated,28
demo,65,급,64,1,demo:28:141255388,This is a high-class weapon.,이건 고급 무기야.,64,not_generated,28
demo,65,남,64,1,demo:28:141255116,You have to get a feel for how many you have left.,남은 탄 수를 감으로 알아야 해.,64,not_generated,28
demo,65,든,64,1,demo:28:141255676,It's not meant for shooting people.,사람 쏘라고 만든 물건이 아니지.,64,not_generated,28
demo,65,쏘,64,1,demo:28:141255676,It's not meant for shooting people.,사람 쏘라고 만든 물건이 아니지.,64,not_generated,28
demo,65,장,64,1,demo:28:141255832,Damn!,젠장!,64,not_generated,28
demo,65,젠,64,1,demo:28:141255832,Damn!,젠장!,64,not_generated,28
demo,65,탄,64,1,demo:28:141255116,You have to get a feel for how many you have left.,남은 탄 수를 감으로 알아야 해.,64,not_generated,28
demo,85,걷,64,1,demo:36:191390736,Just as when humans learned to walk upright!,사람이 두 발로 걷듯!,64,not_generated,36
demo,85,걸,64,1,demo:36:191389724,Look at these!,이걸 봐!,64,not_generated,36
demo,85,두,64,1,demo:36:191390736,Just as when humans learned to walk upright!,사람이 두 발로 걷듯!,64,not_generated,36
demo,85,든,64,1,demo:36:191390400,Legs that allow it to go anywhere!!,어디든 가는 다리!!,64,not_generated,36
demo,85,듯,64,1,demo:36:191390736,Just as when humans learned to walk upright!,사람이 두 발로 걷듯!,64,not_generated,36
demo,85,른,64,1,demo:36:191389544,It needs something else...,다른 게 필요해...,64,not_generated,36
demo,85,맞,64,1,demo:36:191391140,THAT is the real revolution in weaponry! Don't you agree!?,이게 real weapon 혁명! 맞지!?,64,not_generated,36
demo,85,발,64,1,demo:36:191390736,Just as when humans learned to walk upright!,사람이 두 발로 걷듯!,64,not_generated,36
demo,85,혁,64,1,demo:36:191391140,THAT is the real revolution in weaponry! Don't you agree!?,이게 real weapon 혁명! 맞지!?,64,not_generated,36
demo,86,갔,64,1,demo:36:192332172,The Philosophers' Legacy has been handed over to him.,Legacy도 그에게 갔어.,64,not_generated,36
demo,86,끝,64,1,demo:36:192331864,My project has been terminated,내 project는 끝.,64,not_generated,36
demo,86,놈,64,1,demo:36:192331432,the fools in charge chose Sokolov.,윗놈은 Sokolov 쪽.,64,not_generated,36
demo,86,윗,64,1,demo:36:192331432,the fools in charge chose Sokolov.,윗놈은 Sokolov 쪽.,64,not_generated,36
demo,86,쪽,64,1,demo:36:192331432,the fools in charge chose Sokolov.,윗놈은 Sokolov 쪽.,64,not_generated,36
demo,87,각,64,1,demo:37:192924488,...You're not thinking of going to Groznyj Grad?,...그로즈니 그라드에 갈 생각은 아니겠지?,64,not_generated,37
demo,87,갈,64,1,demo:37:192924488,...You're not thinking of going to Groznyj Grad?,...그로즈니 그라드에 갈 생각은 아니겠지?,64,not_generated,37
demo,87,공,64,1,demo:37:192924828,Are you mad? It's an impenetrable fortress!,미쳤나? 난공불락의 요새야!,64,not_generated,37
demo,87,락,64,1,demo:37:192924828,Are you mad? It's an impenetrable fortress!,미쳤나? 난공불락의 요새야!,64,not_generated,37
demo,87,불,64,1,demo:37:192924828,Are you mad? It's an impenetrable fortress!,미쳤나? 난공불락의 요새야!,64,not_generated,37
demo,87,새,64,1,demo:37:192924828,Are you mad? It's an impenetrable fortress!,미쳤나? 난공불락의 요새야!,64,not_generated,37
demo,87,생,64,1,demo:37:192924488,...You're not thinking of going to Groznyj Grad?,...그로즈니 그라드에 갈 생각은 아니겠지?,64,not_generated,37
demo,87,즈,64,1,demo:37:192924488,...You're not thinking of going to Groznyj Grad?,...그로즈니 그라드에 갈 생각은 아니겠지?,64,not_generated,37
demo,87,쳤,64,1,demo:37:192924828,Are you mad? It's an impenetrable fortress!,미쳤나? 난공불락의 요새야!,64,not_generated,37
demo,100,괜,64,1,demo:44:213232468,I'll be fine. It's just that playing these two roles,난 괜찮아. 두 역할 때문에,64,not_generated,44
demo,100,두,64,1,demo:44:213232468,I'll be fine. It's just that playing these two roles,난 괜찮아. 두 역할 때문에,64,not_generated,44
demo,100,역,64,1,demo:44:213232468,I'll be fine. It's just that playing these two roles,난 괜찮아. 두 역할 때문에,64,not_generated,44
demo,100,잠,64,1,demo:44:213232816,hasn't left me much time to sleep.,잠을 못 잤어.,64,not_generated,44
demo,100,잤,64,1,demo:44:213232816,hasn't left me much time to sleep.,잠을 못 잤어.,64,not_generated,44
demo,100,찮,64,1,demo:44:213232468,I'll be fine. It's just that playing these two roles,난 괜찮아. 두 역할 때문에,64,not_generated,44
demo,102,줘,64,1,demo:44:215996388,"Well, too bad.",안 알려줘.,64,not_generated,44
demo,103,두,64,1,demo:44:216903576,"If we don't get a move on,",서두르지 않으면,64,not_generated,44
demo,103,력,64,1,demo:44:216903180,The colonel is gathering his troops together to meet them.,대령이 병력을 모으고 있어.,64,not_generated,44
demo,103,모,64,1,demo:44:216903180,The colonel is gathering his troops together to meet them.,대령이 병력을 모으고 있어.,64,not_generated,44
demo,103,병,64,1,demo:44:216903180,The colonel is gathering his troops together to meet them.,대령이 병력을 모으고 있어.,64,not_generated,44
demo,104,경,64,1,demo:44:217646532,the security will be even tighter than it is now...,경비가 더 세질 거야...,64,not_generated,44
demo,104,비,64,1,demo:44:217646532,the security will be even tighter than it is now...,경비가 더 세질 거야...,64,not_generated,44
demo,104,질,64,1,demo:44:217646532,the security will be even tighter than it is now...,경비가 더 세질 거야...,64,not_generated,44
demo,106,괜,64,1,demo:45:220070656,I'll be fine. It's just that playing these two roles,난 괜찮아. 두 역할 때문에,64,not_generated,45
demo,106,두,64,1,demo:45:220070656,I'll be fine. It's just that playing these two roles,난 괜찮아. 두 역할 때문에,64,not_generated,45
demo,106,역,64,1,demo:45:220070656,I'll be fine. It's just that playing these two roles,난 괜찮아. 두 역할 때문에,64,not_generated,45
demo,106,잠,64,1,demo:45:220070956,hasn't left me much time to sleep.,잠을 못 잤어.,64,not_generated,45
demo,106,잤,64,1,demo:45:220070956,hasn't left me much time to sleep.,잠을 못 잤어.,64,not_generated,45
demo,106,찮,64,1,demo:45:220070656,I'll be fine. It's just that playing these two roles,난 괜찮아. 두 역할 때문에,64,not_generated,45
demo,108,줘,64,1,demo:45:222834708,"Well, too bad.",안 알려줘.,64,not_generated,45
demo,109,두,64,1,demo:45:223742248,"If we don't get a move on,",서두르지 않으면,64,not_generated,45
demo,109,력,64,1,demo:45:223742012,The colonel is gathering his troops together to meet them.,대령이 병력을 모으고 있어.,64,not_generated,45
demo,109,모,64,1,demo:45:223742012,The colonel is gathering his troops together to meet them.,대령이 병력을 모으고 있어.,64,not_generated,45
demo,109,병,64,1,demo:45:223742012,The colonel is gathering his troops together to meet them.,대령이 병력을 모으고 있어.,64,not_generated,45
demo,110,경,64,1,demo:45:224559068,the security will be even tighter than it is now...,경비가 더 세질 거야...,64,not_generated,45
demo,110,비,64,1,demo:45:224559068,the security will be even tighter than it is now...,경비가 더 세질 거야...,64,not_generated,45
demo,110,질,64,1,demo:45:224559068,the security will be even tighter than it is now...,경비가 더 세질 거야...,64,not_generated,45
demo,115,진,64,1,demo:47:228516636,"Here, look at this picture.",이 사진 봐.,64,not_generated,47
demo,115,척,64,1,demo:47:228517104,Pretend you're him.,그인 척해.,64,not_generated,47
demo,122,구,64,1,demo:49:237326980,Then who?,그럼 누구지?,64,not_generated,49
demo,122,누,64,1,demo:49:237326980,Then who?,그럼 누구지?,64,not_generated,49
demo,122,럼,64,1,demo:49:237326980,Then who?,그럼 누구지?,64,not_generated,49
demo,141,너,64,1,demo:60:274338304,Too late?,너무 늦었나?,64,not_generated,60
demo,141,늦,64,1,demo:60:274338304,Too late?,너무 늦었나?,64,not_generated,60
demo,142,샤,64,1,demo:60:276413872,Don't tell me...the Shagohod's...?,설마... 샤고호드가...?,64,not_generated,60
demo,142,확,64,1,demo:60:276414148,Exactly.,정확해.,64,not_generated,60
demo,144,싣,64,1,demo:61:277863332,But there's no way you could load an ICBM onto the Shagohod.,Shagohod에 ICBM은 못 싣잖아.,64,not_generated,61
demo,144,잖,64,1,demo:61:277863332,But there's no way you could load an ICBM onto the Shagohod.,Shagohod에 ICBM은 못 싣잖아.,64,not_generated,61
demo,144,했,64,1,demo:61:277863584,So how'd you do it?,어떻게 했지?,64,not_generated,61
demo,154,각,64,1,demo:63:282261892,"So you see, it is already too late.",문득 생각난 건데 ...,64,not_generated,63
demo,154,괴,64,1,demo:63:282263288,before they can mass-produce it.,파괴하면 돼.,64,not_generated,63
demo,154,돼,64,1,demo:63:282263288,before they can mass-produce it.,파괴하면 돼.,64,not_generated,63
demo,154,득,64,1,demo:63:282261892,"So you see, it is already too late.",문득 생각난 건데 ...,64,not_generated,63
demo,154,산,64,1,demo:63:282262936,All we have to do is destroy the prototype and the whole facility,양산하기 전에 시제기와 시설 전체를,64,not_generated,63
demo,154,생,64,1,demo:63:282261892,"So you see, it is already too late.",문득 생각난 건데 ...,64,not_generated,63
demo,154,양,64,1,demo:63:282262936,All we have to do is destroy the prototype and the whole facility,양산하기 전에 시제기와 시설 전체를,64,not_generated,63
demo,154,전,64,1,demo:63:282262936,All we have to do is destroy the prototype and the whole facility,양산하기 전에 시제기와 시설 전체를,64,not_generated,63
demo,154,직,64,1,demo:63:282262568,We've still got a chance.,아직 기회는 있어.,64,not_generated,63
demo,154,체,64,1,demo:63:282262936,All we have to do is destroy the prototype and the whole facility,양산하기 전에 시제기와 시설 전체를,64,not_generated,63
demo,154,파,64,1,demo:63:282263288,before they can mass-produce it.,파괴하면 돼.,64,not_generated,63
demo,154,회,64,1,demo:63:282262568,We've still got a chance.,아직 기회는 있어.,64,not_generated,63
demo,194,깐,64,1,demo:74:381612680,come here for a minute...,잠깐 와...,64,not_generated,74
demo,194,딱,64,1,demo:74:381613080,it's so hard...,아주 딱딱해...,64,not_generated,74
demo,194,뭔,64,1,demo:74:381612892,There's something in here...,여기 뭔가 있어...,64,not_generated,74
demo,194,잠,64,1,demo:74:381612680,come here for a minute...,잠깐 와...,64,not_generated,74
demo,194,주,64,1,demo:74:381613080,it's so hard...,아주 딱딱해...,64,not_generated,74
demo,196,감,64,1,demo:74:385695052,That's some female intuition you've got.,여자의 감인가.,64,not_generated,74
demo,197,럼,64,1,demo:75:386799252,"It can be molded into any shape, like clay.",점토처럼 만들 수 있어.,64,not_generated,75
demo,197,약,64,1,demo:75:386798880,"C3, a highly potent explosive from the West.",C3. 서방 폭약.,64,not_generated,75
demo,197,처,64,1,demo:75:386799252,"It can be molded into any shape, like clay.",점토처럼 만들 수 있어.,64,not_generated,75
demo,197,토,64,1,demo:75:386799252,"It can be molded into any shape, like clay.",점토처럼 만들 수 있어.,64,not_generated,75
demo,197,폭,64,1,demo:75:386798880,"C3, a highly potent explosive from the West.",C3. 서방 폭약.,64,not_generated,75
demo,199,럼,64,1,demo:76:388569436,So I should blow up the tanks?,그럼 탱크를 폭파하면 되는 거야?,64,not_generated,76
demo,199,탱,64,1,demo:76:388569436,So I should blow up the tanks?,그럼 탱크를 폭파하면 되는 거야?,64,not_generated,76
demo,199,파,64,1,demo:76:388569436,So I should blow up the tanks?,그럼 탱크를 폭파하면 되는 거야?,64,not_generated,76
demo,199,폭,64,1,demo:76:388569436,So I should blow up the tanks?,그럼 탱크를 폭파하면 되는 거야?,64,not_generated,76
demo,201,경,64,1,demo:76:389314756,Not quite. They've still got guards posted there.,그렇진 않아. 아직 경비병이 배치돼 있어.,64,not_generated,76
demo,201,돼,64,1,demo:76:389314756,Not quite. They've still got guards posted there.,그렇진 않아. 아직 경비병이 배치돼 있어.,64,not_generated,76
demo,201,배,64,1,demo:76:389314756,Not quite. They've still got guards posted there.,그렇진 않아. 아직 경비병이 배치돼 있어.,64,not_generated,76
demo,201,병,64,1,demo:76:389314756,Not quite. They've still got guards posted there.,그렇진 않아. 아직 경비병이 배치돼 있어.,64,not_generated,76
demo,201,비,64,1,demo:76:389314756,Not quite. They've still got guards posted there.,그렇진 않아. 아직 경비병이 배치돼 있어.,64,not_generated,76
demo,201,직,64,1,demo:76:389314756,Not quite. They've still got guards posted there.,그렇진 않아. 아직 경비병이 배치돼 있어.,64,not_generated,76
demo,201,진,64,1,demo:76:389314756,Not quite. They've still got guards posted there.,그렇진 않아. 아직 경비병이 배치돼 있어.,64,not_generated,76
demo,201,치,64,1,demo:76:389314756,Not quite. They've still got guards posted there.,그렇진 않아. 아직 경비병이 배치돼 있어.,64,not_generated,76
demo,203,끝,64,1,demo:77:390000512,Follow this cave and go up the ladder at the end.,cave 끝 ladder로 가.,64,not_generated,77
demo,203,널,64,1,demo:77:390000348,Helping you out.,널 돕는 거.,64,not_generated,77
demo,203,돕,64,1,demo:77:390000348,Helping you out.,널 돕는 거.,64,not_generated,77
demo,203,모,64,1,demo:77:389999648,Uh huh. America doesn't have any use for it does it?,그래. America엔 쓸모없지?,64,not_generated,77
demo,203,쓸,64,1,demo:77:389999648,Uh huh. America doesn't have any use for it does it?,그래. America엔 쓸모없지?,64,not_generated,77
demo,203,억,64,1,demo:77:390000000,"But I haven't forgotten my other mission, either.",other mission도 기억해.,64,not_generated,77
demo,204,남,64,1,demo:77:390804100,"You'll come out inside Groznyj Grad, just southwest of the weapons lab.","Groznyj Grad, weapons lab 남서쪽.",64,not_generated,77
demo,204,쪽,64,1,demo:77:390804100,"You'll come out inside Groznyj Grad, just southwest of the weapons lab.","Groznyj Grad, weapons lab 남서쪽.",64,not_generated,77
demo,207,론,64,1,demo:79:391881060,He suspects you're not who you say you are.,물론 칼로리 메이트로 다이어트를 하는,64,not_generated,79
demo,207,메,64,1,demo:79:391881060,He suspects you're not who you say you are.,물론 칼로리 메이트로 다이어트를 하는,64,not_generated,79
demo,207,칼,64,1,demo:79:391881060,He suspects you're not who you say you are.,물론 칼로리 메이트로 다이어트를 하는,64,not_generated,79
demo,207,트,64,1,demo:79:391881060,He suspects you're not who you say you are.,물론 칼로리 메이트로 다이어트를 하는,64,not_generated,79
demo,228,놈,64,1,demo:86:445290960,Yeah.,놈 ?,64,not_generated,86
demo,230,너,64,1,demo:87:448777220,The bridge is on the other side of the runway.,runway 건너편에 다리가 있어.,64,not_generated,87
demo,230,비,64,1,demo:87:448777588,We'll have to cut through the middle of the base. You ready?,기지 중앙을 지나야 해. 준비됐어?,64,not_generated,87
demo,230,앙,64,1,demo:87:448777588,We'll have to cut through the middle of the base. You ready?,기지 중앙을 지나야 해. 준비됐어?,64,not_generated,87
demo,230,준,64,1,demo:87:448777588,We'll have to cut through the middle of the base. You ready?,기지 중앙을 지나야 해. 준비됐어?,64,not_generated,87
demo,230,중,64,1,demo:87:448777588,We'll have to cut through the middle of the base. You ready?,기지 중앙을 지나야 해. 준비됐어?,64,not_generated,87
demo,234,겨,64,1,demo:93:478066552,"On one condition, though... leave the fighting to me.","단, 조건이 하나 있어... 싸움은 내게 맡겨.",64,not_generated,93
demo,234,널,64,1,demo:93:478066356,Yeah. I trust you.,그래. 널 믿어.,64,not_generated,93
demo,234,단,64,1,demo:93:478066552,"On one condition, though... leave the fighting to me.","단, 조건이 하나 있어... 싸움은 내게 맡겨.",64,not_generated,93
demo,234,맡,64,1,demo:93:478066552,"On one condition, though... leave the fighting to me.","단, 조건이 하나 있어... 싸움은 내게 맡겨.",64,not_generated,93
demo,234,싸,64,1,demo:93:478066552,"On one condition, though... leave the fighting to me.","단, 조건이 하나 있어... 싸움은 내게 맡겨.",64,not_generated,93
demo,234,움,64,1,demo:93:478066552,"On one condition, though... leave the fighting to me.","단, 조건이 하나 있어... 싸움은 내게 맡겨.",64,not_generated,93
demo,236,냐,64,1,demo:94:485074964,What!?,뭐냐 ?,64,not_generated,94
demo,238,길,64,1,demo:96:499360352,Crap!,제길!,64,not_generated,96
demo,238,당,64,1,demo:96:499360208,The tank's shot up.,tank가 당했어.,64,not_generated,96
demo,238,장,64,1,demo:96:499360000,Damn it!,젠장!,64,not_generated,96
demo,238,젠,64,1,demo:96:499360000,Damn it!,젠장!,64,not_generated,96
demo,238,했,64,1,demo:96:499360208,The tank's shot up.,tank가 당했어.,64,not_generated,96
demo,239,괜,64,1,demo:96:504183928,I'm fine.,난 괜찮아.,64,not_generated,96
demo,239,줘,64,1,demo:96:504185256,Give me a gun...,gun 줘...,64,not_generated,96
demo,239,찮,64,1,demo:96:504183928,I'm fine.,난 괜찮아.,64,not_generated,96
demo,241,몰,64,1,demo:96:506710648,I can't fly the WIG by myself.,혼자선 WIG 못 몰아.,64,not_generated,96
demo,241,선,64,1,demo:96:506710648,I can't fly the WIG by myself.,혼자선 WIG 못 몰아.,64,not_generated,96
demo,241,혼,64,1,demo:96:506710648,I can't fly the WIG by myself.,혼자선 WIG 못 몰아.,64,not_generated,96
demo,267,격,64,1,demo:113:584225136,They're going to shoot us down!,격추당해!,64,not_generated,113
demo,267,당,64,1,demo:113:584225136,They're going to shoot us down!,격추당해!,64,not_generated,113
demo,267,돼,64,1,demo:113:584224788,It's no use! There's no way we can outmaneuver them!,안 돼! 못 따돌려!,64,not_generated,113
demo,267,따,64,1,demo:113:584224788,It's no use! There's no way we can outmaneuver them!,안 돼! 못 따돌려!,64,not_generated,113
demo,267,목,64,1,demo:113:584225580,Weapons systems on. Locked on target.,무장 ON. 목표 고정.,64,not_generated,113
demo,267,장,64,1,demo:113:584225580,Weapons systems on. Locked on target.,무장 ON. 목표 고정.,64,not_generated,113
demo,267,추,64,1,demo:113:584225136,They're going to shoot us down!,격추당해!,64,not_generated,113
demo,267,표,64,1,demo:113:584225580,Weapons systems on. Locked on target.,무장 ON. 목표 고정.,64,not_generated,113
demo,268,락,64,1,demo:113:588492648,I got tone.,락온.,64,not_generated,113
demo,268,온,64,1,demo:113:588492648,I got tone.,락온.,64,not_generated,113
demo,270,쩔,64,1,demo:115:595652052,So what are you going to do now? Go back to the KGB?,이제 어쩔 거야? KGB로?,64,not_generated,115
demo,271,구,64,1,demo:115:596951344,I don't take orders from anyone now.,이젠 누구 말도 안 들어.,64,not_generated,115
demo,271,누,64,1,demo:115:596951344,I don't take orders from anyone now.,이젠 누구 말도 안 들어.,64,not_generated,115
demo,271,젠,64,1,demo:115:596951344,I don't take orders from anyone now.,이젠 누구 말도 안 들어.,64,not_generated,115
demo,287,비,64,1,demo:127:638620608,you ready to go?,준비는 됐나 ?,64,not_generated,127
demo,287,준,64,1,demo:127:638620608,you ready to go?,준비는 됐나 ?,64,not_generated,127
demo,288,과,64,1,demo:127:641609924,CAVOK! (Cloud and Visibility OK),구름 양과 시야 ) OK!,64,not_generated,127
demo,288,구,64,1,demo:127:641609924,CAVOK! (Cloud and Visibility OK),구름 양과 시야 ) OK!,64,not_generated,127
demo,288,름,64,1,demo:127:641609924,CAVOK! (Cloud and Visibility OK),구름 양과 시야 ) OK!,64,not_generated,127
demo,288,목,64,1,demo:127:641609656,Drop zone still showing a high pressure mass.,"고기압 , 현재 목표지역에 정체 중 . CAV(",64,not_generated,127
demo,288,압,64,1,demo:127:641609656,Drop zone still showing a high pressure mass.,"고기압 , 현재 목표지역에 정체 중 . CAV(",64,not_generated,127
demo,288,양,64,1,demo:127:641609924,CAVOK! (Cloud and Visibility OK),구름 양과 시야 ) OK!,64,not_generated,127
demo,288,역,64,1,demo:127:641609656,Drop zone still showing a high pressure mass.,"고기압 , 현재 목표지역에 정체 중 . CAV(",64,not_generated,127
demo,288,재,64,1,demo:127:641609656,Drop zone still showing a high pressure mass.,"고기압 , 현재 목표지역에 정체 중 . CAV(",64,not_generated,127
demo,288,중,64,1,demo:127:641609656,Drop zone still showing a high pressure mass.,"고기압 , 현재 목표지역에 정체 중 . CAV(",64,not_generated,127
demo,288,체,64,1,demo:127:641609656,Drop zone still showing a high pressure mass.,"고기압 , 현재 목표지역에 정체 중 . CAV(",64,not_generated,127
demo,288,표,64,1,demo:127:641609656,Drop zone still showing a high pressure mass.,"고기압 , 현재 목표지역에 정체 중 . CAV(",64,not_generated,127
demo,288,현,64,1,demo:127:641609656,Drop zone still showing a high pressure mass.,"고기압 , 현재 목표지역에 정체 중 . CAV(",64,not_generated,127
demo,322,끝,64,1,demo:129:729433996,"When this mission's over, you'll have to treat me to a nice dinner.",mission 끝나면 좋은 dinner 사줘.,64,not_generated,129
demo,322,너,64,1,demo:129:729433704,I wouldn't mind eating you.,너라면 먹어도 좋겠어.,64,not_generated,129
demo,322,먹,64,1,demo:129:729433704,I wouldn't mind eating you.,너라면 먹어도 좋겠어.,64,not_generated,129
demo,322,줘,64,1,demo:129:729433996,"When this mission's over, you'll have to treat me to a nice dinner.",mission 끝나면 좋은 dinner 사줘.,64,not_generated,129
demo,323,딱,64,1,demo:129:733374252,Just the place for my survival techniques.,survival 기술 쓰기 딱이군.,64,not_generated,129
demo,323,생,64,1,demo:129:733374092,Raw fish?,생선회?,64,not_generated,129
demo,323,선,64,1,demo:129:733374092,Raw fish?,생선회?,64,not_generated,129
demo,323,술,64,1,demo:129:733374252,Just the place for my survival techniques.,survival 기술 쓰기 딱이군.,64,not_generated,129
demo,323,쓰,64,1,demo:129:733374252,Just the place for my survival techniques.,survival 기술 쓰기 딱이군.,64,not_generated,129
demo,323,회,64,1,demo:129:733374092,Raw fish?,생선회?,64,not_generated,129
demo,324,괜,64,1,demo:129:736978132,Are you all right?,괜찮아?,64,not_generated,129
demo,324,찮,64,1,demo:129:736978132,Are you all right?,괜찮아?,64,not_generated,129
codec,16,몰,64,1,codec:16:16,This will be a sneaking mission.<0A><END>,이것은 몰래 MISSION가 될 거다.<0A><00>,64,not_generated,
codec,16,했,64,1,codec:16:15,"Kept you waiting, huh?<0A><END>",기다리게 했군.<0A><00>,64,not_generated,
codec,17,달,64,1,codec:17:32,"In other words, weapons and equipment<0A>are procure on-site...that goes for food<0A>as well.<0A><END>","즉, 무기와 장비는 현장에서 조달됩니다...FOOD도 마찬가지입니다.<0A><00>",64,not_generated,
codec,17,됩,64,1,codec:17:32,"In other words, weapons and equipment<0A>are procure on-site...that goes for food<0A>as well.<0A><END>","즉, 무기와 장비는 현장에서 조달됩니다...FOOD도 마찬가지입니다.<0A><00>",64,not_generated,
codec,17,비,64,1,codec:17:32,"In other words, weapons and equipment<0A>are procure on-site...that goes for food<0A>as well.<0A><END>","즉, 무기와 장비는 현장에서 조달됩니다...FOOD도 마찬가지입니다.<0A><00>",64,not_generated,
codec,17,장,64,1,codec:17:32,"In other words, weapons and equipment<0A>are procure on-site...that goes for food<0A>as well.<0A><END>","즉, 무기와 장비는 현장에서 조달됩니다...FOOD도 마찬가지입니다.<0A><00>",64,not_generated,
codec,17,즉,64,1,codec:17:32,"In other words, weapons and equipment<0A>are procure on-site...that goes for food<0A>as well.<0A><END>","즉, 무기와 장비는 현장에서 조달됩니다...FOOD도 마찬가지입니다.<0A><00>",64,not_generated,
codec,17,찬,64,1,codec:17:32,"In other words, weapons and equipment<0A>are procure on-site...that goes for food<0A>as well.<0A><END>","즉, 무기와 장비는 현장에서 조달됩니다...FOOD도 마찬가지입니다.<0A><00>",64,not_generated,
codec,17,현,64,1,codec:17:32,"In other words, weapons and equipment<0A>are procure on-site...that goes for food<0A>as well.<0A><END>","즉, 무기와 장비는 현장에서 조달됩니다...FOOD도 마찬가지입니다.<0A><00>",64,not_generated,
codec,20,땐,64,1,codec:20:16,"If you need to talk to me,<0A>use the SEND function.<0A><END>",내게 말할 땐 SEND를 써.<0A><00>,64,not_generated,
codec,20,써,64,1,codec:20:16,"If you need to talk to me,<0A>use the SEND function.<0A><END>",내게 말할 땐 SEND를 써.<0A><00>,64,not_generated,
codec,22,맞,64,1,codec:22:22,"Yep, that's right.<0A><END>","그래, 맞아.<0A><00>",64,not_generated,
codec,22,뷰,64,1,codec:22:15,"In the Survival Viewer, choose<0A>""WEAPON"" from the ""BACKPACK"".<0A><END>",생존 뷰어에서 'BACKPACK'에서 '무기'를 선택해.<0A><00>,64,not_generated,
codec,22,생,64,1,codec:22:15,"In the Survival Viewer, choose<0A>""WEAPON"" from the ""BACKPACK"".<0A><END>",생존 뷰어에서 'BACKPACK'에서 '무기'를 선택해.<0A><00>,64,not_generated,
codec,22,선,64,1,codec:22:15,"In the Survival Viewer, choose<0A>""WEAPON"" from the ""BACKPACK"".<0A><END>",생존 뷰어에서 'BACKPACK'에서 '무기'를 선택해.<0A><00>,64,not_generated,
codec,22,존,64,1,codec:22:15,"In the Survival Viewer, choose<0A>""WEAPON"" from the ""BACKPACK"".<0A><END>",생존 뷰어에서 'BACKPACK'에서 '무기'를 선택해.<0A><00>,64,not_generated,
codec,22,택,64,1,codec:22:15,"In the Survival Viewer, choose<0A>""WEAPON"" from the ""BACKPACK"".<0A><END>",생존 뷰어에서 'BACKPACK'에서 '무기'를 선택해.<0A><00>,64,not_generated,
codec,23,생,64,1,codec:23:14,Survival is fundamental to this mission.<0A><END>,생존은 이 MISSION의 기본입니다.<0A><00>,64,not_generated,
codec,23,존,64,1,codec:23:14,Survival is fundamental to this mission.<0A><END>,생존은 이 MISSION의 기본입니다.<0A><00>,64,not_generated,
codec,25,구,64,1,codec:25:16,The suppressor's durability is shown<0A>in the icon.<0A><END>,SUPPRESSOR 내구도는 ICON에 보여.<0A><00>,64,not_generated,
codec,25,넌,64,1,codec:25:25,"You're a ghost, Snake, in every sense<0A>of the word.<0A><END>","넌 모든 의미에서 GHOST야, Snake.<0A><00>",64,not_generated,
codec,25,든,64,1,codec:25:25,"You're a ghost, Snake, in every sense<0A>of the word.<0A><END>","넌 모든 의미에서 GHOST야, Snake.<0A><00>",64,not_generated,
codec,25,모,64,1,codec:25:25,"You're a ghost, Snake, in every sense<0A>of the word.<0A><END>","넌 모든 의미에서 GHOST야, Snake.<0A><00>",64,not_generated,
codec,28,당,64,1,codec:28:72,<G40>T<G7B> c<G74>mo te llamas?<0A><END>,당신의 이름은 무엇입니까?<0A><00>,64,not_generated,
codec,28,동,64,1,codec:28:17,"PERSONAL DATA [4/4]<0A><0A>FVRT MOVIE:EVERY MOVIE<0A>FVRT ANIMAL:LITTLE BIRD<0A>FVRT LIQUOR:JAPANESE SAKE<0A>MEASUREMENTS:TOP SECRET!<0A>TRETMNT SPCLTY:INJECTION<0A>FVRT MASCOT:KEROTAN,GA-KO<0A>FVRT MNSTR:VENUSIAN<0A><END>","PROFILE [4/4] MOVIE:전부 동물:LITTLE BIRD 술:SAKE 신체:TOP SECRET! 전문:INJECTION MASCOT:KEROTAN,GA-KO MONSTER:VENUSIAN<0A><00>",64,not_generated,
codec,28,름,64,2,codec:28:72|codec:28:45,"<G40>T<G7B> c<G74>mo te llamas?<0A><END> || A name means nothing on the battlefield.<0A>After a week, no one has a name.<0A><END>",당신의 이름은 무엇입니까?<0A><00> || 전장에서 이름은 아무 의미가 없다. 일주일이 지나면 아무도 이름을 알 수 없다.<0A><00>,64,not_generated,
codec,28,몸,64,1,codec:28:22,PERSONAL DATA [2/2]<0A><0A>HEIGHT:5% 5 7/8~<0A>WEIGHT:TOP SECRET<0A>HAIR:RED<0A>EYE:BROWN<0A>SKIN:WHITE<0A>VOICE:HEATHER HALLEY<0A>MTN ACTR:ERIKO HIRATA<0A><END>,PROFILE [2/2] 키:5%5 7/8~ 몸무게:TOP SECRET RED HAIR BROWN EYE WHITE SKIN VOICE:HEATHER HALLEY ACTR:ERIKO HIRATA<0A><00>,64,not_generated,
codec,28,생,64,2,codec:28:23|codec:28:14,"PERSONAL DATA [1/1]<0A><0A>CODENAME:PARA-MEDIC<0A>SEX:FEMALE<0A>AGE:28<0A>NATIONALITY:U.S.A<0A>BIRTHDATE:6/22/1936<0A>BIRTHPLACE:BOSTON,MA.<0A>ADDRESS:BOSTON,MA.<0A><END> || PERSONAL DATA [1/4]<0A><0A>CODENAME:PARA-MEDIC<0A>SEX:FEMALE<0A>AGE:28<0A>NATIONALITY:U.S.A<0A>BIRTHDATE:6/22/1936<0A>BIRTHPLACE:BOSTON,MA.<0A>ADDRESS:BOSTON,MA.<0A><END>","PROFILE [1/1] CODE:PARA-MEDIC 여 28세 USA 생일:6/22/1936 출생:BOSTON 주소:BOSTON,MA.<0A><00> || PROFILE [1/4] CODE:PARA-MEDIC 여 28세 USA 생일:6/22/1936 출생:BOSTON 주소:BOSTON,MA.<0A><00>",64,not_generated,
codec,28,술,64,1,codec:28:17,"PERSONAL DATA [4/4]<0A><0A>FVRT MOVIE:EVERY MOVIE<0A>FVRT ANIMAL:LITTLE BIRD<0A>FVRT LIQUOR:JAPANESE SAKE<0A>MEASUREMENTS:TOP SECRET!<0A>TRETMNT SPCLTY:INJECTION<0A>FVRT MASCOT:KEROTAN,GA-KO<0A>FVRT MNSTR:VENUSIAN<0A><END>","PROFILE [4/4] MOVIE:전부 동물:LITTLE BIRD 술:SAKE 신체:TOP SECRET! 전문:INJECTION MASCOT:KEROTAN,GA-KO MONSTER:VENUSIAN<0A><00>",64,not_generated,
codec,28,신,64,2,codec:28:72|codec:28:17,"<G40>T<G7B> c<G74>mo te llamas?<0A><END> || PERSONAL DATA [4/4]<0A><0A>FVRT MOVIE:EVERY MOVIE<0A>FVRT ANIMAL:LITTLE BIRD<0A>FVRT LIQUOR:JAPANESE SAKE<0A>MEASUREMENTS:TOP SECRET!<0A>TRETMNT SPCLTY:INJECTION<0A>FVRT MASCOT:KEROTAN,GA-KO<0A>FVRT MNSTR:VENUSIAN<0A><END>","당신의 이름은 무엇입니까?<0A><00> || PROFILE [4/4] MOVIE:전부 동물:LITTLE BIRD 술:SAKE 신체:TOP SECRET! 전문:INJECTION MASCOT:KEROTAN,GA-KO MONSTER:VENUSIAN<0A><00>",64,not_generated,
codec,28,엇,64,1,codec:28:72,<G40>T<G7B> c<G74>mo te llamas?<0A><END>,당신의 이름은 무엇입니까?<0A><00>,64,not_generated,
codec,28,장,64,1,codec:28:45,"A name means nothing on the battlefield.<0A>After a week, no one has a name.<0A><END>",전장에서 이름은 아무 의미가 없다. 일주일이 지나면 아무도 이름을 알 수 없다.<0A><00>,64,not_generated,
codec,28,전,64,2,codec:28:45|codec:28:17,"A name means nothing on the battlefield.<0A>After a week, no one has a name.<0A><END> || PERSONAL DATA [4/4]<0A><0A>FVRT MOVIE:EVERY MOVIE<0A>FVRT ANIMAL:LITTLE BIRD<0A>FVRT LIQUOR:JAPANESE SAKE<0A>MEASUREMENTS:TOP SECRET!<0A>TRETMNT SPCLTY:INJECTION<0A>FVRT MASCOT:KEROTAN,GA-KO<0A>FVRT MNSTR:VENUSIAN<0A><END>","전장에서 이름은 아무 의미가 없다. 일주일이 지나면 아무도 이름을 알 수 없다.<0A><00> || PROFILE [4/4] MOVIE:전부 동물:LITTLE BIRD 술:SAKE 신체:TOP SECRET! 전문:INJECTION MASCOT:KEROTAN,GA-KO MONSTER:VENUSIAN<0A><00>",64,not_generated,
codec,28,주,64,3,codec:28:45|codec:28:23|codec:28:14,"A name means nothing on the battlefield.<0A>After a week, no one has a name.<0A><END> || PERSONAL DATA [1/1]<0A><0A>CODENAME:PARA-MEDIC<0A>SEX:FEMALE<0A>AGE:28<0A>NATIONALITY:U.S.A<0A>BIRTHDATE:6/22/1936<0A>BIRTHPLACE:BOSTON,MA.<0A>ADDRESS:BOSTON,MA.<0A><END> || PERSONAL DATA [1/4]<0A><0A>CODENAME:PARA-MEDIC<0A>SEX:FEMALE<0A>AGE:28<0A>NATIONALITY:U.S.A<0A>BIRTHDATE:6/22/1936<0A>BIRTHPLACE:BOSTON,MA.<0A>ADDRESS:BOSTON,MA.<0A><END>","전장에서 이름은 아무 의미가 없다. 일주일이 지나면 아무도 이름을 알 수 없다.<0A><00> || PROFILE [1/1] CODE:PARA-MEDIC 여 28세 USA 생일:6/22/1936 출생:BOSTON 주소:BOSTON,MA.<0A><00> || PROFILE [1/4] CODE:PARA-MEDIC 여 28세 USA 생일:6/22/1936 출생:BOSTON 주소:BOSTON,MA.<0A><00>",64,not_generated,
codec,28,체,64,1,codec:28:17,"PERSONAL DATA [4/4]<0A><0A>FVRT MOVIE:EVERY MOVIE<0A>FVRT ANIMAL:LITTLE BIRD<0A>FVRT LIQUOR:JAPANESE SAKE<0A>MEASUREMENTS:TOP SECRET!<0A>TRETMNT SPCLTY:INJECTION<0A>FVRT MASCOT:KEROTAN,GA-KO<0A>FVRT MNSTR:VENUSIAN<0A><END>","PROFILE [4/4] MOVIE:전부 동물:LITTLE BIRD 술:SAKE 신체:TOP SECRET! 전문:INJECTION MASCOT:KEROTAN,GA-KO MONSTER:VENUSIAN<0A><00>",64,not_generated,
codec,28,출,64,2,codec:28:23|codec:28:14,"PERSONAL DATA [1/1]<0A><0A>CODENAME:PARA-MEDIC<0A>SEX:FEMALE<0A>AGE:28<0A>NATIONALITY:U.S.A<0A>BIRTHDATE:6/22/1936<0A>BIRTHPLACE:BOSTON,MA.<0A>ADDRESS:BOSTON,MA.<0A><END> || PERSONAL DATA [1/4]<0A><0A>CODENAME:PARA-MEDIC<0A>SEX:FEMALE<0A>AGE:28<0A>NATIONALITY:U.S.A<0A>BIRTHDATE:6/22/1936<0A>BIRTHPLACE:BOSTON,MA.<0A>ADDRESS:BOSTON,MA.<0A><END>","PROFILE [1/1] CODE:PARA-MEDIC 여 28세 USA 생일:6/22/1936 출생:BOSTON 주소:BOSTON,MA.<0A><00> || PROFILE [1/4] CODE:PARA-MEDIC 여 28세 USA 생일:6/22/1936 출생:BOSTON 주소:BOSTON,MA.<0A><00>",64,not_generated,
codec,32,각,64,2,codec:32:46|codec:32:50,How to think like a soldier?<0A>I can't teach you that.<0A><END> || I can't teach you how to think.<0A>You'll just have to figure it out for yourself.<0A><END>,군인처럼 생각하는 법은 가르칠 수 없어.<0A><00> || 나는 당신에게 생각하는 방법을 가르칠 수 없다. 당신은 그것을 스스로 알아 내야 할 거다.<0A><00>,64,not_generated,
codec,32,감,64,2,codec:32:52|codec:32:99,Having personal feelings about your<0A>comrades is one of the worst sins you<0A>can commit.<0A><END> || I've been in the Green Berets for the past<0A>few years. I'm probably pretty rusty.<0A><END>,동료에게 사적 감정을 갖는 건 최악의 죄다.<0A><00> || 몇 년간 GREEN BERET에 있었다. 감이 많이 죽었을 거다.<0A><00>,64,not_generated,
codec,32,강,64,1,codec:32:47,"A soldier needs to be strong in spirit,<0A>body, and technique - and the only thing you<0A>can learn from someone else is technique.<0A><END>","군인은 정신과 육체, 기술이 강해야 하며, 다른 사람에게서 배울 수 있는 유일한 것은 기술뿐입니다.<0A><00>",64,not_generated,
codec,32,갖,64,1,codec:32:52,Having personal feelings about your<0A>comrades is one of the worst sins you<0A>can commit.<0A><END>,동료에게 사적 감정을 갖는 건 최악의 죄다.<0A><00>,64,not_generated,
codec,32,걱,64,1,codec:32:100,Not to worry. I'll be here to help you<0A>remember.<0A><END>,걱정 마. 기억하도록 내가 도울게.<0A><00>,64,not_generated,
codec,32,격,64,1,codec:32:42,"No, I taught you everything you needed<0A>to know about fighting techniques.<0A><END>","아니요, 격투 기술에 대해 알아야 할 모든 것을 가르쳐 주었습니다.<0A><00>",64,not_generated,
codec,32,과,64,2,codec:32:47|codec:32:96,"A soldier needs to be strong in spirit,<0A>body, and technique - and the only thing you<0A>can learn from someone else is technique.<0A><END> || Snake, you were always best at urban<0A>warfare and infiltrating buildings.<0A><END>","군인은 정신과 육체, 기술이 강해야 하며, 다른 사람에게서 배울 수 있는 유일한 것은 기술뿐입니다.<0A><00> || Snake, 당신은 시가전과 건물 침투에 항상 최고였습니다.<0A><00>",64,not_generated,
codec,32,관,64,3,codec:32:97|codec:32:57|codec:32:77,"But this is the jungle. Survival is going to<0A>be key. Those CQC techniques I taught<0A>you are sure to come in handy.<0A><END> || No. It had nothing to do with you.<0A>I already told you, Jack. I was on<0A>a top-secret mission.<0A><END> || People's values change over time.<0A>And so do the leaders of a country.<0A><END>","하지만 여기는 정글이야. 생존이 관건일 거다. 내가 가르쳐 준 CQC 기술은 분명 도움이 될 거다.<0A><00> || 아니. 너와는 상관없다. 말했잖아, 잭. 극비 MISSION 중이었다.<0A><00> || 사람의 가치관도<0A>나라 지도자도 변한다.<0A><00>",64,not_generated,
codec,32,교,64,1,codec:32:103,The Boss is communicating with us by<0A>radio from aboard a Permit-class submarine<0A>in the Arctic Ocean.<0A><END>,The Boss는 북극해 Permit급 잠수함에서 RADIO로 교신 중이다.<0A><00>,64,not_generated,
codec,32,구,64,2,codec:32:61|codec:32:63,"A soldier is a political tool, nothing more.<0A><END> || He has no enemies and no friends.<0A>Only the mission.<0A><END>","군인은 정치적 도구일 뿐, 그 이상은 아닙니다.<0A><00> || 그에게는 적도 친구도 없습니다. 미션만.<0A><00>",64,not_generated,
codec,32,극,64,2,codec:32:57|codec:32:103,"No. It had nothing to do with you.<0A>I already told you, Jack. I was on<0A>a top-secret mission.<0A><END> || The Boss is communicating with us by<0A>radio from aboard a Permit-class submarine<0A>in the Arctic Ocean.<0A><END>","아니. 너와는 상관없다. 말했잖아, 잭. 극비 MISSION 중이었다.<0A><00> || The Boss는 북극해 Permit급 잠수함에서 RADIO로 교신 중이다.<0A><00>",64,not_generated,
codec,32,글,64,1,codec:32:97,But this is the jungle. Survival is going to<0A>be key. Those CQC techniques I taught<0A>you are sure to come in handy.<0A><END>,하지만 여기는 정글이야. 생존이 관건일 거다. 내가 가르쳐 준 CQC 기술은 분명 도움이 될 거다.<0A><00>,64,not_generated,
codec,32,급,64,1,codec:32:103,The Boss is communicating with us by<0A>radio from aboard a Permit-class submarine<0A>in the Arctic Ocean.<0A><END>,The Boss는 북극해 Permit급 잠수함에서 RADIO로 교신 중이다.<0A><00>,64,not_generated,
codec,32,남,64,2,codec:32:67|codec:32:95,"In the end, you have to choose whether<0A>you're going to live as a soldier, or just<0A>another man with a gun...<0A><END> || Same here. After all, who knows if either<0A>of us will make it out alive...<0A><END>","군인으로 살지, 총 든 평범한 남자로 살지 선택해야 한다...<0A><00> || 나도 마찬가지다. 우리 중 누가 살아남을지 누가 알겠나...<0A><00>",64,not_generated,
codec,32,났,64,2,codec:32:121|codec:32:116,"Han pasado 5 a<G72>os, 72 d<G6E>as y 18 horas.<0A><END> || Jack, <G40>eres t<G7B>? <G40>Cu<G62>ntos a<G72>os han<0A>pasado?<0A><END>","5년 72일 18시간이 지났습니다.<0A><00> || 잭, 당신인가? 몇 년이 지났나요?<0A><00>",64,not_generated,
codec,32,너,64,1,codec:32:57,"No. It had nothing to do with you.<0A>I already told you, Jack. I was on<0A>a top-secret mission.<0A><END>","아니. 너와는 상관없다. 말했잖아, 잭. 극비 MISSION 중이었다.<0A><00>",64,not_generated,
codec,32,년,64,3,codec:32:121|codec:32:99|codec:32:116,"Han pasado 5 a<G72>os, 72 d<G6E>as y 18 horas.<0A><END> || I've been in the Green Berets for the past<0A>few years. I'm probably pretty rusty.<0A><END> || Jack, <G40>eres t<G7B>? <G40>Cu<G62>ntos a<G72>os han<0A>pasado?<0A><END>","5년 72일 18시간이 지났습니다.<0A><00> || 몇 년간 GREEN BERET에 있었다. 감이 많이 죽었을 거다.<0A><00> || 잭, 당신인가? 몇 년이 지났나요?<0A><00>",64,not_generated,
codec,32,누,64,1,codec:32:95,"Same here. After all, who knows if either<0A>of us will make it out alive...<0A><END>",나도 마찬가지다. 우리 중 누가 살아남을지 누가 알겠나...<0A><00>,64,not_generated,
codec,32,늘,64,1,codec:32:55,Yesterday's good might be tomorrow's evil.<0A><END>,오늘의 선이 내일의 악이 될 수 있다.<0A><00>,64,not_generated,
codec,32,닙,64,2,codec:32:61|codec:32:51,"A soldier is a political tool, nothing more.<0A><END> || Listen to me, Jack. Just because<0A>soldiers are on the same side right now,<0A>doesn't mean they always will be.<0A><END>","군인은 정치적 도구일 뿐, 그 이상은 아닙니다.<0A><00> || 들어요, 잭. 군인들이 지금 같은 편이라 해서 항상 그럴 거라는 의미는 아닙니다.<0A><00>",64,not_generated,
codec,32,당,64,4,codec:32:59|codec:32:50|codec:32:116|codec:32:96,"But you're looking for a reason to fight.<0A><END> || I can't teach you how to think.<0A>You'll just have to figure it out for yourself.<0A><END> || Jack, <G40>eres t<G7B>? <G40>Cu<G62>ntos a<G72>os han<0A>pasado?<0A><END> || Snake, you were always best at urban<0A>warfare and infiltrating buildings.<0A><END>","당신은 싸울 이유를 찾고 있다.<0A><00> || 나는 당신에게 생각하는 방법을 가르칠 수 없다. 당신은 그것을 스스로 알아 내야 할 거다.<0A><00> || 잭, 당신인가? 몇 년이 지났나요?<0A><00> || Snake, 당신은 시가전과 건물 침투에 항상 최고였습니다.<0A><00>",64,not_generated,
codec,32,동,64,1,codec:32:52,Having personal feelings about your<0A>comrades is one of the worst sins you<0A>can commit.<0A><END>,동료에게 사적 감정을 갖는 건 최악의 죄다.<0A><00>,64,not_generated,
codec,32,든,64,3,codec:32:67|codec:32:42|codec:32:89,"In the end, you have to choose whether<0A>you're going to live as a soldier, or just<0A>another man with a gun...<0A><END> || No, I taught you everything you needed<0A>to know about fighting techniques.<0A><END> || That's right. The legendary unit that<0A>The Boss put together during World War II<0A>was a snake.<0A><END>","군인으로 살지, 총 든 평범한 남자로 살지 선택해야 한다...<0A><00> || 아니요, 격투 기술에 대해 알아야 할 모든 것을 가르쳐 주었습니다.<0A><00> || 맞다. 2차대전 중 The Boss가 만든 전설의 부대명이 Snake였다.<0A><00>",64,not_generated,
codec,32,따,64,3,codec:32:58|codec:32:54|codec:32:64,A soldier has to follow whatever orders<0A>he's given. It's not his place to question<0A>why.<0A><END> || And politics are a living thing.<0A>They change along with the times.<0A><END> || You follow the orders you're given.<0A>That's what being a soldier is.<0A><END>,군인은 명령을 따를 뿐이야. 이유를 따지지마. || 정치는 살아있는 거다. 그들은 시대에 따라 변합니다.<0A><00> || 명령을 따르는 것.<0A>그게 군인이다.<0A><00>,64,not_generated,
codec,32,럼,64,1,codec:32:46,How to think like a soldier?<0A>I can't teach you that.<0A><END>,군인처럼 생각하는 법은 가르칠 수 없어.<0A><00>,64,not_generated,
codec,32,론,64,1,codec:32:124,"Pues claro, s<G6A> todo sobre ti.<0A><END>","물론, 전부 알지.<0A><00>",64,not_generated,
codec,32,료,64,1,codec:32:52,Having personal feelings about your<0A>comrades is one of the worst sins you<0A>can commit.<0A><END>,동료에게 사적 감정을 갖는 건 최악의 죄다.<0A><00>,64,not_generated,
codec,32,른,64,1,codec:32:47,"A soldier needs to be strong in spirit,<0A>body, and technique - and the only thing you<0A>can learn from someone else is technique.<0A><END>","군인은 정신과 육체, 기술이 강해야 하며, 다른 사람에게서 배울 수 있는 유일한 것은 기술뿐입니다.<0A><00>",64,not_generated,
codec,32,많,64,1,codec:32:99,I've been in the Green Berets for the past<0A>few years. I'm probably pretty rusty.<0A><END>,몇 년간 GREEN BERET에 있었다. 감이 많이 죽었을 거다.<0A><00>,64,not_generated,
codec,32,맞,64,1,codec:32:89,That's right. The legendary unit that<0A>The Boss put together during World War II<0A>was a snake.<0A><END>,맞다. 2차대전 중 The Boss가 만든 전설의 부대명이 Snake였다.<0A><00>,64,not_generated,
codec,32,멘,64,1,codec:32:21,"A legendary soldier, and your mentor.<0A><END>",전설적인 군인이자 멘토입니다.<0A><00>,64,not_generated,
codec,32,며,64,1,codec:32:47,"A soldier needs to be strong in spirit,<0A>body, and technique - and the only thing you<0A>can learn from someone else is technique.<0A><END>","군인은 정신과 육체, 기술이 강해야 하며, 다른 사람에게서 배울 수 있는 유일한 것은 기술뿐입니다.<0A><00>",64,not_generated,
codec,32,몇,64,2,codec:32:99|codec:32:116,"I've been in the Green Berets for the past<0A>few years. I'm probably pretty rusty.<0A><END> || Jack, <G40>eres t<G7B>? <G40>Cu<G62>ntos a<G72>os han<0A>pasado?<0A><END>","몇 년간 GREEN BERET에 있었다. 감이 많이 죽었을 거다.<0A><00> || 잭, 당신인가? 몇 년이 지났나요?<0A><00>",64,not_generated,
codec,32,모,64,1,codec:32:42,"No, I taught you everything you needed<0A>to know about fighting techniques.<0A><END>","아니요, 격투 기술에 대해 알아야 할 모든 것을 가르쳐 주었습니다.<0A><00>",64,not_generated,
codec,32,받,64,1,codec:32:22,"Actually, it was The Boss that got<0A>the DCI's authorization in the first place.<0A><END>",사실 애초에 DCI의 승인을 받은 것은 The Boss였습니다.<0A><00>,64,not_generated,
codec,32,배,64,2,codec:32:47|codec:32:44,"A soldier needs to be strong in spirit,<0A>body, and technique - and the only thing you<0A>can learn from someone else is technique.<0A><END> || The rest you needed to learn on your own.<0A><END>","군인은 정신과 육체, 기술이 강해야 하며, 다른 사람에게서 배울 수 있는 유일한 것은 기술뿐입니다.<0A><00> || 나머지는 스스로 배워야 합니다.<0A><00>",64,not_generated,
codec,32,뱀,64,2,codec:32:88|codec:32:20,"Snake? Oh, right, your code name is<0A>Snake. It suits you well.<0A><END> || Speaking of snakes, you remember<0A>The Boss, don't you?<0A><END>","뱀? 아, 코드네임이 Snake였지. 잘 어울리네.<0A><00> || 뱀 얘기가 나와서 말인데, The Boss를 기억하시나요?<0A><00>",64,not_generated,
codec,32,범,64,1,codec:32:67,"In the end, you have to choose whether<0A>you're going to live as a soldier, or just<0A>another man with a gun...<0A><END>","군인으로 살지, 총 든 평범한 남자로 살지 선택해야 한다...<0A><00>",64,not_generated,
codec,32,변,64,2,codec:32:54|codec:32:77,And politics are a living thing.<0A>They change along with the times.<0A><END> || People's values change over time.<0A>And so do the leaders of a country.<0A><END>,정치는 살아있는 거다. 그들은 시대에 따라 변합니다.<0A><00> || 사람의 가치관도<0A>나라 지도자도 변한다.<0A><00>,64,not_generated,
codec,32,북,64,1,codec:32:103,The Boss is communicating with us by<0A>radio from aboard a Permit-class submarine<0A>in the Arctic Ocean.<0A><END>,The Boss는 북극해 Permit급 잠수함에서 RADIO로 교신 중이다.<0A><00>,64,not_generated,
codec,32,불,64,1,codec:32:14,PERSONAL DATA [1/1]<0A><0A>CODENAME:THE BOSS<0A>SEX:FEMALE<0A>AGE:UNKNOWN<0A>NATIONALITY:U.S.A<0A>BIRTHDATE:UNKNOWN<0A>BIRTHPLACE:UNKNOWN<0A>ADDRESS:UNKNOWN<0A><END>,PROFILE [1/1] CODE:THE BOSS 여 나이:불명 USA 생일:불명 출생:불명 주소:불명<0A><00>,64,not_generated,
codec,32,비,64,1,codec:32:57,"No. It had nothing to do with you.<0A>I already told you, Jack. I was on<0A>a top-secret mission.<0A><END>","아니. 너와는 상관없다. 말했잖아, 잭. 극비 MISSION 중이었다.<0A><00>",64,not_generated,
codec,32,뿐,64,3,codec:32:58|codec:32:61|codec:32:47,"A soldier has to follow whatever orders<0A>he's given. It's not his place to question<0A>why.<0A><END> || A soldier is a political tool, nothing more.<0A><END> || A soldier needs to be strong in spirit,<0A>body, and technique - and the only thing you<0A>can learn from someone else is technique.<0A><END>","군인은 명령을 따를 뿐이야. 이유를 따지지마. || 군인은 정치적 도구일 뿐, 그 이상은 아닙니다.<0A><00> || 군인은 정신과 육체, 기술이 강해야 하며, 다른 사람에게서 배울 수 있는 유일한 것은 기술뿐입니다.<0A><00>",64,not_generated,
codec,32,살,64,3,codec:32:54|codec:32:67|codec:32:95,"And politics are a living thing.<0A>They change along with the times.<0A><END> || In the end, you have to choose whether<0A>you're going to live as a soldier, or just<0A>another man with a gun...<0A><END> || Same here. After all, who knows if either<0A>of us will make it out alive...<0A><END>","정치는 살아있는 거다. 그들은 시대에 따라 변합니다.<0A><00> || 군인으로 살지, 총 든 평범한 남자로 살지 선택해야 한다...<0A><00> || 나도 마찬가지다. 우리 중 누가 살아남을지 누가 알겠나...<0A><00>",64,not_generated,
codec,32,생,64,4,codec:32:97|codec:32:46|codec:32:50|codec:32:14,But this is the jungle. Survival is going to<0A>be key. Those CQC techniques I taught<0A>you are sure to come in handy.<0A><END> || How to think like a soldier?<0A>I can't teach you that.<0A><END> || I can't teach you how to think.<0A>You'll just have to figure it out for yourself.<0A><END> || PERSONAL DATA [1/1]<0A><0A>CODENAME:THE BOSS<0A>SEX:FEMALE<0A>AGE:UNKNOWN<0A>NATIONALITY:U.S.A<0A>BIRTHDATE:UNKNOWN<0A>BIRTHPLACE:UNKNOWN<0A>ADDRESS:UNKNOWN<0A><END>,하지만 여기는 정글이야. 생존이 관건일 거다. 내가 가르쳐 준 CQC 기술은 분명 도움이 될 거다.<0A><00> || 군인처럼 생각하는 법은 가르칠 수 없어.<0A><00> || 나는 당신에게 생각하는 방법을 가르칠 수 없다. 당신은 그것을 스스로 알아 내야 할 거다.<0A><00> || PROFILE [1/1] CODE:THE BOSS 여 나이:불명 USA 생일:불명 출생:불명 주소:불명<0A><00>,64,not_generated,
codec,32,선,64,2,codec:32:67|codec:32:55,"In the end, you have to choose whether<0A>you're going to live as a soldier, or just<0A>another man with a gun...<0A><END> || Yesterday's good might be tomorrow's evil.<0A><END>","군인으로 살지, 총 든 평범한 남자로 살지 선택해야 한다...<0A><00> || 오늘의 선이 내일의 악이 될 수 있다.<0A><00>",64,not_generated,
codec,32,술,64,3,codec:32:47|codec:32:97|codec:32:42,"A soldier needs to be strong in spirit,<0A>body, and technique - and the only thing you<0A>can learn from someone else is technique.<0A><END> || But this is the jungle. Survival is going to<0A>be key. Those CQC techniques I taught<0A>you are sure to come in handy.<0A><END> || No, I taught you everything you needed<0A>to know about fighting techniques.<0A><END>","군인은 정신과 육체, 기술이 강해야 하며, 다른 사람에게서 배울 수 있는 유일한 것은 기술뿐입니다.<0A><00> || 하지만 여기는 정글이야. 생존이 관건일 거다. 내가 가르쳐 준 CQC 기술은 분명 도움이 될 거다.<0A><00> || 아니요, 격투 기술에 대해 알아야 할 모든 것을 가르쳐 주었습니다.<0A><00>",64,not_generated,
codec,32,승,64,1,codec:32:22,"Actually, it was The Boss that got<0A>the DCI's authorization in the first place.<0A><END>",사실 애초에 DCI의 승인을 받은 것은 The Boss였습니다.<0A><00>,64,not_generated,
codec,32,식,64,1,codec:32:82,And that's the way a soldier's supposed<0A>to think?<0A><END>,그게 군인의 사고방식이야?<0A><00>,64,not_generated,
codec,32,신,64,6,codec:32:47|codec:32:59|codec:32:50|codec:32:116|codec:32:96|codec:32:103,"A soldier needs to be strong in spirit,<0A>body, and technique - and the only thing you<0A>can learn from someone else is technique.<0A><END> || But you're looking for a reason to fight.<0A><END> || I can't teach you how to think.<0A>You'll just have to figure it out for yourself.<0A><END> || Jack, <G40>eres t<G7B>? <G40>Cu<G62>ntos a<G72>os han<0A>pasado?<0A><END> || Snake, you were always best at urban<0A>warfare and infiltrating buildings.<0A><END> || The Boss is communicating with us by<0A>radio from aboard a Permit-class submarine<0A>in the Arctic Ocean.<0A><END>","군인은 정신과 육체, 기술이 강해야 하며, 다른 사람에게서 배울 수 있는 유일한 것은 기술뿐입니다.<0A><00> || 당신은 싸울 이유를 찾고 있다.<0A><00> || 나는 당신에게 생각하는 방법을 가르칠 수 없다. 당신은 그것을 스스로 알아 내야 할 거다.<0A><00> || 잭, 당신인가? 몇 년이 지났나요?<0A><00> || Snake, 당신은 시가전과 건물 침투에 항상 최고였습니다.<0A><00> || The Boss는 북극해 Permit급 잠수함에서 RADIO로 교신 중이다.<0A><00>",64,not_generated,
codec,32,실,64,3,codec:32:22|codec:32:101|codec:32:83,"Actually, it was The Boss that got<0A>the DCI's authorization in the first place.<0A><END> || After all, this is your first actual survival<0A>mission. I'll be supporting you over the<0A>radio.<0A><END> || The only thing we can believe in with<0A>absolute certainty...<0A><END>",사실 애초에 DCI의 승인을 받은 것은 The Boss였습니다.<0A><00> || 이번이 첫 실전 SURVIVAL MISSION이다. RADIO로 지원하겠다.<0A><00> || 확실히 믿을 수 있는 건...<0A><00>,64,not_generated,
codec,32,싸,64,1,codec:32:59,But you're looking for a reason to fight.<0A><END>,당신은 싸울 이유를 찾고 있다.<0A><00>,64,not_generated,
codec,32,악,64,2,codec:32:52|codec:32:55,Having personal feelings about your<0A>comrades is one of the worst sins you<0A>can commit.<0A><END> || Yesterday's good might be tomorrow's evil.<0A><END>,동료에게 사적 감정을 갖는 건 최악의 죄다.<0A><00> || 오늘의 선이 내일의 악이 될 수 있다.<0A><00>,64,not_generated,
codec,32,애,64,1,codec:32:22,"Actually, it was The Boss that got<0A>the DCI's authorization in the first place.<0A><END>",사실 애초에 DCI의 승인을 받은 것은 The Boss였습니다.<0A><00>,64,not_generated,
codec,32,얘,64,1,codec:32:20,"Speaking of snakes, you remember<0A>The Boss, don't you?<0A><END>","뱀 얘기가 나와서 말인데, The Boss를 기억하시나요?<0A><00>",64,not_generated,
codec,32,억,64,2,codec:32:100|codec:32:20,"Not to worry. I'll be here to help you<0A>remember.<0A><END> || Speaking of snakes, you remember<0A>The Boss, don't you?<0A><END>","걱정 마. 기억하도록 내가 도울게.<0A><00> || 뱀 얘기가 나와서 말인데, The Boss를 기억하시나요?<0A><00>",64,not_generated,
codec,32,였,64,4,codec:32:22|codec:32:96|codec:32:88|codec:32:89,"Actually, it was The Boss that got<0A>the DCI's authorization in the first place.<0A><END> || Snake, you were always best at urban<0A>warfare and infiltrating buildings.<0A><END> || Snake? Oh, right, your code name is<0A>Snake. It suits you well.<0A><END> || That's right. The legendary unit that<0A>The Boss put together during World War II<0A>was a snake.<0A><END>","사실 애초에 DCI의 승인을 받은 것은 The Boss였습니다.<0A><00> || Snake, 당신은 시가전과 건물 침투에 항상 최고였습니다.<0A><00> || 뱀? 아, 코드네임이 Snake였지. 잘 어울리네.<0A><00> || 맞다. 2차대전 중 The Boss가 만든 전설의 부대명이 Snake였다.<0A><00>",64,not_generated,
codec,32,오,64,1,codec:32:55,Yesterday's good might be tomorrow's evil.<0A><END>,오늘의 선이 내일의 악이 될 수 있다.<0A><00>,64,not_generated,
codec,32,울,64,4,codec:32:47|codec:32:59|codec:32:100|codec:32:88,"A soldier needs to be strong in spirit,<0A>body, and technique - and the only thing you<0A>can learn from someone else is technique.<0A><END> || But you're looking for a reason to fight.<0A><END> || Not to worry. I'll be here to help you<0A>remember.<0A><END> || Snake? Oh, right, your code name is<0A>Snake. It suits you well.<0A><END>","군인은 정신과 육체, 기술이 강해야 하며, 다른 사람에게서 배울 수 있는 유일한 것은 기술뿐입니다.<0A><00> || 당신은 싸울 이유를 찾고 있다.<0A><00> || 걱정 마. 기억하도록 내가 도울게.<0A><00> || 뱀? 아, 코드네임이 Snake였지. 잘 어울리네.<0A><00>",64,not_generated,
codec,32,움,64,1,codec:32:97,But this is the jungle. Survival is going to<0A>be key. Those CQC techniques I taught<0A>you are sure to come in handy.<0A><END>,하지만 여기는 정글이야. 생존이 관건일 거다. 내가 가르쳐 준 CQC 기술은 분명 도움이 될 거다.<0A><00>,64,not_generated,
codec,32,워,64,1,codec:32:44,The rest you needed to learn on your own.<0A><END>,나머지는 스스로 배워야 합니다.<0A><00>,64,not_generated,
codec,32,육,64,1,codec:32:47,"A soldier needs to be strong in spirit,<0A>body, and technique - and the only thing you<0A>can learn from someone else is technique.<0A><END>","군인은 정신과 육체, 기술이 강해야 하며, 다른 사람에게서 배울 수 있는 유일한 것은 기술뿐입니다.<0A><00>",64,not_generated,
codec,32,잖,64,1,codec:32:57,"No. It had nothing to do with you.<0A>I already told you, Jack. I was on<0A>a top-secret mission.<0A><END>","아니. 너와는 상관없다. 말했잖아, 잭. 극비 MISSION 중이었다.<0A><00>",64,not_generated,
codec,32,잠,64,1,codec:32:103,The Boss is communicating with us by<0A>radio from aboard a Permit-class submarine<0A>in the Arctic Ocean.<0A><END>,The Boss는 북극해 Permit급 잠수함에서 RADIO로 교신 중이다.<0A><00>,64,not_generated,
codec,32,장,64,1,codec:32:53,Politics determine who you face on<0A>the battlefield.<0A><END>,전장에서 만날 적은 정치가 정해.<0A><00>,64,not_generated,
codec,32,잭,64,4,codec:32:84|codec:32:116|codec:32:51|codec:32:57,"...is the mission, Jack.<0A><END> || Jack, <G40>eres t<G7B>? <G40>Cu<G62>ntos a<G72>os han<0A>pasado?<0A><END> || Listen to me, Jack. Just because<0A>soldiers are on the same side right now,<0A>doesn't mean they always will be.<0A><END> || No. It had nothing to do with you.<0A>I already told you, Jack. I was on<0A>a top-secret mission.<0A><END>","... MISSION다, 잭.<0A><00> || 잭, 당신인가? 몇 년이 지났나요?<0A><00> || 들어요, 잭. 군인들이 지금 같은 편이라 해서 항상 그럴 거라는 의미는 아닙니다.<0A><00> || 아니. 너와는 상관없다. 말했잖아, 잭. 극비 MISSION 중이었다.<0A><00>",64,not_generated,
codec,32,전,64,7,codec:32:21|codec:32:101|codec:32:98|codec:32:53|codec:32:124|codec:32:96|codec:32:89,"A legendary soldier, and your mentor.<0A><END> || After all, this is your first actual survival<0A>mission. I'll be supporting you over the<0A>radio.<0A><END> || CQC - close quarters combat, huh...<0A><END> || Politics determine who you face on<0A>the battlefield.<0A><END> || Pues claro, s<G6A> todo sobre ti.<0A><END> || Snake, you were always best at urban<0A>warfare and infiltrating buildings.<0A><END> || That's right. The legendary unit that<0A>The Boss put together during World War II<0A>was a snake.<0A><END>","전설적인 군인이자 멘토입니다.<0A><00> || 이번이 첫 실전 SURVIVAL MISSION이다. RADIO로 지원하겠다.<0A><00> || CQC, 근접전 말이지...<0A><00> || 전장에서 만날 적은 정치가 정해.<0A><00> || 물론, 전부 알지.<0A><00> || Snake, 당신은 시가전과 건물 침투에 항상 최고였습니다.<0A><00> || 맞다. 2차대전 중 The Boss가 만든 전설의 부대명이 Snake였다.<0A><00>",64,not_generated,
codec,32,접,64,1,codec:32:98,"CQC - close quarters combat, huh...<0A><END>","CQC, 근접전 말이지...<0A><00>",64,not_generated,
codec,32,존,64,1,codec:32:97,But this is the jungle. Survival is going to<0A>be key. Those CQC techniques I taught<0A>you are sure to come in handy.<0A><END>,하지만 여기는 정글이야. 생존이 관건일 거다. 내가 가르쳐 준 CQC 기술은 분명 도움이 될 거다.<0A><00>,64,not_generated,
codec,32,죄,64,1,codec:32:52,Having personal feelings about your<0A>comrades is one of the worst sins you<0A>can commit.<0A><END>,동료에게 사적 감정을 갖는 건 최악의 죄다.<0A><00>,64,not_generated,
codec,32,주,64,2,codec:32:42|codec:32:14,"No, I taught you everything you needed<0A>to know about fighting techniques.<0A><END> || PERSONAL DATA [1/1]<0A><0A>CODENAME:THE BOSS<0A>SEX:FEMALE<0A>AGE:UNKNOWN<0A>NATIONALITY:U.S.A<0A>BIRTHDATE:UNKNOWN<0A>BIRTHPLACE:UNKNOWN<0A>ADDRESS:UNKNOWN<0A><END>","아니요, 격투 기술에 대해 알아야 할 모든 것을 가르쳐 주었습니다.<0A><00> || PROFILE [1/1] CODE:THE BOSS 여 나이:불명 USA 생일:불명 출생:불명 주소:불명<0A><00>",64,not_generated,
codec,32,준,64,1,codec:32:97,But this is the jungle. Survival is going to<0A>be key. Those CQC techniques I taught<0A>you are sure to come in handy.<0A><END>,하지만 여기는 정글이야. 생존이 관건일 거다. 내가 가르쳐 준 CQC 기술은 분명 도움이 될 거다.<0A><00>,64,not_generated,
codec,32,중,64,4,codec:32:57|codec:32:95|codec:32:89|codec:32:103,"No. It had nothing to do with you.<0A>I already told you, Jack. I was on<0A>a top-secret mission.<0A><END> || Same here. After all, who knows if either<0A>of us will make it out alive...<0A><END> || That's right. The legendary unit that<0A>The Boss put together during World War II<0A>was a snake.<0A><END> || The Boss is communicating with us by<0A>radio from aboard a Permit-class submarine<0A>in the Arctic Ocean.<0A><END>","아니. 너와는 상관없다. 말했잖아, 잭. 극비 MISSION 중이었다.<0A><00> || 나도 마찬가지다. 우리 중 누가 살아남을지 누가 알겠나...<0A><00> || 맞다. 2차대전 중 The Boss가 만든 전설의 부대명이 Snake였다.<0A><00> || The Boss는 북극해 Permit급 잠수함에서 RADIO로 교신 중이다.<0A><00>",64,not_generated,
codec,32,차,64,1,codec:32:89,That's right. The legendary unit that<0A>The Boss put together during World War II<0A>was a snake.<0A><END>,맞다. 2차대전 중 The Boss가 만든 전설의 부대명이 Snake였다.<0A><00>,64,not_generated,
codec,32,찬,64,1,codec:32:95,"Same here. After all, who knows if either<0A>of us will make it out alive...<0A><END>",나도 마찬가지다. 우리 중 누가 살아남을지 누가 알겠나...<0A><00>,64,not_generated,
codec,32,찾,64,1,codec:32:59,But you're looking for a reason to fight.<0A><END>,당신은 싸울 이유를 찾고 있다.<0A><00>,64,not_generated,
codec,32,처,64,1,codec:32:46,How to think like a soldier?<0A>I can't teach you that.<0A><END>,군인처럼 생각하는 법은 가르칠 수 없어.<0A><00>,64,not_generated,
codec,32,첫,64,1,codec:32:101,"After all, this is your first actual survival<0A>mission. I'll be supporting you over the<0A>radio.<0A><END>",이번이 첫 실전 SURVIVAL MISSION이다. RADIO로 지원하겠다.<0A><00>,64,not_generated,
codec,32,체,64,1,codec:32:47,"A soldier needs to be strong in spirit,<0A>body, and technique - and the only thing you<0A>can learn from someone else is technique.<0A><END>","군인은 정신과 육체, 기술이 강해야 하며, 다른 사람에게서 배울 수 있는 유일한 것은 기술뿐입니다.<0A><00>",64,not_generated,
codec,32,쳐,64,2,codec:32:97|codec:32:42,"But this is the jungle. Survival is going to<0A>be key. Those CQC techniques I taught<0A>you are sure to come in handy.<0A><END> || No, I taught you everything you needed<0A>to know about fighting techniques.<0A><END>","하지만 여기는 정글이야. 생존이 관건일 거다. 내가 가르쳐 준 CQC 기술은 분명 도움이 될 거다.<0A><00> || 아니요, 격투 기술에 대해 알아야 할 모든 것을 가르쳐 주었습니다.<0A><00>",64,not_generated,
codec,32,쳤,64,1,codec:32:43,I taught you all I could.<0A><END>,가르칠 건 다 가르쳤어.<0A><00>,64,not_generated,
codec,32,초,64,1,codec:32:22,"Actually, it was The Boss that got<0A>the DCI's authorization in the first place.<0A><END>",사실 애초에 DCI의 승인을 받은 것은 The Boss였습니다.<0A><00>,64,not_generated,
codec,32,총,64,1,codec:32:67,"In the end, you have to choose whether<0A>you're going to live as a soldier, or just<0A>another man with a gun...<0A><END>","군인으로 살지, 총 든 평범한 남자로 살지 선택해야 한다...<0A><00>",64,not_generated,
codec,32,최,64,2,codec:32:52|codec:32:96,"Having personal feelings about your<0A>comrades is one of the worst sins you<0A>can commit.<0A><END> || Snake, you were always best at urban<0A>warfare and infiltrating buildings.<0A><END>","동료에게 사적 감정을 갖는 건 최악의 죄다.<0A><00> || Snake, 당신은 시가전과 건물 침투에 항상 최고였습니다.<0A><00>",64,not_generated,
codec,32,출,64,1,codec:32:14,PERSONAL DATA [1/1]<0A><0A>CODENAME:THE BOSS<0A>SEX:FEMALE<0A>AGE:UNKNOWN<0A>NATIONALITY:U.S.A<0A>BIRTHDATE:UNKNOWN<0A>BIRTHPLACE:UNKNOWN<0A>ADDRESS:UNKNOWN<0A><END>,PROFILE [1/1] CODE:THE BOSS 여 나이:불명 USA 생일:불명 출생:불명 주소:불명<0A><00>,64,not_generated,
codec,32,치,64,4,codec:32:61|codec:32:54|codec:32:77|codec:32:53,"A soldier is a political tool, nothing more.<0A><END> || And politics are a living thing.<0A>They change along with the times.<0A><END> || People's values change over time.<0A>And so do the leaders of a country.<0A><END> || Politics determine who you face on<0A>the battlefield.<0A><END>","군인은 정치적 도구일 뿐, 그 이상은 아닙니다.<0A><00> || 정치는 살아있는 거다. 그들은 시대에 따라 변합니다.<0A><00> || 사람의 가치관도<0A>나라 지도자도 변한다.<0A><00> || 전장에서 만날 적은 정치가 정해.<0A><00>",64,not_generated,
codec,32,친,64,1,codec:32:63,He has no enemies and no friends.<0A>Only the mission.<0A><END>,그에게는 적도 친구도 없습니다. 미션만.<0A><00>,64,not_generated,
codec,32,칠,64,3,codec:32:46|codec:32:50|codec:32:43,How to think like a soldier?<0A>I can't teach you that.<0A><END> || I can't teach you how to think.<0A>You'll just have to figure it out for yourself.<0A><END> || I taught you all I could.<0A><END>,군인처럼 생각하는 법은 가르칠 수 없어.<0A><00> || 나는 당신에게 생각하는 방법을 가르칠 수 없다. 당신은 그것을 스스로 알아 내야 할 거다.<0A><00> || 가르칠 건 다 가르쳤어.<0A><00>,64,not_generated,
codec,32,침,64,1,codec:32:96,"Snake, you were always best at urban<0A>warfare and infiltrating buildings.<0A><END>","Snake, 당신은 시가전과 건물 침투에 항상 최고였습니다.<0A><00>",64,not_generated,
codec,32,택,64,1,codec:32:67,"In the end, you have to choose whether<0A>you're going to live as a soldier, or just<0A>another man with a gun...<0A><END>","군인으로 살지, 총 든 평범한 남자로 살지 선택해야 한다...<0A><00>",64,not_generated,
codec,32,토,64,1,codec:32:21,"A legendary soldier, and your mentor.<0A><END>",전설적인 군인이자 멘토입니다.<0A><00>,64,not_generated,
codec,32,투,64,2,codec:32:42|codec:32:96,"No, I taught you everything you needed<0A>to know about fighting techniques.<0A><END> || Snake, you were always best at urban<0A>warfare and infiltrating buildings.<0A><END>","아니요, 격투 기술에 대해 알아야 할 모든 것을 가르쳐 주었습니다.<0A><00> || Snake, 당신은 시가전과 건물 침투에 항상 최고였습니다.<0A><00>",64,not_generated,
codec,32,평,64,1,codec:32:67,"In the end, you have to choose whether<0A>you're going to live as a soldier, or just<0A>another man with a gun...<0A><END>","군인으로 살지, 총 든 평범한 남자로 살지 선택해야 한다...<0A><00>",64,not_generated,
codec,32,합,64,2,codec:32:54|codec:32:44,And politics are a living thing.<0A>They change along with the times.<0A><END> || The rest you needed to learn on your own.<0A><END>,정치는 살아있는 거다. 그들은 시대에 따라 변합니다.<0A><00> || 나머지는 스스로 배워야 합니다.<0A><00>,64,not_generated,
codec,32,항,64,2,codec:32:51|codec:32:96,"Listen to me, Jack. Just because<0A>soldiers are on the same side right now,<0A>doesn't mean they always will be.<0A><END> || Snake, you were always best at urban<0A>warfare and infiltrating buildings.<0A><END>","들어요, 잭. 군인들이 지금 같은 편이라 해서 항상 그럴 거라는 의미는 아닙니다.<0A><00> || Snake, 당신은 시가전과 건물 침투에 항상 최고였습니다.<0A><00>",64,not_generated,
codec,32,했,64,2,codec:32:57|codec:32:115,"No. It had nothing to do with you.<0A>I already told you, Jack. I was on<0A>a top-secret mission.<0A><END> || Tambi<G6A>n me ha ayudado a planear esta<0A>misi<G74>n. Ella y yo trabajamos juntos en el SAS<0A>(Servicio A<G6A>reo Espacial).<0A><END>","아니. 너와는 상관없다. 말했잖아, 잭. 극비 MISSION 중이었다.<0A><00> || 그도 이 MISSION 계획을 도왔다. 그녀와 나는 SAS에서 함께 일했다.<0A><00>",64,not_generated,
codec,32,확,64,1,codec:32:83,The only thing we can believe in with<0A>absolute certainty...<0A><END>,확실히 믿을 수 있는 건...<0A><00>,64,not_generated,
codec,35,꿔,64,1,codec:35:3,"Change your camouflage by selecting<0A>""CAMOUFLAGE"" from the Survival Viewer.<0A><END>","Survival Viewer의 ""CAMOUFLAGE""에서 위장을 바꿔.",64,not_generated,
codec,35,장,64,1,codec:35:3,"Change your camouflage by selecting<0A>""CAMOUFLAGE"" from the Survival Viewer.<0A><END>","Survival Viewer의 ""CAMOUFLAGE""에서 위장을 바꿔.",64,not_generated,
codec,47,괜,64,1,codec:47:15,"I read you. Snake, are you all right?<0A><END>","잘 들려. Snake, 괜찮아?<0A><00>",64,not_generated,
codec,47,찮,64,1,codec:47:15,"I read you. Snake, are you all right?<0A><END>","잘 들려. Snake, 괜찮아?<0A><00>",64,not_generated,
codec,48,료,64,2,codec:48:29|codec:48:28,"All right, let's get you fixed up...<0A>Para-Medic?<0A><END> || You've got to get those wounds treated.<0A>Hang in there!<0A><END>","좋아, 치료해 보자... Para-Medic?<0A><00> || 상처를 치료해야 해. 버텨!<0A><00>",64,not_generated,
codec,48,처,64,1,codec:48:28,You've got to get those wounds treated.<0A>Hang in there!<0A><END>,상처를 치료해야 해. 버텨!<0A><00>,64,not_generated,
codec,48,치,64,2,codec:48:29|codec:48:28,"All right, let's get you fixed up...<0A>Para-Medic?<0A><END> || You've got to get those wounds treated.<0A>Hang in there!<0A><END>","좋아, 치료해 보자... Para-Medic?<0A><00> || 상처를 치료해야 해. 버텨!<0A><00>",64,not_generated,
codec,48,텨,64,1,codec:48:28,You've got to get those wounds treated.<0A>Hang in there!<0A><END>,상처를 치료해야 해. 버텨!<0A><00>,64,not_generated,
codec,49,료,64,2,codec:49:11|codec:49:14,"If you select ""CURE"" you can start<0A>the treatment.<0A><END> || They need to be fixed using surgical<0A>treatment.<0A><END>","""CURE""를 선택하면 치료를 시작할 수 있다.<0A><00> || 수술적 치료를 통해 고쳐야 합니다.<0A><00>",64,not_generated,
codec,49,먼,64,1,codec:49:10,"First, open the Survival Viewer with<0A>the START button.<0A><END>",먼저 START 버튼으로 Survival Viewer를 엽니다.<0A><00>,64,not_generated,
codec,49,선,64,1,codec:49:11,"If you select ""CURE"" you can start<0A>the treatment.<0A><END>","""CURE""를 선택하면 치료를 시작할 수 있다.<0A><00>",64,not_generated,
codec,49,술,64,1,codec:49:14,They need to be fixed using surgical<0A>treatment.<0A><END>,수술적 치료를 통해 고쳐야 합니다.<0A><00>,64,not_generated,
codec,49,엽,64,1,codec:49:10,"First, open the Survival Viewer with<0A>the START button.<0A><END>",먼저 START 버튼으로 Survival Viewer를 엽니다.<0A><00>,64,not_generated,
codec,49,작,64,1,codec:49:11,"If you select ""CURE"" you can start<0A>the treatment.<0A><END>","""CURE""를 선택하면 치료를 시작할 수 있다.<0A><00>",64,not_generated,
codec,49,쳐,64,1,codec:49:14,They need to be fixed using surgical<0A>treatment.<0A><END>,수술적 치료를 통해 고쳐야 합니다.<0A><00>,64,not_generated,
codec,49,치,64,2,codec:49:11|codec:49:14,"If you select ""CURE"" you can start<0A>the treatment.<0A><END> || They need to be fixed using surgical<0A>treatment.<0A><END>","""CURE""를 선택하면 치료를 시작할 수 있다.<0A><00> || 수술적 치료를 통해 고쳐야 합니다.<0A><00>",64,not_generated,
codec,49,택,64,1,codec:49:11,"If you select ""CURE"" you can start<0A>the treatment.<0A><END>","""CURE""를 선택하면 치료를 시작할 수 있다.<0A><00>",64,not_generated,
codec,49,통,64,1,codec:49:14,They need to be fixed using surgical<0A>treatment.<0A><END>,수술적 치료를 통해 고쳐야 합니다.<0A><00>,64,not_generated,
codec,49,튼,64,1,codec:49:10,"First, open the Survival Viewer with<0A>the START button.<0A><END>",먼저 START 버튼으로 Survival Viewer를 엽니다.<0A><00>,64,not_generated,
codec,49,합,64,1,codec:49:14,They need to be fixed using surgical<0A>treatment.<0A><END>,수술적 치료를 통해 고쳐야 합니다.<0A><00>,64,not_generated,
codec,67,직,64,1,codec:67:17,Not yet.<0A><END>,아직 아니야.<0A><00>,64,not_generated,
codec,71,맡,64,1,codec:71:17,and navigating the Survival Viewer.<0A><END>,SURVIVAL VIEWER 조작도 맡지.<0A><00>,64,not_generated,
codec,71,작,64,1,codec:71:17,and navigating the Survival Viewer.<0A><END>,SURVIVAL VIEWER 조작도 맡지.<0A><00>,64,not_generated,
codec,92,늪,64,1,codec:92:16,A bottomless swamp?<0A><END>,바닥없는 늪?<0A><00>,64,not_generated,
codec,92,닥,64,1,codec:92:16,A bottomless swamp?<0A><END>,바닥없는 늪?<0A><00>,64,not_generated,
codec,95,악,64,1,codec:95:24,Crocodiles?<0A><END>,악어?<0A><00>,64,not_generated,
codec,114,뀌,64,1,codec:114:15,"When you do, the camera automatically<0A>switches to Intrusion View.<0A><END>",그러면 camera가 Intrusion View로 바뀌어.<0A><00>,64,not_generated,
codec,119,직,64,1,codec:119:29,No. I can still...<0A><END>,아니. 아직 할 수 있어...<0A><00>,64,not_generated,
codec,120,럼,64,1,codec:120:27,I am!<0A><END>,그럼!<0A><00>,64,not_generated,
codec,121,누,64,2,codec:121:18|codec:121:12,"S<G6A>lectionne ""MANGER"" pour manger la<0A>nourriture s<G6A>lectionn<G6A>e.<0A><END>FON || Select EAT and you will eat the selected<0A>food.<0A><END>",EAT를 누르면 먹는다.<0A><00> || EAT를 누르면 먹는다.<0A><00>,64,not_generated,
codec,121,먹,64,2,codec:121:18|codec:121:12,"S<G6A>lectionne ""MANGER"" pour manger la<0A>nourriture s<G6A>lectionn<G6A>e.<0A><END>FON || Select EAT and you will eat the selected<0A>food.<0A><END>",EAT를 누르면 먹는다.<0A><00> || EAT를 누르면 먹는다.<0A><00>,64,not_generated,
codec,122,량,64,1,codec:122:10,"When you eat, you will recover your<0A>stamina, but the extent of recovery<0A>depends on what you eat.<0A><END>",FOOD마다 STAMINA 회복량이 다르다.<0A><00>,64,not_generated,
codec,122,복,64,1,codec:122:10,"When you eat, you will recover your<0A>stamina, but the extent of recovery<0A>depends on what you eat.<0A><END>",FOOD마다 STAMINA 회복량이 다르다.<0A><00>,64,not_generated,
codec,122,회,64,1,codec:122:10,"When you eat, you will recover your<0A>stamina, but the extent of recovery<0A>depends on what you eat.<0A><END>",FOOD마다 STAMINA 회복량이 다르다.<0A><00>,64,not_generated,
codec,125,동,64,1,codec:125:16,Animals moving around will show up<0A>on the sensor just like anything else.<0A><END>,움직이는 동물도 SENSOR에 똑같이 잡혀.<0A><00>,64,not_generated,
codec,125,똑,64,1,codec:125:16,Animals moving around will show up<0A>on the sensor just like anything else.<0A><END>,움직이는 동물도 SENSOR에 똑같이 잡혀.<0A><00>,64,not_generated,
codec,125,움,64,1,codec:125:16,Animals moving around will show up<0A>on the sensor just like anything else.<0A><END>,움직이는 동물도 SENSOR에 똑같이 잡혀.<0A><00>,64,not_generated,
codec,125,직,64,1,codec:125:16,Animals moving around will show up<0A>on the sensor just like anything else.<0A><END>,움직이는 동물도 SENSOR에 똑같이 잡혀.<0A><00>,64,not_generated,
codec,125,혀,64,1,codec:125:16,Animals moving around will show up<0A>on the sensor just like anything else.<0A><END>,움직이는 동물도 SENSOR에 똑같이 잡혀.<0A><00>,64,not_generated,
codec,126,반,64,1,codec:126:16,The reflected sound from the sonic wave<0A>reveals the positions of targeted objects.<0A><END>,SONIC WAVE의 반사음으로 표적 위치를 알아내.<0A><00>,64,not_generated,
codec,126,치,64,1,codec:126:16,The reflected sound from the sonic wave<0A>reveals the positions of targeted objects.<0A><END>,SONIC WAVE의 반사음으로 표적 위치를 알아내.<0A><00>,64,not_generated,
codec,126,표,64,1,codec:126:16,The reflected sound from the sonic wave<0A>reveals the positions of targeted objects.<0A><END>,SONIC WAVE의 반사음으로 표적 위치를 알아내.<0A><00>,64,not_generated,
codec,129,높,64,1,codec:129:16,"The higher your Stamina Gauge, the faster<0A>your battery recharges.<0A><END>",STAMINA가 높을수록 BATTERY가 빨리 차.<0A><00>,64,not_generated,
codec,129,빨,64,1,codec:129:16,"The higher your Stamina Gauge, the faster<0A>your battery recharges.<0A><END>",STAMINA가 높을수록 BATTERY가 빨리 차.<0A><00>,64,not_generated,
codec,129,차,64,1,codec:129:16,"The higher your Stamina Gauge, the faster<0A>your battery recharges.<0A><END>",STAMINA가 높을수록 BATTERY가 빨리 차.<0A><00>,64,not_generated,
codec,133,꾸,64,1,codec:133:14,"Snake, let's review how to change your<0A>stance between standing, crouching, and<0A>crawling.<0A><END>","Snake, 서기, 웅크리기, 기어가기 등 자세를 바꾸는 방법을 살펴보겠습니다.<0A><00>",64,not_generated,
codec,133,낮,64,1,codec:133:16,"Since by crouching you take a lower<0A>position, it has a higher Camo Index<0A>than standing.<0A><END>",웅크리면 자세가 낮아지므로 서 있을 때보다 CAMO 지수가 높습니다.<0A><00>,64,not_generated,
codec,133,높,64,1,codec:133:16,"Since by crouching you take a lower<0A>position, it has a higher Camo Index<0A>than standing.<0A><END>",웅크리면 자세가 낮아지므로 서 있을 때보다 CAMO 지수가 높습니다.<0A><00>,64,not_generated,
codec,133,등,64,1,codec:133:14,"Snake, let's review how to change your<0A>stance between standing, crouching, and<0A>crawling.<0A><END>","Snake, 서기, 웅크리기, 기어가기 등 자세를 바꾸는 방법을 살펴보겠습니다.<0A><00>",64,not_generated,
codec,133,므,64,1,codec:133:16,"Since by crouching you take a lower<0A>position, it has a higher Camo Index<0A>than standing.<0A><END>",웅크리면 자세가 낮아지므로 서 있을 때보다 CAMO 지수가 높습니다.<0A><00>,64,not_generated,
codec,133,복,64,1,codec:133:20,"Next: Crawling. Remember that when<0A>crawling, your Camo Index becomes<0A>extremely high,<0A><END>",다음은 CRAWLING. 포복하면 CAMO INDEX가 크게 올라.<0A><00>,64,not_generated,
codec,133,살,64,1,codec:133:14,"Snake, let's review how to change your<0A>stance between standing, crouching, and<0A>crawling.<0A><END>","Snake, 서기, 웅크리기, 기어가기 등 자세를 바꾸는 방법을 살펴보겠습니다.<0A><00>",64,not_generated,
codec,133,웅,64,2,codec:133:16|codec:133:14,"Since by crouching you take a lower<0A>position, it has a higher Camo Index<0A>than standing.<0A><END> || Snake, let's review how to change your<0A>stance between standing, crouching, and<0A>crawling.<0A><END>","웅크리면 자세가 낮아지므로 서 있을 때보다 CAMO 지수가 높습니다.<0A><00> || Snake, 서기, 웅크리기, 기어가기 등 자세를 바꾸는 방법을 살펴보겠습니다.<0A><00>",64,not_generated,
codec,133,펴,64,1,codec:133:14,"Snake, let's review how to change your<0A>stance between standing, crouching, and<0A>crawling.<0A><END>","Snake, 서기, 웅크리기, 기어가기 등 자세를 바꾸는 방법을 살펴보겠습니다.<0A><00>",64,not_generated,
codec,136,구,64,2,codec:136:24|codec:136:14,"Snake, <G6A>vite de courir comme un d<G6A>rat<G6A>.<0A><END> || Snake, I don't recommend running around<0A>wildly.<0A><END>","Snake, 마구 달리지 마.<0A><00> || Snake, 마구 달리지 마.<0A><00>",64,not_generated,
codec,136,달,64,2,codec:136:24|codec:136:14,"Snake, <G6A>vite de courir comme un d<G6A>rat<G6A>.<0A><END> || Snake, I don't recommend running around<0A>wildly.<0A><END>","Snake, 마구 달리지 마.<0A><00> || Snake, 마구 달리지 마.<0A><00>",64,not_generated,
codec,139,덮,64,1,codec:139:18,"Or, lure an enemy near you, then ambush<0A>the enemy from behind.<0A><END>",enemy를 유인해 뒤에서 덮쳐.<0A><00>,64,not_generated,
codec,139,뒤,64,1,codec:139:18,"Or, lure an enemy near you, then ambush<0A>the enemy from behind.<0A><END>",enemy를 유인해 뒤에서 덮쳐.<0A><00>,64,not_generated,
codec,139,용,64,1,codec:139:19,Use it to your utmost advantage.<0A><END>,잘 이용해.<0A><00>,64,not_generated,
codec,139,쳐,64,1,codec:139:18,"Or, lure an enemy near you, then ambush<0A>the enemy from behind.<0A><END>",enemy를 유인해 뒤에서 덮쳐.<0A><00>,64,not_generated,
codec,143,동,64,1,codec:143:15,We'll call this action peeking.<0A><END>,이 동작을 PEEKING이라 해.<0A><00>,64,not_generated,
codec,143,작,64,1,codec:143:15,We'll call this action peeking.<0A><END>,이 동작을 PEEKING이라 해.<0A><00>,64,not_generated,
codec,144,져,64,1,codec:144:16,You'll do well to get accustomed to it.<0A><END>,익숙해져.<0A><00>,64,not_generated,
codec,145,격,64,1,codec:145:17,and launch an attack when the time is<0A>right.<0A><END>,때를 봐서 공격해.<0A><00>,64,not_generated,
codec,145,공,64,1,codec:145:17,and launch an attack when the time is<0A>right.<0A><END>,때를 봐서 공격해.<0A><00>,64,not_generated,
codec,147,과,64,1,codec:147:14,The assault rifle works the same way as<0A>the handgun.<0A><END>,ASSAULT RIFLE도 HANDGUN과 같아.<0A><00>,64,not_generated,
codec,148,척,64,1,codec:148:14,The distance that you throw grenades and<0A>other throwable weapons<0A><END>,GRENADE 같은 투척 무기의 거리는<0A><00>,64,not_generated,
codec,148,투,64,1,codec:148:14,The distance that you throw grenades and<0A>other throwable weapons<0A><END>,GRENADE 같은 투척 무기의 거리는<0A><00>,64,not_generated,
codec,149,열,64,1,codec:149:14,Thermal goggles create a thermal image<0A>based on the heat emitted by objects in<0A>view.<0A><END>,THERMAL GOGGLES는 물체의 열로 영상을 만들어.<0A><00>,64,not_generated,
codec,149,영,64,1,codec:149:14,Thermal goggles create a thermal image<0A>based on the heat emitted by objects in<0A>view.<0A><END>,THERMAL GOGGLES는 물체의 열로 영상을 만들어.<0A><00>,64,not_generated,
codec,149,체,64,1,codec:149:14,Thermal goggles create a thermal image<0A>based on the heat emitted by objects in<0A>view.<0A><END>,THERMAL GOGGLES는 물체의 열로 영상을 만들어.<0A><00>,64,not_generated,
codec,149,켜,64,1,codec:149:17,"However, once you activate the thermal<0A>goggles, you begin draining battery energy.<0A><END>",THERMAL GOGGLES를 켜면 BATTERY가 줄어.<0A><00>,64,not_generated,
codec,150,동,64,1,codec:150:15,This action is called hanging.<0A><END>,이 동작을 HANGING이라 해.<0A><00>,64,not_generated,
codec,150,작,64,1,codec:150:15,This action is called hanging.<0A><END>,이 동작을 HANGING이라 해.<0A><00>,64,not_generated,
codec,152,달,64,1,codec:152:17,"It indicates the status of your grip.<0A>When hanging, the Grip Gauge drops.<0A><END>",GRIP 상태를 뜻해. 매달리면 GRIP GAUGE가 줄어.<0A><00>,64,not_generated,
codec,152,따,64,1,codec:152:19,The length of the Grip Gauge depends<0A>upon your stamina.<0A><END>,GRIP Gauge는 STAMINA에 따라 줄어.<0A><00>,64,not_generated,
codec,152,매,64,1,codec:152:17,"It indicates the status of your grip.<0A>When hanging, the Grip Gauge drops.<0A><END>",GRIP 상태를 뜻해. 매달리면 GRIP GAUGE가 줄어.<0A><00>,64,not_generated,
codec,153,귀,64,1,codec:153:17,You may even find some rare items<0A>this way.<0A><END>,희귀 ITEM도 얻을 수 있어.<0A><00>,64,not_generated,
codec,153,얻,64,1,codec:153:17,You may even find some rare items<0A>this way.<0A><END>,희귀 ITEM도 얻을 수 있어.<0A><00>,64,not_generated,
codec,153,희,64,1,codec:153:17,You may even find some rare items<0A>this way.<0A><END>,희귀 ITEM도 얻을 수 있어.<0A><00>,64,not_generated,
codec,158,먹,64,1,codec:158:14,You ate some food?<0A><END>,FOOD를 먹었어?<0A><00>,64,not_generated,
codec,161,느,64,1,codec:161:19,"With slight movements of the Circle Pad,<0A>you can move without making a sound, but<0A>at the expense of speed.<0A><END>",Circle Pad를 살짝 움직이면<0A>소리 없이 느리게 이동.<0A><00>,64,not_generated,
codec,161,동,64,2,codec:161:20|codec:161:19,"Use both types of movement in appropriate<0A>situations.<0A><END> || With slight movements of the Circle Pad,<0A>you can move without making a sound, but<0A>at the expense of speed.<0A><END>",상황에 맞게 두 이동법을 써.<0A><00> || Circle Pad를 살짝 움직이면<0A>소리 없이 느리게 이동.<0A><00>,64,not_generated,
codec,161,두,64,1,codec:161:20,Use both types of movement in appropriate<0A>situations.<0A><END>,상황에 맞게 두 이동법을 써.<0A><00>,64,not_generated,
codec,161,맞,64,1,codec:161:20,Use both types of movement in appropriate<0A>situations.<0A><END>,상황에 맞게 두 이동법을 써.<0A><00>,64,not_generated,
codec,161,살,64,1,codec:161:19,"With slight movements of the Circle Pad,<0A>you can move without making a sound, but<0A>at the expense of speed.<0A><END>",Circle Pad를 살짝 움직이면<0A>소리 없이 느리게 이동.<0A><00>,64,not_generated,
codec,161,써,64,1,codec:161:20,Use both types of movement in appropriate<0A>situations.<0A><END>,상황에 맞게 두 이동법을 써.<0A><00>,64,not_generated,
codec,161,움,64,1,codec:161:19,"With slight movements of the Circle Pad,<0A>you can move without making a sound, but<0A>at the expense of speed.<0A><END>",Circle Pad를 살짝 움직이면<0A>소리 없이 느리게 이동.<0A><00>,64,not_generated,
codec,161,직,64,1,codec:161:19,"With slight movements of the Circle Pad,<0A>you can move without making a sound, but<0A>at the expense of speed.<0A><END>",Circle Pad를 살짝 움직이면<0A>소리 없이 느리게 이동.<0A><00>,64,not_generated,
codec,161,짝,64,1,codec:161:19,"With slight movements of the Circle Pad,<0A>you can move without making a sound, but<0A>at the expense of speed.<0A><END>",Circle Pad를 살짝 움직이면<0A>소리 없이 느리게 이동.<0A><00>,64,not_generated,
codec,161,황,64,1,codec:161:20,Use both types of movement in appropriate<0A>situations.<0A><END>,상황에 맞게 두 이동법을 써.<0A><00>,64,not_generated,
codec,164,된,64,1,codec:164:14,"To open doors, generally you can just<0A>use the Circle Pad to move towards the<0A>door.<0A><END>",문은 서클 패드로<0A>다가가 열면 된다.<0A><00>,64,not_generated,
codec,164,열,64,1,codec:164:14,"To open doors, generally you can just<0A>use the Circle Pad to move towards the<0A>door.<0A><END>",문은 서클 패드로<0A>다가가 열면 된다.<0A><00>,64,not_generated,
codec,164,클,64,1,codec:164:14,"To open doors, generally you can just<0A>use the Circle Pad to move towards the<0A>door.<0A><END>",문은 서클 패드로<0A>다가가 열면 된다.<0A><00>,64,not_generated,
codec,164,패,64,1,codec:164:14,"To open doors, generally you can just<0A>use the Circle Pad to move towards the<0A>door.<0A><END>",문은 서클 패드로<0A>다가가 열면 된다.<0A><00>,64,not_generated,
codec,167,얻,64,1,codec:167:15,This is an opportunity to gain intelligence.<0A><END>,정보를 얻을 기회야.<0A><00>,64,not_generated,
codec,167,회,64,1,codec:167:15,This is an opportunity to gain intelligence.<0A><END>,정보를 얻을 기회야.<0A><00>,64,not_generated,
codec,168,걷,64,1,codec:168:14,"The degree to which you move the Circle<0A>Pad not only changes your walking speed,<0A><END>","CIRCLE PAD를 움직이는 정도에 따라 걷는 속도뿐 아니라,<0A><00>",64,not_generated,
codec,168,따,64,1,codec:168:14,"The degree to which you move the Circle<0A>Pad not only changes your walking speed,<0A><END>","CIRCLE PAD를 움직이는 정도에 따라 걷는 속도뿐 아니라,<0A><00>",64,not_generated,
codec,168,뿐,64,1,codec:168:14,"The degree to which you move the Circle<0A>Pad not only changes your walking speed,<0A><END>","CIRCLE PAD를 움직이는 정도에 따라 걷는 속도뿐 아니라,<0A><00>",64,not_generated,
codec,168,속,64,1,codec:168:14,"The degree to which you move the Circle<0A>Pad not only changes your walking speed,<0A><END>","CIRCLE PAD를 움직이는 정도에 따라 걷는 속도뿐 아니라,<0A><00>",64,not_generated,
codec,168,움,64,1,codec:168:14,"The degree to which you move the Circle<0A>Pad not only changes your walking speed,<0A><END>","CIRCLE PAD를 움직이는 정도에 따라 걷는 속도뿐 아니라,<0A><00>",64,not_generated,
codec,168,직,64,1,codec:168:14,"The degree to which you move the Circle<0A>Pad not only changes your walking speed,<0A><END>","CIRCLE PAD를 움직이는 정도에 따라 걷는 속도뿐 아니라,<0A><00>",64,not_generated,
codec,169,맞,64,1,codec:169:17,But a target hit on the head will drop like<0A>a fly.<0A><END>,머리를 맞히면 바로 쓰러져.<0A><00>,64,not_generated,
codec,169,쓰,64,1,codec:169:17,But a target hit on the head will drop like<0A>a fly.<0A><END>,머리를 맞히면 바로 쓰러져.<0A><00>,64,not_generated,
codec,169,져,64,1,codec:169:17,But a target hit on the head will drop like<0A>a fly.<0A><END>,머리를 맞히면 바로 쓰러져.<0A><00>,64,not_generated,
codec,171,용,64,1,codec:171:19,Use of this technique can be greatly<0A>advantageous to your mission. Make<0A>sure to get the most out of it.<0A><END>,MISSION에 잘 이용해.<0A><00>,64,not_generated,
codec,175,몇,64,1,codec:175:17,"But, don't you think I should've at least<0A>brought a few rations?<0A><END>",RATION 몇 개는 가져왔어야 하지 않을까?<0A><00>,64,not_generated,
codec,175,져,64,1,codec:175:17,"But, don't you think I should've at least<0A>brought a few rations?<0A><END>",RATION 몇 개는 가져왔어야 하지 않을까?<0A><00>,64,not_generated,
codec,179,워,64,1,codec:179:13,Make sure you replenish stamina<0A>before that occurs.<0A><END>,그전에 STAMINA를 채워.<0A><00>,64,not_generated,
codec,179,전,64,1,codec:179:13,Make sure you replenish stamina<0A>before that occurs.<0A><END>,그전에 STAMINA를 채워.<0A><00>,64,not_generated,
codec,179,채,64,1,codec:179:13,Make sure you replenish stamina<0A>before that occurs.<0A><END>,그전에 STAMINA를 채워.<0A><00>,64,not_generated,
codec,180,복,64,1,codec:180:10,Eat food to recover stamina.<0A><END>,FOOD로 STAMINA를 회복해.<0A><00>,64,not_generated,
codec,180,회,64,1,codec:180:10,Eat food to recover stamina.<0A><END>,FOOD로 STAMINA를 회복해.<0A><00>,64,not_generated,
codec,182,껴,64,1,codec:182:31,Intenta no gastar mucha energ<G6E>a<0A>innecesariamente.<0A><END>,STAMINA를 아껴.<0A><00>,64,not_generated,
codec,186,끼,64,1,codec:186:16,Remove the suppressor from your gun<0A>if you want to make it last.<0A><END>,아끼려면 총에서 SUPPRESSOR를 빼.<0A><00>,64,not_generated,
codec,186,맞,64,1,codec:186:19,Regulate usage of the suppressor based<0A>on the situation.<0A><END>,상황에 맞게 SUPPRESSOR를 써.<0A><00>,64,not_generated,
codec,186,빼,64,1,codec:186:16,Remove the suppressor from your gun<0A>if you want to make it last.<0A><END>,아끼려면 총에서 SUPPRESSOR를 빼.<0A><00>,64,not_generated,
codec,186,써,64,1,codec:186:19,Regulate usage of the suppressor based<0A>on the situation.<0A><END>,상황에 맞게 SUPPRESSOR를 써.<0A><00>,64,not_generated,
codec,186,총,64,1,codec:186:16,Remove the suppressor from your gun<0A>if you want to make it last.<0A><END>,아끼려면 총에서 SUPPRESSOR를 빼.<0A><00>,64,not_generated,
codec,186,황,64,1,codec:186:19,Regulate usage of the suppressor based<0A>on the situation.<0A><END>,상황에 맞게 SUPPRESSOR를 써.<0A><00>,64,not_generated,
codec,189,곧,64,1,codec:189:17,then the Alert Phase will quickly be<0A>restored to Normal Phase.<0A><END>,그러면 Alert Phase가 곧 Normal Phase로 돌아와.<0A><00>,64,not_generated,
codec,190,씩,64,1,codec:190:15,"If you take a close look at the stars above<0A>the enemy's head, you'll notice that they<0A>gradually disappear, one at a time.<0A><END>",적 머리 위 별은 하나씩 사라져.<0A><00>,64,not_generated,
codec,190,져,64,1,codec:190:15,"If you take a close look at the stars above<0A>the enemy's head, you'll notice that they<0A>gradually disappear, one at a time.<0A><END>",적 머리 위 별은 하나씩 사라져.<0A><00>,64,not_generated,
codec,193,열,64,1,codec:193:3,"To use camouflage, first press the START<0A>button to go to the Survival Viewer.<0A><END>",CAMO는 START로 SURVIVAL을 열어 사용해.<0A><00>,64,not_generated,
codec,193,용,64,1,codec:193:3,"To use camouflage, first press the START<0A>button to go to the Survival Viewer.<0A><END>",CAMO는 START로 SURVIVAL을 열어 사용해.<0A><00>,64,not_generated,
codec,198,곽,64,1,codec:198:6,"In order to flatten the appearance of<0A>your face,<0A><END>","얼굴 윤곽을 평평하게 보이려면,<0A><00>",64,not_generated,
codec,198,굴,64,1,codec:198:6,"In order to flatten the appearance of<0A>your face,<0A><END>","얼굴 윤곽을 평평하게 보이려면,<0A><00>",64,not_generated,
codec,198,얼,64,1,codec:198:6,"In order to flatten the appearance of<0A>your face,<0A><END>","얼굴 윤곽을 평평하게 보이려면,<0A><00>",64,not_generated,
codec,198,윤,64,1,codec:198:6,"In order to flatten the appearance of<0A>your face,<0A><END>","얼굴 윤곽을 평평하게 보이려면,<0A><00>",64,not_generated,
codec,198,평,64,1,codec:198:6,"In order to flatten the appearance of<0A>your face,<0A><END>","얼굴 윤곽을 평평하게 보이려면,<0A><00>",64,not_generated,
codec,200,걱,64,1,codec:200:7,Don't worry. That's what the Camo Index<0A>is for.<0A><END>,걱정 마. CAMO INDEX가 있잖아.<0A><00>,64,not_generated,
codec,200,높,64,1,codec:200:10,"With a high enough Camo Index, you can<0A>even fool enemies inches away.<0A><END>",Camo Index가 높으면<0A>코앞도 속일 수 있어.<0A><00>,64,not_generated,
codec,200,속,64,1,codec:200:10,"With a high enough Camo Index, you can<0A>even fool enemies inches away.<0A><END>",Camo Index가 높으면<0A>코앞도 속일 수 있어.<0A><00>,64,not_generated,
codec,200,앞,64,1,codec:200:10,"With a high enough Camo Index, you can<0A>even fool enemies inches away.<0A><END>",Camo Index가 높으면<0A>코앞도 속일 수 있어.<0A><00>,64,not_generated,
codec,200,잖,64,1,codec:200:7,Don't worry. That's what the Camo Index<0A>is for.<0A><END>,걱정 마. CAMO INDEX가 있잖아.<0A><00>,64,not_generated,
codec,202,걱,64,1,codec:202:5,you don't need to be concerned with being<0A>spotted by distant enemies.<0A><END>,멀리 있는 적에게 들킬 걱정은 없어.<0A><00>,64,not_generated,
codec,202,멀,64,1,codec:202:5,you don't need to be concerned with being<0A>spotted by distant enemies.<0A><END>,멀리 있는 적에게 들킬 걱정은 없어.<0A><00>,64,not_generated,
codec,202,킬,64,1,codec:202:5,you don't need to be concerned with being<0A>spotted by distant enemies.<0A><END>,멀리 있는 적에게 들킬 걱정은 없어.<0A><00>,64,not_generated,
codec,210,남,64,1,codec:210:16,Remaining bullets are displayed<0A>beneath your Camo Index.<0A><END>,남은 탄은 CAMO INDEX 아래에 보여.<0A><00>,64,not_generated,
codec,210,탄,64,1,codec:210:16,Remaining bullets are displayed<0A>beneath your Camo Index.<0A><END>,남은 탄은 CAMO INDEX 아래에 보여.<0A><00>,64,not_generated,
codec,212,남,64,1,codec:212:4,and you will always have a bullet in your<0A>chamber.<0A><END>,CHAMBER엔 늘 탄이 남아.<0A><00>,64,not_generated,
codec,212,늘,64,1,codec:212:4,and you will always have a bullet in your<0A>chamber.<0A><END>,CHAMBER엔 늘 탄이 남아.<0A><00>,64,not_generated,
codec,212,탄,64,1,codec:212:4,and you will always have a bullet in your<0A>chamber.<0A><END>,CHAMBER엔 늘 탄이 남아.<0A><00>,64,not_generated,
codec,217,넣,64,1,codec:217:15,I put it in my backpack first.<0A><END>,먼저 BACKPACK에 넣었어.<0A><00>,64,not_generated,
codec,217,먼,64,1,codec:217:15,I put it in my backpack first.<0A><END>,먼저 BACKPACK에 넣었어.<0A><00>,64,not_generated,
codec,218,꺼,64,1,codec:218:8,to remove the weapon from your backpack<0A>and equip it to your person.<0A><END>,BACKPACK에서 무기를 꺼내 몸에 장비해.<0A><00>,64,not_generated,
codec,218,몸,64,1,codec:218:8,to remove the weapon from your backpack<0A>and equip it to your person.<0A><END>,BACKPACK에서 무기를 꺼내 몸에 장비해.<0A><00>,64,not_generated,
codec,218,비,64,2,codec:218:3|codec:218:8,"To place a weapon on your person, go to<0A>the Survival Viewer, then BACKPACK,<0A>then select WEAPON.<0A><END> || to remove the weapon from your backpack<0A>and equip it to your person.<0A><END>","무기 장비는 SURVIVAL, BACKPACK, WEAPON 순서야.<0A><00> || BACKPACK에서 무기를 꺼내 몸에 장비해.<0A><00>",64,not_generated,
codec,218,순,64,1,codec:218:3,"To place a weapon on your person, go to<0A>the Survival Viewer, then BACKPACK,<0A>then select WEAPON.<0A><END>","무기 장비는 SURVIVAL, BACKPACK, WEAPON 순서야.<0A><00>",64,not_generated,
codec,218,장,64,2,codec:218:3|codec:218:8,"To place a weapon on your person, go to<0A>the Survival Viewer, then BACKPACK,<0A>then select WEAPON.<0A><END> || to remove the weapon from your backpack<0A>and equip it to your person.<0A><END>","무기 장비는 SURVIVAL, BACKPACK, WEAPON 순서야.<0A><00> || BACKPACK에서 무기를 꺼내 몸에 장비해.<0A><00>",64,not_generated,
codec,225,격,64,1,codec:225:3,"For the assault rifle and various other<0A>weapons,<0A><END>","돌격소총 및 기타 다양한 무기의 경우,<0A><00>",64,not_generated,
codec,225,경,64,1,codec:225:3,"For the assault rifle and various other<0A>weapons,<0A><END>","돌격소총 및 기타 다양한 무기의 경우,<0A><00>",64,not_generated,
codec,225,및,64,1,codec:225:3,"For the assault rifle and various other<0A>weapons,<0A><END>","돌격소총 및 기타 다양한 무기의 경우,<0A><00>",64,not_generated,
codec,225,양,64,1,codec:225:3,"For the assault rifle and various other<0A>weapons,<0A><END>","돌격소총 및 기타 다양한 무기의 경우,<0A><00>",64,not_generated,
codec,225,총,64,1,codec:225:3,"For the assault rifle and various other<0A>weapons,<0A><END>","돌격소총 및 기타 다양한 무기의 경우,<0A><00>",64,not_generated,
codec,225,타,64,1,codec:225:3,"For the assault rifle and various other<0A>weapons,<0A><END>","돌격소총 및 기타 다양한 무기의 경우,<0A><00>",64,not_generated,
codec,230,발,64,1,codec:230:4,"Before putting down the front foot,<0A><END>","앞발을 내리기 전,<0A><00>",64,not_generated,
codec,230,앞,64,1,codec:230:4,"Before putting down the front foot,<0A><END>","앞발을 내리기 전,<0A><00>",64,not_generated,
codec,230,전,64,1,codec:230:4,"Before putting down the front foot,<0A><END>","앞발을 내리기 전,<0A><00>",64,not_generated,
codec,231,낮,64,1,codec:231:5,"And, since your posture is low while<0A>stalking, you are that much less likely<0A>to be spotted by the enemy.<0A><END>",STALKING은 자세가 낮아 적에게 들킬 가능성도 줄어.<0A><00>,64,not_generated,
codec,231,능,64,1,codec:231:5,"And, since your posture is low while<0A>stalking, you are that much less likely<0A>to be spotted by the enemy.<0A><END>",STALKING은 자세가 낮아 적에게 들킬 가능성도 줄어.<0A><00>,64,not_generated,
codec,231,킬,64,1,codec:231:5,"And, since your posture is low while<0A>stalking, you are that much less likely<0A>to be spotted by the enemy.<0A><END>",STALKING은 자세가 낮아 적에게 들킬 가능성도 줄어.<0A><00>,64,not_generated,
codec,233,럼,64,1,codec:233:22,"Okay, then what would you drink?<0A><END>","알았어, 그럼 뭘 마실래?<0A><00>",64,not_generated,
codec,233,뭘,64,1,codec:233:22,"Okay, then what would you drink?<0A><END>","알았어, 그럼 뭘 마실래?<0A><00>",64,not_generated,
codec,233,실,64,1,codec:233:22,"Okay, then what would you drink?<0A><END>","알았어, 그럼 뭘 마실래?<0A><00>",64,not_generated,
codec,234,직,64,1,codec:234:16,FOX is a next-generation espionage<0A>organization<0A><END>,"FOX는 차세대 첩보 조직이고,<0A><00>",64,not_generated,
codec,234,차,64,1,codec:234:16,FOX is a next-generation espionage<0A>organization<0A><END>,"FOX는 차세대 첩보 조직이고,<0A><00>",64,not_generated,
codec,234,첩,64,1,codec:234:16,FOX is a next-generation espionage<0A>organization<0A><END>,"FOX는 차세대 첩보 조직이고,<0A><00>",64,not_generated,
codec,235,국,64,1,codec:235:21,That's the American way?<0A><END>,그게 미국 방식이야?<0A><00>,64,not_generated,
codec,235,식,64,1,codec:235:21,That's the American way?<0A><END>,그게 미국 방식이야?<0A><00>,64,not_generated,
codec,235,쿼,64,1,codec:235:53,Quoi!?<0A><END>,쿼이!?<0A><00>,64,not_generated,
codec,236,널,64,2,codec:236:20|codec:236:19,A tunnel?<0A><END> || From a tunnel.<0A><END>,터널?<0A><00> || 터널에서.<0A><00>,64,not_generated,
codec,237,몸,64,1,codec:237:18,"No, I mean the ""naked"" part.<0A><END>","아니요, ""알몸"" 부분을 의미합니다.<0A><00>",64,not_generated,
codec,237,엇,64,1,codec:237:16,Yeah. What does it mean?<0A><END>,네. 그것은 무엇을 의미합니까?<0A><00>,64,not_generated,
codec,237,합,64,2,codec:237:18|codec:237:16,"No, I mean the ""naked"" part.<0A><END> || Yeah. What does it mean?<0A><END>","아니요, ""알몸"" 부분을 의미합니다.<0A><00> || 네. 그것은 무엇을 의미합니까?<0A><00>",64,not_generated,
codec,238,뭔,64,1,codec:238:24,"No, but...something is strange.<0A><END>",아니... 뭔가 이상해.<0A><00>,64,not_generated,
codec,238,황,64,1,codec:238:14,"Snake, what's the situation?<0A><END>","Snake, 상황은?<0A><00>",64,not_generated,
codec,239,관,64,2,codec:239:18|codec:239:19,How in the world did you manage that?<0A><END> || Manage what?<0A><END>,도대체 어떻게 관리하셨나요?<0A><00> || 무엇을 관리하나요?<0A><00>,64,not_generated,
codec,239,났,64,1,codec:239:79,Arriv<G6A> <G61> quoi?<0A><END>,무슨 일이 일어났나요?<0A><00>,64,not_generated,
codec,239,낸,64,1,codec:239:16,About this gunship you sent to<0A>Tselinoyarsk...<0A><END>,Tselinoyarsk에 보낸 gunship말인데...,64,not_generated,
codec,239,맞,64,2,codec:239:81|codec:239:21,C'est exact.<0A><END> || That's exactly right.<0A><END>,맞아.<0A><00> || 맞습니다.<0A><00>,64,not_generated,
codec,239,매,64,1,codec:239:34,"Very impressive, but...<0A><END>",매우 인상적이지만...<0A><00>,64,not_generated,
codec,239,셨,64,2,codec:239:78|codec:239:18,Comment vous y <G6B>tes arriv<G6A>?<0A><END> || How in the world did you manage that?<0A><END>,거기엔 어떻게 가셨나요?<0A><00> || 도대체 어떻게 관리하셨나요?<0A><00>,64,not_generated,
codec,239,엇,64,1,codec:239:19,Manage what?<0A><END>,무엇을 관리하나요?<0A><00>,64,not_generated,
codec,239,체,64,1,codec:239:18,How in the world did you manage that?<0A><END>,도대체 어떻게 관리하셨나요?<0A><00>,64,not_generated,
codec,240,끌,64,1,codec:240:24,and that has been elevated by a balloon.<0A><END>,"BALLOON으로 끌어올린 뒤,<0A><00>",64,not_generated,
codec,240,당,64,1,codec:240:39,"Yeah, I got it.<0A>I got it real good.<0A><END>","그래, 제대로 당했어.<0A>아주 제대로.<0A><00>",64,not_generated,
codec,240,뒤,64,1,codec:240:24,and that has been elevated by a balloon.<0A><END>,"BALLOON으로 끌어올린 뒤,<0A><00>",64,not_generated,
codec,240,린,64,1,codec:240:24,and that has been elevated by a balloon.<0A><END>,"BALLOON으로 끌어올린 뒤,<0A><00>",64,not_generated,
codec,240,맡,64,2,codec:240:74|codec:240:16,Non. On s'occupe de ta r<G6A>cup<G6A>ration.<0A><END> || None. Leave your recovery to us.<0A><END>,아니. 회수는 우리가 맡는다.<0A><00> || 아니요. 우리의 회복에 맡기세요.<0A><00>,64,not_generated,
codec,240,복,64,1,codec:240:16,None. Leave your recovery to us.<0A><END>,아니요. 우리의 회복에 맡기세요.<0A><00>,64,not_generated,
codec,240,약,64,1,codec:240:27,"Yes, good ol' JACK...It stands for Joint<0A>Advisory Commission, Korea. Isn't that<0A>something?<0A><END>","그래, JACK은 Joint Advisory Commission, Korea의 약자야.<0A><00>",64,not_generated,
codec,240,주,64,2,codec:240:100|codec:240:39,"OK, tr<G69>s bien.<0A><END>FO || Yeah, I got it.<0A>I got it real good.<0A><END>","네, 아주 좋아요.<0A><00> || 그래, 제대로 당했어.<0A>아주 제대로.<0A><00>",64,not_generated,
codec,240,했,64,1,codec:240:39,"Yeah, I got it.<0A>I got it real good.<0A><END>","그래, 제대로 당했어.<0A>아주 제대로.<0A><00>",64,not_generated,
codec,240,회,64,2,codec:240:74|codec:240:16,Non. On s'occupe de ta r<G6A>cup<G6A>ration.<0A><END> || None. Leave your recovery to us.<0A><END>,아니. 회수는 우리가 맡는다.<0A><00> || 아니요. 우리의 회복에 맡기세요.<0A><00>,64,not_generated,
codec,241,좀,64,1,codec:241:37,"...Yeah, kinda...<0A><END>","...그래, 좀...<0A><00>",64,not_generated,
codec,241,죠,64,2,codec:241:31|codec:241:44,"It's The Boss, isn't it?<0A><END> || Wow, is that right?<0A><END>","The Boss죠?<0A><00> || 와, 그렇죠?<0A><00>",64,not_generated,
codec,243,각,64,6,codec:243:954|codec:243:798|codec:243:1939|codec:243:664|codec:243:1002|codec:243:786,"Guess it all depends on whether you have<0A>the will to make it happen.<0A><END> || He's your enemy. What the hell were you<0A>think...<0A><END> || No lo s<G6A>. Yo nunca pens<G6A> que <G6E>bamos a llegar<0A>al espacio.<0A><END> || Use it wisely and you should be able to<0A>fool the enemy into thinking you're<0A>really dead.<0A><END> || Yes, she was always one step ahead of<0A>the rest of us, both in thought and action.<0A><END> || You really think it's bad reception?<0A><END>","모든 것은 당신이 그것을 실현할 의지가 있는지 여부에 달려 있다고 생각합니다.<0A><00> || 그는 당신의 적입니다. 도대체 무슨 생각을 한 거야...<0A><00> || 모르겠어요. 나는 우리가 우주에 도달할 것이라고는 전혀 생각하지 못했습니다.<0A><00> || 현명하게 사용하면 적을 속여 자신이 정말로 죽었다고 생각하게 만들 수 있습니다.<0A><00> || 예, 그녀는 생각과 행동 모두에서 항상 우리보다 한발 앞서 있었습니다.<0A><00> || 정말 수신 상태가 좋지 않다고 생각하시나요?<0A><00>",64,not_generated,
codec,243,갈,64,6,codec:243:953|codec:243:952|codec:243:915|codec:243:697|codec:243:770|codec:243:801,"I don't know. I never even thought we'd<0A>make it up into space.<0A><END> || I don't want to call President Kennedy a<0A>liar, but I simply can't imagine that in six<0A>years, man will have reached the moon.<0A><END> || If you're attacked by hornets, you should<0A>change into white clothes.<0A><END> || Major, I've got enough info about the pills,<0A>so I'm going to get back to the mission now.<0A><END> || When you go in to meet Sokolov, make sure<0A>you remove your disguise. Got it?<0A><END> || Whenever he put a new clip in his gun he'd<0A>always load the first round by hand, whether<0A>there was a round left in the chamber or not.<0A><END>","몰라. 우주에 갈 수 있을 줄도 몰랐어.<0A><00> || Kennedy를 거짓말쟁이라 하긴 싫지만, 6년 안에 인류가 Moon에 갈 것 같진 않아.<0A><00> || 말벌의 공격을 받으면 흰 옷으로 갈아입어야 합니다.<0A><00> || Major, 약 얘긴 충분해. MISSION으로 돌아갈게.<0A><00> || Sokolov를 만나러 들어갈 때는 반드시 변장을 벗어야 합니다. 알았어요?<0A><00> || CHAMBER에 탄이 있어도 CLIP을 갈 때 첫 탄을 손으로 넣었어.<0A><00>",64,not_generated,
codec,243,감,64,3,codec:243:907|codec:243:773|codec:243:1003,"If used wisely, this can sow panic among<0A>the enemy, but if you're not careful, the<0A>hornets may end up attacking you.<0A><END> || It competes with the KGB, which is under<0A>the Ministry of Internal Affairs, and the<0A>two are always watching each other.<0A><END> || It's true what they say:<0A>""Who Dares, Wins.""<0A><END>","현명하게 사용하면 적군에게 공포감을 심어줄 수 있지만, 조심하지 않으면 말벌이 당신을 공격할 수도 있다.<0A><00> || 그것은 내무부 산하인 KGB와 경쟁하며, 두 조직은 항상 서로를 감시합니다.<0A><00> || ""누가 감히 승리할 것인가""라는 말이 사실입니다.<0A><00>",64,not_generated,
codec,243,강,64,2,codec:243:921|codec:243:846,"In any case, Granin seems to harbor<0A>an unusually intense hatred for Sokolov.<0A><END> || You don't have to act tough.<0A><END>","어쨌든, Granin은 Sokolov에 대해 유난히 강한 증오를 품고 있는 것 같다.<0A><00> || 강한 척하지 마.<0A><00>",64,not_generated,
codec,243,갖,64,1,codec:243:722,"With the technology they had, it was difficult<0A>for the Soviets to develop large engines with<0A>massive thrust.<0A><END>",소련이 보유한 기술로는 막대한 추력을 갖춘 대형 엔진을 개발하기가 어려웠습니다.<0A><00>,64,not_generated,
codec,243,걱,64,1,codec:243:789,"Snake, you've got more important things<0A>to worry about than contacting The Boss.<0A><END>","Snake, 보스에게 연락하는 것보다 더 중요한 걱정거리가 있군요.<0A><00>",64,not_generated,
codec,243,걷,64,1,codec:243:1010,Try to avoid walking through any water<0A>or mud as much as possible.<0A><END>,가능한 한 물이나 진흙 위를 걷는 것을 피해.<0A><00>,64,not_generated,
codec,243,걸,64,3,codec:243:1009|codec:243:978|codec:243:838,"If you walk like that, you'll leave footprints<0A>behind, and the enemy may follow them<0A>straight to you.<0A><END> || So what you're saying is, there's also a good<0A>chance that whoever doesn't want to see that<0A>happen is going to try and interfere?<0A><END> || What's wrong? You were expecting<0A>something different?<0A><END>",그렇게 걸으면 발자국이 남아 적이 추적할 수 있어.<0A><00> || 그걸 막으려는 자가 방해할 가능성도 크다는 거지?<0A><00> || 왜? 다른 걸 기대했어?<0A><00>,64,not_generated,
codec,243,검,64,2,codec:243:913|codec:243:914,Hornets are prone to becoming agitated<0A>and aggressive when they see the color<0A>black.<0A><END> || Their attacks will be more vicious if you're<0A>wearing black clothes.<0A><END>,호넷은 검은색을 보면 흥분하고 공격적이 되는 경향이 있다.<0A><00> || 검은 옷을 입으면 공격이 더욱 사악해집니다.<0A><00>,64,not_generated,
codec,243,겁,64,4,codec:243:804|codec:243:973|codec:243:777|codec:243:728,"He must have heard about it from someone,<0A>or read it somewhere... in any case, he<0A>probably wanted to try it out for himself.<0A><END> || So he can't trust any other units?<0A><END> || So Khrushchev is using the KGB, and<0A>Volgin and the anti-Khrushchev forces<0A>are using the GRU?<0A><END> || So this secret weapon is some kind of<0A>ballistic device?<0A><END>","누군가에게서 들었거나, 어디선가 읽어본 적이 있을 텐데... 어쨌든 직접 해보고 싶었을 겁니다.<0A><00> || 그럼 그는 다른 유닛을 믿을 수 없다는 겁니까?<0A><00> || 그렇다면 흐루시초프는 KGB를 사용하고 있고, Volgin과 반흐루시초프 세력은 GRU를 사용하고 있다는 겁니까?<0A><00> || 그렇다면 이 비밀병기는 일종의 탄도장치라는 겁니까?<0A><00>",64,not_generated,
codec,243,겉,64,1,codec:243:680,It'll truly look like you've dropped dead upon<0A>initial inspection.<0A><END>,겉보기에는 정말 죽은 것처럼 보여.<0A><00>,64,not_generated,
codec,243,겐,64,1,codec:243:710,We've got nothing.<0A><END>,우리에겐 아무것도 없어요.<0A><00>,64,not_generated,
codec,243,겨,64,4,codec:243:726|codec:243:751|codec:243:812|codec:243:740,"And that's what earned him the job as head<0A>of the Design Bureau?<0A><END> || Anyway, I decided to put this mask we had<0A>in storage to good use by hiding your<0A>identity from the gunship crew.<0A><END> || Automatic weapons use recoil to operate,<0A>so if you don't let the recoil hit you, it<0A>interferes with the operating cycle of the gun.<0A><END> || We had it all set to go, but certain<0A>circumstances forced us to abort the<0A>mission.<0A><END>","그것이 그에게 디자인 국장직을 안겨준 이유인가?<0A><00> || 어쨌든, 나는 우리가 보관하고 있던 이 마스크를 건쉽 승무원들에게 당신의 신원을 숨겨 잘 활용하기로 결정했습니다.<0A><00> || 자동화기는 반동으로 작동해. 반동을 피하면 작동에 문제가 생겨.<0A><00> || 준비는 끝났지만 사정이 생겨 MISSION을 중단했어.<0A><00>",64,not_generated,
codec,243,격,64,10,codec:243:830|codec:243:679|codec:243:1829|codec:243:913|codec:243:907|codec:243:911|codec:243:915|codec:243:903|codec:243:914|codec:243:843,"But if they spot an intruder - that means<0A>you - they'll attack in an attempt to neutralize<0A>you. This is called Alert Phase.<0A><END> || causing your heart rate, your breathing<0A>rate, and your body temperature to drop<0A>dramatically.<0A><END> || Esta t<G6A>cnica te ser<G62> muy <G7B>til durante un<0A>tiroteo. Recu<G6A>rdalo.<0A><END> || Hornets are prone to becoming agitated<0A>and aggressive when they see the color<0A>black.<0A><END> || If used wisely, this can sow panic among<0A>the enemy, but if you're not careful, the<0A>hornets may end up attacking you.<0A><END> || If you're attacked by hornets, I'd advise<0A>you to try using a smoke grenade.<0A><END> || If you're attacked by hornets, you should<0A>change into white clothes.<0A><END> || The harder you are to distinguish from<0A>your surroundings, the harder you are<0A>to hit.<0A><END> || Their attacks will be more vicious if you're<0A>wearing black clothes.<0A><END> || This technique should come in handy during<0A>a firefight. Use it well.<0A><END>","그들이 침입자를 발견하면, 즉 당신을 의미합니다. 그들은 당신을 무력화하기 위해 공격할 거다. 이를 경고 단계라고 합니다.<0A><00> || 심박수, 호흡수, 체온이 급격하게 떨어집니다.<0A><00> || 이 기술은 총격전에서 유용해. 기억해.<0A><00> || 호넷은 검은색을 보면 흥분하고 공격적이 되는 경향이 있다.<0A><00> || 현명하게 사용하면 적군에게 공포감을 심어줄 수 있지만, 조심하지 않으면 말벌이 당신을 공격할 수도 있다.<0A><00> || 말벌에게 공격받으면 SMOKE GRENADE를 써.<0A><00> || 말벌의 공격을 받으면 흰 옷으로 갈아입어야 합니다.<0A><00> || 주변 환경과 구별하기 어려울수록 공격하기가 더 어려워집니다.<0A><00> || 검은 옷을 입으면 공격이 더욱 사악해집니다.<0A><00> || 총격전에서 유용한 기술이야. 잘 써.<0A><00>",64,not_generated,
codec,243,견,64,3,codec:243:830|codec:243:837|codec:243:902,"But if they spot an intruder - that means<0A>you - they'll attack in an attempt to neutralize<0A>you. This is called Alert Phase.<0A><END> || In addition to the regular patrols, there's<0A>also a chance that they'll send out additional<0A>search units. Keep on your toes.<0A><END> || Snake, making it harder for the enemy to<0A>spot you isn't the only advantage to<0A>maintaining a high Camo Index.<0A><END>","그들이 침입자를 발견하면, 즉 당신을 의미합니다. 그들은 당신을 무력화하기 위해 공격할 거다. 이를 경고 단계라고 합니다.<0A><00> || 정기 순찰 외에 추가 수색 유닛을 파견할 가능성도 있다. 계속해서 긴장해.<0A><00> || Snake, 적이 당신을 발견하기 어렵게 만드는 것이 높은 CAMO 지수를 유지하는 데 있어 유일한 이점은 아닙니다.<0A><00>",64,not_generated,
codec,243,결,64,7,codec:243:941|codec:243:751|codec:243:810|codec:243:2966|codec:243:723|codec:243:999|codec:243:658,"After that, with America still lagging behind<0A>the Soviets in orbital flight, President<0A>Kennedy made a momentous decision.<0A><END> || Anyway, I decided to put this mask we had<0A>in storage to good use by hiding your<0A>identity from the gunship crew.<0A><END> || It looked like he wasn't aware he was doing<0A>it, but that habit can be either a fatal flaw or<0A>a gift.<0A><END> || Oui. Ensemble, nous formions le 22<G69>me<0A>R<G6A>giment SAS.<0A><END> || So instead, they decided to focus on using<0A>multiple smaller engines to achieve the<0A>desired thrust.<0A><END> || The real heroes are never made public.<0A><END> || We'll be providing you with support over<0A>the radio, but out in the field, you're on<0A>your own. There's no backup.<0A><END>","그 뒤 우주 경쟁에서 밀리던 미국의 Kennedy가 중대한 결정을 내렸지.<0A><00> || 어쨌든, 나는 우리가 보관하고 있던 이 마스크를 건쉽 승무원들에게 당신의 신원을 숨겨 잘 활용하기로 결정했습니다.<0A><00> || 그는 자신이 그렇게 하고 있다는 것을 의식하지 못하는 것 같지만, 그 습관은 치명적인 결함일 수도 있고 재능일 수도 있다.<0A><00> || 예. 우리는 함께 SAS 22연대를 결성했습니다.<0A><00> || 그래서 대신 그들은 원하는 추력을 달성하기 위해 여러 개의 작은 엔진을 사용하는 데 집중하기로 결정했습니다.<0A><00> || 진짜 영웅은 결코 공개되지 않습니다.<0A><00> || 우리는 무선을 통해 지원을 제공할 예정이지만 현장에서는 스스로 해결해야 합니다. 백업이 없습니다.<0A><00>",64,not_generated,
codec,243,경,64,16,codec:243:941|codec:243:966|codec:243:750|codec:243:830|codec:243:963|codec:243:775|codec:243:919|codec:243:913|codec:243:773|codec:243:1916|codec:243:930|codec:243:826|codec:243:816|codec:243:903|codec:243:807|codec:243:920,"After that, with America still lagging behind<0A>the Soviets in orbital flight, President<0A>Kennedy made a momentous decision.<0A><END> || And now they're being sent out to stand<0A>watch over a field exercise?<0A><END> || But I spend three days a month just dealing<0A>with the complaints we get about him... ah<0A>well, never mind.<0A><END> || But if they spot an intruder - that means<0A>you - they'll attack in an attempt to neutralize<0A>you. This is called Alert Phase.<0A><END> || Exactly. It's the unit that protects the<0A>Kremlin and provides bodyguards for<0A>high-level VIPs.<0A><END> || Exactly. Now, added to that rivalry,<0A><END> || He's Sokolov's archrival, and the two have<0A>competed fiercely against each other since<0A>the days of the war.<0A><END> || Hornets are prone to becoming agitated<0A>and aggressive when they see the color<0A>black.<0A><END> || It competes with the KGB, which is under<0A>the Ministry of Internal Affairs, and the<0A>two are always watching each other.<0A><END> || Major, cu<G6A>ntame algo m<G62>s sobre la carrera<0A>espacial.<0A><END> || Major, tell me a little bit more about<0A>the space race.<0A><END> || Snake, let me explain the enemy's various<0A>states of alert.<0A><END> || That kid might just be handy with a<0A>high-caliber revolver.<0A><END> || The harder you are to distinguish from<0A>your surroundings, the harder you are<0A>to hit.<0A><END> || The only techniques you can rely on are<0A>the ones you've mastered through<0A>experience and practice.<0A><END> || To hear Sokolov tell it, though, the rivalry<0A>was really all in Granin's head.<0A><END>","그 뒤 우주 경쟁에서 밀리던 미국의 Kennedy가 중대한 결정을 내렸지.<0A><00> || 이제 야외 훈련 경비까지 맡는 건가?<0A><00> || 저는 한 달에 3일을 그 사람에 대해 받는 불만 사항을 처리하는 데 소비합니다... 아 뭐, 신경쓰지 마세요.<0A><00> || 그들이 침입자를 발견하면, 즉 당신을 의미합니다. 그들은 당신을 무력화하기 위해 공격할 거다. 이를 경고 단계라고 합니다.<0A><00> || 정확합니다. 크렘린궁을 보호하고 고위 VIP에게 경호원을 제공하는 부대다.<0A><00> || 바로 그거죠. 이제 그 경쟁에 추가되어<0A><00> || 그는 Sokolov의 최대 라이벌이며, 두 사람은 전쟁 초기부터 치열한 경쟁을 벌였습니다.<0A><00> || 호넷은 검은색을 보면 흥분하고 공격적이 되는 경향이 있다.<0A><00> || 그것은 내무부 산하인 KGB와 경쟁하며, 두 조직은 항상 서로를 감시합니다.<0A><00> || Major, 우주 경쟁을 더 말해줘.<0A><00> || Major, 우주 경쟁을 더 말해줘.<0A><00> || Snake, enemy의 경계 상태를 설명할게.<0A><00> || 그 아이는 구경이 큰 리볼버를 가지고 있으면 좋을 것 같아요.<0A><00> || 주변 환경과 구별하기 어려울수록 공격하기가 더 어려워집니다.<0A><00> || 믿을 건 경험과 훈련으로 익힌 기술뿐이야.<0A><00> || Sokolov의 말을 들어보니 경쟁은 Granin의 머릿속에만 있었습니다.<0A><00>",64,not_generated,
codec,243,곤,64,1,codec:243:674,"You know how there are animals in nature<0A>that play dead, like weevils, ladybugs,<0A>chickadees, opossums and the like.<0A><END>",자연에는 죽은 척하는 곤충이나 동물이 있어.<0A><00>,64,not_generated,
codec,243,곧,64,1,codec:243:730,You'll find out soon. As soon as I get<0A>Sokolov out of here.<0A><END>,곧 알게 될 거다. Sokolov를 여기서 꺼내자마자.<0A><00>,64,not_generated,
codec,243,공,64,24,codec:243:2967|codec:243:924|codec:243:989|codec:243:938|codec:243:830|codec:243:1981|codec:243:963|codec:243:913|codec:243:907|codec:243:911|codec:243:915|codec:243:931|codec:243:939|codec:243:1005|codec:243:715|codec:243:1001|codec:243:903|codec:243:999|codec:243:914|codec:243:658|codec:243:935|codec:243:995|codec:243:998|codec:243:769,"A la cr<G6A>ation des SAS, le Special Air Service<0A>britannique, The Boss a <G6A>t<G6A> invit<G6A> comme<0A>conseill<G69>re sp<G6A>cialis<G6A>e.<0A><END> || Apparently, Granin meant to use the funds<0A>provided by these opposition forces in<0A>order to defeat his old foe.<0A><END> || Apparently, he likes to boast that he<0A>""disposed of"" over 100,000<0A>anti-communists.<0A><END> || But as you know, it was a Soviet cosmonaut,<0A>Yuri Gagarin, who made the first successful<0A>manned space flight three years ago.<0A><END> || But if they spot an intruder - that means<0A>you - they'll attack in an attempt to neutralize<0A>you. This is called Alert Phase.<0A><END> || Cuando fundaron la SAS, el Servicio Especial<0A>A<G6A>reo Brit<G62>nico, invitaron a The Boss como<0A>tutor especial.<0A><END> || Exactly. It's the unit that protects the<0A>Kremlin and provides bodyguards for<0A>high-level VIPs.<0A><END> || Hornets are prone to becoming agitated<0A>and aggressive when they see the color<0A>black.<0A><END> || If used wisely, this can sow panic among<0A>the enemy, but if you're not careful, the<0A>hornets may end up attacking you.<0A><END> || If you're attacked by hornets, I'd advise<0A>you to try using a smoke grenade.<0A><END> || If you're attacked by hornets, you should<0A>change into white clothes.<0A><END> || In 1957, the Soviet Union succeeded<0A>in launching their first artificial satellite,<0A>Sputnik, into orbit.<0A><END> || NASA's first successful ballistic flight came<0A>one month after Gagarin's mission,<0A><END> || Precisely. The motto itself is a tribute to<0A>her service.<0A><END> || She shared what she learned with us.<0A><END> || The dummy run on Heliopolis and the<0A>nighttime raids on German air bases in<0A>North Africa were her idea as well.<0A><END> || The harder you are to distinguish from<0A>your surroundings, the harder you are<0A>to hit.<0A><END> || The real heroes are never made public.<0A><END> || Their attacks will be more vicious if you're<0A>wearing black clothes.<0A><END> || We'll be providing you with support over<0A>the radio, but out in the field, you're on<0A>your own. There's no backup.<0A><END> || were united to form the National<0A>Aeronautics and Space Administration,<0A>or NASA.<0A><END> || When the SAS, the British Special Air<0A>Service, was first established, they invited<0A>The Boss on board as a special advisor.<0A><END> || You won't find her name in the history<0A>books, but her contributions were many<0A>and great.<0A><END> || You'll need Sokolov's full cooperation to<0A>complete this mission successfully. Don't do<0A>anything to make him lose confidence in you.<0A><END>","SAS가 창설되었을 때 영국 특수 항공 서비스 The Boss가 전문 고문으로 초청되었습니다.<0A><00> || 분명히 Granin은 그의 옛 적을 물리치기 위해 이러한 반대 세력이 제공한 자금을 사용하려고 했다.<0A><00> || 분명히 그는 100,000명이 넘는 반공주의자들을 ""처분""했다고 자랑하기를 좋아합니다.<0A><00> || 3년 전 최초 유인 우주비행에 성공한 건 소련의 Yuri Gagarin이야.<0A><00> || 그들이 침입자를 발견하면, 즉 당신을 의미합니다. 그들은 당신을 무력화하기 위해 공격할 거다. 이를 경고 단계라고 합니다.<0A><00> || 영국 특수 항공 서비스(SAS)를 설립할 때 The Boss를 특별 교사로 초대했습니다.<0A><00> || 정확합니다. 크렘린궁을 보호하고 고위 VIP에게 경호원을 제공하는 부대다.<0A><00> || 호넷은 검은색을 보면 흥분하고 공격적이 되는 경향이 있다.<0A><00> || 현명하게 사용하면 적군에게 공포감을 심어줄 수 있지만, 조심하지 않으면 말벌이 당신을 공격할 수도 있다.<0A><00> || 말벌에게 공격받으면 SMOKE GRENADE를 써.<0A><00> || 말벌의 공격을 받으면 흰 옷으로 갈아입어야 합니다.<0A><00> || 1957년, 소련은 첫 인공위성 스푸트니크를 궤도에 성공적으로 발사했다.<0A><00> || NASA의 첫 번째 성공적인 탄도 비행은 가가린의 MISSION가 있은 지 한 달 후에 이루어졌습니다.<0A><00> || 맞아. 그 구호도 그녀의 공적을 기린 거야.<0A><00> || 그녀는 자신이 배운 내용을 우리에게 공유했습니다.<0A><00> || 헬리오폴리스에서의 모의 비행과 북아프리카의 독일 공군 기지에 대한 야간 공습 역시 그녀의 아이디어였습니다.<0A><00> || 주변 환경과 구별하기 어려울수록 공격하기가 더 어려워집니다.<0A><00> || 진짜 영웅은 결코 공개되지 않습니다.<0A><00> || 검은 옷을 입으면 공격이 더욱 사악해집니다.<0A><00> || 우리는 무선을 통해 지원을 제공할 예정이지만 현장에서는 스스로 해결해야 합니다. 백업이 없습니다.<0A><00> || 는 통합되어 미국 항공 우주국(NASA)을 구성했습니다.<0A><00> || 영국 특수항공서비스(SAS)가 처음 창설되었을 때 The Boss를 특별고문으로 초빙했습니다.<0A><00> || 역사책에서 그녀의 이름을 찾을 수는 없지만 그녀의 공헌은 많고 훌륭했습니다.<0A><00> || MISSION 성공엔 Sokolov의 협력이 필요해. 그의 신뢰를 잃지 마.<0A><00>",64,not_generated,
codec,243,과,64,23,codec:243:677|codec:243:912|codec:243:659|codec:243:667|codec:243:945|codec:243:964|codec:243:948|codec:243:988|codec:243:965|codec:243:815|codec:243:2920|codec:243:993|codec:243:718|codec:243:661|codec:243:777|codec:243:1001|codec:243:903|codec:243:807|codec:243:693|codec:243:792|codec:243:683|codec:243:1002|codec:243:663,"adenosine and serotonin as well as opioid<0A>peptides such as methionin enkephalin.<0A><END> || And if you use the insecticidal bug juice,<0A>the hornets should stay away as long as<0A>the effect lasts.<0A><END> || And there's no way you'll survive a battle<0A>with a large enemy contingent.<0A><END> || But remember - timing is critical.<0A>The effect will be ruined if you revive<0A>right in front of your enemy.<0A><END> || But rocket research and missile research<0A>are closely related.<0A><END> || But they're assigned to protect ""Party and<0A>government"" figures.<0A><END> || Even if that's still a long way from reality...<0A><END> || He's also notorious for his ""accomplish-<0A>ments"" in anti-guerilla operations in the<0A>Ukraine and the Baltic states.<0A><END> || I thought that only meant high-ranking<0A>officials and their families.<0A><END> || Just the opposite - avoiding the recoil lets<0A>you reduce the strain on your hand and arm.<0A><END> || M<G6B>me si on est encore loin de la r<G6A>alit<G6A>...<0A><END> || Major, didn't you say that The Boss was<0A>in the SAS with you?<0A><END> || Major, tell me about Sokolov's past work.<0A><END> || Snake, the fake death and revival pills we<0A>gave you<0A><END> || So Khrushchev is using the KGB, and<0A>Volgin and the anti-Khrushchev forces<0A>are using the GRU?<0A><END> || The dummy run on Heliopolis and the<0A>nighttime raids on German air bases in<0A>North Africa were her idea as well.<0A><END> || The harder you are to distinguish from<0A>your surroundings, the harder you are<0A>to hit.<0A><END> || The only techniques you can rely on are<0A>the ones you've mastered through<0A>experience and practice.<0A><END> || There are three types of receptors: delta,<0A>kappa, and mu. Methionin enkephalin acts<0A>on the...<0A><END> || We're still looking into why we lost contact<0A>with The Boss. I'll let you know as soon as<0A>we find anything out.<0A><END> || which block the effects of the fake death<0A>pill.<0A><END> || Yes, she was always one step ahead of<0A>the rest of us, both in thought and action.<0A><END> || You can use the fake death pill to send<0A>yourself into a death-like state for a limited<0A>period of time.<0A><END>","adenosine, serotonin과 opioid peptide도 분비돼.<0A><00> || 그리고 살충 벌레즙을 사용하면 효과가 지속되는 한 말벌이 멀리 떨어져 있어야 합니다.<0A><00> || 그리고 대규모 적군과의 전투에서 살아남을 방법은 없다.<0A><00> || 하지만 기억해. 타이밍이 중요합니다. 적의 바로 앞에서 부활하면 효과가 망가집니다.<0A><00> || ROCKET과 MISSILE 연구는 밀접해.<0A><00> || 하지만 그들은 ""당과 정부"" 인물을 보호하기 위해 배정되었습니다.<0A><00> || 아직 현실과는 멀지만...<0A><00> || Ukraine과 Baltic의 대게릴라 작전에서도 악명 높아.<0A><00> || 고위 관료들과 그 가족들만 말하는 줄 알았습니다.<0A><00> || 그 반대입니다. 반동을 피하면 손과 팔의 부담을 줄일 수 있습니다.<0A><00> || 아직 현실과는 멀지만...<0A><00> || 소령님, The Boss 가 당신과 SAS에 있었다고 말하지 않았나요?<0A><00> || 소령, Sokolov의 과거 작업에 대해 말해.<0A><00> || Snake, 가사약과 소생약은<0A><00> || 그렇다면 흐루시초프는 KGB를 사용하고 있고, Volgin과 반흐루시초프 세력은 GRU를 사용하고 있다는 겁니까?<0A><00> || 헬리오폴리스에서의 모의 비행과 북아프리카의 독일 공군 기지에 대한 야간 공습 역시 그녀의 아이디어였습니다.<0A><00> || 주변 환경과 구별하기 어려울수록 공격하기가 더 어려워집니다.<0A><00> || 믿을 건 경험과 훈련으로 익힌 기술뿐이야.<0A><00> || 수용체에는 델타, 카파, 뮤의 세 가지 유형이 있습니다. 메티오닌 엔케팔린은 다음과 같은 작용을 합니다.<0A><00> || 더보스님과 연락이 끊긴 이유는 아직 조사중입니다. 뭔가 알아내는 대로 알려드리겠습니다.<0A><00> || 가사약의 효과를 막아.<0A><00> || 예, 그녀는 생각과 행동 모두에서 항상 우리보다 한발 앞서 있었습니다.<0A><00> || 가짜 죽음의 약을 사용하면 제한된 시간 동안 자신을 죽음과 같은 상태로 보낼 수 있다.<0A><00>",64,not_generated,
codec,243,관,64,5,codec:243:751|codec:243:772|codec:243:965|codec:243:810|codec:243:708,"Anyway, I decided to put this mask we had<0A>in storage to good use by hiding your<0A>identity from the gunship crew.<0A><END> || GRU is a military espionage outfit, the<0A>intelligence wing of the Soviet Defense<0A>Ministry's General Staff Office.<0A><END> || I thought that only meant high-ranking<0A>officials and their families.<0A><END> || It looked like he wasn't aware he was doing<0A>it, but that habit can be either a fatal flaw or<0A>a gift.<0A><END> || The intelligence communities of the West have<0A>tried time and again to find out what they're<0A>working on, but they've failed consistently.<0A><END>","어쨌든, 나는 우리가 보관하고 있던 이 마스크를 건쉽 승무원들에게 당신의 신원을 숨겨 잘 활용하기로 결정했습니다.<0A><00> || GRU는 소련 국방부 참모실 산하 정보부 소속의 군사 첩보 기관입니다.<0A><00> || 고위 관료들과 그 가족들만 말하는 줄 알았습니다.<0A><00> || 그는 자신이 그렇게 하고 있다는 것을 의식하지 못하는 것 같지만, 그 습관은 치명적인 결함일 수도 있고 재능일 수도 있다.<0A><00> || 서구의 정보 기관은 자신들이 무엇을 하고 있는지 알아내기 위해 몇 번이고 노력했지만 계속해서 실패했습니다.<0A><00>",64,not_generated,
codec,243,괜,64,2,codec:243:2816|codec:243:844,"Snake, <G68>a va ? Tu as l'air tr<G69>s fatigu<G6A>.<0A><END> || Snake, are you all right? You seem<0A>awfully tired.<0A><END>","Snake, 괜찮아? 많이 지쳐 보여.<0A><00> || Snake, 괜찮아? 많이 지쳐 보여.<0A><00>",64,not_generated,
codec,243,교,64,3,codec:243:739|codec:243:1981|codec:243:757,"An agent was supposed to disguise himself<0A>as a Soviet officer and sneak into an enemy<0A>installation.<0A><END> || Cuando fundaron la SAS, el Servicio Especial<0A>A<G6A>reo Brit<G62>nico, invitaron a The Boss como<0A>tutor especial.<0A><END> || The man the mask is based on is a GRU<0A>officer.<0A><END>",요원이 소련 장교로 변장해 적 시설에 잠입할 예정이었어.<0A><00> || 영국 특수 항공 서비스(SAS)를 설립할 때 The Boss를 특별 교사로 초대했습니다.<0A><00> || 마스크의 기반이 된 남자는 GRU 장교입니다.<0A><00>,64,not_generated,
codec,243,구,64,12,codec:243:706|codec:243:945|codec:243:702|codec:243:2759|codec:243:1005|codec:243:861|codec:243:816|codec:243:903|codec:243:708|codec:243:935|codec:243:1012|codec:243:982,"and we don't even know their exact locations,<0A>much less the nature of their research.<0A><END> || But rocket research and missile research<0A>are closely related.<0A><END> || Mmm. The Soviets have a number of secret<0A>Design Bureaus like this one, each engaged<0A>in cutting-edge research.<0A><END> || Nous <G6A>tudions toutes les possibilit<G6A>s.<0A><END> || Precisely. The motto itself is a tribute to<0A>her service.<0A><END> || Snake, there are other ways to recover<0A>your stamina besides eating.<0A><END> || That kid might just be handy with a<0A>high-caliber revolver.<0A><END> || The harder you are to distinguish from<0A>your surroundings, the harder you are<0A>to hit.<0A><END> || The intelligence communities of the West have<0A>tried time and again to find out what they're<0A>working on, but they've failed consistently.<0A><END> || were united to form the National<0A>Aeronautics and Space Administration,<0A>or NASA.<0A><END> || When you don't want anybody following<0A>your trail, make sure to crawl.<0A><END> || Who is he?<0A><END>","정확한 위치도 연구 내용도 몰라.<0A><00> || ROCKET과 MISSILE 연구는 밀접해.<0A><00> || 소련엔 첨단 연구를 하는 비밀 설계국이 여럿 있어.<0A><00> || 우리는 모든 가능성을 연구하고 있다.<0A><00> || 맞아. 그 구호도 그녀의 공적을 기린 거야.<0A><00> || Snake, 먹는 것 말고도 체력을 회복할 수 있는 방법이 있구나.<0A><00> || 그 아이는 구경이 큰 리볼버를 가지고 있으면 좋을 것 같아요.<0A><00> || 주변 환경과 구별하기 어려울수록 공격하기가 더 어려워집니다.<0A><00> || 서구의 정보 기관은 자신들이 무엇을 하고 있는지 알아내기 위해 몇 번이고 노력했지만 계속해서 실패했습니다.<0A><00> || 는 통합되어 미국 항공 우주국(NASA)을 구성했습니다.<0A><00> || 누구도 당신의 흔적을 따라가는 것을 원하지 않을 때 반드시 기어가십시오.<0A><00> || 그는 누구지?<0A><00>",64,not_generated,
codec,243,국,64,19,codec:243:2967|codec:243:941|codec:243:726|codec:243:1981|codec:243:986|codec:243:772|codec:243:1011|codec:243:1009|codec:243:701|codec:243:916|codec:243:702|codec:243:959|codec:243:942|codec:243:918|codec:243:933|codec:243:935|codec:243:971|codec:243:958|codec:243:995,"A la cr<G6A>ation des SAS, le Special Air Service<0A>britannique, The Boss a <G6A>t<G6A> invit<G6A> comme<0A>conseill<G69>re sp<G6A>cialis<G6A>e.<0A><END> || After that, with America still lagging behind<0A>the Soviets in orbital flight, President<0A>Kennedy made a momentous decision.<0A><END> || And that's what earned him the job as head<0A>of the Design Bureau?<0A><END> || Cuando fundaron la SAS, el Servicio Especial<0A>A<G6A>reo Brit<G62>nico, invitaron a The Boss como<0A>tutor especial.<0A><END> || During the war, Volgin was assigned to<0A>the domestic branch of the NKVD.<0A><END> || GRU is a military espionage outfit, the<0A>intelligence wing of the Soviet Defense<0A>Ministry's General Staff Office.<0A><END> || However, if your feet do get wet, just crawl<0A>to avoid leaving any footprints behind.<0A><END> || If you walk like that, you'll leave footprints<0A>behind, and the enemy may follow them<0A>straight to you.<0A><END> || Major, what kind of place is this secret<0A>Design Bureau that Sokolov is heading?<0A><END> || Major, what's this Granin Design Bureau<0A>Sokolov was talking about?<0A><END> || Mmm. The Soviets have a number of secret<0A>Design Bureaus like this one, each engaged<0A>in cutting-edge research.<0A><END> || No, the Ninth Directorate.<0A><END> || That America would put a man on the<0A>moon before the end of the decade.<0A><END> || The director is a man by the name of<0A>Aleksandr Leonovitch Granin.<0A><END> || the U.S. government accelerated its own<0A>space program in an effort to catch up.<0A><END> || were united to form the National<0A>Aeronautics and Space Administration,<0A>or NASA.<0A><END> || What I do know is that the director of the<0A>Ninth Directorate is a well-known prot<G6A>g<G6A>e<0A>of Khrushchev.<0A><END> || What unit are they from?<0A>The Sixth Directorate?<0A><END> || When the SAS, the British Special Air<0A>Service, was first established, they invited<0A>The Boss on board as a special advisor.<0A><END>","SAS가 창설되었을 때 영국 특수 항공 서비스 The Boss가 전문 고문으로 초청되었습니다.<0A><00> || 그 뒤 우주 경쟁에서 밀리던 미국의 Kennedy가 중대한 결정을 내렸지.<0A><00> || 그것이 그에게 디자인 국장직을 안겨준 이유인가?<0A><00> || 영국 특수 항공 서비스(SAS)를 설립할 때 The Boss를 특별 교사로 초대했습니다.<0A><00> || 전쟁 중 Volgin은 NKVD 국내 지부에 배치됐어.<0A><00> || GRU는 소련 국방부 참모실 산하 정보부 소속의 군사 첩보 기관입니다.<0A><00> || 하지만 발이 젖으면 발자국이 남지 않도록 기어가세요.<0A><00> || 그렇게 걸으면 발자국이 남아 적이 추적할 수 있어.<0A><00> || 소령, Sokolov가 이끄는 이 비밀 설계국이 어떤 곳인가?<0A><00> || 소령, Sokolov가 말했던 Granin 설계국은 무엇인가?<0A><00> || 소련엔 첨단 연구를 하는 비밀 설계국이 여럿 있어.<0A><00> || 아니요, 제9국입니다.<0A><00> || 미국이 10년 안에 사람을 Moon에 보낸다는 것.<0A><00> || 국장은 Aleksandr Leonovitch Granin이야.<0A><00> || 미국 정부도 따라잡으려 우주 계획을 서둘렀지.<0A><00> || 는 통합되어 미국 항공 우주국(NASA)을 구성했습니다.<0A><00> || 9국 국장은 Khrushchev의<0A>총애를 받는 인물이다.<0A><00> || 어느 부대지? 제6국인가?<0A><00> || 영국 특수항공서비스(SAS)가 처음 창설되었을 때 The Boss를 특별고문으로 초빙했습니다.<0A><00>",64,not_generated,
codec,243,굽,64,1,codec:243:809,"When he fired, he was bending his elbow<0A>sharply to avoid the recoil.<0A><END>",쏠 때 팔꿈치를 크게 굽혀 반동을 피하고 있었어.<0A><00>,64,not_generated,
codec,243,궁,64,3,codec:243:963|codec:243:665|codec:243:975,Exactly. It's the unit that protects the<0A>Kremlin and provides bodyguards for<0A>high-level VIPs.<0A><END> || It may come in handy if you ever find<0A>yourself cornered.<0A><END> || This secret test is an act of desperation<0A>by a cornered man.<0A><END>,정확합니다. 크렘린궁을 보호하고 고위 VIP에게 경호원을 제공하는 부대다.<0A><00> || 궁지에 몰리면 도움이 될 거야.<0A><00> || 이 비밀 테스트는 궁지에 몰린 남자의 절박한 행위입니다.<0A><00>,64,not_generated,
codec,243,권,64,3,codec:243:949|codec:243:977|codec:243:776,"If we lose the initiative, we may never get<0A>it back. We're left with no choice but to<0A>keep moving forward, one step at a time.<0A><END> || should help reestablish Khrushchev's<0A>authority in Moscow.<0A><END> || there's a vicious power struggle going on<0A>between the Khrushchev faction and<0A>the anti-Khrushchev faction.<0A><END>",주도권을 잃으면 되찾기 힘들어. 계속 전진해야 해.<0A><00> || Moscow에서 Khrushchev의 권위를 회복시킬 거야.<0A><00> || 흐루쇼프파와 반흐루쇼프파 사이에 악랄한 권력투쟁이 벌어지고 있다.<0A><00>,64,not_generated,
codec,243,궤,64,1,codec:243:931,"In 1957, the Soviet Union succeeded<0A>in launching their first artificial satellite,<0A>Sputnik, into orbit.<0A><END>","1957년, 소련은 첫 인공위성 스푸트니크를 궤도에 성공적으로 발사했다.<0A><00>",64,not_generated,
codec,243,귀,64,1,codec:243:834,"Once Evasion Phase is over, the enemy<0A>should return to base.<0A><END>",Evasion Phase가 끝나면 enemy는 복귀해.<0A><00>,64,not_generated,
codec,243,규,64,1,codec:243:659,And there's no way you'll survive a battle<0A>with a large enemy contingent.<0A><END>,그리고 대규모 적군과의 전투에서 살아남을 방법은 없다.<0A><00>,64,not_generated,
codec,243,균,64,1,codec:243:724,"With this method, though, maintaining the<0A>fuel balance between the various engines<0A>was a major problem.<0A><END>",하지만 엔진 간<0A>연료 균형이 문제였다.<0A><00>,64,not_generated,
codec,243,극,64,1,codec:243:682,"When you take it, it causes your body to<0A>secrete stimulants, like noradrenaline and<0A>other chemicals such as naloxone,<0A><END>","복용하면 noradrenaline, naloxone 같은 자극 물질이 분비돼.<0A><00>",64,not_generated,
codec,243,글,64,3,codec:243:749|codec:243:790|codec:243:675,"Mmm. Well, he does good work.<0A><END> || Right now, Sokolov is out there wandering<0A>around the jungle alone. What are you going<0A>to do if he gets caught by the enemy?<0A><END> || Well, the fake death pill takes the natural<0A>art of playing dead and applies it to the<0A>spy world.<0A><END>","흠. 글쎄요, 그는 일을 잘해요.<0A><00> || Sokolov는 혼자 정글을 헤매고 있어. 적에게 잡히면 어쩔 거야?<0A><00> || 글쎄, 가짜 죽음의 약은 죽은 척하는 자연스러운 기술을 가져와 스파이 세계에 적용합니다.<0A><00>",64,not_generated,
codec,243,급,64,2,codec:243:679|codec:243:917,"causing your heart rate, your breathing<0A>rate, and your body temperature to drop<0A>dramatically.<0A><END> || OKB-812. It's the same type of top-secret<0A>facility as Sokolov's own OKB-754.<0A><END>","심박수, 호흡수, 체온이 급격하게 떨어집니다.<0A><00> || OKB-812. Sokolov의 OKB-754와 같은 종류의 일급비밀 시설이다.<0A><00>",64,not_generated,
codec,243,긴,64,6,codec:243:818|codec:243:932|codec:243:952|codec:243:837|codec:243:697|codec:243:792,"Are you listening to yourself?<0A><END> || Having been beaten to the chase by<0A>the Soviets,<0A><END> || I don't want to call President Kennedy a<0A>liar, but I simply can't imagine that in six<0A>years, man will have reached the moon.<0A><END> || In addition to the regular patrols, there's<0A>also a chance that they'll send out additional<0A>search units. Keep on your toes.<0A><END> || Major, I've got enough info about the pills,<0A>so I'm going to get back to the mission now.<0A><END> || We're still looking into why we lost contact<0A>with The Boss. I'll let you know as soon as<0A>we find anything out.<0A><END>","네 말이 들리긴 해?<0A><00> || 소련에 선수를 빼앗긴 뒤,<0A><00> || Kennedy를 거짓말쟁이라 하긴 싫지만, 6년 안에 인류가 Moon에 갈 것 같진 않아.<0A><00> || 정기 순찰 외에 추가 수색 유닛을 파견할 가능성도 있다. 계속해서 긴장해.<0A><00> || Major, 약 얘긴 충분해. MISSION으로 돌아갈게.<0A><00> || 더보스님과 연락이 끊긴 이유는 아직 조사중입니다. 뭔가 알아내는 대로 알려드리겠습니다.<0A><00>",64,not_generated,
codec,243,길,64,1,codec:243:872,I hope that never happens.<0A><END>,그런 일은 없길 바라.<0A><00>,64,not_generated,
codec,243,깊,64,1,codec:243:836,"In Caution Phase, enemy soldiers will be<0A>more cautious in their patrols, and they'll<0A>likely be more difficult to detect.<0A><END>","주의 단계에서는 적 병사들이 순찰에 있어 더 주의 깊어지며, 탐지하기가 더 어려워질 것이다.<0A><00>",64,not_generated,
codec,243,깐,64,1,codec:243:699,"Hey, wait a--!<0A><END>",잠깐...!<0A><00>,64,not_generated,
codec,243,깨,64,1,codec:243:684,"Basically, it wakes you up.<0A><END>",쉽게 말해 잠을 깨워.<0A><00>,64,not_generated,
codec,243,꺼,64,1,codec:243:730,You'll find out soon. As soon as I get<0A>Sokolov out of here.<0A><END>,곧 알게 될 거다. Sokolov를 여기서 꺼내자마자.<0A><00>,64,not_generated,
codec,243,꼈,64,1,codec:243:926,was intrigued by the possibility of using<0A>the high-tech weapons Granin created in<0A>the fight against Khrushchev.<0A><END>,은 흐루시초프와의 전투에서 Granin이 만든 첨단 무기를 사용할 가능성에 흥미를 느꼈습니다.<0A><00>,64,not_generated,
codec,243,꼭,64,1,codec:243:860,"Eating is a necessary part of your mission.<0A>When your stamina gets low, make sure<0A>you eat something. Got it?<0A><END>",먹는 것은 MISSION에 꼭 필요한 부분다. LIFE가 떨어지면 꼭 뭔가를 먹어보세요. 알았어요?<0A><00>,64,not_generated,
codec,243,꾸,64,1,codec:243:991,He is truly a fearsome man.<0A>There's no telling what he might be<0A>plotting. Be careful.<0A><END>,정말 무서운 사람이네요. 그가 무슨 음모를 꾸미고 있는지는 알 수 없다. 조심해.<0A><00>,64,not_generated,
codec,243,꿈,64,1,codec:243:809,"When he fired, he was bending his elbow<0A>sharply to avoid the recoil.<0A><END>",쏠 때 팔꿈치를 크게 굽혀 반동을 피하고 있었어.<0A><00>,64,not_generated,
codec,243,끄,64,1,codec:243:701,"Major, what kind of place is this secret<0A>Design Bureau that Sokolov is heading?<0A><END>","소령, Sokolov가 이끄는 이 비밀 설계국이 어떤 곳인가?<0A><00>",64,not_generated,
codec,243,끊,64,1,codec:243:792,We're still looking into why we lost contact<0A>with The Boss. I'll let you know as soon as<0A>we find anything out.<0A><END>,더보스님과 연락이 끊긴 이유는 아직 조사중입니다. 뭔가 알아내는 대로 알려드리겠습니다.<0A><00>,64,not_generated,
codec,243,끌,64,1,codec:243:716,That we were able to get the green light for<0A>this mission at all is thanks to her pull with<0A>the powers that be at the CIA.<0A><END>,우리가 이 MISSION에 대한 승인을 얻을 수 있었던 것은 그녀가 CIA에 있는 힘을 끌어낸 덕분입니다.<0A><00>,64,not_generated,
codec,243,끝,64,5,codec:243:835|codec:243:834|codec:243:901|codec:243:865|codec:243:740,"After the search is aborted, the enemy will<0A>enter Caution Phase.<0A><END> || Once Evasion Phase is over, the enemy<0A>should return to base.<0A><END> || Snake, you're not done treating your<0A>injuries. Go into the Survival Viewer and<0A>treat the rest of your injuries!<0A><END> || To take a rest, all you have to do is save<0A>and exit the game.<0A><END> || We had it all set to go, but certain<0A>circumstances forced us to abort the<0A>mission.<0A><END>","수색이 끝나면 Caution Phase가 돼.<0A><00> || Evasion Phase가 끝나면 enemy는 복귀해.<0A><00> || Snake, 부상 치료가 아직 끝나지 않았습니다. SURVIVAL로 가서 나머지 부상을 치료하세요!<0A><00> || SAVE하고 게임을 끝내면 쉰다.<0A><00> || 준비는 끝났지만 사정이 생겨 MISSION을 중단했어.<0A><00>",64,not_generated,
codec,243,낌,64,1,codec:243:733,Yeah. For some reason it feels kind of...<0A>nostalgic.<0A><END>,네. 왠지... 향수를 불러일으키는 느낌이 듭니다.<0A><00>,64,not_generated,
codec,243,남,64,7,codec:243:983|codec:243:659|codec:243:1011|codec:243:1009|codec:243:893|codec:243:757|codec:243:975,"A most dangerous man indeed.<0A><END> || And there's no way you'll survive a battle<0A>with a large enemy contingent.<0A><END> || However, if your feet do get wet, just crawl<0A>to avoid leaving any footprints behind.<0A><END> || If you walk like that, you'll leave footprints<0A>behind, and the enemy may follow them<0A>straight to you.<0A><END> || It's about this guy who gets hurt in a car<0A>accident and tries to heal his wounds by<0A>injecting himself with a crocodile serum,<0A><END> || The man the mask is based on is a GRU<0A>officer.<0A><END> || This secret test is an act of desperation<0A>by a cornered man.<0A><END>","정말 위험한 남자입니다.<0A><00> || 그리고 대규모 적군과의 전투에서 살아남을 방법은 없다.<0A><00> || 하지만 발이 젖으면 발자국이 남지 않도록 기어가세요.<0A><00> || 그렇게 걸으면 발자국이 남아 적이 추적할 수 있어.<0A><00> || 사고로 다친 남자가 악어 serum으로 치료하려는 영화야,<0A><00> || 마스크의 기반이 된 남자는 GRU 장교입니다.<0A><00> || 이 비밀 테스트는 궁지에 몰린 남자의 절박한 행위입니다.<0A><00>",64,not_generated,
codec,243,났,64,1,codec:243:740,"We had it all set to go, but certain<0A>circumstances forced us to abort the<0A>mission.<0A><END>",준비는 끝났지만 사정이 생겨 MISSION을 중단했어.<0A><00>,64,not_generated,
codec,243,낭,64,1,codec:243:458,Put unnecessary weapons back into<0A>your backpack.<0A><END>,불필요한 무기를 다시 배낭에 넣으세요.<0A><00>,64,not_generated,
codec,243,낸,64,4,codec:243:725|codec:243:942|codec:243:716|codec:243:711,Sokolov was the man who provided<0A>the solution.<0A><END> || That America would put a man on the<0A>moon before the end of the decade.<0A><END> || That we were able to get the green light for<0A>this mission at all is thanks to her pull with<0A>the powers that be at the CIA.<0A><END> || Then how did you get the information for<0A>this mission? It can't have been from<0A>Sokolov...<0A><END>,해답을 낸 사람이 Sokolov야.<0A><00> || 미국이 10년 안에 사람을 Moon에 보낸다는 것.<0A><00> || 우리가 이 MISSION에 대한 승인을 얻을 수 있었던 것은 그녀가 CIA에 있는 힘을 끌어낸 덕분입니다.<0A><00> || 그렇다면 이번 미션에 대한 정보는 어떻게 얻으셨나요? Sokolov가 보낸 건 아닐 텐데...<0A><00>,64,not_generated,
codec,243,낼,64,1,codec:243:663,You can use the fake death pill to send<0A>yourself into a death-like state for a limited<0A>period of time.<0A><END>,가짜 죽음의 약을 사용하면 제한된 시간 동안 자신을 죽음과 같은 상태로 보낼 수 있다.<0A><00>,64,not_generated,
codec,243,냅,64,1,codec:243:950,The Gemini program launched two years<0A>ago represents the initial step toward<0A>establishing a moon base.<0A><END>,2년 전에 시작된 Gemini 프로그램은 달 기지 건설을 향한 첫 단계를 나타냅니다.<0A><00>,64,not_generated,
codec,243,냈,64,2,codec:243:979|codec:243:940,Most likely. Khrushchev must have anticipated<0A>this and sent his most loyal unit - his trump<0A>card - to make sure all goes well.<0A><END> || with the Freedom 7 carrying Alan Shepard<0A>into space.<0A><END>,그럴 거야. Khrushchev가 충성스러운 최정예 부대를 보냈겠지.<0A><00> || Freedom 7로 Alan Shepard를 우주에 보냈지.<0A><00>,64,not_generated,
codec,243,냉,64,1,codec:243:985,He's gained a reputation as the most brutal<0A>and cold-blooded of the Soviet spymasters.<0A><END>,소련 정보 책임자 중 가장 잔혹하고 냉혈하다고 알려졌어.<0A><00>,64,not_generated,
codec,243,냐,64,1,codec:243:1749,Porque no le va a gustar.<0A><END>,왜냐하면 그가 좋아하지 않을 테니까요.<0A><00>,64,not_generated,
codec,243,냥,64,2,codec:243:858|codec:243:767,Did you hear me? Go hunting!<0A><END> || Just trust me. He won't.<0A><END>,들었지? 사냥해!<0A><00> || 그냥 나를 믿으세요. 나는하지 않을 거다.<0A><00>,64,not_generated,
codec,243,널,64,1,codec:243:832,"Even after they lose sight of you, the<0A>enemy will continue to search the area for<0A>a while. This is called Evasion Phase.<0A><END>",적은 널 놓쳐도 잠시 수색해. 이게 EVASION PHASE다.<0A><00>,64,not_generated,
codec,243,넘,64,2,codec:243:989|codec:243:780,"Apparently, he likes to boast that he<0A>""disposed of"" over 100,000<0A>anti-communists.<0A><END> || Get Sokolov out of there safely.<0A>He must not be turned over to the KGB<0A>or to the GRU.<0A><END>","분명히 그는 100,000명이 넘는 반공주의자들을 ""처분""했다고 자랑하기를 좋아합니다.<0A><00> || Sokolov를 무사히 데려와. KGB나 GRU에 넘기면 안 돼.<0A><00>",64,not_generated,
codec,243,넣,64,2,codec:243:458|codec:243:801,"Put unnecessary weapons back into<0A>your backpack.<0A><END> || Whenever he put a new clip in his gun he'd<0A>always load the first round by hand, whether<0A>there was a round left in the chamber or not.<0A><END>",불필요한 무기를 다시 배낭에 넣으세요.<0A><00> || CHAMBER에 탄이 있어도 CLIP을 갈 때 첫 탄을 손으로 넣었어.<0A><00>,64,not_generated,
codec,243,넷,64,1,codec:243:913,Hornets are prone to becoming agitated<0A>and aggressive when they see the color<0A>black.<0A><END>,호넷은 검은색을 보면 흥분하고 공격적이 되는 경향이 있다.<0A><00>,64,not_generated,
codec,243,년,64,6,codec:243:938|codec:243:952|codec:243:931|codec:243:942|codec:243:950|codec:243:990,"But as you know, it was a Soviet cosmonaut,<0A>Yuri Gagarin, who made the first successful<0A>manned space flight three years ago.<0A><END> || I don't want to call President Kennedy a<0A>liar, but I simply can't imagine that in six<0A>years, man will have reached the moon.<0A><END> || In 1957, the Soviet Union succeeded<0A>in launching their first artificial satellite,<0A>Sputnik, into orbit.<0A><END> || That America would put a man on the<0A>moon before the end of the decade.<0A><END> || The Gemini program launched two years<0A>ago represents the initial step toward<0A>establishing a moon base.<0A><END> || We also know that he was instrumental in<0A>putting down the 1953 insurrection in East<0A>Germany and the 1956 uprising in Hungary.<0A><END>","3년 전 최초 유인 우주비행에 성공한 건 소련의 Yuri Gagarin이야.<0A><00> || Kennedy를 거짓말쟁이라 하긴 싫지만, 6년 안에 인류가 Moon에 갈 것 같진 않아.<0A><00> || 1957년, 소련은 첫 인공위성 스푸트니크를 궤도에 성공적으로 발사했다.<0A><00> || 미국이 10년 안에 사람을 Moon에 보낸다는 것.<0A><00> || 2년 전에 시작된 Gemini 프로그램은 달 기지 건설을 향한 첫 단계를 나타냅니다.<0A><00> || 우리는 또한 그가 1953년 동독 봉기와 1956년 헝가리 봉기를 진압하는 데 중요한 역할을 했다는 사실도 알고 있다.<0A><00>",64,not_generated,
codec,243,노,64,2,codec:243:833|codec:243:708,"Evasion Phase will last until the enemy<0A>exhausts their search effort.<0A><END> || The intelligence communities of the West have<0A>tried time and again to find out what they're<0A>working on, but they've failed consistently.<0A><END>",회피 단계는 적이 수색 노력을 소진할 때까지 지속된다.<0A><00> || 서구의 정보 기관은 자신들이 무엇을 하고 있는지 알아내기 위해 몇 번이고 노력했지만 계속해서 실패했습니다.<0A><00>,64,not_generated,
codec,243,놈,64,1,codec:243:760,Beat the crap out of him.<0A><END>,그놈의 헛소리를 물리치세요.<0A><00>,64,not_generated,
codec,243,높,64,4,codec:243:91|codec:243:905|codec:243:988|codec:243:902,"...It's pretty thick grass.<0A>About waist-high.<0A><END> || Do everything you can to keep your Camo<0A>Index high at all times.<0A><END> || He's also notorious for his ""accomplish-<0A>ments"" in anti-guerilla operations in the<0A>Ukraine and the Baltic states.<0A><END> || Snake, making it harder for the enemy to<0A>spot you isn't the only advantage to<0A>maintaining a high Camo Index.<0A><END>","...허리 높이의 울창한 풀숲이야.<0A><00> || CAMO Index를 늘 높게 유지해.<0A><00> || Ukraine과 Baltic의 대게릴라 작전에서도 악명 높아.<0A><00> || Snake, 적이 당신을 발견하기 어렵게 만드는 것이 높은 CAMO 지수를 유지하는 데 있어 유일한 이점은 아닙니다.<0A><00>",64,not_generated,
codec,243,놓,64,3,codec:243:831|codec:243:832|codec:243:778,"Alert Phase will last until the enemy loses<0A>sight of you.<0A><END> || Even after they lose sight of you, the<0A>enemy will continue to search the area for<0A>a while. This is called Evasion Phase.<0A><END> || That's the idea. The two factions are fighting<0A>over Sokolov. We're in an extremely<0A>dangerous situation here.<0A><END>",enemy가 놓칠 때까지 Alert Phase다.<0A><00> || 적은 널 놓쳐도 잠시 수색해. 이게 EVASION PHASE다.<0A><00> || 그게 아이디어입니다. 두 세력이 Sokolov를 놓고 싸우고 있다. 우리는 지금 매우 위험한 상황에 처해 있다.<0A><00>,64,not_generated,
codec,243,누,64,4,codec:243:804|codec:243:1003|codec:243:1012|codec:243:982,"He must have heard about it from someone,<0A>or read it somewhere... in any case, he<0A>probably wanted to try it out for himself.<0A><END> || It's true what they say:<0A>""Who Dares, Wins.""<0A><END> || When you don't want anybody following<0A>your trail, make sure to crawl.<0A><END> || Who is he?<0A><END>","누군가에게서 들었거나, 어디선가 읽어본 적이 있을 텐데... 어쨌든 직접 해보고 싶었을 겁니다.<0A><00> || ""누가 감히 승리할 것인가""라는 말이 사실입니다.<0A><00> || 누구도 당신의 흔적을 따라가는 것을 원하지 않을 때 반드시 기어가십시오.<0A><00> || 그는 누구지?<0A><00>",64,not_generated,
codec,243,눈,64,1,codec:243:660,Avoid engagement whenever possible.<0A>Your highest priority in this mission is<0A>staying out of sight.<0A><END>,가능하면 참여를 피해. 이 MISSION에서 가장 중요한 것은 눈에 띄지 않는 거다.<0A><00>,64,not_generated,
codec,243,느,64,3,codec:243:926|codec:243:958|codec:243:733,was intrigued by the possibility of using<0A>the high-tech weapons Granin created in<0A>the fight against Khrushchev.<0A><END> || What unit are they from?<0A>The Sixth Directorate?<0A><END> || Yeah. For some reason it feels kind of...<0A>nostalgic.<0A><END>,은 흐루시초프와의 전투에서 Granin이 만든 첨단 무기를 사용할 가능성에 흥미를 느꼈습니다.<0A><00> || 어느 부대지? 제6국인가?<0A><00> || 네. 왠지... 향수를 불러일으키는 느낌이 듭니다.<0A><00>,64,not_generated,
codec,243,늘,64,3,codec:243:803|codec:243:905|codec:243:997,"By making sure there's always a round in<0A>the chamber, you eliminate the risk of pulling<0A>the trigger with nothing to fire.<0A><END> || Do everything you can to keep your Camo<0A>Index high at all times.<0A><END> || which laid the groundwork for today's SAS.<0A><END>",CHAMBER에 늘 탄이 있으면 빈 총을 쏠 일도 없어.<0A><00> || CAMO Index를 늘 높게 유지해.<0A><00> || 오늘날 SAS의 토대가 됐지.<0A><00>,64,not_generated,
codec,243,능,64,7,codec:243:660|codec:243:837|codec:243:810|codec:243:2759|codec:243:978|codec:243:1010|codec:243:926,"Avoid engagement whenever possible.<0A>Your highest priority in this mission is<0A>staying out of sight.<0A><END> || In addition to the regular patrols, there's<0A>also a chance that they'll send out additional<0A>search units. Keep on your toes.<0A><END> || It looked like he wasn't aware he was doing<0A>it, but that habit can be either a fatal flaw or<0A>a gift.<0A><END> || Nous <G6A>tudions toutes les possibilit<G6A>s.<0A><END> || So what you're saying is, there's also a good<0A>chance that whoever doesn't want to see that<0A>happen is going to try and interfere?<0A><END> || Try to avoid walking through any water<0A>or mud as much as possible.<0A><END> || was intrigued by the possibility of using<0A>the high-tech weapons Granin created in<0A>the fight against Khrushchev.<0A><END>","가능하면 참여를 피해. 이 MISSION에서 가장 중요한 것은 눈에 띄지 않는 거다.<0A><00> || 정기 순찰 외에 추가 수색 유닛을 파견할 가능성도 있다. 계속해서 긴장해.<0A><00> || 그는 자신이 그렇게 하고 있다는 것을 의식하지 못하는 것 같지만, 그 습관은 치명적인 결함일 수도 있고 재능일 수도 있다.<0A><00> || 우리는 모든 가능성을 연구하고 있다.<0A><00> || 그걸 막으려는 자가 방해할 가능성도 크다는 거지?<0A><00> || 가능한 한 물이나 진흙 위를 걷는 것을 피해.<0A><00> || 은 흐루시초프와의 전투에서 Granin이 만든 첨단 무기를 사용할 가능성에 흥미를 느꼈습니다.<0A><00>",64,not_generated,
codec,243,닌,64,2,codec:243:688|codec:243:693,"The secretion of methionin enkephalin<0A>triggered by the fake death pill causes<0A>the opioid receptors...<0A><END> || There are three types of receptors: delta,<0A>kappa, and mu. Methionin enkephalin acts<0A>on the...<0A><END>","가짜 사형제에 의해 촉발된 메티오닌 엔케팔린 분비는 오피오이드 수용체를...<0A><00> || 수용체에는 델타, 카파, 뮤의 세 가지 유형이 있습니다. 메티오닌 엔케팔린은 다음과 같은 작용을 합니다.<0A><00>",64,not_generated,
codec,243,닐,64,1,codec:243:711,Then how did you get the information for<0A>this mission? It can't have been from<0A>Sokolov...<0A><END>,그렇다면 이번 미션에 대한 정보는 어떻게 얻으셨나요? Sokolov가 보낸 건 아닐 텐데...<0A><00>,64,not_generated,
codec,243,님,64,6,codec:243:694|codec:243:993|codec:243:980|codec:243:782|codec:243:956|codec:243:792,"Ah, Para-Medic, I think Snake understands<0A>now. Isn't that right, Snake?<0A><END> || Major, didn't you say that The Boss was<0A>in the SAS with you?<0A><END> || Major, do you know anything about this<0A>GRU colonel Sokolov was talking about?<0A><END> || Major, have you been able to contact<0A>The Boss?<0A><END> || Major, you said the enemy was KGB,<0A>right?<0A><END> || We're still looking into why we lost contact<0A>with The Boss. I'll let you know as soon as<0A>we find anything out.<0A><END>","아, Para-Medic님, Snake가 이제 이해한 것 같아요. 그렇지 않나요, Snake?<0A><00> || 소령님, The Boss 가 당신과 SAS에 있었다고 말하지 않았나요?<0A><00> || 소령님, Sokolov가 말한 GRU 대령에 대해 아시나요?<0A><00> || 소령님, The Boss 에게 연락할 수 있었나요?<0A><00> || 소령님, 적이 KGB라고 하셨죠?<0A><00> || 더보스님과 연락이 끊긴 이유는 아직 조사중입니다. 뭔가 알아내는 대로 알려드리겠습니다.<0A><00>",64,not_generated,
codec,243,닙,64,1,codec:243:902,"Snake, making it harder for the enemy to<0A>spot you isn't the only advantage to<0A>maintaining a high Camo Index.<0A><END>","Snake, 적이 당신을 발견하기 어렵게 만드는 것이 높은 CAMO 지수를 유지하는 데 있어 유일한 이점은 아닙니다.<0A><00>",64,not_generated,
codec,243,닛,64,2,codec:243:837|codec:243:973,"In addition to the regular patrols, there's<0A>also a chance that they'll send out additional<0A>search units. Keep on your toes.<0A><END> || So he can't trust any other units?<0A><END>",정기 순찰 외에 추가 수색 유닛을 파견할 가능성도 있다. 계속해서 긴장해.<0A><00> || 그럼 그는 다른 유닛을 믿을 수 없다는 겁니까?<0A><00>,64,not_generated,
codec,243,단,64,10,codec:243:830|codec:243:833|codec:243:827|codec:243:836|codec:243:702|codec:243:848|codec:243:657|codec:243:950|codec:243:926|codec:243:740,"But if they spot an intruder - that means<0A>you - they'll attack in an attempt to neutralize<0A>you. This is called Alert Phase.<0A><END> || Evasion Phase will last until the enemy<0A>exhausts their search effort.<0A><END> || First of all, there's the state in which the<0A>enemy in that area doesn't know that you're<0A>there. This is called Normal Phase.<0A><END> || In Caution Phase, enemy soldiers will be<0A>more cautious in their patrols, and they'll<0A>likely be more difficult to detect.<0A><END> || Mmm. The Soviets have a number of secret<0A>Design Bureaus like this one, each engaged<0A>in cutting-edge research.<0A><END> || Really? You lose your grip strength after<0A>only a few seconds when hanging. I'll bet<0A>you can't even hold your gun straight.<0A><END> || Snake, remember that this operation is<0A>a solo sneaking mission.<0A><END> || The Gemini program launched two years<0A>ago represents the initial step toward<0A>establishing a moon base.<0A><END> || was intrigued by the possibility of using<0A>the high-tech weapons Granin created in<0A>the fight against Khrushchev.<0A><END> || We had it all set to go, but certain<0A>circumstances forced us to abort the<0A>mission.<0A><END>","그들이 침입자를 발견하면, 즉 당신을 의미합니다. 그들은 당신을 무력화하기 위해 공격할 거다. 이를 경고 단계라고 합니다.<0A><00> || 회피 단계는 적이 수색 노력을 소진할 때까지 지속된다.<0A><00> || 우선, 그 지역의 적이 당신이 거기에 있다는 것을 모르는 상태가 있다. 이것을 정상 단계라고 합니다.<0A><00> || 주의 단계에서는 적 병사들이 순찰에 있어 더 주의 깊어지며, 탐지하기가 더 어려워질 것이다.<0A><00> || 소련엔 첨단 연구를 하는 비밀 설계국이 여럿 있어.<0A><00> || 정말요? 매달린 후 단 몇 초만 지나면 그립력이 상실됩니다. 아마 당신은 총을 똑바로 쥐지도 못할 것 같아요.<0A><00> || Snake, 이번 MISSION은 단독 잠입이야.<0A><00> || 2년 전에 시작된 Gemini 프로그램은 달 기지 건설을 향한 첫 단계를 나타냅니다.<0A><00> || 은 흐루시초프와의 전투에서 Granin이 만든 첨단 무기를 사용할 가능성에 흥미를 느꼈습니다.<0A><00> || 준비는 끝났지만 사정이 생겨 MISSION을 중단했어.<0A><00>",64,not_generated,
codec,243,달,64,12,codec:243:750|codec:243:954|codec:243:867|codec:243:329|codec:243:939|codec:243:1939|codec:243:947|codec:243:848|codec:243:723|codec:243:950|codec:243:944|codec:243:943,"But I spend three days a month just dealing<0A>with the complaints we get about him... ah<0A>well, never mind.<0A><END> || Guess it all depends on whether you have<0A>the will to make it happen.<0A><END> || How much they recover depends on how<0A>long of a rest you take.<0A><END> || However, remember that rolling<0A>consumes more stamina than<0A>standard running.<0A><END> || NASA's first successful ballistic flight came<0A>one month after Gagarin's mission,<0A><END> || No lo s<G6A>. Yo nunca pens<G6A> que <G6E>bamos a llegar<0A>al espacio.<0A><END> || raining down on Washington from a base<0A>on the surface of the moon.<0A><END> || Really? You lose your grip strength after<0A>only a few seconds when hanging. I'll bet<0A>you can't even hold your gun straight.<0A><END> || So instead, they decided to focus on using<0A>multiple smaller engines to achieve the<0A>desired thrust.<0A><END> || The Gemini program launched two years<0A>ago represents the initial step toward<0A>establishing a moon base.<0A><END> || They said no one was gonna make them<0A>go on a mission to blow up some damn<0A>moon base.<0A><END> || Yeah, I heard that speech. But a lot of<0A>guys I knew weren't real happy about it...<0A><END>","저는 한 달에 3일을 그 사람에 대해 받는 불만 사항을 처리하는 데 소비합니다... 아 뭐, 신경쓰지 마세요.<0A><00> || 모든 것은 당신이 그것을 실현할 의지가 있는지 여부에 달려 있다고 생각합니다.<0A><00> || 쉬는 시간에 따라 회복량이 달라.<0A><00> || 그러나 롤링은 표준 달리기보다 LIFE을 더 많이 소비한다는 점을 기억해.<0A><00> || NASA의 첫 번째 성공적인 탄도 비행은 가가린의 MISSION가 있은 지 한 달 후에 이루어졌습니다.<0A><00> || 모르겠어요. 나는 우리가 우주에 도달할 것이라고는 전혀 생각하지 못했습니다.<0A><00> || 달 표면의 기지에서 Washington에 쏟아붓는 거지.<0A><00> || 정말요? 매달린 후 단 몇 초만 지나면 그립력이 상실됩니다. 아마 당신은 총을 똑바로 쥐지도 못할 것 같아요.<0A><00> || 그래서 대신 그들은 원하는 추력을 달성하기 위해 여러 개의 작은 엔진을 사용하는 데 집중하기로 결정했습니다.<0A><00> || 2년 전에 시작된 Gemini 프로그램은 달 기지 건설을 향한 첫 단계를 나타냅니다.<0A><00> || 그들은 아무도 MISSION로 가서 망할 달 기지를 폭파하게 만들지 않을 것이라고 말했습니다.<0A><00> || 그래, 그 연설은 들었어. 하지만<0A>내가 알던 많은 이들은 달가워하지 않았지...<0A><00>",64,not_generated,
codec,243,닮,64,1,codec:243:895,You look just like him with that mask on.<0A>That's awesome.<0A><END>,그 MASK를 쓰면 정말 닮아.<0A><00>,64,not_generated,
codec,243,담,64,1,codec:243:815,Just the opposite - avoiding the recoil lets<0A>you reduce the strain on your hand and arm.<0A><END>,그 반대입니다. 반동을 피하면 손과 팔의 부담을 줄일 수 있습니다.<0A><00>,64,not_generated,
codec,243,답,64,2,codec:243:656|codec:243:725,NO RESPONSE<0A><END> || Sokolov was the man who provided<0A>the solution.<0A><END>,응답 없음<0A><00> || 해답을 낸 사람이 Sokolov야.<0A><00>,64,not_generated,
codec,243,당,64,15,codec:243:751|codec:243:830|codec:243:964|codec:243:827|codec:243:954|codec:243:798|codec:243:907|codec:243:731|codec:243:793|codec:243:993|codec:243:848|codec:243:902|codec:243:516|codec:243:972|codec:243:1012,"Anyway, I decided to put this mask we had<0A>in storage to good use by hiding your<0A>identity from the gunship crew.<0A><END> || But if they spot an intruder - that means<0A>you - they'll attack in an attempt to neutralize<0A>you. This is called Alert Phase.<0A><END> || But they're assigned to protect ""Party and<0A>government"" figures.<0A><END> || First of all, there's the state in which the<0A>enemy in that area doesn't know that you're<0A>there. This is called Normal Phase.<0A><END> || Guess it all depends on whether you have<0A>the will to make it happen.<0A><END> || He's your enemy. What the hell were you<0A>think...<0A><END> || If used wisely, this can sow panic among<0A>the enemy, but if you're not careful, the<0A>hornets may end up attacking you.<0A><END> || I'm counting on you.<0A><END> || In the meantime, it's your job to find<0A>Sokolov and get him to safety. Got it?<0A><END> || Major, didn't you say that The Boss was<0A>in the SAS with you?<0A><END> || Really? You lose your grip strength after<0A>only a few seconds when hanging. I'll bet<0A>you can't even hold your gun straight.<0A><END> || Snake, making it harder for the enemy to<0A>spot you isn't the only advantage to<0A>maintaining a high Camo Index.<0A><END> || Tea, of course!<0A><END> || The premier may have wanted to assign<0A>this mission to someone he knew he could<0A>trust.<0A><END> || When you don't want anybody following<0A>your trail, make sure to crawl.<0A><END>","어쨌든, 나는 우리가 보관하고 있던 이 마스크를 건쉽 승무원들에게 당신의 신원을 숨겨 잘 활용하기로 결정했습니다.<0A><00> || 그들이 침입자를 발견하면, 즉 당신을 의미합니다. 그들은 당신을 무력화하기 위해 공격할 거다. 이를 경고 단계라고 합니다.<0A><00> || 하지만 그들은 ""당과 정부"" 인물을 보호하기 위해 배정되었습니다.<0A><00> || 우선, 그 지역의 적이 당신이 거기에 있다는 것을 모르는 상태가 있다. 이것을 정상 단계라고 합니다.<0A><00> || 모든 것은 당신이 그것을 실현할 의지가 있는지 여부에 달려 있다고 생각합니다.<0A><00> || 그는 당신의 적입니다. 도대체 무슨 생각을 한 거야...<0A><00> || 현명하게 사용하면 적군에게 공포감을 심어줄 수 있지만, 조심하지 않으면 말벌이 당신을 공격할 수도 있다.<0A><00> || 나는 당신을 믿고 있다.<0A><00> || 그동안 당신의 MISSION은 Sokolov를 찾아서 안전한 곳으로 데려가는 거다. 알겠습니까?<0A><00> || 소령님, The Boss 가 당신과 SAS에 있었다고 말하지 않았나요?<0A><00> || 정말요? 매달린 후 단 몇 초만 지나면 그립력이 상실됩니다. 아마 당신은 총을 똑바로 쥐지도 못할 것 같아요.<0A><00> || Snake, 적이 당신을 발견하기 어렵게 만드는 것이 높은 CAMO 지수를 유지하는 데 있어 유일한 이점은 아닙니다.<0A><00> || 당연히 TEA지!<0A><00> || 총리는 자신이 신뢰할 수 있는 사람에게 이 MISSION을 할당하고 싶었을 수도 있습니다.<0A><00> || 누구도 당신의 흔적을 따라가는 것을 원하지 않을 때 반드시 기어가십시오.<0A><00>",64,not_generated,
codec,243,덕,64,1,codec:243:716,That we were able to get the green light for<0A>this mission at all is thanks to her pull with<0A>the powers that be at the CIA.<0A><END>,우리가 이 MISSION에 대한 승인을 얻을 수 있었던 것은 그녀가 CIA에 있는 힘을 끌어낸 덕분입니다.<0A><00>,64,not_generated,
codec,243,던,64,5,codec:243:941|codec:243:751|codec:243:916|codec:243:716|codec:243:943,"After that, with America still lagging behind<0A>the Soviets in orbital flight, President<0A>Kennedy made a momentous decision.<0A><END> || Anyway, I decided to put this mask we had<0A>in storage to good use by hiding your<0A>identity from the gunship crew.<0A><END> || Major, what's this Granin Design Bureau<0A>Sokolov was talking about?<0A><END> || That we were able to get the green light for<0A>this mission at all is thanks to her pull with<0A>the powers that be at the CIA.<0A><END> || Yeah, I heard that speech. But a lot of<0A>guys I knew weren't real happy about it...<0A><END>","그 뒤 우주 경쟁에서 밀리던 미국의 Kennedy가 중대한 결정을 내렸지.<0A><00> || 어쨌든, 나는 우리가 보관하고 있던 이 마스크를 건쉽 승무원들에게 당신의 신원을 숨겨 잘 활용하기로 결정했습니다.<0A><00> || 소령, Sokolov가 말했던 Granin 설계국은 무엇인가?<0A><00> || 우리가 이 MISSION에 대한 승인을 얻을 수 있었던 것은 그녀가 CIA에 있는 힘을 끌어낸 덕분입니다.<0A><00> || 그래, 그 연설은 들었어. 하지만<0A>내가 알던 많은 이들은 달가워하지 않았지...<0A><00>",64,not_generated,
codec,243,덤,64,1,codec:243:908,"If you're attacked by hornets, wiggle the<0A>Circle Pad around and wave your survival<0A>knife to shoo them away.<0A><END>",말벌이 덤비면 CIRCLE PAD를 흔들고 KNIFE를 휘둘러 쫓아.<0A><00>,64,not_generated,
codec,243,델,64,2,codec:243:1006|codec:243:693,"Needless to say, the SAS has become<0A>a model for special forces units all over<0A>the world.<0A><END> || There are three types of receptors: delta,<0A>kappa, and mu. Methionin enkephalin acts<0A>on the...<0A><END>","SAS는 말할 필요도 없이 전 세계 특수부대들의 모델이 되었습니다.<0A><00> || 수용체에는 델타, 카파, 뮤의 세 가지 유형이 있습니다. 메티오닌 엔케팔린은 다음과 같은 작용을 합니다.<0A><00>",64,not_generated,
codec,243,독,64,3,codec:243:657|codec:243:1001|codec:243:990,"Snake, remember that this operation is<0A>a solo sneaking mission.<0A><END> || The dummy run on Heliopolis and the<0A>nighttime raids on German air bases in<0A>North Africa were her idea as well.<0A><END> || We also know that he was instrumental in<0A>putting down the 1953 insurrection in East<0A>Germany and the 1956 uprising in Hungary.<0A><END>","Snake, 이번 MISSION은 단독 잠입이야.<0A><00> || 헬리오폴리스에서의 모의 비행과 북아프리카의 독일 공군 기지에 대한 야간 공습 역시 그녀의 아이디어였습니다.<0A><00> || 우리는 또한 그가 1953년 동독 봉기와 1956년 헝가리 봉기를 진압하는 데 중요한 역할을 했다는 사실도 알고 있다.<0A><00>",64,not_generated,
codec,243,동,64,15,codec:243:812|codec:243:813|codec:243:814|codec:243:923|codec:243:793|codec:243:668|codec:243:802|codec:243:815|codec:243:678|codec:243:927|codec:243:990|codec:243:809|codec:243:1002|codec:243:663|codec:243:674,"Automatic weapons use recoil to operate,<0A>so if you don't let the recoil hit you, it<0A>interferes with the operating cycle of the gun.<0A><END> || Basically, he shouldn't be trying to avoid<0A>the impact like that.<0A><END> || But with a revolver, there's no need to<0A>let the recoil hit you.<0A><END> || Granin threw in his lot with Volgin,<0A>the vanguard of the anti-Khrushchev<0A>movement.<0A><END> || In the meantime, it's your job to find<0A>Sokolov and get him to safety. Got it?<0A><END> || Interesting. But how does it work?<0A><END> || It's a technique they teach in the Middle<0A>East.<0A><END> || Just the opposite - avoiding the recoil lets<0A>you reduce the strain on your hand and arm.<0A><END> || Those chemicals act to induce a state<0A>of hibernation,<0A><END> || Thus, the two formed an alliance, and<0A>Volgin took the Granin Design Bureau<0A>under his control.<0A><END> || We also know that he was instrumental in<0A>putting down the 1953 insurrection in East<0A>Germany and the 1956 uprising in Hungary.<0A><END> || When he fired, he was bending his elbow<0A>sharply to avoid the recoil.<0A><END> || Yes, she was always one step ahead of<0A>the rest of us, both in thought and action.<0A><END> || You can use the fake death pill to send<0A>yourself into a death-like state for a limited<0A>period of time.<0A><END> || You know how there are animals in nature<0A>that play dead, like weevils, ladybugs,<0A>chickadees, opossums and the like.<0A><END>","자동화기는 반동으로 작동해. 반동을 피하면 작동에 문제가 생겨.<0A><00> || 반동을 저렇게 피하면 안 된다는 거야.<0A><00> || REVOLVER는 반동을 받을 필요가 없어.<0A><00> || Granin는 반흐루쇼프 운동의 선봉인 Volgin와 함께 제비를 뽑았습니다.<0A><00> || 그동안 당신의 MISSION은 Sokolov를 찾아서 안전한 곳으로 데려가는 거다. 알겠습니까?<0A><00> || 흥미롭군. 어떻게 작동하지?<0A><00> || 중동에서 가르치는 기술입니다.<0A><00> || 그 반대입니다. 반동을 피하면 손과 팔의 부담을 줄일 수 있습니다.<0A><00> || 그 약품은 동면 상태를 만들고,<0A><00> || 그리하여 두 사람은 동맹을 맺게 되었고, Volgin은 Granin Design Bureau를 그의 통제하에 두게 되었습니다.<0A><00> || 우리는 또한 그가 1953년 동독 봉기와 1956년 헝가리 봉기를 진압하는 데 중요한 역할을 했다는 사실도 알고 있다.<0A><00> || 쏠 때 팔꿈치를 크게 굽혀 반동을 피하고 있었어.<0A><00> || 예, 그녀는 생각과 행동 모두에서 항상 우리보다 한발 앞서 있었습니다.<0A><00> || 가짜 죽음의 약을 사용하면 제한된 시간 동안 자신을 죽음과 같은 상태로 보낼 수 있다.<0A><00> || 자연에는 죽은 척하는 곤충이나 동물이 있어.<0A><00>",64,not_generated,
codec,243,돼,64,8,codec:243:1752|codec:243:677|codec:243:835|codec:243:685|codec:243:780|codec:243:785|codec:243:866|codec:243:682,"<G40>Por qu<G6A> no?<0A><END> || adenosine and serotonin as well as opioid<0A>peptides such as methionin enkephalin.<0A><END> || After the search is aborted, the enemy will<0A>enter Caution Phase.<0A><END> || Does that help?<0A><END> || Get Sokolov out of there safely.<0A>He must not be turned over to the KGB<0A>or to the GRU.<0A><END> || No good.<0A><END> || The next time you load your save data and<0A>continue the game, your stamina and LIFE<0A>will have recovered.<0A><END> || When you take it, it causes your body to<0A>secrete stimulants, like noradrenaline and<0A>other chemicals such as naloxone,<0A><END>","왜 안 돼?<0A><00> || adenosine, serotonin과 opioid peptide도 분비돼.<0A><00> || 수색이 끝나면 Caution Phase가 돼.<0A><00> || 도움이 돼?<0A><00> || Sokolov를 무사히 데려와. KGB나 GRU에 넘기면 안 돼.<0A><00> || 안 돼요.<0A><00> || 다시 LOAD하면 STAMINA와 LIFE가 회복돼.<0A><00> || 복용하면 noradrenaline, naloxone 같은 자극 물질이 분비돼.<0A><00>",64,not_generated,
codec,243,된,64,7,codec:243:813|codec:243:833|codec:243:950|codec:243:757|codec:243:688|codec:243:676|codec:243:663,"Basically, he shouldn't be trying to avoid<0A>the impact like that.<0A><END> || Evasion Phase will last until the enemy<0A>exhausts their search effort.<0A><END> || The Gemini program launched two years<0A>ago represents the initial step toward<0A>establishing a moon base.<0A><END> || The man the mask is based on is a GRU<0A>officer.<0A><END> || The secretion of methionin enkephalin<0A>triggered by the fake death pill causes<0A>the opioid receptors...<0A><END> || When you take the fake death pill,<0A>it causes your body to rapidly secrete a<0A>number of chemicals -<0A><END> || You can use the fake death pill to send<0A>yourself into a death-like state for a limited<0A>period of time.<0A><END>",반동을 저렇게 피하면 안 된다는 거야.<0A><00> || 회피 단계는 적이 수색 노력을 소진할 때까지 지속된다.<0A><00> || 2년 전에 시작된 Gemini 프로그램은 달 기지 건설을 향한 첫 단계를 나타냅니다.<0A><00> || 마스크의 기반이 된 남자는 GRU 장교입니다.<0A><00> || 가짜 사형제에 의해 촉발된 메티오닌 엔케팔린 분비는 오피오이드 수용체를...<0A><00> || 가사 상태 알약을 먹으면<0A>몸에서 빠르게<0A>여러 화학물질이 분비된다-<0A><00> || 가짜 죽음의 약을 사용하면 제한된 시간 동안 자신을 죽음과 같은 상태로 보낼 수 있다.<0A><00>,64,not_generated,
codec,243,됩,64,1,codec:243:848,Really? You lose your grip strength after<0A>only a few seconds when hanging. I'll bet<0A>you can't even hold your gun straight.<0A><END>,정말요? 매달린 후 단 몇 초만 지나면 그립력이 상실됩니다. 아마 당신은 총을 똑바로 쥐지도 못할 것 같아요.<0A><00>,64,not_generated,
codec,243,두,64,7,codec:243:919|codec:243:773|codec:243:771|codec:243:781|codec:243:778|codec:243:927|codec:243:1002,"He's Sokolov's archrival, and the two have<0A>competed fiercely against each other since<0A>the days of the war.<0A><END> || It competes with the KGB, which is under<0A>the Ministry of Internal Affairs, and the<0A>two are always watching each other.<0A><END> || Snake, stay alert. The KGB and GRU both<0A>have their sights set on Sokolov.<0A><END> || Sokolov took off in the direction of the rope<0A>bridge. Get after him. Hurry!<0A><END> || That's the idea. The two factions are fighting<0A>over Sokolov. We're in an extremely<0A>dangerous situation here.<0A><END> || Thus, the two formed an alliance, and<0A>Volgin took the Granin Design Bureau<0A>under his control.<0A><END> || Yes, she was always one step ahead of<0A>the rest of us, both in thought and action.<0A><END>","그는 Sokolov의 최대 라이벌이며, 두 사람은 전쟁 초기부터 치열한 경쟁을 벌였습니다.<0A><00> || 그것은 내무부 산하인 KGB와 경쟁하며, 두 조직은 항상 서로를 감시합니다.<0A><00> || Snake, 정신 차려. KGB와 GRU는 모두 Sokolov를 목표로 삼고 있습니다.<0A><00> || Sokolov는 로프 다리 방향으로 이륙했습니다. 그를 쫓아라. 서두르다!<0A><00> || 그게 아이디어입니다. 두 세력이 Sokolov를 놓고 싸우고 있다. 우리는 지금 매우 위험한 상황에 처해 있다.<0A><00> || 그리하여 두 사람은 동맹을 맺게 되었고, Volgin은 Granin Design Bureau를 그의 통제하에 두게 되었습니다.<0A><00> || 예, 그녀는 생각과 행동 모두에서 항상 우리보다 한발 앞서 있었습니다.<0A><00>",64,not_generated,
codec,243,둥,64,1,codec:243:906,"Snake, when you knock down a hornets'<0A>nest, a large swarm of hornets will come<0A>flying out.<0A><END>","Snake, 말벌 둥지를 쓰러뜨리면 큰 말벌 떼가 날아옵니다.<0A><00>",64,not_generated,
codec,243,뒤,64,2,codec:243:941|codec:243:932,"After that, with America still lagging behind<0A>the Soviets in orbital flight, President<0A>Kennedy made a momentous decision.<0A><END> || Having been beaten to the chase by<0A>the Soviets,<0A><END>","그 뒤 우주 경쟁에서 밀리던 미국의 Kennedy가 중대한 결정을 내렸지.<0A><00> || 소련에 선수를 빼앗긴 뒤,<0A><00>",64,not_generated,
codec,243,든,64,9,codec:243:751|codec:243:954|codec:243:804|codec:243:921|codec:243:996|codec:243:2759|codec:243:714|codec:243:926|codec:243:741,"Anyway, I decided to put this mask we had<0A>in storage to good use by hiding your<0A>identity from the gunship crew.<0A><END> || Guess it all depends on whether you have<0A>the will to make it happen.<0A><END> || He must have heard about it from someone,<0A>or read it somewhere... in any case, he<0A>probably wanted to try it out for himself.<0A><END> || In any case, Granin seems to harbor<0A>an unusually intense hatred for Sokolov.<0A><END> || In fact, you might say that it was<0A>The Boss who put together Rayforce<0A>and L Detachment,<0A><END> || Nous <G6A>tudions toutes les possibilit<G6A>s.<0A><END> || That's right. She has her own intelligence<0A>channels that she cultivated during the last<0A>war.<0A><END> || was intrigued by the possibility of using<0A>the high-tech weapons Granin created in<0A>the fight against Khrushchev.<0A><END> || With the mission cancelled, the mask was<0A>going to be thrown away... but the guy at the<0A>CIA's tech division who created it pitched a fit.<0A><END>","어쨌든, 나는 우리가 보관하고 있던 이 마스크를 건쉽 승무원들에게 당신의 신원을 숨겨 잘 활용하기로 결정했습니다.<0A><00> || 모든 것은 당신이 그것을 실현할 의지가 있는지 여부에 달려 있다고 생각합니다.<0A><00> || 누군가에게서 들었거나, 어디선가 읽어본 적이 있을 텐데... 어쨌든 직접 해보고 싶었을 겁니다.<0A><00> || 어쨌든, Granin은 Sokolov에 대해 유난히 강한 증오를 품고 있는 것 같다.<0A><00> || Rayforce와 L Detachment를 만든 것도 The Boss라고 할 수 있어.<0A><00> || 우리는 모든 가능성을 연구하고 있다.<0A><00> || 맞아. 그녀는 지난 전쟁 때 만든 정보망이 있어.<0A><00> || 은 흐루시초프와의 전투에서 Granin이 만든 첨단 무기를 사용할 가능성에 흥미를 느꼈습니다.<0A><00> || MISSION가 취소되면서 마스크는 버려질 예정이었지만... 이 마스크를 만든 CIA의 기술 부서 직원이 딱 맞았습니다.<0A><00>",64,not_generated,
codec,243,듬,64,1,codec:243:934,"The following year, the space development<0A>programs of the various service branches<0A><END>",이듬해 다양한 서비스 부문의 우주 개발 프로그램<0A><00>,64,not_generated,
codec,243,듭,64,1,codec:243:733,Yeah. For some reason it feels kind of...<0A>nostalgic.<0A><END>,네. 왠지... 향수를 불러일으키는 느낌이 듭니다.<0A><00>,64,not_generated,
codec,243,따,64,3,codec:243:867|codec:243:933|codec:243:1012,"How much they recover depends on how<0A>long of a rest you take.<0A><END> || the U.S. government accelerated its own<0A>space program in an effort to catch up.<0A><END> || When you don't want anybody following<0A>your trail, make sure to crawl.<0A><END>",쉬는 시간에 따라 회복량이 달라.<0A><00> || 미국 정부도 따라잡으려 우주 계획을 서둘렀지.<0A><00> || 누구도 당신의 흔적을 따라가는 것을 원하지 않을 때 반드시 기어가십시오.<0A><00>,64,not_generated,
codec,243,딱,64,1,codec:243:741,"With the mission cancelled, the mask was<0A>going to be thrown away... but the guy at the<0A>CIA's tech division who created it pitched a fit.<0A><END>",MISSION가 취소되면서 마스크는 버려질 예정이었지만... 이 마스크를 만든 CIA의 기술 부서 직원이 딱 맞았습니다.<0A><00>,64,not_generated,
codec,243,딴,64,1,codec:243:705,"Most of them are located in secret cities<0A>built in isolated areas,<0A><END>",대부분 외딴 지역의 비밀 도시에 있어.<0A><00>,64,not_generated,
codec,243,땐,64,1,codec:243:761,"Snake, when you meet Sokolov, don't go<0A>in wearing that mask.<0A><END>","Snake, Sokolov를 만날 땐 그 MASK를 벗어.<0A><00>",64,not_generated,
codec,243,떤,64,2,codec:243:670|codec:243:701,"I don't feel right taking some pill I don't know<0A>anything about. How does it make me look<0A>dead? How's it gonna affect my body?<0A><END> || Major, what kind of place is this secret<0A>Design Bureau that Sokolov is heading?<0A><END>","전혀 모르는 약을 복용하는 것이 기분이 좋지 않습니다. 어떻게 하면 내가 죽은 것처럼 보이나요? 내 몸에 어떤 영향을 미칠까요?<0A><00> || 소령, Sokolov가 이끄는 이 비밀 설계국이 어떤 곳인가?<0A><00>",64,not_generated,
codec,243,떨,64,3,codec:243:912|codec:243:679|codec:243:860,"And if you use the insecticidal bug juice,<0A>the hornets should stay away as long as<0A>the effect lasts.<0A><END> || causing your heart rate, your breathing<0A>rate, and your body temperature to drop<0A>dramatically.<0A><END> || Eating is a necessary part of your mission.<0A>When your stamina gets low, make sure<0A>you eat something. Got it?<0A><END>","그리고 살충 벌레즙을 사용하면 효과가 지속되는 한 말벌이 멀리 떨어져 있어야 합니다.<0A><00> || 심박수, 호흡수, 체온이 급격하게 떨어집니다.<0A><00> || 먹는 것은 MISSION에 꼭 필요한 부분다. LIFE가 떨어지면 꼭 뭔가를 먹어보세요. 알았어요?<0A><00>",64,not_generated,
codec,243,떼,64,1,codec:243:906,"Snake, when you knock down a hornets'<0A>nest, a large swarm of hornets will come<0A>flying out.<0A><END>","Snake, 말벌 둥지를 쓰러뜨리면 큰 말벌 떼가 날아옵니다.<0A><00>",64,not_generated,
codec,243,똑,64,1,codec:243:848,Really? You lose your grip strength after<0A>only a few seconds when hanging. I'll bet<0A>you can't even hold your gun straight.<0A><END>,정말요? 매달린 후 단 몇 초만 지나면 그립력이 상실됩니다. 아마 당신은 총을 똑바로 쥐지도 못할 것 같아요.<0A><00>,64,not_generated,
codec,243,뜨,64,1,codec:243:906,"Snake, when you knock down a hornets'<0A>nest, a large swarm of hornets will come<0A>flying out.<0A><END>","Snake, 말벌 둥지를 쓰러뜨리면 큰 말벌 떼가 날아옵니다.<0A><00>",64,not_generated,
codec,243,띄,64,1,codec:243:660,Avoid engagement whenever possible.<0A>Your highest priority in this mission is<0A>staying out of sight.<0A><END>,가능하면 참여를 피해. 이 MISSION에서 가장 중요한 것은 눈에 띄지 않는 거다.<0A><00>,64,not_generated,
codec,243,락,64,3,codec:243:782|codec:243:789|codec:243:792,"Major, have you been able to contact<0A>The Boss?<0A><END> || Snake, you've got more important things<0A>to worry about than contacting The Boss.<0A><END> || We're still looking into why we lost contact<0A>with The Boss. I'll let you know as soon as<0A>we find anything out.<0A><END>","소령님, The Boss 에게 연락할 수 있었나요?<0A><00> || Snake, 보스에게 연락하는 것보다 더 중요한 걱정거리가 있군요.<0A><00> || 더보스님과 연락이 끊긴 이유는 아직 조사중입니다. 뭔가 알아내는 대로 알려드리겠습니다.<0A><00>",64,not_generated,
codec,243,랄,64,1,codec:243:776,there's a vicious power struggle going on<0A>between the Khrushchev faction and<0A>the anti-Khrushchev faction.<0A><END>,흐루쇼프파와 반흐루쇼프파 사이에 악랄한 권력투쟁이 벌어지고 있다.<0A><00>,64,not_generated,
codec,243,랐,64,1,codec:243:953,I don't know. I never even thought we'd<0A>make it up into space.<0A><END>,몰라. 우주에 갈 수 있을 줄도 몰랐어.<0A><00>,64,not_generated,
codec,243,랑,64,2,codec:243:805|codec:243:989,"And he was obviously motivated by vanity<0A>to show off his new technique. That's when<0A>you make mistakes.<0A><END> || Apparently, he likes to boast that he<0A>""disposed of"" over 100,000<0A>anti-communists.<0A><END>","새 기술을 자랑하려는 허영심 때문이었어. 그럴 때 실수하지.<0A><00> || 분명히 그는 100,000명이 넘는 반공주의자들을 ""처분""했다고 자랑하기를 좋아합니다.<0A><00>",64,not_generated,
codec,243,램,64,3,codec:243:936|codec:243:934|codec:243:950,"That same year, the Mercury program<0A>was launched with the goal of putting<0A>a man into space.<0A><END> || The following year, the space development<0A>programs of the various service branches<0A><END> || The Gemini program launched two years<0A>ago represents the initial step toward<0A>establishing a moon base.<0A><END>","같은 해, 사람을 우주에 보내는 것을 목표로 머큐리 프로그램이 시작되었습니다.<0A><00> || 이듬해 다양한 서비스 부문의 우주 개발 프로그램<0A><00> || 2년 전에 시작된 Gemini 프로그램은 달 기지 건설을 향한 첫 단계를 나타냅니다.<0A><00>",64,not_generated,
codec,243,량,64,1,codec:243:867,How much they recover depends on how<0A>long of a rest you take.<0A><END>,쉬는 시간에 따라 회복량이 달라.<0A><00>,64,not_generated,
codec,243,럼,64,7,codec:243:2082|codec:243:613|codec:243:670|codec:243:828|codec:243:680|codec:243:973|codec:243:110,"Alors je vais te l'expliquer.<0A><END> || Alright then.<0A><END> || I don't feel right taking some pill I don't know<0A>anything about. How does it make me look<0A>dead? How's it gonna affect my body?<0A><END> || In Normal Phase, the enemy will follow<0A>normal procedures for patrols and other<0A>activities.<0A><END> || It'll truly look like you've dropped dead upon<0A>initial inspection.<0A><END> || So he can't trust any other units?<0A><END> || Then let me explain.<0A><END>",그럼 설명할게.<0A><00> || 그럼요.<0A><00> || 전혀 모르는 약을 복용하는 것이 기분이 좋지 않습니다. 어떻게 하면 내가 죽은 것처럼 보이나요? 내 몸에 어떤 영향을 미칠까요?<0A><00> || NORMAL PHASE에선 적이 평소처럼 순찰해.<0A><00> || 겉보기에는 정말 죽은 것처럼 보여.<0A><00> || 그럼 그는 다른 유닛을 믿을 수 없다는 겁니까?<0A><00> || 그럼 설명할게.<0A><00>,64,not_generated,
codec,243,럿,64,1,codec:243:702,"Mmm. The Soviets have a number of secret<0A>Design Bureaus like this one, each engaged<0A>in cutting-edge research.<0A><END>",소련엔 첨단 연구를 하는 비밀 설계국이 여럿 있어.<0A><00>,64,not_generated,
codec,243,렀,64,1,codec:243:933,the U.S. government accelerated its own<0A>space program in an effort to catch up.<0A><END>,미국 정부도 따라잡으려 우주 계획을 서둘렀지.<0A><00>,64,not_generated,
codec,243,레,64,1,codec:243:912,"And if you use the insecticidal bug juice,<0A>the hornets should stay away as long as<0A>the effect lasts.<0A><END>",그리고 살충 벌레즙을 사용하면 효과가 지속되는 한 말벌이 멀리 떨어져 있어야 합니다.<0A><00>,64,not_generated,
codec,243,렘,64,1,codec:243:963,Exactly. It's the unit that protects the<0A>Kremlin and provides bodyguards for<0A>high-level VIPs.<0A><END>,정확합니다. 크렘린궁을 보호하고 고위 VIP에게 경호원을 제공하는 부대다.<0A><00>,64,not_generated,
codec,243,력,64,12,codec:243:924|codec:243:830|codec:243:833|codec:243:848|codec:243:861|codec:243:723|codec:243:777|codec:243:778|codec:243:708|codec:243:776|codec:243:722|codec:243:769,"Apparently, Granin meant to use the funds<0A>provided by these opposition forces in<0A>order to defeat his old foe.<0A><END> || But if they spot an intruder - that means<0A>you - they'll attack in an attempt to neutralize<0A>you. This is called Alert Phase.<0A><END> || Evasion Phase will last until the enemy<0A>exhausts their search effort.<0A><END> || Really? You lose your grip strength after<0A>only a few seconds when hanging. I'll bet<0A>you can't even hold your gun straight.<0A><END> || Snake, there are other ways to recover<0A>your stamina besides eating.<0A><END> || So instead, they decided to focus on using<0A>multiple smaller engines to achieve the<0A>desired thrust.<0A><END> || So Khrushchev is using the KGB, and<0A>Volgin and the anti-Khrushchev forces<0A>are using the GRU?<0A><END> || That's the idea. The two factions are fighting<0A>over Sokolov. We're in an extremely<0A>dangerous situation here.<0A><END> || The intelligence communities of the West have<0A>tried time and again to find out what they're<0A>working on, but they've failed consistently.<0A><END> || there's a vicious power struggle going on<0A>between the Khrushchev faction and<0A>the anti-Khrushchev faction.<0A><END> || With the technology they had, it was difficult<0A>for the Soviets to develop large engines with<0A>massive thrust.<0A><END> || You'll need Sokolov's full cooperation to<0A>complete this mission successfully. Don't do<0A>anything to make him lose confidence in you.<0A><END>","분명히 Granin은 그의 옛 적을 물리치기 위해 이러한 반대 세력이 제공한 자금을 사용하려고 했다.<0A><00> || 그들이 침입자를 발견하면, 즉 당신을 의미합니다. 그들은 당신을 무력화하기 위해 공격할 거다. 이를 경고 단계라고 합니다.<0A><00> || 회피 단계는 적이 수색 노력을 소진할 때까지 지속된다.<0A><00> || 정말요? 매달린 후 단 몇 초만 지나면 그립력이 상실됩니다. 아마 당신은 총을 똑바로 쥐지도 못할 것 같아요.<0A><00> || Snake, 먹는 것 말고도 체력을 회복할 수 있는 방법이 있구나.<0A><00> || 그래서 대신 그들은 원하는 추력을 달성하기 위해 여러 개의 작은 엔진을 사용하는 데 집중하기로 결정했습니다.<0A><00> || 그렇다면 흐루시초프는 KGB를 사용하고 있고, Volgin과 반흐루시초프 세력은 GRU를 사용하고 있다는 겁니까?<0A><00> || 그게 아이디어입니다. 두 세력이 Sokolov를 놓고 싸우고 있다. 우리는 지금 매우 위험한 상황에 처해 있다.<0A><00> || 서구의 정보 기관은 자신들이 무엇을 하고 있는지 알아내기 위해 몇 번이고 노력했지만 계속해서 실패했습니다.<0A><00> || 흐루쇼프파와 반흐루쇼프파 사이에 악랄한 권력투쟁이 벌어지고 있다.<0A><00> || 소련이 보유한 기술로는 막대한 추력을 갖춘 대형 엔진을 개발하기가 어려웠습니다.<0A><00> || MISSION 성공엔 Sokolov의 협력이 필요해. 그의 신뢰를 잃지 마.<0A><00>",64,not_generated,
codec,243,련,64,13,codec:243:739|codec:243:966|codec:243:938|codec:243:772|codec:243:932|codec:243:987|codec:243:985|codec:243:946|codec:243:931|codec:243:702|codec:243:703|codec:243:807|codec:243:722,"An agent was supposed to disguise himself<0A>as a Soviet officer and sneak into an enemy<0A>installation.<0A><END> || And now they're being sent out to stand<0A>watch over a field exercise?<0A><END> || But as you know, it was a Soviet cosmonaut,<0A>Yuri Gagarin, who made the first successful<0A>manned space flight three years ago.<0A><END> || GRU is a military espionage outfit, the<0A>intelligence wing of the Soviet Defense<0A>Ministry's General Staff Office.<0A><END> || Having been beaten to the chase by<0A>the Soviets,<0A><END> || He was stationed in the rear of the Soviet<0A>line to catch and punish any troops who<0A>tried to retreat or desert.<0A><END> || He's gained a reputation as the most brutal<0A>and cold-blooded of the Soviet spymasters.<0A><END> || Imagine, if you will, a Soviet Union able to<0A>send wave after wave of nuclear missiles<0A><END> || In 1957, the Soviet Union succeeded<0A>in launching their first artificial satellite,<0A>Sputnik, into orbit.<0A><END> || Mmm. The Soviets have a number of secret<0A>Design Bureaus like this one, each engaged<0A>in cutting-edge research.<0A><END> || OKB-1, the bureau where the Voskhod<0A>spacecraft was developed and which plays<0A>a leading role in the Soviet space program,<0A><END> || The only techniques you can rely on are<0A>the ones you've mastered through<0A>experience and practice.<0A><END> || With the technology they had, it was difficult<0A>for the Soviets to develop large engines with<0A>massive thrust.<0A><END>","요원이 소련 장교로 변장해 적 시설에 잠입할 예정이었어.<0A><00> || 이제 야외 훈련 경비까지 맡는 건가?<0A><00> || 3년 전 최초 유인 우주비행에 성공한 건 소련의 Yuri Gagarin이야.<0A><00> || GRU는 소련 국방부 참모실 산하 정보부 소속의 군사 첩보 기관입니다.<0A><00> || 소련에 선수를 빼앗긴 뒤,<0A><00> || 소련군 후방에서 후퇴나 탈영한 병사를 잡아 처벌했어.<0A><00> || 소련 정보 책임자 중 가장 잔혹하고 냉혈하다고 알려졌어.<0A><00> || 상상해 보세요, 소련이 핵 미사일을 연속으로 발사할 수 있는 상황을<0A><00> || 1957년, 소련은 첫 인공위성 스푸트니크를 궤도에 성공적으로 발사했다.<0A><00> || 소련엔 첨단 연구를 하는 비밀 설계국이 여럿 있어.<0A><00> || Voskhod를 개발한 OKB-1은 소련 우주 계획의 핵심이야.<0A><00> || 믿을 건 경험과 훈련으로 익힌 기술뿐이야.<0A><00> || 소련이 보유한 기술로는 막대한 추력을 갖춘 대형 엔진을 개발하기가 어려웠습니다.<0A><00>",64,not_generated,
codec,243,렵,64,1,codec:243:902,"Snake, making it harder for the enemy to<0A>spot you isn't the only advantage to<0A>maintaining a high Camo Index.<0A><END>","Snake, 적이 당신을 발견하기 어렵게 만드는 것이 높은 CAMO 지수를 유지하는 데 있어 유일한 이점은 아닙니다.<0A><00>",64,not_generated,
codec,243,렸,64,1,codec:243:941,"After that, with America still lagging behind<0A>the Soviets in orbital flight, President<0A>Kennedy made a momentous decision.<0A><END>",그 뒤 우주 경쟁에서 밀리던 미국의 Kennedy가 중대한 결정을 내렸지.<0A><00>,64,not_generated,
codec,243,론,64,2,codec:243:82|codec:243:851,By all means.<0A><END> || You can't continue your mission in this<0A>state. You need to eat something and<0A>recover your stamina.<0A><END>,물론.<0A><00> || 이 상태론 MISSION을 못 해. FOOD로 STAMINA를 회복해.<0A><00>,64,not_generated,
codec,243,롤,64,1,codec:243:329,"However, remember that rolling<0A>consumes more stamina than<0A>standard running.<0A><END>",그러나 롤링은 표준 달리기보다 LIFE을 더 많이 소비한다는 점을 기억해.<0A><00>,64,not_generated,
codec,243,롭,64,1,codec:243:668,Interesting. But how does it work?<0A><END>,흥미롭군. 어떻게 작동하지?<0A><00>,64,not_generated,
codec,243,뢰,64,2,codec:243:972|codec:243:769,The premier may have wanted to assign<0A>this mission to someone he knew he could<0A>trust.<0A><END> || You'll need Sokolov's full cooperation to<0A>complete this mission successfully. Don't do<0A>anything to make him lose confidence in you.<0A><END>,총리는 자신이 신뢰할 수 있는 사람에게 이 MISSION을 할당하고 싶었을 수도 있습니다.<0A><00> || MISSION 성공엔 Sokolov의 협력이 필요해. 그의 신뢰를 잃지 마.<0A><00>,64,not_generated,
codec,243,료,64,5,codec:243:965|codec:243:893|codec:243:900|codec:243:901|codec:243:724,"I thought that only meant high-ranking<0A>officials and their families.<0A><END> || It's about this guy who gets hurt in a car<0A>accident and tries to heal his wounds by<0A>injecting himself with a crocodile serum,<0A><END> || Snake, hurry and get those injuries<0A>treated!<0A><END> || Snake, you're not done treating your<0A>injuries. Go into the Survival Viewer and<0A>treat the rest of your injuries!<0A><END> || With this method, though, maintaining the<0A>fuel balance between the various engines<0A>was a major problem.<0A><END>","고위 관료들과 그 가족들만 말하는 줄 알았습니다.<0A><00> || 사고로 다친 남자가 악어 serum으로 치료하려는 영화야,<0A><00> || Snake, 빨리 부상을 치료받아라!<0A><00> || Snake, 부상 치료가 아직 끝나지 않았습니다. SURVIVAL로 가서 나머지 부상을 치료하세요!<0A><00> || 하지만 엔진 간<0A>연료 균형이 문제였다.<0A><00>",64,not_generated,
codec,243,류,64,3,codec:243:952|codec:243:917|codec:243:1117,"I don't want to call President Kennedy a<0A>liar, but I simply can't imagine that in six<0A>years, man will have reached the moon.<0A><END> || OKB-812. It's the same type of top-secret<0A>facility as Sokolov's own OKB-754.<0A><END> || Ten mucho cuidado.<0A><END>","Kennedy를 거짓말쟁이라 하긴 싫지만, 6년 안에 인류가 Moon에 갈 것 같진 않아.<0A><00> || OKB-812. Sokolov의 OKB-754와 같은 종류의 일급비밀 시설이다.<0A><00> || 10가지 종류가 있다.<0A><00>",64,not_generated,
codec,243,륙,64,1,codec:243:781,Sokolov took off in the direction of the rope<0A>bridge. Get after him. Hurry!<0A><END>,Sokolov는 로프 다리 방향으로 이륙했습니다. 그를 쫓아라. 서두르다!<0A><00>,64,not_generated,
codec,243,륭,64,1,codec:243:998,"You won't find her name in the history<0A>books, but her contributions were many<0A>and great.<0A><END>",역사책에서 그녀의 이름을 찾을 수는 없지만 그녀의 공헌은 많고 훌륭했습니다.<0A><00>,64,not_generated,
codec,243,른,64,5,codec:243:774|codec:243:937|codec:243:973|codec:243:738|codec:243:838,"Never let the left hand know what<0A>the right hand is doing.<0A><END> || Seven candidates were chosen from<0A>the military as the first astronauts.<0A>These were the men with the ""right stuff.""<0A><END> || So he can't trust any other units?<0A><END> || Well... that mask was originally created for<0A>use in another mission.<0A><END> || What's wrong? You were expecting<0A>something different?<0A><END>","오른손이 하는 일을 왼손이 모르게 하라.<0A><00> || 최초의 우주 비행사로 군대에서 7명의 후보자가 선정되었습니다. 이들은 ""올바른 물건""을 가진 사람들이었습니다.<0A><00> || 그럼 그는 다른 유닛을 믿을 수 없다는 겁니까?<0A><00> || 음... 그 마스크는 원래 다른 MISSION에 사용하기 위해 만들어진 것입니다.<0A><00> || 왜? 다른 걸 기대했어?<0A><00>",64,not_generated,
codec,243,름,64,2,codec:243:984|codec:243:998,"His name is Yevgeny Borisovitch Volgin.<0A>His code name in the West is<0A>""Thunderbolt.""<0A><END> || You won't find her name in the history<0A>books, but her contributions were many<0A>and great.<0A><END>","그의 이름은 예브게니 보리소비치 Volgin다. 그의 서부 코드명은 ""Thunderbolt""이다.<0A><00> || 역사책에서 그녀의 이름을 찾을 수는 없지만 그녀의 공헌은 많고 훌륭했습니다.<0A><00>",64,not_generated,
codec,243,린,64,7,codec:243:963|codec:243:939|codec:243:1005|codec:243:848|codec:243:688|codec:243:693|codec:243:975,"Exactly. It's the unit that protects the<0A>Kremlin and provides bodyguards for<0A>high-level VIPs.<0A><END> || NASA's first successful ballistic flight came<0A>one month after Gagarin's mission,<0A><END> || Precisely. The motto itself is a tribute to<0A>her service.<0A><END> || Really? You lose your grip strength after<0A>only a few seconds when hanging. I'll bet<0A>you can't even hold your gun straight.<0A><END> || The secretion of methionin enkephalin<0A>triggered by the fake death pill causes<0A>the opioid receptors...<0A><END> || There are three types of receptors: delta,<0A>kappa, and mu. Methionin enkephalin acts<0A>on the...<0A><END> || This secret test is an act of desperation<0A>by a cornered man.<0A><END>","정확합니다. 크렘린궁을 보호하고 고위 VIP에게 경호원을 제공하는 부대다.<0A><00> || NASA의 첫 번째 성공적인 탄도 비행은 가가린의 MISSION가 있은 지 한 달 후에 이루어졌습니다.<0A><00> || 맞아. 그 구호도 그녀의 공적을 기린 거야.<0A><00> || 정말요? 매달린 후 단 몇 초만 지나면 그립력이 상실됩니다. 아마 당신은 총을 똑바로 쥐지도 못할 것 같아요.<0A><00> || 가짜 사형제에 의해 촉발된 메티오닌 엔케팔린 분비는 오피오이드 수용체를...<0A><00> || 수용체에는 델타, 카파, 뮤의 세 가지 유형이 있습니다. 메티오닌 엔케팔린은 다음과 같은 작용을 합니다.<0A><00> || 이 비밀 테스트는 궁지에 몰린 남자의 절박한 행위입니다.<0A><00>",64,not_generated,
codec,243,릴,64,1,codec:243:988,"He's also notorious for his ""accomplish-<0A>ments"" in anti-guerilla operations in the<0A>Ukraine and the Baltic states.<0A><END>",Ukraine과 Baltic의 대게릴라 작전에서도 악명 높아.<0A><00>,64,not_generated,
codec,243,립,64,2,codec:243:1981|codec:243:848,"Cuando fundaron la SAS, el Servicio Especial<0A>A<G6A>reo Brit<G62>nico, invitaron a The Boss como<0A>tutor especial.<0A><END> || Really? You lose your grip strength after<0A>only a few seconds when hanging. I'll bet<0A>you can't even hold your gun straight.<0A><END>",영국 특수 항공 서비스(SAS)를 설립할 때 The Boss를 특별 교사로 초대했습니다.<0A><00> || 정말요? 매달린 후 단 몇 초만 지나면 그립력이 상실됩니다. 아마 당신은 총을 똑바로 쥐지도 못할 것 같아요.<0A><00>,64,not_generated,
codec,243,릿,64,1,codec:243:920,"To hear Sokolov tell it, though, the rivalry<0A>was really all in Granin's head.<0A><END>",Sokolov의 말을 들어보니 경쟁은 Granin의 머릿속에만 있었습니다.<0A><00>,64,not_generated,
codec,243,링,64,1,codec:243:329,"However, remember that rolling<0A>consumes more stamina than<0A>standard running.<0A><END>",그러나 롤링은 표준 달리기보다 LIFE을 더 많이 소비한다는 점을 기억해.<0A><00>,64,not_generated,
codec,243,막,64,3,codec:243:978|codec:243:683|codec:243:722,"So what you're saying is, there's also a good<0A>chance that whoever doesn't want to see that<0A>happen is going to try and interfere?<0A><END> || which block the effects of the fake death<0A>pill.<0A><END> || With the technology they had, it was difficult<0A>for the Soviets to develop large engines with<0A>massive thrust.<0A><END>",그걸 막으려는 자가 방해할 가능성도 크다는 거지?<0A><00> || 가사약의 효과를 막아.<0A><00> || 소련이 보유한 기술로는 막대한 추력을 갖춘 대형 엔진을 개발하기가 어려웠습니다.<0A><00>,64,not_generated,
codec,243,많,64,5,codec:243:329|codec:243:2816|codec:243:844|codec:243:943|codec:243:998,"However, remember that rolling<0A>consumes more stamina than<0A>standard running.<0A><END> || Snake, <G68>a va ? Tu as l'air tr<G69>s fatigu<G6A>.<0A><END> || Snake, are you all right? You seem<0A>awfully tired.<0A><END> || Yeah, I heard that speech. But a lot of<0A>guys I knew weren't real happy about it...<0A><END> || You won't find her name in the history<0A>books, but her contributions were many<0A>and great.<0A><END>","그러나 롤링은 표준 달리기보다 LIFE을 더 많이 소비한다는 점을 기억해.<0A><00> || Snake, 괜찮아? 많이 지쳐 보여.<0A><00> || Snake, 괜찮아? 많이 지쳐 보여.<0A><00> || 그래, 그 연설은 들었어. 하지만<0A>내가 알던 많은 이들은 달가워하지 않았지...<0A><00> || 역사책에서 그녀의 이름을 찾을 수는 없지만 그녀의 공헌은 많고 훌륭했습니다.<0A><00>",64,not_generated,
codec,243,망,64,3,codec:243:667|codec:243:714|codec:243:944,But remember - timing is critical.<0A>The effect will be ruined if you revive<0A>right in front of your enemy.<0A><END> || That's right. She has her own intelligence<0A>channels that she cultivated during the last<0A>war.<0A><END> || They said no one was gonna make them<0A>go on a mission to blow up some damn<0A>moon base.<0A><END>,하지만 기억해. 타이밍이 중요합니다. 적의 바로 앞에서 부활하면 효과가 망가집니다.<0A><00> || 맞아. 그녀는 지난 전쟁 때 만든 정보망이 있어.<0A><00> || 그들은 아무도 MISSION로 가서 망할 달 기지를 폭파하게 만들지 않을 것이라고 말했습니다.<0A><00>,64,not_generated,
codec,243,맞,64,5,codec:243:879|codec:243:955|codec:243:1005|codec:243:714|codec:243:741,"It looks cool on you.<0A><END> || Perhaps you're right.<0A><END> || Precisely. The motto itself is a tribute to<0A>her service.<0A><END> || That's right. She has her own intelligence<0A>channels that she cultivated during the last<0A>war.<0A><END> || With the mission cancelled, the mask was<0A>going to be thrown away... but the guy at the<0A>CIA's tech division who created it pitched a fit.<0A><END>",잘 맞아.<0A><00> || 맞는 말이야.<0A><00> || 맞아. 그 구호도 그녀의 공적을 기린 거야.<0A><00> || 맞아. 그녀는 지난 전쟁 때 만든 정보망이 있어.<0A><00> || MISSION가 취소되면서 마스크는 버려질 예정이었지만... 이 마스크를 만든 CIA의 기술 부서 직원이 딱 맞았습니다.<0A><00>,64,not_generated,
codec,243,맡,64,1,codec:243:966,And now they're being sent out to stand<0A>watch over a field exercise?<0A><END>,이제 야외 훈련 경비까지 맡는 건가?<0A><00>,64,not_generated,
codec,243,매,64,3,codec:243:848|codec:243:790|codec:243:778,"Really? You lose your grip strength after<0A>only a few seconds when hanging. I'll bet<0A>you can't even hold your gun straight.<0A><END> || Right now, Sokolov is out there wandering<0A>around the jungle alone. What are you going<0A>to do if he gets caught by the enemy?<0A><END> || That's the idea. The two factions are fighting<0A>over Sokolov. We're in an extremely<0A>dangerous situation here.<0A><END>",정말요? 매달린 후 단 몇 초만 지나면 그립력이 상실됩니다. 아마 당신은 총을 똑바로 쥐지도 못할 것 같아요.<0A><00> || Sokolov는 혼자 정글을 헤매고 있어. 적에게 잡히면 어쩔 거야?<0A><00> || 그게 아이디어입니다. 두 세력이 Sokolov를 놓고 싸우고 있다. 우리는 지금 매우 위험한 상황에 처해 있다.<0A><00>,64,not_generated,
codec,243,맹,64,1,codec:243:927,"Thus, the two formed an alliance, and<0A>Volgin took the Granin Design Bureau<0A>under his control.<0A><END>","그리하여 두 사람은 동맹을 맺게 되었고, Volgin은 Granin Design Bureau를 그의 통제하에 두게 되었습니다.<0A><00>",64,not_generated,
codec,243,맺,64,1,codec:243:927,"Thus, the two formed an alliance, and<0A>Volgin took the Granin Design Bureau<0A>under his control.<0A><END>","그리하여 두 사람은 동맹을 맺게 되었고, Volgin은 Granin Design Bureau를 그의 통제하에 두게 되었습니다.<0A><00>",64,not_generated,
codec,243,먹,64,4,codec:243:860|codec:243:861|codec:243:2080|codec:243:676,"Eating is a necessary part of your mission.<0A>When your stamina gets low, make sure<0A>you eat something. Got it?<0A><END> || Snake, there are other ways to recover<0A>your stamina besides eating.<0A><END> || Tu sais comment te nourrir?<0A><END> || When you take the fake death pill,<0A>it causes your body to rapidly secrete a<0A>number of chemicals -<0A><END>","먹는 것은 MISSION에 꼭 필요한 부분다. LIFE가 떨어지면 꼭 뭔가를 먹어보세요. 알았어요?<0A><00> || Snake, 먹는 것 말고도 체력을 회복할 수 있는 방법이 있구나.<0A><00> || 먹는 법은 알아?<0A><00> || 가사 상태 알약을 먹으면<0A>몸에서 빠르게<0A>여러 화학물질이 분비된다-<0A><00>",64,not_generated,
codec,243,멀,64,3,codec:243:912|codec:243:948|codec:243:2920,"And if you use the insecticidal bug juice,<0A>the hornets should stay away as long as<0A>the effect lasts.<0A><END> || Even if that's still a long way from reality...<0A><END> || M<G6B>me si on est encore loin de la r<G6A>alit<G6A>...<0A><END>",그리고 살충 벌레즙을 사용하면 효과가 지속되는 한 말벌이 멀리 떨어져 있어야 합니다.<0A><00> || 아직 현실과는 멀지만...<0A><00> || 아직 현실과는 멀지만...<0A><00>,64,not_generated,
codec,243,멋,64,1,codec:243:877,It looks cool!<0A><END>,멋진데!<0A><00>,64,not_generated,
codec,243,메,64,2,codec:243:688|codec:243:693,"The secretion of methionin enkephalin<0A>triggered by the fake death pill causes<0A>the opioid receptors...<0A><END> || There are three types of receptors: delta,<0A>kappa, and mu. Methionin enkephalin acts<0A>on the...<0A><END>","가짜 사형제에 의해 촉발된 메티오닌 엔케팔린 분비는 오피오이드 수용체를...<0A><00> || 수용체에는 델타, 카파, 뮤의 세 가지 유형이 있습니다. 메티오닌 엔케팔린은 다음과 같은 작용을 합니다.<0A><00>",64,not_generated,
codec,243,며,64,3,codec:243:919|codec:243:836|codec:243:773,"He's Sokolov's archrival, and the two have<0A>competed fiercely against each other since<0A>the days of the war.<0A><END> || In Caution Phase, enemy soldiers will be<0A>more cautious in their patrols, and they'll<0A>likely be more difficult to detect.<0A><END> || It competes with the KGB, which is under<0A>the Ministry of Internal Affairs, and the<0A>two are always watching each other.<0A><END>","그는 Sokolov의 최대 라이벌이며, 두 사람은 전쟁 초기부터 치열한 경쟁을 벌였습니다.<0A><00> || 주의 단계에서는 적 병사들이 순찰에 있어 더 주의 깊어지며, 탐지하기가 더 어려워질 것이다.<0A><00> || 그것은 내무부 산하인 KGB와 경쟁하며, 두 조직은 항상 서로를 감시합니다.<0A><00>",64,not_generated,
codec,243,몇,64,2,codec:243:848|codec:243:708,"Really? You lose your grip strength after<0A>only a few seconds when hanging. I'll bet<0A>you can't even hold your gun straight.<0A><END> || The intelligence communities of the West have<0A>tried time and again to find out what they're<0A>working on, but they've failed consistently.<0A><END>",정말요? 매달린 후 단 몇 초만 지나면 그립력이 상실됩니다. 아마 당신은 총을 똑바로 쥐지도 못할 것 같아요.<0A><00> || 서구의 정보 기관은 자신들이 무엇을 하고 있는지 알아내기 위해 몇 번이고 노력했지만 계속해서 실패했습니다.<0A><00>,64,not_generated,
codec,243,모,64,17,codec:243:659|codec:243:827|codec:243:772|codec:243:954|codec:243:991|codec:243:670|codec:243:899|codec:243:1006|codec:243:774|codec:243:1939|codec:243:2759|codec:243:771|codec:243:709|codec:243:729|codec:243:1001|codec:243:1004|codec:243:1002,"And there's no way you'll survive a battle<0A>with a large enemy contingent.<0A><END> || First of all, there's the state in which the<0A>enemy in that area doesn't know that you're<0A>there. This is called Normal Phase.<0A><END> || GRU is a military espionage outfit, the<0A>intelligence wing of the Soviet Defense<0A>Ministry's General Staff Office.<0A><END> || Guess it all depends on whether you have<0A>the will to make it happen.<0A><END> || He is truly a fearsome man.<0A>There's no telling what he might be<0A>plotting. Be careful.<0A><END> || I don't feel right taking some pill I don't know<0A>anything about. How does it make me look<0A>dead? How's it gonna affect my body?<0A><END> || I suppose you might be able to disguise<0A>yourself as a crocodile by wearing that cap<0A>and sticking your head out of the water.<0A><END> || Needless to say, the SAS has become<0A>a model for special forces units all over<0A>the world.<0A><END> || Never let the left hand know what<0A>the right hand is doing.<0A><END> || No lo s<G6A>. Yo nunca pens<G6A> que <G6E>bamos a llegar<0A>al espacio.<0A><END> || Nous <G6A>tudions toutes les possibilit<G6A>s.<0A><END> || Snake, stay alert. The KGB and GRU both<0A>have their sights set on Sokolov.<0A><END> || So you have absolutely no idea what<0A>Sokolov is developing?<0A><END> || That's my best guess. We don't know for<0A>sure, but...<0A><END> || The dummy run on Heliopolis and the<0A>nighttime raids on German air bases in<0A>North Africa were her idea as well.<0A><END> || The motto of the SAS.<0A><END> || Yes, she was always one step ahead of<0A>the rest of us, both in thought and action.<0A><END>","그리고 대규모 적군과의 전투에서 살아남을 방법은 없다.<0A><00> || 우선, 그 지역의 적이 당신이 거기에 있다는 것을 모르는 상태가 있다. 이것을 정상 단계라고 합니다.<0A><00> || GRU는 소련 국방부 참모실 산하 정보부 소속의 군사 첩보 기관입니다.<0A><00> || 모든 것은 당신이 그것을 실현할 의지가 있는지 여부에 달려 있다고 생각합니다.<0A><00> || 정말 무서운 사람이네요. 그가 무슨 음모를 꾸미고 있는지는 알 수 없다. 조심해.<0A><00> || 전혀 모르는 약을 복용하는 것이 기분이 좋지 않습니다. 어떻게 하면 내가 죽은 것처럼 보이나요? 내 몸에 어떤 영향을 미칠까요?<0A><00> || 저 모자를 쓰고 물 밖으로 머리를 내밀면 악어로 변장할 수도 있을 것 같아요.<0A><00> || SAS는 말할 필요도 없이 전 세계 특수부대들의 모델이 되었습니다.<0A><00> || 오른손이 하는 일을 왼손이 모르게 하라.<0A><00> || 모르겠어요. 나는 우리가 우주에 도달할 것이라고는 전혀 생각하지 못했습니다.<0A><00> || 우리는 모든 가능성을 연구하고 있다.<0A><00> || Snake, 정신 차려. KGB와 GRU는 모두 Sokolov를 목표로 삼고 있습니다.<0A><00> || 그렇다면 Sokolov가 무엇을 개발하고 있는지 전혀 모르시나요?<0A><00> || 그게 내 추측이에요. 우리는 확실히 모르지만...<0A><00> || 헬리오폴리스에서의 모의 비행과 북아프리카의 독일 공군 기지에 대한 야간 공습 역시 그녀의 아이디어였습니다.<0A><00> || SAS의 모토입니다.<0A><00> || 예, 그녀는 생각과 행동 모두에서 항상 우리보다 한발 앞서 있었습니다.<0A><00>",64,not_generated,
codec,243,목,64,3,codec:243:928|codec:243:771|codec:243:936,"But now Volgin's got his sights set<0A>on Sokolov?<0A><END> || Snake, stay alert. The KGB and GRU both<0A>have their sights set on Sokolov.<0A><END> || That same year, the Mercury program<0A>was launched with the goal of putting<0A>a man into space.<0A><END>","그런데 이제 Volgin가 Sokolov를 목표로 삼고 있다고요?<0A><00> || Snake, 정신 차려. KGB와 GRU는 모두 Sokolov를 목표로 삼고 있습니다.<0A><00> || 같은 해, 사람을 우주에 보내는 것을 목표로 머큐리 프로그램이 시작되었습니다.<0A><00>",64,not_generated,
codec,243,몰,64,6,codec:243:890|codec:243:706|codec:243:969|codec:243:953|codec:243:665|codec:243:975,"""The Alligator People."" It's a science fiction<0A>movie. You've never heard of it?<0A><END> || and we don't even know their exact locations,<0A>much less the nature of their research.<0A><END> || I don't know.<0A><END> || I don't know. I never even thought we'd<0A>make it up into space.<0A><END> || It may come in handy if you ever find<0A>yourself cornered.<0A><END> || This secret test is an act of desperation<0A>by a cornered man.<0A><END>","""The Alligator People""은 SF 영화야. 몰라?<0A><00> || 정확한 위치도 연구 내용도 몰라.<0A><00> || 몰라.<0A><00> || 몰라. 우주에 갈 수 있을 줄도 몰랐어.<0A><00> || 궁지에 몰리면 도움이 될 거야.<0A><00> || 이 비밀 테스트는 궁지에 몰린 남자의 절박한 행위입니다.<0A><00>",64,not_generated,
codec,243,몸,64,3,codec:243:670|codec:243:676|codec:243:850,"I don't feel right taking some pill I don't know<0A>anything about. How does it make me look<0A>dead? How's it gonna affect my body?<0A><END> || When you take the fake death pill,<0A>it causes your body to rapidly secrete a<0A>number of chemicals -<0A><END> || Your body is exhausted. Look at your<0A>Stamina Gauge. It's almost empty, isn't it?<0A><END>",전혀 모르는 약을 복용하는 것이 기분이 좋지 않습니다. 어떻게 하면 내가 죽은 것처럼 보이나요? 내 몸에 어떤 영향을 미칠까요?<0A><00> || 가사 상태 알약을 먹으면<0A>몸에서 빠르게<0A>여러 화학물질이 분비된다-<0A><00> || 몸이 지쳤습니다. STAMINA 게이지를 살펴보세요. 거의 비어있죠?<0A><00>,64,not_generated,
codec,243,뭔,64,2,codec:243:860|codec:243:792,"Eating is a necessary part of your mission.<0A>When your stamina gets low, make sure<0A>you eat something. Got it?<0A><END> || We're still looking into why we lost contact<0A>with The Boss. I'll let you know as soon as<0A>we find anything out.<0A><END>",먹는 것은 MISSION에 꼭 필요한 부분다. LIFE가 떨어지면 꼭 뭔가를 먹어보세요. 알았어요?<0A><00> || 더보스님과 연락이 끊긴 이유는 아직 조사중입니다. 뭔가 알아내는 대로 알려드리겠습니다.<0A><00>,64,not_generated,
codec,243,뮤,64,1,codec:243:693,"There are three types of receptors: delta,<0A>kappa, and mu. Methionin enkephalin acts<0A>on the...<0A><END>","수용체에는 델타, 카파, 뮤의 세 가지 유형이 있습니다. 메티오닌 엔케팔린은 다음과 같은 작용을 합니다.<0A><00>",64,not_generated,
codec,243,밀,64,10,codec:243:941|codec:243:707|codec:243:945|codec:243:899|codec:243:701|codec:243:702|codec:243:705|codec:243:917|codec:243:728|codec:243:975,"After that, with America still lagging behind<0A>the Soviets in orbital flight, President<0A>Kennedy made a momentous decision.<0A><END> || And Sokolov's OKB-754 is the most secret<0A>bureau of them all.<0A><END> || But rocket research and missile research<0A>are closely related.<0A><END> || I suppose you might be able to disguise<0A>yourself as a crocodile by wearing that cap<0A>and sticking your head out of the water.<0A><END> || Major, what kind of place is this secret<0A>Design Bureau that Sokolov is heading?<0A><END> || Mmm. The Soviets have a number of secret<0A>Design Bureaus like this one, each engaged<0A>in cutting-edge research.<0A><END> || Most of them are located in secret cities<0A>built in isolated areas,<0A><END> || OKB-812. It's the same type of top-secret<0A>facility as Sokolov's own OKB-754.<0A><END> || So this secret weapon is some kind of<0A>ballistic device?<0A><END> || This secret test is an act of desperation<0A>by a cornered man.<0A><END>","그 뒤 우주 경쟁에서 밀리던 미국의 Kennedy가 중대한 결정을 내렸지.<0A><00> || Sokolov의 OKB-754는 그중에서도 최고 기밀이야.<0A><00> || ROCKET과 MISSILE 연구는 밀접해.<0A><00> || 저 모자를 쓰고 물 밖으로 머리를 내밀면 악어로 변장할 수도 있을 것 같아요.<0A><00> || 소령, Sokolov가 이끄는 이 비밀 설계국이 어떤 곳인가?<0A><00> || 소련엔 첨단 연구를 하는 비밀 설계국이 여럿 있어.<0A><00> || 대부분 외딴 지역의 비밀 도시에 있어.<0A><00> || OKB-812. Sokolov의 OKB-754와 같은 종류의 일급비밀 시설이다.<0A><00> || 그렇다면 이 비밀병기는 일종의 탄도장치라는 겁니까?<0A><00> || 이 비밀 테스트는 궁지에 몰린 남자의 절박한 행위입니다.<0A><00>",64,not_generated,
codec,243,밍,64,1,codec:243:667,But remember - timing is critical.<0A>The effect will be ruined if you revive<0A>right in front of your enemy.<0A><END>,하지만 기억해. 타이밍이 중요합니다. 적의 바로 앞에서 부활하면 효과가 망가집니다.<0A><00>,64,not_generated,
codec,243,박,64,2,codec:243:679|codec:243:975,"causing your heart rate, your breathing<0A>rate, and your body temperature to drop<0A>dramatically.<0A><END> || This secret test is an act of desperation<0A>by a cornered man.<0A><END>","심박수, 호흡수, 체온이 급격하게 떨어집니다.<0A><00> || 이 비밀 테스트는 궁지에 몰린 남자의 절박한 행위입니다.<0A><00>",64,not_generated,
codec,243,반,64,14,codec:243:924|codec:243:989|codec:243:812|codec:243:813|codec:243:814|codec:243:923|codec:243:815|codec:243:777|codec:243:757|codec:243:681|codec:243:776|codec:243:809|codec:243:1012|codec:243:770,"Apparently, Granin meant to use the funds<0A>provided by these opposition forces in<0A>order to defeat his old foe.<0A><END> || Apparently, he likes to boast that he<0A>""disposed of"" over 100,000<0A>anti-communists.<0A><END> || Automatic weapons use recoil to operate,<0A>so if you don't let the recoil hit you, it<0A>interferes with the operating cycle of the gun.<0A><END> || Basically, he shouldn't be trying to avoid<0A>the impact like that.<0A><END> || But with a revolver, there's no need to<0A>let the recoil hit you.<0A><END> || Granin threw in his lot with Volgin,<0A>the vanguard of the anti-Khrushchev<0A>movement.<0A><END> || Just the opposite - avoiding the recoil lets<0A>you reduce the strain on your hand and arm.<0A><END> || So Khrushchev is using the KGB, and<0A>Volgin and the anti-Khrushchev forces<0A>are using the GRU?<0A><END> || The man the mask is based on is a GRU<0A>officer.<0A><END> || The revival pill, to put it simply, is a<0A>counteracting agent to the fake death pill.<0A><END> || there's a vicious power struggle going on<0A>between the Khrushchev faction and<0A>the anti-Khrushchev faction.<0A><END> || When he fired, he was bending his elbow<0A>sharply to avoid the recoil.<0A><END> || When you don't want anybody following<0A>your trail, make sure to crawl.<0A><END> || When you go in to meet Sokolov, make sure<0A>you remove your disguise. Got it?<0A><END>","분명히 Granin은 그의 옛 적을 물리치기 위해 이러한 반대 세력이 제공한 자금을 사용하려고 했다.<0A><00> || 분명히 그는 100,000명이 넘는 반공주의자들을 ""처분""했다고 자랑하기를 좋아합니다.<0A><00> || 자동화기는 반동으로 작동해. 반동을 피하면 작동에 문제가 생겨.<0A><00> || 반동을 저렇게 피하면 안 된다는 거야.<0A><00> || REVOLVER는 반동을 받을 필요가 없어.<0A><00> || Granin는 반흐루쇼프 운동의 선봉인 Volgin와 함께 제비를 뽑았습니다.<0A><00> || 그 반대입니다. 반동을 피하면 손과 팔의 부담을 줄일 수 있습니다.<0A><00> || 그렇다면 흐루시초프는 KGB를 사용하고 있고, Volgin과 반흐루시초프 세력은 GRU를 사용하고 있다는 겁니까?<0A><00> || 마스크의 기반이 된 남자는 GRU 장교입니다.<0A><00> || 소생약은 쉽게 말하면 가짜 죽음의 약에 대한 반작용제입니다.<0A><00> || 흐루쇼프파와 반흐루쇼프파 사이에 악랄한 권력투쟁이 벌어지고 있다.<0A><00> || 쏠 때 팔꿈치를 크게 굽혀 반동을 피하고 있었어.<0A><00> || 누구도 당신의 흔적을 따라가는 것을 원하지 않을 때 반드시 기어가십시오.<0A><00> || Sokolov를 만나러 들어갈 때는 반드시 변장을 벗어야 합니다. 알았어요?<0A><00>",64,not_generated,
codec,243,받,64,6,codec:243:750|codec:243:814|codec:243:911|codec:243:915|codec:243:900|codec:243:971,"But I spend three days a month just dealing<0A>with the complaints we get about him... ah<0A>well, never mind.<0A><END> || But with a revolver, there's no need to<0A>let the recoil hit you.<0A><END> || If you're attacked by hornets, I'd advise<0A>you to try using a smoke grenade.<0A><END> || If you're attacked by hornets, you should<0A>change into white clothes.<0A><END> || Snake, hurry and get those injuries<0A>treated!<0A><END> || What I do know is that the director of the<0A>Ninth Directorate is a well-known prot<G6A>g<G6A>e<0A>of Khrushchev.<0A><END>","저는 한 달에 3일을 그 사람에 대해 받는 불만 사항을 처리하는 데 소비합니다... 아 뭐, 신경쓰지 마세요.<0A><00> || REVOLVER는 반동을 받을 필요가 없어.<0A><00> || 말벌에게 공격받으면 SMOKE GRENADE를 써.<0A><00> || 말벌의 공격을 받으면 흰 옷으로 갈아입어야 합니다.<0A><00> || Snake, 빨리 부상을 치료받아라!<0A><00> || 9국 국장은 Khrushchev의<0A>총애를 받는 인물이다.<0A><00>",64,not_generated,
codec,243,발,64,15,codec:243:662|codec:243:830|codec:243:1011|codec:243:1009|codec:243:946|codec:243:931|codec:243:719|codec:243:703|codec:243:1008|codec:243:902|codec:243:709|codec:243:934|codec:243:688|codec:243:722|codec:243:1002,"are the latest in internal medicines developed<0A>for intelligence ops by the CIA's technology<0A>division.<0A><END> || But if they spot an intruder - that means<0A>you - they'll attack in an attempt to neutralize<0A>you. This is called Alert Phase.<0A><END> || However, if your feet do get wet, just crawl<0A>to avoid leaving any footprints behind.<0A><END> || If you walk like that, you'll leave footprints<0A>behind, and the enemy may follow them<0A>straight to you.<0A><END> || Imagine, if you will, a Soviet Union able to<0A>send wave after wave of nuclear missiles<0A><END> || In 1957, the Soviet Union succeeded<0A>in launching their first artificial satellite,<0A>Sputnik, into orbit.<0A><END> || Mmm. I assume you already know that<0A>Sokolov was the developer of the<0A>multi-engine cluster.<0A><END> || OKB-1, the bureau where the Voskhod<0A>spacecraft was developed and which plays<0A>a leading role in the Soviet space program,<0A><END> || Snake, if you step in any water or mud,<0A>your feet will get wet.<0A><END> || Snake, making it harder for the enemy to<0A>spot you isn't the only advantage to<0A>maintaining a high Camo Index.<0A><END> || So you have absolutely no idea what<0A>Sokolov is developing?<0A><END> || The following year, the space development<0A>programs of the various service branches<0A><END> || The secretion of methionin enkephalin<0A>triggered by the fake death pill causes<0A>the opioid receptors...<0A><END> || With the technology they had, it was difficult<0A>for the Soviets to develop large engines with<0A>massive thrust.<0A><END> || Yes, she was always one step ahead of<0A>the rest of us, both in thought and action.<0A><END>","은 CIA 기술 부서에서 정보 작전을 위해 개발한 최신 내복약다.<0A><00> || 그들이 침입자를 발견하면, 즉 당신을 의미합니다. 그들은 당신을 무력화하기 위해 공격할 거다. 이를 경고 단계라고 합니다.<0A><00> || 하지만 발이 젖으면 발자국이 남지 않도록 기어가세요.<0A><00> || 그렇게 걸으면 발자국이 남아 적이 추적할 수 있어.<0A><00> || 상상해 보세요, 소련이 핵 미사일을 연속으로 발사할 수 있는 상황을<0A><00> || 1957년, 소련은 첫 인공위성 스푸트니크를 궤도에 성공적으로 발사했다.<0A><00> || Sokolov가 MULTI-ENGINE CLUSTER 개발자인 건 알겠지.<0A><00> || Voskhod를 개발한 OKB-1은 소련 우주 계획의 핵심이야.<0A><00> || Snake, 물이나 진흙을 밟으면 발이 젖어.<0A><00> || Snake, 적이 당신을 발견하기 어렵게 만드는 것이 높은 CAMO 지수를 유지하는 데 있어 유일한 이점은 아닙니다.<0A><00> || 그렇다면 Sokolov가 무엇을 개발하고 있는지 전혀 모르시나요?<0A><00> || 이듬해 다양한 서비스 부문의 우주 개발 프로그램<0A><00> || 가짜 사형제에 의해 촉발된 메티오닌 엔케팔린 분비는 오피오이드 수용체를...<0A><00> || 소련이 보유한 기술로는 막대한 추력을 갖춘 대형 엔진을 개발하기가 어려웠습니다.<0A><00> || 예, 그녀는 생각과 행동 모두에서 항상 우리보다 한발 앞서 있었습니다.<0A><00>",64,not_generated,
codec,243,밟,64,1,codec:243:1008,"Snake, if you step in any water or mud,<0A>your feet will get wet.<0A><END>","Snake, 물이나 진흙을 밟으면 발이 젖어.<0A><00>",64,not_generated,
codec,243,배,64,4,codec:243:964|codec:243:986|codec:243:458|codec:243:715,"But they're assigned to protect ""Party and<0A>government"" figures.<0A><END> || During the war, Volgin was assigned to<0A>the domestic branch of the NKVD.<0A><END> || Put unnecessary weapons back into<0A>your backpack.<0A><END> || She shared what she learned with us.<0A><END>","하지만 그들은 ""당과 정부"" 인물을 보호하기 위해 배정되었습니다.<0A><00> || 전쟁 중 Volgin은 NKVD 국내 지부에 배치됐어.<0A><00> || 불필요한 무기를 다시 배낭에 넣으세요.<0A><00> || 그녀는 자신이 배운 내용을 우리에게 공유했습니다.<0A><00>",64,not_generated,
codec,243,백,64,1,codec:243:658,"We'll be providing you with support over<0A>the radio, but out in the field, you're on<0A>your own. There's no backup.<0A><END>",우리는 무선을 통해 지원을 제공할 예정이지만 현장에서는 스스로 해결해야 합니다. 백업이 없습니다.<0A><00>,64,not_generated,
codec,243,벌,64,10,codec:243:912|codec:243:987|codec:243:919|codec:243:907|codec:243:911|codec:243:908|codec:243:915|codec:243:910|codec:243:906|codec:243:776,"And if you use the insecticidal bug juice,<0A>the hornets should stay away as long as<0A>the effect lasts.<0A><END> || He was stationed in the rear of the Soviet<0A>line to catch and punish any troops who<0A>tried to retreat or desert.<0A><END> || He's Sokolov's archrival, and the two have<0A>competed fiercely against each other since<0A>the days of the war.<0A><END> || If used wisely, this can sow panic among<0A>the enemy, but if you're not careful, the<0A>hornets may end up attacking you.<0A><END> || If you're attacked by hornets, I'd advise<0A>you to try using a smoke grenade.<0A><END> || If you're attacked by hornets, wiggle the<0A>Circle Pad around and wave your survival<0A>knife to shoo them away.<0A><END> || If you're attacked by hornets, you should<0A>change into white clothes.<0A><END> || Smoke is another useful tool in keeping<0A>hornets away.<0A><END> || Snake, when you knock down a hornets'<0A>nest, a large swarm of hornets will come<0A>flying out.<0A><END> || there's a vicious power struggle going on<0A>between the Khrushchev faction and<0A>the anti-Khrushchev faction.<0A><END>","그리고 살충 벌레즙을 사용하면 효과가 지속되는 한 말벌이 멀리 떨어져 있어야 합니다.<0A><00> || 소련군 후방에서 후퇴나 탈영한 병사를 잡아 처벌했어.<0A><00> || 그는 Sokolov의 최대 라이벌이며, 두 사람은 전쟁 초기부터 치열한 경쟁을 벌였습니다.<0A><00> || 현명하게 사용하면 적군에게 공포감을 심어줄 수 있지만, 조심하지 않으면 말벌이 당신을 공격할 수도 있다.<0A><00> || 말벌에게 공격받으면 SMOKE GRENADE를 써.<0A><00> || 말벌이 덤비면 CIRCLE PAD를 흔들고 KNIFE를 휘둘러 쫓아.<0A><00> || 말벌의 공격을 받으면 흰 옷으로 갈아입어야 합니다.<0A><00> || SMOKE도 말벌을 쫓는 데 유용해.<0A><00> || Snake, 말벌 둥지를 쓰러뜨리면 큰 말벌 떼가 날아옵니다.<0A><00> || 흐루쇼프파와 반흐루쇼프파 사이에 악랄한 권력투쟁이 벌어지고 있다.<0A><00>",64,not_generated,
codec,243,벽,64,1,codec:243:34,Perfect?<0A><END>,완벽합니까?<0A><00>,64,not_generated,
codec,243,변,64,5,codec:243:739|codec:243:894|codec:243:899|codec:243:903|codec:243:770,"An agent was supposed to disguise himself<0A>as a Soviet officer and sneak into an enemy<0A>installation.<0A><END> || but then his head turns into a crocodile<0A>head.<0A><END> || I suppose you might be able to disguise<0A>yourself as a crocodile by wearing that cap<0A>and sticking your head out of the water.<0A><END> || The harder you are to distinguish from<0A>your surroundings, the harder you are<0A>to hit.<0A><END> || When you go in to meet Sokolov, make sure<0A>you remove your disguise. Got it?<0A><END>",요원이 소련 장교로 변장해 적 시설에 잠입할 예정이었어.<0A><00> || 그러다 머리가 악어로 변해.<0A><00> || 저 모자를 쓰고 물 밖으로 머리를 내밀면 악어로 변장할 수도 있을 것 같아요.<0A><00> || 주변 환경과 구별하기 어려울수록 공격하기가 더 어려워집니다.<0A><00> || Sokolov를 만나러 들어갈 때는 반드시 변장을 벗어야 합니다. 알았어요?<0A><00>,64,not_generated,
codec,243,병,64,3,codec:243:987|codec:243:836|codec:243:728,"He was stationed in the rear of the Soviet<0A>line to catch and punish any troops who<0A>tried to retreat or desert.<0A><END> || In Caution Phase, enemy soldiers will be<0A>more cautious in their patrols, and they'll<0A>likely be more difficult to detect.<0A><END> || So this secret weapon is some kind of<0A>ballistic device?<0A><END>","소련군 후방에서 후퇴나 탈영한 병사를 잡아 처벌했어.<0A><00> || 주의 단계에서는 적 병사들이 순찰에 있어 더 주의 깊어지며, 탐지하기가 더 어려워질 것이다.<0A><00> || 그렇다면 이 비밀병기는 일종의 탄도장치라는 겁니까?<0A><00>",64,not_generated,
codec,243,복,64,10,codec:243:662|codec:243:867|codec:243:670|codec:243:834|codec:243:977|codec:243:861|codec:243:868|codec:243:866|codec:243:682|codec:243:851,"are the latest in internal medicines developed<0A>for intelligence ops by the CIA's technology<0A>division.<0A><END> || How much they recover depends on how<0A>long of a rest you take.<0A><END> || I don't feel right taking some pill I don't know<0A>anything about. How does it make me look<0A>dead? How's it gonna affect my body?<0A><END> || Once Evasion Phase is over, the enemy<0A>should return to base.<0A><END> || should help reestablish Khrushchev's<0A>authority in Moscow.<0A><END> || Snake, there are other ways to recover<0A>your stamina besides eating.<0A><END> || So the longer I rest, the more I'll recover?<0A><END> || The next time you load your save data and<0A>continue the game, your stamina and LIFE<0A>will have recovered.<0A><END> || When you take it, it causes your body to<0A>secrete stimulants, like noradrenaline and<0A>other chemicals such as naloxone,<0A><END> || You can't continue your mission in this<0A>state. You need to eat something and<0A>recover your stamina.<0A><END>","은 CIA 기술 부서에서 정보 작전을 위해 개발한 최신 내복약다.<0A><00> || 쉬는 시간에 따라 회복량이 달라.<0A><00> || 전혀 모르는 약을 복용하는 것이 기분이 좋지 않습니다. 어떻게 하면 내가 죽은 것처럼 보이나요? 내 몸에 어떤 영향을 미칠까요?<0A><00> || Evasion Phase가 끝나면 enemy는 복귀해.<0A><00> || Moscow에서 Khrushchev의 권위를 회복시킬 거야.<0A><00> || Snake, 먹는 것 말고도 체력을 회복할 수 있는 방법이 있구나.<0A><00> || 오래 쉴수록 더 회복되나?<0A><00> || 다시 LOAD하면 STAMINA와 LIFE가 회복돼.<0A><00> || 복용하면 noradrenaline, naloxone 같은 자극 물질이 분비돼.<0A><00> || 이 상태론 MISSION을 못 해. FOOD로 STAMINA를 회복해.<0A><00>",64,not_generated,
codec,243,볼,64,3,codec:243:672|codec:243:816|codec:243:808,I get it. I should ask Para-Medic.<0A>Para-Medic!<0A><END> || That kid might just be handy with a<0A>high-caliber revolver.<0A><END> || Uh huh. And what were you saying about<0A>him being more suited to revolvers?<0A><END>,알겠어. Para-Medic에게 물어볼게. Para-Medic!<0A><00> || 그 아이는 구경이 큰 리볼버를 가지고 있으면 좋을 것 같아요.<0A><00> || 어허. 그리고 그가 리볼버에 더 적합하다고 뭐라고 말씀하셨나요?<0A><00>,64,not_generated,
codec,243,봉,64,2,codec:243:923|codec:243:990,"Granin threw in his lot with Volgin,<0A>the vanguard of the anti-Khrushchev<0A>movement.<0A><END> || We also know that he was instrumental in<0A>putting down the 1953 insurrection in East<0A>Germany and the 1956 uprising in Hungary.<0A><END>",Granin는 반흐루쇼프 운동의 선봉인 Volgin와 함께 제비를 뽑았습니다.<0A><00> || 우리는 또한 그가 1953년 동독 봉기와 1956년 헝가리 봉기를 진압하는 데 중요한 역할을 했다는 사실도 알고 있다.<0A><00>,64,not_generated,
codec,243,북,64,1,codec:243:1001,The dummy run on Heliopolis and the<0A>nighttime raids on German air bases in<0A>North Africa were her idea as well.<0A><END>,헬리오폴리스에서의 모의 비행과 북아프리카의 독일 공군 기지에 대한 야간 공습 역시 그녀의 아이디어였습니다.<0A><00>,64,not_generated,
codec,243,불,64,3,codec:243:750|codec:243:458|codec:243:733,"But I spend three days a month just dealing<0A>with the complaints we get about him... ah<0A>well, never mind.<0A><END> || Put unnecessary weapons back into<0A>your backpack.<0A><END> || Yeah. For some reason it feels kind of...<0A>nostalgic.<0A><END>","저는 한 달에 3일을 그 사람에 대해 받는 불만 사항을 처리하는 데 소비합니다... 아 뭐, 신경쓰지 마세요.<0A><00> || 불필요한 무기를 다시 배낭에 넣으세요.<0A><00> || 네. 왠지... 향수를 불러일으키는 느낌이 듭니다.<0A><00>",64,not_generated,
codec,243,붓,64,1,codec:243:947,raining down on Washington from a base<0A>on the surface of the moon.<0A><END>,달 표면의 기지에서 Washington에 쏟아붓는 거지.<0A><00>,64,not_generated,
codec,243,비,64,26,codec:243:2967|codec:243:677|codec:243:966|codec:243:938|codec:243:750|codec:243:1981|codec:243:923|codec:243:984|codec:243:329|codec:243:908|codec:243:701|codec:243:702|codec:243:705|codec:243:939|codec:243:917|codec:243:937|codec:243:728|codec:243:1001|codec:243:934|codec:243:688|codec:243:975|codec:243:740|codec:243:995|codec:243:682|codec:243:676|codec:243:850,"A la cr<G6A>ation des SAS, le Special Air Service<0A>britannique, The Boss a <G6A>t<G6A> invit<G6A> comme<0A>conseill<G69>re sp<G6A>cialis<G6A>e.<0A><END> || adenosine and serotonin as well as opioid<0A>peptides such as methionin enkephalin.<0A><END> || And now they're being sent out to stand<0A>watch over a field exercise?<0A><END> || But as you know, it was a Soviet cosmonaut,<0A>Yuri Gagarin, who made the first successful<0A>manned space flight three years ago.<0A><END> || But I spend three days a month just dealing<0A>with the complaints we get about him... ah<0A>well, never mind.<0A><END> || Cuando fundaron la SAS, el Servicio Especial<0A>A<G6A>reo Brit<G62>nico, invitaron a The Boss como<0A>tutor especial.<0A><END> || Granin threw in his lot with Volgin,<0A>the vanguard of the anti-Khrushchev<0A>movement.<0A><END> || His name is Yevgeny Borisovitch Volgin.<0A>His code name in the West is<0A>""Thunderbolt.""<0A><END> || However, remember that rolling<0A>consumes more stamina than<0A>standard running.<0A><END> || If you're attacked by hornets, wiggle the<0A>Circle Pad around and wave your survival<0A>knife to shoo them away.<0A><END> || Major, what kind of place is this secret<0A>Design Bureau that Sokolov is heading?<0A><END> || Mmm. The Soviets have a number of secret<0A>Design Bureaus like this one, each engaged<0A>in cutting-edge research.<0A><END> || Most of them are located in secret cities<0A>built in isolated areas,<0A><END> || NASA's first successful ballistic flight came<0A>one month after Gagarin's mission,<0A><END> || OKB-812. It's the same type of top-secret<0A>facility as Sokolov's own OKB-754.<0A><END> || Seven candidates were chosen from<0A>the military as the first astronauts.<0A>These were the men with the ""right stuff.""<0A><END> || So this secret weapon is some kind of<0A>ballistic device?<0A><END> || The dummy run on Heliopolis and the<0A>nighttime raids on German air bases in<0A>North Africa were her idea as well.<0A><END> || The following year, the space development<0A>programs of the various service branches<0A><END> || The secretion of methionin enkephalin<0A>triggered by the fake death pill causes<0A>the opioid receptors...<0A><END> || This secret test is an act of desperation<0A>by a cornered man.<0A><END> || We had it all set to go, but certain<0A>circumstances forced us to abort the<0A>mission.<0A><END> || When the SAS, the British Special Air<0A>Service, was first established, they invited<0A>The Boss on board as a special advisor.<0A><END> || When you take it, it causes your body to<0A>secrete stimulants, like noradrenaline and<0A>other chemicals such as naloxone,<0A><END> || When you take the fake death pill,<0A>it causes your body to rapidly secrete a<0A>number of chemicals -<0A><END> || Your body is exhausted. Look at your<0A>Stamina Gauge. It's almost empty, isn't it?<0A><END>","SAS가 창설되었을 때 영국 특수 항공 서비스 The Boss가 전문 고문으로 초청되었습니다.<0A><00> || adenosine, serotonin과 opioid peptide도 분비돼.<0A><00> || 이제 야외 훈련 경비까지 맡는 건가?<0A><00> || 3년 전 최초 유인 우주비행에 성공한 건 소련의 Yuri Gagarin이야.<0A><00> || 저는 한 달에 3일을 그 사람에 대해 받는 불만 사항을 처리하는 데 소비합니다... 아 뭐, 신경쓰지 마세요.<0A><00> || 영국 특수 항공 서비스(SAS)를 설립할 때 The Boss를 특별 교사로 초대했습니다.<0A><00> || Granin는 반흐루쇼프 운동의 선봉인 Volgin와 함께 제비를 뽑았습니다.<0A><00> || 그의 이름은 예브게니 보리소비치 Volgin다. 그의 서부 코드명은 ""Thunderbolt""이다.<0A><00> || 그러나 롤링은 표준 달리기보다 LIFE을 더 많이 소비한다는 점을 기억해.<0A><00> || 말벌이 덤비면 CIRCLE PAD를 흔들고 KNIFE를 휘둘러 쫓아.<0A><00> || 소령, Sokolov가 이끄는 이 비밀 설계국이 어떤 곳인가?<0A><00> || 소련엔 첨단 연구를 하는 비밀 설계국이 여럿 있어.<0A><00> || 대부분 외딴 지역의 비밀 도시에 있어.<0A><00> || NASA의 첫 번째 성공적인 탄도 비행은 가가린의 MISSION가 있은 지 한 달 후에 이루어졌습니다.<0A><00> || OKB-812. Sokolov의 OKB-754와 같은 종류의 일급비밀 시설이다.<0A><00> || 최초의 우주 비행사로 군대에서 7명의 후보자가 선정되었습니다. 이들은 ""올바른 물건""을 가진 사람들이었습니다.<0A><00> || 그렇다면 이 비밀병기는 일종의 탄도장치라는 겁니까?<0A><00> || 헬리오폴리스에서의 모의 비행과 북아프리카의 독일 공군 기지에 대한 야간 공습 역시 그녀의 아이디어였습니다.<0A><00> || 이듬해 다양한 서비스 부문의 우주 개발 프로그램<0A><00> || 가짜 사형제에 의해 촉발된 메티오닌 엔케팔린 분비는 오피오이드 수용체를...<0A><00> || 이 비밀 테스트는 궁지에 몰린 남자의 절박한 행위입니다.<0A><00> || 준비는 끝났지만 사정이 생겨 MISSION을 중단했어.<0A><00> || 영국 특수항공서비스(SAS)가 처음 창설되었을 때 The Boss를 특별고문으로 초빙했습니다.<0A><00> || 복용하면 noradrenaline, naloxone 같은 자극 물질이 분비돼.<0A><00> || 가사 상태 알약을 먹으면<0A>몸에서 빠르게<0A>여러 화학물질이 분비된다-<0A><00> || 몸이 지쳤습니다. STAMINA 게이지를 살펴보세요. 거의 비어있죠?<0A><00>",64,not_generated,
codec,243,빈,64,1,codec:243:803,"By making sure there's always a round in<0A>the chamber, you eliminate the risk of pulling<0A>the trigger with nothing to fire.<0A><END>",CHAMBER에 늘 탄이 있으면 빈 총을 쏠 일도 없어.<0A><00>,64,not_generated,
codec,243,빗,64,1,codec:243:904,"In other words, the enemy's shots will miss<0A>more often.<0A><END>",enemy의 총알이 빗나가기 쉬워져.<0A><00>,64,not_generated,
codec,243,빙,64,1,codec:243:995,"When the SAS, the British Special Air<0A>Service, was first established, they invited<0A>The Boss on board as a special advisor.<0A><END>",영국 특수항공서비스(SAS)가 처음 창설되었을 때 The Boss를 특별고문으로 초빙했습니다.<0A><00>,64,not_generated,
codec,243,빠,64,1,codec:243:676,"When you take the fake death pill,<0A>it causes your body to rapidly secrete a<0A>number of chemicals -<0A><END>",가사 상태 알약을 먹으면<0A>몸에서 빠르게<0A>여러 화학물질이 분비된다-<0A><00>,64,not_generated,
codec,243,빨,64,1,codec:243:900,"Snake, hurry and get those injuries<0A>treated!<0A><END>","Snake, 빨리 부상을 치료받아라!<0A><00>",64,not_generated,
codec,243,빼,64,1,codec:243:932,"Having been beaten to the chase by<0A>the Soviets,<0A><END>","소련에 선수를 빼앗긴 뒤,<0A><00>",64,not_generated,
codec,243,뽑,64,1,codec:243:923,"Granin threw in his lot with Volgin,<0A>the vanguard of the anti-Khrushchev<0A>movement.<0A><END>",Granin는 반흐루쇼프 운동의 선봉인 Volgin와 함께 제비를 뽑았습니다.<0A><00>,64,not_generated,
codec,243,뿐,64,1,codec:243:807,The only techniques you can rely on are<0A>the ones you've mastered through<0A>experience and practice.<0A><END>,믿을 건 경험과 훈련으로 익힌 기술뿐이야.<0A><00>,64,not_generated,
codec,243,산,64,2,codec:243:772|codec:243:773,"GRU is a military espionage outfit, the<0A>intelligence wing of the Soviet Defense<0A>Ministry's General Staff Office.<0A><END> || It competes with the KGB, which is under<0A>the Ministry of Internal Affairs, and the<0A>two are always watching each other.<0A><END>","GRU는 소련 국방부 참모실 산하 정보부 소속의 군사 첩보 기관입니다.<0A><00> || 그것은 내무부 산하인 KGB와 경쟁하며, 두 조직은 항상 서로를 감시합니다.<0A><00>",64,not_generated,
codec,243,살,64,4,codec:243:912|codec:243:659|codec:243:666|codec:243:850,"And if you use the insecticidal bug juice,<0A>the hornets should stay away as long as<0A>the effect lasts.<0A><END> || And there's no way you'll survive a battle<0A>with a large enemy contingent.<0A><END> || To revive yourself from the fake-death<0A>state, use the revival pill.<0A><END> || Your body is exhausted. Look at your<0A>Stamina Gauge. It's almost empty, isn't it?<0A><END>",그리고 살충 벌레즙을 사용하면 효과가 지속되는 한 말벌이 멀리 떨어져 있어야 합니다.<0A><00> || 그리고 대규모 적군과의 전투에서 살아남을 방법은 없다.<0A><00> || 가짜 죽음 상태에서 자신을 되살리려면 소생약을 사용하세요.<0A><00> || 몸이 지쳤습니다. STAMINA 게이지를 살펴보세요. 거의 비어있죠?<0A><00>,64,not_generated,
codec,243,삼,64,2,codec:243:928|codec:243:771,"But now Volgin's got his sights set<0A>on Sokolov?<0A><END> || Snake, stay alert. The KGB and GRU both<0A>have their sights set on Sokolov.<0A><END>","그런데 이제 Volgin가 Sokolov를 목표로 삼고 있다고요?<0A><00> || Snake, 정신 차려. KGB와 GRU는 모두 Sokolov를 목표로 삼고 있습니다.<0A><00>",64,not_generated,
codec,243,새,64,1,codec:243:805,And he was obviously motivated by vanity<0A>to show off his new technique. That's when<0A>you make mistakes.<0A><END>,새 기술을 자랑하려는 허영심 때문이었어. 그럴 때 실수하지.<0A><00>,64,not_generated,
codec,243,색,64,5,codec:243:835|codec:243:833|codec:243:832|codec:243:913|codec:243:837,"After the search is aborted, the enemy will<0A>enter Caution Phase.<0A><END> || Evasion Phase will last until the enemy<0A>exhausts their search effort.<0A><END> || Even after they lose sight of you, the<0A>enemy will continue to search the area for<0A>a while. This is called Evasion Phase.<0A><END> || Hornets are prone to becoming agitated<0A>and aggressive when they see the color<0A>black.<0A><END> || In addition to the regular patrols, there's<0A>also a chance that they'll send out additional<0A>search units. Keep on your toes.<0A><END>",수색이 끝나면 Caution Phase가 돼.<0A><00> || 회피 단계는 적이 수색 노력을 소진할 때까지 지속된다.<0A><00> || 적은 널 놓쳐도 잠시 수색해. 이게 EVASION PHASE다.<0A><00> || 호넷은 검은색을 보면 흥분하고 공격적이 되는 경향이 있다.<0A><00> || 정기 순찰 외에 추가 수색 유닛을 파견할 가능성도 있다. 계속해서 긴장해.<0A><00>,64,not_generated,
codec,243,생,64,11,codec:243:812|codec:243:954|codec:243:798|codec:243:1939|codec:243:661|codec:243:681|codec:243:666|codec:243:664|codec:243:740|codec:243:1002|codec:243:786,"Automatic weapons use recoil to operate,<0A>so if you don't let the recoil hit you, it<0A>interferes with the operating cycle of the gun.<0A><END> || Guess it all depends on whether you have<0A>the will to make it happen.<0A><END> || He's your enemy. What the hell were you<0A>think...<0A><END> || No lo s<G6A>. Yo nunca pens<G6A> que <G6E>bamos a llegar<0A>al espacio.<0A><END> || Snake, the fake death and revival pills we<0A>gave you<0A><END> || The revival pill, to put it simply, is a<0A>counteracting agent to the fake death pill.<0A><END> || To revive yourself from the fake-death<0A>state, use the revival pill.<0A><END> || Use it wisely and you should be able to<0A>fool the enemy into thinking you're<0A>really dead.<0A><END> || We had it all set to go, but certain<0A>circumstances forced us to abort the<0A>mission.<0A><END> || Yes, she was always one step ahead of<0A>the rest of us, both in thought and action.<0A><END> || You really think it's bad reception?<0A><END>","자동화기는 반동으로 작동해. 반동을 피하면 작동에 문제가 생겨.<0A><00> || 모든 것은 당신이 그것을 실현할 의지가 있는지 여부에 달려 있다고 생각합니다.<0A><00> || 그는 당신의 적입니다. 도대체 무슨 생각을 한 거야...<0A><00> || 모르겠어요. 나는 우리가 우주에 도달할 것이라고는 전혀 생각하지 못했습니다.<0A><00> || Snake, 가사약과 소생약은<0A><00> || 소생약은 쉽게 말하면 가짜 죽음의 약에 대한 반작용제입니다.<0A><00> || 가짜 죽음 상태에서 자신을 되살리려면 소생약을 사용하세요.<0A><00> || 현명하게 사용하면 적을 속여 자신이 정말로 죽었다고 생각하게 만들 수 있습니다.<0A><00> || 준비는 끝났지만 사정이 생겨 MISSION을 중단했어.<0A><00> || 예, 그녀는 생각과 행동 모두에서 항상 우리보다 한발 앞서 있었습니다.<0A><00> || 정말 수신 상태가 좋지 않다고 생각하시나요?<0A><00>",64,not_generated,
codec,243,선,64,7,codec:243:827|codec:243:923|codec:243:932|codec:243:804|codec:243:828|codec:243:937|codec:243:658,"First of all, there's the state in which the<0A>enemy in that area doesn't know that you're<0A>there. This is called Normal Phase.<0A><END> || Granin threw in his lot with Volgin,<0A>the vanguard of the anti-Khrushchev<0A>movement.<0A><END> || Having been beaten to the chase by<0A>the Soviets,<0A><END> || He must have heard about it from someone,<0A>or read it somewhere... in any case, he<0A>probably wanted to try it out for himself.<0A><END> || In Normal Phase, the enemy will follow<0A>normal procedures for patrols and other<0A>activities.<0A><END> || Seven candidates were chosen from<0A>the military as the first astronauts.<0A>These were the men with the ""right stuff.""<0A><END> || We'll be providing you with support over<0A>the radio, but out in the field, you're on<0A>your own. There's no backup.<0A><END>","우선, 그 지역의 적이 당신이 거기에 있다는 것을 모르는 상태가 있다. 이것을 정상 단계라고 합니다.<0A><00> || Granin는 반흐루쇼프 운동의 선봉인 Volgin와 함께 제비를 뽑았습니다.<0A><00> || 소련에 선수를 빼앗긴 뒤,<0A><00> || 누군가에게서 들었거나, 어디선가 읽어본 적이 있을 텐데... 어쨌든 직접 해보고 싶었을 겁니다.<0A><00> || NORMAL PHASE에선 적이 평소처럼 순찰해.<0A><00> || 최초의 우주 비행사로 군대에서 7명의 후보자가 선정되었습니다. 이들은 ""올바른 물건""을 가진 사람들이었습니다.<0A><00> || 우리는 무선을 통해 지원을 제공할 예정이지만 현장에서는 스스로 해결해야 합니다. 백업이 없습니다.<0A><00>",64,not_generated,
codec,243,셨,64,3,codec:243:956|codec:243:711|codec:243:808,"Major, you said the enemy was KGB,<0A>right?<0A><END> || Then how did you get the information for<0A>this mission? It can't have been from<0A>Sokolov...<0A><END> || Uh huh. And what were you saying about<0A>him being more suited to revolvers?<0A><END>","소령님, 적이 KGB라고 하셨죠?<0A><00> || 그렇다면 이번 미션에 대한 정보는 어떻게 얻으셨나요? Sokolov가 보낸 건 아닐 텐데...<0A><00> || 어허. 그리고 그가 리볼버에 더 적합하다고 뭐라고 말씀하셨나요?<0A><00>",64,not_generated,
codec,243,속,64,9,codec:243:912|codec:243:833|codec:243:772|codec:243:949|codec:243:946|codec:243:837|codec:243:708|codec:243:920|codec:243:664,"And if you use the insecticidal bug juice,<0A>the hornets should stay away as long as<0A>the effect lasts.<0A><END> || Evasion Phase will last until the enemy<0A>exhausts their search effort.<0A><END> || GRU is a military espionage outfit, the<0A>intelligence wing of the Soviet Defense<0A>Ministry's General Staff Office.<0A><END> || If we lose the initiative, we may never get<0A>it back. We're left with no choice but to<0A>keep moving forward, one step at a time.<0A><END> || Imagine, if you will, a Soviet Union able to<0A>send wave after wave of nuclear missiles<0A><END> || In addition to the regular patrols, there's<0A>also a chance that they'll send out additional<0A>search units. Keep on your toes.<0A><END> || The intelligence communities of the West have<0A>tried time and again to find out what they're<0A>working on, but they've failed consistently.<0A><END> || To hear Sokolov tell it, though, the rivalry<0A>was really all in Granin's head.<0A><END> || Use it wisely and you should be able to<0A>fool the enemy into thinking you're<0A>really dead.<0A><END>","그리고 살충 벌레즙을 사용하면 효과가 지속되는 한 말벌이 멀리 떨어져 있어야 합니다.<0A><00> || 회피 단계는 적이 수색 노력을 소진할 때까지 지속된다.<0A><00> || GRU는 소련 국방부 참모실 산하 정보부 소속의 군사 첩보 기관입니다.<0A><00> || 주도권을 잃으면 되찾기 힘들어. 계속 전진해야 해.<0A><00> || 상상해 보세요, 소련이 핵 미사일을 연속으로 발사할 수 있는 상황을<0A><00> || 정기 순찰 외에 추가 수색 유닛을 파견할 가능성도 있다. 계속해서 긴장해.<0A><00> || 서구의 정보 기관은 자신들이 무엇을 하고 있는지 알아내기 위해 몇 번이고 노력했지만 계속해서 실패했습니다.<0A><00> || Sokolov의 말을 들어보니 경쟁은 Granin의 머릿속에만 있었습니다.<0A><00> || 현명하게 사용하면 적을 속여 자신이 정말로 죽었다고 생각하게 만들 수 있습니다.<0A><00>",64,not_generated,
codec,243,손,64,4,codec:243:815|codec:243:774|codec:243:799|codec:243:801,"Just the opposite - avoiding the recoil lets<0A>you reduce the strain on your hand and arm.<0A><END> || Never let the left hand know what<0A>the right hand is doing.<0A><END> || Really! What was all that about doing<0A>the thing with your hand on the first<0A>round or whatever?<0A><END> || Whenever he put a new clip in his gun he'd<0A>always load the first round by hand, whether<0A>there was a round left in the chamber or not.<0A><END>",그 반대입니다. 반동을 피하면 손과 팔의 부담을 줄일 수 있습니다.<0A><00> || 오른손이 하는 일을 왼손이 모르게 하라.<0A><00> || 정말! 첫 탄을 손으로 어쩌고 한 건 뭐였어?<0A><00> || CHAMBER에 탄이 있어도 CLIP을 갈 때 첫 탄을 손으로 넣었어.<0A><00>,64,not_generated,
codec,243,쇼,64,3,codec:243:923|codec:243:922|codec:243:776,"Granin threw in his lot with Volgin,<0A>the vanguard of the anti-Khrushchev<0A>movement.<0A><END> || Knowing that Sokolov was protected under<0A>the aegis of Khrushchev,<0A><END> || there's a vicious power struggle going on<0A>between the Khrushchev faction and<0A>the anti-Khrushchev faction.<0A><END>","Granin는 반흐루쇼프 운동의 선봉인 Volgin와 함께 제비를 뽑았습니다.<0A><00> || Sokolov가 흐루쇼프의 보호 하에 있다는 것을 알고,<0A><00> || 흐루쇼프파와 반흐루쇼프파 사이에 악랄한 권력투쟁이 벌어지고 있다.<0A><00>",64,not_generated,
codec,243,순,64,3,codec:243:837|codec:243:836|codec:243:828,"In addition to the regular patrols, there's<0A>also a chance that they'll send out additional<0A>search units. Keep on your toes.<0A><END> || In Caution Phase, enemy soldiers will be<0A>more cautious in their patrols, and they'll<0A>likely be more difficult to detect.<0A><END> || In Normal Phase, the enemy will follow<0A>normal procedures for patrols and other<0A>activities.<0A><END>","정기 순찰 외에 추가 수색 유닛을 파견할 가능성도 있다. 계속해서 긴장해.<0A><00> || 주의 단계에서는 적 병사들이 순찰에 있어 더 주의 깊어지며, 탐지하기가 더 어려워질 것이다.<0A><00> || NORMAL PHASE에선 적이 평소처럼 순찰해.<0A><00>",64,not_generated,
codec,243,술,64,9,codec:243:805|codec:243:662|codec:243:1829|codec:243:802|codec:243:807|codec:243:843|codec:243:675|codec:243:741|codec:243:722,"And he was obviously motivated by vanity<0A>to show off his new technique. That's when<0A>you make mistakes.<0A><END> || are the latest in internal medicines developed<0A>for intelligence ops by the CIA's technology<0A>division.<0A><END> || Esta t<G6A>cnica te ser<G62> muy <G7B>til durante un<0A>tiroteo. Recu<G6A>rdalo.<0A><END> || It's a technique they teach in the Middle<0A>East.<0A><END> || The only techniques you can rely on are<0A>the ones you've mastered through<0A>experience and practice.<0A><END> || This technique should come in handy during<0A>a firefight. Use it well.<0A><END> || Well, the fake death pill takes the natural<0A>art of playing dead and applies it to the<0A>spy world.<0A><END> || With the mission cancelled, the mask was<0A>going to be thrown away... but the guy at the<0A>CIA's tech division who created it pitched a fit.<0A><END> || With the technology they had, it was difficult<0A>for the Soviets to develop large engines with<0A>massive thrust.<0A><END>","새 기술을 자랑하려는 허영심 때문이었어. 그럴 때 실수하지.<0A><00> || 은 CIA 기술 부서에서 정보 작전을 위해 개발한 최신 내복약다.<0A><00> || 이 기술은 총격전에서 유용해. 기억해.<0A><00> || 중동에서 가르치는 기술입니다.<0A><00> || 믿을 건 경험과 훈련으로 익힌 기술뿐이야.<0A><00> || 총격전에서 유용한 기술이야. 잘 써.<0A><00> || 글쎄, 가짜 죽음의 약은 죽은 척하는 자연스러운 기술을 가져와 스파이 세계에 적용합니다.<0A><00> || MISSION가 취소되면서 마스크는 버려질 예정이었지만... 이 마스크를 만든 CIA의 기술 부서 직원이 딱 맞았습니다.<0A><00> || 소련이 보유한 기술로는 막대한 추력을 갖춘 대형 엔진을 개발하기가 어려웠습니다.<0A><00>",64,not_generated,
codec,243,숨,64,1,codec:243:751,"Anyway, I decided to put this mask we had<0A>in storage to good use by hiding your<0A>identity from the gunship crew.<0A><END>","어쨌든, 나는 우리가 보관하고 있던 이 마스크를 건쉽 승무원들에게 당신의 신원을 숨겨 잘 활용하기로 결정했습니다.<0A><00>",64,not_generated,
codec,243,쉬,64,3,codec:243:867|codec:243:904|codec:243:871,"How much they recover depends on how<0A>long of a rest you take.<0A><END> || In other words, the enemy's shots will miss<0A>more often.<0A><END> || save the game and take a rest and you'll<0A>be back on your feet.<0A><END>",쉬는 시간에 따라 회복량이 달라.<0A><00> || enemy의 총알이 빗나가기 쉬워져.<0A><00> || SAVE하고 쉬면 다시 좋아져.<0A><00>,64,not_generated,
codec,243,쉰,64,1,codec:243:865,"To take a rest, all you have to do is save<0A>and exit the game.<0A><END>",SAVE하고 게임을 끝내면 쉰다.<0A><00>,64,not_generated,
codec,243,쉴,64,1,codec:243:868,"So the longer I rest, the more I'll recover?<0A><END>",오래 쉴수록 더 회복되나?<0A><00>,64,not_generated,
codec,243,쉽,64,3,codec:243:751|codec:243:684|codec:243:681,"Anyway, I decided to put this mask we had<0A>in storage to good use by hiding your<0A>identity from the gunship crew.<0A><END> || Basically, it wakes you up.<0A><END> || The revival pill, to put it simply, is a<0A>counteracting agent to the fake death pill.<0A><END>","어쨌든, 나는 우리가 보관하고 있던 이 마스크를 건쉽 승무원들에게 당신의 신원을 숨겨 잘 활용하기로 결정했습니다.<0A><00> || 쉽게 말해 잠을 깨워.<0A><00> || 소생약은 쉽게 말하면 가짜 죽음의 약에 대한 반작용제입니다.<0A><00>",64,not_generated,
codec,243,승,64,3,codec:243:751|codec:243:1003|codec:243:716,"Anyway, I decided to put this mask we had<0A>in storage to good use by hiding your<0A>identity from the gunship crew.<0A><END> || It's true what they say:<0A>""Who Dares, Wins.""<0A><END> || That we were able to get the green light for<0A>this mission at all is thanks to her pull with<0A>the powers that be at the CIA.<0A><END>","어쨌든, 나는 우리가 보관하고 있던 이 마스크를 건쉽 승무원들에게 당신의 신원을 숨겨 잘 활용하기로 결정했습니다.<0A><00> || ""누가 감히 승리할 것인가""라는 말이 사실입니다.<0A><00> || 우리가 이 MISSION에 대한 승인을 얻을 수 있었던 것은 그녀가 CIA에 있는 힘을 끌어낸 덕분입니다.<0A><00>",64,not_generated,
codec,243,식,64,3,codec:243:864|codec:243:810|codec:243:863,"A rest?<0A><END> || It looked like he wasn't aware he was doing<0A>it, but that habit can be either a fatal flaw or<0A>a gift.<0A><END> || Such as taking a rest.<0A><END>","휴식?<0A><00> || 그는 자신이 그렇게 하고 있다는 것을 의식하지 못하는 것 같지만, 그 습관은 치명적인 결함일 수도 있고 재능일 수도 있다.<0A><00> || 예를 들면 휴식.<0A><00>",64,not_generated,
codec,243,신,64,26,codec:243:751|codec:243:662|codec:243:750|codec:243:830|codec:243:827|codec:243:954|codec:243:798|codec:243:976|codec:243:907|codec:243:731|codec:243:793|codec:243:810|codec:243:993|codec:243:848|codec:243:715|codec:243:902|codec:243:771|codec:243:723|codec:243:708|codec:243:972|codec:243:666|codec:243:664|codec:243:1012|codec:243:663|codec:243:786|codec:243:769,"Anyway, I decided to put this mask we had<0A>in storage to good use by hiding your<0A>identity from the gunship crew.<0A><END> || are the latest in internal medicines developed<0A>for intelligence ops by the CIA's technology<0A>division.<0A><END> || But I spend three days a month just dealing<0A>with the complaints we get about him... ah<0A>well, never mind.<0A><END> || But if they spot an intruder - that means<0A>you - they'll attack in an attempt to neutralize<0A>you. This is called Alert Phase.<0A><END> || First of all, there's the state in which the<0A>enemy in that area doesn't know that you're<0A>there. This is called Normal Phase.<0A><END> || Guess it all depends on whether you have<0A>the will to make it happen.<0A><END> || He's your enemy. What the hell were you<0A>think...<0A><END> || If nothing else, the completion of<0A>Sokolov's new weapon in this test<0A><END> || If used wisely, this can sow panic among<0A>the enemy, but if you're not careful, the<0A>hornets may end up attacking you.<0A><END> || I'm counting on you.<0A><END> || In the meantime, it's your job to find<0A>Sokolov and get him to safety. Got it?<0A><END> || It looked like he wasn't aware he was doing<0A>it, but that habit can be either a fatal flaw or<0A>a gift.<0A><END> || Major, didn't you say that The Boss was<0A>in the SAS with you?<0A><END> || Really? You lose your grip strength after<0A>only a few seconds when hanging. I'll bet<0A>you can't even hold your gun straight.<0A><END> || She shared what she learned with us.<0A><END> || Snake, making it harder for the enemy to<0A>spot you isn't the only advantage to<0A>maintaining a high Camo Index.<0A><END> || Snake, stay alert. The KGB and GRU both<0A>have their sights set on Sokolov.<0A><END> || So instead, they decided to focus on using<0A>multiple smaller engines to achieve the<0A>desired thrust.<0A><END> || The intelligence communities of the West have<0A>tried time and again to find out what they're<0A>working on, but they've failed consistently.<0A><END> || The premier may have wanted to assign<0A>this mission to someone he knew he could<0A>trust.<0A><END> || To revive yourself from the fake-death<0A>state, use the revival pill.<0A><END> || Use it wisely and you should be able to<0A>fool the enemy into thinking you're<0A>really dead.<0A><END> || When you don't want anybody following<0A>your trail, make sure to crawl.<0A><END> || You can use the fake death pill to send<0A>yourself into a death-like state for a limited<0A>period of time.<0A><END> || You really think it's bad reception?<0A><END> || You'll need Sokolov's full cooperation to<0A>complete this mission successfully. Don't do<0A>anything to make him lose confidence in you.<0A><END>","어쨌든, 나는 우리가 보관하고 있던 이 마스크를 건쉽 승무원들에게 당신의 신원을 숨겨 잘 활용하기로 결정했습니다.<0A><00> || 은 CIA 기술 부서에서 정보 작전을 위해 개발한 최신 내복약다.<0A><00> || 저는 한 달에 3일을 그 사람에 대해 받는 불만 사항을 처리하는 데 소비합니다... 아 뭐, 신경쓰지 마세요.<0A><00> || 그들이 침입자를 발견하면, 즉 당신을 의미합니다. 그들은 당신을 무력화하기 위해 공격할 거다. 이를 경고 단계라고 합니다.<0A><00> || 우선, 그 지역의 적이 당신이 거기에 있다는 것을 모르는 상태가 있다. 이것을 정상 단계라고 합니다.<0A><00> || 모든 것은 당신이 그것을 실현할 의지가 있는지 여부에 달려 있다고 생각합니다.<0A><00> || 그는 당신의 적입니다. 도대체 무슨 생각을 한 거야...<0A><00> || 이번 테스트로 Sokolov의 신무기 완성<0A><00> || 현명하게 사용하면 적군에게 공포감을 심어줄 수 있지만, 조심하지 않으면 말벌이 당신을 공격할 수도 있다.<0A><00> || 나는 당신을 믿고 있다.<0A><00> || 그동안 당신의 MISSION은 Sokolov를 찾아서 안전한 곳으로 데려가는 거다. 알겠습니까?<0A><00> || 그는 자신이 그렇게 하고 있다는 것을 의식하지 못하는 것 같지만, 그 습관은 치명적인 결함일 수도 있고 재능일 수도 있다.<0A><00> || 소령님, The Boss 가 당신과 SAS에 있었다고 말하지 않았나요?<0A><00> || 정말요? 매달린 후 단 몇 초만 지나면 그립력이 상실됩니다. 아마 당신은 총을 똑바로 쥐지도 못할 것 같아요.<0A><00> || 그녀는 자신이 배운 내용을 우리에게 공유했습니다.<0A><00> || Snake, 적이 당신을 발견하기 어렵게 만드는 것이 높은 CAMO 지수를 유지하는 데 있어 유일한 이점은 아닙니다.<0A><00> || Snake, 정신 차려. KGB와 GRU는 모두 Sokolov를 목표로 삼고 있습니다.<0A><00> || 그래서 대신 그들은 원하는 추력을 달성하기 위해 여러 개의 작은 엔진을 사용하는 데 집중하기로 결정했습니다.<0A><00> || 서구의 정보 기관은 자신들이 무엇을 하고 있는지 알아내기 위해 몇 번이고 노력했지만 계속해서 실패했습니다.<0A><00> || 총리는 자신이 신뢰할 수 있는 사람에게 이 MISSION을 할당하고 싶었을 수도 있습니다.<0A><00> || 가짜 죽음 상태에서 자신을 되살리려면 소생약을 사용하세요.<0A><00> || 현명하게 사용하면 적을 속여 자신이 정말로 죽었다고 생각하게 만들 수 있습니다.<0A><00> || 누구도 당신의 흔적을 따라가는 것을 원하지 않을 때 반드시 기어가십시오.<0A><00> || 가짜 죽음의 약을 사용하면 제한된 시간 동안 자신을 죽음과 같은 상태로 보낼 수 있다.<0A><00> || 정말 수신 상태가 좋지 않다고 생각하시나요?<0A><00> || MISSION 성공엔 Sokolov의 협력이 필요해. 그의 신뢰를 잃지 마.<0A><00>",64,not_generated,
codec,243,실,64,10,codec:243:805|codec:243:948|codec:243:772|codec:243:954|codec:243:1003|codec:243:2920|codec:243:848|codec:243:729|codec:243:708|codec:243:990,"And he was obviously motivated by vanity<0A>to show off his new technique. That's when<0A>you make mistakes.<0A><END> || Even if that's still a long way from reality...<0A><END> || GRU is a military espionage outfit, the<0A>intelligence wing of the Soviet Defense<0A>Ministry's General Staff Office.<0A><END> || Guess it all depends on whether you have<0A>the will to make it happen.<0A><END> || It's true what they say:<0A>""Who Dares, Wins.""<0A><END> || M<G6B>me si on est encore loin de la r<G6A>alit<G6A>...<0A><END> || Really? You lose your grip strength after<0A>only a few seconds when hanging. I'll bet<0A>you can't even hold your gun straight.<0A><END> || That's my best guess. We don't know for<0A>sure, but...<0A><END> || The intelligence communities of the West have<0A>tried time and again to find out what they're<0A>working on, but they've failed consistently.<0A><END> || We also know that he was instrumental in<0A>putting down the 1953 insurrection in East<0A>Germany and the 1956 uprising in Hungary.<0A><END>","새 기술을 자랑하려는 허영심 때문이었어. 그럴 때 실수하지.<0A><00> || 아직 현실과는 멀지만...<0A><00> || GRU는 소련 국방부 참모실 산하 정보부 소속의 군사 첩보 기관입니다.<0A><00> || 모든 것은 당신이 그것을 실현할 의지가 있는지 여부에 달려 있다고 생각합니다.<0A><00> || ""누가 감히 승리할 것인가""라는 말이 사실입니다.<0A><00> || 아직 현실과는 멀지만...<0A><00> || 정말요? 매달린 후 단 몇 초만 지나면 그립력이 상실됩니다. 아마 당신은 총을 똑바로 쥐지도 못할 것 같아요.<0A><00> || 그게 내 추측이에요. 우리는 확실히 모르지만...<0A><00> || 서구의 정보 기관은 자신들이 무엇을 하고 있는지 알아내기 위해 몇 번이고 노력했지만 계속해서 실패했습니다.<0A><00> || 우리는 또한 그가 1953년 동독 봉기와 1956년 헝가리 봉기를 진압하는 데 중요한 역할을 했다는 사실도 알고 있다.<0A><00>",64,not_generated,
codec,243,싫,64,1,codec:243:952,"I don't want to call President Kennedy a<0A>liar, but I simply can't imagine that in six<0A>years, man will have reached the moon.<0A><END>","Kennedy를 거짓말쟁이라 하긴 싫지만, 6년 안에 인류가 Moon에 갈 것 같진 않아.<0A><00>",64,not_generated,
codec,243,십,64,1,codec:243:1012,"When you don't want anybody following<0A>your trail, make sure to crawl.<0A><END>",누구도 당신의 흔적을 따라가는 것을 원하지 않을 때 반드시 기어가십시오.<0A><00>,64,not_generated,
codec,243,싸,64,1,codec:243:778,That's the idea. The two factions are fighting<0A>over Sokolov. We're in an extremely<0A>dangerous situation here.<0A><END>,그게 아이디어입니다. 두 세력이 Sokolov를 놓고 싸우고 있다. 우리는 지금 매우 위험한 상황에 처해 있다.<0A><00>,64,not_generated,
codec,243,써,64,4,codec:243:2478|codec:243:911|codec:243:843|codec:243:240,"Evite tout affrontement direct. Si tu dois te<0A>d<G6A>barrasser d'un ennemi, utilise ton pistolet<0A>tranquillisant.<0A><END> || If you're attacked by hornets, I'd advise<0A>you to try using a smoke grenade.<0A><END> || This technique should come in handy during<0A>a firefight. Use it well.<0A><END> || Use it as necessary.<0A><END>","정면전은 피하고, 필요하면 TRANQ HANDGUN을 써.<0A><00> || 말벌에게 공격받으면 SMOKE GRENADE를 써.<0A><00> || 총격전에서 유용한 기술이야. 잘 써.<0A><00> || 필요할 때 써.<0A><00>",64,not_generated,
codec,243,썼,64,1,codec:243:732,"Snake, are you wearing that mask again?<0A><END>","Snake, 또 그 MASK를 썼나?<0A><00>",64,not_generated,
codec,243,쎄,64,2,codec:243:749|codec:243:675,"Mmm. Well, he does good work.<0A><END> || Well, the fake death pill takes the natural<0A>art of playing dead and applies it to the<0A>spy world.<0A><END>","흠. 글쎄요, 그는 일을 잘해요.<0A><00> || 글쎄, 가짜 죽음의 약은 죽은 척하는 자연스러운 기술을 가져와 스파이 세계에 적용합니다.<0A><00>",64,not_generated,
codec,243,쏟,64,1,codec:243:947,raining down on Washington from a base<0A>on the surface of the moon.<0A><END>,달 표면의 기지에서 Washington에 쏟아붓는 거지.<0A><00>,64,not_generated,
codec,243,쏠,64,2,codec:243:803|codec:243:809,"By making sure there's always a round in<0A>the chamber, you eliminate the risk of pulling<0A>the trigger with nothing to fire.<0A><END> || When he fired, he was bending his elbow<0A>sharply to avoid the recoil.<0A><END>",CHAMBER에 늘 탄이 있으면 빈 총을 쏠 일도 없어.<0A><00> || 쏠 때 팔꿈치를 크게 굽혀 반동을 피하고 있었어.<0A><00>,64,not_generated,
codec,243,쓰,64,4,codec:243:750|codec:243:899|codec:243:906|codec:243:895,"But I spend three days a month just dealing<0A>with the complaints we get about him... ah<0A>well, never mind.<0A><END> || I suppose you might be able to disguise<0A>yourself as a crocodile by wearing that cap<0A>and sticking your head out of the water.<0A><END> || Snake, when you knock down a hornets'<0A>nest, a large swarm of hornets will come<0A>flying out.<0A><END> || You look just like him with that mask on.<0A>That's awesome.<0A><END>","저는 한 달에 3일을 그 사람에 대해 받는 불만 사항을 처리하는 데 소비합니다... 아 뭐, 신경쓰지 마세요.<0A><00> || 저 모자를 쓰고 물 밖으로 머리를 내밀면 악어로 변장할 수도 있을 것 같아요.<0A><00> || Snake, 말벌 둥지를 쓰러뜨리면 큰 말벌 떼가 날아옵니다.<0A><00> || 그 MASK를 쓰면 정말 닮아.<0A><00>",64,not_generated,
codec,243,쓸,64,2,codec:243:2103|codec:243:131,alors fais attention en l'utilisant.<0A><END> || so be careful when using the active<0A>sonar.<0A><END>,그러니 쓸 때 조심해.<0A><00> || ACTIVE SONAR를 쓸 때 조심해.<0A><00>,64,not_generated,
codec,243,씀,64,1,codec:243:808,Uh huh. And what were you saying about<0A>him being more suited to revolvers?<0A><END>,어허. 그리고 그가 리볼버에 더 적합하다고 뭐라고 말씀하셨나요?<0A><00>,64,not_generated,
codec,243,악,64,6,codec:243:894|codec:243:988|codec:243:899|codec:243:893|codec:243:914|codec:243:776,"but then his head turns into a crocodile<0A>head.<0A><END> || He's also notorious for his ""accomplish-<0A>ments"" in anti-guerilla operations in the<0A>Ukraine and the Baltic states.<0A><END> || I suppose you might be able to disguise<0A>yourself as a crocodile by wearing that cap<0A>and sticking your head out of the water.<0A><END> || It's about this guy who gets hurt in a car<0A>accident and tries to heal his wounds by<0A>injecting himself with a crocodile serum,<0A><END> || Their attacks will be more vicious if you're<0A>wearing black clothes.<0A><END> || there's a vicious power struggle going on<0A>between the Khrushchev faction and<0A>the anti-Khrushchev faction.<0A><END>","그러다 머리가 악어로 변해.<0A><00> || Ukraine과 Baltic의 대게릴라 작전에서도 악명 높아.<0A><00> || 저 모자를 쓰고 물 밖으로 머리를 내밀면 악어로 변장할 수도 있을 것 같아요.<0A><00> || 사고로 다친 남자가 악어 serum으로 치료하려는 영화야,<0A><00> || 검은 옷을 입으면 공격이 더욱 사악해집니다.<0A><00> || 흐루쇼프파와 반흐루쇼프파 사이에 악랄한 권력투쟁이 벌어지고 있다.<0A><00>",64,not_generated,
codec,243,압,64,1,codec:243:990,We also know that he was instrumental in<0A>putting down the 1953 insurrection in East<0A>Germany and the 1956 uprising in Hungary.<0A><END>,우리는 또한 그가 1953년 동독 봉기와 1956년 헝가리 봉기를 진압하는 데 중요한 역할을 했다는 사실도 알고 있다.<0A><00>,64,not_generated,
codec,243,앗,64,1,codec:243:932,"Having been beaten to the chase by<0A>the Soviets,<0A><END>","소련에 선수를 빼앗긴 뒤,<0A><00>",64,not_generated,
codec,243,앞,64,2,codec:243:667|codec:243:1002,"But remember - timing is critical.<0A>The effect will be ruined if you revive<0A>right in front of your enemy.<0A><END> || Yes, she was always one step ahead of<0A>the rest of us, both in thought and action.<0A><END>","하지만 기억해. 타이밍이 중요합니다. 적의 바로 앞에서 부활하면 효과가 망가집니다.<0A><00> || 예, 그녀는 생각과 행동 모두에서 항상 우리보다 한발 앞서 있었습니다.<0A><00>",64,not_generated,
codec,243,애,64,1,codec:243:971,What I do know is that the director of the<0A>Ninth Directorate is a well-known prot<G6A>g<G6A>e<0A>of Khrushchev.<0A><END>,9국 국장은 Khrushchev의<0A>총애를 받는 인물이다.<0A><00>,64,not_generated,
codec,243,약,64,12,codec:243:662|codec:243:974|codec:243:670|codec:243:697|codec:243:661|codec:243:681|codec:243:678|codec:243:666|codec:243:675|codec:243:676|codec:243:683|codec:243:663,"are the latest in internal medicines developed<0A>for intelligence ops by the CIA's technology<0A>division.<0A><END> || Ever since the withdrawal from Cuba,<0A>Khrushchev's position has been getting<0A>weaker day by day.<0A><END> || I don't feel right taking some pill I don't know<0A>anything about. How does it make me look<0A>dead? How's it gonna affect my body?<0A><END> || Major, I've got enough info about the pills,<0A>so I'm going to get back to the mission now.<0A><END> || Snake, the fake death and revival pills we<0A>gave you<0A><END> || The revival pill, to put it simply, is a<0A>counteracting agent to the fake death pill.<0A><END> || Those chemicals act to induce a state<0A>of hibernation,<0A><END> || To revive yourself from the fake-death<0A>state, use the revival pill.<0A><END> || Well, the fake death pill takes the natural<0A>art of playing dead and applies it to the<0A>spy world.<0A><END> || When you take the fake death pill,<0A>it causes your body to rapidly secrete a<0A>number of chemicals -<0A><END> || which block the effects of the fake death<0A>pill.<0A><END> || You can use the fake death pill to send<0A>yourself into a death-like state for a limited<0A>period of time.<0A><END>","은 CIA 기술 부서에서 정보 작전을 위해 개발한 최신 내복약다.<0A><00> || 쿠바에서 철수한 이후 흐루시초프의 입지는 나날이 약화되어 왔습니다.<0A><00> || 전혀 모르는 약을 복용하는 것이 기분이 좋지 않습니다. 어떻게 하면 내가 죽은 것처럼 보이나요? 내 몸에 어떤 영향을 미칠까요?<0A><00> || Major, 약 얘긴 충분해. MISSION으로 돌아갈게.<0A><00> || Snake, 가사약과 소생약은<0A><00> || 소생약은 쉽게 말하면 가짜 죽음의 약에 대한 반작용제입니다.<0A><00> || 그 약품은 동면 상태를 만들고,<0A><00> || 가짜 죽음 상태에서 자신을 되살리려면 소생약을 사용하세요.<0A><00> || 글쎄, 가짜 죽음의 약은 죽은 척하는 자연스러운 기술을 가져와 스파이 세계에 적용합니다.<0A><00> || 가사 상태 알약을 먹으면<0A>몸에서 빠르게<0A>여러 화학물질이 분비된다-<0A><00> || 가사약의 효과를 막아.<0A><00> || 가짜 죽음의 약을 사용하면 제한된 시간 동안 자신을 죽음과 같은 상태로 보낼 수 있다.<0A><00>",64,not_generated,
codec,243,양,64,1,codec:243:934,"The following year, the space development<0A>programs of the various service branches<0A><END>",이듬해 다양한 서비스 부문의 우주 개발 프로그램<0A><00>,64,not_generated,
codec,243,얘,64,1,codec:243:697,"Major, I've got enough info about the pills,<0A>so I'm going to get back to the mission now.<0A><END>","Major, 약 얘긴 충분해. MISSION으로 돌아갈게.<0A><00>",64,not_generated,
codec,243,억,64,3,codec:243:667|codec:243:1829|codec:243:329,"But remember - timing is critical.<0A>The effect will be ruined if you revive<0A>right in front of your enemy.<0A><END> || Esta t<G6A>cnica te ser<G62> muy <G7B>til durante un<0A>tiroteo. Recu<G6A>rdalo.<0A><END> || However, remember that rolling<0A>consumes more stamina than<0A>standard running.<0A><END>",하지만 기억해. 타이밍이 중요합니다. 적의 바로 앞에서 부활하면 효과가 망가집니다.<0A><00> || 이 기술은 총격전에서 유용해. 기억해.<0A><00> || 그러나 롤링은 표준 달리기보다 LIFE을 더 많이 소비한다는 점을 기억해.<0A><00>,64,not_generated,
codec,243,언,64,1,codec:243:820,He's the enemy! Why are you giving him<0A>advice?<0A><END>,그는 적이다! 왜 그 사람에게 조언을 하는 거죠?<0A><00>,64,not_generated,
codec,243,얻,64,2,codec:243:716|codec:243:711,That we were able to get the green light for<0A>this mission at all is thanks to her pull with<0A>the powers that be at the CIA.<0A><END> || Then how did you get the information for<0A>this mission? It can't have been from<0A>Sokolov...<0A><END>,우리가 이 MISSION에 대한 승인을 얻을 수 있었던 것은 그녀가 CIA에 있는 힘을 끌어낸 덕분입니다.<0A><00> || 그렇다면 이번 미션에 대한 정보는 어떻게 얻으셨나요? Sokolov가 보낸 건 아닐 텐데...<0A><00>,64,not_generated,
codec,243,업,64,2,codec:243:718|codec:243:658,"Major, tell me about Sokolov's past work.<0A><END> || We'll be providing you with support over<0A>the radio, but out in the field, you're on<0A>your own. There's no backup.<0A><END>","소령, Sokolov의 과거 작업에 대해 말해.<0A><00> || 우리는 무선을 통해 지원을 제공할 예정이지만 현장에서는 스스로 해결해야 합니다. 백업이 없습니다.<0A><00>",64,not_generated,
codec,243,엇,64,3,codec:243:916|codec:243:709|codec:243:708,"Major, what's this Granin Design Bureau<0A>Sokolov was talking about?<0A><END> || So you have absolutely no idea what<0A>Sokolov is developing?<0A><END> || The intelligence communities of the West have<0A>tried time and again to find out what they're<0A>working on, but they've failed consistently.<0A><END>","소령, Sokolov가 말했던 Granin 설계국은 무엇인가?<0A><00> || 그렇다면 Sokolov가 무엇을 개발하고 있는지 전혀 모르시나요?<0A><00> || 서구의 정보 기관은 자신들이 무엇을 하고 있는지 알아내기 위해 몇 번이고 노력했지만 계속해서 실패했습니다.<0A><00>",64,not_generated,
codec,243,역,64,5,codec:243:827|codec:243:705|codec:243:1001|codec:243:990|codec:243:998,"First of all, there's the state in which the<0A>enemy in that area doesn't know that you're<0A>there. This is called Normal Phase.<0A><END> || Most of them are located in secret cities<0A>built in isolated areas,<0A><END> || The dummy run on Heliopolis and the<0A>nighttime raids on German air bases in<0A>North Africa were her idea as well.<0A><END> || We also know that he was instrumental in<0A>putting down the 1953 insurrection in East<0A>Germany and the 1956 uprising in Hungary.<0A><END> || You won't find her name in the history<0A>books, but her contributions were many<0A>and great.<0A><END>","우선, 그 지역의 적이 당신이 거기에 있다는 것을 모르는 상태가 있다. 이것을 정상 단계라고 합니다.<0A><00> || 대부분 외딴 지역의 비밀 도시에 있어.<0A><00> || 헬리오폴리스에서의 모의 비행과 북아프리카의 독일 공군 기지에 대한 야간 공습 역시 그녀의 아이디어였습니다.<0A><00> || 우리는 또한 그가 1953년 동독 봉기와 1956년 헝가리 봉기를 진압하는 데 중요한 역할을 했다는 사실도 알고 있다.<0A><00> || 역사책에서 그녀의 이름을 찾을 수는 없지만 그녀의 공헌은 많고 훌륭했습니다.<0A><00>",64,not_generated,
codec,243,연,64,15,codec:243:706|codec:243:945|codec:243:847|codec:243:946|codec:243:782|codec:243:702|codec:243:2759|codec:243:2966|codec:243:789|codec:243:516|codec:243:675|codec:243:792|codec:243:724|codec:243:943|codec:243:674,"and we don't even know their exact locations,<0A>much less the nature of their research.<0A><END> || But rocket research and missile research<0A>are closely related.<0A><END> || I'm not acting.<0A><END> || Imagine, if you will, a Soviet Union able to<0A>send wave after wave of nuclear missiles<0A><END> || Major, have you been able to contact<0A>The Boss?<0A><END> || Mmm. The Soviets have a number of secret<0A>Design Bureaus like this one, each engaged<0A>in cutting-edge research.<0A><END> || Nous <G6A>tudions toutes les possibilit<G6A>s.<0A><END> || Oui. Ensemble, nous formions le 22<G69>me<0A>R<G6A>giment SAS.<0A><END> || Snake, you've got more important things<0A>to worry about than contacting The Boss.<0A><END> || Tea, of course!<0A><END> || Well, the fake death pill takes the natural<0A>art of playing dead and applies it to the<0A>spy world.<0A><END> || We're still looking into why we lost contact<0A>with The Boss. I'll let you know as soon as<0A>we find anything out.<0A><END> || With this method, though, maintaining the<0A>fuel balance between the various engines<0A>was a major problem.<0A><END> || Yeah, I heard that speech. But a lot of<0A>guys I knew weren't real happy about it...<0A><END> || You know how there are animals in nature<0A>that play dead, like weevils, ladybugs,<0A>chickadees, opossums and the like.<0A><END>","정확한 위치도 연구 내용도 몰라.<0A><00> || ROCKET과 MISSILE 연구는 밀접해.<0A><00> || 연기 아니야.<0A><00> || 상상해 보세요, 소련이 핵 미사일을 연속으로 발사할 수 있는 상황을<0A><00> || 소령님, The Boss 에게 연락할 수 있었나요?<0A><00> || 소련엔 첨단 연구를 하는 비밀 설계국이 여럿 있어.<0A><00> || 우리는 모든 가능성을 연구하고 있다.<0A><00> || 예. 우리는 함께 SAS 22연대를 결성했습니다.<0A><00> || Snake, 보스에게 연락하는 것보다 더 중요한 걱정거리가 있군요.<0A><00> || 당연히 TEA지!<0A><00> || 글쎄, 가짜 죽음의 약은 죽은 척하는 자연스러운 기술을 가져와 스파이 세계에 적용합니다.<0A><00> || 더보스님과 연락이 끊긴 이유는 아직 조사중입니다. 뭔가 알아내는 대로 알려드리겠습니다.<0A><00> || 하지만 엔진 간<0A>연료 균형이 문제였다.<0A><00> || 그래, 그 연설은 들었어. 하지만<0A>내가 알던 많은 이들은 달가워하지 않았지...<0A><00> || 자연에는 죽은 척하는 곤충이나 동물이 있어.<0A><00>",64,not_generated,
codec,243,열,64,1,codec:243:919,"He's Sokolov's archrival, and the two have<0A>competed fiercely against each other since<0A>the days of the war.<0A><END>","그는 Sokolov의 최대 라이벌이며, 두 사람은 전쟁 초기부터 치열한 경쟁을 벌였습니다.<0A><00>",64,not_generated,
codec,243,였,64,4,codec:243:919|codec:243:799|codec:243:1001|codec:243:724,"He's Sokolov's archrival, and the two have<0A>competed fiercely against each other since<0A>the days of the war.<0A><END> || Really! What was all that about doing<0A>the thing with your hand on the first<0A>round or whatever?<0A><END> || The dummy run on Heliopolis and the<0A>nighttime raids on German air bases in<0A>North Africa were her idea as well.<0A><END> || With this method, though, maintaining the<0A>fuel balance between the various engines<0A>was a major problem.<0A><END>","그는 Sokolov의 최대 라이벌이며, 두 사람은 전쟁 초기부터 치열한 경쟁을 벌였습니다.<0A><00> || 정말! 첫 탄을 손으로 어쩌고 한 건 뭐였어?<0A><00> || 헬리오폴리스에서의 모의 비행과 북아프리카의 독일 공군 기지에 대한 야간 공습 역시 그녀의 아이디어였습니다.<0A><00> || 하지만 엔진 간<0A>연료 균형이 문제였다.<0A><00>",64,not_generated,
codec,243,영,64,9,codec:243:890|codec:243:2967|codec:243:805|codec:243:1981|codec:243:987|codec:243:670|codec:243:893|codec:243:999|codec:243:995,"""The Alligator People."" It's a science fiction<0A>movie. You've never heard of it?<0A><END> || A la cr<G6A>ation des SAS, le Special Air Service<0A>britannique, The Boss a <G6A>t<G6A> invit<G6A> comme<0A>conseill<G69>re sp<G6A>cialis<G6A>e.<0A><END> || And he was obviously motivated by vanity<0A>to show off his new technique. That's when<0A>you make mistakes.<0A><END> || Cuando fundaron la SAS, el Servicio Especial<0A>A<G6A>reo Brit<G62>nico, invitaron a The Boss como<0A>tutor especial.<0A><END> || He was stationed in the rear of the Soviet<0A>line to catch and punish any troops who<0A>tried to retreat or desert.<0A><END> || I don't feel right taking some pill I don't know<0A>anything about. How does it make me look<0A>dead? How's it gonna affect my body?<0A><END> || It's about this guy who gets hurt in a car<0A>accident and tries to heal his wounds by<0A>injecting himself with a crocodile serum,<0A><END> || The real heroes are never made public.<0A><END> || When the SAS, the British Special Air<0A>Service, was first established, they invited<0A>The Boss on board as a special advisor.<0A><END>","""The Alligator People""은 SF 영화야. 몰라?<0A><00> || SAS가 창설되었을 때 영국 특수 항공 서비스 The Boss가 전문 고문으로 초청되었습니다.<0A><00> || 새 기술을 자랑하려는 허영심 때문이었어. 그럴 때 실수하지.<0A><00> || 영국 특수 항공 서비스(SAS)를 설립할 때 The Boss를 특별 교사로 초대했습니다.<0A><00> || 소련군 후방에서 후퇴나 탈영한 병사를 잡아 처벌했어.<0A><00> || 전혀 모르는 약을 복용하는 것이 기분이 좋지 않습니다. 어떻게 하면 내가 죽은 것처럼 보이나요? 내 몸에 어떤 영향을 미칠까요?<0A><00> || 사고로 다친 남자가 악어 serum으로 치료하려는 영화야,<0A><00> || 진짜 영웅은 결코 공개되지 않습니다.<0A><00> || 영국 특수항공서비스(SAS)가 처음 창설되었을 때 The Boss를 특별고문으로 초빙했습니다.<0A><00>",64,not_generated,
codec,243,예,64,10,codec:243:739|codec:243:984|codec:243:979|codec:243:2966|codec:243:863|codec:243:862|codec:243:721|codec:243:658|codec:243:741|codec:243:1002,"An agent was supposed to disguise himself<0A>as a Soviet officer and sneak into an enemy<0A>installation.<0A><END> || His name is Yevgeny Borisovitch Volgin.<0A>His code name in the West is<0A>""Thunderbolt.""<0A><END> || Most likely. Khrushchev must have anticipated<0A>this and sent his most loyal unit - his trump<0A>card - to make sure all goes well.<0A><END> || Oui. Ensemble, nous formions le 22<G69>me<0A>R<G6A>giment SAS.<0A><END> || Such as taking a rest.<0A><END> || Such as?<0A><END> || The Vostok rocket, for instance,<0A>had 32 engines.<0A><END> || We'll be providing you with support over<0A>the radio, but out in the field, you're on<0A>your own. There's no backup.<0A><END> || With the mission cancelled, the mask was<0A>going to be thrown away... but the guy at the<0A>CIA's tech division who created it pitched a fit.<0A><END> || Yes, she was always one step ahead of<0A>the rest of us, both in thought and action.<0A><END>","요원이 소련 장교로 변장해 적 시설에 잠입할 예정이었어.<0A><00> || 그의 이름은 예브게니 보리소비치 Volgin다. 그의 서부 코드명은 ""Thunderbolt""이다.<0A><00> || 그럴 거야. Khrushchev가 충성스러운 최정예 부대를 보냈겠지.<0A><00> || 예. 우리는 함께 SAS 22연대를 결성했습니다.<0A><00> || 예를 들면 휴식.<0A><00> || 예를 들면?<0A><00> || 예를 들어 보스토크 로켓에는 32개의 엔진이 있었습니다.<0A><00> || 우리는 무선을 통해 지원을 제공할 예정이지만 현장에서는 스스로 해결해야 합니다. 백업이 없습니다.<0A><00> || MISSION가 취소되면서 마스크는 버려질 예정이었지만... 이 마스크를 만든 CIA의 기술 부서 직원이 딱 맞았습니다.<0A><00> || 예, 그녀는 생각과 행동 모두에서 항상 우리보다 한발 앞서 있었습니다.<0A><00>",64,not_generated,
codec,243,옛,64,1,codec:243:924,"Apparently, Granin meant to use the funds<0A>provided by these opposition forces in<0A>order to defeat his old foe.<0A><END>",분명히 Granin은 그의 옛 적을 물리치기 위해 이러한 반대 세력이 제공한 자금을 사용하려고 했다.<0A><00>,64,not_generated,
codec,243,오,64,9,codec:243:169|codec:243:921|codec:243:774|codec:243:868|codec:243:1001|codec:243:688|codec:243:693|codec:243:1012|codec:243:997,"Don't forget to try climbing things.<0A><END> || In any case, Granin seems to harbor<0A>an unusually intense hatred for Sokolov.<0A><END> || Never let the left hand know what<0A>the right hand is doing.<0A><END> || So the longer I rest, the more I'll recover?<0A><END> || The dummy run on Heliopolis and the<0A>nighttime raids on German air bases in<0A>North Africa were her idea as well.<0A><END> || The secretion of methionin enkephalin<0A>triggered by the fake death pill causes<0A>the opioid receptors...<0A><END> || There are three types of receptors: delta,<0A>kappa, and mu. Methionin enkephalin acts<0A>on the...<0A><END> || When you don't want anybody following<0A>your trail, make sure to crawl.<0A><END> || which laid the groundwork for today's SAS.<0A><END>","기어오르는 것도 잊지 마.<0A><00> || 어쨌든, Granin은 Sokolov에 대해 유난히 강한 증오를 품고 있는 것 같다.<0A><00> || 오른손이 하는 일을 왼손이 모르게 하라.<0A><00> || 오래 쉴수록 더 회복되나?<0A><00> || 헬리오폴리스에서의 모의 비행과 북아프리카의 독일 공군 기지에 대한 야간 공습 역시 그녀의 아이디어였습니다.<0A><00> || 가짜 사형제에 의해 촉발된 메티오닌 엔케팔린 분비는 오피오이드 수용체를...<0A><00> || 수용체에는 델타, 카파, 뮤의 세 가지 유형이 있습니다. 메티오닌 엔케팔린은 다음과 같은 작용을 합니다.<0A><00> || 누구도 당신의 흔적을 따라가는 것을 원하지 않을 때 반드시 기어가십시오.<0A><00> || 오늘날 SAS의 토대가 됐지.<0A><00>",64,not_generated,
codec,243,온,64,1,codec:243:679,"causing your heart rate, your breathing<0A>rate, and your body temperature to drop<0A>dramatically.<0A><END>","심박수, 호흡수, 체온이 급격하게 떨어집니다.<0A><00>",64,not_generated,
codec,243,옵,64,1,codec:243:906,"Snake, when you knock down a hornets'<0A>nest, a large swarm of hornets will come<0A>flying out.<0A><END>","Snake, 말벌 둥지를 쓰러뜨리면 큰 말벌 떼가 날아옵니다.<0A><00>",64,not_generated,
codec,243,옷,64,2,codec:243:915|codec:243:914,"If you're attacked by hornets, you should<0A>change into white clothes.<0A><END> || Their attacks will be more vicious if you're<0A>wearing black clothes.<0A><END>",말벌의 공격을 받으면 흰 옷으로 갈아입어야 합니다.<0A><00> || 검은 옷을 입으면 공격이 더욱 사악해집니다.<0A><00>,64,not_generated,
codec,243,완,64,2,codec:243:976|codec:243:34,"If nothing else, the completion of<0A>Sokolov's new weapon in this test<0A><END> || Perfect?<0A><END>",이번 테스트로 Sokolov의 신무기 완성<0A><00> || 완벽합니까?<0A><00>,64,not_generated,
codec,243,외,64,3,codec:243:966|codec:243:837|codec:243:705,"And now they're being sent out to stand<0A>watch over a field exercise?<0A><END> || In addition to the regular patrols, there's<0A>also a chance that they'll send out additional<0A>search units. Keep on your toes.<0A><END> || Most of them are located in secret cities<0A>built in isolated areas,<0A><END>",이제 야외 훈련 경비까지 맡는 건가?<0A><00> || 정기 순찰 외에 추가 수색 유닛을 파견할 가능성도 있다. 계속해서 긴장해.<0A><00> || 대부분 외딴 지역의 비밀 도시에 있어.<0A><00>,64,not_generated,
codec,243,왼,64,1,codec:243:774,Never let the left hand know what<0A>the right hand is doing.<0A><END>,오른손이 하는 일을 왼손이 모르게 하라.<0A><00>,64,not_generated,
codec,243,용,64,24,codec:243:912|codec:243:706|codec:243:751|codec:243:924|codec:243:1829|codec:243:670|codec:243:907|codec:243:1190|codec:243:715|codec:243:910|codec:243:723|codec:243:777|codec:243:1202|codec:243:681|codec:243:688|codec:243:693|codec:243:843|codec:243:666|codec:243:664|codec:243:926|codec:243:675|codec:243:738|codec:243:682|codec:243:663,"And if you use the insecticidal bug juice,<0A>the hornets should stay away as long as<0A>the effect lasts.<0A><END> || and we don't even know their exact locations,<0A>much less the nature of their research.<0A><END> || Anyway, I decided to put this mask we had<0A>in storage to good use by hiding your<0A>identity from the gunship crew.<0A><END> || Apparently, Granin meant to use the funds<0A>provided by these opposition forces in<0A>order to defeat his old foe.<0A><END> || Esta t<G6A>cnica te ser<G62> muy <G7B>til durante un<0A>tiroteo. Recu<G6A>rdalo.<0A><END> || I don't feel right taking some pill I don't know<0A>anything about. How does it make me look<0A>dead? How's it gonna affect my body?<0A><END> || If used wisely, this can sow panic among<0A>the enemy, but if you're not careful, the<0A>hornets may end up attacking you.<0A><END> || S<G62>cale el m<G62>ximo partido.<0A><END> || She shared what she learned with us.<0A><END> || Smoke is another useful tool in keeping<0A>hornets away.<0A><END> || So instead, they decided to focus on using<0A>multiple smaller engines to achieve the<0A>desired thrust.<0A><END> || So Khrushchev is using the KGB, and<0A>Volgin and the anti-Khrushchev forces<0A>are using the GRU?<0A><END> || Te ser<G62> muy <G7B>til.<0A><END> || The revival pill, to put it simply, is a<0A>counteracting agent to the fake death pill.<0A><END> || The secretion of methionin enkephalin<0A>triggered by the fake death pill causes<0A>the opioid receptors...<0A><END> || There are three types of receptors: delta,<0A>kappa, and mu. Methionin enkephalin acts<0A>on the...<0A><END> || This technique should come in handy during<0A>a firefight. Use it well.<0A><END> || To revive yourself from the fake-death<0A>state, use the revival pill.<0A><END> || Use it wisely and you should be able to<0A>fool the enemy into thinking you're<0A>really dead.<0A><END> || was intrigued by the possibility of using<0A>the high-tech weapons Granin created in<0A>the fight against Khrushchev.<0A><END> || Well, the fake death pill takes the natural<0A>art of playing dead and applies it to the<0A>spy world.<0A><END> || Well... that mask was originally created for<0A>use in another mission.<0A><END> || When you take it, it causes your body to<0A>secrete stimulants, like noradrenaline and<0A>other chemicals such as naloxone,<0A><END> || You can use the fake death pill to send<0A>yourself into a death-like state for a limited<0A>period of time.<0A><END>","그리고 살충 벌레즙을 사용하면 효과가 지속되는 한 말벌이 멀리 떨어져 있어야 합니다.<0A><00> || 정확한 위치도 연구 내용도 몰라.<0A><00> || 어쨌든, 나는 우리가 보관하고 있던 이 마스크를 건쉽 승무원들에게 당신의 신원을 숨겨 잘 활용하기로 결정했습니다.<0A><00> || 분명히 Granin은 그의 옛 적을 물리치기 위해 이러한 반대 세력이 제공한 자금을 사용하려고 했다.<0A><00> || 이 기술은 총격전에서 유용해. 기억해.<0A><00> || 전혀 모르는 약을 복용하는 것이 기분이 좋지 않습니다. 어떻게 하면 내가 죽은 것처럼 보이나요? 내 몸에 어떤 영향을 미칠까요?<0A><00> || 현명하게 사용하면 적군에게 공포감을 심어줄 수 있지만, 조심하지 않으면 말벌이 당신을 공격할 수도 있다.<0A><00> || 최대한 이용해.<0A><00> || 그녀는 자신이 배운 내용을 우리에게 공유했습니다.<0A><00> || SMOKE도 말벌을 쫓는 데 유용해.<0A><00> || 그래서 대신 그들은 원하는 추력을 달성하기 위해 여러 개의 작은 엔진을 사용하는 데 집중하기로 결정했습니다.<0A><00> || 그렇다면 흐루시초프는 KGB를 사용하고 있고, Volgin과 반흐루시초프 세력은 GRU를 사용하고 있다는 겁니까?<0A><00> || 아주 유용할 거야.<0A><00> || 소생약은 쉽게 말하면 가짜 죽음의 약에 대한 반작용제입니다.<0A><00> || 가짜 사형제에 의해 촉발된 메티오닌 엔케팔린 분비는 오피오이드 수용체를...<0A><00> || 수용체에는 델타, 카파, 뮤의 세 가지 유형이 있습니다. 메티오닌 엔케팔린은 다음과 같은 작용을 합니다.<0A><00> || 총격전에서 유용한 기술이야. 잘 써.<0A><00> || 가짜 죽음 상태에서 자신을 되살리려면 소생약을 사용하세요.<0A><00> || 현명하게 사용하면 적을 속여 자신이 정말로 죽었다고 생각하게 만들 수 있습니다.<0A><00> || 은 흐루시초프와의 전투에서 Granin이 만든 첨단 무기를 사용할 가능성에 흥미를 느꼈습니다.<0A><00> || 글쎄, 가짜 죽음의 약은 죽은 척하는 자연스러운 기술을 가져와 스파이 세계에 적용합니다.<0A><00> || 음... 그 마스크는 원래 다른 MISSION에 사용하기 위해 만들어진 것입니다.<0A><00> || 복용하면 noradrenaline, naloxone 같은 자극 물질이 분비돼.<0A><00> || 가짜 죽음의 약을 사용하면 제한된 시간 동안 자신을 죽음과 같은 상태로 보낼 수 있다.<0A><00>",64,not_generated,
codec,243,욱,64,1,codec:243:914,Their attacks will be more vicious if you're<0A>wearing black clothes.<0A><END>,검은 옷을 입으면 공격이 더욱 사악해집니다.<0A><00>,64,not_generated,
codec,243,운,64,5,codec:243:923|codec:243:991|codec:243:979|codec:243:715|codec:243:675,"Granin threw in his lot with Volgin,<0A>the vanguard of the anti-Khrushchev<0A>movement.<0A><END> || He is truly a fearsome man.<0A>There's no telling what he might be<0A>plotting. Be careful.<0A><END> || Most likely. Khrushchev must have anticipated<0A>this and sent his most loyal unit - his trump<0A>card - to make sure all goes well.<0A><END> || She shared what she learned with us.<0A><END> || Well, the fake death pill takes the natural<0A>art of playing dead and applies it to the<0A>spy world.<0A><END>","Granin는 반흐루쇼프 운동의 선봉인 Volgin와 함께 제비를 뽑았습니다.<0A><00> || 정말 무서운 사람이네요. 그가 무슨 음모를 꾸미고 있는지는 알 수 없다. 조심해.<0A><00> || 그럴 거야. Khrushchev가 충성스러운 최정예 부대를 보냈겠지.<0A><00> || 그녀는 자신이 배운 내용을 우리에게 공유했습니다.<0A><00> || 글쎄, 가짜 죽음의 약은 죽은 척하는 자연스러운 기술을 가져와 스파이 세계에 적용합니다.<0A><00>",64,not_generated,
codec,243,울,64,5,codec:243:91|codec:243:2860|codec:243:1874|codec:243:888|codec:243:903,"...It's pretty thick grass.<0A>About waist-high.<0A><END> || <G48>a te va bien, sinc<G69>rement. <G48>a me rappelle<0A>""The Alligator People"".<0A><END> || Creo que te queda muy bien. Me recuerda a<0A>""The Alligator People"".<0A><END> || I think it really does look good. It reminds<0A>me of ""The Alligator People.""<0A><END> || The harder you are to distinguish from<0A>your surroundings, the harder you are<0A>to hit.<0A><END>","...허리 높이의 울창한 풀숲이야.<0A><00> || 잘 어울려. ""The Alligator People"" 같아.<0A><00> || 잘 어울려. ""The Alligator People"" 같아.<0A><00> || 잘 어울려. ""The Alligator People"" 같아.<0A><00> || 주변 환경과 구별하기 어려울수록 공격하기가 더 어려워집니다.<0A><00>",64,not_generated,
codec,243,움,64,3,codec:243:685|codec:243:717|codec:243:665,"Does that help?<0A><END> || In other words, this mission would never<0A>have come together without The Boss' help<0A>in a number of respects.<0A><END> || It may come in handy if you ever find<0A>yourself cornered.<0A><END>",도움이 돼?<0A><00> || 여러 면에서 The Boss의 도움 없인 이번 MISSION도 없었어.<0A><00> || 궁지에 몰리면 도움이 될 거야.<0A><00>,64,not_generated,
codec,243,웅,64,1,codec:243:999,The real heroes are never made public.<0A><END>,진짜 영웅은 결코 공개되지 않습니다.<0A><00>,64,not_generated,
codec,243,워,64,5,codec:243:684|codec:243:836|codec:243:904|codec:243:903|codec:243:943,"Basically, it wakes you up.<0A><END> || In Caution Phase, enemy soldiers will be<0A>more cautious in their patrols, and they'll<0A>likely be more difficult to detect.<0A><END> || In other words, the enemy's shots will miss<0A>more often.<0A><END> || The harder you are to distinguish from<0A>your surroundings, the harder you are<0A>to hit.<0A><END> || Yeah, I heard that speech. But a lot of<0A>guys I knew weren't real happy about it...<0A><END>","쉽게 말해 잠을 깨워.<0A><00> || 주의 단계에서는 적 병사들이 순찰에 있어 더 주의 깊어지며, 탐지하기가 더 어려워질 것이다.<0A><00> || enemy의 총알이 빗나가기 쉬워져.<0A><00> || 주변 환경과 구별하기 어려울수록 공격하기가 더 어려워집니다.<0A><00> || 그래, 그 연설은 들었어. 하지만<0A>내가 알던 많은 이들은 달가워하지 않았지...<0A><00>",64,not_generated,
codec,243,웠,64,1,codec:243:722,"With the technology they had, it was difficult<0A>for the Soviets to develop large engines with<0A>massive thrust.<0A><END>",소련이 보유한 기술로는 막대한 추력을 갖춘 대형 엔진을 개발하기가 어려웠습니다.<0A><00>,64,not_generated,
codec,243,읽,64,1,codec:243:804,"He must have heard about it from someone,<0A>or read it somewhere... in any case, he<0A>probably wanted to try it out for himself.<0A><END>","누군가에게서 들었거나, 어디선가 읽어본 적이 있을 텐데... 어쨌든 직접 해보고 싶었을 겁니다.<0A><00>",64,not_generated,
codec,243,잃,64,2,codec:243:949|codec:243:769,"If we lose the initiative, we may never get<0A>it back. We're left with no choice but to<0A>keep moving forward, one step at a time.<0A><END> || You'll need Sokolov's full cooperation to<0A>complete this mission successfully. Don't do<0A>anything to make him lose confidence in you.<0A><END>",주도권을 잃으면 되찾기 힘들어. 계속 전진해야 해.<0A><00> || MISSION 성공엔 Sokolov의 협력이 필요해. 그의 신뢰를 잃지 마.<0A><00>,64,not_generated,
codec,243,잊,64,2,codec:243:169|codec:243:873,Don't forget to try climbing things.<0A><END> || So do I. But you never know. Just don't<0A>forget okay?<0A><END>,기어오르는 것도 잊지 마.<0A><00> || 나도 그래. 하지만 잊지 마.<0A><00>,64,not_generated,
codec,243,작,64,10,codec:243:662|codec:243:812|codec:243:988|codec:243:668|codec:243:718|codec:243:723|codec:243:936|codec:243:950|codec:243:681|codec:243:693,"are the latest in internal medicines developed<0A>for intelligence ops by the CIA's technology<0A>division.<0A><END> || Automatic weapons use recoil to operate,<0A>so if you don't let the recoil hit you, it<0A>interferes with the operating cycle of the gun.<0A><END> || He's also notorious for his ""accomplish-<0A>ments"" in anti-guerilla operations in the<0A>Ukraine and the Baltic states.<0A><END> || Interesting. But how does it work?<0A><END> || Major, tell me about Sokolov's past work.<0A><END> || So instead, they decided to focus on using<0A>multiple smaller engines to achieve the<0A>desired thrust.<0A><END> || That same year, the Mercury program<0A>was launched with the goal of putting<0A>a man into space.<0A><END> || The Gemini program launched two years<0A>ago represents the initial step toward<0A>establishing a moon base.<0A><END> || The revival pill, to put it simply, is a<0A>counteracting agent to the fake death pill.<0A><END> || There are three types of receptors: delta,<0A>kappa, and mu. Methionin enkephalin acts<0A>on the...<0A><END>","은 CIA 기술 부서에서 정보 작전을 위해 개발한 최신 내복약다.<0A><00> || 자동화기는 반동으로 작동해. 반동을 피하면 작동에 문제가 생겨.<0A><00> || Ukraine과 Baltic의 대게릴라 작전에서도 악명 높아.<0A><00> || 흥미롭군. 어떻게 작동하지?<0A><00> || 소령, Sokolov의 과거 작업에 대해 말해.<0A><00> || 그래서 대신 그들은 원하는 추력을 달성하기 위해 여러 개의 작은 엔진을 사용하는 데 집중하기로 결정했습니다.<0A><00> || 같은 해, 사람을 우주에 보내는 것을 목표로 머큐리 프로그램이 시작되었습니다.<0A><00> || 2년 전에 시작된 Gemini 프로그램은 달 기지 건설을 향한 첫 단계를 나타냅니다.<0A><00> || 소생약은 쉽게 말하면 가짜 죽음의 약에 대한 반작용제입니다.<0A><00> || 수용체에는 델타, 카파, 뮤의 세 가지 유형이 있습니다. 메티오닌 엔케팔린은 다음과 같은 작용을 합니다.<0A><00>",64,not_generated,
codec,243,잔,64,1,codec:243:985,He's gained a reputation as the most brutal<0A>and cold-blooded of the Soviet spymasters.<0A><END>,소련 정보 책임자 중 가장 잔혹하고 냉혈하다고 알려졌어.<0A><00>,64,not_generated,
codec,243,잠,64,5,codec:243:739|codec:243:684|codec:243:832|codec:243:699|codec:243:657,"An agent was supposed to disguise himself<0A>as a Soviet officer and sneak into an enemy<0A>installation.<0A><END> || Basically, it wakes you up.<0A><END> || Even after they lose sight of you, the<0A>enemy will continue to search the area for<0A>a while. This is called Evasion Phase.<0A><END> || Hey, wait a--!<0A><END> || Snake, remember that this operation is<0A>a solo sneaking mission.<0A><END>","요원이 소련 장교로 변장해 적 시설에 잠입할 예정이었어.<0A><00> || 쉽게 말해 잠을 깨워.<0A><00> || 적은 널 놓쳐도 잠시 수색해. 이게 EVASION PHASE다.<0A><00> || 잠깐...!<0A><00> || Snake, 이번 MISSION은 단독 잠입이야.<0A><00>",64,not_generated,
codec,243,장,64,13,codec:243:739|codec:243:726|codec:243:660|codec:243:985|codec:243:899|codec:243:837|codec:243:728|codec:243:806|codec:243:918|codec:243:757|codec:243:658|codec:243:971|codec:243:770,"An agent was supposed to disguise himself<0A>as a Soviet officer and sneak into an enemy<0A>installation.<0A><END> || And that's what earned him the job as head<0A>of the Design Bureau?<0A><END> || Avoid engagement whenever possible.<0A>Your highest priority in this mission is<0A>staying out of sight.<0A><END> || He's gained a reputation as the most brutal<0A>and cold-blooded of the Soviet spymasters.<0A><END> || I suppose you might be able to disguise<0A>yourself as a crocodile by wearing that cap<0A>and sticking your head out of the water.<0A><END> || In addition to the regular patrols, there's<0A>also a chance that they'll send out additional<0A>search units. Keep on your toes.<0A><END> || So this secret weapon is some kind of<0A>ballistic device?<0A><END> || The battlefield is an unforgiving place.<0A><END> || The director is a man by the name of<0A>Aleksandr Leonovitch Granin.<0A><END> || The man the mask is based on is a GRU<0A>officer.<0A><END> || We'll be providing you with support over<0A>the radio, but out in the field, you're on<0A>your own. There's no backup.<0A><END> || What I do know is that the director of the<0A>Ninth Directorate is a well-known prot<G6A>g<G6A>e<0A>of Khrushchev.<0A><END> || When you go in to meet Sokolov, make sure<0A>you remove your disguise. Got it?<0A><END>",요원이 소련 장교로 변장해 적 시설에 잠입할 예정이었어.<0A><00> || 그것이 그에게 디자인 국장직을 안겨준 이유인가?<0A><00> || 가능하면 참여를 피해. 이 MISSION에서 가장 중요한 것은 눈에 띄지 않는 거다.<0A><00> || 소련 정보 책임자 중 가장 잔혹하고 냉혈하다고 알려졌어.<0A><00> || 저 모자를 쓰고 물 밖으로 머리를 내밀면 악어로 변장할 수도 있을 것 같아요.<0A><00> || 정기 순찰 외에 추가 수색 유닛을 파견할 가능성도 있다. 계속해서 긴장해.<0A><00> || 그렇다면 이 비밀병기는 일종의 탄도장치라는 겁니까?<0A><00> || 전장은 가혹한 곳입니다.<0A><00> || 국장은 Aleksandr Leonovitch Granin이야.<0A><00> || 마스크의 기반이 된 남자는 GRU 장교입니다.<0A><00> || 우리는 무선을 통해 지원을 제공할 예정이지만 현장에서는 스스로 해결해야 합니다. 백업이 없습니다.<0A><00> || 9국 국장은 Khrushchev의<0A>총애를 받는 인물이다.<0A><00> || Sokolov를 만나러 들어갈 때는 반드시 변장을 벗어야 합니다. 알았어요?<0A><00>,64,not_generated,
codec,243,재,64,1,codec:243:810,"It looked like he wasn't aware he was doing<0A>it, but that habit can be either a fatal flaw or<0A>a gift.<0A><END>","그는 자신이 그렇게 하고 있다는 것을 의식하지 못하는 것 같지만, 그 습관은 치명적인 결함일 수도 있고 재능일 수도 있다.<0A><00>",64,not_generated,
codec,243,쟁,64,11,codec:243:941|codec:243:986|codec:243:775|codec:243:919|codec:243:952|codec:243:773|codec:243:1916|codec:243:930|codec:243:714|codec:243:776|codec:243:920,"After that, with America still lagging behind<0A>the Soviets in orbital flight, President<0A>Kennedy made a momentous decision.<0A><END> || During the war, Volgin was assigned to<0A>the domestic branch of the NKVD.<0A><END> || Exactly. Now, added to that rivalry,<0A><END> || He's Sokolov's archrival, and the two have<0A>competed fiercely against each other since<0A>the days of the war.<0A><END> || I don't want to call President Kennedy a<0A>liar, but I simply can't imagine that in six<0A>years, man will have reached the moon.<0A><END> || It competes with the KGB, which is under<0A>the Ministry of Internal Affairs, and the<0A>two are always watching each other.<0A><END> || Major, cu<G6A>ntame algo m<G62>s sobre la carrera<0A>espacial.<0A><END> || Major, tell me a little bit more about<0A>the space race.<0A><END> || That's right. She has her own intelligence<0A>channels that she cultivated during the last<0A>war.<0A><END> || there's a vicious power struggle going on<0A>between the Khrushchev faction and<0A>the anti-Khrushchev faction.<0A><END> || To hear Sokolov tell it, though, the rivalry<0A>was really all in Granin's head.<0A><END>","그 뒤 우주 경쟁에서 밀리던 미국의 Kennedy가 중대한 결정을 내렸지.<0A><00> || 전쟁 중 Volgin은 NKVD 국내 지부에 배치됐어.<0A><00> || 바로 그거죠. 이제 그 경쟁에 추가되어<0A><00> || 그는 Sokolov의 최대 라이벌이며, 두 사람은 전쟁 초기부터 치열한 경쟁을 벌였습니다.<0A><00> || Kennedy를 거짓말쟁이라 하긴 싫지만, 6년 안에 인류가 Moon에 갈 것 같진 않아.<0A><00> || 그것은 내무부 산하인 KGB와 경쟁하며, 두 조직은 항상 서로를 감시합니다.<0A><00> || Major, 우주 경쟁을 더 말해줘.<0A><00> || Major, 우주 경쟁을 더 말해줘.<0A><00> || 맞아. 그녀는 지난 전쟁 때 만든 정보망이 있어.<0A><00> || 흐루쇼프파와 반흐루쇼프파 사이에 악랄한 권력투쟁이 벌어지고 있다.<0A><00> || Sokolov의 말을 들어보니 경쟁은 Granin의 머릿속에만 있었습니다.<0A><00>",64,not_generated,
codec,243,전,64,21,codec:243:2967|codec:243:659|codec:243:662|codec:243:938|codec:243:986|codec:243:1829|codec:243:2478|codec:243:988|codec:243:919|codec:243:670|codec:243:949|codec:243:793|codec:243:1006|codec:243:1939|codec:243:845|codec:243:709|codec:243:714|codec:243:806|codec:243:950|codec:243:843|codec:243:926,"A la cr<G6A>ation des SAS, le Special Air Service<0A>britannique, The Boss a <G6A>t<G6A> invit<G6A> comme<0A>conseill<G69>re sp<G6A>cialis<G6A>e.<0A><END> || And there's no way you'll survive a battle<0A>with a large enemy contingent.<0A><END> || are the latest in internal medicines developed<0A>for intelligence ops by the CIA's technology<0A>division.<0A><END> || But as you know, it was a Soviet cosmonaut,<0A>Yuri Gagarin, who made the first successful<0A>manned space flight three years ago.<0A><END> || During the war, Volgin was assigned to<0A>the domestic branch of the NKVD.<0A><END> || Esta t<G6A>cnica te ser<G62> muy <G7B>til durante un<0A>tiroteo. Recu<G6A>rdalo.<0A><END> || Evite tout affrontement direct. Si tu dois te<0A>d<G6A>barrasser d'un ennemi, utilise ton pistolet<0A>tranquillisant.<0A><END> || He's also notorious for his ""accomplish-<0A>ments"" in anti-guerilla operations in the<0A>Ukraine and the Baltic states.<0A><END> || He's Sokolov's archrival, and the two have<0A>competed fiercely against each other since<0A>the days of the war.<0A><END> || I don't feel right taking some pill I don't know<0A>anything about. How does it make me look<0A>dead? How's it gonna affect my body?<0A><END> || If we lose the initiative, we may never get<0A>it back. We're left with no choice but to<0A>keep moving forward, one step at a time.<0A><END> || In the meantime, it's your job to find<0A>Sokolov and get him to safety. Got it?<0A><END> || Needless to say, the SAS has become<0A>a model for special forces units all over<0A>the world.<0A><END> || No lo s<G6A>. Yo nunca pens<G6A> que <G6E>bamos a llegar<0A>al espacio.<0A><END> || No, not at all.<0A><END> || So you have absolutely no idea what<0A>Sokolov is developing?<0A><END> || That's right. She has her own intelligence<0A>channels that she cultivated during the last<0A>war.<0A><END> || The battlefield is an unforgiving place.<0A><END> || The Gemini program launched two years<0A>ago represents the initial step toward<0A>establishing a moon base.<0A><END> || This technique should come in handy during<0A>a firefight. Use it well.<0A><END> || was intrigued by the possibility of using<0A>the high-tech weapons Granin created in<0A>the fight against Khrushchev.<0A><END>","SAS가 창설되었을 때 영국 특수 항공 서비스 The Boss가 전문 고문으로 초청되었습니다.<0A><00> || 그리고 대규모 적군과의 전투에서 살아남을 방법은 없다.<0A><00> || 은 CIA 기술 부서에서 정보 작전을 위해 개발한 최신 내복약다.<0A><00> || 3년 전 최초 유인 우주비행에 성공한 건 소련의 Yuri Gagarin이야.<0A><00> || 전쟁 중 Volgin은 NKVD 국내 지부에 배치됐어.<0A><00> || 이 기술은 총격전에서 유용해. 기억해.<0A><00> || 정면전은 피하고, 필요하면 TRANQ HANDGUN을 써.<0A><00> || Ukraine과 Baltic의 대게릴라 작전에서도 악명 높아.<0A><00> || 그는 Sokolov의 최대 라이벌이며, 두 사람은 전쟁 초기부터 치열한 경쟁을 벌였습니다.<0A><00> || 전혀 모르는 약을 복용하는 것이 기분이 좋지 않습니다. 어떻게 하면 내가 죽은 것처럼 보이나요? 내 몸에 어떤 영향을 미칠까요?<0A><00> || 주도권을 잃으면 되찾기 힘들어. 계속 전진해야 해.<0A><00> || 그동안 당신의 MISSION은 Sokolov를 찾아서 안전한 곳으로 데려가는 거다. 알겠습니까?<0A><00> || SAS는 말할 필요도 없이 전 세계 특수부대들의 모델이 되었습니다.<0A><00> || 모르겠어요. 나는 우리가 우주에 도달할 것이라고는 전혀 생각하지 못했습니다.<0A><00> || 아니, 전혀.<0A><00> || 그렇다면 Sokolov가 무엇을 개발하고 있는지 전혀 모르시나요?<0A><00> || 맞아. 그녀는 지난 전쟁 때 만든 정보망이 있어.<0A><00> || 전장은 가혹한 곳입니다.<0A><00> || 2년 전에 시작된 Gemini 프로그램은 달 기지 건설을 향한 첫 단계를 나타냅니다.<0A><00> || 총격전에서 유용한 기술이야. 잘 써.<0A><00> || 은 흐루시초프와의 전투에서 Granin이 만든 첨단 무기를 사용할 가능성에 흥미를 느꼈습니다.<0A><00>",64,not_generated,
codec,243,접,64,3,codec:243:945|codec:243:804|codec:243:1768,"But rocket research and missile research<0A>are closely related.<0A><END> || He must have heard about it from someone,<0A>or read it somewhere... in any case, he<0A>probably wanted to try it out for himself.<0A><END> || Major, <G40>has podido contactar con The Boss?<0A><END>","ROCKET과 MISSILE 연구는 밀접해.<0A><00> || 누군가에게서 들었거나, 어디선가 읽어본 적이 있을 텐데... 어쨌든 직접 해보고 싶었을 겁니다.<0A><00> || 소령, <1f><40>이 The Boss와 접촉하고 있습니까?<0A><00>",64,not_generated,
codec,243,져,64,4,codec:243:912|codec:243:904|codec:243:871|codec:243:675,"And if you use the insecticidal bug juice,<0A>the hornets should stay away as long as<0A>the effect lasts.<0A><END> || In other words, the enemy's shots will miss<0A>more often.<0A><END> || save the game and take a rest and you'll<0A>be back on your feet.<0A><END> || Well, the fake death pill takes the natural<0A>art of playing dead and applies it to the<0A>spy world.<0A><END>","그리고 살충 벌레즙을 사용하면 효과가 지속되는 한 말벌이 멀리 떨어져 있어야 합니다.<0A><00> || enemy의 총알이 빗나가기 쉬워져.<0A><00> || SAVE하고 쉬면 다시 좋아져.<0A><00> || 글쎄, 가짜 죽음의 약은 죽은 척하는 자연스러운 기술을 가져와 스파이 세계에 적용합니다.<0A><00>",64,not_generated,
codec,243,졌,64,3,codec:243:985|codec:243:165|codec:243:939,"He's gained a reputation as the most brutal<0A>and cold-blooded of the Soviet spymasters.<0A><END> || Hey, my scone's gone, too!!<0A><END> || NASA's first successful ballistic flight came<0A>one month after Gagarin's mission,<0A><END>",소련 정보 책임자 중 가장 잔혹하고 냉혈하다고 알려졌어.<0A><00> || 내 SCONE도 없어졌어!!<0A><00> || NASA의 첫 번째 성공적인 탄도 비행은 가가린의 MISSION가 있은 지 한 달 후에 이루어졌습니다.<0A><00>,64,not_generated,
codec,243,족,64,1,codec:243:965,I thought that only meant high-ranking<0A>officials and their families.<0A><END>,고위 관료들과 그 가족들만 말하는 줄 알았습니다.<0A><00>,64,not_generated,
codec,243,종,64,3,codec:243:917|codec:243:728|codec:243:1117,OKB-812. It's the same type of top-secret<0A>facility as Sokolov's own OKB-754.<0A><END> || So this secret weapon is some kind of<0A>ballistic device?<0A><END> || Ten mucho cuidado.<0A><END>,OKB-812. Sokolov의 OKB-754와 같은 종류의 일급비밀 시설이다.<0A><00> || 그렇다면 이 비밀병기는 일종의 탄도장치라는 겁니까?<0A><00> || 10가지 종류가 있다.<0A><00>,64,not_generated,
codec,243,죠,64,4,codec:243:775|codec:243:820|codec:243:956|codec:243:850,"Exactly. Now, added to that rivalry,<0A><END> || He's the enemy! Why are you giving him<0A>advice?<0A><END> || Major, you said the enemy was KGB,<0A>right?<0A><END> || Your body is exhausted. Look at your<0A>Stamina Gauge. It's almost empty, isn't it?<0A><END>","바로 그거죠. 이제 그 경쟁에 추가되어<0A><00> || 그는 적이다! 왜 그 사람에게 조언을 하는 거죠?<0A><00> || 소령님, 적이 KGB라고 하셨죠?<0A><00> || 몸이 지쳤습니다. STAMINA 게이지를 살펴보세요. 거의 비어있죠?<0A><00>",64,not_generated,
codec,243,주,64,20,codec:243:941|codec:243:989|codec:243:938|codec:243:953|codec:243:949|codec:243:836|codec:243:1916|codec:243:930|codec:243:1939|codec:243:703|codec:243:48|codec:243:937|codec:243:1202|codec:243:936|codec:243:934|codec:243:903|codec:243:933|codec:243:163|codec:243:935|codec:243:940,"After that, with America still lagging behind<0A>the Soviets in orbital flight, President<0A>Kennedy made a momentous decision.<0A><END> || Apparently, he likes to boast that he<0A>""disposed of"" over 100,000<0A>anti-communists.<0A><END> || But as you know, it was a Soviet cosmonaut,<0A>Yuri Gagarin, who made the first successful<0A>manned space flight three years ago.<0A><END> || I don't know. I never even thought we'd<0A>make it up into space.<0A><END> || If we lose the initiative, we may never get<0A>it back. We're left with no choice but to<0A>keep moving forward, one step at a time.<0A><END> || In Caution Phase, enemy soldiers will be<0A>more cautious in their patrols, and they'll<0A>likely be more difficult to detect.<0A><END> || Major, cu<G6A>ntame algo m<G62>s sobre la carrera<0A>espacial.<0A><END> || Major, tell me a little bit more about<0A>the space race.<0A><END> || No lo s<G6A>. Yo nunca pens<G6A> que <G6E>bamos a llegar<0A>al espacio.<0A><END> || OKB-1, the bureau where the Voskhod<0A>spacecraft was developed and which plays<0A>a leading role in the Soviet space program,<0A><END> || Para-Medic's frequency is 145.73.<0A><END> || Seven candidates were chosen from<0A>the military as the first astronauts.<0A>These were the men with the ""right stuff.""<0A><END> || Te ser<G62> muy <G7B>til.<0A><END> || That same year, the Mercury program<0A>was launched with the goal of putting<0A>a man into space.<0A><END> || The following year, the space development<0A>programs of the various service branches<0A><END> || The harder you are to distinguish from<0A>your surroundings, the harder you are<0A>to hit.<0A><END> || the U.S. government accelerated its own<0A>space program in an effort to catch up.<0A><END> || Well, not too strange, at least.<0A><END> || were united to form the National<0A>Aeronautics and Space Administration,<0A>or NASA.<0A><END> || with the Freedom 7 carrying Alan Shepard<0A>into space.<0A><END>","그 뒤 우주 경쟁에서 밀리던 미국의 Kennedy가 중대한 결정을 내렸지.<0A><00> || 분명히 그는 100,000명이 넘는 반공주의자들을 ""처분""했다고 자랑하기를 좋아합니다.<0A><00> || 3년 전 최초 유인 우주비행에 성공한 건 소련의 Yuri Gagarin이야.<0A><00> || 몰라. 우주에 갈 수 있을 줄도 몰랐어.<0A><00> || 주도권을 잃으면 되찾기 힘들어. 계속 전진해야 해.<0A><00> || 주의 단계에서는 적 병사들이 순찰에 있어 더 주의 깊어지며, 탐지하기가 더 어려워질 것이다.<0A><00> || Major, 우주 경쟁을 더 말해줘.<0A><00> || Major, 우주 경쟁을 더 말해줘.<0A><00> || 모르겠어요. 나는 우리가 우주에 도달할 것이라고는 전혀 생각하지 못했습니다.<0A><00> || Voskhod를 개발한 OKB-1은 소련 우주 계획의 핵심이야.<0A><00> || Para-Medic의 주파수는 145.73이다.<0A><00> || 최초의 우주 비행사로 군대에서 7명의 후보자가 선정되었습니다. 이들은 ""올바른 물건""을 가진 사람들이었습니다.<0A><00> || 아주 유용할 거야.<0A><00> || 같은 해, 사람을 우주에 보내는 것을 목표로 머큐리 프로그램이 시작되었습니다.<0A><00> || 이듬해 다양한 서비스 부문의 우주 개발 프로그램<0A><00> || 주변 환경과 구별하기 어려울수록 공격하기가 더 어려워집니다.<0A><00> || 미국 정부도 따라잡으려 우주 계획을 서둘렀지.<0A><00> || 그래도 아주 이상하진 않아.<0A><00> || 는 통합되어 미국 항공 우주국(NASA)을 구성했습니다.<0A><00> || Freedom 7로 Alan Shepard를 우주에 보냈지.<0A><00>",64,not_generated,
codec,243,준,64,3,codec:243:726|codec:243:329|codec:243:740,"And that's what earned him the job as head<0A>of the Design Bureau?<0A><END> || However, remember that rolling<0A>consumes more stamina than<0A>standard running.<0A><END> || We had it all set to go, but certain<0A>circumstances forced us to abort the<0A>mission.<0A><END>",그것이 그에게 디자인 국장직을 안겨준 이유인가?<0A><00> || 그러나 롤링은 표준 달리기보다 LIFE을 더 많이 소비한다는 점을 기억해.<0A><00> || 준비는 끝났지만 사정이 생겨 MISSION을 중단했어.<0A><00>,64,not_generated,
codec,243,중,64,14,codec:243:941|codec:243:707|codec:243:660|codec:243:667|codec:243:986|codec:243:985|codec:243:704|codec:243:802|codec:243:789|codec:243:723|codec:243:990|codec:243:740|codec:243:787|codec:243:792,"After that, with America still lagging behind<0A>the Soviets in orbital flight, President<0A>Kennedy made a momentous decision.<0A><END> || And Sokolov's OKB-754 is the most secret<0A>bureau of them all.<0A><END> || Avoid engagement whenever possible.<0A>Your highest priority in this mission is<0A>staying out of sight.<0A><END> || But remember - timing is critical.<0A>The effect will be ruined if you revive<0A>right in front of your enemy.<0A><END> || During the war, Volgin was assigned to<0A>the domestic branch of the NKVD.<0A><END> || He's gained a reputation as the most brutal<0A>and cold-blooded of the Soviet spymasters.<0A><END> || is one of those installations.<0A><END> || It's a technique they teach in the Middle<0A>East.<0A><END> || Snake, you've got more important things<0A>to worry about than contacting The Boss.<0A><END> || So instead, they decided to focus on using<0A>multiple smaller engines to achieve the<0A>desired thrust.<0A><END> || We also know that he was instrumental in<0A>putting down the 1953 insurrection in East<0A>Germany and the 1956 uprising in Hungary.<0A><END> || We had it all set to go, but certain<0A>circumstances forced us to abort the<0A>mission.<0A><END> || We're looking into it.<0A><END> || We're still looking into why we lost contact<0A>with The Boss. I'll let you know as soon as<0A>we find anything out.<0A><END>","그 뒤 우주 경쟁에서 밀리던 미국의 Kennedy가 중대한 결정을 내렸지.<0A><00> || Sokolov의 OKB-754는 그중에서도 최고 기밀이야.<0A><00> || 가능하면 참여를 피해. 이 MISSION에서 가장 중요한 것은 눈에 띄지 않는 거다.<0A><00> || 하지만 기억해. 타이밍이 중요합니다. 적의 바로 앞에서 부활하면 효과가 망가집니다.<0A><00> || 전쟁 중 Volgin은 NKVD 국내 지부에 배치됐어.<0A><00> || 소련 정보 책임자 중 가장 잔혹하고 냉혈하다고 알려졌어.<0A><00> || 그 시설 중 하나야.<0A><00> || 중동에서 가르치는 기술입니다.<0A><00> || Snake, 보스에게 연락하는 것보다 더 중요한 걱정거리가 있군요.<0A><00> || 그래서 대신 그들은 원하는 추력을 달성하기 위해 여러 개의 작은 엔진을 사용하는 데 집중하기로 결정했습니다.<0A><00> || 우리는 또한 그가 1953년 동독 봉기와 1956년 헝가리 봉기를 진압하는 데 중요한 역할을 했다는 사실도 알고 있다.<0A><00> || 준비는 끝났지만 사정이 생겨 MISSION을 중단했어.<0A><00> || 알아보는 중이야.<0A><00> || 더보스님과 연락이 끊긴 이유는 아직 조사중입니다. 뭔가 알아내는 대로 알려드리겠습니다.<0A><00>",64,not_generated,
codec,243,줘,64,2,codec:243:1916|codec:243:930,"Major, cu<G6A>ntame algo m<G62>s sobre la carrera<0A>espacial.<0A><END> || Major, tell me a little bit more about<0A>the space race.<0A><END>","Major, 우주 경쟁을 더 말해줘.<0A><00> || Major, 우주 경쟁을 더 말해줘.<0A><00>",64,not_generated,
codec,243,쥐,64,1,codec:243:848,Really? You lose your grip strength after<0A>only a few seconds when hanging. I'll bet<0A>you can't even hold your gun straight.<0A><END>,정말요? 매달린 후 단 몇 초만 지나면 그립력이 상실됩니다. 아마 당신은 총을 똑바로 쥐지도 못할 것 같아요.<0A><00>,64,not_generated,
codec,243,즉,64,1,codec:243:830,But if they spot an intruder - that means<0A>you - they'll attack in an attempt to neutralize<0A>you. This is called Alert Phase.<0A><END>,"그들이 침입자를 발견하면, 즉 당신을 의미합니다. 그들은 당신을 무력화하기 위해 공격할 거다. 이를 경고 단계라고 합니다.<0A><00>",64,not_generated,
codec,243,즙,64,1,codec:243:912,"And if you use the insecticidal bug juice,<0A>the hornets should stay away as long as<0A>the effect lasts.<0A><END>",그리고 살충 벌레즙을 사용하면 효과가 지속되는 한 말벌이 멀리 떨어져 있어야 합니다.<0A><00>,64,not_generated,
codec,243,증,64,1,codec:243:921,"In any case, Granin seems to harbor<0A>an unusually intense hatred for Sokolov.<0A><END>","어쨌든, Granin은 Sokolov에 대해 유난히 강한 증오를 품고 있는 것 같다.<0A><00>",64,not_generated,
codec,243,직,64,8,codec:243:726|codec:243:948|codec:243:804|codec:243:773|codec:243:2920|codec:243:901|codec:243:792|codec:243:741,"And that's what earned him the job as head<0A>of the Design Bureau?<0A><END> || Even if that's still a long way from reality...<0A><END> || He must have heard about it from someone,<0A>or read it somewhere... in any case, he<0A>probably wanted to try it out for himself.<0A><END> || It competes with the KGB, which is under<0A>the Ministry of Internal Affairs, and the<0A>two are always watching each other.<0A><END> || M<G6B>me si on est encore loin de la r<G6A>alit<G6A>...<0A><END> || Snake, you're not done treating your<0A>injuries. Go into the Survival Viewer and<0A>treat the rest of your injuries!<0A><END> || We're still looking into why we lost contact<0A>with The Boss. I'll let you know as soon as<0A>we find anything out.<0A><END> || With the mission cancelled, the mask was<0A>going to be thrown away... but the guy at the<0A>CIA's tech division who created it pitched a fit.<0A><END>","그것이 그에게 디자인 국장직을 안겨준 이유인가?<0A><00> || 아직 현실과는 멀지만...<0A><00> || 누군가에게서 들었거나, 어디선가 읽어본 적이 있을 텐데... 어쨌든 직접 해보고 싶었을 겁니다.<0A><00> || 그것은 내무부 산하인 KGB와 경쟁하며, 두 조직은 항상 서로를 감시합니다.<0A><00> || 아직 현실과는 멀지만...<0A><00> || Snake, 부상 치료가 아직 끝나지 않았습니다. SURVIVAL로 가서 나머지 부상을 치료하세요!<0A><00> || 더보스님과 연락이 끊긴 이유는 아직 조사중입니다. 뭔가 알아내는 대로 알려드리겠습니다.<0A><00> || MISSION가 취소되면서 마스크는 버려질 예정이었지만... 이 마스크를 만든 CIA의 기술 부서 직원이 딱 맞았습니다.<0A><00>",64,not_generated,
codec,243,진,64,16,codec:243:833|codec:243:952|codec:243:949|codec:243:1007|codec:243:877|codec:243:937|codec:243:1008|codec:243:723|codec:243:999|codec:243:721|codec:243:1010|codec:243:990|codec:243:163|codec:243:738|codec:243:722|codec:243:724,"Evasion Phase will last until the enemy<0A>exhausts their search effort.<0A><END> || I don't want to call President Kennedy a<0A>liar, but I simply can't imagine that in six<0A>years, man will have reached the moon.<0A><END> || If we lose the initiative, we may never get<0A>it back. We're left with no choice but to<0A>keep moving forward, one step at a time.<0A><END> || In that sense, The Boss really is the<0A>mother of special forces.<0A><END> || It looks cool!<0A><END> || Seven candidates were chosen from<0A>the military as the first astronauts.<0A>These were the men with the ""right stuff.""<0A><END> || Snake, if you step in any water or mud,<0A>your feet will get wet.<0A><END> || So instead, they decided to focus on using<0A>multiple smaller engines to achieve the<0A>desired thrust.<0A><END> || The real heroes are never made public.<0A><END> || The Vostok rocket, for instance,<0A>had 32 engines.<0A><END> || Try to avoid walking through any water<0A>or mud as much as possible.<0A><END> || We also know that he was instrumental in<0A>putting down the 1953 insurrection in East<0A>Germany and the 1956 uprising in Hungary.<0A><END> || Well, not too strange, at least.<0A><END> || Well... that mask was originally created for<0A>use in another mission.<0A><END> || With the technology they had, it was difficult<0A>for the Soviets to develop large engines with<0A>massive thrust.<0A><END> || With this method, though, maintaining the<0A>fuel balance between the various engines<0A>was a major problem.<0A><END>","회피 단계는 적이 수색 노력을 소진할 때까지 지속된다.<0A><00> || Kennedy를 거짓말쟁이라 하긴 싫지만, 6년 안에 인류가 Moon에 갈 것 같진 않아.<0A><00> || 주도권을 잃으면 되찾기 힘들어. 계속 전진해야 해.<0A><00> || 그런 의미에서, The Boss는 진정 특수부대의 어머니다.<0A><00> || 멋진데!<0A><00> || 최초의 우주 비행사로 군대에서 7명의 후보자가 선정되었습니다. 이들은 ""올바른 물건""을 가진 사람들이었습니다.<0A><00> || Snake, 물이나 진흙을 밟으면 발이 젖어.<0A><00> || 그래서 대신 그들은 원하는 추력을 달성하기 위해 여러 개의 작은 엔진을 사용하는 데 집중하기로 결정했습니다.<0A><00> || 진짜 영웅은 결코 공개되지 않습니다.<0A><00> || 예를 들어 보스토크 로켓에는 32개의 엔진이 있었습니다.<0A><00> || 가능한 한 물이나 진흙 위를 걷는 것을 피해.<0A><00> || 우리는 또한 그가 1953년 동독 봉기와 1956년 헝가리 봉기를 진압하는 데 중요한 역할을 했다는 사실도 알고 있다.<0A><00> || 그래도 아주 이상하진 않아.<0A><00> || 음... 그 마스크는 원래 다른 MISSION에 사용하기 위해 만들어진 것입니다.<0A><00> || 소련이 보유한 기술로는 막대한 추력을 갖춘 대형 엔진을 개발하기가 어려웠습니다.<0A><00> || 하지만 엔진 간<0A>연료 균형이 문제였다.<0A><00>",64,not_generated,
codec,243,질,64,4,codec:243:836|codec:243:682|codec:243:676|codec:243:741,"In Caution Phase, enemy soldiers will be<0A>more cautious in their patrols, and they'll<0A>likely be more difficult to detect.<0A><END> || When you take it, it causes your body to<0A>secrete stimulants, like noradrenaline and<0A>other chemicals such as naloxone,<0A><END> || When you take the fake death pill,<0A>it causes your body to rapidly secrete a<0A>number of chemicals -<0A><END> || With the mission cancelled, the mask was<0A>going to be thrown away... but the guy at the<0A>CIA's tech division who created it pitched a fit.<0A><END>","주의 단계에서는 적 병사들이 순찰에 있어 더 주의 깊어지며, 탐지하기가 더 어려워질 것이다.<0A><00> || 복용하면 noradrenaline, naloxone 같은 자극 물질이 분비돼.<0A><00> || 가사 상태 알약을 먹으면<0A>몸에서 빠르게<0A>여러 화학물질이 분비된다-<0A><00> || MISSION가 취소되면서 마스크는 버려질 예정이었지만... 이 마스크를 만든 CIA의 기술 부서 직원이 딱 맞았습니다.<0A><00>",64,not_generated,
codec,243,집,64,5,codec:243:667|codec:243:679|codec:243:723|codec:243:903|codec:243:914,"But remember - timing is critical.<0A>The effect will be ruined if you revive<0A>right in front of your enemy.<0A><END> || causing your heart rate, your breathing<0A>rate, and your body temperature to drop<0A>dramatically.<0A><END> || So instead, they decided to focus on using<0A>multiple smaller engines to achieve the<0A>desired thrust.<0A><END> || The harder you are to distinguish from<0A>your surroundings, the harder you are<0A>to hit.<0A><END> || Their attacks will be more vicious if you're<0A>wearing black clothes.<0A><END>","하지만 기억해. 타이밍이 중요합니다. 적의 바로 앞에서 부활하면 효과가 망가집니다.<0A><00> || 심박수, 호흡수, 체온이 급격하게 떨어집니다.<0A><00> || 그래서 대신 그들은 원하는 추력을 달성하기 위해 여러 개의 작은 엔진을 사용하는 데 집중하기로 결정했습니다.<0A><00> || 주변 환경과 구별하기 어려울수록 공격하기가 더 어려워집니다.<0A><00> || 검은 옷을 입으면 공격이 더욱 사악해집니다.<0A><00>",64,not_generated,
codec,243,짜,64,6,codec:243:999|codec:243:681|codec:243:688|codec:243:666|codec:243:675|codec:243:663,"The real heroes are never made public.<0A><END> || The revival pill, to put it simply, is a<0A>counteracting agent to the fake death pill.<0A><END> || The secretion of methionin enkephalin<0A>triggered by the fake death pill causes<0A>the opioid receptors...<0A><END> || To revive yourself from the fake-death<0A>state, use the revival pill.<0A><END> || Well, the fake death pill takes the natural<0A>art of playing dead and applies it to the<0A>spy world.<0A><END> || You can use the fake death pill to send<0A>yourself into a death-like state for a limited<0A>period of time.<0A><END>","진짜 영웅은 결코 공개되지 않습니다.<0A><00> || 소생약은 쉽게 말하면 가짜 죽음의 약에 대한 반작용제입니다.<0A><00> || 가짜 사형제에 의해 촉발된 메티오닌 엔케팔린 분비는 오피오이드 수용체를...<0A><00> || 가짜 죽음 상태에서 자신을 되살리려면 소생약을 사용하세요.<0A><00> || 글쎄, 가짜 죽음의 약은 죽은 척하는 자연스러운 기술을 가져와 스파이 세계에 적용합니다.<0A><00> || 가짜 죽음의 약을 사용하면 제한된 시간 동안 자신을 죽음과 같은 상태로 보낼 수 있다.<0A><00>",64,not_generated,
codec,243,쨌,64,3,codec:243:751|codec:243:804|codec:243:921,"Anyway, I decided to put this mask we had<0A>in storage to good use by hiding your<0A>identity from the gunship crew.<0A><END> || He must have heard about it from someone,<0A>or read it somewhere... in any case, he<0A>probably wanted to try it out for himself.<0A><END> || In any case, Granin seems to harbor<0A>an unusually intense hatred for Sokolov.<0A><END>","어쨌든, 나는 우리가 보관하고 있던 이 마스크를 건쉽 승무원들에게 당신의 신원을 숨겨 잘 활용하기로 결정했습니다.<0A><00> || 누군가에게서 들었거나, 어디선가 읽어본 적이 있을 텐데... 어쨌든 직접 해보고 싶었을 겁니다.<0A><00> || 어쨌든, Granin은 Sokolov에 대해 유난히 강한 증오를 품고 있는 것 같다.<0A><00>",64,not_generated,
codec,243,쩌,64,1,codec:243:799,Really! What was all that about doing<0A>the thing with your hand on the first<0A>round or whatever?<0A><END>,정말! 첫 탄을 손으로 어쩌고 한 건 뭐였어?<0A><00>,64,not_generated,
codec,243,쩔,64,1,codec:243:790,"Right now, Sokolov is out there wandering<0A>around the jungle alone. What are you going<0A>to do if he gets caught by the enemy?<0A><END>",Sokolov는 혼자 정글을 헤매고 있어. 적에게 잡히면 어쩔 거야?<0A><00>,64,not_generated,
codec,243,쫓,64,3,codec:243:908|codec:243:910|codec:243:781,"If you're attacked by hornets, wiggle the<0A>Circle Pad around and wave your survival<0A>knife to shoo them away.<0A><END> || Smoke is another useful tool in keeping<0A>hornets away.<0A><END> || Sokolov took off in the direction of the rope<0A>bridge. Get after him. Hurry!<0A><END>",말벌이 덤비면 CIRCLE PAD를 흔들고 KNIFE를 휘둘러 쫓아.<0A><00> || SMOKE도 말벌을 쫓는 데 유용해.<0A><00> || Sokolov는 로프 다리 방향으로 이륙했습니다. 그를 쫓아라. 서두르다!<0A><00>,64,not_generated,
codec,243,차,64,1,codec:243:771,"Snake, stay alert. The KGB and GRU both<0A>have their sights set on Sokolov.<0A><END>","Snake, 정신 차려. KGB와 GRU는 모두 Sokolov를 목표로 삼고 있습니다.<0A><00>",64,not_generated,
codec,243,찮,64,2,codec:243:2816|codec:243:844,"Snake, <G68>a va ? Tu as l'air tr<G69>s fatigu<G6A>.<0A><END> || Snake, are you all right? You seem<0A>awfully tired.<0A><END>","Snake, 괜찮아? 많이 지쳐 보여.<0A><00> || Snake, 괜찮아? 많이 지쳐 보여.<0A><00>",64,not_generated,
codec,243,찰,64,3,codec:243:837|codec:243:836|codec:243:828,"In addition to the regular patrols, there's<0A>also a chance that they'll send out additional<0A>search units. Keep on your toes.<0A><END> || In Caution Phase, enemy soldiers will be<0A>more cautious in their patrols, and they'll<0A>likely be more difficult to detect.<0A><END> || In Normal Phase, the enemy will follow<0A>normal procedures for patrols and other<0A>activities.<0A><END>","정기 순찰 외에 추가 수색 유닛을 파견할 가능성도 있다. 계속해서 긴장해.<0A><00> || 주의 단계에서는 적 병사들이 순찰에 있어 더 주의 깊어지며, 탐지하기가 더 어려워질 것이다.<0A><00> || NORMAL PHASE에선 적이 평소처럼 순찰해.<0A><00>",64,not_generated,
codec,243,참,64,2,codec:243:660|codec:243:772,"Avoid engagement whenever possible.<0A>Your highest priority in this mission is<0A>staying out of sight.<0A><END> || GRU is a military espionage outfit, the<0A>intelligence wing of the Soviet Defense<0A>Ministry's General Staff Office.<0A><END>",가능하면 참여를 피해. 이 MISSION에서 가장 중요한 것은 눈에 띄지 않는 거다.<0A><00> || GRU는 소련 국방부 참모실 산하 정보부 소속의 군사 첩보 기관입니다.<0A><00>,64,not_generated,
codec,243,창,64,3,codec:243:91|codec:243:2967|codec:243:995,"...It's pretty thick grass.<0A>About waist-high.<0A><END> || A la cr<G6A>ation des SAS, le Special Air Service<0A>britannique, The Boss a <G6A>t<G6A> invit<G6A> comme<0A>conseill<G69>re sp<G6A>cialis<G6A>e.<0A><END> || When the SAS, the British Special Air<0A>Service, was first established, they invited<0A>The Boss on board as a special advisor.<0A><END>",...허리 높이의 울창한 풀숲이야.<0A><00> || SAS가 창설되었을 때 영국 특수 항공 서비스 The Boss가 전문 고문으로 초청되었습니다.<0A><00> || 영국 특수항공서비스(SAS)가 처음 창설되었을 때 The Boss를 특별고문으로 초빙했습니다.<0A><00>,64,not_generated,
codec,243,찾,64,5,codec:243:949|codec:243:870|codec:243:793|codec:243:839|codec:243:998,"If we lose the initiative, we may never get<0A>it back. We're left with no choice but to<0A>keep moving forward, one step at a time.<0A><END> || If you're so exhausted that you don't even<0A>have the strength to find food,<0A><END> || In the meantime, it's your job to find<0A>Sokolov and get him to safety. Got it?<0A><END> || Now go and find Sokolov and get him<0A>out of there.<0A><END> || You won't find her name in the history<0A>books, but her contributions were many<0A>and great.<0A><END>","주도권을 잃으면 되찾기 힘들어. 계속 전진해야 해.<0A><00> || FOOD를 찾을 힘도 없다면,<0A><00> || 그동안 당신의 MISSION은 Sokolov를 찾아서 안전한 곳으로 데려가는 거다. 알겠습니까?<0A><00> || 이제 가서 Sokolov를 찾고 거기서 그를 데리고 나와.<0A><00> || 역사책에서 그녀의 이름을 찾을 수는 없지만 그녀의 공헌은 많고 훌륭했습니다.<0A><00>",64,not_generated,
codec,243,책,64,2,codec:243:985|codec:243:998,"He's gained a reputation as the most brutal<0A>and cold-blooded of the Soviet spymasters.<0A><END> || You won't find her name in the history<0A>books, but her contributions were many<0A>and great.<0A><END>",소련 정보 책임자 중 가장 잔혹하고 냉혈하다고 알려졌어.<0A><00> || 역사책에서 그녀의 이름을 찾을 수는 없지만 그녀의 공헌은 많고 훌륭했습니다.<0A><00>,64,not_generated,
codec,243,처,64,8,codec:243:989|codec:243:750|codec:243:987|codec:243:670|codec:243:828|codec:243:680|codec:243:778|codec:243:995,"Apparently, he likes to boast that he<0A>""disposed of"" over 100,000<0A>anti-communists.<0A><END> || But I spend three days a month just dealing<0A>with the complaints we get about him... ah<0A>well, never mind.<0A><END> || He was stationed in the rear of the Soviet<0A>line to catch and punish any troops who<0A>tried to retreat or desert.<0A><END> || I don't feel right taking some pill I don't know<0A>anything about. How does it make me look<0A>dead? How's it gonna affect my body?<0A><END> || In Normal Phase, the enemy will follow<0A>normal procedures for patrols and other<0A>activities.<0A><END> || It'll truly look like you've dropped dead upon<0A>initial inspection.<0A><END> || That's the idea. The two factions are fighting<0A>over Sokolov. We're in an extremely<0A>dangerous situation here.<0A><END> || When the SAS, the British Special Air<0A>Service, was first established, they invited<0A>The Boss on board as a special advisor.<0A><END>","분명히 그는 100,000명이 넘는 반공주의자들을 ""처분""했다고 자랑하기를 좋아합니다.<0A><00> || 저는 한 달에 3일을 그 사람에 대해 받는 불만 사항을 처리하는 데 소비합니다... 아 뭐, 신경쓰지 마세요.<0A><00> || 소련군 후방에서 후퇴나 탈영한 병사를 잡아 처벌했어.<0A><00> || 전혀 모르는 약을 복용하는 것이 기분이 좋지 않습니다. 어떻게 하면 내가 죽은 것처럼 보이나요? 내 몸에 어떤 영향을 미칠까요?<0A><00> || NORMAL PHASE에선 적이 평소처럼 순찰해.<0A><00> || 겉보기에는 정말 죽은 것처럼 보여.<0A><00> || 그게 아이디어입니다. 두 세력이 Sokolov를 놓고 싸우고 있다. 우리는 지금 매우 위험한 상황에 처해 있다.<0A><00> || 영국 특수항공서비스(SAS)가 처음 창설되었을 때 The Boss를 특별고문으로 초빙했습니다.<0A><00>",64,not_generated,
codec,243,척,64,3,codec:243:675|codec:243:846|codec:243:674,"Well, the fake death pill takes the natural<0A>art of playing dead and applies it to the<0A>spy world.<0A><END> || You don't have to act tough.<0A><END> || You know how there are animals in nature<0A>that play dead, like weevils, ladybugs,<0A>chickadees, opossums and the like.<0A><END>","글쎄, 가짜 죽음의 약은 죽은 척하는 자연스러운 기술을 가져와 스파이 세계에 적용합니다.<0A><00> || 강한 척하지 마.<0A><00> || 자연에는 죽은 척하는 곤충이나 동물이 있어.<0A><00>",64,not_generated,
codec,243,철,64,1,codec:243:974,"Ever since the withdrawal from Cuba,<0A>Khrushchev's position has been getting<0A>weaker day by day.<0A><END>",쿠바에서 철수한 이후 흐루시초프의 입지는 나날이 약화되어 왔습니다.<0A><00>,64,not_generated,
codec,243,첨,64,2,codec:243:702|codec:243:926,"Mmm. The Soviets have a number of secret<0A>Design Bureaus like this one, each engaged<0A>in cutting-edge research.<0A><END> || was intrigued by the possibility of using<0A>the high-tech weapons Granin created in<0A>the fight against Khrushchev.<0A><END>",소련엔 첨단 연구를 하는 비밀 설계국이 여럿 있어.<0A><00> || 은 흐루시초프와의 전투에서 Granin이 만든 첨단 무기를 사용할 가능성에 흥미를 느꼈습니다.<0A><00>,64,not_generated,
codec,243,첩,64,1,codec:243:772,"GRU is a military espionage outfit, the<0A>intelligence wing of the Soviet Defense<0A>Ministry's General Staff Office.<0A><END>",GRU는 소련 국방부 참모실 산하 정보부 소속의 군사 첩보 기관입니다.<0A><00>,64,not_generated,
codec,243,첫,64,5,codec:243:931|codec:243:939|codec:243:799|codec:243:950|codec:243:801,"In 1957, the Soviet Union succeeded<0A>in launching their first artificial satellite,<0A>Sputnik, into orbit.<0A><END> || NASA's first successful ballistic flight came<0A>one month after Gagarin's mission,<0A><END> || Really! What was all that about doing<0A>the thing with your hand on the first<0A>round or whatever?<0A><END> || The Gemini program launched two years<0A>ago represents the initial step toward<0A>establishing a moon base.<0A><END> || Whenever he put a new clip in his gun he'd<0A>always load the first round by hand, whether<0A>there was a round left in the chamber or not.<0A><END>","1957년, 소련은 첫 인공위성 스푸트니크를 궤도에 성공적으로 발사했다.<0A><00> || NASA의 첫 번째 성공적인 탄도 비행은 가가린의 MISSION가 있은 지 한 달 후에 이루어졌습니다.<0A><00> || 정말! 첫 탄을 손으로 어쩌고 한 건 뭐였어?<0A><00> || 2년 전에 시작된 Gemini 프로그램은 달 기지 건설을 향한 첫 단계를 나타냅니다.<0A><00> || CHAMBER에 탄이 있어도 CLIP을 갈 때 첫 탄을 손으로 넣었어.<0A><00>",64,not_generated,
codec,243,체,64,7,codec:243:679|codec:243:798|codec:243:861|codec:243:875|codec:243:688|codec:243:693|codec:243:968,"causing your heart rate, your breathing<0A>rate, and your body temperature to drop<0A>dramatically.<0A><END> || He's your enemy. What the hell were you<0A>think...<0A><END> || Snake, there are other ways to recover<0A>your stamina besides eating.<0A><END> || Snake, what in God's name...<0A><END> || The secretion of methionin enkephalin<0A>triggered by the fake death pill causes<0A>the opioid receptors...<0A><END> || There are three types of receptors: delta,<0A>kappa, and mu. Methionin enkephalin acts<0A>on the...<0A><END> || What's really going on?<0A><END>","심박수, 호흡수, 체온이 급격하게 떨어집니다.<0A><00> || 그는 당신의 적입니다. 도대체 무슨 생각을 한 거야...<0A><00> || Snake, 먹는 것 말고도 체력을 회복할 수 있는 방법이 있구나.<0A><00> || Snake, 대체...<0A><00> || 가짜 사형제에 의해 촉발된 메티오닌 엔케팔린 분비는 오피오이드 수용체를...<0A><00> || 수용체에는 델타, 카파, 뮤의 세 가지 유형이 있습니다. 메티오닌 엔케팔린은 다음과 같은 작용을 합니다.<0A><00> || 대체 무슨 일이야?<0A><00>",64,not_generated,
codec,243,쳐,64,3,codec:243:832|codec:243:2816|codec:243:844,"Even after they lose sight of you, the<0A>enemy will continue to search the area for<0A>a while. This is called Evasion Phase.<0A><END> || Snake, <G68>a va ? Tu as l'air tr<G69>s fatigu<G6A>.<0A><END> || Snake, are you all right? You seem<0A>awfully tired.<0A><END>","적은 널 놓쳐도 잠시 수색해. 이게 EVASION PHASE다.<0A><00> || Snake, 괜찮아? 많이 지쳐 보여.<0A><00> || Snake, 괜찮아? 많이 지쳐 보여.<0A><00>",64,not_generated,
codec,243,쳤,64,1,codec:243:850,"Your body is exhausted. Look at your<0A>Stamina Gauge. It's almost empty, isn't it?<0A><END>",몸이 지쳤습니다. STAMINA 게이지를 살펴보세요. 거의 비어있죠?<0A><00>,64,not_generated,
codec,243,초,64,10,codec:243:2967|codec:243:938|codec:243:1981|codec:243:974|codec:243:919|codec:243:848|codec:243:937|codec:243:777|codec:243:926|codec:243:995,"A la cr<G6A>ation des SAS, le Special Air Service<0A>britannique, The Boss a <G6A>t<G6A> invit<G6A> comme<0A>conseill<G69>re sp<G6A>cialis<G6A>e.<0A><END> || But as you know, it was a Soviet cosmonaut,<0A>Yuri Gagarin, who made the first successful<0A>manned space flight three years ago.<0A><END> || Cuando fundaron la SAS, el Servicio Especial<0A>A<G6A>reo Brit<G62>nico, invitaron a The Boss como<0A>tutor especial.<0A><END> || Ever since the withdrawal from Cuba,<0A>Khrushchev's position has been getting<0A>weaker day by day.<0A><END> || He's Sokolov's archrival, and the two have<0A>competed fiercely against each other since<0A>the days of the war.<0A><END> || Really? You lose your grip strength after<0A>only a few seconds when hanging. I'll bet<0A>you can't even hold your gun straight.<0A><END> || Seven candidates were chosen from<0A>the military as the first astronauts.<0A>These were the men with the ""right stuff.""<0A><END> || So Khrushchev is using the KGB, and<0A>Volgin and the anti-Khrushchev forces<0A>are using the GRU?<0A><END> || was intrigued by the possibility of using<0A>the high-tech weapons Granin created in<0A>the fight against Khrushchev.<0A><END> || When the SAS, the British Special Air<0A>Service, was first established, they invited<0A>The Boss on board as a special advisor.<0A><END>","SAS가 창설되었을 때 영국 특수 항공 서비스 The Boss가 전문 고문으로 초청되었습니다.<0A><00> || 3년 전 최초 유인 우주비행에 성공한 건 소련의 Yuri Gagarin이야.<0A><00> || 영국 특수 항공 서비스(SAS)를 설립할 때 The Boss를 특별 교사로 초대했습니다.<0A><00> || 쿠바에서 철수한 이후 흐루시초프의 입지는 나날이 약화되어 왔습니다.<0A><00> || 그는 Sokolov의 최대 라이벌이며, 두 사람은 전쟁 초기부터 치열한 경쟁을 벌였습니다.<0A><00> || 정말요? 매달린 후 단 몇 초만 지나면 그립력이 상실됩니다. 아마 당신은 총을 똑바로 쥐지도 못할 것 같아요.<0A><00> || 최초의 우주 비행사로 군대에서 7명의 후보자가 선정되었습니다. 이들은 ""올바른 물건""을 가진 사람들이었습니다.<0A><00> || 그렇다면 흐루시초프는 KGB를 사용하고 있고, Volgin과 반흐루시초프 세력은 GRU를 사용하고 있다는 겁니까?<0A><00> || 은 흐루시초프와의 전투에서 Granin이 만든 첨단 무기를 사용할 가능성에 흥미를 느꼈습니다.<0A><00> || 영국 특수항공서비스(SAS)가 처음 창설되었을 때 The Boss를 특별고문으로 초빙했습니다.<0A><00>",64,not_generated,
codec,243,촉,64,2,codec:243:1768|codec:243:688,"Major, <G40>has podido contactar con The Boss?<0A><END> || The secretion of methionin enkephalin<0A>triggered by the fake death pill causes<0A>the opioid receptors...<0A><END>","소령, <1f><40>이 The Boss와 접촉하고 있습니까?<0A><00> || 가짜 사형제에 의해 촉발된 메티오닌 엔케팔린 분비는 오피오이드 수용체를...<0A><00>",64,not_generated,
codec,243,총,64,7,codec:243:803|codec:243:1829|codec:243:904|codec:243:848|codec:243:972|codec:243:843|codec:243:971,"By making sure there's always a round in<0A>the chamber, you eliminate the risk of pulling<0A>the trigger with nothing to fire.<0A><END> || Esta t<G6A>cnica te ser<G62> muy <G7B>til durante un<0A>tiroteo. Recu<G6A>rdalo.<0A><END> || In other words, the enemy's shots will miss<0A>more often.<0A><END> || Really? You lose your grip strength after<0A>only a few seconds when hanging. I'll bet<0A>you can't even hold your gun straight.<0A><END> || The premier may have wanted to assign<0A>this mission to someone he knew he could<0A>trust.<0A><END> || This technique should come in handy during<0A>a firefight. Use it well.<0A><END> || What I do know is that the director of the<0A>Ninth Directorate is a well-known prot<G6A>g<G6A>e<0A>of Khrushchev.<0A><END>",CHAMBER에 늘 탄이 있으면 빈 총을 쏠 일도 없어.<0A><00> || 이 기술은 총격전에서 유용해. 기억해.<0A><00> || enemy의 총알이 빗나가기 쉬워져.<0A><00> || 정말요? 매달린 후 단 몇 초만 지나면 그립력이 상실됩니다. 아마 당신은 총을 똑바로 쥐지도 못할 것 같아요.<0A><00> || 총리는 자신이 신뢰할 수 있는 사람에게 이 MISSION을 할당하고 싶었을 수도 있습니다.<0A><00> || 총격전에서 유용한 기술이야. 잘 써.<0A><00> || 9국 국장은 Khrushchev의<0A>총애를 받는 인물이다.<0A><00>,64,not_generated,
codec,243,최,64,7,codec:243:707|codec:243:662|codec:243:938|codec:243:919|codec:243:979|codec:243:1190|codec:243:937,"And Sokolov's OKB-754 is the most secret<0A>bureau of them all.<0A><END> || are the latest in internal medicines developed<0A>for intelligence ops by the CIA's technology<0A>division.<0A><END> || But as you know, it was a Soviet cosmonaut,<0A>Yuri Gagarin, who made the first successful<0A>manned space flight three years ago.<0A><END> || He's Sokolov's archrival, and the two have<0A>competed fiercely against each other since<0A>the days of the war.<0A><END> || Most likely. Khrushchev must have anticipated<0A>this and sent his most loyal unit - his trump<0A>card - to make sure all goes well.<0A><END> || S<G62>cale el m<G62>ximo partido.<0A><END> || Seven candidates were chosen from<0A>the military as the first astronauts.<0A>These were the men with the ""right stuff.""<0A><END>","Sokolov의 OKB-754는 그중에서도 최고 기밀이야.<0A><00> || 은 CIA 기술 부서에서 정보 작전을 위해 개발한 최신 내복약다.<0A><00> || 3년 전 최초 유인 우주비행에 성공한 건 소련의 Yuri Gagarin이야.<0A><00> || 그는 Sokolov의 최대 라이벌이며, 두 사람은 전쟁 초기부터 치열한 경쟁을 벌였습니다.<0A><00> || 그럴 거야. Khrushchev가 충성스러운 최정예 부대를 보냈겠지.<0A><00> || 최대한 이용해.<0A><00> || 최초의 우주 비행사로 군대에서 7명의 후보자가 선정되었습니다. 이들은 ""올바른 물건""을 가진 사람들이었습니다.<0A><00>",64,not_generated,
codec,243,추,64,6,codec:243:775|codec:243:1009|codec:243:837|codec:243:723|codec:243:729|codec:243:722,"Exactly. Now, added to that rivalry,<0A><END> || If you walk like that, you'll leave footprints<0A>behind, and the enemy may follow them<0A>straight to you.<0A><END> || In addition to the regular patrols, there's<0A>also a chance that they'll send out additional<0A>search units. Keep on your toes.<0A><END> || So instead, they decided to focus on using<0A>multiple smaller engines to achieve the<0A>desired thrust.<0A><END> || That's my best guess. We don't know for<0A>sure, but...<0A><END> || With the technology they had, it was difficult<0A>for the Soviets to develop large engines with<0A>massive thrust.<0A><END>",바로 그거죠. 이제 그 경쟁에 추가되어<0A><00> || 그렇게 걸으면 발자국이 남아 적이 추적할 수 있어.<0A><00> || 정기 순찰 외에 추가 수색 유닛을 파견할 가능성도 있다. 계속해서 긴장해.<0A><00> || 그래서 대신 그들은 원하는 추력을 달성하기 위해 여러 개의 작은 엔진을 사용하는 데 집중하기로 결정했습니다.<0A><00> || 그게 내 추측이에요. 우리는 확실히 모르지만...<0A><00> || 소련이 보유한 기술로는 막대한 추력을 갖춘 대형 엔진을 개발하기가 어려웠습니다.<0A><00>,64,not_generated,
codec,243,춘,64,1,codec:243:722,"With the technology they had, it was difficult<0A>for the Soviets to develop large engines with<0A>massive thrust.<0A><END>",소련이 보유한 기술로는 막대한 추력을 갖춘 대형 엔진을 개발하기가 어려웠습니다.<0A><00>,64,not_generated,
codec,243,충,64,4,codec:243:912|codec:243:697|codec:243:979|codec:243:674,"And if you use the insecticidal bug juice,<0A>the hornets should stay away as long as<0A>the effect lasts.<0A><END> || Major, I've got enough info about the pills,<0A>so I'm going to get back to the mission now.<0A><END> || Most likely. Khrushchev must have anticipated<0A>this and sent his most loyal unit - his trump<0A>card - to make sure all goes well.<0A><END> || You know how there are animals in nature<0A>that play dead, like weevils, ladybugs,<0A>chickadees, opossums and the like.<0A><END>","그리고 살충 벌레즙을 사용하면 효과가 지속되는 한 말벌이 멀리 떨어져 있어야 합니다.<0A><00> || Major, 약 얘긴 충분해. MISSION으로 돌아갈게.<0A><00> || 그럴 거야. Khrushchev가 충성스러운 최정예 부대를 보냈겠지.<0A><00> || 자연에는 죽은 척하는 곤충이나 동물이 있어.<0A><00>",64,not_generated,
codec,243,취,64,1,codec:243:741,"With the mission cancelled, the mask was<0A>going to be thrown away... but the guy at the<0A>CIA's tech division who created it pitched a fit.<0A><END>",MISSION가 취소되면서 마스크는 버려질 예정이었지만... 이 마스크를 만든 CIA의 기술 부서 직원이 딱 맞았습니다.<0A><00>,64,not_generated,
codec,243,측,64,1,codec:243:729,"That's my best guess. We don't know for<0A>sure, but...<0A><END>",그게 내 추측이에요. 우리는 확실히 모르지만...<0A><00>,64,not_generated,
codec,243,치,64,13,codec:243:706|codec:243:924|codec:243:760|codec:243:986|codec:243:919|codec:243:984|codec:243:810|codec:243:802|codec:243:893|codec:243:900|codec:243:901|codec:243:728|codec:243:809,"and we don't even know their exact locations,<0A>much less the nature of their research.<0A><END> || Apparently, Granin meant to use the funds<0A>provided by these opposition forces in<0A>order to defeat his old foe.<0A><END> || Beat the crap out of him.<0A><END> || During the war, Volgin was assigned to<0A>the domestic branch of the NKVD.<0A><END> || He's Sokolov's archrival, and the two have<0A>competed fiercely against each other since<0A>the days of the war.<0A><END> || His name is Yevgeny Borisovitch Volgin.<0A>His code name in the West is<0A>""Thunderbolt.""<0A><END> || It looked like he wasn't aware he was doing<0A>it, but that habit can be either a fatal flaw or<0A>a gift.<0A><END> || It's a technique they teach in the Middle<0A>East.<0A><END> || It's about this guy who gets hurt in a car<0A>accident and tries to heal his wounds by<0A>injecting himself with a crocodile serum,<0A><END> || Snake, hurry and get those injuries<0A>treated!<0A><END> || Snake, you're not done treating your<0A>injuries. Go into the Survival Viewer and<0A>treat the rest of your injuries!<0A><END> || So this secret weapon is some kind of<0A>ballistic device?<0A><END> || When he fired, he was bending his elbow<0A>sharply to avoid the recoil.<0A><END>","정확한 위치도 연구 내용도 몰라.<0A><00> || 분명히 Granin은 그의 옛 적을 물리치기 위해 이러한 반대 세력이 제공한 자금을 사용하려고 했다.<0A><00> || 그놈의 헛소리를 물리치세요.<0A><00> || 전쟁 중 Volgin은 NKVD 국내 지부에 배치됐어.<0A><00> || 그는 Sokolov의 최대 라이벌이며, 두 사람은 전쟁 초기부터 치열한 경쟁을 벌였습니다.<0A><00> || 그의 이름은 예브게니 보리소비치 Volgin다. 그의 서부 코드명은 ""Thunderbolt""이다.<0A><00> || 그는 자신이 그렇게 하고 있다는 것을 의식하지 못하는 것 같지만, 그 습관은 치명적인 결함일 수도 있고 재능일 수도 있다.<0A><00> || 중동에서 가르치는 기술입니다.<0A><00> || 사고로 다친 남자가 악어 serum으로 치료하려는 영화야,<0A><00> || Snake, 빨리 부상을 치료받아라!<0A><00> || Snake, 부상 치료가 아직 끝나지 않았습니다. SURVIVAL로 가서 나머지 부상을 치료하세요!<0A><00> || 그렇다면 이 비밀병기는 일종의 탄도장치라는 겁니까?<0A><00> || 쏠 때 팔꿈치를 크게 굽혀 반동을 피하고 있었어.<0A><00>",64,not_generated,
codec,243,친,64,1,codec:243:893,"It's about this guy who gets hurt in a car<0A>accident and tries to heal his wounds by<0A>injecting himself with a crocodile serum,<0A><END>","사고로 다친 남자가 악어 serum으로 치료하려는 영화야,<0A><00>",64,not_generated,
codec,243,칠,64,2,codec:243:831|codec:243:670,Alert Phase will last until the enemy loses<0A>sight of you.<0A><END> || I don't feel right taking some pill I don't know<0A>anything about. How does it make me look<0A>dead? How's it gonna affect my body?<0A><END>,enemy가 놓칠 때까지 Alert Phase다.<0A><00> || 전혀 모르는 약을 복용하는 것이 기분이 좋지 않습니다. 어떻게 하면 내가 죽은 것처럼 보이나요? 내 몸에 어떤 영향을 미칠까요?<0A><00>,64,not_generated,
codec,243,침,64,1,codec:243:830,But if they spot an intruder - that means<0A>you - they'll attack in an attempt to neutralize<0A>you. This is called Alert Phase.<0A><END>,"그들이 침입자를 발견하면, 즉 당신을 의미합니다. 그들은 당신을 무력화하기 위해 공격할 거다. 이를 경고 단계라고 합니다.<0A><00>",64,not_generated,
codec,243,카,64,2,codec:243:1001|codec:243:693,"The dummy run on Heliopolis and the<0A>nighttime raids on German air bases in<0A>North Africa were her idea as well.<0A><END> || There are three types of receptors: delta,<0A>kappa, and mu. Methionin enkephalin acts<0A>on the...<0A><END>","헬리오폴리스에서의 모의 비행과 북아프리카의 독일 공군 기지에 대한 야간 공습 역시 그녀의 아이디어였습니다.<0A><00> || 수용체에는 델타, 카파, 뮤의 세 가지 유형이 있습니다. 메티오닌 엔케팔린은 다음과 같은 작용을 합니다.<0A><00>",64,not_generated,
codec,243,케,64,2,codec:243:688|codec:243:693,"The secretion of methionin enkephalin<0A>triggered by the fake death pill causes<0A>the opioid receptors...<0A><END> || There are three types of receptors: delta,<0A>kappa, and mu. Methionin enkephalin acts<0A>on the...<0A><END>","가짜 사형제에 의해 촉발된 메티오닌 엔케팔린 분비는 오피오이드 수용체를...<0A><00> || 수용체에는 델타, 카파, 뮤의 세 가지 유형이 있습니다. 메티오닌 엔케팔린은 다음과 같은 작용을 합니다.<0A><00>",64,not_generated,
codec,243,켓,64,1,codec:243:721,"The Vostok rocket, for instance,<0A>had 32 engines.<0A><END>",예를 들어 보스토크 로켓에는 32개의 엔진이 있었습니다.<0A><00>,64,not_generated,
codec,243,쿠,64,1,codec:243:974,"Ever since the withdrawal from Cuba,<0A>Khrushchev's position has been getting<0A>weaker day by day.<0A><END>",쿠바에서 철수한 이후 흐루시초프의 입지는 나날이 약화되어 왔습니다.<0A><00>,64,not_generated,
codec,243,큐,64,1,codec:243:936,"That same year, the Mercury program<0A>was launched with the goal of putting<0A>a man into space.<0A><END>","같은 해, 사람을 우주에 보내는 것을 목표로 머큐리 프로그램이 시작되었습니다.<0A><00>",64,not_generated,
codec,243,큰,64,3,codec:243:906|codec:243:816|codec:243:829,"Snake, when you knock down a hornets'<0A>nest, a large swarm of hornets will come<0A>flying out.<0A><END> || That kid might just be handy with a<0A>high-caliber revolver.<0A><END> || They won't present much of a danger to<0A>you.<0A><END>","Snake, 말벌 둥지를 쓰러뜨리면 큰 말벌 떼가 날아옵니다.<0A><00> || 그 아이는 구경이 큰 리볼버를 가지고 있으면 좋을 것 같아요.<0A><00> || 큰 위험은 아니야.<0A><00>",64,not_generated,
codec,243,킬,64,1,codec:243:977,should help reestablish Khrushchev's<0A>authority in Moscow.<0A><END>,Moscow에서 Khrushchev의 권위를 회복시킬 거야.<0A><00>,64,not_generated,
codec,243,타,64,3,codec:243:667|codec:243:950|codec:243:693,"But remember - timing is critical.<0A>The effect will be ruined if you revive<0A>right in front of your enemy.<0A><END> || The Gemini program launched two years<0A>ago represents the initial step toward<0A>establishing a moon base.<0A><END> || There are three types of receptors: delta,<0A>kappa, and mu. Methionin enkephalin acts<0A>on the...<0A><END>","하지만 기억해. 타이밍이 중요합니다. 적의 바로 앞에서 부활하면 효과가 망가집니다.<0A><00> || 2년 전에 시작된 Gemini 프로그램은 달 기지 건설을 향한 첫 단계를 나타냅니다.<0A><00> || 수용체에는 델타, 카파, 뮤의 세 가지 유형이 있습니다. 메티오닌 엔케팔린은 다음과 같은 작용을 합니다.<0A><00>",64,not_generated,
codec,243,탄,64,5,codec:243:803|codec:243:939|codec:243:799|codec:243:728|codec:243:801,"By making sure there's always a round in<0A>the chamber, you eliminate the risk of pulling<0A>the trigger with nothing to fire.<0A><END> || NASA's first successful ballistic flight came<0A>one month after Gagarin's mission,<0A><END> || Really! What was all that about doing<0A>the thing with your hand on the first<0A>round or whatever?<0A><END> || So this secret weapon is some kind of<0A>ballistic device?<0A><END> || Whenever he put a new clip in his gun he'd<0A>always load the first round by hand, whether<0A>there was a round left in the chamber or not.<0A><END>",CHAMBER에 늘 탄이 있으면 빈 총을 쏠 일도 없어.<0A><00> || NASA의 첫 번째 성공적인 탄도 비행은 가가린의 MISSION가 있은 지 한 달 후에 이루어졌습니다.<0A><00> || 정말! 첫 탄을 손으로 어쩌고 한 건 뭐였어?<0A><00> || 그렇다면 이 비밀병기는 일종의 탄도장치라는 겁니까?<0A><00> || CHAMBER에 탄이 있어도 CLIP을 갈 때 첫 탄을 손으로 넣었어.<0A><00>,64,not_generated,
codec,243,탈,64,1,codec:243:987,He was stationed in the rear of the Soviet<0A>line to catch and punish any troops who<0A>tried to retreat or desert.<0A><END>,소련군 후방에서 후퇴나 탈영한 병사를 잡아 처벌했어.<0A><00>,64,not_generated,
codec,243,탐,64,1,codec:243:836,"In Caution Phase, enemy soldiers will be<0A>more cautious in their patrols, and they'll<0A>likely be more difficult to detect.<0A><END>","주의 단계에서는 적 병사들이 순찰에 있어 더 주의 깊어지며, 탐지하기가 더 어려워질 것이다.<0A><00>",64,not_generated,
codec,243,테,64,3,codec:243:976|codec:243:1749|codec:243:975,"If nothing else, the completion of<0A>Sokolov's new weapon in this test<0A><END> || Porque no le va a gustar.<0A><END> || This secret test is an act of desperation<0A>by a cornered man.<0A><END>",이번 테스트로 Sokolov의 신무기 완성<0A><00> || 왜냐하면 그가 좋아하지 않을 테니까요.<0A><00> || 이 비밀 테스트는 궁지에 몰린 남자의 절박한 행위입니다.<0A><00>,64,not_generated,
codec,243,텐,64,2,codec:243:804|codec:243:711,"He must have heard about it from someone,<0A>or read it somewhere... in any case, he<0A>probably wanted to try it out for himself.<0A><END> || Then how did you get the information for<0A>this mission? It can't have been from<0A>Sokolov...<0A><END>","누군가에게서 들었거나, 어디선가 읽어본 적이 있을 텐데... 어쨌든 직접 해보고 싶었을 겁니다.<0A><00> || 그렇다면 이번 미션에 대한 정보는 어떻게 얻으셨나요? Sokolov가 보낸 건 아닐 텐데...<0A><00>",64,not_generated,
codec,243,토,64,3,codec:243:1004|codec:243:721|codec:243:997,"The motto of the SAS.<0A><END> || The Vostok rocket, for instance,<0A>had 32 engines.<0A><END> || which laid the groundwork for today's SAS.<0A><END>",SAS의 모토입니다.<0A><00> || 예를 들어 보스토크 로켓에는 32개의 엔진이 있었습니다.<0A><00> || 오늘날 SAS의 토대가 됐지.<0A><00>,64,not_generated,
codec,243,통,64,4,codec:243:2907|codec:243:927|codec:243:658|codec:243:935,"ont <G6A>t<G6A> rassembl<G6A>s pour cr<G6A>er la National<0A>Aeronautics and Space Administration, ou<0A>NASA.<0A><END> || Thus, the two formed an alliance, and<0A>Volgin took the Granin Design Bureau<0A>under his control.<0A><END> || We'll be providing you with support over<0A>the radio, but out in the field, you're on<0A>your own. There's no backup.<0A><END> || were united to form the National<0A>Aeronautics and Space Administration,<0A>or NASA.<0A><END>","NASA를 만들기 위해 통합됐지.<0A><00> || 그리하여 두 사람은 동맹을 맺게 되었고, Volgin은 Granin Design Bureau를 그의 통제하에 두게 되었습니다.<0A><00> || 우리는 무선을 통해 지원을 제공할 예정이지만 현장에서는 스스로 해결해야 합니다. 백업이 없습니다.<0A><00> || 는 통합되어 미국 항공 우주국(NASA)을 구성했습니다.<0A><00>",64,not_generated,
codec,243,퇴,64,1,codec:243:987,He was stationed in the rear of the Soviet<0A>line to catch and punish any troops who<0A>tried to retreat or desert.<0A><END>,소련군 후방에서 후퇴나 탈영한 병사를 잡아 처벌했어.<0A><00>,64,not_generated,
codec,243,투,64,3,codec:243:659|codec:243:776|codec:243:926,And there's no way you'll survive a battle<0A>with a large enemy contingent.<0A><END> || there's a vicious power struggle going on<0A>between the Khrushchev faction and<0A>the anti-Khrushchev faction.<0A><END> || was intrigued by the possibility of using<0A>the high-tech weapons Granin created in<0A>the fight against Khrushchev.<0A><END>,그리고 대규모 적군과의 전투에서 살아남을 방법은 없다.<0A><00> || 흐루쇼프파와 반흐루쇼프파 사이에 악랄한 권력투쟁이 벌어지고 있다.<0A><00> || 은 흐루시초프와의 전투에서 Granin이 만든 첨단 무기를 사용할 가능성에 흥미를 느꼈습니다.<0A><00>,64,not_generated,
codec,243,트,64,3,codec:243:976|codec:243:931|codec:243:975,"If nothing else, the completion of<0A>Sokolov's new weapon in this test<0A><END> || In 1957, the Soviet Union succeeded<0A>in launching their first artificial satellite,<0A>Sputnik, into orbit.<0A><END> || This secret test is an act of desperation<0A>by a cornered man.<0A><END>","이번 테스트로 Sokolov의 신무기 완성<0A><00> || 1957년, 소련은 첫 인공위성 스푸트니크를 궤도에 성공적으로 발사했다.<0A><00> || 이 비밀 테스트는 궁지에 몰린 남자의 절박한 행위입니다.<0A><00>",64,not_generated,
codec,243,티,64,2,codec:243:688|codec:243:693,"The secretion of methionin enkephalin<0A>triggered by the fake death pill causes<0A>the opioid receptors...<0A><END> || There are three types of receptors: delta,<0A>kappa, and mu. Methionin enkephalin acts<0A>on the...<0A><END>","가짜 사형제에 의해 촉발된 메티오닌 엔케팔린 분비는 오피오이드 수용체를...<0A><00> || 수용체에는 델타, 카파, 뮤의 세 가지 유형이 있습니다. 메티오닌 엔케팔린은 다음과 같은 작용을 합니다.<0A><00>",64,not_generated,
codec,243,파,64,6,codec:243:837|codec:243:48|codec:243:693|codec:243:776|codec:243:944|codec:243:675,"In addition to the regular patrols, there's<0A>also a chance that they'll send out additional<0A>search units. Keep on your toes.<0A><END> || Para-Medic's frequency is 145.73.<0A><END> || There are three types of receptors: delta,<0A>kappa, and mu. Methionin enkephalin acts<0A>on the...<0A><END> || there's a vicious power struggle going on<0A>between the Khrushchev faction and<0A>the anti-Khrushchev faction.<0A><END> || They said no one was gonna make them<0A>go on a mission to blow up some damn<0A>moon base.<0A><END> || Well, the fake death pill takes the natural<0A>art of playing dead and applies it to the<0A>spy world.<0A><END>","정기 순찰 외에 추가 수색 유닛을 파견할 가능성도 있다. 계속해서 긴장해.<0A><00> || Para-Medic의 주파수는 145.73이다.<0A><00> || 수용체에는 델타, 카파, 뮤의 세 가지 유형이 있습니다. 메티오닌 엔케팔린은 다음과 같은 작용을 합니다.<0A><00> || 흐루쇼프파와 반흐루쇼프파 사이에 악랄한 권력투쟁이 벌어지고 있다.<0A><00> || 그들은 아무도 MISSION로 가서 망할 달 기지를 폭파하게 만들지 않을 것이라고 말했습니다.<0A><00> || 글쎄, 가짜 죽음의 약은 죽은 척하는 자연스러운 기술을 가져와 스파이 세계에 적용합니다.<0A><00>",64,not_generated,
codec,243,팔,64,4,codec:243:815|codec:243:688|codec:243:693|codec:243:809,"Just the opposite - avoiding the recoil lets<0A>you reduce the strain on your hand and arm.<0A><END> || The secretion of methionin enkephalin<0A>triggered by the fake death pill causes<0A>the opioid receptors...<0A><END> || There are three types of receptors: delta,<0A>kappa, and mu. Methionin enkephalin acts<0A>on the...<0A><END> || When he fired, he was bending his elbow<0A>sharply to avoid the recoil.<0A><END>","그 반대입니다. 반동을 피하면 손과 팔의 부담을 줄일 수 있습니다.<0A><00> || 가짜 사형제에 의해 촉발된 메티오닌 엔케팔린 분비는 오피오이드 수용체를...<0A><00> || 수용체에는 델타, 카파, 뮤의 세 가지 유형이 있습니다. 메티오닌 엔케팔린은 다음과 같은 작용을 합니다.<0A><00> || 쏠 때 팔꿈치를 크게 굽혀 반동을 피하고 있었어.<0A><00>",64,not_generated,
codec,243,패,64,1,codec:243:708,"The intelligence communities of the West have<0A>tried time and again to find out what they're<0A>working on, but they've failed consistently.<0A><END>",서구의 정보 기관은 자신들이 무엇을 하고 있는지 알아내기 위해 몇 번이고 노력했지만 계속해서 실패했습니다.<0A><00>,64,not_generated,
codec,243,펴,64,1,codec:243:850,"Your body is exhausted. Look at your<0A>Stamina Gauge. It's almost empty, isn't it?<0A><END>",몸이 지쳤습니다. STAMINA 게이지를 살펴보세요. 거의 비어있죠?<0A><00>,64,not_generated,
codec,243,평,64,1,codec:243:828,"In Normal Phase, the enemy will follow<0A>normal procedures for patrols and other<0A>activities.<0A><END>",NORMAL PHASE에선 적이 평소처럼 순찰해.<0A><00>,64,not_generated,
codec,243,폭,64,1,codec:243:944,They said no one was gonna make them<0A>go on a mission to blow up some damn<0A>moon base.<0A><END>,그들은 아무도 MISSION로 가서 망할 달 기지를 폭파하게 만들지 않을 것이라고 말했습니다.<0A><00>,64,not_generated,
codec,243,폴,64,1,codec:243:1001,The dummy run on Heliopolis and the<0A>nighttime raids on German air bases in<0A>North Africa were her idea as well.<0A><END>,헬리오폴리스에서의 모의 비행과 북아프리카의 독일 공군 기지에 대한 야간 공습 역시 그녀의 아이디어였습니다.<0A><00>,64,not_generated,
codec,243,표,64,5,codec:243:928|codec:243:329|codec:243:947|codec:243:771|codec:243:936,"But now Volgin's got his sights set<0A>on Sokolov?<0A><END> || However, remember that rolling<0A>consumes more stamina than<0A>standard running.<0A><END> || raining down on Washington from a base<0A>on the surface of the moon.<0A><END> || Snake, stay alert. The KGB and GRU both<0A>have their sights set on Sokolov.<0A><END> || That same year, the Mercury program<0A>was launched with the goal of putting<0A>a man into space.<0A><END>","그런데 이제 Volgin가 Sokolov를 목표로 삼고 있다고요?<0A><00> || 그러나 롤링은 표준 달리기보다 LIFE을 더 많이 소비한다는 점을 기억해.<0A><00> || 달 표면의 기지에서 Washington에 쏟아붓는 거지.<0A><00> || Snake, 정신 차려. KGB와 GRU는 모두 Sokolov를 목표로 삼고 있습니다.<0A><00> || 같은 해, 사람을 우주에 보내는 것을 목표로 머큐리 프로그램이 시작되었습니다.<0A><00>",64,not_generated,
codec,243,푸,64,1,codec:243:931,"In 1957, the Soviet Union succeeded<0A>in launching their first artificial satellite,<0A>Sputnik, into orbit.<0A><END>","1957년, 소련은 첫 인공위성 스푸트니크를 궤도에 성공적으로 발사했다.<0A><00>",64,not_generated,
codec,243,풀,64,1,codec:243:91,...It's pretty thick grass.<0A>About waist-high.<0A><END>,...허리 높이의 울창한 풀숲이야.<0A><00>,64,not_generated,
codec,243,품,64,2,codec:243:921|codec:243:678,"In any case, Granin seems to harbor<0A>an unusually intense hatred for Sokolov.<0A><END> || Those chemicals act to induce a state<0A>of hibernation,<0A><END>","어쨌든, Granin은 Sokolov에 대해 유난히 강한 증오를 품고 있는 것 같다.<0A><00> || 그 약품은 동면 상태를 만들고,<0A><00>",64,not_generated,
codec,243,피,64,9,codec:243:812|codec:243:660|codec:243:813|codec:243:833|codec:243:2478|codec:243:815|codec:243:688|codec:243:1010|codec:243:809,"Automatic weapons use recoil to operate,<0A>so if you don't let the recoil hit you, it<0A>interferes with the operating cycle of the gun.<0A><END> || Avoid engagement whenever possible.<0A>Your highest priority in this mission is<0A>staying out of sight.<0A><END> || Basically, he shouldn't be trying to avoid<0A>the impact like that.<0A><END> || Evasion Phase will last until the enemy<0A>exhausts their search effort.<0A><END> || Evite tout affrontement direct. Si tu dois te<0A>d<G6A>barrasser d'un ennemi, utilise ton pistolet<0A>tranquillisant.<0A><END> || Just the opposite - avoiding the recoil lets<0A>you reduce the strain on your hand and arm.<0A><END> || The secretion of methionin enkephalin<0A>triggered by the fake death pill causes<0A>the opioid receptors...<0A><END> || Try to avoid walking through any water<0A>or mud as much as possible.<0A><END> || When he fired, he was bending his elbow<0A>sharply to avoid the recoil.<0A><END>","자동화기는 반동으로 작동해. 반동을 피하면 작동에 문제가 생겨.<0A><00> || 가능하면 참여를 피해. 이 MISSION에서 가장 중요한 것은 눈에 띄지 않는 거다.<0A><00> || 반동을 저렇게 피하면 안 된다는 거야.<0A><00> || 회피 단계는 적이 수색 노력을 소진할 때까지 지속된다.<0A><00> || 정면전은 피하고, 필요하면 TRANQ HANDGUN을 써.<0A><00> || 그 반대입니다. 반동을 피하면 손과 팔의 부담을 줄일 수 있습니다.<0A><00> || 가짜 사형제에 의해 촉발된 메티오닌 엔케팔린 분비는 오피오이드 수용체를...<0A><00> || 가능한 한 물이나 진흙 위를 걷는 것을 피해.<0A><00> || 쏠 때 팔꿈치를 크게 굽혀 반동을 피하고 있었어.<0A><00>",64,not_generated,
codec,243,학,64,1,codec:243:676,"When you take the fake death pill,<0A>it causes your body to rapidly secrete a<0A>number of chemicals -<0A><END>",가사 상태 알약을 먹으면<0A>몸에서 빠르게<0A>여러 화학물질이 분비된다-<0A><00>,64,not_generated,
codec,243,합,64,18,codec:243:912|codec:243:989|codec:243:750|codec:243:830|codec:243:667|codec:243:963|codec:243:827|codec:243:954|codec:243:915|codec:243:773|codec:243:2907|codec:243:34|codec:243:693|codec:243:808|codec:243:658|codec:243:675|codec:243:935|codec:243:770,"And if you use the insecticidal bug juice,<0A>the hornets should stay away as long as<0A>the effect lasts.<0A><END> || Apparently, he likes to boast that he<0A>""disposed of"" over 100,000<0A>anti-communists.<0A><END> || But I spend three days a month just dealing<0A>with the complaints we get about him... ah<0A>well, never mind.<0A><END> || But if they spot an intruder - that means<0A>you - they'll attack in an attempt to neutralize<0A>you. This is called Alert Phase.<0A><END> || But remember - timing is critical.<0A>The effect will be ruined if you revive<0A>right in front of your enemy.<0A><END> || Exactly. It's the unit that protects the<0A>Kremlin and provides bodyguards for<0A>high-level VIPs.<0A><END> || First of all, there's the state in which the<0A>enemy in that area doesn't know that you're<0A>there. This is called Normal Phase.<0A><END> || Guess it all depends on whether you have<0A>the will to make it happen.<0A><END> || If you're attacked by hornets, you should<0A>change into white clothes.<0A><END> || It competes with the KGB, which is under<0A>the Ministry of Internal Affairs, and the<0A>two are always watching each other.<0A><END> || ont <G6A>t<G6A> rassembl<G6A>s pour cr<G6A>er la National<0A>Aeronautics and Space Administration, ou<0A>NASA.<0A><END> || Perfect?<0A><END> || There are three types of receptors: delta,<0A>kappa, and mu. Methionin enkephalin acts<0A>on the...<0A><END> || Uh huh. And what were you saying about<0A>him being more suited to revolvers?<0A><END> || We'll be providing you with support over<0A>the radio, but out in the field, you're on<0A>your own. There's no backup.<0A><END> || Well, the fake death pill takes the natural<0A>art of playing dead and applies it to the<0A>spy world.<0A><END> || were united to form the National<0A>Aeronautics and Space Administration,<0A>or NASA.<0A><END> || When you go in to meet Sokolov, make sure<0A>you remove your disguise. Got it?<0A><END>","그리고 살충 벌레즙을 사용하면 효과가 지속되는 한 말벌이 멀리 떨어져 있어야 합니다.<0A><00> || 분명히 그는 100,000명이 넘는 반공주의자들을 ""처분""했다고 자랑하기를 좋아합니다.<0A><00> || 저는 한 달에 3일을 그 사람에 대해 받는 불만 사항을 처리하는 데 소비합니다... 아 뭐, 신경쓰지 마세요.<0A><00> || 그들이 침입자를 발견하면, 즉 당신을 의미합니다. 그들은 당신을 무력화하기 위해 공격할 거다. 이를 경고 단계라고 합니다.<0A><00> || 하지만 기억해. 타이밍이 중요합니다. 적의 바로 앞에서 부활하면 효과가 망가집니다.<0A><00> || 정확합니다. 크렘린궁을 보호하고 고위 VIP에게 경호원을 제공하는 부대다.<0A><00> || 우선, 그 지역의 적이 당신이 거기에 있다는 것을 모르는 상태가 있다. 이것을 정상 단계라고 합니다.<0A><00> || 모든 것은 당신이 그것을 실현할 의지가 있는지 여부에 달려 있다고 생각합니다.<0A><00> || 말벌의 공격을 받으면 흰 옷으로 갈아입어야 합니다.<0A><00> || 그것은 내무부 산하인 KGB와 경쟁하며, 두 조직은 항상 서로를 감시합니다.<0A><00> || NASA를 만들기 위해 통합됐지.<0A><00> || 완벽합니까?<0A><00> || 수용체에는 델타, 카파, 뮤의 세 가지 유형이 있습니다. 메티오닌 엔케팔린은 다음과 같은 작용을 합니다.<0A><00> || 어허. 그리고 그가 리볼버에 더 적합하다고 뭐라고 말씀하셨나요?<0A><00> || 우리는 무선을 통해 지원을 제공할 예정이지만 현장에서는 스스로 해결해야 합니다. 백업이 없습니다.<0A><00> || 글쎄, 가짜 죽음의 약은 죽은 척하는 자연스러운 기술을 가져와 스파이 세계에 적용합니다.<0A><00> || 는 통합되어 미국 항공 우주국(NASA)을 구성했습니다.<0A><00> || Sokolov를 만나러 들어갈 때는 반드시 변장을 벗어야 합니다. 알았어요?<0A><00>",64,not_generated,
codec,243,항,64,7,codec:243:2967|codec:243:750|codec:243:1981|codec:243:773|codec:243:935|codec:243:995|codec:243:1002,"A la cr<G6A>ation des SAS, le Special Air Service<0A>britannique, The Boss a <G6A>t<G6A> invit<G6A> comme<0A>conseill<G69>re sp<G6A>cialis<G6A>e.<0A><END> || But I spend three days a month just dealing<0A>with the complaints we get about him... ah<0A>well, never mind.<0A><END> || Cuando fundaron la SAS, el Servicio Especial<0A>A<G6A>reo Brit<G62>nico, invitaron a The Boss como<0A>tutor especial.<0A><END> || It competes with the KGB, which is under<0A>the Ministry of Internal Affairs, and the<0A>two are always watching each other.<0A><END> || were united to form the National<0A>Aeronautics and Space Administration,<0A>or NASA.<0A><END> || When the SAS, the British Special Air<0A>Service, was first established, they invited<0A>The Boss on board as a special advisor.<0A><END> || Yes, she was always one step ahead of<0A>the rest of us, both in thought and action.<0A><END>","SAS가 창설되었을 때 영국 특수 항공 서비스 The Boss가 전문 고문으로 초청되었습니다.<0A><00> || 저는 한 달에 3일을 그 사람에 대해 받는 불만 사항을 처리하는 데 소비합니다... 아 뭐, 신경쓰지 마세요.<0A><00> || 영국 특수 항공 서비스(SAS)를 설립할 때 The Boss를 특별 교사로 초대했습니다.<0A><00> || 그것은 내무부 산하인 KGB와 경쟁하며, 두 조직은 항상 서로를 감시합니다.<0A><00> || 는 통합되어 미국 항공 우주국(NASA)을 구성했습니다.<0A><00> || 영국 특수항공서비스(SAS)가 처음 창설되었을 때 The Boss를 특별고문으로 초빙했습니다.<0A><00> || 예, 그녀는 생각과 행동 모두에서 항상 우리보다 한발 앞서 있었습니다.<0A><00>",64,not_generated,
codec,243,핵,64,2,codec:243:946|codec:243:703,"Imagine, if you will, a Soviet Union able to<0A>send wave after wave of nuclear missiles<0A><END> || OKB-1, the bureau where the Voskhod<0A>spacecraft was developed and which plays<0A>a leading role in the Soviet space program,<0A><END>","상상해 보세요, 소련이 핵 미사일을 연속으로 발사할 수 있는 상황을<0A><00> || Voskhod를 개발한 OKB-1은 소련 우주 계획의 핵심이야.<0A><00>",64,not_generated,
codec,243,핸,64,1,codec:243:817,Handy...?<0A><END>,핸디...?<0A><00>,64,not_generated,
codec,243,했,64,20,codec:243:751|codec:243:924|codec:243:989|codec:243:1981|codec:243:987|codec:243:931|codec:243:916|codec:243:1939|codec:243:2966|codec:243:715|codec:243:723|codec:243:781|codec:243:708|codec:243:944|codec:243:990|codec:243:740|codec:243:935|codec:243:838|codec:243:995|codec:243:998,"Anyway, I decided to put this mask we had<0A>in storage to good use by hiding your<0A>identity from the gunship crew.<0A><END> || Apparently, Granin meant to use the funds<0A>provided by these opposition forces in<0A>order to defeat his old foe.<0A><END> || Apparently, he likes to boast that he<0A>""disposed of"" over 100,000<0A>anti-communists.<0A><END> || Cuando fundaron la SAS, el Servicio Especial<0A>A<G6A>reo Brit<G62>nico, invitaron a The Boss como<0A>tutor especial.<0A><END> || He was stationed in the rear of the Soviet<0A>line to catch and punish any troops who<0A>tried to retreat or desert.<0A><END> || In 1957, the Soviet Union succeeded<0A>in launching their first artificial satellite,<0A>Sputnik, into orbit.<0A><END> || Major, what's this Granin Design Bureau<0A>Sokolov was talking about?<0A><END> || No lo s<G6A>. Yo nunca pens<G6A> que <G6E>bamos a llegar<0A>al espacio.<0A><END> || Oui. Ensemble, nous formions le 22<G69>me<0A>R<G6A>giment SAS.<0A><END> || She shared what she learned with us.<0A><END> || So instead, they decided to focus on using<0A>multiple smaller engines to achieve the<0A>desired thrust.<0A><END> || Sokolov took off in the direction of the rope<0A>bridge. Get after him. Hurry!<0A><END> || The intelligence communities of the West have<0A>tried time and again to find out what they're<0A>working on, but they've failed consistently.<0A><END> || They said no one was gonna make them<0A>go on a mission to blow up some damn<0A>moon base.<0A><END> || We also know that he was instrumental in<0A>putting down the 1953 insurrection in East<0A>Germany and the 1956 uprising in Hungary.<0A><END> || We had it all set to go, but certain<0A>circumstances forced us to abort the<0A>mission.<0A><END> || were united to form the National<0A>Aeronautics and Space Administration,<0A>or NASA.<0A><END> || What's wrong? You were expecting<0A>something different?<0A><END> || When the SAS, the British Special Air<0A>Service, was first established, they invited<0A>The Boss on board as a special advisor.<0A><END> || You won't find her name in the history<0A>books, but her contributions were many<0A>and great.<0A><END>","어쨌든, 나는 우리가 보관하고 있던 이 마스크를 건쉽 승무원들에게 당신의 신원을 숨겨 잘 활용하기로 결정했습니다.<0A><00> || 분명히 Granin은 그의 옛 적을 물리치기 위해 이러한 반대 세력이 제공한 자금을 사용하려고 했다.<0A><00> || 분명히 그는 100,000명이 넘는 반공주의자들을 ""처분""했다고 자랑하기를 좋아합니다.<0A><00> || 영국 특수 항공 서비스(SAS)를 설립할 때 The Boss를 특별 교사로 초대했습니다.<0A><00> || 소련군 후방에서 후퇴나 탈영한 병사를 잡아 처벌했어.<0A><00> || 1957년, 소련은 첫 인공위성 스푸트니크를 궤도에 성공적으로 발사했다.<0A><00> || 소령, Sokolov가 말했던 Granin 설계국은 무엇인가?<0A><00> || 모르겠어요. 나는 우리가 우주에 도달할 것이라고는 전혀 생각하지 못했습니다.<0A><00> || 예. 우리는 함께 SAS 22연대를 결성했습니다.<0A><00> || 그녀는 자신이 배운 내용을 우리에게 공유했습니다.<0A><00> || 그래서 대신 그들은 원하는 추력을 달성하기 위해 여러 개의 작은 엔진을 사용하는 데 집중하기로 결정했습니다.<0A><00> || Sokolov는 로프 다리 방향으로 이륙했습니다. 그를 쫓아라. 서두르다!<0A><00> || 서구의 정보 기관은 자신들이 무엇을 하고 있는지 알아내기 위해 몇 번이고 노력했지만 계속해서 실패했습니다.<0A><00> || 그들은 아무도 MISSION로 가서 망할 달 기지를 폭파하게 만들지 않을 것이라고 말했습니다.<0A><00> || 우리는 또한 그가 1953년 동독 봉기와 1956년 헝가리 봉기를 진압하는 데 중요한 역할을 했다는 사실도 알고 있다.<0A><00> || 준비는 끝났지만 사정이 생겨 MISSION을 중단했어.<0A><00> || 는 통합되어 미국 항공 우주국(NASA)을 구성했습니다.<0A><00> || 왜? 다른 걸 기대했어?<0A><00> || 영국 특수항공서비스(SAS)가 처음 창설되었을 때 The Boss를 특별고문으로 초빙했습니다.<0A><00> || 역사책에서 그녀의 이름을 찾을 수는 없지만 그녀의 공헌은 많고 훌륭했습니다.<0A><00>",64,not_generated,
codec,243,향,64,5,codec:243:913|codec:243:670|codec:243:781|codec:243:950|codec:243:733,Hornets are prone to becoming agitated<0A>and aggressive when they see the color<0A>black.<0A><END> || I don't feel right taking some pill I don't know<0A>anything about. How does it make me look<0A>dead? How's it gonna affect my body?<0A><END> || Sokolov took off in the direction of the rope<0A>bridge. Get after him. Hurry!<0A><END> || The Gemini program launched two years<0A>ago represents the initial step toward<0A>establishing a moon base.<0A><END> || Yeah. For some reason it feels kind of...<0A>nostalgic.<0A><END>,호넷은 검은색을 보면 흥분하고 공격적이 되는 경향이 있다.<0A><00> || 전혀 모르는 약을 복용하는 것이 기분이 좋지 않습니다. 어떻게 하면 내가 죽은 것처럼 보이나요? 내 몸에 어떤 영향을 미칠까요?<0A><00> || Sokolov는 로프 다리 방향으로 이륙했습니다. 그를 쫓아라. 서두르다!<0A><00> || 2년 전에 시작된 Gemini 프로그램은 달 기지 건설을 향한 첫 단계를 나타냅니다.<0A><00> || 네. 왠지... 향수를 불러일으키는 느낌이 듭니다.<0A><00>,64,not_generated,
codec,243,허,64,3,codec:243:91|codec:243:805|codec:243:808,...It's pretty thick grass.<0A>About waist-high.<0A><END> || And he was obviously motivated by vanity<0A>to show off his new technique. That's when<0A>you make mistakes.<0A><END> || Uh huh. And what were you saying about<0A>him being more suited to revolvers?<0A><END>,...허리 높이의 울창한 풀숲이야.<0A><00> || 새 기술을 자랑하려는 허영심 때문이었어. 그럴 때 실수하지.<0A><00> || 어허. 그리고 그가 리볼버에 더 적합하다고 뭐라고 말씀하셨나요?<0A><00>,64,not_generated,
codec,243,헌,64,1,codec:243:998,"You won't find her name in the history<0A>books, but her contributions were many<0A>and great.<0A><END>",역사책에서 그녀의 이름을 찾을 수는 없지만 그녀의 공헌은 많고 훌륭했습니다.<0A><00>,64,not_generated,
codec,243,헛,64,1,codec:243:760,Beat the crap out of him.<0A><END>,그놈의 헛소리를 물리치세요.<0A><00>,64,not_generated,
codec,243,헝,64,1,codec:243:990,We also know that he was instrumental in<0A>putting down the 1953 insurrection in East<0A>Germany and the 1956 uprising in Hungary.<0A><END>,우리는 또한 그가 1953년 동독 봉기와 1956년 헝가리 봉기를 진압하는 데 중요한 역할을 했다는 사실도 알고 있다.<0A><00>,64,not_generated,
codec,243,헤,64,1,codec:243:790,"Right now, Sokolov is out there wandering<0A>around the jungle alone. What are you going<0A>to do if he gets caught by the enemy?<0A><END>",Sokolov는 혼자 정글을 헤매고 있어. 적에게 잡히면 어쩔 거야?<0A><00>,64,not_generated,
codec,243,헬,64,1,codec:243:1001,The dummy run on Heliopolis and the<0A>nighttime raids on German air bases in<0A>North Africa were her idea as well.<0A><END>,헬리오폴리스에서의 모의 비행과 북아프리카의 독일 공군 기지에 대한 야간 공습 역시 그녀의 아이디어였습니다.<0A><00>,64,not_generated,
codec,243,혀,64,5,codec:243:670|codec:243:1939|codec:243:845|codec:243:709|codec:243:809,"I don't feel right taking some pill I don't know<0A>anything about. How does it make me look<0A>dead? How's it gonna affect my body?<0A><END> || No lo s<G6A>. Yo nunca pens<G6A> que <G6E>bamos a llegar<0A>al espacio.<0A><END> || No, not at all.<0A><END> || So you have absolutely no idea what<0A>Sokolov is developing?<0A><END> || When he fired, he was bending his elbow<0A>sharply to avoid the recoil.<0A><END>","전혀 모르는 약을 복용하는 것이 기분이 좋지 않습니다. 어떻게 하면 내가 죽은 것처럼 보이나요? 내 몸에 어떤 영향을 미칠까요?<0A><00> || 모르겠어요. 나는 우리가 우주에 도달할 것이라고는 전혀 생각하지 못했습니다.<0A><00> || 아니, 전혀.<0A><00> || 그렇다면 Sokolov가 무엇을 개발하고 있는지 전혀 모르시나요?<0A><00> || 쏠 때 팔꿈치를 크게 굽혀 반동을 피하고 있었어.<0A><00>",64,not_generated,
codec,243,현,64,6,codec:243:948|codec:243:954|codec:243:907|codec:243:2920|codec:243:664|codec:243:658,"Even if that's still a long way from reality...<0A><END> || Guess it all depends on whether you have<0A>the will to make it happen.<0A><END> || If used wisely, this can sow panic among<0A>the enemy, but if you're not careful, the<0A>hornets may end up attacking you.<0A><END> || M<G6B>me si on est encore loin de la r<G6A>alit<G6A>...<0A><END> || Use it wisely and you should be able to<0A>fool the enemy into thinking you're<0A>really dead.<0A><END> || We'll be providing you with support over<0A>the radio, but out in the field, you're on<0A>your own. There's no backup.<0A><END>","아직 현실과는 멀지만...<0A><00> || 모든 것은 당신이 그것을 실현할 의지가 있는지 여부에 달려 있다고 생각합니다.<0A><00> || 현명하게 사용하면 적군에게 공포감을 심어줄 수 있지만, 조심하지 않으면 말벌이 당신을 공격할 수도 있다.<0A><00> || 아직 현실과는 멀지만...<0A><00> || 현명하게 사용하면 적을 속여 자신이 정말로 죽었다고 생각하게 만들 수 있습니다.<0A><00> || 우리는 무선을 통해 지원을 제공할 예정이지만 현장에서는 스스로 해결해야 합니다. 백업이 없습니다.<0A><00>",64,not_generated,
codec,243,혈,64,1,codec:243:985,He's gained a reputation as the most brutal<0A>and cold-blooded of the Soviet spymasters.<0A><END>,소련 정보 책임자 중 가장 잔혹하고 냉혈하다고 알려졌어.<0A><00>,64,not_generated,
codec,243,협,64,1,codec:243:769,You'll need Sokolov's full cooperation to<0A>complete this mission successfully. Don't do<0A>anything to make him lose confidence in you.<0A><END>,MISSION 성공엔 Sokolov의 협력이 필요해. 그의 신뢰를 잃지 마.<0A><00>,64,not_generated,
codec,243,형,64,4,codec:243:688|codec:243:693|codec:243:722|codec:243:724,"The secretion of methionin enkephalin<0A>triggered by the fake death pill causes<0A>the opioid receptors...<0A><END> || There are three types of receptors: delta,<0A>kappa, and mu. Methionin enkephalin acts<0A>on the...<0A><END> || With the technology they had, it was difficult<0A>for the Soviets to develop large engines with<0A>massive thrust.<0A><END> || With this method, though, maintaining the<0A>fuel balance between the various engines<0A>was a major problem.<0A><END>","가짜 사형제에 의해 촉발된 메티오닌 엔케팔린 분비는 오피오이드 수용체를...<0A><00> || 수용체에는 델타, 카파, 뮤의 세 가지 유형이 있습니다. 메티오닌 엔케팔린은 다음과 같은 작용을 합니다.<0A><00> || 소련이 보유한 기술로는 막대한 추력을 갖춘 대형 엔진을 개발하기가 어려웠습니다.<0A><00> || 하지만 엔진 간<0A>연료 균형이 문제였다.<0A><00>",64,not_generated,
codec,243,혹,64,2,codec:243:985|codec:243:806,He's gained a reputation as the most brutal<0A>and cold-blooded of the Soviet spymasters.<0A><END> || The battlefield is an unforgiving place.<0A><END>,소련 정보 책임자 중 가장 잔혹하고 냉혈하다고 알려졌어.<0A><00> || 전장은 가혹한 곳입니다.<0A><00>,64,not_generated,
codec,243,혼,64,1,codec:243:790,"Right now, Sokolov is out there wandering<0A>around the jungle alone. What are you going<0A>to do if he gets caught by the enemy?<0A><END>",Sokolov는 혼자 정글을 헤매고 있어. 적에게 잡히면 어쩔 거야?<0A><00>,64,not_generated,
codec,243,홉,64,1,codec:243:960,The Ninth?<0A><END>,아홉 번째?<0A><00>,64,not_generated,
codec,243,화,64,6,codec:243:890|codec:243:812|codec:243:830|codec:243:974|codec:243:893|codec:243:676,"""The Alligator People."" It's a science fiction<0A>movie. You've never heard of it?<0A><END> || Automatic weapons use recoil to operate,<0A>so if you don't let the recoil hit you, it<0A>interferes with the operating cycle of the gun.<0A><END> || But if they spot an intruder - that means<0A>you - they'll attack in an attempt to neutralize<0A>you. This is called Alert Phase.<0A><END> || Ever since the withdrawal from Cuba,<0A>Khrushchev's position has been getting<0A>weaker day by day.<0A><END> || It's about this guy who gets hurt in a car<0A>accident and tries to heal his wounds by<0A>injecting himself with a crocodile serum,<0A><END> || When you take the fake death pill,<0A>it causes your body to rapidly secrete a<0A>number of chemicals -<0A><END>","""The Alligator People""은 SF 영화야. 몰라?<0A><00> || 자동화기는 반동으로 작동해. 반동을 피하면 작동에 문제가 생겨.<0A><00> || 그들이 침입자를 발견하면, 즉 당신을 의미합니다. 그들은 당신을 무력화하기 위해 공격할 거다. 이를 경고 단계라고 합니다.<0A><00> || 쿠바에서 철수한 이후 흐루시초프의 입지는 나날이 약화되어 왔습니다.<0A><00> || 사고로 다친 남자가 악어 serum으로 치료하려는 영화야,<0A><00> || 가사 상태 알약을 먹으면<0A>몸에서 빠르게<0A>여러 화학물질이 분비된다-<0A><00>",64,not_generated,
codec,243,확,64,3,codec:243:706|codec:243:963|codec:243:729,"and we don't even know their exact locations,<0A>much less the nature of their research.<0A><END> || Exactly. It's the unit that protects the<0A>Kremlin and provides bodyguards for<0A>high-level VIPs.<0A><END> || That's my best guess. We don't know for<0A>sure, but...<0A><END>",정확한 위치도 연구 내용도 몰라.<0A><00> || 정확합니다. 크렘린궁을 보호하고 고위 VIP에게 경호원을 제공하는 부대다.<0A><00> || 그게 내 추측이에요. 우리는 확실히 모르지만...<0A><00>,64,not_generated,
codec,243,환,64,1,codec:243:903,"The harder you are to distinguish from<0A>your surroundings, the harder you are<0A>to hit.<0A><END>",주변 환경과 구별하기 어려울수록 공격하기가 더 어려워집니다.<0A><00>,64,not_generated,
codec,243,활,64,2,codec:243:751|codec:243:667,"Anyway, I decided to put this mask we had<0A>in storage to good use by hiding your<0A>identity from the gunship crew.<0A><END> || But remember - timing is critical.<0A>The effect will be ruined if you revive<0A>right in front of your enemy.<0A><END>","어쨌든, 나는 우리가 보관하고 있던 이 마스크를 건쉽 승무원들에게 당신의 신원을 숨겨 잘 활용하기로 결정했습니다.<0A><00> || 하지만 기억해. 타이밍이 중요합니다. 적의 바로 앞에서 부활하면 효과가 망가집니다.<0A><00>",64,not_generated,
codec,243,황,64,2,codec:243:946|codec:243:778,"Imagine, if you will, a Soviet Union able to<0A>send wave after wave of nuclear missiles<0A><END> || That's the idea. The two factions are fighting<0A>over Sokolov. We're in an extremely<0A>dangerous situation here.<0A><END>","상상해 보세요, 소련이 핵 미사일을 연속으로 발사할 수 있는 상황을<0A><00> || 그게 아이디어입니다. 두 세력이 Sokolov를 놓고 싸우고 있다. 우리는 지금 매우 위험한 상황에 처해 있다.<0A><00>",64,not_generated,
codec,243,회,64,7,codec:243:833|codec:243:867|codec:243:977|codec:243:861|codec:243:868|codec:243:866|codec:243:851,"Evasion Phase will last until the enemy<0A>exhausts their search effort.<0A><END> || How much they recover depends on how<0A>long of a rest you take.<0A><END> || should help reestablish Khrushchev's<0A>authority in Moscow.<0A><END> || Snake, there are other ways to recover<0A>your stamina besides eating.<0A><END> || So the longer I rest, the more I'll recover?<0A><END> || The next time you load your save data and<0A>continue the game, your stamina and LIFE<0A>will have recovered.<0A><END> || You can't continue your mission in this<0A>state. You need to eat something and<0A>recover your stamina.<0A><END>","회피 단계는 적이 수색 노력을 소진할 때까지 지속된다.<0A><00> || 쉬는 시간에 따라 회복량이 달라.<0A><00> || Moscow에서 Khrushchev의 권위를 회복시킬 거야.<0A><00> || Snake, 먹는 것 말고도 체력을 회복할 수 있는 방법이 있구나.<0A><00> || 오래 쉴수록 더 회복되나?<0A><00> || 다시 LOAD하면 STAMINA와 LIFE가 회복돼.<0A><00> || 이 상태론 MISSION을 못 해. FOOD로 STAMINA를 회복해.<0A><00>",64,not_generated,
codec,243,효,64,3,codec:243:912|codec:243:667|codec:243:683,"And if you use the insecticidal bug juice,<0A>the hornets should stay away as long as<0A>the effect lasts.<0A><END> || But remember - timing is critical.<0A>The effect will be ruined if you revive<0A>right in front of your enemy.<0A><END> || which block the effects of the fake death<0A>pill.<0A><END>",그리고 살충 벌레즙을 사용하면 효과가 지속되는 한 말벌이 멀리 떨어져 있어야 합니다.<0A><00> || 하지만 기억해. 타이밍이 중요합니다. 적의 바로 앞에서 부활하면 효과가 망가집니다.<0A><00> || 가사약의 효과를 막아.<0A><00>,64,not_generated,
codec,243,훈,64,2,codec:243:966|codec:243:807,And now they're being sent out to stand<0A>watch over a field exercise?<0A><END> || The only techniques you can rely on are<0A>the ones you've mastered through<0A>experience and practice.<0A><END>,이제 야외 훈련 경비까지 맡는 건가?<0A><00> || 믿을 건 경험과 훈련으로 익힌 기술뿐이야.<0A><00>,64,not_generated,
codec,243,훌,64,1,codec:243:998,"You won't find her name in the history<0A>books, but her contributions were many<0A>and great.<0A><END>",역사책에서 그녀의 이름을 찾을 수는 없지만 그녀의 공헌은 많고 훌륭했습니다.<0A><00>,64,not_generated,
codec,243,휘,64,1,codec:243:908,"If you're attacked by hornets, wiggle the<0A>Circle Pad around and wave your survival<0A>knife to shoo them away.<0A><END>",말벌이 덤비면 CIRCLE PAD를 흔들고 KNIFE를 휘둘러 쫓아.<0A><00>,64,not_generated,
codec,243,휴,64,2,codec:243:864|codec:243:863,A rest?<0A><END> || Such as taking a rest.<0A><END>,휴식?<0A><00> || 예를 들면 휴식.<0A><00>,64,not_generated,
codec,243,흐,64,6,codec:243:974|codec:243:923|codec:243:922|codec:243:777|codec:243:776|codec:243:926,"Ever since the withdrawal from Cuba,<0A>Khrushchev's position has been getting<0A>weaker day by day.<0A><END> || Granin threw in his lot with Volgin,<0A>the vanguard of the anti-Khrushchev<0A>movement.<0A><END> || Knowing that Sokolov was protected under<0A>the aegis of Khrushchev,<0A><END> || So Khrushchev is using the KGB, and<0A>Volgin and the anti-Khrushchev forces<0A>are using the GRU?<0A><END> || there's a vicious power struggle going on<0A>between the Khrushchev faction and<0A>the anti-Khrushchev faction.<0A><END> || was intrigued by the possibility of using<0A>the high-tech weapons Granin created in<0A>the fight against Khrushchev.<0A><END>","쿠바에서 철수한 이후 흐루시초프의 입지는 나날이 약화되어 왔습니다.<0A><00> || Granin는 반흐루쇼프 운동의 선봉인 Volgin와 함께 제비를 뽑았습니다.<0A><00> || Sokolov가 흐루쇼프의 보호 하에 있다는 것을 알고,<0A><00> || 그렇다면 흐루시초프는 KGB를 사용하고 있고, Volgin과 반흐루시초프 세력은 GRU를 사용하고 있다는 겁니까?<0A><00> || 흐루쇼프파와 반흐루쇼프파 사이에 악랄한 권력투쟁이 벌어지고 있다.<0A><00> || 은 흐루시초프와의 전투에서 Granin이 만든 첨단 무기를 사용할 가능성에 흥미를 느꼈습니다.<0A><00>",64,not_generated,
codec,243,흔,64,2,codec:243:908|codec:243:1012,"If you're attacked by hornets, wiggle the<0A>Circle Pad around and wave your survival<0A>knife to shoo them away.<0A><END> || When you don't want anybody following<0A>your trail, make sure to crawl.<0A><END>",말벌이 덤비면 CIRCLE PAD를 흔들고 KNIFE를 휘둘러 쫓아.<0A><00> || 누구도 당신의 흔적을 따라가는 것을 원하지 않을 때 반드시 기어가십시오.<0A><00>,64,not_generated,
codec,243,흙,64,2,codec:243:1008|codec:243:1010,"Snake, if you step in any water or mud,<0A>your feet will get wet.<0A><END> || Try to avoid walking through any water<0A>or mud as much as possible.<0A><END>","Snake, 물이나 진흙을 밟으면 발이 젖어.<0A><00> || 가능한 한 물이나 진흙 위를 걷는 것을 피해.<0A><00>",64,not_generated,
codec,243,흠,64,1,codec:243:749,"Mmm. Well, he does good work.<0A><END>","흠. 글쎄요, 그는 일을 잘해요.<0A><00>",64,not_generated,
codec,243,흡,64,1,codec:243:679,"causing your heart rate, your breathing<0A>rate, and your body temperature to drop<0A>dramatically.<0A><END>","심박수, 호흡수, 체온이 급격하게 떨어집니다.<0A><00>",64,not_generated,
codec,243,흥,64,3,codec:243:913|codec:243:668|codec:243:926,Hornets are prone to becoming agitated<0A>and aggressive when they see the color<0A>black.<0A><END> || Interesting. But how does it work?<0A><END> || was intrigued by the possibility of using<0A>the high-tech weapons Granin created in<0A>the fight against Khrushchev.<0A><END>,호넷은 검은색을 보면 흥분하고 공격적이 되는 경향이 있다.<0A><00> || 흥미롭군. 어떻게 작동하지?<0A><00> || 은 흐루시초프와의 전투에서 Granin이 만든 첨단 무기를 사용할 가능성에 흥미를 느꼈습니다.<0A><00>,64,not_generated,
codec,243,희,64,1,codec:243:1773,Lo estamos mirando.<0A><END>,저희가 보고 있다.<0A><00>,64,not_generated,
codec,243,흰,64,1,codec:243:915,"If you're attacked by hornets, you should<0A>change into white clothes.<0A><END>",말벌의 공격을 받으면 흰 옷으로 갈아입어야 합니다.<0A><00>,64,not_generated,
codec,243,힌,64,1,codec:243:807,The only techniques you can rely on are<0A>the ones you've mastered through<0A>experience and practice.<0A><END>,믿을 건 경험과 훈련으로 익힌 기술뿐이야.<0A><00>,64,not_generated,
codec,243,힘,64,3,codec:243:949|codec:243:870|codec:243:716,"If we lose the initiative, we may never get<0A>it back. We're left with no choice but to<0A>keep moving forward, one step at a time.<0A><END> || If you're so exhausted that you don't even<0A>have the strength to find food,<0A><END> || That we were able to get the green light for<0A>this mission at all is thanks to her pull with<0A>the powers that be at the CIA.<0A><END>","주도권을 잃으면 되찾기 힘들어. 계속 전진해야 해.<0A><00> || FOOD를 찾을 힘도 없다면,<0A><00> || 우리가 이 MISSION에 대한 승인을 얻을 수 있었던 것은 그녀가 CIA에 있는 힘을 끌어낸 덕분입니다.<0A><00>",64,not_generated,
codec,261,각,64,1,codec:261:902,Think about it. Shoot a bullet at a drum full<0A>of flammable fuel and...<0A><END>,생각해 보세요. 가연성 연료가 가득 찬 드럼통에 총알을 쏘고...<0A><00>,64,not_generated,
codec,261,경,64,1,codec:261:904,"If you blow up those drums full of fuel, the<0A>explosion should take care of any enemies<0A>in a fairly wide radius.<0A><END>",연료가 가득 찬 드럼통을 폭파시키면 폭발로 인해 상당히 넓은 반경에 있는 모든 적을 처리할 수 있다.<0A><00>,64,not_generated,
codec,261,굴,64,1,codec:261:906,Drums lying on their side can be sent rolling.<0A>Time it right and you might be able to use it<0A>to bowl over multiple enemies at once.<0A><END>,드럼을 옆으로 눕혀서 굴릴 수 있다. 시간을 잘 맞추면 이를 사용하여 한 번에 여러 적을 제압할 수 있다.<0A><00>,64,not_generated,
codec,261,냥,64,1,codec:261:905,Just make sure you don't get caught up in<0A>the blast yourself.<0A><END>,그냥 폭발에 휘말리지 않도록 해.<0A><00>,64,not_generated,
codec,261,넓,64,1,codec:261:904,"If you blow up those drums full of fuel, the<0A>explosion should take care of any enemies<0A>in a fairly wide radius.<0A><END>",연료가 가득 찬 드럼통을 폭파시키면 폭발로 인해 상당히 넓은 반경에 있는 모든 적을 처리할 수 있다.<0A><00>,64,not_generated,
codec,261,누,64,1,codec:261:907,Give it a try. Stand near a drum and press<0A>the Action Button.<0A><END>,한번 사용해 보세요. 드럼 근처에 서서 액션 버튼을 누르세요.<0A><00>,64,not_generated,
codec,261,눕,64,1,codec:261:906,Drums lying on their side can be sent rolling.<0A>Time it right and you might be able to use it<0A>to bowl over multiple enemies at once.<0A><END>,드럼을 옆으로 눕혀서 굴릴 수 있다. 시간을 잘 맞추면 이를 사용하여 한 번에 여러 적을 제압할 수 있다.<0A><00>,64,not_generated,
codec,261,당,64,1,codec:261:904,"If you blow up those drums full of fuel, the<0A>explosion should take care of any enemies<0A>in a fairly wide radius.<0A><END>",연료가 가득 찬 드럼통을 폭파시키면 폭발로 인해 상당히 넓은 반경에 있는 모든 적을 처리할 수 있다.<0A><00>,64,not_generated,
codec,261,득,64,2,codec:261:904|codec:261:902,"If you blow up those drums full of fuel, the<0A>explosion should take care of any enemies<0A>in a fairly wide radius.<0A><END> || Think about it. Shoot a bullet at a drum full<0A>of flammable fuel and...<0A><END>",연료가 가득 찬 드럼통을 폭파시키면 폭발로 인해 상당히 넓은 반경에 있는 모든 적을 처리할 수 있다.<0A><00> || 생각해 보세요. 가연성 연료가 가득 찬 드럼통에 총알을 쏘고...<0A><00>,64,not_generated,
codec,261,든,64,1,codec:261:904,"If you blow up those drums full of fuel, the<0A>explosion should take care of any enemies<0A>in a fairly wide radius.<0A><END>",연료가 가득 찬 드럼통을 폭파시키면 폭발로 인해 상당히 넓은 반경에 있는 모든 적을 처리할 수 있다.<0A><00>,64,not_generated,
codec,261,럼,64,5,codec:261:906|codec:261:907|codec:261:904|codec:261:900|codec:261:902,"Drums lying on their side can be sent rolling.<0A>Time it right and you might be able to use it<0A>to bowl over multiple enemies at once.<0A><END> || Give it a try. Stand near a drum and press<0A>the Action Button.<0A><END> || If you blow up those drums full of fuel, the<0A>explosion should take care of any enemies<0A>in a fairly wide radius.<0A><END> || Snake, those drums are filled with fuel.<0A>That'll prove to be useful.<0A><END> || Think about it. Shoot a bullet at a drum full<0A>of flammable fuel and...<0A><END>","드럼을 옆으로 눕혀서 굴릴 수 있다. 시간을 잘 맞추면 이를 사용하여 한 번에 여러 적을 제압할 수 있다.<0A><00> || 한번 사용해 보세요. 드럼 근처에 서서 액션 버튼을 누르세요.<0A><00> || 연료가 가득 찬 드럼통을 폭파시키면 폭발로 인해 상당히 넓은 반경에 있는 모든 적을 처리할 수 있다.<0A><00> || Snake, 그 드럼에는 연료가 채워져 있다. 그것은 유용할 거다.<0A><00> || 생각해 보세요. 가연성 연료가 가득 찬 드럼통에 총알을 쏘고...<0A><00>",64,not_generated,
codec,261,료,64,3,codec:261:904|codec:261:900|codec:261:902,"If you blow up those drums full of fuel, the<0A>explosion should take care of any enemies<0A>in a fairly wide radius.<0A><END> || Snake, those drums are filled with fuel.<0A>That'll prove to be useful.<0A><END> || Think about it. Shoot a bullet at a drum full<0A>of flammable fuel and...<0A><END>","연료가 가득 찬 드럼통을 폭파시키면 폭발로 인해 상당히 넓은 반경에 있는 모든 적을 처리할 수 있다.<0A><00> || Snake, 그 드럼에는 연료가 채워져 있다. 그것은 유용할 거다.<0A><00> || 생각해 보세요. 가연성 연료가 가득 찬 드럼통에 총알을 쏘고...<0A><00>",64,not_generated,
codec,261,릴,64,1,codec:261:906,Drums lying on their side can be sent rolling.<0A>Time it right and you might be able to use it<0A>to bowl over multiple enemies at once.<0A><END>,드럼을 옆으로 눕혀서 굴릴 수 있다. 시간을 잘 맞추면 이를 사용하여 한 번에 여러 적을 제압할 수 있다.<0A><00>,64,not_generated,
codec,261,맞,64,1,codec:261:906,Drums lying on their side can be sent rolling.<0A>Time it right and you might be able to use it<0A>to bowl over multiple enemies at once.<0A><END>,드럼을 옆으로 눕혀서 굴릴 수 있다. 시간을 잘 맞추면 이를 사용하여 한 번에 여러 적을 제압할 수 있다.<0A><00>,64,not_generated,
codec,261,모,64,1,codec:261:904,"If you blow up those drums full of fuel, the<0A>explosion should take care of any enemies<0A>in a fairly wide radius.<0A><END>",연료가 가득 찬 드럼통을 폭파시키면 폭발로 인해 상당히 넓은 반경에 있는 모든 적을 처리할 수 있다.<0A><00>,64,not_generated,
codec,261,반,64,1,codec:261:904,"If you blow up those drums full of fuel, the<0A>explosion should take care of any enemies<0A>in a fairly wide radius.<0A><END>",연료가 가득 찬 드럼통을 폭파시키면 폭발로 인해 상당히 넓은 반경에 있는 모든 적을 처리할 수 있다.<0A><00>,64,not_generated,
codec,261,발,64,2,codec:261:904|codec:261:905,"If you blow up those drums full of fuel, the<0A>explosion should take care of any enemies<0A>in a fairly wide radius.<0A><END> || Just make sure you don't get caught up in<0A>the blast yourself.<0A><END>",연료가 가득 찬 드럼통을 폭파시키면 폭발로 인해 상당히 넓은 반경에 있는 모든 적을 처리할 수 있다.<0A><00> || 그냥 폭발에 휘말리지 않도록 해.<0A><00>,64,not_generated,
codec,261,생,64,1,codec:261:902,Think about it. Shoot a bullet at a drum full<0A>of flammable fuel and...<0A><END>,생각해 보세요. 가연성 연료가 가득 찬 드럼통에 총알을 쏘고...<0A><00>,64,not_generated,
codec,261,쏘,64,1,codec:261:902,Think about it. Shoot a bullet at a drum full<0A>of flammable fuel and...<0A><END>,생각해 보세요. 가연성 연료가 가득 찬 드럼통에 총알을 쏘고...<0A><00>,64,not_generated,
codec,261,압,64,1,codec:261:906,Drums lying on their side can be sent rolling.<0A>Time it right and you might be able to use it<0A>to bowl over multiple enemies at once.<0A><END>,드럼을 옆으로 눕혀서 굴릴 수 있다. 시간을 잘 맞추면 이를 사용하여 한 번에 여러 적을 제압할 수 있다.<0A><00>,64,not_generated,
codec,261,액,64,1,codec:261:907,Give it a try. Stand near a drum and press<0A>the Action Button.<0A><END>,한번 사용해 보세요. 드럼 근처에 서서 액션 버튼을 누르세요.<0A><00>,64,not_generated,
codec,261,연,64,3,codec:261:904|codec:261:900|codec:261:902,"If you blow up those drums full of fuel, the<0A>explosion should take care of any enemies<0A>in a fairly wide radius.<0A><END> || Snake, those drums are filled with fuel.<0A>That'll prove to be useful.<0A><END> || Think about it. Shoot a bullet at a drum full<0A>of flammable fuel and...<0A><END>","연료가 가득 찬 드럼통을 폭파시키면 폭발로 인해 상당히 넓은 반경에 있는 모든 적을 처리할 수 있다.<0A><00> || Snake, 그 드럼에는 연료가 채워져 있다. 그것은 유용할 거다.<0A><00> || 생각해 보세요. 가연성 연료가 가득 찬 드럼통에 총알을 쏘고...<0A><00>",64,not_generated,
codec,261,옆,64,1,codec:261:906,Drums lying on their side can be sent rolling.<0A>Time it right and you might be able to use it<0A>to bowl over multiple enemies at once.<0A><END>,드럼을 옆으로 눕혀서 굴릴 수 있다. 시간을 잘 맞추면 이를 사용하여 한 번에 여러 적을 제압할 수 있다.<0A><00>,64,not_generated,
codec,261,용,64,3,codec:261:906|codec:261:907|codec:261:900,"Drums lying on their side can be sent rolling.<0A>Time it right and you might be able to use it<0A>to bowl over multiple enemies at once.<0A><END> || Give it a try. Stand near a drum and press<0A>the Action Button.<0A><END> || Snake, those drums are filled with fuel.<0A>That'll prove to be useful.<0A><END>","드럼을 옆으로 눕혀서 굴릴 수 있다. 시간을 잘 맞추면 이를 사용하여 한 번에 여러 적을 제압할 수 있다.<0A><00> || 한번 사용해 보세요. 드럼 근처에 서서 액션 버튼을 누르세요.<0A><00> || Snake, 그 드럼에는 연료가 채워져 있다. 그것은 유용할 거다.<0A><00>",64,not_generated,
codec,261,워,64,1,codec:261:900,"Snake, those drums are filled with fuel.<0A>That'll prove to be useful.<0A><END>","Snake, 그 드럼에는 연료가 채워져 있다. 그것은 유용할 거다.<0A><00>",64,not_generated,
codec,261,져,64,1,codec:261:900,"Snake, those drums are filled with fuel.<0A>That'll prove to be useful.<0A><END>","Snake, 그 드럼에는 연료가 채워져 있다. 그것은 유용할 거다.<0A><00>",64,not_generated,
codec,261,찬,64,2,codec:261:904|codec:261:902,"If you blow up those drums full of fuel, the<0A>explosion should take care of any enemies<0A>in a fairly wide radius.<0A><END> || Think about it. Shoot a bullet at a drum full<0A>of flammable fuel and...<0A><END>",연료가 가득 찬 드럼통을 폭파시키면 폭발로 인해 상당히 넓은 반경에 있는 모든 적을 처리할 수 있다.<0A><00> || 생각해 보세요. 가연성 연료가 가득 찬 드럼통에 총알을 쏘고...<0A><00>,64,not_generated,
codec,261,채,64,1,codec:261:900,"Snake, those drums are filled with fuel.<0A>That'll prove to be useful.<0A><END>","Snake, 그 드럼에는 연료가 채워져 있다. 그것은 유용할 거다.<0A><00>",64,not_generated,
codec,261,처,64,2,codec:261:907|codec:261:904,"Give it a try. Stand near a drum and press<0A>the Action Button.<0A><END> || If you blow up those drums full of fuel, the<0A>explosion should take care of any enemies<0A>in a fairly wide radius.<0A><END>",한번 사용해 보세요. 드럼 근처에 서서 액션 버튼을 누르세요.<0A><00> || 연료가 가득 찬 드럼통을 폭파시키면 폭발로 인해 상당히 넓은 반경에 있는 모든 적을 처리할 수 있다.<0A><00>,64,not_generated,
codec,261,총,64,1,codec:261:902,Think about it. Shoot a bullet at a drum full<0A>of flammable fuel and...<0A><END>,생각해 보세요. 가연성 연료가 가득 찬 드럼통에 총알을 쏘고...<0A><00>,64,not_generated,
codec,261,추,64,1,codec:261:906,Drums lying on their side can be sent rolling.<0A>Time it right and you might be able to use it<0A>to bowl over multiple enemies at once.<0A><END>,드럼을 옆으로 눕혀서 굴릴 수 있다. 시간을 잘 맞추면 이를 사용하여 한 번에 여러 적을 제압할 수 있다.<0A><00>,64,not_generated,
codec,261,통,64,2,codec:261:904|codec:261:902,"If you blow up those drums full of fuel, the<0A>explosion should take care of any enemies<0A>in a fairly wide radius.<0A><END> || Think about it. Shoot a bullet at a drum full<0A>of flammable fuel and...<0A><END>",연료가 가득 찬 드럼통을 폭파시키면 폭발로 인해 상당히 넓은 반경에 있는 모든 적을 처리할 수 있다.<0A><00> || 생각해 보세요. 가연성 연료가 가득 찬 드럼통에 총알을 쏘고...<0A><00>,64,not_generated,
codec,261,튼,64,1,codec:261:907,Give it a try. Stand near a drum and press<0A>the Action Button.<0A><END>,한번 사용해 보세요. 드럼 근처에 서서 액션 버튼을 누르세요.<0A><00>,64,not_generated,
codec,261,파,64,1,codec:261:904,"If you blow up those drums full of fuel, the<0A>explosion should take care of any enemies<0A>in a fairly wide radius.<0A><END>",연료가 가득 찬 드럼통을 폭파시키면 폭발로 인해 상당히 넓은 반경에 있는 모든 적을 처리할 수 있다.<0A><00>,64,not_generated,
codec,261,폭,64,2,codec:261:904|codec:261:905,"If you blow up those drums full of fuel, the<0A>explosion should take care of any enemies<0A>in a fairly wide radius.<0A><END> || Just make sure you don't get caught up in<0A>the blast yourself.<0A><END>",연료가 가득 찬 드럼통을 폭파시키면 폭발로 인해 상당히 넓은 반경에 있는 모든 적을 처리할 수 있다.<0A><00> || 그냥 폭발에 휘말리지 않도록 해.<0A><00>,64,not_generated,
codec,261,혀,64,1,codec:261:906,Drums lying on their side can be sent rolling.<0A>Time it right and you might be able to use it<0A>to bowl over multiple enemies at once.<0A><END>,드럼을 옆으로 눕혀서 굴릴 수 있다. 시간을 잘 맞추면 이를 사용하여 한 번에 여러 적을 제압할 수 있다.<0A><00>,64,not_generated,
codec,261,휘,64,1,codec:261:905,Just make sure you don't get caught up in<0A>the blast yourself.<0A><END>,그냥 폭발에 휘말리지 않도록 해.<0A><00>,64,not_generated,
codec,270,걸,64,1,codec:270:734,Spies throughout the ages have used lockers<0A>to help them accomplish their missions.<0A><END>,스파이들은 여러 시대에 걸쳐 MISSION를 완수하기 위해 사물함을 사용해 왔습니다.<0A><00>,64,not_generated,
codec,270,높,64,1,codec:270:733,Lockers are a highly prized commodity<0A>among intelligence agents.<0A><END>,사물함은 정보요원들 사이에서 매우 높이 평가되는 상품입니다.<0A><00>,64,not_generated,
codec,270,누,64,1,codec:270:741,"To come out of the locker, just press<0A>the Action Button again.<0A><END>",사물함에서 나오려면 액션 버튼을 다시 누르세요.<0A><00>,64,not_generated,
codec,270,눌,64,1,codec:270:739,"To hide inside a locker, first open the locker<0A>by standing in front of it and pressing the<0A>Action Button.<0A><END>",사물함 안에 숨으려면 먼저 사물함 앞에 서서 작업 버튼을 눌러 사물함을 엽니다.<0A><00>,64,not_generated,
codec,270,동,64,1,codec:270:738,Use them wisely and they'll prove valuable<0A>during the mission.<0A><END>,현명하게 사용하면 MISSION 동안 가치 있는 것으로 입증될 거다.<0A><00>,64,not_generated,
codec,270,됩,64,1,codec:270:742,"To hide an enemy's body in a locker,<0A>simply drag the body in front of an open<0A>locker.<0A><END>",적의 시체를 사물함에 숨기려면 열려 있는 사물함 앞으로 시체를 드래그하면 됩니다.<0A><00>,64,not_generated,
codec,270,론,64,1,codec:270:736,Of course I am.<0A><END>,물론이지.<0A><00>,64,not_generated,
codec,270,른,64,1,codec:270:745,"You can't use that locker. If you need to<0A>use a locker, look for another one.<0A><END>",그 사물함은 못 써.<0A>다른 사물함을 찾아.<0A><00>,64,not_generated,
codec,270,매,64,1,codec:270:733,Lockers are a highly prized commodity<0A>among intelligence agents.<0A><END>,사물함은 정보요원들 사이에서 매우 높이 평가되는 상품입니다.<0A><00>,64,not_generated,
codec,270,먼,64,1,codec:270:739,"To hide inside a locker, first open the locker<0A>by standing in front of it and pressing the<0A>Action Button.<0A><END>",사물함 안에 숨으려면 먼저 사물함 앞에 서서 작업 버튼을 눌러 사물함을 엽니다.<0A><00>,64,not_generated,
codec,270,목,64,1,codec:270:737,"You can use lockers for any number of<0A>purposes - hiding yourself, hiding the bodies<0A>of enemy soldiers, using the door as a shield.<0A><END>","사물함을 다양한 목적으로 사용할 수 있다. 자신을 숨기고, 적군의 시체를 숨기고, 문을 방패로 사용합니다.<0A><00>",64,not_generated,
codec,270,술,64,1,codec:270:743,"You can also break the doors of lockers.<0A>If the door of a locker won't open and you're<0A>determined to get inside, try breaking into it.<0A><END>",사물함 문도 부술 수 있어.<0A>안 열리면 부수고 들어가 봐.<0A><00>,64,not_generated,
codec,270,숨,64,4,codec:270:740|codec:270:742|codec:270:739|codec:270:737,"Once the door is open, you can enter<0A>the locker to hide inside it.<0A><END> || To hide an enemy's body in a locker,<0A>simply drag the body in front of an open<0A>locker.<0A><END> || To hide inside a locker, first open the locker<0A>by standing in front of it and pressing the<0A>Action Button.<0A><END> || You can use lockers for any number of<0A>purposes - hiding yourself, hiding the bodies<0A>of enemy soldiers, using the door as a shield.<0A><END>","문이 열리면 사물함에 들어가서 그 안에 숨을 수 있습니다.<0A><00> || 적의 시체를 사물함에 숨기려면 열려 있는 사물함 앞으로 시체를 드래그하면 됩니다.<0A><00> || 사물함 안에 숨으려면 먼저 사물함 앞에 서서 작업 버튼을 눌러 사물함을 엽니다.<0A><00> || 사물함을 다양한 목적으로 사용할 수 있다. 자신을 숨기고, 적군의 시체를 숨기고, 문을 방패로 사용합니다.<0A><00>",64,not_generated,
codec,270,신,64,1,codec:270:737,"You can use lockers for any number of<0A>purposes - hiding yourself, hiding the bodies<0A>of enemy soldiers, using the door as a shield.<0A><END>","사물함을 다양한 목적으로 사용할 수 있다. 자신을 숨기고, 적군의 시체를 숨기고, 문을 방패로 사용합니다.<0A><00>",64,not_generated,
codec,270,실,64,1,codec:270:735,Are you sure about that?<0A><END>,확실합니까?<0A><00>,64,not_generated,
codec,270,써,64,1,codec:270:745,"You can't use that locker. If you need to<0A>use a locker, look for another one.<0A><END>",그 사물함은 못 써.<0A>다른 사물함을 찾아.<0A><00>,64,not_generated,
codec,270,앞,64,2,codec:270:742|codec:270:739,"To hide an enemy's body in a locker,<0A>simply drag the body in front of an open<0A>locker.<0A><END> || To hide inside a locker, first open the locker<0A>by standing in front of it and pressing the<0A>Action Button.<0A><END>",적의 시체를 사물함에 숨기려면 열려 있는 사물함 앞으로 시체를 드래그하면 됩니다.<0A><00> || 사물함 안에 숨으려면 먼저 사물함 앞에 서서 작업 버튼을 눌러 사물함을 엽니다.<0A><00>,64,not_generated,
codec,270,액,64,1,codec:270:741,"To come out of the locker, just press<0A>the Action Button again.<0A><END>",사물함에서 나오려면 액션 버튼을 다시 누르세요.<0A><00>,64,not_generated,
codec,270,양,64,1,codec:270:737,"You can use lockers for any number of<0A>purposes - hiding yourself, hiding the bodies<0A>of enemy soldiers, using the door as a shield.<0A><END>","사물함을 다양한 목적으로 사용할 수 있다. 자신을 숨기고, 적군의 시체를 숨기고, 문을 방패로 사용합니다.<0A><00>",64,not_generated,
codec,270,업,64,1,codec:270:739,"To hide inside a locker, first open the locker<0A>by standing in front of it and pressing the<0A>Action Button.<0A><END>",사물함 안에 숨으려면 먼저 사물함 앞에 서서 작업 버튼을 눌러 사물함을 엽니다.<0A><00>,64,not_generated,
codec,270,열,64,3,codec:270:740|codec:270:742|codec:270:743,"Once the door is open, you can enter<0A>the locker to hide inside it.<0A><END> || To hide an enemy's body in a locker,<0A>simply drag the body in front of an open<0A>locker.<0A><END> || You can also break the doors of lockers.<0A>If the door of a locker won't open and you're<0A>determined to get inside, try breaking into it.<0A><END>",문이 열리면 사물함에 들어가서 그 안에 숨을 수 있습니다.<0A><00> || 적의 시체를 사물함에 숨기려면 열려 있는 사물함 앞으로 시체를 드래그하면 됩니다.<0A><00> || 사물함 문도 부술 수 있어.<0A>안 열리면 부수고 들어가 봐.<0A><00>,64,not_generated,
codec,270,엽,64,1,codec:270:739,"To hide inside a locker, first open the locker<0A>by standing in front of it and pressing the<0A>Action Button.<0A><END>",사물함 안에 숨으려면 먼저 사물함 앞에 서서 작업 버튼을 눌러 사물함을 엽니다.<0A><00>,64,not_generated,
codec,270,오,64,1,codec:270:741,"To come out of the locker, just press<0A>the Action Button again.<0A><END>",사물함에서 나오려면 액션 버튼을 다시 누르세요.<0A><00>,64,not_generated,
codec,270,완,64,1,codec:270:734,Spies throughout the ages have used lockers<0A>to help them accomplish their missions.<0A><END>,스파이들은 여러 시대에 걸쳐 MISSION를 완수하기 위해 사물함을 사용해 왔습니다.<0A><00>,64,not_generated,
codec,270,용,64,3,codec:270:734|codec:270:738|codec:270:737,"Spies throughout the ages have used lockers<0A>to help them accomplish their missions.<0A><END> || Use them wisely and they'll prove valuable<0A>during the mission.<0A><END> || You can use lockers for any number of<0A>purposes - hiding yourself, hiding the bodies<0A>of enemy soldiers, using the door as a shield.<0A><END>","스파이들은 여러 시대에 걸쳐 MISSION를 완수하기 위해 사물함을 사용해 왔습니다.<0A><00> || 현명하게 사용하면 MISSION 동안 가치 있는 것으로 입증될 거다.<0A><00> || 사물함을 다양한 목적으로 사용할 수 있다. 자신을 숨기고, 적군의 시체를 숨기고, 문을 방패로 사용합니다.<0A><00>",64,not_generated,
codec,270,작,64,1,codec:270:739,"To hide inside a locker, first open the locker<0A>by standing in front of it and pressing the<0A>Action Button.<0A><END>",사물함 안에 숨으려면 먼저 사물함 앞에 서서 작업 버튼을 눌러 사물함을 엽니다.<0A><00>,64,not_generated,
codec,270,증,64,1,codec:270:738,Use them wisely and they'll prove valuable<0A>during the mission.<0A><END>,현명하게 사용하면 MISSION 동안 가치 있는 것으로 입증될 거다.<0A><00>,64,not_generated,
codec,270,찾,64,2,codec:270:732|codec:270:745,"Ah, you've found some lockers.<0A><END> || You can't use that locker. If you need to<0A>use a locker, look for another one.<0A><END>",LOCKER를 찾았군.<0A><00> || 그 사물함은 못 써.<0A>다른 사물함을 찾아.<0A><00>,64,not_generated,
codec,270,체,64,2,codec:270:742|codec:270:737,"To hide an enemy's body in a locker,<0A>simply drag the body in front of an open<0A>locker.<0A><END> || You can use lockers for any number of<0A>purposes - hiding yourself, hiding the bodies<0A>of enemy soldiers, using the door as a shield.<0A><END>","적의 시체를 사물함에 숨기려면 열려 있는 사물함 앞으로 시체를 드래그하면 됩니다.<0A><00> || 사물함을 다양한 목적으로 사용할 수 있다. 자신을 숨기고, 적군의 시체를 숨기고, 문을 방패로 사용합니다.<0A><00>",64,not_generated,
codec,270,쳐,64,1,codec:270:734,Spies throughout the ages have used lockers<0A>to help them accomplish their missions.<0A><END>,스파이들은 여러 시대에 걸쳐 MISSION를 완수하기 위해 사물함을 사용해 왔습니다.<0A><00>,64,not_generated,
codec,270,치,64,1,codec:270:738,Use them wisely and they'll prove valuable<0A>during the mission.<0A><END>,현명하게 사용하면 MISSION 동안 가치 있는 것으로 입증될 거다.<0A><00>,64,not_generated,
codec,270,튼,64,2,codec:270:741|codec:270:739,"To come out of the locker, just press<0A>the Action Button again.<0A><END> || To hide inside a locker, first open the locker<0A>by standing in front of it and pressing the<0A>Action Button.<0A><END>",사물함에서 나오려면 액션 버튼을 다시 누르세요.<0A><00> || 사물함 안에 숨으려면 먼저 사물함 앞에 서서 작업 버튼을 눌러 사물함을 엽니다.<0A><00>,64,not_generated,
codec,270,파,64,1,codec:270:734,Spies throughout the ages have used lockers<0A>to help them accomplish their missions.<0A><END>,스파이들은 여러 시대에 걸쳐 MISSION를 완수하기 위해 사물함을 사용해 왔습니다.<0A><00>,64,not_generated,
codec,270,패,64,1,codec:270:737,"You can use lockers for any number of<0A>purposes - hiding yourself, hiding the bodies<0A>of enemy soldiers, using the door as a shield.<0A><END>","사물함을 다양한 목적으로 사용할 수 있다. 자신을 숨기고, 적군의 시체를 숨기고, 문을 방패로 사용합니다.<0A><00>",64,not_generated,
codec,270,평,64,1,codec:270:733,Lockers are a highly prized commodity<0A>among intelligence agents.<0A><END>,사물함은 정보요원들 사이에서 매우 높이 평가되는 상품입니다.<0A><00>,64,not_generated,
codec,270,품,64,1,codec:270:733,Lockers are a highly prized commodity<0A>among intelligence agents.<0A><END>,사물함은 정보요원들 사이에서 매우 높이 평가되는 상품입니다.<0A><00>,64,not_generated,
codec,270,합,64,2,codec:270:735|codec:270:737,"Are you sure about that?<0A><END> || You can use lockers for any number of<0A>purposes - hiding yourself, hiding the bodies<0A>of enemy soldiers, using the door as a shield.<0A><END>","확실합니까?<0A><00> || 사물함을 다양한 목적으로 사용할 수 있다. 자신을 숨기고, 적군의 시체를 숨기고, 문을 방패로 사용합니다.<0A><00>",64,not_generated,
codec,270,현,64,1,codec:270:738,Use them wisely and they'll prove valuable<0A>during the mission.<0A><END>,현명하게 사용하면 MISSION 동안 가치 있는 것으로 입증될 거다.<0A><00>,64,not_generated,
codec,270,확,64,1,codec:270:735,Are you sure about that?<0A><END>,확실합니까?<0A><00>,64,not_generated,
codec,274,맘,64,1,codec:274:20,Fine! Wear whatever you want!<0A><END>,좋아! 맘대로 입어!<0A><00>,64,not_generated,
codec,274,엇,64,1,codec:274:9,Of all the...<0A><END>,무엇보다도...<0A><00>,64,not_generated,
codec,275,격,64,1,codec:275:12,"Nowadays, with the Cold War raging,<0A><END>","냉전이 격화되는 요즘,<0A><00>",64,not_generated,
codec,275,국,64,1,codec:275:15,"I never saw it used in Korea, though.<0A><END>",한국에서는 사용되는 것을 본 적이 없다.<0A><00>,64,not_generated,
codec,275,냉,64,1,codec:275:12,"Nowadays, with the Cold War raging,<0A><END>","냉전이 격화되는 요즘,<0A><00>",64,not_generated,
codec,275,병,64,1,codec:275:9,But it was almost never used to disguise<0A>individual soldiers...<0A><END>,병사 개인을 CAMO하는 데에는 거의 사용되지 않았는데요...<0A><00>,64,not_generated,
codec,275,용,64,2,codec:275:9|codec:275:15,"But it was almost never used to disguise<0A>individual soldiers...<0A><END> || I never saw it used in Korea, though.<0A><END>",병사 개인을 CAMO하는 데에는 거의 사용되지 않았는데요...<0A><00> || 한국에서는 사용되는 것을 본 적이 없다.<0A><00>,64,not_generated,
codec,275,전,64,2,codec:275:7|codec:275:12,"Camouflage, in the modern sense of<0A>the word, wasn't introduced until the<0A>First World War.<0A><END> || Nowadays, with the Cold War raging,<0A><END>","현대적인 의미에서 CAMO은 제1차 세계 대전 이전에 도입되지 않았습니다.<0A><00> || 냉전이 격화되는 요즘,<0A><00>",64,not_generated,
codec,275,즘,64,1,codec:275:12,"Nowadays, with the Cold War raging,<0A><END>","냉전이 격화되는 요즘,<0A><00>",64,not_generated,
codec,275,차,64,1,codec:275:7,"Camouflage, in the modern sense of<0A>the word, wasn't introduced until the<0A>First World War.<0A><END>",현대적인 의미에서 CAMO은 제1차 세계 대전 이전에 도입되지 않았습니다.<0A><00>,64,not_generated,
codec,275,현,64,1,codec:275:7,"Camouflage, in the modern sense of<0A>the word, wasn't introduced until the<0A>First World War.<0A><END>",현대적인 의미에서 CAMO은 제1차 세계 대전 이전에 도입되지 않았습니다.<0A><00>,64,not_generated,
codec,275,화,64,1,codec:275:12,"Nowadays, with the Cold War raging,<0A><END>","냉전이 격화되는 요즘,<0A><00>",64,not_generated,
codec,276,괴,64,1,codec:276:4,"Concealing and disruptive, right?<0A><END>",은폐하고 파괴적이죠?<0A><00>,64,not_generated,
codec,276,죠,64,1,codec:276:4,"Concealing and disruptive, right?<0A><END>",은폐하고 파괴적이죠?<0A><00>,64,not_generated,
codec,276,파,64,1,codec:276:4,"Concealing and disruptive, right?<0A><END>",은폐하고 파괴적이죠?<0A><00>,64,not_generated,
codec,276,폐,64,1,codec:276:4,"Concealing and disruptive, right?<0A><END>",은폐하고 파괴적이죠?<0A><00>,64,not_generated,
codec,291,느,64,1,codec:291:4,"Naturally, this means that close-quarters<0A>combat will be more important than ever.<0A><END>",당연히 CQC가 그 어느 때보다<0A>중요하다.<0A><00>,64,not_generated,
codec,291,당,64,1,codec:291:4,"Naturally, this means that close-quarters<0A>combat will be more important than ever.<0A><END>",당연히 CQC가 그 어느 때보다<0A>중요하다.<0A><00>,64,not_generated,
codec,291,연,64,1,codec:291:4,"Naturally, this means that close-quarters<0A>combat will be more important than ever.<0A><END>",당연히 CQC가 그 어느 때보다<0A>중요하다.<0A><00>,64,not_generated,
codec,291,중,64,1,codec:291:4,"Naturally, this means that close-quarters<0A>combat will be more important than ever.<0A><END>",당연히 CQC가 그 어느 때보다<0A>중요하다.<0A><00>,64,not_generated,
codec,292,격,64,1,codec:292:5,But striking your opponent is just one<0A>aspect of CQC.<0A><END>,타격은 CQC의 한 부분일 뿐이야.<0A><00>,64,not_generated,
codec,292,뿐,64,1,codec:292:5,But striking your opponent is just one<0A>aspect of CQC.<0A><END>,타격은 CQC의 한 부분일 뿐이야.<0A><00>,64,not_generated,
codec,292,타,64,1,codec:292:5,But striking your opponent is just one<0A>aspect of CQC.<0A><END>,타격은 CQC의 한 부분일 뿐이야.<0A><00>,64,not_generated,
codec,293,놀,64,1,codec:293:14,You'll be surprised at how much you can<0A>learn this way.<0A><END>,이렇게 배우는 게 많아서 놀랄 거야.<0A><00>,64,not_generated,
codec,293,랄,64,1,codec:293:14,You'll be surprised at how much you can<0A>learn this way.<0A><END>,이렇게 배우는 게 많아서 놀랄 거야.<0A><00>,64,not_generated,
codec,293,론,64,1,codec:293:8,"You can use this to knock him out,<0A>or even kill him if you do it long enough.<0A><END>",계속 쓰면 기절은 물론<0A>죽일 수도 있어.<0A><00>,64,not_generated,
codec,293,많,64,1,codec:293:14,You'll be surprised at how much you can<0A>learn this way.<0A><END>,이렇게 배우는 게 많아서 놀랄 거야.<0A><00>,64,not_generated,
codec,293,몇,64,1,codec:293:4,"From this point, there are several things<0A>you can do.<0A><END>",이 시점에서 수행할 수 있는 작업이 몇 가지 있다.<0A><00>,64,not_generated,
codec,293,배,64,1,codec:293:14,You'll be surprised at how much you can<0A>learn this way.<0A><END>,이렇게 배우는 게 많아서 놀랄 거야.<0A><00>,64,not_generated,
codec,293,속,64,1,codec:293:8,"You can use this to knock him out,<0A>or even kill him if you do it long enough.<0A><END>",계속 쓰면 기절은 물론<0A>죽일 수도 있어.<0A><00>,64,not_generated,
codec,293,쓰,64,1,codec:293:8,"You can use this to knock him out,<0A>or even kill him if you do it long enough.<0A><END>",계속 쓰면 기절은 물론<0A>죽일 수도 있어.<0A><00>,64,not_generated,
codec,293,업,64,1,codec:293:4,"From this point, there are several things<0A>you can do.<0A><END>",이 시점에서 수행할 수 있는 작업이 몇 가지 있다.<0A><00>,64,not_generated,
codec,293,작,64,1,codec:293:4,"From this point, there are several things<0A>you can do.<0A><END>",이 시점에서 수행할 수 있는 작업이 몇 가지 있다.<0A><00>,64,not_generated,
codec,296,당,64,1,codec:296:14,"Except you, right?<0A><END>",당신만 빼고요?<0A><00>,64,not_generated,
codec,296,몸,64,1,codec:296:8,"Mind, body and technique.<0A><END>","마음, 몸, 기술.<0A><00>",64,not_generated,
codec,296,빼,64,1,codec:296:14,"Except you, right?<0A><END>",당신만 빼고요?<0A><00>,64,not_generated,
codec,296,술,64,1,codec:296:8,"Mind, body and technique.<0A><END>","마음, 몸, 기술.<0A><00>",64,not_generated,
codec,296,신,64,1,codec:296:14,"Except you, right?<0A><END>",당신만 빼고요?<0A><00>,64,not_generated,
codec,297,된,64,1,codec:297:12,but for this mission you'll be using<0A>specifically designed tranquilizer rounds.<0A><END>,이번 임무에선 전용 마취탄을 쓰게 된다.,64,not_generated,
codec,297,밀,64,1,codec:297:16,which pushes the plunger and injects<0A>the tranquilizer into the target.<0A><END>,피스톤을 밀어 대상에게 마취제를 주입한다.<0A><00>,64,not_generated,
codec,297,발,64,1,codec:297:9,But I'll have to reload it by hand<0A>every time I fire. Right?<0A><END>,하지만 한 발마다 손으로 재장전해야 하지?<0A><00>,64,not_generated,
codec,297,선,64,1,codec:297:12,but for this mission you'll be using<0A>specifically designed tranquilizer rounds.<0A><END>,이번 임무에선 전용 마취탄을 쓰게 된다.,64,not_generated,
codec,297,손,64,1,codec:297:9,But I'll have to reload it by hand<0A>every time I fire. Right?<0A><END>,하지만 한 발마다 손으로 재장전해야 하지?<0A><00>,64,not_generated,
codec,297,쓰,64,1,codec:297:12,but for this mission you'll be using<0A>specifically designed tranquilizer rounds.<0A><END>,이번 임무에선 전용 마취탄을 쓰게 된다.,64,not_generated,
codec,297,용,64,1,codec:297:12,but for this mission you'll be using<0A>specifically designed tranquilizer rounds.<0A><END>,이번 임무에선 전용 마취탄을 쓰게 된다.,64,not_generated,
codec,297,장,64,1,codec:297:9,But I'll have to reload it by hand<0A>every time I fire. Right?<0A><END>,하지만 한 발마다 손으로 재장전해야 하지?<0A><00>,64,not_generated,
codec,297,재,64,1,codec:297:9,But I'll have to reload it by hand<0A>every time I fire. Right?<0A><END>,하지만 한 발마다 손으로 재장전해야 하지?<0A><00>,64,not_generated,
codec,297,전,64,2,codec:297:12|codec:297:9,but for this mission you'll be using<0A>specifically designed tranquilizer rounds.<0A><END> || But I'll have to reload it by hand<0A>every time I fire. Right?<0A><END>,이번 임무에선 전용 마취탄을 쓰게 된다. || 하지만 한 발마다 손으로 재장전해야 하지?<0A><00>,64,not_generated,
codec,297,주,64,1,codec:297:16,which pushes the plunger and injects<0A>the tranquilizer into the target.<0A><END>,피스톤을 밀어 대상에게 마취제를 주입한다.<0A><00>,64,not_generated,
codec,297,총,64,1,codec:297:4,that's been modified by the CIA into<0A>a tranquilizer gun.<0A><END>,CIA가 마취총으로 개조한 것이다.<0A><00>,64,not_generated,
codec,297,취,64,3,codec:297:12|codec:297:4|codec:297:16,but for this mission you'll be using<0A>specifically designed tranquilizer rounds.<0A><END> || that's been modified by the CIA into<0A>a tranquilizer gun.<0A><END> || which pushes the plunger and injects<0A>the tranquilizer into the target.<0A><END>,이번 임무에선 전용 마취탄을 쓰게 된다. || CIA가 마취총으로 개조한 것이다.<0A><00> || 피스톤을 밀어 대상에게 마취제를 주입한다.<0A><00>,64,not_generated,
codec,297,탄,64,1,codec:297:12,but for this mission you'll be using<0A>specifically designed tranquilizer rounds.<0A><END>,이번 임무에선 전용 마취탄을 쓰게 된다.,64,not_generated,
codec,297,톤,64,1,codec:297:16,which pushes the plunger and injects<0A>the tranquilizer into the target.<0A><END>,피스톤을 밀어 대상에게 마취제를 주입한다.<0A><00>,64,not_generated,
codec,297,피,64,1,codec:297:16,which pushes the plunger and injects<0A>the tranquilizer into the target.<0A><END>,피스톤을 밀어 대상에게 마취제를 주입한다.<0A><00>,64,not_generated,
codec,298,쓰,64,1,codec:298:3,I see you're using the .45.<0A><END>,.45를 쓰고 있군.<0A><00>,64,not_generated,
codec,300,쉽,64,1,codec:300:12,Making it easier to carry around with you.<0A><END>,휴대하기 쉽게 만드는 것.<0A><00>,64,not_generated,
codec,300,휴,64,1,codec:300:12,Making it easier to carry around with you.<0A><END>,휴대하기 쉽게 만드는 것.<0A><00>,64,not_generated,
codec,301,견,64,1,codec:301:3,I see you've found yourself an RGD-5.<0A><END>,RGD-5를 발견하신 것 같군요.<0A><00>,64,not_generated,
codec,301,발,64,1,codec:301:3,I see you've found yourself an RGD-5.<0A><END>,RGD-5를 발견하신 것 같군요.<0A><00>,64,not_generated,
codec,301,신,64,1,codec:301:3,I see you've found yourself an RGD-5.<0A><END>,RGD-5를 발견하신 것 같군요.<0A><00>,64,not_generated,
codec,302,갖,64,1,codec:302:3,"You got a magazine, huh.<0A><END>",잡지를 갖고 계시군요.<0A><00>,64,not_generated,
codec,303,경,64,1,codec:303:3,I see you're using binoculars.<0A><END>,쌍안경을 사용하고 계시군요.<0A><00>,64,not_generated,
codec,303,쌍,64,1,codec:303:3,I see you're using binoculars.<0A><END>,쌍안경을 사용하고 계시군요.<0A><00>,64,not_generated,
codec,303,용,64,1,codec:303:3,I see you're using binoculars.<0A><END>,쌍안경을 사용하고 계시군요.<0A><00>,64,not_generated,
codec,309,걱,64,1,codec:309:8,Don't worry. I remember the drill.<0A><END>,걱정 마. 훈련은 기억해.<0A><00>,64,not_generated,
codec,309,련,64,1,codec:309:8,Don't worry. I remember the drill.<0A><END>,걱정 마. 훈련은 기억해.<0A><00>,64,not_generated,
codec,309,억,64,1,codec:309:8,Don't worry. I remember the drill.<0A><END>,걱정 마. 훈련은 기억해.<0A><00>,64,not_generated,
codec,309,훈,64,1,codec:309:8,Don't worry. I remember the drill.<0A><END>,걱정 마. 훈련은 기억해.<0A><00>,64,not_generated,
codec,313,긴,64,3,codec:313:9|codec:313:20|codec:313:8,"I'm not nervous.<0A><END> || No estoy nervioso.<0A><END> || The truth is, you're nervous, aren't you?<0A><END>",긴장 안 했어.<0A><00> || 긴장 안 했어.<0A><00> || 사실 긴장했지?<0A><00>,64,not_generated,
codec,313,실,64,1,codec:313:8,"The truth is, you're nervous, aren't you?<0A><END>",사실 긴장했지?<0A><00>,64,not_generated,
codec,313,장,64,3,codec:313:9|codec:313:20|codec:313:8,"I'm not nervous.<0A><END> || No estoy nervioso.<0A><END> || The truth is, you're nervous, aren't you?<0A><END>",긴장 안 했어.<0A><00> || 긴장 안 했어.<0A><00> || 사실 긴장했지?<0A><00>,64,not_generated,
codec,313,했,64,3,codec:313:9|codec:313:20|codec:313:8,"I'm not nervous.<0A><END> || No estoy nervioso.<0A><END> || The truth is, you're nervous, aren't you?<0A><END>",긴장 안 했어.<0A><00> || 긴장 안 했어.<0A><00> || 사실 긴장했지?<0A><00>,64,not_generated,
codec,314,선,64,1,codec:314:4,"Use ""CAMOUFLAGE"" to change your<0A>camouflage, ""BACKPACK"" to select<0A>a weapon,<0A><END>","""CAMOUFLAGE""로 위장,<0A>""BACKPACK""으로 무기<0A>선택.<0A><00>",64,not_generated,
codec,314,장,64,1,codec:314:4,"Use ""CAMOUFLAGE"" to change your<0A>camouflage, ""BACKPACK"" to select<0A>a weapon,<0A><END>","""CAMOUFLAGE""로 위장,<0A>""BACKPACK""으로 무기<0A>선택.<0A><00>",64,not_generated,
codec,314,택,64,1,codec:314:4,"Use ""CAMOUFLAGE"" to change your<0A>camouflage, ""BACKPACK"" to select<0A>a weapon,<0A><END>","""CAMOUFLAGE""로 위장,<0A>""BACKPACK""으로 무기<0A>선택.<0A><00>",64,not_generated,
codec,317,전,64,2,codec:317:13|codec:317:10,Not a thing.<0A><END> || Not at all?<0A><END>,전혀 없어요.<0A><00> || 전혀 안 그래요?<0A><00>,64,not_generated,
codec,317,혀,64,2,codec:317:13|codec:317:10,Not a thing.<0A><END> || Not at all?<0A><END>,전혀 없어요.<0A><00> || 전혀 안 그래요?<0A><00>,64,not_generated,
codec,318,년,64,1,codec:318:8,Four years ago... the U2 crash.<0A><END>,4년 전... U2 충돌 사고.<0A><00>,64,not_generated,
codec,318,단,64,1,codec:318:3,"Tell me, what's the advantage of<0A>a solo sneaking mission?<0A><END>",단독 잠입 MISSION의 장점이 뭐지?<0A><00>,64,not_generated,
codec,318,독,64,1,codec:318:3,"Tell me, what's the advantage of<0A>a solo sneaking mission?<0A><END>",단독 잠입 MISSION의 장점이 뭐지?<0A><00>,64,not_generated,
codec,318,잠,64,1,codec:318:3,"Tell me, what's the advantage of<0A>a solo sneaking mission?<0A><END>",단독 잠입 MISSION의 장점이 뭐지?<0A><00>,64,not_generated,
codec,318,장,64,1,codec:318:3,"Tell me, what's the advantage of<0A>a solo sneaking mission?<0A><END>",단독 잠입 MISSION의 장점이 뭐지?<0A><00>,64,not_generated,
codec,318,전,64,1,codec:318:8,Four years ago... the U2 crash.<0A><END>,4년 전... U2 충돌 사고.<0A><00>,64,not_generated,
codec,318,충,64,1,codec:318:8,Four years ago... the U2 crash.<0A><END>,4년 전... U2 충돌 사고.<0A><00>,64,not_generated,
codec,319,관,64,1,codec:319:3,"When you see an enemy, the first thing<0A>to do is conceal yourself and watch what<0A>he's doing.<0A><END>",적을 보면 먼저<0A>몸을 숨기고 행동을<0A>관찰해라.<0A><00>,64,not_generated,
codec,319,동,64,1,codec:319:3,"When you see an enemy, the first thing<0A>to do is conceal yourself and watch what<0A>he's doing.<0A><END>",적을 보면 먼저<0A>몸을 숨기고 행동을<0A>관찰해라.<0A><00>,64,not_generated,
codec,319,먼,64,1,codec:319:3,"When you see an enemy, the first thing<0A>to do is conceal yourself and watch what<0A>he's doing.<0A><END>",적을 보면 먼저<0A>몸을 숨기고 행동을<0A>관찰해라.<0A><00>,64,not_generated,
codec,319,몸,64,1,codec:319:3,"When you see an enemy, the first thing<0A>to do is conceal yourself and watch what<0A>he's doing.<0A><END>",적을 보면 먼저<0A>몸을 숨기고 행동을<0A>관찰해라.<0A><00>,64,not_generated,
codec,319,숨,64,1,codec:319:3,"When you see an enemy, the first thing<0A>to do is conceal yourself and watch what<0A>he's doing.<0A><END>",적을 보면 먼저<0A>몸을 숨기고 행동을<0A>관찰해라.<0A><00>,64,not_generated,
codec,319,찰,64,1,codec:319:3,"When you see an enemy, the first thing<0A>to do is conceal yourself and watch what<0A>he's doing.<0A><END>",적을 보면 먼저<0A>몸을 숨기고 행동을<0A>관찰해라.<0A><00>,64,not_generated,
codec,324,비,64,1,codec:324:3,"You said the enemy is equipped with<0A>AK-47s, didn't you?<0A><END>",적이 AK-47을 장비하고 있다고 했죠?<0A><00>,64,not_generated,
codec,324,장,64,1,codec:324:3,"You said the enemy is equipped with<0A>AK-47s, didn't you?<0A><END>",적이 AK-47을 장비하고 있다고 했죠?<0A><00>,64,not_generated,
codec,324,죠,64,1,codec:324:3,"You said the enemy is equipped with<0A>AK-47s, didn't you?<0A><END>",적이 AK-47을 장비하고 있다고 했죠?<0A><00>,64,not_generated,
codec,324,했,64,1,codec:324:3,"You said the enemy is equipped with<0A>AK-47s, didn't you?<0A><END>",적이 AK-47을 장비하고 있다고 했죠?<0A><00>,64,not_generated,
codec,326,갖,64,1,codec:326:3,"You mentioned the enemy was also<0A>carrying grenades, correct?<0A><END>",적도 GRENADE를 갖고 있다고 했지?<0A><00>,64,not_generated,
codec,326,했,64,1,codec:326:3,"You mentioned the enemy was also<0A>carrying grenades, correct?<0A><END>",적도 GRENADE를 갖고 있다고 했지?<0A><00>,64,not_generated,
codec,328,곤,64,1,codec:328:6,"Hey, you used to smoke them.<0A><END>","야, 너 담배 피우곤 했잖아.<0A><00>",64,not_generated,
codec,328,너,64,1,codec:328:6,"Hey, you used to smoke them.<0A><END>","야, 너 담배 피우곤 했잖아.<0A><00>",64,not_generated,
codec,328,담,64,1,codec:328:6,"Hey, you used to smoke them.<0A><END>","야, 너 담배 피우곤 했잖아.<0A><00>",64,not_generated,
codec,328,배,64,1,codec:328:6,"Hey, you used to smoke them.<0A><END>","야, 너 담배 피우곤 했잖아.<0A><00>",64,not_generated,
codec,328,셨,64,1,codec:328:10,Did you say leeches?<0A><END>,거머리라고 하셨나요?<0A><00>,64,not_generated,
codec,328,잖,64,1,codec:328:6,"Hey, you used to smoke them.<0A><END>","야, 너 담배 피우곤 했잖아.<0A><00>",64,not_generated,
codec,328,피,64,2,codec:328:3|codec:328:6,"Are you smoking a cigar?<0A><END> || Hey, you used to smoke them.<0A><END>","CIGAR를 피우고 있습니까?<0A><00> || 야, 너 담배 피우곤 했잖아.<0A><00>",64,not_generated,
codec,328,했,64,1,codec:328:6,"Hey, you used to smoke them.<0A><END>","야, 너 담배 피우곤 했잖아.<0A><00>",64,not_generated,
codec,331,꼭,64,1,codec:331:4,The survival knife is a necessity in the field.<0A><END>,SURVIVAL KNIFE는 현장에서 꼭 필요한 제품입니다.<0A><00>,64,not_generated,
codec,331,비,64,1,codec:331:3,I see you've got the survival knife equipped.<0A><END>,SURVIVAL KNIFE를 장비했군.<0A><00>,64,not_generated,
codec,331,장,64,2,codec:331:3|codec:331:4,I see you've got the survival knife equipped.<0A><END> || The survival knife is a necessity in the field.<0A><END>,SURVIVAL KNIFE를 장비했군.<0A><00> || SURVIVAL KNIFE는 현장에서 꼭 필요한 제품입니다.<0A><00>,64,not_generated,
codec,331,품,64,1,codec:331:4,The survival knife is a necessity in the field.<0A><END>,SURVIVAL KNIFE는 현장에서 꼭 필요한 제품입니다.<0A><00>,64,not_generated,
codec,331,했,64,1,codec:331:3,I see you've got the survival knife equipped.<0A><END>,SURVIVAL KNIFE를 장비했군.<0A><00>,64,not_generated,
codec,331,현,64,1,codec:331:4,The survival knife is a necessity in the field.<0A><END>,SURVIVAL KNIFE는 현장에서 꼭 필요한 제품입니다.<0A><00>,64,not_generated,
codec,336,든,64,1,codec:336:3,The weapon you're equipped with now is<0A>called the XM16E1.<0A><END>,지금 든 무기는 XM16E1이야.<0A><00>,64,not_generated,
codec,336,발,64,1,codec:336:5,"If it's still in development, then what's it<0A>doing here?<0A><END>",아직 개발 중이라면 여기서는 무엇을 하고 있나?<0A><00>,64,not_generated,
codec,336,엇,64,1,codec:336:5,"If it's still in development, then what's it<0A>doing here?<0A><END>",아직 개발 중이라면 여기서는 무엇을 하고 있나?<0A><00>,64,not_generated,
codec,336,중,64,1,codec:336:5,"If it's still in development, then what's it<0A>doing here?<0A><END>",아직 개발 중이라면 여기서는 무엇을 하고 있나?<0A><00>,64,not_generated,
codec,336,직,64,1,codec:336:5,"If it's still in development, then what's it<0A>doing here?<0A><END>",아직 개발 중이라면 여기서는 무엇을 하고 있나?<0A><00>,64,not_generated,
codec,337,강,64,1,codec:337:9,It can be a powerful weapon if you know<0A>how to use it.<0A><END>,잘 쓰면 강력한 무기야.<0A><00>,64,not_generated,
codec,337,럼,64,1,codec:337:6,It looks kind of like an AK-47.<0A><END>,AK-47처럼 보여요.<0A><00>,64,not_generated,
codec,337,력,64,1,codec:337:9,It can be a powerful weapon if you know<0A>how to use it.<0A><END>,잘 쓰면 강력한 무기야.<0A><00>,64,not_generated,
codec,337,쓰,64,1,codec:337:9,It can be a powerful weapon if you know<0A>how to use it.<0A><END>,잘 쓰면 강력한 무기야.<0A><00>,64,not_generated,
codec,337,처,64,1,codec:337:6,It looks kind of like an AK-47.<0A><END>,AK-47처럼 보여요.<0A><00>,64,not_generated,
codec,338,격,64,1,codec:338:3,"When aiming a sniper rifle,<0A><END>","저격총을 조준할 때,<0A><00>",64,not_generated,
codec,338,준,64,1,codec:338:3,"When aiming a sniper rifle,<0A><END>","저격총을 조준할 때,<0A><00>",64,not_generated,
codec,338,총,64,1,codec:338:3,"When aiming a sniper rifle,<0A><END>","저격총을 조준할 때,<0A><00>",64,not_generated,
codec,339,얻,64,1,codec:339:3,"You've got a white phosphorus grenade,<0A>I see.<0A><END>",WHITE PHOSPHORUS GRENADE를 얻었군.<0A><00>,64,not_generated,
codec,342,름,64,1,codec:342:4,The smoke grenade does exactly what<0A>the name implies.<0A><END>,SMOKE GRENADE는 이름 그대로야.<0A><00>,64,not_generated,
codec,343,든,64,1,codec:343:3,What is that you have in your hands?<0A><END>,손에 든 게 뭐야?<0A><00>,64,not_generated,
codec,343,손,64,1,codec:343:3,What is that you have in your hands?<0A><END>,손에 든 게 뭐야?<0A><00>,64,not_generated,
codec,344,향,64,1,codec:344:3,"Ah, you've got a directional microphone.<0A><END>","아, 방향성 마이크가 있군요.<0A><00>",64,not_generated,
codec,348,높,64,1,codec:348:5,"So if you need a high Camo Index, make<0A>sure you're wearing face paint. Got it?<0A><END>",Camo Index를 높이려면<0A>face paint를 해. 알겠지?<0A><00>,64,not_generated,
codec,353,걸,64,1,codec:353:6,you might be able to catch something<0A>with it.<0A><END>,그걸로 뭔가 잡을 수도 있어.<0A><00>,64,not_generated,
codec,353,동,64,1,codec:353:4,The mousetrap is designed to capture<0A>smaller animals.<0A><END>,MOUSETRAP은 작은 동물을 잡는 장치야.<0A><00>,64,not_generated,
codec,353,뭔,64,1,codec:353:6,you might be able to catch something<0A>with it.<0A><END>,그걸로 뭔가 잡을 수도 있어.<0A><00>,64,not_generated,
codec,353,작,64,1,codec:353:4,The mousetrap is designed to capture<0A>smaller animals.<0A><END>,MOUSETRAP은 작은 동물을 잡는 장치야.<0A><00>,64,not_generated,
codec,353,장,64,1,codec:353:4,The mousetrap is designed to capture<0A>smaller animals.<0A><END>,MOUSETRAP은 작은 동물을 잡는 장치야.<0A><00>,64,not_generated,
codec,353,치,64,1,codec:353:4,The mousetrap is designed to capture<0A>smaller animals.<0A><END>,MOUSETRAP은 작은 동물을 잡는 장치야.<0A><00>,64,not_generated,
codec,354,복,64,1,codec:354:3,You have some LIFE medicine on you.<0A><END>,LIFE 회복약이 있군.<0A><00>,64,not_generated,
codec,354,약,64,1,codec:354:3,You have some LIFE medicine on you.<0A><END>,LIFE 회복약이 있군.<0A><00>,64,not_generated,
codec,354,회,64,1,codec:354:3,You have some LIFE medicine on you.<0A><END>,LIFE 회복약이 있군.<0A><00>,64,not_generated,
codec,355,격,64,1,codec:355:1486,Appuie plusieurs fois pour r<G6A>aliser<0A>une attaque combin<G6A>e.<0A><END>,여러 번 누르면 콤보 공격이 수행됩니다.<0A><00>,64,not_generated,
codec,355,공,64,1,codec:355:1486,Appuie plusieurs fois pour r<G6A>aliser<0A>une attaque combin<G6A>e.<0A><END>,여러 번 누르면 콤보 공격이 수행됩니다.<0A><00>,64,not_generated,
codec,355,냥,64,1,codec:355:408,Just make sure you don't end up getting<0A>burned yourself.<0A><END>,그냥 자신이 다치지 않도록 해.<0A><00>,64,not_generated,
codec,355,누,64,1,codec:355:1486,Appuie plusieurs fois pour r<G6A>aliser<0A>une attaque combin<G6A>e.<0A><END>,여러 번 누르면 콤보 공격이 수행됩니다.<0A><00>,64,not_generated,
codec,355,답,64,1,codec:355:1122,SIN RESPUESTA<0A><END>,죄의 응답<0A><00>,64,not_generated,
codec,355,당,64,1,codec:355:445,"""MAP"" will serve you well.<0A><END>","""MAP""가 당신에게 도움이 될 거다.<0A><00>",64,not_generated,
codec,355,됩,64,1,codec:355:1486,Appuie plusieurs fois pour r<G6A>aliser<0A>une attaque combin<G6A>e.<0A><END>,여러 번 누르면 콤보 공격이 수행됩니다.<0A><00>,64,not_generated,
codec,355,신,64,2,codec:355:445|codec:355:408,"""MAP"" will serve you well.<0A><END> || Just make sure you don't end up getting<0A>burned yourself.<0A><END>","""MAP""가 당신에게 도움이 될 거다.<0A><00> || 그냥 자신이 다치지 않도록 해.<0A><00>",64,not_generated,
codec,355,써,64,1,codec:355:206,Use them wisely.<0A><END>,잘 써.<0A><00>,64,not_generated,
codec,355,억,64,1,codec:355:191,Remember that.<0A><END>,기억하세요.<0A><00>,64,not_generated,
codec,355,용,64,1,codec:355:1490,Je vois que tu utilises l'EZ Gun.<0A><END>,EZ Gun을 사용하고 계시군요.<0A><00>,64,not_generated,
codec,355,움,64,1,codec:355:445,"""MAP"" will serve you well.<0A><END>","""MAP""가 당신에게 도움이 될 거다.<0A><00>",64,not_generated,
codec,355,잊,64,2,codec:355:90|codec:355:133,Don't forget that.<0A><END> || Exactly. Don't forget it.<0A><END>,그것을 잊지 마세요.<0A><00> || 정확합니다. 잊지 마세요.<0A><00>,64,not_generated,
codec,355,죄,64,1,codec:355:1122,SIN RESPUESTA<0A><END>,죄의 응답<0A><00>,64,not_generated,
codec,355,치,64,1,codec:355:408,Just make sure you don't end up getting<0A>burned yourself.<0A><END>,그냥 자신이 다치지 않도록 해.<0A><00>,64,not_generated,
codec,355,콤,64,1,codec:355:1486,Appuie plusieurs fois pour r<G6A>aliser<0A>une attaque combin<G6A>e.<0A><END>,여러 번 누르면 콤보 공격이 수행됩니다.<0A><00>,64,not_generated,
codec,355,합,64,1,codec:355:133,Exactly. Don't forget it.<0A><END>,정확합니다. 잊지 마세요.<0A><00>,64,not_generated,
codec,355,확,64,1,codec:355:133,Exactly. Don't forget it.<0A><END>,정확합니다. 잊지 마세요.<0A><00>,64,not_generated,
codec,365,독,64,1,codec:365:11,"Although they're not poisonous, they're<0A>still very dangerous, so be careful around<0A>them.<0A><END>",독은 없지만 매우 위험하니 조심해.,64,not_generated,
codec,365,매,64,1,codec:365:11,"Although they're not poisonous, they're<0A>still very dangerous, so be careful around<0A>them.<0A><END>",독은 없지만 매우 위험하니 조심해.,64,not_generated,
codec,381,맛,64,2,codec:381:22|codec:381:12,El sabor.<0A><END> || The flavor.<0A><END>,맛.<0A><00> || 맛.<0A><00>,64,not_generated,
codec,393,몰,64,1,codec:393:14,You don't know?<0A><END>,몰라?<0A><00>,64,not_generated,
codec,399,단,64,1,codec:399:11,"They've got an appetite, huh?<0A><END>",식욕이 대단하군.<0A><00>,64,not_generated,
codec,399,식,64,1,codec:399:11,"They've got an appetite, huh?<0A><END>",식욕이 대단하군.<0A><00>,64,not_generated,
codec,399,욕,64,1,codec:399:11,"They've got an appetite, huh?<0A><END>",식욕이 대단하군.<0A><00>,64,not_generated,
codec,402,럼,64,1,codec:402:13,Like what?<0A><END>,뭐처럼요?<0A><00>,64,not_generated,
codec,402,처,64,1,codec:402:13,Like what?<0A><END>,뭐처럼요?<0A><00>,64,not_generated,
codec,407,했,64,1,codec:407:23,Je disais <G68>a comme <G68>a...<0A><END>,그렇게 말했는데...<0A><00>,64,not_generated,
codec,414,싫,64,1,codec:414:14,Hell no.<0A><END>,절대 싫어.<0A><00>,64,not_generated,
codec,417,블,64,1,codec:417:10,Yablo... what now?<0A><END>,야블로... 이제 어쩌지?<0A><00>,64,not_generated,
codec,417,쩌,64,1,codec:417:10,Yablo... what now?<0A><END>,야블로... 이제 어쩌지?<0A><00>,64,not_generated,
codec,419,흠,64,1,codec:419:13,Huh... that's strange.<0A><END>,흠... 이상하군.<0A><00>,64,not_generated,
codec,427,골,64,2,codec:427:22|codec:427:10,<G40>Golova?<0A><END> || Golova?<0A><END>,골로바?<0A><00> || 골로바?<0A><00>,64,not_generated,
codec,436,글,64,1,codec:436:12,"Well, do you?<0A><END>",글쎄요?<0A><00>,64,not_generated,
codec,436,쎄,64,1,codec:436:12,"Well, do you?<0A><END>",글쎄요?<0A><00>,64,not_generated,
codec,436,허,64,1,codec:436:36,...Uh huh.<0A><END>,...어허.<0A><00>,64,not_generated,
codec,437,각,64,1,codec:437:44,"No, seriously.<0A><END>","아니요, 심각하게요.<0A><00>",64,not_generated,
codec,437,땠,64,1,codec:437:32,How was it?<0A><END>,어땠어?<0A><00>,64,not_generated,
codec,437,럼,64,1,codec:437:35,"Fine, then.<0A><END>",그럼요.<0A><00>,64,not_generated,
codec,437,실,64,2,codec:437:48|codec:437:62,"Mm? Is what true?<0A><END> || No, that's not it! Snake, tell him<0A>that's not true!<0A><END>","음? 뭐가 사실이야?<0A><00> || 아니야! Snake, 사실이 아니라고 말해!<0A><00>",64,not_generated,
codec,437,죠,64,1,codec:437:37,So what?<0A><END>,그래서 어쩌죠?<0A><00>,64,not_generated,
codec,437,쩌,64,1,codec:437:37,So what?<0A><END>,그래서 어쩌죠?<0A><00>,64,not_generated,
codec,438,럼,64,1,codec:438:12,"So you won't be able to see me naked,<0A>then.<0A><END>",그럼 내 알몸은 못 보겠군.<0A><00>,64,not_generated,
codec,438,몸,64,1,codec:438:12,"So you won't be able to see me naked,<0A>then.<0A><END>",그럼 내 알몸은 못 보겠군.<0A><00>,64,not_generated,
codec,440,담,64,1,codec:440:24,Cigarettes are bad for you.<0A><END>,담배는 몸에 해롭습니다.<0A><00>,64,not_generated,
codec,440,롭,64,2,codec:440:24|codec:440:28,Cigarettes are bad for you.<0A><END> || Smoking is bad for you.<0A><END>,담배는 몸에 해롭습니다.<0A><00> || 흡연은 몸에 해롭습니다.<0A><00>,64,not_generated,
codec,440,몸,64,2,codec:440:24|codec:440:28,Cigarettes are bad for you.<0A><END> || Smoking is bad for you.<0A><END>,담배는 몸에 해롭습니다.<0A><00> || 흡연은 몸에 해롭습니다.<0A><00>,64,not_generated,
codec,440,배,64,1,codec:440:24,Cigarettes are bad for you.<0A><END>,담배는 몸에 해롭습니다.<0A><00>,64,not_generated,
codec,440,연,64,1,codec:440:28,Smoking is bad for you.<0A><END>,흡연은 몸에 해롭습니다.<0A><00>,64,not_generated,
codec,440,흡,64,1,codec:440:28,Smoking is bad for you.<0A><END>,흡연은 몸에 해롭습니다.<0A><00>,64,not_generated,
codec,441,각,64,4,codec:441:72|codec:441:16|codec:441:44|codec:441:17,<G48>a me rappelle un truc.<0A><END> || It reminds me of something.<0A><END> || Me recuerda a algo.<0A><END> || Reminds you of something?<0A><END>,생각나는 게 있어.<0A><00> || 뭔가 생각나네요.<0A><00> || 뭔가 생각나.<0A><00> || 뭔가 생각나?<0A><00>,64,not_generated,
codec,441,과,64,1,codec:441:13,It's also got earphones and a boom mike...<0A><END>,EARPHONE과 BOOM MIC도 있어.<0A><00>,64,not_generated,
codec,441,뭔,64,3,codec:441:16|codec:441:44|codec:441:17,It reminds me of something.<0A><END> || Me recuerda a algo.<0A><END> || Reminds you of something?<0A><END>,뭔가 생각나네요.<0A><00> || 뭔가 생각나.<0A><00> || 뭔가 생각나?<0A><00>,64,not_generated,
codec,441,생,64,4,codec:441:72|codec:441:16|codec:441:44|codec:441:17,<G48>a me rappelle un truc.<0A><END> || It reminds me of something.<0A><END> || Me recuerda a algo.<0A><END> || Reminds you of something?<0A><END>,생각나는 게 있어.<0A><00> || 뭔가 생각나네요.<0A><00> || 뭔가 생각나.<0A><00> || 뭔가 생각나?<0A><00>,64,not_generated,
codec,441,플,64,2,codec:441:31|codec:441:29,...The Fly?<0A><END> || The Fly?<0A><END>,...플라이?<0A><00> || 플라이?<0A><00>,64,not_generated,
codec,442,였,64,2,codec:442:113|codec:442:38,"""La mouche"" avait l'air int<G6A>ressant. Et <G68>a<0A>l'<G6A>tait.<0A><END> || ""The Fly"" looked interesting.<0A>And it was.<0A><END>","""The Fly""가 흥미로워 보였습니다. 그리고 그랬다.<0A><00> || ""The Fly""가 흥미로워 보였습니다. 그리고 그랬다.<0A><00>",64,not_generated,
codec,442,워,64,2,codec:442:113|codec:442:38,"""La mouche"" avait l'air int<G6A>ressant. Et <G68>a<0A>l'<G6A>tait.<0A><END> || ""The Fly"" looked interesting.<0A>And it was.<0A><END>","""The Fly""가 흥미로워 보였습니다. 그리고 그랬다.<0A><00> || ""The Fly""가 흥미로워 보였습니다. 그리고 그랬다.<0A><00>",64,not_generated,
codec,442,흥,64,2,codec:442:113|codec:442:38,"""La mouche"" avait l'air int<G6A>ressant. Et <G68>a<0A>l'<G6A>tait.<0A><END> || ""The Fly"" looked interesting.<0A>And it was.<0A><END>","""The Fly""가 흥미로워 보였습니다. 그리고 그랬다.<0A><00> || ""The Fly""가 흥미로워 보였습니다. 그리고 그랬다.<0A><00>",64,not_generated,
codec,443,각,64,13,codec:443:558|codec:443:550|codec:443:573|codec:443:786|codec:443:657|codec:443:998|codec:443:570|codec:443:782|codec:443:1064|codec:443:3040|codec:443:578|codec:443:803|codec:443:813,"...It doesn't, does it? Shoot, I thought<0A>I had a good idea...<0A><END> || Ah, I just thought of a better way. You're<0A>going to love this.<0A><END> || And you think you're normal?<0A><END> || Don't EVEN think about it! Eating a cute<0A>little bird like that...<0A><END> || Gee, maybe it's because no one would<0A>ever think of eating a flying squirrel.<0A><END> || I think you're going to be disappointed.<0A><END> || I thought so. What was I thinking?<0A>Seeing a snake and calling it ""pretty""...<0A><END> || I'm thinking it must be someone's pet that<0A>got away.<0A><END> || It's easy and quick to eat, so it's perfect<0A>when you are running late for an important<0A>mission in the morning.<0A><END> || Tu crois que <G68>a veut dire quoi?<0A><END> || What do you mean, enough of that?<0A>This is serious!<0A><END> || What do you think?<0A><END> || You'd think so, but...<0A><END>","... 그렇지 않습니까? 윽, 나한테 좋은 생각이 있다고 생각했는데...<0A><00> || 아, 방금 더 좋은 방법이 생각났어요. 당신은 이것을 좋아할 거다.<0A><00> || 네가 정상이라고 생각해?<0A><00> || 그것에 대해 생각조차 하지 마세요! 저렇게 귀여운 새를 먹다니...<0A><00> || 이런, 어쩌면 아무도 날다람쥐를 먹을 생각을 하지 않기 때문일 수도 있다.<0A><00> || 내 생각엔 당신이 실망할 것 같아요.<0A><00> || 저도 그렇게 생각했어요. 나는 무엇을 생각하고 있었습니까? Snake보고 ""예쁘다""라고..<0A><00> || 아마 누군가의 길 잃은 반려동물일 거라고 생각해.<0A><00> || 간편하고 빠르게 먹을 수 있어서 아침에 중요한 MISSION에 지각할 때 딱 좋아요.<0A><00> || 그게 무슨 뜻이라고 생각하세요?<0A><00> || 그걸로 충분하다는 게 무슨 말이에요? 이건 심각해요!<0A><00> || 어떻게 생각하시나요?<0A><00> || 그렇게 생각하시겠지만...<0A><00>",64,not_generated,
codec,443,갈,64,6,codec:443:3017|codec:443:822|codec:443:761|codec:443:648|codec:443:760|codec:443:762,"En retournant <G61> leur <G6A>tat de base, ils <G6A>mettent<0A>de la lumi<G69>re.<0A><END> || I see you've caught yourself a maroon<0A>shark.<0A><END> || I see you've caught yourself an emperor<0A>scorpion.<0A><END> || It says here that if it catches a good wind,<0A>it can fly more than 100 yards.<0A><END> || Snake, watch out. That area is home to<0A>the emperor scorpion.<0A><END> || The emperor scorpion is said to be<0A>the largest scorpion in the world.<0A><END>","기본 상태로 돌아갈 때 빛을 방출합니다.<0A><00> || 적갈색 상어를 잡으셨군요.<0A><00> || 황제 전갈을 잡으셨군요.<0A><00> || 여기에는 바람이 잘 불면 100야드 이상 날아갈 수 있다고 적혀 있습니다.<0A><00> || Snake, 조심해. 그 지역은 황제전갈의 서식지입니다.<0A><00> || 황제전갈은 세계에서 가장 큰 전갈이라고 합니다.<0A><00>",64,not_generated,
codec,443,감,64,3,codec:443:691|codec:443:1025|codec:443:1068,"Bats use supersonic waves to sense their<0A>surroundings.<0A><END> || Hey, you should be grateful. Those things<0A>are designed to last.<0A><END> || It's easy to keep track of your calorie intake<0A>and receive the nutrition your body needs, so<0A>it's good for losing weight too.<0A><END>","박쥐는 초음파를 사용하여 주변 환경을 감지합니다.<0A><00> || 아, 감사해야겠네요. 그런 것들은 지속되도록 설계되었습니다.<0A><00> || 칼로리 섭취를 추적하고 몸이 필요로 하는 영양을 받을 수 있어 체중 감량에도 좋습니다.<0A><00>",64,not_generated,
codec,443,강,64,6,codec:443:763|codec:443:525|codec:443:603|codec:443:836|codec:443:508|codec:443:3209,"Its venom is a potent neurotoxin,<0A>so take care that you don't get stung.<0A><END> || Its venom is a very potent neurotoxin,<0A>so don't let it bite you.<0A><END> || Poison dart frogs are known to carry a<0A>potent neurotoxin called pumiliotoxin.<0A><END> || Snake, that river is inhabited by arowanas.<0A><END> || The Thai cobra is a large venomous snake<0A>that carries an extremely potent neurotoxin.<0A>Be careful not to get bitten.<0A><END> || What was that little lecture back there?<0A><END>","독은 강력한 신경독이므로 쏘이지 않도록 조심하세요.<0A><00> || 이 독은 매우 강력한 신경독이에요, 그러니 물리지 마세요.<0A><00> || 독화살개구리는 푸밀리오톡신이라는 강력한 신경독을 운반하는 것으로 알려져 있다.<0A><00> || Snake, 그 강에는 아로와나가 살고 있어요.<0A><00> || 타이 코브라는 매우 강력한 신경독을 운반하는 대형 독성 Snake입니다. 물리지 않도록 주의해.<0A><00> || 거기에 있던 짧은 강의는 무엇이었나요?<0A><00>",64,not_generated,
codec,443,갖,64,3,codec:443:1042|codec:443:727|codec:443:537,"I see you have a Calorie Mate.<0A><END> || I see you've got yourself a Baltic Hornets'<0A>nest.<0A><END> || OK, we'll talk about something you are<0A>interested in, then.<0A><END>","Calorie Mate를 갖고 있군.<0A><00> || 발틱 호네츠의 둥지를 갖고 계시군요.<0A><00> || 좋아요, 그럼 당신이 관심을 갖고 있는 것에 대해 이야기하겠습니다.<0A><00>",64,not_generated,
codec,443,갱,64,1,codec:443:806,"Snake, that area is home to the bigeye<0A>trevally.<0A><END>","Snake, 그 지역은 눈다랑어 전갱이의 서식지입니다.<0A><00>",64,not_generated,
codec,443,걱,64,2,codec:443:827|codec:443:562,"Fine with me. I never worry about the little<0A>things.<0A><END> || The green tree python isn't venomous, so<0A>no need to worry. It's fairly docile, too, so<0A>I don't think it's likely to attack you.<0A><END>",괜찮습니다. 나는 결코 작은 일에 대해 걱정하지 않습니다.<0A><00> || 초록나무비단구렁이는 독이 없으므로 걱정할 필요가 없습니다. 게다가 꽤 온순해서 공격할 가능성은 없을 것 같아요.<0A><00>,64,not_generated,
codec,443,걸,64,6,codec:443:577|codec:443:1050|codec:443:605|codec:443:815|codec:443:578|codec:443:717,"Geez, I'm sorry.<0A>But enough of that...<0A><END> || I've never seen anything like it, what...<0A><END> || Watch out because if you eat one, you'll<0A>get food poisoning.<0A><END> || Well, I've heard stories about people<0A>getting ciguatera poisoning after eating<0A>the adult fish.<0A><END> || What do you mean, enough of that?<0A>This is serious!<0A><END> || You think I'd be afraid of something like<0A>that?<0A><END>","이런, 미안해요. 하지만 그걸로 충분해...<0A><00> || 그런 걸 본 적이 없다, 뭐지...<0A><00> || 하나 먹으면 FOOD 중독에 걸릴 수 있으니 주의해.<0A><00> || 글쎄요, 성어를 먹은 후 시가테라 중독에 걸린 사람들에 대한 이야기를 들었습니다.<0A><00> || 그걸로 충분하다는 게 무슨 말이에요? 이건 심각해요!<0A><00> || 내가 그런 걸 두려워할 것 같나요?<0A><00>",64,not_generated,
codec,443,검,64,1,codec:443:527,The colorful red and black patterns on<0A>the coral snake are a warning sign.<0A><END>,산호뱀의 화려한 빨간색과 검은색 패턴은 경고 신호입니다.<0A><00>,64,not_generated,
codec,443,겁,64,2,codec:443:1016|codec:443:778,"Snake, you should be able to find some<0A>rations in that area.<0A><END> || Then it's probably an Alexandrine Parakeet.<0A>It's sometimes also called the Alexandrine<0A>parrot.<0A><END>","Snake, 그 지역에서 식량을 구할 수 있을 겁니다.<0A><00> || 그렇다면 아마도 Alexandrine 앵무새일 겁니다. 때로는 알렉산드린 앵무새라고도 불립니다.<0A><00>",64,not_generated,
codec,443,겨,64,3,codec:443:3123|codec:443:1021|codec:443:734,"Plut<G75>t des repas 'd<G6A>gueulasses' portatifs<0A>utilis<G6A>s par les soldats sovi<G6A>tiques.<0A><END> || They're ""disgusting"" portable meals carried<0A>by Soviet soldiers.<0A><END> || When you knock down a hornets' nest, a<0A>burn ointment will appear along with it, so<0A>don't forget to pick it up.<0A><END>","소련군이 사용하는 오히려 '역겨운' 휴대용 식사입니다.<0A><00> || 소련 군인들이 가지고 다니는 ""역겨운"" 휴대용 식사입니다.<0A><00> || 벌집을 떨어뜨리면<0A>화상 연고도 나오니<0A>꼭 챙겨라.<0A><00>",64,not_generated,
codec,443,격,64,10,codec:443:688|codec:443:793|codec:443:548|codec:443:482|codec:443:861|codec:443:645|codec:443:529|codec:443:562|codec:443:742|codec:443:613,"""Attack of the Vampire Doughnuts"" or<0A>""Dracula Versus the Space Hippos"" or<0A>something like that...<0A><END> || I don't think it'll attack you, but it's a fairly<0A>large bird of prey,<0A><END> || I guess if I had to pick something, I'd say<0A>it's that the milk snake is much less<0A>aggressive.<0A><END> || If you get bitten by a king cobra and<0A>injected with venom, your LIFE will start<0A>to decrease rapidly.<0A><END> || It's not poisonous, but it might hurt a little<0A>if it attacks you with its pincers. Treat it<0A>with caution.<0A><END> || Japanese flying squirrels are non-venomous,<0A>and they shouldn't attack you.<0A><END> || That keeps them from attacking.<0A><END> || The green tree python isn't venomous, so<0A>no need to worry. It's fairly docile, too, so<0A>I don't think it's likely to attack you.<0A><END> || They build their nests mainly underground<0A>and are highly aggressive.<0A><END> || They're not poisonous, and I don't think<0A>they'll attack you.<0A><END>","""Vampire Doughnuts의 공격""이나 ""Dracula vs Space Hippos"" 같은 거... || 공격할 것 같지는 않지만 꽤 큰 맹금류인데,<0A><00> || 굳이 꼽으라면 우유Snake이 훨씬 덜 공격적이라는 점을 꼽고 싶습니다.<0A><00> || king cobra에 물리면 LIFE가 급격히 줄어. || 그것은 독이 없지만, 집게로 공격하면 조금 다칠 수 있다. 주의해서 다루세요.<0A><00> || 일본날다람쥐는 독성이 없으므로 공격해서는 안 됩니다.<0A><00> || 그것이 그들이 공격하는 것을 막아줍니다.<0A><00> || 초록나무비단구렁이는 독이 없으므로 걱정할 필요가 없습니다. 게다가 꽤 온순해서 공격할 가능성은 없을 것 같아요.<0A><00> || 그들은 주로 지하에 둥지를 짓고 매우 공격적입니다.<0A><00> || 독도 없고 공격하지도 않을 거야.<0A><00>",64,not_generated,
codec,443,겪,64,1,codec:443:614,"But they're quick little creatures, so you<0A>might have a hard time catching one.<0A><END>",하지만 그들은 빠르고 작은 생물이기 때문에 잡는 데 어려움을 겪을 수도 있다.<0A><00>,64,not_generated,
codec,443,견,64,7,codec:443:873|codec:443:995|codec:443:908|codec:443:878|codec:443:625|codec:443:586|codec:443:792,"But that's just my opinion, don't listen to<0A>me.<0A><END> || I see you've found a Baikal Scaly Tooth.<0A><END> || I see you've found some Russian glowcaps.<0A><END> || I see you've found some Ural luminescent<0A>mushrooms.<0A><END> || The European rabbit is said to have come<0A>from the Mediterranean region originally. But<0A>nowadays they're found all over the world.<0A><END> || The Otton frog was originally found only on<0A>Amami Oshima in Japan.<0A><END> || The white-rumped vulture is a type of<0A>vulture found in India. Its diet consists<0A>mostly of dead animal carcasses.<0A><END>",하지만 그건 내 의견일 뿐이니 내 말을 듣지 마세요.<0A><00> || 바이칼 비늘 이빨을 발견한 것 같군요.<0A><00> || 러시아 발광캡을 발견한 것 같군요.<0A><00> || 우랄 발광 버섯을 발견한 것 같군요.<0A><00> || 유럽토끼는 원래 지중해 지역이 원산지라고 합니다. 하지만 요즘에는 전 세계에서 발견됩니다.<0A><00> || 오튼개구리는 원래 일본 아마미오시마에서만 발견되었습니다.<0A><00> || 흰 엉덩이 독수리는 인도에서 발견되는 독수리의 일종입니다. 그것의 식단은 대부분 죽은 동물의 시체로 구성됩니다.<0A><00>,64,not_generated,
codec,443,결,64,1,codec:443:827,Fine with me. I never worry about the little<0A>things.<0A><END>,괜찮습니다. 나는 결코 작은 일에 대해 걱정하지 않습니다.<0A><00>,64,not_generated,
codec,443,겼,64,3,codec:443:939|codec:443:881|codec:443:880,"Beats me... maybe it's all in his mind.<0A><END> || If it looks like a shiitake mushroom,<0A>then it must be edible, right?<0A><END> || It looks like a shiitake mushroom, and<0A>it's often found growing on the trunks of<0A>trees.<0A><END>","나를 이겼어요... 아마도 그 사람 마음속에 있는 것 같아요.<0A><00> || 표고버섯처럼 생겼으니 먹어도 되겠지? || 그것은 표고버섯처럼 생겼고, 종종 나무 줄기에서 자라는 것을 볼 수 있다.<0A><00>",64,not_generated,
codec,443,경,64,14,codec:443:691|codec:443:796|codec:443:497|codec:443:509|codec:443:764|codec:443:740|codec:443:763|codec:443:525|codec:443:609|codec:443:603|codec:443:527|codec:443:758|codec:443:508|codec:443:833,"Bats use supersonic waves to sense their<0A>surroundings.<0A><END> || But there is something here that's<0A>bothering me...<0A><END> || If it bites you, go into the Survival Viewer<0A>immediately and use the ""CURE"" option to<0A>inject yourself with serum.<0A><END> || If you do get bitten, go into the Survival<0A>Viewer right away and use ""CURE"" to<0A>give yourself a serum injection.<0A><END> || If you do get stung, go into the Survival<0A>Viewer and use ""CURE"" to inject yourself<0A>with serum right away.<0A><END> || If you get bitten, go into the Survival<0A>Viewer immediately and use ""CURE"" to<0A>administer a serum injection.<0A><END> || Its venom is a potent neurotoxin,<0A>so take care that you don't get stung.<0A><END> || Its venom is a very potent neurotoxin,<0A>so don't let it bite you.<0A><END> || Never mind, I got it.<0A><END> || Poison dart frogs are known to carry a<0A>potent neurotoxin called pumiliotoxin.<0A><END> || The colorful red and black patterns on<0A>the coral snake are a warning sign.<0A><END> || The size changes from scene to scene.<0A>It happens all the time.<0A><END> || The Thai cobra is a large venomous snake<0A>that carries an extremely potent neurotoxin.<0A>Be careful not to get bitten.<0A><END> || You didn't mind all the little bones or<0A>how oily it was?<0A><END>","박쥐는 초음파를 사용하여 주변 환경을 감지합니다.<0A><00> || 그런데 뭔가 신경 쓰이는 게 있는데...<0A><00> || 물린 경우 즉시 SURVIVAL로 가서 ""치료"" 옵션을 사용하여 혈청을 주사해.<0A><00> || 물린 경우 즉시 Survival Viewer에 가서 ""CURE""를 사용하여 혈청 주사를 맞으십시오.<0A><00> || 쏘인 경우 Survival Viewer로 가서 ""CURE""를 사용하여 즉시 혈청을 주사해.<0A><00> || 물린 경우 즉시 SURVIVAL로 가서 ""CURE""를 사용하여 혈청 주사를 투여해.<0A><00> || 독은 강력한 신경독이므로 쏘이지 않도록 조심하세요.<0A><00> || 이 독은 매우 강력한 신경독이에요, 그러니 물리지 마세요.<0A><00> || 신경쓰지 마세요. 알겠습니다.<0A><00> || 독화살개구리는 푸밀리오톡신이라는 강력한 신경독을 운반하는 것으로 알려져 있다.<0A><00> || 산호뱀의 화려한 빨간색과 검은색 패턴은 경고 신호입니다.<0A><00> || 장면마다 크기가 변경됩니다. 그것은 항상 발생합니다.<0A><00> || 타이 코브라는 매우 강력한 신경독을 운반하는 대형 독성 Snake입니다. 물리지 않도록 주의해.<0A><00> || 잔가시랑 기름기는<0A>신경 안 쓰였어?<0A><00>",64,not_generated,
codec,443,곤,64,3,codec:443:732|codec:443:1794|codec:443:743,"It's easy to digest and helps pep you up<0A>when you're feeling tired.<0A>In short, it's the perfect survival food.<0A><END> || No s<G74>lo comen insectos, tambi<G6A>n comen<0A>ratones e incluso serpientes.<0A><END> || Their diet consists of not only insects,<0A>but also mice and even snakes.<0A><END>","소화가 잘 되고 피곤할 때 기운을 북돋아 줍니다. 요컨대, 완벽한 SURVIVAL FOOD입니다.<0A><00> || 곤충을 먹을 뿐만 아니라 생쥐, 심지어 뱀도 먹습니다.<0A><00> || 그들의 식단은 곤충뿐만 아니라 생쥐, 심지어 뱀까지 구성됩니다.<0A><00>",64,not_generated,
codec,443,곰,64,1,codec:443:909,The Russian glowcap is a kind of<0A>luminescent fungus - a mushroom<0A>that glows in the dark.<0A><END>,"러시안 글로우캡(Russian Glowcap)은 일종의 발광 곰팡이로, 어둠 속에서 빛나는 버섯입니다.<0A><00>",64,not_generated,
codec,443,공,64,10,codec:443:688|codec:443:793|codec:443:548|codec:443:861|codec:443:645|codec:443:529|codec:443:562|codec:443:742|codec:443:613|codec:443:647,"""Attack of the Vampire Doughnuts"" or<0A>""Dracula Versus the Space Hippos"" or<0A>something like that...<0A><END> || I don't think it'll attack you, but it's a fairly<0A>large bird of prey,<0A><END> || I guess if I had to pick something, I'd say<0A>it's that the milk snake is much less<0A>aggressive.<0A><END> || It's not poisonous, but it might hurt a little<0A>if it attacks you with its pincers. Treat it<0A>with caution.<0A><END> || Japanese flying squirrels are non-venomous,<0A>and they shouldn't attack you.<0A><END> || That keeps them from attacking.<0A><END> || The green tree python isn't venomous, so<0A>no need to worry. It's fairly docile, too, so<0A>I don't think it's likely to attack you.<0A><END> || They build their nests mainly underground<0A>and are highly aggressive.<0A><END> || They're not poisonous, and I don't think<0A>they'll attack you.<0A><END> || which allows the squirrel to glide from<0A>tree to tree.<0A><END>","""Vampire Doughnuts의 공격""이나 ""Dracula vs Space Hippos"" 같은 거... || 공격할 것 같지는 않지만 꽤 큰 맹금류인데,<0A><00> || 굳이 꼽으라면 우유Snake이 훨씬 덜 공격적이라는 점을 꼽고 싶습니다.<0A><00> || 그것은 독이 없지만, 집게로 공격하면 조금 다칠 수 있다. 주의해서 다루세요.<0A><00> || 일본날다람쥐는 독성이 없으므로 공격해서는 안 됩니다.<0A><00> || 그것이 그들이 공격하는 것을 막아줍니다.<0A><00> || 초록나무비단구렁이는 독이 없으므로 걱정할 필요가 없습니다. 게다가 꽤 온순해서 공격할 가능성은 없을 것 같아요.<0A><00> || 그들은 주로 지하에 둥지를 짓고 매우 공격적입니다.<0A><00> || 독도 없고 공격하지도 않을 거야.<0A><00> || 다람쥐가 나무 사이를 활공하게 한다.<0A><00>",64,not_generated,
codec,443,과,64,17,codec:443:528|codec:443:913|codec:443:924|codec:443:898|codec:443:770|codec:443:1038|codec:443:634|codec:443:527|codec:443:729|codec:443:544|codec:443:511|codec:443:896|codec:443:612|codec:443:1031|codec:443:495|codec:443:871|codec:443:940,"Apparently, the bright, flashy colors and<0A>pattern let other animals know that it carries<0A>a deadly poison.<0A><END> || breaking it down into oxyluciferin and<0A>carbon dioxide.<0A><END> || but they still rely on chemical reactions<0A>between proteins and enzymes to...<0A><END> || Finally, your liver and kidneys will break<0A>down into a sponge-like substance and<0A>you die.<0A><END> || Like catching one alive with the tranquilizer<0A>gun and throwing it at the enemy.<0A><END> || Magpies are dark blue and white birds with<0A>long tails that belong to the crow family.<0A><END> || Snake! Rabbits and humans don't work<0A>the...<0A><END> || The colorful red and black patterns on<0A>the coral snake are a warning sign.<0A><END> || The difference between them and other<0A>hornets is that they produce honey in<0A>their nests.<0A><END> || The milk snake closely resembles the coral<0A>snake, but it's actually not venomous.<0A><END> || The ones in that area were probably<0A>imported as pets and research subjects<0A>before they escaped and turned feral.<0A><END> || The poisons found in the fly agaric include<0A>fallotoxins and amatoxins.<0A><END> || The rats in that area are the descendants<0A>of wild Norway rats that were domesticated<0A>by humans as pets and lab animals.<0A><END> || The Siberian inkcap is a mushroom in<0A>the inkcap family.<0A><END> || The Taiwanese cobra is native to Taiwan<0A>and southern China.<0A><END> || Why? How can you eat those things?<0A>They've all purple and yellow striped, and<0A>they stink like cat pee...<0A><END> || You mean like a placebo effect?<0A><END>",밝고 화려한 색상과 무늬를 통해 다른 동물들에게 치명적인 독을 가지고 있다는 사실을 알려주는 것 같습니다.<0A><00> || 는 이를 옥시루시페린과 이산화탄소로 분해합니다.<0A><00> || 그래도 단백질과 효소의 화학반응에 의존해서... || 마침내 간과 신장이 스펀지 같은 물질로 분해되어 죽게 된다.<0A><00> || 마취총으로 산 사람을 잡아서 적에게 던지는 것과 같습니다.<0A><00> || 까치는 까마귀과에 속하는 긴 꼬리를 가진 진한 파란색과 흰색의 새입니다.<0A><00> || Snake! RABBIT과 인간은...<0A><00> || 산호뱀의 화려한 빨간색과 검은색 패턴은 경고 신호입니다.<0A><00> || 다른 말벌과의 차이점은 둥지에서 꿀을 생산한다는 거다.<0A><00> || 우유뱀은 산호뱀과 매우 유사하지만 실제로는 독이 없습니다.<0A><00> || 그 지역에 있는 것들은 아마도 애완동물과 연구 대상으로 수입되어 탈출하여 야생으로 변했을 것입니다.<0A><00> || 광대버섯 독에는<0A>fallotoxins과 amatoxins이 있어.<0A><00> || 그 지역의 쥐는 인간이 애완동물과 실험동물로 길들인 야생 노르웨이 쥐의 후손입니다.<0A><00> || SIBERIAN INKCAP은 INKCAP과 버섯이야.<0A><00> || TAIWANESE COBRA는 Taiwan과 중국 남부에 살아.<0A><00> || 왜요? 그런 것들을 어떻게 먹을 수 있나? 모두 보라색과 노란색 줄무늬가 있고 고양이 오줌 냄새가 나요...<0A><00> || 플라시보 효과 같은 말씀이신가요?<0A><00>,64,not_generated,
codec,443,관,64,5,codec:443:557|codec:443:756|codec:443:1004|codec:443:537|codec:443:846,"But if I've already caught and eaten it,<0A>what does it matter which kind of snake<0A>it was?<0A><END> || It's a movie about this gigantic spider.<0A>When it's small it's about 15 feet wide,<0A>but when it's big, it's about 35 feet wide.<0A><END> || It's cheap and can be stored for a long time.<0A>And besides, it's delicious. It's like a miracle<0A>food.<0A><END> || OK, we'll talk about something you are<0A>interested in, then.<0A><END> || Well, I can see you're not interested.<0A><END>","하지만 이미 잡아서 먹었다면, 그것이 어떤 Snake이던 무슨 상관이겠는가?<0A><00> || 이 거대한 거미에 관한 영화입니다. 작을 때는 너비가 약 15피트이고, 클 때는 너비가 약 35피트입니다.<0A><00> || 저렴하고 오래 보관할 수 있다. 게다가 맛도 있다. 마치 기적의 FOOD 같습니다.<0A><00> || 좋아요, 그럼 당신이 관심을 갖고 있는 것에 대해 이야기하겠습니다.<0A><00> || 관심 없는 것 같군.<0A><00>",64,not_generated,
codec,443,광,64,6,codec:443:908|codec:443:878|codec:443:911|codec:443:877|codec:443:896|codec:443:909,"I see you've found some Russian glowcaps.<0A><END> || I see you've found some Ural luminescent<0A>mushrooms.<0A><END> || It's bioluminescent, just like a firefly.<0A>It uses the so called luciferin-luciferase<0A>reaction.<0A><END> || Snake, the Ural luminescent mushroom<0A>grows in that area.<0A><END> || The poisons found in the fly agaric include<0A>fallotoxins and amatoxins.<0A><END> || The Russian glowcap is a kind of<0A>luminescent fungus - a mushroom<0A>that glows in the dark.<0A><END>","러시아 발광캡을 발견한 것 같군요.<0A><00> || 우랄 발광 버섯을 발견한 것 같군요.<0A><00> || 반딧불처럼 생물발광이에요. 이는 소위 루시페린-루시퍼라제 반응을 사용합니다.<0A><00> || Snake, 우랄 발광 버섯이 그 지역에서 자랍니다.<0A><00> || 광대버섯 독에는<0A>fallotoxins과 amatoxins이 있어.<0A><00> || 러시안 글로우캡(Russian Glowcap)은 일종의 발광 곰팡이로, 어둠 속에서 빛나는 버섯입니다.<0A><00>",64,not_generated,
codec,443,괜,64,7,codec:443:1729|codec:443:827|codec:443:812|codec:443:619|codec:443:678|codec:443:1062|codec:443:590,"Est<G62> muy buena, no me importar<G6E>a repetir.<0A><END> || Fine with me. I never worry about the little<0A>things.<0A><END> || Huh... well, if they're a kind of mackerel,<0A>they should be okay to eat, right?<0A><END> || I know what they are.<0A>Do they taste OK?<0A><END> || It tasted pretty good. I think I'll have it<0A>again sometime.<0A><END> || Real astronaut food is not very good, but<0A>that should taste fine.<0A><END> || So that means they must taste pretty good,<0A>huh?<0A><END>","매우 좋습니다. 반복해도 괜찮습니다.<0A><00> || 괜찮습니다. 나는 결코 작은 일에 대해 걱정하지 않습니다.<0A><00> || 응... 뭐, 고등어 종류라면 먹어도 괜찮겠죠?<0A><00> || 나는 그것이 무엇인지 알고 있다. 맛은 괜찮나요?<0A><00> || 맛이 꽤 괜찮았어요. 언젠가 또 먹을 것 같아요.<0A><00> || 실제 우주비행사 음식은 별로 좋지는 않지만 맛은 괜찮을 것 같아요.<0A><00> || 그럼 맛이 꽤 괜찮다는 뜻이겠죠?<0A><00>",64,not_generated,
codec,443,굉,64,2,codec:443:2955|codec:443:2502,"G<G6A>nial!<0A><END> || Ouais, ouais...<0A><END>","굉장해!<0A><00> || 굉장해, 굉장해...<0A><00>",64,not_generated,
codec,443,교,64,1,codec:443:772,Sometimes I wonder if you even remember<0A>that you are on a mission.<0A><END>,가끔은 자신이 선교 사업을 하고 있다는 사실을 기억하고 있는지 궁금할 때가 있습니다.<0A><00>,64,not_generated,
codec,443,구,64,23,codec:443:843|codec:443:660|codec:443:473|codec:443:587|codec:443:546|codec:443:584|codec:443:561|codec:443:599|codec:443:753|codec:443:2256|codec:443:603|codec:443:560|codec:443:1016|codec:443:562|codec:443:563|codec:443:484|codec:443:511|codec:443:585|codec:443:586|codec:443:600|codec:443:792|codec:443:743|codec:443:817,"Almost all organisms on earth have evolved<0A>in various shapes and forms,<0A><END> || But for all the trouble it took to catch one,<0A>it wasn't that good.<0A><END> || Even non-venomous animals like frogs can<0A>be used to distract the enemy's attention.<0A><END> || Frogs usually have four toes on their front<0A>legs, but the Otton frog is unique in that<0A>it has five.<0A><END> || Hmm. So is there a way to tell the<0A>difference between a milk snake and<0A>a coral snake?<0A><END> || I see you caught an Otton frog.<0A><END> || I see you caught yourself a green tree<0A>python.<0A><END> || I see you've captured a poison dart frog.<0A><END> || If only it were as big as the one in<0A>""Earth Versus the Spider.""<0A><END> || Par exemple, pourquoi ces grenouilles sont<0A>devenues si grosses.<0A><END> || Poison dart frogs are known to carry a<0A>potent neurotoxin called pumiliotoxin.<0A><END> || Snake, that area is inhabited by the green<0A>tree python.<0A><END> || Snake, you should be able to find some<0A>rations in that area.<0A><END> || The green tree python isn't venomous, so<0A>no need to worry. It's fairly docile, too, so<0A>I don't think it's likely to attack you.<0A><END> || The green tree python originally comes from<0A>Australia and New Zealand. It's a really<0A>pretty green color, and it lives...<0A><END> || The king cobra's diet consists mostly of<0A>other snakes. Be careful or you might end<0A>up as its next meal.<0A><END> || The ones in that area were probably<0A>imported as pets and research subjects<0A>before they escaped and turned feral.<0A><END> || The Otton frog is a large, corpulent species<0A>of frog. They're known as a delicacy, so it<0A>might be worth catching them for food.<0A><END> || The Otton frog was originally found only on<0A>Amami Oshima in Japan.<0A><END> || The poison dart frog is native to the tropical<0A>rain forests of Central and South America.<0A><END> || The white-rumped vulture is a type of<0A>vulture found in India. Its diet consists<0A>mostly of dead animal carcasses.<0A><END> || Their diet consists of not only insects,<0A>but also mice and even snakes.<0A><END> || Uh huh. Fishes that live near coral reefs<0A>are sometimes contaminated with a poison<0A>known as ciguatera toxin.<0A><END>","지구의 거의 모든 생물은 다양한 형태로 진화했고, || 한 마리를 잡는 데 수고가 많았음에도 불구하고 그다지 좋지는 않았습니다.<0A><00> || 개구리와 같은 독이 없는 동물도 적의 주의를 분산시키는 데 사용될 수 있다.<0A><00> || 개구리는 보통 앞다리에 발가락이 4개 있는데, 오톤개구리는 5개라는 점이 독특합니다.<0A><00> || 흠. milk snake와 coral snake 구별법이 있어? || 오튼개구리를 잡은 것 같군요.<0A><00> || 초록나무비단구렁이를 잡으셨군요.<0A><00> || 독화살개구리를 잡은 것 같군요.<0A><00> || ""지구 대 거미""에 나오는 것만큼 컸으면 좋았을 텐데요.<0A><00> || 예를 들어, 이 개구리들은 왜 그렇게 커졌을까요?<0A><00> || 독화살개구리는 푸밀리오톡신이라는 강력한 신경독을 운반하는 것으로 알려져 있다.<0A><00> || Snake, 그 지역에는 녹색 나무 비단구렁이가 살고 있습니다.<0A><00> || Snake, 그 지역에서 식량을 구할 수 있을 겁니다.<0A><00> || 초록나무비단구렁이는 독이 없으므로 걱정할 필요가 없습니다. 게다가 꽤 온순해서 공격할 가능성은 없을 것 같아요.<0A><00> || 녹색나무비단구렁이는 원래 호주와 뉴질랜드가 원산지입니다. 정말 예쁜 녹색이고, 살아있다...<0A><00> || 킹 코브라의 식단은 대부분 다른 뱀으로 구성됩니다. 조심하지 않으면 다음 식사로 끝날 수도 있습니다.<0A><00> || 그 지역에 있는 것들은 아마도 애완동물과 연구 대상으로 수입되어 탈출하여 야생으로 변했을 것입니다.<0A><00> || 오튼개구리는 크고 비만인 개구리 종입니다. 별미로 알려져 있으므로 FOOD로 구입해 볼 가치가 있을 거다.<0A><00> || 오튼개구리는 원래 일본 아마미오시마에서만 발견되었습니다.<0A><00> || 독화살개구리는 중남미의 열대 우림이 원산지입니다.<0A><00> || 흰 엉덩이 독수리는 인도에서 발견되는 독수리의 일종입니다. 그것의 식단은 대부분 죽은 동물의 시체로 구성됩니다.<0A><00> || 그들의 식단은 곤충뿐만 아니라 생쥐, 심지어 뱀까지 구성됩니다.<0A><00> || 어허. 산호초 근처에 사는 물고기는 때때로 시구아테라 독소로 알려진 독에 오염됩니다.<0A><00>",64,not_generated,
codec,443,국,64,2,codec:443:495|codec:443:510,"The Taiwanese cobra is native to Taiwan<0A>and southern China.<0A><END> || The Thai cobra originally comes from<0A>Indochina, Thailand, and southern China.<0A><END>","TAIWANESE COBRA는 Taiwan과 중국 남부에 살아.<0A><00> || Thai Cobra는 원래<0A>Indochina, Thailand, 중국 남부산이야.<0A><00>",64,not_generated,
codec,443,굳,64,1,codec:443:548,"I guess if I had to pick something, I'd say<0A>it's that the milk snake is much less<0A>aggressive.<0A><END>",굳이 꼽으라면 우유Snake이 훨씬 덜 공격적이라는 점을 꼽고 싶습니다.<0A><00>,64,not_generated,
codec,443,굴,64,2,codec:443:680|codec:443:860,"Snake, be careful. That cave is inhabited<0A>by vampire bats.<0A><END> || The Kenyan mangrove crab is a land-going<0A>crab. It lives in burrows dug near seashores<0A>and mangrove swamps.<0A><END>","Snake, 조심해. 그 동굴에는 흡혈박쥐가 살고 있어요.<0A><00> || 케냐 맹그로브 게는 육지로 이동하는 게입니다. 해변이나 맹그로브 습지 근처에 굴을 파서 산다.<0A><00>",64,not_generated,
codec,443,궁,64,2,codec:443:772|codec:443:850,Sometimes I wonder if you even remember<0A>that you are on a mission.<0A><END> || You're wondering whether they'd make<0A>a good meal.<0A><END>,가끔은 자신이 선교 사업을 하고 있다는 사실을 기억하고 있는지 궁금할 때가 있습니다.<0A><00> || 먹을 만할지 궁금한 거지.<0A><00>,64,not_generated,
codec,443,귀,64,3,codec:443:786|codec:443:1038|codec:443:922,"Don't EVEN think about it! Eating a cute<0A>little bird like that...<0A><END> || Magpies are dark blue and white birds with<0A>long tails that belong to the crow family.<0A><END> || Snake, your batteries are organic batteries.<0A>They produce electricity by utilizing the<0A>potential difference between cells.<0A><END>","그것에 대해 생각조차 하지 마세요! 저렇게 귀여운 새를 먹다니...<0A><00> || 까치는 까마귀과에 속하는 긴 꼬리를 가진 진한 파란색과 흰색의 새입니다.<0A><00> || Snake, 귀하의 배터리는 유기 배터리입니다. 세포 사이의 전위차를 이용하여 전기를 생산합니다.<0A><00>",64,not_generated,
codec,443,균,64,2,codec:443:1059|codec:443:1063,"that contains all the proteins, lipids, vitamins,<0A>carbohydrates and minerals needed for a<0A>balanced diet.<0A><END> || Yeah, and it will help balance out all<0A>this jungle food I'm eating.<0A><END>","균형 잡힌 식단에 필요한 단백질, 지방, 비타민, 탄수화물, 미네랄이 모두 들어 있다.<0A><00> || 그래, 정글 음식만 먹는 것도<0A>영양 균형이 맞겠군.<0A><00>",64,not_generated,
codec,443,글,64,6,codec:443:702|codec:443:1968|codec:443:909|codec:443:815|codec:443:1063|codec:443:945,"Oh. Well, no one really likes them,<0A>do they?<0A><END> || Pues no mucho.<0A><END> || The Russian glowcap is a kind of<0A>luminescent fungus - a mushroom<0A>that glows in the dark.<0A><END> || Well, I've heard stories about people<0A>getting ciguatera poisoning after eating<0A>the adult fish.<0A><END> || Yeah, and it will help balance out all<0A>this jungle food I'm eating.<0A><END> || Yes, the Russian glowcap is a glowing<0A>mushroom, so it'll recharge your batteries<0A>when you eat it.<0A><END>","아. 글쎄요, 정말로 그들을 좋아하는 사람은 아무도 없지요, 그렇죠?<0A><00> || 글쎄, 많지는 않습니다.<0A><00> || 러시안 글로우캡(Russian Glowcap)은 일종의 발광 곰팡이로, 어둠 속에서 빛나는 버섯입니다.<0A><00> || 글쎄요, 성어를 먹은 후 시가테라 중독에 걸린 사람들에 대한 이야기를 들었습니다.<0A><00> || 그래, 정글 음식만 먹는 것도<0A>영양 균형이 맞겠군.<0A><00> || 네, 러시안 글로캡은 빛나는 버섯이므로 먹으면 배터리를 재충전할 수 있다.<0A><00>",64,not_generated,
codec,443,급,64,2,codec:443:1017|codec:443:482,"I see you've got yourself a ration.<0A><END> || If you get bitten by a king cobra and<0A>injected with venom, your LIFE will start<0A>to decrease rapidly.<0A><END>",배급량을 확보한 것 같군요.<0A><00> || king cobra에 물리면 LIFE가 급격히 줄어.,64,not_generated,
codec,443,긴,64,4,codec:443:839|codec:443:1038|codec:443:1045|codec:443:1033,"Because of its large size, I don't think you'll<0A>be able to capture one alive.<0A><END> || Magpies are dark blue and white birds with<0A>long tails that belong to the crow family.<0A><END> || Oh, the little block that looks like a cookie?<0A><END> || The reticulated python is said to be the<0A>longest snake in the world. It's not venomous,<0A>but it still poses a threat, so watch out.<0A><END>","너무 커서 산 채로 잡긴 어려울 거야. || 까치는 까마귀과에 속하는 긴 꼬리를 가진 진한 파란색과 흰색의 새입니다.<0A><00> || 아, 쿠키처럼 생긴 작은 블록?<0A><00> || 망상 비단뱀은 세계에서 가장 긴 Snake라고 합니다. 독성은 없지만 여전히 위협적이므로 조심해.<0A><00>",64,not_generated,
codec,443,길,64,3,codec:443:782|codec:443:612|codec:443:601,"I'm thinking it must be someone's pet that<0A>got away.<0A><END> || The rats in that area are the descendants<0A>of wild Norway rats that were domesticated<0A>by humans as pets and lab animals.<0A><END> || They normally grow between two and<0A>five centimeters in length,<0A><END>","아마 누군가의 길 잃은 반려동물일 거라고 생각해.<0A><00> || 그 지역의 쥐는 인간이 애완동물과 실험동물로 길들인 야생 노르웨이 쥐의 후손입니다.<0A><00> || 일반적으로 길이는 2~5cm 정도 자라며,<0A><00>",64,not_generated,
codec,443,깐,64,1,codec:443:1051,Hold on...you just ate something without<0A>even knowing what it was?<0A><END>,잠깐...뭔지 모르고 먹은 거야?,64,not_generated,
codec,443,깔,64,1,codec:443:530,There are many animals that mimic the<0A>colors of known poisonous animals as<0A>a defense.<0A><END>,방어를 위해 알려진 독동물의 색깔을 흉내내는 동물이 많이 있다.<0A><00>,64,not_generated,
codec,443,꺼,64,1,codec:443:897,"It says here that when you eat it, the initial<0A>symptoms include nausea, stomach pain,<0A>and diarrhea.<0A><END>","여기에는 섭취 시 초기 증상으로 메스꺼움, 복통, 설사가 포함된다고 나와 있다.<0A><00>",64,not_generated,
codec,443,꼬,64,2,codec:443:781|codec:443:1038,But it's strange. The guide doesn't say<0A>anything about there being Alexandrine<0A>Parakeets in that area.<0A><END> || Magpies are dark blue and white birds with<0A>long tails that belong to the crow family.<0A><END>,그런데 이상해요. 가이드는 그 지역에 알렉산드린 잉꼬가 있다는 것에 대해 아무 말도 하지 않습니다.<0A><00> || 까치는 까마귀과에 속하는 긴 꼬리를 가진 진한 파란색과 흰색의 새입니다.<0A><00>,64,not_generated,
codec,443,꼭,64,3,codec:443:2965|codec:443:501|codec:443:734,"Comment <G68>a, '<G68>a doit <G6B>tre'?<0A><END> || The guide doesn't say. If you absolutely<0A>have to know, then you'll just have to try<0A>it yourself and see.<0A><END> || When you knock down a hornets' nest, a<0A>burn ointment will appear along with it, so<0A>don't forget to pick it up.<0A><END>",'꼭 그래야만 한다'는 게 무슨 뜻인가?<0A><00> || 가이드는 말하지 않습니다. 꼭 알아야 한다면 직접 시도해 보고 확인하면 됩니다.<0A><00> || 벌집을 떨어뜨리면<0A>화상 연고도 나오니<0A>꼭 챙겨라.<0A><00>,64,not_generated,
codec,443,꼽,64,1,codec:443:548,"I guess if I had to pick something, I'd say<0A>it's that the milk snake is much less<0A>aggressive.<0A><END>",굳이 꼽으라면 우유Snake이 훨씬 덜 공격적이라는 점을 꼽고 싶습니다.<0A><00>,64,not_generated,
codec,443,꽤,64,15,codec:443:1727|codec:443:793|codec:443:592|codec:443:1030|codec:443:540|codec:443:678|codec:443:1046|codec:443:676|codec:443:1026|codec:443:972|codec:443:590|codec:443:562|codec:443:856|codec:443:1055|codec:443:830,"Dicen que est<G62> bastante buena.<0A><END> || I don't think it'll attack you, but it's a fairly<0A>large bird of prey,<0A><END> || I tried one, and it was pretty tasty.<0A>I can see why it's a delicacy.<0A><END> || It grows mainly on the branches of trees<0A>and is quite delicious.<0A><END> || It says here... that coral snakes are pretty<0A>good, in a snaky kind of way.<0A><END> || It tasted pretty good. I think I'll have it<0A>again sometime.<0A><END> || It was pretty good.<0A><END> || It's supposed to be pretty good.<0A><END> || No matter how long you keep a ration,<0A>it'll never go bad. And they're surprisingly<0A>good for you, too.<0A><END> || OK, so I don't know that much about it.<0A>Why don't you eat one and see? It might<0A>be pretty tasty.<0A><END> || So that means they must taste pretty good,<0A>huh?<0A><END> || The green tree python isn't venomous, so<0A>no need to worry. It's fairly docile, too, so<0A>I don't think it's likely to attack you.<0A><END> || They taste pretty good.<0A><END> || Try it. It's pretty good.<0A><END> || Yeah. It was pretty good.<0A><END>","꽤 좋다고 하더라고요.<0A><00> || 공격할 것 같지는 않지만 꽤 큰 맹금류인데,<0A><00> || 하나 먹어봤는데 꽤 맛있었어요. 왜 별미인지 알겠어요.<0A><00> || 그것은 주로 나무 가지 위에서 자라며 꽤 맛있다.<0A><00> || 여기에는... 산호 뱀이 뱀 같은 방식으로 꽤 좋다고 나와 있다.<0A><00> || 맛이 꽤 괜찮았어요. 언젠가 또 먹을 것 같아요.<0A><00> || 꽤 맛있었어.<0A><00> || 꽤 좋을 것 같아요.<0A><00> || Ration은 오래 둬도 안 상해.<0A>영양도 꽤 좋아.<0A><00> || 좋습니다. 그래서 저는 그것에 대해 많이 알지 못합니다. 하나 먹어보고 보는 게 어때? 꽤 맛있을 수도 있겠네요.<0A><00> || 그럼 맛이 꽤 괜찮다는 뜻이겠죠?<0A><00> || 초록나무비단구렁이는 독이 없으므로 걱정할 필요가 없습니다. 게다가 꽤 온순해서 공격할 가능성은 없을 것 같아요.<0A><00> || 맛이 꽤 좋아요.<0A><00> || 먹어 봐. 꽤 맛있어.<0A><00> || 네. 꽤 좋았습니다.<0A><00>",64,not_generated,
codec,443,꾸,64,1,codec:443:715,They're just a stupid made-up legend.<0A>Even if they do seem real sometimes.<0A><END>,그들은 단지 어리석게 꾸며낸 전설일 뿐입니다. 때로는 진짜처럼 보일지라도.<0A><00>,64,not_generated,
codec,443,꿀,64,3,codec:443:733|codec:443:731|codec:443:729,"Honey can also be used as a burn ointment.<0A>When honey is applied to a burn, it creates<0A>a protective coating over the skin.<0A><END> || In particular, the honey you find inside<0A>the nest is delicious and full of nutrients.<0A><END> || The difference between them and other<0A>hornets is that they produce honey in<0A>their nests.<0A><END>",꿀은 화상 연고로도 사용할 수 있다. 꿀을 화상 부위에 바르면 피부 위에 보호막이 형성됩니다.<0A><00> || 특히 둥지 속에서 찾은 꿀은 맛있고 영양도 풍부합니다.<0A><00> || 다른 말벌과의 차이점은 둥지에서 꿀을 생산한다는 거다.<0A><00>,64,not_generated,
codec,443,꿈,64,1,codec:443:723,"...It's just that whenever somebody starts<0A>talking about vampires, I end up dreaming<0A>about them that night.<0A><END>",...누가 vampire 얘기만 하면 그날 밤 꿈에 나와.,64,not_generated,
codec,443,뀌,64,1,codec:443:631,and turned into a nutritious substance<0A>full of vitamins.<0A><END>,비타민이 든 영양분으로 바뀌지.<0A><00>,64,not_generated,
codec,443,끄,64,1,codec:443:489,You're making me blush.<0A><END>,부끄럽게 하네.<0A><00>,64,not_generated,
codec,443,끔,64,3,codec:443:3124|codec:443:772|codec:443:899,On m'a racont<G6A> des histoires horribles <G61><0A>propos de leur go<G7C>t.<0A><END> || Sometimes I wonder if you even remember<0A>that you are on a mission.<0A><END> || Sounds like a horrible way to die.<0A><END>,나는 그들의 취향에 대한 끔찍한 이야기를 들었습니다.<0A><00> || 가끔은 자신이 선교 사업을 하고 있다는 사실을 기억하고 있는지 궁금할 때가 있습니다.<0A><00> || 죽는 방법이 끔찍한 것 같군요.<0A><00>,64,not_generated,
codec,443,끝,64,2,codec:443:468|codec:443:484,"Snake, you're not done treating yourself.<0A>Go back into the Survival Viewer and treat<0A>the rest of your wounds!<0A><END> || The king cobra's diet consists mostly of<0A>other snakes. Be careful or you might end<0A>up as its next meal.<0A><END>","Snake, 아직 치료가 끝나지 않았습니다. SURVIVAL로 돌아가서 나머지 상처를 치료하세요!<0A><00> || 킹 코브라의 식단은 대부분 다른 뱀으로 구성됩니다. 조심하지 않으면 다음 식사로 끝날 수도 있습니다.<0A><00>",64,not_generated,
codec,443,끼,64,5,codec:443:480|codec:443:627|codec:443:625|codec:443:632|codec:443:630,"Its large size means that it has a lot<0A>of venom to inject. One bite is supposedly<0A>enough to kill an elephant.<0A><END> || Rabbits are known to eat their own<0A>excrement.<0A><END> || The European rabbit is said to have come<0A>from the Mediterranean region originally. But<0A>nowadays they're found all over the world.<0A><END> || The rabbit excretes this substance and then<0A>eats it again to absorb the nutrients.<0A><END> || When the rabbit eats fiber, the fiber is<0A>fermented in the rabbit's appendix, or<0A>caecum,<0A><END>","크기가 크다는 것은 주입할 독이 많다는 것을 의미합니다. 한 입이면 코끼리를 죽일 수 있다고 합니다.<0A><00> || 토끼는 자신의 배설물을 먹는 것으로 알려져 있다. 달 표면 기지에서 워싱턴으로 쏟아지는<0A><00> || 유럽토끼는 원래 지중해 지역이 원산지라고 합니다. 하지만 요즘에는 전 세계에서 발견됩니다.<0A><00> || 토끼는 이 물질을 배설한 후 다시 먹어서 영양분을 흡수합니다.<0A><00> || 토끼가 섬유질을 먹으면 토끼의 맹장, 즉 맹장에서 섬유질이 발효되어,<0A><00>",64,not_generated,
codec,443,남,64,5,codec:443:1066|codec:443:823|codec:443:600|codec:443:495|codec:443:510,"Really? Aren't you always keeping people<0A>waiting?<0A><END> || The maroon shark is found mostly in<0A>Southeast Asia. But it's not actually a<0A>shark - it's related to the carp.<0A><END> || The poison dart frog is native to the tropical<0A>rain forests of Central and South America.<0A><END> || The Taiwanese cobra is native to Taiwan<0A>and southern China.<0A><END> || The Thai cobra originally comes from<0A>Indochina, Thailand, and southern China.<0A><END>","정말? 늘 남을 기다리게 하잖아.<0A><00> || Maroon shark는 주로 동남아에 살아.<0A>실은 shark가 아니라<0A>잉어 친척이야.<0A><00> || 독화살개구리는 중남미의 열대 우림이 원산지입니다.<0A><00> || TAIWANESE COBRA는 Taiwan과 중국 남부에 살아.<0A><00> || Thai Cobra는 원래<0A>Indochina, Thailand, 중국 남부산이야.<0A><00>",64,not_generated,
codec,443,낫,64,1,codec:443:1027,"I'd take a snake over this any day, even if<0A>it is a little rotten...<0A><END>",좀 썩었어도 이거보단 snake가 낫겠어...,64,not_generated,
codec,443,났,64,2,codec:443:550|codec:443:2031,"Ah, I just thought of a better way. You're<0A>going to love this.<0A><END> || Me he mareado.<0A><END>","아, 방금 더 좋은 방법이 생각났어요. 당신은 이것을 좋아할 거다.<0A><00> || 현기증이 났습니다.<0A><00>",64,not_generated,
codec,443,낸,64,2,codec:443:715|codec:443:915,"They're just a stupid made-up legend.<0A>Even if they do seem real sometimes.<0A><END> || When they return to their base state,<0A>they give off light.<0A><END>",그들은 단지 어리석게 꾸며낸 전설일 뿐입니다. 때로는 진짜처럼 보일지라도.<0A><00> || 원래 상태로 돌아오면<0A>빛을 낸다.<0A><00>,64,not_generated,
codec,443,낼,64,1,codec:443:692,So you might be able to keep them away<0A>by blasting them with a special kind of<0A>sound wave.<0A><END>,따라서 특별한 종류의 음파를 발사하여 쫓아낼 수도 있습니다.<0A><00>,64,not_generated,
codec,443,냄,64,1,codec:443:871,"Why? How can you eat those things?<0A>They've all purple and yellow striped, and<0A>they stink like cat pee...<0A><END>",왜요? 그런 것들을 어떻게 먹을 수 있나? 모두 보라색과 노란색 줄무늬가 있고 고양이 오줌 냄새가 나요...<0A><00>,64,not_generated,
codec,443,냐,64,4,codec:443:1012|codec:443:858|codec:443:860|codec:443:888,"No, that's not what I meant.<0A><END> || Snake, that area is home to the Kenyan<0A>mangrove crabs.<0A><END> || The Kenyan mangrove crab is a land-going<0A>crab. It lives in burrows dug near seashores<0A>and mangrove swamps.<0A><END> || What do you mean, am I sure?<0A><END>","그런 뜻이 아냐.<0A><00> || Snake, 그 지역은 케냐 맹그로브 게의 서식지입니다.<0A><00> || 케냐 맹그로브 게는 육지로 이동하는 게입니다. 해변이나 맹그로브 습지 근처에 굴을 파서 산다.<0A><00> || 확실하냐니 무슨 뜻이야?<0A><00>",64,not_generated,
codec,443,냥,64,3,codec:443:1014|codec:443:685|codec:443:604,"I was just going to say that if you weren't<0A>going to eat it, you should bring it back to<0A>me. I've always wanted to try some.<0A><END> || Just save it.<0A><END> || Long ago, people used the poison to coat<0A>their arrows for hunting.<0A><END>",그냥 안 먹을 거면 나한테 가져오라고 하려던 참이었어. 나는 항상 몇 가지를 시도하고 싶었습니다.<0A><00> || 그냥 저장하세요.<0A><00> || 옛날에 사람들은 사냥을 위해 화살에 독을 발랐습니다.<0A><00>,64,not_generated,
codec,443,너,64,6,codec:443:582|codec:443:839|codec:443:545|codec:443:756|codec:443:704|codec:443:931,"...It was awfully pretty, though...<0A><END> || Because of its large size, I don't think you'll<0A>be able to capture one alive.<0A><END> || Even so, you'll still take damage if it bites<0A>you, so don't get too close.<0A><END> || It's a movie about this gigantic spider.<0A>When it's small it's about 15 feet wide,<0A>but when it's big, it's about 35 feet wide.<0A><END> || Like you?<0A><END> || Y... you're serious...??<0A><END>","...너무 예뻤지만...<0A><00> || 너무 커서 산 채로 잡긴 어려울 거야. || 그래도 물면 피해를 입으므로 너무 가까이 다가가지 마세요.<0A><00> || 이 거대한 거미에 관한 영화입니다. 작을 때는 너비가 약 15피트이고, 클 때는 너비가 약 35피트입니다.<0A><00> || 너처럼?<0A><00> || 너... 진심이야?<0A><00>",64,not_generated,
codec,443,넷,64,1,codec:443:726,"Snake, you will encounter Baltic Hornets'<0A>nests in that area.<0A><END>","Snake, 해당 지역에서 발틱 호넷(Baltic Hornets)의 둥지를 만날 수 있다.<0A><00>",64,not_generated,
codec,443,년,64,1,codec:443:844,"but these fish have kept the same form for<0A>hundreds of millions of years. Baffling, isn't<0A>it?<0A><END>",이 물고기는 수억 년 동안 같은 형태를 유지해 왔습니다. 당황스럽죠?<0A><00>,64,not_generated,
codec,443,노,64,3,codec:443:1342|codec:443:612|codec:443:871,"Al grano...<0A><END> || The rats in that area are the descendants<0A>of wild Norway rats that were domesticated<0A>by humans as pets and lab animals.<0A><END> || Why? How can you eat those things?<0A>They've all purple and yellow striped, and<0A>they stink like cat pee...<0A><END>",알그라노...<0A><00> || 그 지역의 쥐는 인간이 애완동물과 실험동물로 길들인 야생 노르웨이 쥐의 후손입니다.<0A><00> || 왜요? 그런 것들을 어떻게 먹을 수 있나? 모두 보라색과 노란색 줄무늬가 있고 고양이 오줌 냄새가 나요...<0A><00>,64,not_generated,
codec,443,녹,64,3,codec:443:560|codec:443:563|codec:443:569,"Snake, that area is inhabited by the green<0A>tree python.<0A><END> || The green tree python originally comes from<0A>Australia and New Zealand. It's a really<0A>pretty green color, and it lives...<0A><END> || They're a really pretty green color.<0A><END>","Snake, 그 지역에는 녹색 나무 비단구렁이가 살고 있습니다.<0A><00> || 녹색나무비단구렁이는 원래 호주와 뉴질랜드가 원산지입니다. 정말 예쁜 녹색이고, 살아있다...<0A><00> || 정말 예쁜 녹색이에요.<0A><00>",64,not_generated,
codec,443,놀,64,2,codec:443:749|codec:443:985,Don't act so surprised. Isn't it obvious?<0A><END> || I know. I was just teasing you a little.<0A><END>,그렇게 놀라지 마. 당연하잖아?<0A><00> || 알아요. 나는 단지 당신을 조금 놀리고 있었습니다.<0A><00>,64,not_generated,
codec,443,농,64,2,codec:443:635|codec:443:641,I'm just kidding. You really thought I was<0A>going to eat it?<0A><END> || Just kidding.<0A><END>,농담이야. 정말 내가 먹을 줄 알았어?<0A><00> || 농담이야.<0A><00>,64,not_generated,
codec,443,높,64,1,codec:443:531,"See, by mimicking other poisonous creatures,<0A>they increase their chances of survival.<0A><END>","보세요, 다른 독성 생물을 흉내내면 SURVIVAL의 가능성이 높아집니다.<0A><00>",64,not_generated,
codec,443,놔,64,1,codec:443:942,I guess there's no harm done. Should we<0A>let him keep believing it?<0A><END>,피해는 없는 것 같아요. 그가 계속 믿도록 놔둬야 할까?<0A><00>,64,not_generated,
codec,443,누,64,2,codec:443:723|codec:443:782,"...It's just that whenever somebody starts<0A>talking about vampires, I end up dreaming<0A>about them that night.<0A><END> || I'm thinking it must be someone's pet that<0A>got away.<0A><END>",...누가 vampire 얘기만 하면 그날 밤 꿈에 나와. || 아마 누군가의 길 잃은 반려동물일 거라고 생각해.<0A><00>,64,not_generated,
codec,443,눈,64,1,codec:443:806,"Snake, that area is home to the bigeye<0A>trevally.<0A><END>","Snake, 그 지역은 눈다랑어 전갱이의 서식지입니다.<0A><00>",64,not_generated,
codec,443,뉴,64,2,codec:443:563|codec:443:567,"The green tree python originally comes from<0A>Australia and New Zealand. It's a really<0A>pretty green color, and it lives...<0A><END> || They come from Australia and New<0A>Zealand?<0A><END>","녹색나무비단구렁이는 원래 호주와 뉴질랜드가 원산지입니다. 정말 예쁜 녹색이고, 살아있다...<0A><00> || 호주와 뉴질랜드에서 오셨나요?<0A><00>",64,not_generated,
codec,443,느,64,1,codec:443:650,Yeah. I had a hard time catching one.<0A><END>,그래. 한 마리 잡느라 고생했어.<0A><00>,64,not_generated,
codec,443,늘,64,3,codec:443:995|codec:443:1066|codec:443:996,"I see you've found a Baikal Scaly Tooth.<0A><END> || Really? Aren't you always keeping people<0A>waiting?<0A><END> || The Baikal Scaly Tooth mushroom is used<0A>as an antidote to poison. It usually grows<0A>on the trunks of trees, so look for it there.<0A><END>",바이칼 비늘 이빨을 발견한 것 같군요.<0A><00> || 정말? 늘 남을 기다리게 하잖아.<0A><00> || 바이칼 비늘 이빨 버섯은 독에 대한 해독제로 사용됩니다. 주로 나무 줄기에서 자라므로 그곳에서 찾아보세요.<0A><00>,64,not_generated,
codec,443,능,64,3,codec:443:1037|codec:443:531|codec:443:562,"It's got a tough hide, so you'll have a hard<0A>time catching one. Capturing them alive is<0A>probably out of the question.<0A><END> || See, by mimicking other poisonous creatures,<0A>they increase their chances of survival.<0A><END> || The green tree python isn't venomous, so<0A>no need to worry. It's fairly docile, too, so<0A>I don't think it's likely to attack you.<0A><END>","이것은 단단한 피를 가지고 있어 잡기가 힘듭니다. 생포는 아마도 불가능할 거다.<0A><00> || 보세요, 다른 독성 생물을 흉내내면 SURVIVAL의 가능성이 높아집니다.<0A><00> || 초록나무비단구렁이는 독이 없으므로 걱정할 필요가 없습니다. 게다가 꽤 온순해서 공격할 가능성은 없을 것 같아요.<0A><00>",64,not_generated,
codec,443,늦,64,1,codec:443:1065,I've never been late for a mission.<0A><END>,나는 MISSION에 늦은 적이 없다.<0A><00>,64,not_generated,
codec,443,늬,64,2,codec:443:528|codec:443:871,"Apparently, the bright, flashy colors and<0A>pattern let other animals know that it carries<0A>a deadly poison.<0A><END> || Why? How can you eat those things?<0A>They've all purple and yellow striped, and<0A>they stink like cat pee...<0A><END>",밝고 화려한 색상과 무늬를 통해 다른 동물들에게 치명적인 독을 가지고 있다는 사실을 알려주는 것 같습니다.<0A><00> || 왜요? 그런 것들을 어떻게 먹을 수 있나? 모두 보라색과 노란색 줄무늬가 있고 고양이 오줌 냄새가 나요...<0A><00>,64,not_generated,
codec,443,닌,64,5,codec:443:638|codec:443:900|codec:443:512|codec:443:479|codec:443:989,I guess not.<0A><END> || Isn't it?<0A><END> || Not as food?<0A><END> || The king cobra is the world's largest<0A>venomous snake.<0A><END> || The spatsa appears to contain a type of<0A>vegetative alkaloid with anesthetic properties.<0A><END>,아닌 것 같아요.<0A><00> || 아닌가요?<0A><00> || 음식이 아닌데요?<0A><00> || 킹코브라는 세계에서 가장 큰 독을 지닌 Snake입니다.<0A><00> || spatsa에는 마취 특성을 지닌 일종의 식물성 알칼로이드가 포함되어 있는 것으로 보입니다.<0A><00>,64,not_generated,
codec,443,닐,64,1,codec:443:914,The carbonyl groups in the oxyluciferin are<0A>initially in an electrically excited state.<0A><END>,옥시루시페린의 카르보닐 그룹은 초기에 전기적으로 여기된 상태에 있습니다.<0A><00>,64,not_generated,
codec,443,님,64,1,codec:443:826,According to the guide... it's good. But it's<0A>kind of oily and has a lot of little bones.<0A><END>,가이드님 말씀대로... 좋아요. 그런데 좀 기름지고 작은 뼈가 많아요.<0A><00>,64,not_generated,
codec,443,닙,64,1,codec:443:515,They're NOT for eating.<0A><END>,먹기 위한 것이 아닙니다.<0A><00>,64,not_generated,
codec,443,단,64,17,codec:443:521|codec:443:924|codec:443:889|codec:443:985|codec:443:561|codec:443:1027|codec:443:1037|codec:443:560|codec:443:1059|codec:443:562|codec:443:563|codec:443:484|codec:443:1033|codec:443:792|codec:443:743|codec:443:715|codec:443:912,"...Only one way to find out.<0A><END> || but they still rely on chemical reactions<0A>between proteins and enzymes to...<0A><END> || Er, I mean, of course it's poisonous.<0A>Says so right there in the guide.<0A><END> || I know. I was just teasing you a little.<0A><END> || I see you caught yourself a green tree<0A>python.<0A><END> || I'd take a snake over this any day, even if<0A>it is a little rotten...<0A><END> || It's got a tough hide, so you'll have a hard<0A>time catching one. Capturing them alive is<0A>probably out of the question.<0A><END> || Snake, that area is inhabited by the green<0A>tree python.<0A><END> || that contains all the proteins, lipids, vitamins,<0A>carbohydrates and minerals needed for a<0A>balanced diet.<0A><END> || The green tree python isn't venomous, so<0A>no need to worry. It's fairly docile, too, so<0A>I don't think it's likely to attack you.<0A><END> || The green tree python originally comes from<0A>Australia and New Zealand. It's a really<0A>pretty green color, and it lives...<0A><END> || The king cobra's diet consists mostly of<0A>other snakes. Be careful or you might end<0A>up as its next meal.<0A><END> || The reticulated python is said to be the<0A>longest snake in the world. It's not venomous,<0A>but it still poses a threat, so watch out.<0A><END> || The white-rumped vulture is a type of<0A>vulture found in India. Its diet consists<0A>mostly of dead animal carcasses.<0A><END> || Their diet consists of not only insects,<0A>but also mice and even snakes.<0A><END> || They're just a stupid made-up legend.<0A>Even if they do seem real sometimes.<0A><END> || To put it simply, luciferin reacts with<0A>luciferase in the presence of magnesium<0A>two plus ions,<0A><END>","...알아내는 방법은 단 하나입니다.<0A><00> || 그래도 단백질과 효소의 화학반응에 의존해서... || 어, 물론 독이 있단 말이에요. 가이드에 그렇게 나와있어요.<0A><00> || 알아요. 나는 단지 당신을 조금 놀리고 있었습니다.<0A><00> || 초록나무비단구렁이를 잡으셨군요.<0A><00> || 좀 썩었어도 이거보단 snake가 낫겠어... || 이것은 단단한 피를 가지고 있어 잡기가 힘듭니다. 생포는 아마도 불가능할 거다.<0A><00> || Snake, 그 지역에는 녹색 나무 비단구렁이가 살고 있습니다.<0A><00> || 균형 잡힌 식단에 필요한 단백질, 지방, 비타민, 탄수화물, 미네랄이 모두 들어 있다.<0A><00> || 초록나무비단구렁이는 독이 없으므로 걱정할 필요가 없습니다. 게다가 꽤 온순해서 공격할 가능성은 없을 것 같아요.<0A><00> || 녹색나무비단구렁이는 원래 호주와 뉴질랜드가 원산지입니다. 정말 예쁜 녹색이고, 살아있다...<0A><00> || 킹 코브라의 식단은 대부분 다른 뱀으로 구성됩니다. 조심하지 않으면 다음 식사로 끝날 수도 있습니다.<0A><00> || 망상 비단뱀은 세계에서 가장 긴 Snake라고 합니다. 독성은 없지만 여전히 위협적이므로 조심해.<0A><00> || 흰 엉덩이 독수리는 인도에서 발견되는 독수리의 일종입니다. 그것의 식단은 대부분 죽은 동물의 시체로 구성됩니다.<0A><00> || 그들의 식단은 곤충뿐만 아니라 생쥐, 심지어 뱀까지 구성됩니다.<0A><00> || 그들은 단지 어리석게 꾸며낸 전설일 뿐입니다. 때로는 진짜처럼 보일지라도.<0A><00> || 간단히 말해 luciferin은<0A>magnesium와 Mg2+에서<0A>반응한다.<0A><00>",64,not_generated,
codec,443,달,64,2,codec:443:579|codec:443:627,"No, I... I just wanted you to tell me how<0A>it tastes.<0A><END> || Rabbits are known to eat their own<0A>excrement.<0A><END>","아니, 난... 맛을 말해 달라고 했을 뿐이야.<0A><00> || 토끼는 자신의 배설물을 먹는 것으로 알려져 있다. 달 표면 기지에서 워싱턴으로 쏟아지는<0A><00>",64,not_generated,
codec,443,담,64,4,codec:443:635|codec:443:641|codec:443:838|codec:443:882,"I'm just kidding. You really thought I was<0A>going to eat it?<0A><END> || Just kidding.<0A><END> || The arowana is an ancient fish that lives in<0A>tropical freshwater areas.<0A><END> || Yep. I can't guarantee that it'll taste<0A>like a shiitake mushroom, though,<0A><END>","농담이야. 정말 내가 먹을 줄 알았어?<0A><00> || 농담이야.<0A><00> || 아로와나는 열대 담수 지역에 서식하는 고대 물고기입니다.<0A><00> || 그래. 표고버섯 맛은<0A>장담 못 하지만,<0A><00>",64,not_generated,
codec,443,당,64,17,codec:443:550|codec:443:474|codec:443:926|codec:443:844|codec:443:3028|codec:443:749|codec:443:985|codec:443:998|codec:443:488|codec:443:699|codec:443:746|codec:443:1585|codec:443:537|codec:443:3250|codec:443:726|codec:443:804|codec:443:1028,"Ah, I just thought of a better way. You're<0A>going to love this.<0A><END> || And since I know you're going to ask me,<0A><END> || Believe what you want.<0A><END> || but these fish have kept the same form for<0A>hundreds of millions of years. Baffling, isn't<0A>it?<0A><END> || Crois ce que tu veux.<0A><END> || Don't act so surprised. Isn't it obvious?<0A><END> || I know. I was just teasing you a little.<0A><END> || I think you're going to be disappointed.<0A><END> || It seems you're the one whose diet<0A>consists of other snakes.<0A><END> || Just now you sounded like you really hated<0A>them.<0A><END> || Naturally... So?<0A><END> || No est<G62>s escuchando, <G40>no?<0A><END> || OK, we'll talk about something you are<0A>interested in, then.<0A><END> || Snake, what are you...<0A><END> || Snake, you will encounter Baltic Hornets'<0A>nests in that area.<0A><END> || Stop it already. You're going to make me<0A>lose my appetite.<0A><END> || You are hopeless...<0A><END>","아, 방금 더 좋은 방법이 생각났어요. 당신은 이것을 좋아할 거다.<0A><00> || 그리고 당신이 나에게 물어볼 것이라는 것을 알기 때문에,<0A><00> || 당신이 원하는 것을 믿으세요.<0A><00> || 이 물고기는 수억 년 동안 같은 형태를 유지해 왔습니다. 당황스럽죠?<0A><00> || 당신이 원하는 것을 믿으십시오.<0A><00> || 그렇게 놀라지 마. 당연하잖아?<0A><00> || 알아요. 나는 단지 당신을 조금 놀리고 있었습니다.<0A><00> || 내 생각엔 당신이 실망할 것 같아요.<0A><00> || 당신은 다른 뱀을 먹는 사람인 것 같습니다.<0A><00> || 방금 당신은 그 사람들을 정말 싫어하는 것처럼 들렸어요.<0A><00> || 당연히... 그래서요? 소음기를 부착하거나 분리하려면 터치 스크린의 무기 아이콘 근처에 있는<0A><00> || 당신은 듣고 있지 않습니까?<0A><00> || 좋아요, 그럼 당신이 관심을 갖고 있는 것에 대해 이야기하겠습니다.<0A><00> || Snake, 당신은 무엇입니까...<0A><00> || Snake, 해당 지역에서 발틱 호넷(Baltic Hornets)의 둥지를 만날 수 있다.<0A><00> || 이제 그만해. 당신 때문에 내가 식욕을 잃게 될 것 같아요.<0A><00> || 당신은 절망적입니다...<0A><00>",64,not_generated,
codec,443,던,64,7,codec:443:557|codec:443:503|codec:443:1879|codec:443:1014|codec:443:770|codec:443:472|codec:443:3209,"But if I've already caught and eaten it,<0A>what does it matter which kind of snake<0A>it was?<0A><END> || But you were going to ask, weren't you?<0A>About the taste?<0A><END> || Eso me tem<G6E>a.<0A><END> || I was just going to say that if you weren't<0A>going to eat it, you should bring it back to<0A>me. I've always wanted to try some.<0A><END> || Like catching one alive with the tranquilizer<0A>gun and throwing it at the enemy.<0A><END> || Throwing a venomous animal at an enemy<0A>might be enough to knock him out.<0A><END> || What was that little lecture back there?<0A><END>","하지만 이미 잡아서 먹었다면, 그것이 어떤 Snake이던 무슨 상관이겠는가?<0A><00> || 맛을 물으려던 거지?<0A><00> || 그것이 내가 두려워했던 거다.<0A><00> || 그냥 안 먹을 거면 나한테 가져오라고 하려던 참이었어. 나는 항상 몇 가지를 시도하고 싶었습니다.<0A><00> || 마취총으로 산 사람을 잡아서 적에게 던지는 것과 같습니다.<0A><00> || 적에게 독이 있는 동물을 던지는 것만으로도 그를 기절시킬 수 있다.<0A><00> || 거기에 있던 짧은 강의는 무엇이었나요?<0A><00>",64,not_generated,
codec,443,덜,64,1,codec:443:548,"I guess if I had to pick something, I'd say<0A>it's that the milk snake is much less<0A>aggressive.<0A><END>",굳이 꼽으라면 우유Snake이 훨씬 덜 공격적이라는 점을 꼽고 싶습니다.<0A><00>,64,not_generated,
codec,443,덩,64,5,codec:443:791|codec:443:801|codec:443:792|codec:443:790|codec:443:798,"I see you've captured a white-rumped<0A>vulture.<0A><END> || So, then, if a person eats a white-rumped<0A>vulture, does that mean he's eating human<0A>meat, too?<0A><END> || The white-rumped vulture is a type of<0A>vulture found in India. Its diet consists<0A>mostly of dead animal carcasses.<0A><END> || There should be white-rumped vultures<0A>living in that area.<0A><END> || They say the white-rumped vulture doesn't<0A>just eat animal carcasses. It eats human<0A>ones as well.<0A><END>",흰엉덩이 독수리를 포획한 것 같군요.<0A><00> || 그렇다면 흰 엉덩이 독수리를 먹는다면 그 사람도 인간 고기를 먹고 있다는 뜻일까요?<0A><00> || 흰 엉덩이 독수리는 인도에서 발견되는 독수리의 일종입니다. 그것의 식단은 대부분 죽은 동물의 시체로 구성됩니다.<0A><00> || 그 지역에는 흰 엉덩이 독수리가 살고 있을 것입니다.<0A><00> || 흰 엉덩이 독수리는 동물의 시체만 먹는 것이 아니라고 합니다. 인간의 것도 먹습니다.<0A><00>,64,not_generated,
codec,443,덫,64,1,codec:443:469,You can capture animals alive by using<0A>the tranquilizer gun or a mousetrap.<0A><END>,마취총이나 쥐덫으로<0A>동물을 생포할 수 있어.<0A><00>,64,not_generated,
codec,443,독,64,43,codec:443:528|codec:443:2988|codec:443:816|codec:443:889|codec:443:473|codec:443:587|codec:443:599|codec:443:791|codec:443:895|codec:443:526|codec:443:2986|codec:443:818|codec:443:480|codec:443:861|codec:443:1035|codec:443:763|codec:443:525|codec:443:645|codec:443:604|codec:443:603|codec:443:531|codec:443:801|codec:443:996|codec:443:524|codec:443:893|codec:443:562|codec:443:479|codec:443:544|codec:443:600|codec:443:896|codec:443:1033|codec:443:508|codec:443:792|codec:443:530|codec:443:532|codec:443:790|codec:443:798|codec:443:613|codec:443:472|codec:443:817|codec:443:605|codec:443:815|codec:443:904,"Apparently, the bright, flashy colors and<0A>pattern let other animals know that it carries<0A>a deadly poison.<0A><END> || C'<G6A>tait un champignon v<G6A>n<G6A>neux.<0A><END> || Ciguatera poisoning?<0A><END> || Er, I mean, of course it's poisonous.<0A>Says so right there in the guide.<0A><END> || Even non-venomous animals like frogs can<0A>be used to distract the enemy's attention.<0A><END> || Frogs usually have four toes on their front<0A>legs, but the Otton frog is unique in that<0A>it has five.<0A><END> || I see you've captured a poison dart frog.<0A><END> || I see you've captured a white-rumped<0A>vulture.<0A><END> || If you do eat one, go into the Survival<0A>Viewer immediately and use CURE to<0A>take some antidote.<0A><END> || If you do get bitten, go into the Survival<0A>Viewer right away and use ""CURE"" to<0A>neutralize the poison with a serum injection.<0A><END> || Il <G6A>tait v<G6A>n<G6A>neux.<0A><END> || It apparently gives you food poisoning<0A>when you eat it.<0A><END> || Its large size means that it has a lot<0A>of venom to inject. One bite is supposedly<0A>enough to kill an elephant.<0A><END> || It's not poisonous, but it might hurt a little<0A>if it attacks you with its pincers. Treat it<0A>with caution.<0A><END> || It's not venomous, but its huge size makes<0A>it dangerous. Be careful.<0A><END> || Its venom is a potent neurotoxin,<0A>so take care that you don't get stung.<0A><END> || Its venom is a very potent neurotoxin,<0A>so don't let it bite you.<0A><END> || Japanese flying squirrels are non-venomous,<0A>and they shouldn't attack you.<0A><END> || Long ago, people used the poison to coat<0A>their arrows for hunting.<0A><END> || Poison dart frogs are known to carry a<0A>potent neurotoxin called pumiliotoxin.<0A><END> || See, by mimicking other poisonous creatures,<0A>they increase their chances of survival.<0A><END> || So, then, if a person eats a white-rumped<0A>vulture, does that mean he's eating human<0A>meat, too?<0A><END> || The Baikal Scaly Tooth mushroom is used<0A>as an antidote to poison. It usually grows<0A>on the trunks of trees, so look for it there.<0A><END> || The coral snake is a venomous snake that<0A>originally hails from the Americas.<0A><END> || The fly agaric is a relative of the deathcap<0A>mushroom that grows only in that region.<0A><END> || The green tree python isn't venomous, so<0A>no need to worry. It's fairly docile, too, so<0A>I don't think it's likely to attack you.<0A><END> || The king cobra is the world's largest<0A>venomous snake.<0A><END> || The milk snake closely resembles the coral<0A>snake, but it's actually not venomous.<0A><END> || The poison dart frog is native to the tropical<0A>rain forests of Central and South America.<0A><END> || The poisons found in the fly agaric include<0A>fallotoxins and amatoxins.<0A><END> || The reticulated python is said to be the<0A>longest snake in the world. It's not venomous,<0A>but it still poses a threat, so watch out.<0A><END> || The Thai cobra is a large venomous snake<0A>that carries an extremely potent neurotoxin.<0A>Be careful not to get bitten.<0A><END> || The white-rumped vulture is a type of<0A>vulture found in India. Its diet consists<0A>mostly of dead animal carcasses.<0A><END> || There are many animals that mimic the<0A>colors of known poisonous animals as<0A>a defense.<0A><END> || There is another non-poisonous snake called<0A>the milk snake that borrows its coloring from<0A>the coral snake.<0A><END> || There should be white-rumped vultures<0A>living in that area.<0A><END> || They say the white-rumped vulture doesn't<0A>just eat animal carcasses. It eats human<0A>ones as well.<0A><END> || They're not poisonous, and I don't think<0A>they'll attack you.<0A><END> || Throwing a venomous animal at an enemy<0A>might be enough to knock him out.<0A><END> || Uh huh. Fishes that live near coral reefs<0A>are sometimes contaminated with a poison<0A>known as ciguatera toxin.<0A><END> || Watch out because if you eat one, you'll<0A>get food poisoning.<0A><END> || Well, I've heard stories about people<0A>getting ciguatera poisoning after eating<0A>the adult fish.<0A><END> || Were you listening to me?<0A>The fly agaric is poisonous...<0A><END>","밝고 화려한 색상과 무늬를 통해 다른 동물들에게 치명적인 독을 가지고 있다는 사실을 알려주는 것 같습니다.<0A><00> || 독버섯이었어.<0A><00> || CIGUATERA 중독?<0A><00> || 어, 물론 독이 있단 말이에요. 가이드에 그렇게 나와있어요.<0A><00> || 개구리와 같은 독이 없는 동물도 적의 주의를 분산시키는 데 사용될 수 있다.<0A><00> || 개구리는 보통 앞다리에 발가락이 4개 있는데, 오톤개구리는 5개라는 점이 독특합니다.<0A><00> || 독화살개구리를 잡은 것 같군요.<0A><00> || 흰엉덩이 독수리를 포획한 것 같군요.<0A><00> || 먹었다면 즉시 Survival Viewer의 CURE로 해독제를 써. || 물리면 즉시 Survival Viewer의 CURE에서 혈청을 주사해 독을 중화해. || 독이 있었어.<0A><00> || 먹으면 FOOD 중독을 일으킨다고 합니다.<0A><00> || 크기가 크다는 것은 주입할 독이 많다는 것을 의미합니다. 한 입이면 코끼리를 죽일 수 있다고 합니다.<0A><00> || 그것은 독이 없지만, 집게로 공격하면 조금 다칠 수 있다. 주의해서 다루세요.<0A><00> || 독이 있는 것은 아니지만 크기가 커서 위험합니다. 조심하세요.<0A><00> || 독은 강력한 신경독이므로 쏘이지 않도록 조심하세요.<0A><00> || 이 독은 매우 강력한 신경독이에요, 그러니 물리지 마세요.<0A><00> || 일본날다람쥐는 독성이 없으므로 공격해서는 안 됩니다.<0A><00> || 옛날에 사람들은 사냥을 위해 화살에 독을 발랐습니다.<0A><00> || 독화살개구리는 푸밀리오톡신이라는 강력한 신경독을 운반하는 것으로 알려져 있다.<0A><00> || 보세요, 다른 독성 생물을 흉내내면 SURVIVAL의 가능성이 높아집니다.<0A><00> || 그렇다면 흰 엉덩이 독수리를 먹는다면 그 사람도 인간 고기를 먹고 있다는 뜻일까요?<0A><00> || 바이칼 비늘 이빨 버섯은 독에 대한 해독제로 사용됩니다. 주로 나무 줄기에서 자라므로 그곳에서 찾아보세요.<0A><00> || 산호뱀은 원래 아메리카 대륙이 원산지인 독사입니다.<0A><00> || 독버섯은 그 지역에서만 자라는 맹독 버섯의 친척이야.<0A><00> || 초록나무비단구렁이는 독이 없으므로 걱정할 필요가 없습니다. 게다가 꽤 온순해서 공격할 가능성은 없을 것 같아요.<0A><00> || 킹코브라는 세계에서 가장 큰 독을 지닌 Snake입니다.<0A><00> || 우유뱀은 산호뱀과 매우 유사하지만 실제로는 독이 없습니다.<0A><00> || 독화살개구리는 중남미의 열대 우림이 원산지입니다.<0A><00> || 광대버섯 독에는<0A>fallotoxins과 amatoxins이 있어.<0A><00> || 망상 비단뱀은 세계에서 가장 긴 Snake라고 합니다. 독성은 없지만 여전히 위협적이므로 조심해.<0A><00> || 타이 코브라는 매우 강력한 신경독을 운반하는 대형 독성 Snake입니다. 물리지 않도록 주의해.<0A><00> || 흰 엉덩이 독수리는 인도에서 발견되는 독수리의 일종입니다. 그것의 식단은 대부분 죽은 동물의 시체로 구성됩니다.<0A><00> || 방어를 위해 알려진 독동물의 색깔을 흉내내는 동물이 많이 있다.<0A><00> || 산호 Snake에서 색상을 빌려온 우유 Snake라는 또 다른 무독성 Snake가 있다.<0A><00> || 그 지역에는 흰 엉덩이 독수리가 살고 있을 것입니다.<0A><00> || 흰 엉덩이 독수리는 동물의 시체만 먹는 것이 아니라고 합니다. 인간의 것도 먹습니다.<0A><00> || 독도 없고 공격하지도 않을 거야.<0A><00> || 적에게 독이 있는 동물을 던지는 것만으로도 그를 기절시킬 수 있다.<0A><00> || 어허. 산호초 근처에 사는 물고기는 때때로 시구아테라 독소로 알려진 독에 오염됩니다.<0A><00> || 하나 먹으면 FOOD 중독에 걸릴 수 있으니 주의해.<0A><00> || 글쎄요, 성어를 먹은 후 시가테라 중독에 걸린 사람들에 대한 이야기를 들었습니다.<0A><00> || 내 말 들었어? FLY AGARIC은 독버섯이야...<0A><00>",64,not_generated,
codec,443,돋,64,1,codec:443:732,"It's easy to digest and helps pep you up<0A>when you're feeling tired.<0A>In short, it's the perfect survival food.<0A><END>","소화가 잘 되고 피곤할 때 기운을 북돋아 줍니다. 요컨대, 완벽한 SURVIVAL FOOD입니다.<0A><00>",64,not_generated,
codec,443,동,64,19,codec:443:528|codec:443:844|codec:443:2613|codec:443:473|codec:443:782|codec:443:476|codec:443:680|codec:443:860|codec:443:823|codec:443:511|codec:443:612|codec:443:792|codec:443:530|codec:443:628|codec:443:798|codec:443:472|codec:443:470|codec:443:475|codec:443:469,"Apparently, the bright, flashy colors and<0A>pattern let other animals know that it carries<0A>a deadly poison.<0A><END> || but these fish have kept the same form for<0A>hundreds of millions of years. Baffling, isn't<0A>it?<0A><END> || Ceux-ci ont s<G7C>rement <G6A>t<G6A> import<G6A>s comme<0A>animaux de compagnies ou de laboratoire<0A>avant de s'<G6A>chapper et de redevenir sauvages.<0A><END> || Even non-venomous animals like frogs can<0A>be used to distract the enemy's attention.<0A><END> || I'm thinking it must be someone's pet that<0A>got away.<0A><END> || Remember, though, you've only got three<0A>cages for capturing live animals.<0A><END> || Snake, be careful. That cave is inhabited<0A>by vampire bats.<0A><END> || The Kenyan mangrove crab is a land-going<0A>crab. It lives in burrows dug near seashores<0A>and mangrove swamps.<0A><END> || The maroon shark is found mostly in<0A>Southeast Asia. But it's not actually a<0A>shark - it's related to the carp.<0A><END> || The ones in that area were probably<0A>imported as pets and research subjects<0A>before they escaped and turned feral.<0A><END> || The rats in that area are the descendants<0A>of wild Norway rats that were domesticated<0A>by humans as pets and lab animals.<0A><END> || The white-rumped vulture is a type of<0A>vulture found in India. Its diet consists<0A>mostly of dead animal carcasses.<0A><END> || There are many animals that mimic the<0A>colors of known poisonous animals as<0A>a defense.<0A><END> || They eat their own...?<0A><END> || They say the white-rumped vulture doesn't<0A>just eat animal carcasses. It eats human<0A>ones as well.<0A><END> || Throwing a venomous animal at an enemy<0A>might be enough to knock him out.<0A><END> || When you capture a live animal, you can<0A>carry it on you as a weapon by going to<0A>""BACKPACK"" in the Survival Viewer.<0A><END> || yes, keeping animals alive prevents them<0A>from rotting and makes them taste better<0A>when you eat them.<0A><END> || You can capture animals alive by using<0A>the tranquilizer gun or a mousetrap.<0A><END>","밝고 화려한 색상과 무늬를 통해 다른 동물들에게 치명적인 독을 가지고 있다는 사실을 알려주는 것 같습니다.<0A><00> || 이 물고기는 수억 년 동안 같은 형태를 유지해 왔습니다. 당황스럽죠?<0A><00> || 이들은 탈출하여 다시 야생으로 변하기 전에 반드시 애완동물이나 실험용 동물로 수입된 거다.<0A><00> || 개구리와 같은 독이 없는 동물도 적의 주의를 분산시키는 데 사용될 수 있다.<0A><00> || 아마 누군가의 길 잃은 반려동물일 거라고 생각해.<0A><00> || 하지만 살아있는 동물을 포획할 수 있는 우리는 세 개밖에 없다는 점을 기억하십시오.<0A><00> || Snake, 조심해. 그 동굴에는 흡혈박쥐가 살고 있어요.<0A><00> || 케냐 맹그로브 게는 육지로 이동하는 게입니다. 해변이나 맹그로브 습지 근처에 굴을 파서 산다.<0A><00> || Maroon shark는 주로 동남아에 살아.<0A>실은 shark가 아니라<0A>잉어 친척이야.<0A><00> || 그 지역에 있는 것들은 아마도 애완동물과 연구 대상으로 수입되어 탈출하여 야생으로 변했을 것입니다.<0A><00> || 그 지역의 쥐는 인간이 애완동물과 실험동물로 길들인 야생 노르웨이 쥐의 후손입니다.<0A><00> || 흰 엉덩이 독수리는 인도에서 발견되는 독수리의 일종입니다. 그것의 식단은 대부분 죽은 동물의 시체로 구성됩니다.<0A><00> || 방어를 위해 알려진 독동물의 색깔을 흉내내는 동물이 많이 있다.<0A><00> || 동족을 먹는다고...?<0A><00> || 흰 엉덩이 독수리는 동물의 시체만 먹는 것이 아니라고 합니다. 인간의 것도 먹습니다.<0A><00> || 적에게 독이 있는 동물을 던지는 것만으로도 그를 기절시킬 수 있다.<0A><00> || 산 동물을 잡으면<0A>Survival Viewer의 BACKPACK에서<0A>무기로 사용할 수 있다.<0A><00> || 그래. 동물을 살려두면<0A>썩지 않고 먹을 때도<0A>더 맛있어.<0A><00> || 마취총이나 쥐덫으로<0A>동물을 생포할 수 있어.<0A><00>",64,not_generated,
codec,443,돼,64,3,codec:443:874|codec:443:847|codec:443:516,Let's see here. The guide says... no way.<0A>It says they're delicious.<0A><END> || Not at all. I'm fascinated by ancient fish.<0A><END> || Why not? They taste pretty good.<0A><END>,여기를 살펴보겠습니다. 가이드는... 안돼요. 맛있다고 하네요.<0A><00> || 전혀 아니에요. 저는 고대 물고기에 매혹돼 있어요.<0A><00> || 왜 안 돼? 맛있어.<0A><00>,64,not_generated,
codec,443,된,64,6,codec:443:2613|codec:443:898|codec:443:897|codec:443:925|codec:443:914|codec:443:514,"Ceux-ci ont s<G7C>rement <G6A>t<G6A> import<G6A>s comme<0A>animaux de compagnies ou de laboratoire<0A>avant de s'<G6A>chapper et de redevenir sauvages.<0A><END> || Finally, your liver and kidneys will break<0A>down into a sponge-like substance and<0A>you die.<0A><END> || It says here that when you eat it, the initial<0A>symptoms include nausea, stomach pain,<0A>and diarrhea.<0A><END> || So you're saying they'll get recharged?<0A><END> || The carbonyl groups in the oxyluciferin are<0A>initially in an electrically excited state.<0A><END> || They weren't imported as food?<0A><END>","이들은 탈출하여 다시 야생으로 변하기 전에 반드시 애완동물이나 실험용 동물로 수입된 거다.<0A><00> || 마침내 간과 신장이 스펀지 같은 물질로 분해되어 죽게 된다.<0A><00> || 여기에는 섭취 시 초기 증상으로 메스꺼움, 복통, 설사가 포함된다고 나와 있다.<0A><00> || 그럼 충전된다는 거야?<0A><00> || 옥시루시페린의 카르보닐 그룹은 초기에 전기적으로 여기된 상태에 있습니다.<0A><00> || 식품으로 수입된 것이 아니었나요?<0A><00>",64,not_generated,
codec,443,됩,64,12,codec:443:733|codec:443:645|codec:443:737|codec:443:996|codec:443:625|codec:443:501|codec:443:484|codec:443:758|codec:443:792|codec:443:743|codec:443:817|codec:443:1003,"Honey can also be used as a burn ointment.<0A>When honey is applied to a burn, it creates<0A>a protective coating over the skin.<0A><END> || Japanese flying squirrels are non-venomous,<0A>and they shouldn't attack you.<0A><END> || Snake, be careful. That area is supposed<0A>to be inhabited by cobalt blue tarantulas.<0A><END> || The Baikal Scaly Tooth mushroom is used<0A>as an antidote to poison. It usually grows<0A>on the trunks of trees, so look for it there.<0A><END> || The European rabbit is said to have come<0A>from the Mediterranean region originally. But<0A>nowadays they're found all over the world.<0A><END> || The guide doesn't say. If you absolutely<0A>have to know, then you'll just have to try<0A>it yourself and see.<0A><END> || The king cobra's diet consists mostly of<0A>other snakes. Be careful or you might end<0A>up as its next meal.<0A><END> || The size changes from scene to scene.<0A>It happens all the time.<0A><END> || The white-rumped vulture is a type of<0A>vulture found in India. Its diet consists<0A>mostly of dead animal carcasses.<0A><END> || Their diet consists of not only insects,<0A>but also mice and even snakes.<0A><END> || Uh huh. Fishes that live near coral reefs<0A>are sometimes contaminated with a poison<0A>known as ciguatera toxin.<0A><END> || Uh huh. It was invented in Japan just<0A>recently. Add some hot water and it's<0A>ready to eat.<0A><END>","꿀은 화상 연고로도 사용할 수 있다. 꿀을 화상 부위에 바르면 피부 위에 보호막이 형성됩니다.<0A><00> || 일본날다람쥐는 독성이 없으므로 공격해서는 안 됩니다.<0A><00> || Snake, 조심하세요. 그 지역에는 코발트블루 타란툴라가 서식한다고 추정됩니다.<0A><00> || 바이칼 비늘 이빨 버섯은 독에 대한 해독제로 사용됩니다. 주로 나무 줄기에서 자라므로 그곳에서 찾아보세요.<0A><00> || 유럽토끼는 원래 지중해 지역이 원산지라고 합니다. 하지만 요즘에는 전 세계에서 발견됩니다.<0A><00> || 가이드는 말하지 않습니다. 꼭 알아야 한다면 직접 시도해 보고 확인하면 됩니다.<0A><00> || 킹 코브라의 식단은 대부분 다른 뱀으로 구성됩니다. 조심하지 않으면 다음 식사로 끝날 수도 있습니다.<0A><00> || 장면마다 크기가 변경됩니다. 그것은 항상 발생합니다.<0A><00> || 흰 엉덩이 독수리는 인도에서 발견되는 독수리의 일종입니다. 그것의 식단은 대부분 죽은 동물의 시체로 구성됩니다.<0A><00> || 그들의 식단은 곤충뿐만 아니라 생쥐, 심지어 뱀까지 구성됩니다.<0A><00> || 어허. 산호초 근처에 사는 물고기는 때때로 시구아테라 독소로 알려진 독에 오염됩니다.<0A><00> || 어허. 최근에 일본에서 발명되었습니다. 뜨거운 물을 조금 부어주면 먹을 준비가 완료됩니다.<0A><00>",64,not_generated,
codec,443,두,64,11,codec:443:709|codec:443:1879|codec:443:810|codec:443:730|codec:443:1070|codec:443:1071|codec:443:1059|codec:443:1034|codec:443:871|codec:443:475|codec:443:717,"Are you afraid?<0A><END> || Eso me tem<G6E>a.<0A><END> || Good to know. So, how do they taste?<0A><END> || Inside the nest are larva, pupa, and<0A>adults - you can eat them all.<0A><END> || Is that why they're all so slim?<0A><END> || Right. And any diet where you eat nothing<0A>at all is bad for the body.<0A><END> || that contains all the proteins, lipids, vitamins,<0A>carbohydrates and minerals needed for a<0A>balanced diet.<0A><END> || The giant anaconda is said to be the<0A>largest snake in the world in terms of<0A>weight and thickness.<0A><END> || Why? How can you eat those things?<0A>They've all purple and yellow striped, and<0A>they stink like cat pee...<0A><END> || yes, keeping animals alive prevents them<0A>from rotting and makes them taste better<0A>when you eat them.<0A><END> || You think I'd be afraid of something like<0A>that?<0A><END>","두렵나요?<0A><00> || 그것이 내가 두려워했던 거다.<0A><00> || 알아두면 좋아요. 그럼 맛은 어때요?<0A><00> || 둥지 안에는 유충, 번데기, 성충이 있어 모두 먹을 수 있다.<0A><00> || 그것이 그들이 모두 그렇게 날씬한 이유인가?<0A><00> || 맞습니다. 그리고 아무것도 먹지 않는 다이어트는 모두 몸에 좋지 않습니다.<0A><00> || 균형 잡힌 식단에 필요한 단백질, 지방, 비타민, 탄수화물, 미네랄이 모두 들어 있다.<0A><00> || 거대 아나콘다는 무게와 두께 면에서 세계에서 가장 큰 뱀이라고 합니다.<0A><00> || 왜요? 그런 것들을 어떻게 먹을 수 있나? 모두 보라색과 노란색 줄무늬가 있고 고양이 오줌 냄새가 나요...<0A><00> || 그래. 동물을 살려두면<0A>썩지 않고 먹을 때도<0A>더 맛있어.<0A><00> || 내가 그런 걸 두려워할 것 같나요?<0A><00>",64,not_generated,
codec,443,둠,64,1,codec:443:909,The Russian glowcap is a kind of<0A>luminescent fungus - a mushroom<0A>that glows in the dark.<0A><END>,"러시안 글로우캡(Russian Glowcap)은 일종의 발광 곰팡이로, 어둠 속에서 빛나는 버섯입니다.<0A><00>",64,not_generated,
codec,443,둥,64,7,codec:443:727|codec:443:731|codec:443:730|codec:443:735|codec:443:726|codec:443:729|codec:443:742,"I see you've got yourself a Baltic Hornets'<0A>nest.<0A><END> || In particular, the honey you find inside<0A>the nest is delicious and full of nutrients.<0A><END> || Inside the nest are larva, pupa, and<0A>adults - you can eat them all.<0A><END> || Of course, the hornets aren't going to give<0A>up their nest without a fight.<0A><END> || Snake, you will encounter Baltic Hornets'<0A>nests in that area.<0A><END> || The difference between them and other<0A>hornets is that they produce honey in<0A>their nests.<0A><END> || They build their nests mainly underground<0A>and are highly aggressive.<0A><END>","발틱 호네츠의 둥지를 갖고 계시군요.<0A><00> || 특히 둥지 속에서 찾은 꿀은 맛있고 영양도 풍부합니다.<0A><00> || 둥지 안에는 유충, 번데기, 성충이 있어 모두 먹을 수 있다.<0A><00> || 물론, 말벌은 싸움 없이 둥지를 포기하지 않을 거다.<0A><00> || Snake, 해당 지역에서 발틱 호넷(Baltic Hornets)의 둥지를 만날 수 있다.<0A><00> || 다른 말벌과의 차이점은 둥지에서 꿀을 생산한다는 거다.<0A><00> || 그들은 주로 지하에 둥지를 짓고 매우 공격적입니다.<0A><00>",64,not_generated,
codec,443,둬,64,3,codec:443:942|codec:443:1026|codec:443:1000,"I guess there's no harm done. Should we<0A>let him keep believing it?<0A><END> || No matter how long you keep a ration,<0A>it'll never go bad. And they're surprisingly<0A>good for you, too.<0A><END> || Oh, quit your whining. You know what they<0A>say - good medicine tastes bitter.<0A><END>","피해는 없는 것 같아요. 그가 계속 믿도록 놔둬야 할까?<0A><00> || Ration은 오래 둬도 안 상해.<0A>영양도 꽤 좋아.<0A><00> || 아, 징징거리는 소리는 그만둬라. 좋은 약은 쓴 맛이 난다고 합니다.<0A><00>",64,not_generated,
codec,443,든,64,6,codec:443:1069|codec:443:843|codec:443:631|codec:443:987|codec:443:572|codec:443:921,"All of the geisha girls in Japan use it for<0A>watching their calories.<0A><END> || Almost all organisms on earth have evolved<0A>in various shapes and forms,<0A><END> || and turned into a nutritious substance<0A>full of vitamins.<0A><END> || But anyway,<0A><END> || Everything! When a normal woman sees a<0A>snake, she's supposed to scream or get<0A>sick or something like that.<0A><END> || I mean, it seems like if you ate a glowing<0A>mushroom, it might recharge your batteries<0A>or something.<0A><END>","일본의 모든 게이샤 소녀들은 칼로리를 측정하기 위해 그것을 사용합니다.<0A><00> || 지구의 거의 모든 생물은 다양한 형태로 진화했고, || 비타민이 든 영양분으로 바뀌지.<0A><00> || 어쨌든,<0A><00> || 모든 것! 평범한 여성이 Snake를 보면 비명을 지르거나 아프거나 그런 일이 일어날 거다.<0A><00> || 내 말은, 빛나는 버섯을 먹으면 배터리라든가를 재충전할 수 있을 것 같다는 거죠.<0A><00>",64,not_generated,
codec,443,듭,64,1,codec:443:1037,"It's got a tough hide, so you'll have a hard<0A>time catching one. Capturing them alive is<0A>probably out of the question.<0A><END>",이것은 단단한 피를 가지고 있어 잡기가 힘듭니다. 생포는 아마도 불가능할 거다.<0A><00>,64,not_generated,
codec,443,듯,64,1,codec:443:296,As always.<0A><END>,언제나 그랬듯이.<0A><00>,64,not_generated,
codec,443,등,64,3,codec:443:812|codec:443:842|codec:443:808,"Huh... well, if they're a kind of mackerel,<0A>they should be okay to eat, right?<0A><END> || Other ancient fish besides the arowana<0A>include the coelacanth, the starlet, and<0A>the knifefish.<0A><END> || The bigeye trevally is a type of mackerel.<0A><END>","응... 뭐, 고등어 종류라면 먹어도 괜찮겠죠?<0A><00> || 아로와나 외에 다른 고대 어류로는 실러캔스, 작은 별, 칼상어 등이 있다.<0A><00> || BIGEYE TREVALLY는 고등어의 일종이야.<0A><00>",64,not_generated,
codec,443,딧,64,1,codec:443:911,"It's bioluminescent, just like a firefly.<0A>It uses the so called luciferin-luciferase<0A>reaction.<0A><END>",반딧불처럼 생물발광이에요. 이는 소위 루시페린-루시퍼라제 반응을 사용합니다.<0A><00>,64,not_generated,
codec,443,따,64,2,codec:443:991|codec:443:692,"I'll bet if you pick one, you could soak it into<0A>a handkerchief to create a sleeping drug.<0A><END> || So you might be able to keep them away<0A>by blasting them with a special kind of<0A>sound wave.<0A><END>",따서 손수건에 적시면 수면제를 만들 수 있을 거야. || 따라서 특별한 종류의 음파를 발사하여 쫓아낼 수도 있습니다.<0A><00>,64,not_generated,
codec,443,딱,64,2,codec:443:1064|codec:443:852,"It's easy and quick to eat, so it's perfect<0A>when you are running late for an important<0A>mission in the morning.<0A><END> || The guide says they taste just fine for<0A>a fish.<0A><END>",간편하고 빠르게 먹을 수 있어서 아침에 중요한 MISSION에 지각할 때 딱 좋아요.<0A><00> || 가이드는 생선 맛이 딱 좋다고 하더군요.<0A><00>,64,not_generated,
codec,443,땅,64,1,codec:443:967,And it grows on the ground...<0A><END>,땅에서 자라는데...<0A><00>,64,not_generated,
codec,443,땠,64,1,codec:443:979,Really? How was it?<0A><END>,정말요? 어땠나요?<0A><00>,64,not_generated,
codec,443,떤,64,9,codec:443:2777|codec:443:602|codec:443:639|codec:443:557|codec:443:744|codec:443:1022|codec:443:703|codec:443:959|codec:443:776,"Alors, quel go<G7C>t <G68>a a?<0A><END> || but for some reason the ones in that area<0A>seem to be much bigger than that.<0A><END> || But how do those caecel feces taste?<0A><END> || But if I've already caught and eaten it,<0A>what does it matter which kind of snake<0A>it was?<0A><END> || Interesting. So how do they taste?<0A><END> || I've heard some nasty stories about how<0A>they taste.<0A><END> || Some people do.<0A><END> || What kind of mushroom is a spatsa?<0A><END> || What kind of parrot?<0A><END>","그럼 맛은 어떤가요?<0A><00> || 하지만 어떤 이유에서인지 그 지역의 것들은 그것보다 훨씬 더 큰 것 같습니다.<0A><00> || 그런데 저 맹장의 똥 맛은 어떤가요?<0A><00> || 하지만 이미 잡아서 먹었다면, 그것이 어떤 Snake이던 무슨 상관이겠는가?<0A><00> || 흥미롭네요. 그럼 맛은 어떤가요?<0A><00> || 맛이 어떤지에 대한 불쾌한 이야기를 들었습니다.<0A><00> || 어떤 사람들은 그렇습니다.<0A><00> || Spatsa는 어떤 버섯이야?<0A><00> || 어떤 PARROT이야?<0A><00>",64,not_generated,
codec,443,떨,64,2,codec:443:736|codec:443:734,"If you knock a nest down, a large swarm<0A>of hornets will come flying out, so be<0A>careful.<0A><END> || When you knock down a hornets' nest, a<0A>burn ointment will appear along with it, so<0A>don't forget to pick it up.<0A><END>",벌집을 떨어뜨리면 말벌 떼가 나오니 조심해. || 벌집을 떨어뜨리면<0A>화상 연고도 나오니<0A>꼭 챙겨라.<0A><00>,64,not_generated,
codec,443,떼,64,1,codec:443:736,"If you knock a nest down, a large swarm<0A>of hornets will come flying out, so be<0A>careful.<0A><END>",벌집을 떨어뜨리면 말벌 떼가 나오니 조심해.,64,not_generated,
codec,443,똥,64,1,codec:443:639,But how do those caecel feces taste?<0A><END>,그런데 저 맹장의 똥 맛은 어떤가요?<0A><00>,64,not_generated,
codec,443,뜨,64,3,codec:443:736|codec:443:1003|codec:443:734,"If you knock a nest down, a large swarm<0A>of hornets will come flying out, so be<0A>careful.<0A><END> || Uh huh. It was invented in Japan just<0A>recently. Add some hot water and it's<0A>ready to eat.<0A><END> || When you knock down a hornets' nest, a<0A>burn ointment will appear along with it, so<0A>don't forget to pick it up.<0A><END>",벌집을 떨어뜨리면 말벌 떼가 나오니 조심해. || 어허. 최근에 일본에서 발명되었습니다. 뜨거운 물을 조금 부어주면 먹을 준비가 완료됩니다.<0A><00> || 벌집을 떨어뜨리면<0A>화상 연고도 나오니<0A>꼭 챙겨라.<0A><00>,64,not_generated,
codec,443,락,64,1,codec:443:587,"Frogs usually have four toes on their front<0A>legs, but the Otton frog is unique in that<0A>it has five.<0A><END>","개구리는 보통 앞다리에 발가락이 4개 있는데, 오톤개구리는 5개라는 점이 독특합니다.<0A><00>",64,not_generated,
codec,443,란,64,6,codec:443:1038|codec:443:1722|codec:443:737|codec:443:741|codec:443:994|codec:443:871,"Magpies are dark blue and white birds with<0A>long tails that belong to the crow family.<0A><END> || Pues en persa quiere decir ""snake eater""<0A>(comedor de serpientes).<0A><END> || Snake, be careful. That area is supposed<0A>to be inhabited by cobalt blue tarantulas.<0A><END> || There are many different varieties of<0A>tarantulas. The cobalt blue is part of a<0A>group called earth tigers.<0A><END> || There should be a mushroom called the<0A>Baikal Scaly Tooth growing in that area.<0A><END> || Why? How can you eat those things?<0A>They've all purple and yellow striped, and<0A>they stink like cat pee...<0A><END>","까치는 까마귀과에 속하는 긴 꼬리를 가진 진한 파란색과 흰색의 새입니다.<0A><00> || Persian어로 Snake Eater란 뜻이지.<0A><00> || Snake, 조심하세요. 그 지역에는 코발트블루 타란툴라가 서식한다고 추정됩니다.<0A><00> || 타란툴라는 종류가 많아.<0A>Cobalt Blue는<0A>Earth Tiger 계열이야.<0A><00> || 그 지역엔 Baikal Scaly Tooth란<0A>버섯이 있을 거야.<0A><00> || 왜요? 그런 것들을 어떻게 먹을 수 있나? 모두 보라색과 노란색 줄무늬가 있고 고양이 오줌 냄새가 나요...<0A><00>",64,not_generated,
codec,443,랄,64,4,codec:443:878|codec:443:877|codec:443:891|codec:443:1059,"I see you've found some Ural luminescent<0A>mushrooms.<0A><END> || Snake, the Ural luminescent mushroom<0A>grows in that area.<0A><END> || Snake, there should be fly agaric<0A>mushrooms growing in that area.<0A><END> || that contains all the proteins, lipids, vitamins,<0A>carbohydrates and minerals needed for a<0A>balanced diet.<0A><END>","우랄 발광 버섯을 발견한 것 같군요.<0A><00> || Snake, 우랄 발광 버섯이 그 지역에서 자랍니다.<0A><00> || Snake, 그 지역에 fly agaric<0A>mushrooms이 자랄 거야.<0A><00> || 균형 잡힌 식단에 필요한 단백질, 지방, 비타민, 탄수화물, 미네랄이 모두 들어 있다.<0A><00>",64,not_generated,
codec,443,랍,64,2,codec:443:1689|codec:443:877,"Eso espero.<0A><END> || Snake, the Ural luminescent mushroom<0A>grows in that area.<0A><END>","그러기를 바랍니다.<0A><00> || Snake, 우랄 발광 버섯이 그 지역에서 자랍니다.<0A><00>",64,not_generated,
codec,443,랐,64,1,codec:443:604,"Long ago, people used the poison to coat<0A>their arrows for hunting.<0A><END>",옛날에 사람들은 사냥을 위해 화살에 독을 발랐습니다.<0A><00>,64,not_generated,
codec,443,랑,64,2,codec:443:806|codec:443:833,"Snake, that area is home to the bigeye<0A>trevally.<0A><END> || You didn't mind all the little bones or<0A>how oily it was?<0A><END>","Snake, 그 지역은 눈다랑어 전갱이의 서식지입니다.<0A><00> || 잔가시랑 기름기는<0A>신경 안 쓰였어?<0A><00>",64,not_generated,
codec,443,랜,64,3,codec:443:663|codec:443:563|codec:443:567,"I didn't say anything. So long, Snake.<0A><END> || The green tree python originally comes from<0A>Australia and New Zealand. It's a really<0A>pretty green color, and it lives...<0A><END> || They come from Australia and New<0A>Zealand?<0A><END>","나는 아무 말도 하지 않았습니다. 오랜만이에요, Snake.<0A><00> || 녹색나무비단구렁이는 원래 호주와 뉴질랜드가 원산지입니다. 정말 예쁜 녹색이고, 살아있다...<0A><00> || 호주와 뉴질랜드에서 오셨나요?<0A><00>",64,not_generated,
codec,443,량,64,5,codec:443:1017|codec:443:1068|codec:443:1018|codec:443:1016|codec:443:626,"I see you've got yourself a ration.<0A><END> || It's easy to keep track of your calorie intake<0A>and receive the nutrition your body needs, so<0A>it's good for losing weight too.<0A><END> || Rations are portable meals carried by<0A>Soviet soldiers.<0A><END> || Snake, you should be able to find some<0A>rations in that area.<0A><END> || They've been used since ancient times as<0A>a source of food, so it might be worth<0A>catching them.<0A><END>","배급량을 확보한 것 같군요.<0A><00> || 칼로리 섭취를 추적하고 몸이 필요로 하는 영양을 받을 수 있어 체중 감량에도 좋습니다.<0A><00> || 식량은 소련 군인들이 가지고 다니는 휴대용 식사입니다.<0A><00> || Snake, 그 지역에서 식량을 구할 수 있을 겁니다.<0A><00> || 예부터 식량으로 써 왔으니<0A>잡아 둘 만해.<0A><0A><00>",64,not_generated,
codec,443,럼,64,23,codec:443:3027|codec:443:2777|codec:443:810|codec:443:862|codec:443:881|codec:443:744|codec:443:880|codec:443:1061|codec:443:911|codec:443:699|codec:443:704|codec:443:1045|codec:443:537|codec:443:765|codec:443:651|codec:443:590|codec:443:518|codec:443:925|codec:443:658|codec:443:1013|codec:443:715|codec:443:615|codec:443:901,"Alors elles vont se recharger?<0A><END> || Alors, quel go<G7C>t <G68>a a?<0A><END> || Good to know. So, how do they taste?<0A><END> || Got it. So this thing must taste pretty good,<0A>huh?<0A><END> || If it looks like a shiitake mushroom,<0A>then it must be edible, right?<0A><END> || Interesting. So how do they taste?<0A><END> || It looks like a shiitake mushroom, and<0A>it's often found growing on the trunks of<0A>trees.<0A><END> || It sounds like a space-age food.<0A><END> || It's bioluminescent, just like a firefly.<0A>It uses the so called luciferin-luciferase<0A>reaction.<0A><END> || Just now you sounded like you really hated<0A>them.<0A><END> || Like you?<0A><END> || Oh, the little block that looks like a cookie?<0A><END> || OK, we'll talk about something you are<0A>interested in, then.<0A><END> || OK. So how's it taste?<0A><END> || So aren't you going to ask me...<0A><END> || So that means they must taste pretty good,<0A>huh?<0A><END> || So they don't taste good then.<0A><END> || So you're saying they'll get recharged?<0A><END> || Then I must be the first one.<0A><END> || Then what did you mean?<0A><END> || They're just a stupid made-up legend.<0A>Even if they do seem real sometimes.<0A><END> || Uh huh. So, how do they taste?<0A><END> || Yeah. So how does it taste?<0A><END>","그럼 재충전이 될까요?<0A><00> || 그럼 맛은 어떤가요?<0A><00> || 알아두면 좋아요. 그럼 맛은 어때요?<0A><00> || 알았어. 그럼 이거 맛있겠군?<0A><00> || 표고버섯처럼 생겼으니 먹어도 되겠지? || 흥미롭네요. 그럼 맛은 어떤가요?<0A><00> || 그것은 표고버섯처럼 생겼고, 종종 나무 줄기에서 자라는 것을 볼 수 있다.<0A><00> || 우주 시대의 FOOD처럼 들립니다.<0A><00> || 반딧불처럼 생물발광이에요. 이는 소위 루시페린-루시퍼라제 반응을 사용합니다.<0A><00> || 방금 당신은 그 사람들을 정말 싫어하는 것처럼 들렸어요.<0A><00> || 너처럼?<0A><00> || 아, 쿠키처럼 생긴 작은 블록?<0A><00> || 좋아요, 그럼 당신이 관심을 갖고 있는 것에 대해 이야기하겠습니다.<0A><00> || 알겠습니다. 그럼 맛은 어때요?<0A><00> || 그럼 나한테 물어보지 않겠습니까...<0A><00> || 그럼 맛이 꽤 괜찮다는 뜻이겠죠?<0A><00> || 그럼 맛이 없다는 거군.<0A><00> || 그럼 충전된다는 거야?<0A><00> || 그럼 내가 처음이군.<0A><00> || 그럼 무슨 말씀이셨나요?<0A><00> || 그들은 단지 어리석게 꾸며낸 전설일 뿐입니다. 때로는 진짜처럼 보일지라도.<0A><00> || 어허. 그럼 맛은 어때요?<0A><00> || 네. 그럼 맛은 어때요?<0A><00>",64,not_generated,
codec,443,럽,64,3,codec:443:844|codec:443:625|codec:443:489,"but these fish have kept the same form for<0A>hundreds of millions of years. Baffling, isn't<0A>it?<0A><END> || The European rabbit is said to have come<0A>from the Mediterranean region originally. But<0A>nowadays they're found all over the world.<0A><END> || You're making me blush.<0A><END>",이 물고기는 수억 년 동안 같은 형태를 유지해 왔습니다. 당황스럽죠?<0A><00> || 유럽토끼는 원래 지중해 지역이 원산지라고 합니다. 하지만 요즘에는 전 세계에서 발견됩니다.<0A><00> || 부끄럽게 하네.<0A><00>,64,not_generated,
codec,443,렁,64,4,codec:443:561|codec:443:560|codec:443:562|codec:443:563,"I see you caught yourself a green tree<0A>python.<0A><END> || Snake, that area is inhabited by the green<0A>tree python.<0A><END> || The green tree python isn't venomous, so<0A>no need to worry. It's fairly docile, too, so<0A>I don't think it's likely to attack you.<0A><END> || The green tree python originally comes from<0A>Australia and New Zealand. It's a really<0A>pretty green color, and it lives...<0A><END>","초록나무비단구렁이를 잡으셨군요.<0A><00> || Snake, 그 지역에는 녹색 나무 비단구렁이가 살고 있습니다.<0A><00> || 초록나무비단구렁이는 독이 없으므로 걱정할 필요가 없습니다. 게다가 꽤 온순해서 공격할 가능성은 없을 것 같아요.<0A><00> || 녹색나무비단구렁이는 원래 호주와 뉴질랜드가 원산지입니다. 정말 예쁜 녹색이고, 살아있다...<0A><00>",64,not_generated,
codec,443,렉,64,2,codec:443:781|codec:443:778,But it's strange. The guide doesn't say<0A>anything about there being Alexandrine<0A>Parakeets in that area.<0A><END> || Then it's probably an Alexandrine Parakeet.<0A>It's sometimes also called the Alexandrine<0A>parrot.<0A><END>,그런데 이상해요. 가이드는 그 지역에 알렉산드린 잉꼬가 있다는 것에 대해 아무 말도 하지 않습니다.<0A><00> || 그렇다면 아마도 Alexandrine 앵무새일 겁니다. 때로는 알렉산드린 앵무새라고도 불립니다.<0A><00>,64,not_generated,
codec,443,력,64,4,codec:443:763|codec:443:525|codec:443:603|codec:443:508,"Its venom is a potent neurotoxin,<0A>so take care that you don't get stung.<0A><END> || Its venom is a very potent neurotoxin,<0A>so don't let it bite you.<0A><END> || Poison dart frogs are known to carry a<0A>potent neurotoxin called pumiliotoxin.<0A><END> || The Thai cobra is a large venomous snake<0A>that carries an extremely potent neurotoxin.<0A>Be careful not to get bitten.<0A><END>","독은 강력한 신경독이므로 쏘이지 않도록 조심하세요.<0A><00> || 이 독은 매우 강력한 신경독이에요, 그러니 물리지 마세요.<0A><00> || 독화살개구리는 푸밀리오톡신이라는 강력한 신경독을 운반하는 것으로 알려져 있다.<0A><00> || 타이 코브라는 매우 강력한 신경독을 운반하는 대형 독성 Snake입니다. 물리지 않도록 주의해.<0A><00>",64,not_generated,
codec,443,련,64,3,codec:443:3123|codec:443:1018|codec:443:1021,"Plut<G75>t des repas 'd<G6A>gueulasses' portatifs<0A>utilis<G6A>s par les soldats sovi<G6A>tiques.<0A><END> || Rations are portable meals carried by<0A>Soviet soldiers.<0A><END> || They're ""disgusting"" portable meals carried<0A>by Soviet soldiers.<0A><END>","소련군이 사용하는 오히려 '역겨운' 휴대용 식사입니다.<0A><00> || 식량은 소련 군인들이 가지고 다니는 휴대용 식사입니다.<0A><00> || 소련 군인들이 가지고 다니는 ""역겨운"" 휴대용 식사입니다.<0A><00>",64,not_generated,
codec,443,렴,64,1,codec:443:1004,"It's cheap and can be stored for a long time.<0A>And besides, it's delicious. It's like a miracle<0A>food.<0A><END>",저렴하고 오래 보관할 수 있다. 게다가 맛도 있다. 마치 기적의 FOOD 같습니다.<0A><00>,64,not_generated,
codec,443,렵,64,1,codec:443:709,Are you afraid?<0A><END>,두렵나요?<0A><00>,64,not_generated,
codec,443,렸,64,1,codec:443:699,Just now you sounded like you really hated<0A>them.<0A><END>,방금 당신은 그 사람들을 정말 싫어하는 것처럼 들렸어요.<0A><00>,64,not_generated,
codec,443,례,64,1,codec:443:934,"Um, Snake, can you excuse me for<0A>a second?<0A><END>","음, Snake, 잠시 실례해도 될까요?<0A><00>",64,not_generated,
codec,443,론,64,3,codec:443:1725|codec:443:889|codec:443:735,"En absoluto.<0A><END> || Er, I mean, of course it's poisonous.<0A>Says so right there in the guide.<0A><END> || Of course, the hornets aren't going to give<0A>up their nest without a fight.<0A><END>","는 물론입니다.<0A><00> || 어, 물론 독이 있단 말이에요. 가이드에 그렇게 나와있어요.<0A><00> || 물론, 말벌은 싸움 없이 둥지를 포기하지 않을 거다.<0A><00>",64,not_generated,
codec,443,롭,64,4,codec:443:744|codec:443:825|codec:443:160|codec:443:705,"Interesting. So how do they taste?<0A><END> || Interesting. So, how does it taste?<0A><END> || This isn't interesting.<0A><END> || Yeah. They're fascinating, you know?<0A>Like the movie ""Dra...""<0A><END>",흥미롭네요. 그럼 맛은 어떤가요?<0A><00> || 흥미롭네요. 맛은 어떠한가요?<0A><00> || 이것은 흥미롭지 않습니다.<0A><00> || 그래. 흥미롭잖아? 영화 Dra...<0A><00>,64,not_generated,
codec,443,료,64,4,codec:443:497|codec:443:467|codec:443:468|codec:443:1003,"If it bites you, go into the Survival Viewer<0A>immediately and use the ""CURE"" option to<0A>inject yourself with serum.<0A><END> || Snake, what are you doing!?<0A>Hurry up and treat those wounds!<0A><END> || Snake, you're not done treating yourself.<0A>Go back into the Survival Viewer and treat<0A>the rest of your wounds!<0A><END> || Uh huh. It was invented in Japan just<0A>recently. Add some hot water and it's<0A>ready to eat.<0A><END>","물린 경우 즉시 SURVIVAL로 가서 ""치료"" 옵션을 사용하여 혈청을 주사해.<0A><00> || Snake, 뭐하는 거야!? 서둘러서 상처를 치료하세요!<0A><00> || Snake, 아직 치료가 끝나지 않았습니다. SURVIVAL로 돌아가서 나머지 상처를 치료하세요!<0A><00> || 어허. 최근에 일본에서 발명되었습니다. 뜨거운 물을 조금 부어주면 먹을 준비가 완료됩니다.<0A><00>",64,not_generated,
codec,443,룹,64,1,codec:443:914,The carbonyl groups in the oxyluciferin are<0A>initially in an electrically excited state.<0A><END>,옥시루시페린의 카르보닐 그룹은 초기에 전기적으로 여기된 상태에 있습니다.<0A><00>,64,not_generated,
codec,443,류,64,6,codec:443:728|codec:443:812|codec:443:793|codec:443:842|codec:443:692|codec:443:741,"Baltic Hornets are a variety of hornets that<0A>inhabit that area.<0A><END> || Huh... well, if they're a kind of mackerel,<0A>they should be okay to eat, right?<0A><END> || I don't think it'll attack you, but it's a fairly<0A>large bird of prey,<0A><END> || Other ancient fish besides the arowana<0A>include the coelacanth, the starlet, and<0A>the knifefish.<0A><END> || So you might be able to keep them away<0A>by blasting them with a special kind of<0A>sound wave.<0A><END> || There are many different varieties of<0A>tarantulas. The cobalt blue is part of a<0A>group called earth tigers.<0A><END>","Baltic Hornet은 그 지역에 사는 말벌 종류야. || 응... 뭐, 고등어 종류라면 먹어도 괜찮겠죠?<0A><00> || 공격할 것 같지는 않지만 꽤 큰 맹금류인데,<0A><00> || 아로와나 외에 다른 고대 어류로는 실러캔스, 작은 별, 칼상어 등이 있다.<0A><00> || 따라서 특별한 종류의 음파를 발사하여 쫓아낼 수도 있습니다.<0A><00> || 타란툴라는 종류가 많아.<0A>Cobalt Blue는<0A>Earth Tiger 계열이야.<0A><00>",64,not_generated,
codec,443,륙,64,1,codec:443:524,The coral snake is a venomous snake that<0A>originally hails from the Americas.<0A><END>,산호뱀은 원래 아메리카 대륙이 원산지인 독사입니다.<0A><00>,64,not_generated,
codec,443,른,64,7,codec:443:528|codec:443:488|codec:443:842|codec:443:531|codec:443:729|codec:443:484|codec:443:532,"Apparently, the bright, flashy colors and<0A>pattern let other animals know that it carries<0A>a deadly poison.<0A><END> || It seems you're the one whose diet<0A>consists of other snakes.<0A><END> || Other ancient fish besides the arowana<0A>include the coelacanth, the starlet, and<0A>the knifefish.<0A><END> || See, by mimicking other poisonous creatures,<0A>they increase their chances of survival.<0A><END> || The difference between them and other<0A>hornets is that they produce honey in<0A>their nests.<0A><END> || The king cobra's diet consists mostly of<0A>other snakes. Be careful or you might end<0A>up as its next meal.<0A><END> || There is another non-poisonous snake called<0A>the milk snake that borrows its coloring from<0A>the coral snake.<0A><END>","밝고 화려한 색상과 무늬를 통해 다른 동물들에게 치명적인 독을 가지고 있다는 사실을 알려주는 것 같습니다.<0A><00> || 당신은 다른 뱀을 먹는 사람인 것 같습니다.<0A><00> || 아로와나 외에 다른 고대 어류로는 실러캔스, 작은 별, 칼상어 등이 있다.<0A><00> || 보세요, 다른 독성 생물을 흉내내면 SURVIVAL의 가능성이 높아집니다.<0A><00> || 다른 말벌과의 차이점은 둥지에서 꿀을 생산한다는 거다.<0A><00> || 킹 코브라의 식단은 대부분 다른 뱀으로 구성됩니다. 조심하지 않으면 다음 식사로 끝날 수도 있습니다.<0A><00> || 산호 Snake에서 색상을 빌려온 우유 Snake라는 또 다른 무독성 Snake가 있다.<0A><00>",64,not_generated,
codec,443,름,64,3,codec:443:826|codec:443:953|codec:443:833,According to the guide... it's good. But it's<0A>kind of oily and has a lot of little bones.<0A><END> || Interesting name.<0A><END> || You didn't mind all the little bones or<0A>how oily it was?<0A><END>,가이드님 말씀대로... 좋아요. 그런데 좀 기름지고 작은 뼈가 많아요.<0A><00> || 흥미로운 이름다.<0A><00> || 잔가시랑 기름기는<0A>신경 안 쓰였어?<0A><00>,64,not_generated,
codec,443,릭,64,1,codec:443:633,That's a neat trick. I think I'll give it a try.<0A><END>,정말 멋진 트릭이네요. 한번 시도해 볼 것 같아요.<0A><00>,64,not_generated,
codec,443,린,64,11,codec:443:483|codec:443:913|codec:443:781|codec:443:497|codec:443:509|codec:443:740|codec:443:911|codec:443:746|codec:443:914|codec:443:778|codec:443:815,"As soon as you're bitten, go into the<0A>Survival Viewer and use ""CURE"" to give<0A>yourself a serum injection.<0A><END> || breaking it down into oxyluciferin and<0A>carbon dioxide.<0A><END> || But it's strange. The guide doesn't say<0A>anything about there being Alexandrine<0A>Parakeets in that area.<0A><END> || If it bites you, go into the Survival Viewer<0A>immediately and use the ""CURE"" option to<0A>inject yourself with serum.<0A><END> || If you do get bitten, go into the Survival<0A>Viewer right away and use ""CURE"" to<0A>give yourself a serum injection.<0A><END> || If you get bitten, go into the Survival<0A>Viewer immediately and use ""CURE"" to<0A>administer a serum injection.<0A><END> || It's bioluminescent, just like a firefly.<0A>It uses the so called luciferin-luciferase<0A>reaction.<0A><END> || Naturally... So?<0A><END> || The carbonyl groups in the oxyluciferin are<0A>initially in an electrically excited state.<0A><END> || Then it's probably an Alexandrine Parakeet.<0A>It's sometimes also called the Alexandrine<0A>parrot.<0A><END> || Well, I've heard stories about people<0A>getting ciguatera poisoning after eating<0A>the adult fish.<0A><END>","물린 즉시 SURVIVAL로 가서 ""CURE""를 사용하여 혈청 주사를 맞으세요.<0A><00> || 는 이를 옥시루시페린과 이산화탄소로 분해합니다.<0A><00> || 그런데 이상해요. 가이드는 그 지역에 알렉산드린 잉꼬가 있다는 것에 대해 아무 말도 하지 않습니다.<0A><00> || 물린 경우 즉시 SURVIVAL로 가서 ""치료"" 옵션을 사용하여 혈청을 주사해.<0A><00> || 물린 경우 즉시 Survival Viewer에 가서 ""CURE""를 사용하여 혈청 주사를 맞으십시오.<0A><00> || 물린 경우 즉시 SURVIVAL로 가서 ""CURE""를 사용하여 혈청 주사를 투여해.<0A><00> || 반딧불처럼 생물발광이에요. 이는 소위 루시페린-루시퍼라제 반응을 사용합니다.<0A><00> || 당연히... 그래서요? 소음기를 부착하거나 분리하려면 터치 스크린의 무기 아이콘 근처에 있는<0A><00> || 옥시루시페린의 카르보닐 그룹은 초기에 전기적으로 여기된 상태에 있습니다.<0A><00> || 그렇다면 아마도 Alexandrine 앵무새일 겁니다. 때로는 알렉산드린 앵무새라고도 불립니다.<0A><00> || 글쎄요, 성어를 먹은 후 시가테라 중독에 걸린 사람들에 대한 이야기를 들었습니다.<0A><00>",64,not_generated,
codec,443,릴,64,1,codec:443:605,"Watch out because if you eat one, you'll<0A>get food poisoning.<0A><END>",하나 먹으면 FOOD 중독에 걸릴 수 있으니 주의해.<0A><00>,64,not_generated,
codec,443,림,64,1,codec:443:600,The poison dart frog is native to the tropical<0A>rain forests of Central and South America.<0A><END>,독화살개구리는 중남미의 열대 우림이 원산지입니다.<0A><00>,64,not_generated,
codec,443,립,64,2,codec:443:1061|codec:443:778,It sounds like a space-age food.<0A><END> || Then it's probably an Alexandrine Parakeet.<0A>It's sometimes also called the Alexandrine<0A>parrot.<0A><END>,우주 시대의 FOOD처럼 들립니다.<0A><00> || 그렇다면 아마도 Alexandrine 앵무새일 겁니다. 때로는 알렉산드린 앵무새라고도 불립니다.<0A><00>,64,not_generated,
codec,443,막,64,2,codec:443:733|codec:443:529,"Honey can also be used as a burn ointment.<0A>When honey is applied to a burn, it creates<0A>a protective coating over the skin.<0A><END> || That keeps them from attacking.<0A><END>",꿀은 화상 연고로도 사용할 수 있다. 꿀을 화상 부위에 바르면 피부 위에 보호막이 형성됩니다.<0A><00> || 그것이 그들이 공격하는 것을 막아줍니다.<0A><00>,64,not_generated,
codec,443,많,64,9,codec:443:826|codec:443:660|codec:443:1072|codec:443:480|codec:443:780|codec:443:972|codec:443:1968|codec:443:530|codec:443:741,"According to the guide... it's good. But it's<0A>kind of oily and has a lot of little bones.<0A><END> || But for all the trouble it took to catch one,<0A>it wasn't that good.<0A><END> || I see. You seem to know a lot about Japan<0A>don't you?<0A><END> || Its large size means that it has a lot<0A>of venom to inject. One bite is supposedly<0A>enough to kill an elephant.<0A><END> || It's very talkative and makes a good pet.<0A><END> || OK, so I don't know that much about it.<0A>Why don't you eat one and see? It might<0A>be pretty tasty.<0A><END> || Pues no mucho.<0A><END> || There are many animals that mimic the<0A>colors of known poisonous animals as<0A>a defense.<0A><END> || There are many different varieties of<0A>tarantulas. The cobalt blue is part of a<0A>group called earth tigers.<0A><END>","가이드님 말씀대로... 좋아요. 그런데 좀 기름지고 작은 뼈가 많아요.<0A><00> || 한 마리를 잡는 데 수고가 많았음에도 불구하고 그다지 좋지는 않았습니다.<0A><00> || 그렇군요. 일본에 대해 많이 아는 것 같죠?<0A><00> || 크기가 크다는 것은 주입할 독이 많다는 것을 의미합니다. 한 입이면 코끼리를 죽일 수 있다고 합니다.<0A><00> || 말이 많고 PET으로 좋아.<0A><00> || 좋습니다. 그래서 저는 그것에 대해 많이 알지 못합니다. 하나 먹어보고 보는 게 어때? 꽤 맛있을 수도 있겠네요.<0A><00> || 글쎄, 많지는 않습니다.<0A><00> || 방어를 위해 알려진 독동물의 색깔을 흉내내는 동물이 많이 있다.<0A><00> || 타란툴라는 종류가 많아.<0A>Cobalt Blue는<0A>Earth Tiger 계열이야.<0A><00>",64,not_generated,
codec,443,맛,64,45,codec:443:490|codec:443:1537|codec:443:2777|codec:443:866|codec:443:883|codec:443:695|codec:443:639|codec:443:503|codec:443:2985|codec:443:810|codec:443:862|codec:443:905|codec:443:619|codec:443:592|codec:443:731|codec:443:744|codec:443:825|codec:443:1030|codec:443:747|codec:443:678|codec:443:1046|codec:443:1041|codec:443:1004|codec:443:1022|codec:443:874|codec:443:579|codec:443:1000|codec:443:972|codec:443:765|codec:443:1062|codec:443:590|codec:443:518|codec:443:675|codec:443:852|codec:443:829|codec:443:538|codec:443:856|codec:443:1055|codec:443:615|codec:443:486|codec:443:516|codec:443:901|codec:443:554|codec:443:882|codec:443:475,"...The guide says they taste just fine.<0A><END> || A qu<G6A> sabe, <G40>no?<0A><END> || Alors, quel go<G7C>t <G68>a a?<0A><END> || And crabs are good to eat.<0A><END> || And it tastes like...<0A><END> || As for taste... I suppose there's no<0A>reason you couldn't eat them.<0A><END> || But how do those caecel feces taste?<0A><END> || But you were going to ask, weren't you?<0A>About the taste?<0A><END> || Et son go<G7C>t...<0A><END> || Good to know. So, how do they taste?<0A><END> || Got it. So this thing must taste pretty good,<0A>huh?<0A><END> || I heard you. But if I did eat it, it might taste<0A>good right?<0A><END> || I know what they are.<0A>Do they taste OK?<0A><END> || I tried one, and it was pretty tasty.<0A>I can see why it's a delicacy.<0A><END> || In particular, the honey you find inside<0A>the nest is delicious and full of nutrients.<0A><END> || Interesting. So how do they taste?<0A><END> || Interesting. So, how does it taste?<0A><END> || It grows mainly on the branches of trees<0A>and is quite delicious.<0A><END> || It says here they're not very good.<0A><END> || It tasted pretty good. I think I'll have it<0A>again sometime.<0A><END> || It was pretty good.<0A><END> || It's big and tasty, so I think it'd be worth<0A>searching for.<0A><END> || It's cheap and can be stored for a long time.<0A>And besides, it's delicious. It's like a miracle<0A>food.<0A><END> || I've heard some nasty stories about how<0A>they taste.<0A><END> || Let's see here. The guide says... no way.<0A>It says they're delicious.<0A><END> || No, I... I just wanted you to tell me how<0A>it tastes.<0A><END> || Oh, quit your whining. You know what they<0A>say - good medicine tastes bitter.<0A><END> || OK, so I don't know that much about it.<0A>Why don't you eat one and see? It might<0A>be pretty tasty.<0A><END> || OK. So how's it taste?<0A><END> || Real astronaut food is not very good, but<0A>that should taste fine.<0A><END> || So that means they must taste pretty good,<0A>huh?<0A><END> || So they don't taste good then.<0A><END> || So, how does it taste?<0A><END> || The guide says they taste just fine for<0A>a fish.<0A><END> || The taste is,.. well, you've already eaten<0A>one, right?<0A><END> || The taste!?<0A><END> || They taste pretty good.<0A><END> || Try it. It's pretty good.<0A><END> || Uh huh. So, how do they taste?<0A><END> || What -- How does it taste?<0A><END> || Why not? They taste pretty good.<0A><END> || Yeah. So how does it taste?<0A><END> || Yeah. The guide says milk snakes don't<0A>taste very good.<0A><END> || Yep. I can't guarantee that it'll taste<0A>like a shiitake mushroom, though,<0A><END> || yes, keeping animals alive prevents them<0A>from rotting and makes them taste better<0A>when you eat them.<0A><END>","...가이드가 맛있다고 하더군요.<0A><00> || 맛이 어때요?<0A><00> || 그럼 맛은 어떤가요?<0A><00> || CRAB은 먹어도 맛있어.<0A><00> || 맛은...<0A><00> || 맛은... 못 먹을 수 없겠지. || 그런데 저 맹장의 똥 맛은 어떤가요?<0A><00> || 맛을 물으려던 거지?<0A><00> || 그리고 그 맛은...<0A><00> || 알아두면 좋아요. 그럼 맛은 어때요?<0A><00> || 알았어. 그럼 이거 맛있겠군?<0A><00> || 잘 들었습니다. 하지만 먹으면 맛있을 수도 있겠죠?<0A><00> || 나는 그것이 무엇인지 알고 있다. 맛은 괜찮나요?<0A><00> || 하나 먹어봤는데 꽤 맛있었어요. 왜 별미인지 알겠어요.<0A><00> || 특히 둥지 속에서 찾은 꿀은 맛있고 영양도 풍부합니다.<0A><00> || 흥미롭네요. 그럼 맛은 어떤가요?<0A><00> || 흥미롭네요. 맛은 어떠한가요?<0A><00> || 그것은 주로 나무 가지 위에서 자라며 꽤 맛있다.<0A><00> || GUIDE에는 맛이 별로래.<0A><00> || 맛이 꽤 괜찮았어요. 언젠가 또 먹을 것 같아요.<0A><00> || 꽤 맛있었어.<0A><00> || 크고 맛있으니 찾아볼 만해.<0A><00> || 저렴하고 오래 보관할 수 있다. 게다가 맛도 있다. 마치 기적의 FOOD 같습니다.<0A><00> || 맛이 어떤지에 대한 불쾌한 이야기를 들었습니다.<0A><00> || 여기를 살펴보겠습니다. 가이드는... 안돼요. 맛있다고 하네요.<0A><00> || 아니, 난... 맛을 말해 달라고 했을 뿐이야.<0A><00> || 아, 징징거리는 소리는 그만둬라. 좋은 약은 쓴 맛이 난다고 합니다.<0A><00> || 좋습니다. 그래서 저는 그것에 대해 많이 알지 못합니다. 하나 먹어보고 보는 게 어때? 꽤 맛있을 수도 있겠네요.<0A><00> || 알겠습니다. 그럼 맛은 어때요?<0A><00> || 실제 우주비행사 음식은 별로 좋지는 않지만 맛은 괜찮을 것 같아요.<0A><00> || 그럼 맛이 꽤 괜찮다는 뜻이겠죠?<0A><00> || 그럼 맛이 없다는 거군.<0A><00> || 그래서 맛이 어때?<0A><00> || 가이드는 생선 맛이 딱 좋다고 하더군요.<0A><00> || 맛은,.. 뭐, 이미 한 번 드셔보셨죠?<0A><00> || 맛!?<0A><00> || 맛이 꽤 좋아요.<0A><00> || 먹어 봐. 꽤 맛있어.<0A><00> || 어허. 그럼 맛은 어때요?<0A><00> || 뭐 -- 맛이 어때요?<0A><00> || 왜 안 돼? 맛있어.<0A><00> || 네. 그럼 맛은 어때요?<0A><00> || 그래. 가이드엔 밀크스네이크는<0A>맛없다고 적혀 있어.<0A><00> || 그래. 표고버섯 맛은<0A>장담 못 하지만,<0A><00> || 그래. 동물을 살려두면<0A>썩지 않고 먹을 때도<0A>더 맛있어.<0A><00>",64,not_generated,
codec,443,망,64,3,codec:443:998|codec:443:1033|codec:443:1028,"I think you're going to be disappointed.<0A><END> || The reticulated python is said to be the<0A>longest snake in the world. It's not venomous,<0A>but it still poses a threat, so watch out.<0A><END> || You are hopeless...<0A><END>",내 생각엔 당신이 실망할 것 같아요.<0A><00> || 망상 비단뱀은 세계에서 가장 긴 Snake라고 합니다. 독성은 없지만 여전히 위협적이므로 조심해.<0A><00> || 당신은 절망적입니다...<0A><00>,64,not_generated,
codec,443,맞,64,6,codec:443:483|codec:443:509|codec:443:864|codec:443:1071|codec:443:629|codec:443:1063,"As soon as you're bitten, go into the<0A>Survival Viewer and use ""CURE"" to give<0A>yourself a serum injection.<0A><END> || If you do get bitten, go into the Survival<0A>Viewer right away and use ""CURE"" to<0A>give yourself a serum injection.<0A><END> || It's a crab, isn't it?<0A><END> || Right. And any diet where you eat nothing<0A>at all is bad for the body.<0A><END> || That's right. It's called caecal feces.<0A><END> || Yeah, and it will help balance out all<0A>this jungle food I'm eating.<0A><END>","물린 즉시 SURVIVAL로 가서 ""CURE""를 사용하여 혈청 주사를 맞으세요.<0A><00> || 물린 경우 즉시 Survival Viewer에 가서 ""CURE""를 사용하여 혈청 주사를 맞으십시오.<0A><00> || 게 맞죠?<0A><00> || 맞습니다. 그리고 아무것도 먹지 않는 다이어트는 모두 몸에 좋지 않습니다.<0A><00> || 맞습니다. 맹장변이라고 합니다.<0A><00> || 그래, 정글 음식만 먹는 것도<0A>영양 균형이 맞겠군.<0A><00>",64,not_generated,
codec,443,매,64,7,codec:443:481|codec:443:1729|codec:443:525|codec:443:847|codec:443:544|codec:443:508|codec:443:742,"And it's extremely vicious as well,<0A>so watch out.<0A><END> || Est<G62> muy buena, no me importar<G6E>a repetir.<0A><END> || Its venom is a very potent neurotoxin,<0A>so don't let it bite you.<0A><END> || Not at all. I'm fascinated by ancient fish.<0A><END> || The milk snake closely resembles the coral<0A>snake, but it's actually not venomous.<0A><END> || The Thai cobra is a large venomous snake<0A>that carries an extremely potent neurotoxin.<0A>Be careful not to get bitten.<0A><END> || They build their nests mainly underground<0A>and are highly aggressive.<0A><END>","게다가 매우 악의적이므로 조심해.<0A><00> || 매우 좋습니다. 반복해도 괜찮습니다.<0A><00> || 이 독은 매우 강력한 신경독이에요, 그러니 물리지 마세요.<0A><00> || 전혀 아니에요. 저는 고대 물고기에 매혹돼 있어요.<0A><00> || 우유뱀은 산호뱀과 매우 유사하지만 실제로는 독이 없습니다.<0A><00> || 타이 코브라는 매우 강력한 신경독을 운반하는 대형 독성 Snake입니다. 물리지 않도록 주의해.<0A><00> || 그들은 주로 지하에 둥지를 짓고 매우 공격적입니다.<0A><00>",64,not_generated,
codec,443,맹,64,7,codec:443:639|codec:443:793|codec:443:858|codec:443:629|codec:443:893|codec:443:860|codec:443:630,"But how do those caecel feces taste?<0A><END> || I don't think it'll attack you, but it's a fairly<0A>large bird of prey,<0A><END> || Snake, that area is home to the Kenyan<0A>mangrove crabs.<0A><END> || That's right. It's called caecal feces.<0A><END> || The fly agaric is a relative of the deathcap<0A>mushroom that grows only in that region.<0A><END> || The Kenyan mangrove crab is a land-going<0A>crab. It lives in burrows dug near seashores<0A>and mangrove swamps.<0A><END> || When the rabbit eats fiber, the fiber is<0A>fermented in the rabbit's appendix, or<0A>caecum,<0A><END>","그런데 저 맹장의 똥 맛은 어떤가요?<0A><00> || 공격할 것 같지는 않지만 꽤 큰 맹금류인데,<0A><00> || Snake, 그 지역은 케냐 맹그로브 게의 서식지입니다.<0A><00> || 맞습니다. 맹장변이라고 합니다.<0A><00> || 독버섯은 그 지역에서만 자라는 맹독 버섯의 친척이야.<0A><00> || 케냐 맹그로브 게는 육지로 이동하는 게입니다. 해변이나 맹그로브 습지 근처에 굴을 파서 산다.<0A><00> || 토끼가 섬유질을 먹으면 토끼의 맹장, 즉 맹장에서 섬유질이 발효되어,<0A><00>",64,not_generated,
codec,443,먹,64,53,codec:443:866|codec:443:1008|codec:443:745|codec:443:695|codec:443:557|codec:443:919|codec:443:786|codec:443:552|codec:443:553|codec:443:973|codec:443:657|codec:443:1051|codec:443:812|codec:443:978|codec:443:905|codec:443:921|codec:443:592|codec:443:1014|codec:443:881|codec:443:895|codec:443:635|codec:443:730|codec:443:818|codec:443:488|codec:443:678|codec:443:1064|codec:443:1032|codec:443:3030|codec:443:1794|codec:443:972|codec:443:520|codec:443:627|codec:443:1071|codec:443:819|codec:443:801|codec:443:632|codec:443:988|codec:443:682|codec:443:628|codec:443:798|codec:443:515|codec:443:1055|codec:443:1003|codec:443:605|codec:443:875|codec:443:815|codec:443:630|codec:443:871|codec:443:1063|codec:443:475|codec:443:945|codec:443:805|codec:443:850,"And crabs are good to eat.<0A><END> || Are you going to eat that?<0A><END> || Are you really going to eat them?<0A><END> || As for taste... I suppose there's no<0A>reason you couldn't eat them.<0A><END> || But if I've already caught and eaten it,<0A>what does it matter which kind of snake<0A>it was?<0A><END> || By the way, does that mushroom recharge<0A>your batteries when you eat it?<0A><END> || Don't EVEN think about it! Eating a cute<0A>little bird like that...<0A><END> || Eat it.<0A><END> || Eat it?<0A><END> || Eat one and see? What do I look like,<0A>a lab rat?<0A><END> || Gee, maybe it's because no one would<0A>ever think of eating a flying squirrel.<0A><END> || Hold on...you just ate something without<0A>even knowing what it was?<0A><END> || Huh... well, if they're a kind of mackerel,<0A>they should be okay to eat, right?<0A><END> || I already tried one.<0A><END> || I heard you. But if I did eat it, it might taste<0A>good right?<0A><END> || I mean, it seems like if you ate a glowing<0A>mushroom, it might recharge your batteries<0A>or something.<0A><END> || I tried one, and it was pretty tasty.<0A>I can see why it's a delicacy.<0A><END> || I was just going to say that if you weren't<0A>going to eat it, you should bring it back to<0A>me. I've always wanted to try some.<0A><END> || If it looks like a shiitake mushroom,<0A>then it must be edible, right?<0A><END> || If you do eat one, go into the Survival<0A>Viewer immediately and use CURE to<0A>take some antidote.<0A><END> || I'm just kidding. You really thought I was<0A>going to eat it?<0A><END> || Inside the nest are larva, pupa, and<0A>adults - you can eat them all.<0A><END> || It apparently gives you food poisoning<0A>when you eat it.<0A><END> || It seems you're the one whose diet<0A>consists of other snakes.<0A><END> || It tasted pretty good. I think I'll have it<0A>again sometime.<0A><END> || It's easy and quick to eat, so it's perfect<0A>when you are running late for an important<0A>mission in the morning.<0A><END> || It's known to be edible, so keep an eye out<0A>for it.<0A><END> || J'en ai mang<G6A> un, et <G68>a a recharg<G6A> mes<0A>batteries!<0A><END> || No s<G74>lo comen insectos, tambi<G6A>n comen<0A>ratones e incluso serpientes.<0A><END> || OK, so I don't know that much about it.<0A>Why don't you eat one and see? It might<0A>be pretty tasty.<0A><END> || OK... so, you're saying they might be good<0A>to eat, right?<0A><END> || Rabbits are known to eat their own<0A>excrement.<0A><END> || Right. And any diet where you eat nothing<0A>at all is bad for the body.<0A><END> || So I can't eat those bigeye trevally?<0A><END> || So, then, if a person eats a white-rumped<0A>vulture, does that mean he's eating human<0A>meat, too?<0A><END> || The rabbit excretes this substance and then<0A>eats it again to absorb the nutrients.<0A><END> || the reason the spatsa puts you to sleep when<0A>you eat it is because it contains a type of<0A>anesthetic substance similar to an alkaloid.<0A><END> || The vampire bat bites its victims and sucks<0A>their blood.<0A><END> || They eat their own...?<0A><END> || They say the white-rumped vulture doesn't<0A>just eat animal carcasses. It eats human<0A>ones as well.<0A><END> || They're NOT for eating.<0A><END> || Try it. It's pretty good.<0A><END> || Uh huh. It was invented in Japan just<0A>recently. Add some hot water and it's<0A>ready to eat.<0A><END> || Watch out because if you eat one, you'll<0A>get food poisoning.<0A><END> || Well, if you want to eat one, then you go<0A>right ahead. But count me out.<0A><END> || Well, I've heard stories about people<0A>getting ciguatera poisoning after eating<0A>the adult fish.<0A><END> || When the rabbit eats fiber, the fiber is<0A>fermented in the rabbit's appendix, or<0A>caecum,<0A><END> || Why? How can you eat those things?<0A>They've all purple and yellow striped, and<0A>they stink like cat pee...<0A><END> || Yeah, and it will help balance out all<0A>this jungle food I'm eating.<0A><END> || yes, keeping animals alive prevents them<0A>from rotting and makes them taste better<0A>when you eat them.<0A><END> || Yes, the Russian glowcap is a glowing<0A>mushroom, so it'll recharge your batteries<0A>when you eat it.<0A><END> || You had to tell me that after I ate one.<0A><END> || You're wondering whether they'd make<0A>a good meal.<0A><END>","CRAB은 먹어도 맛있어.<0A><00> || 그거 먹을 거야?<0A><00> || 정말 먹을 건가요?<0A><00> || 맛은... 못 먹을 수 없겠지. || 하지만 이미 잡아서 먹었다면, 그것이 어떤 Snake이던 무슨 상관이겠는가?<0A><00> || 그런데 저 버섯을 먹으면 배터리가 충전되나요?<0A><00> || 그것에 대해 생각조차 하지 마세요! 저렇게 귀여운 새를 먹다니...<0A><00> || 먹어 봐.<0A><00> || 먹어요?<0A><00> || 먹어 보라고? 내가 실험쥐야?<0A><00> || 이런, 어쩌면 아무도 날다람쥐를 먹을 생각을 하지 않기 때문일 수도 있다.<0A><00> || 잠깐...뭔지 모르고 먹은 거야? || 응... 뭐, 고등어 종류라면 먹어도 괜찮겠죠?<0A><00> || 이미 하나 먹었어.<0A><00> || 잘 들었습니다. 하지만 먹으면 맛있을 수도 있겠죠?<0A><00> || 내 말은, 빛나는 버섯을 먹으면 배터리라든가를 재충전할 수 있을 것 같다는 거죠.<0A><00> || 하나 먹어봤는데 꽤 맛있었어요. 왜 별미인지 알겠어요.<0A><00> || 그냥 안 먹을 거면 나한테 가져오라고 하려던 참이었어. 나는 항상 몇 가지를 시도하고 싶었습니다.<0A><00> || 표고버섯처럼 생겼으니 먹어도 되겠지? || 먹었다면 즉시 Survival Viewer의 CURE로 해독제를 써. || 농담이야. 정말 내가 먹을 줄 알았어?<0A><00> || 둥지 안에는 유충, 번데기, 성충이 있어 모두 먹을 수 있다.<0A><00> || 먹으면 FOOD 중독을 일으킨다고 합니다.<0A><00> || 당신은 다른 뱀을 먹는 사람인 것 같습니다.<0A><00> || 맛이 꽤 괜찮았어요. 언젠가 또 먹을 것 같아요.<0A><00> || 간편하고 빠르게 먹을 수 있어서 아침에 중요한 MISSION에 지각할 때 딱 좋아요.<0A><00> || 먹을 수 있다고 알려져 있으니 주의하세요.<0A><00> || 하나 먹고 배터리 충전됐어요!<0A><00> || 곤충을 먹을 뿐만 아니라 생쥐, 심지어 뱀도 먹습니다.<0A><00> || 좋습니다. 그래서 저는 그것에 대해 많이 알지 못합니다. 하나 먹어보고 보는 게 어때? 꽤 맛있을 수도 있겠네요.<0A><00> || 좋아... 먹을 만할 수도 있다는 거지?<0A><00> || 토끼는 자신의 배설물을 먹는 것으로 알려져 있다. 달 표면 기지에서 워싱턴으로 쏟아지는<0A><00> || 맞습니다. 그리고 아무것도 먹지 않는 다이어트는 모두 몸에 좋지 않습니다.<0A><00> || BIGEYE TREVALLY는 못 먹어?<0A><00> || 그렇다면 흰 엉덩이 독수리를 먹는다면 그 사람도 인간 고기를 먹고 있다는 뜻일까요?<0A><00> || 토끼는 이 물질을 배설한 후 다시 먹어서 영양분을 흡수합니다.<0A><00> || Spatsa를 먹으면 잠드는 건<0A>alkaloid와 비슷한<0A>마취 성분이 있어서야.<0A><00> || 흡혈박쥐는 희생자를 물고 피를 빨아먹습니다.<0A><00> || 동족을 먹는다고...?<0A><00> || 흰 엉덩이 독수리는 동물의 시체만 먹는 것이 아니라고 합니다. 인간의 것도 먹습니다.<0A><00> || 먹기 위한 것이 아닙니다.<0A><00> || 먹어 봐. 꽤 맛있어.<0A><00> || 어허. 최근에 일본에서 발명되었습니다. 뜨거운 물을 조금 부어주면 먹을 준비가 완료됩니다.<0A><00> || 하나 먹으면 FOOD 중독에 걸릴 수 있으니 주의해.<0A><00> || 뭐, 하나 먹고 싶으면 바로 가세요. 하지만 나를 제외하세요.<0A><00> || 글쎄요, 성어를 먹은 후 시가테라 중독에 걸린 사람들에 대한 이야기를 들었습니다.<0A><00> || 토끼가 섬유질을 먹으면 토끼의 맹장, 즉 맹장에서 섬유질이 발효되어,<0A><00> || 왜요? 그런 것들을 어떻게 먹을 수 있나? 모두 보라색과 노란색 줄무늬가 있고 고양이 오줌 냄새가 나요...<0A><00> || 그래, 정글 음식만 먹는 것도<0A>영양 균형이 맞겠군.<0A><00> || 그래. 동물을 살려두면<0A>썩지 않고 먹을 때도<0A>더 맛있어.<0A><00> || 네, 러시안 글로캡은 빛나는 버섯이므로 먹으면 배터리를 재충전할 수 있다.<0A><00> || 먹고 나서 그런 말을 해야 했어?<0A><00> || 먹을 만할지 궁금한 거지.<0A><00>",64,not_generated,
codec,443,멋,64,1,codec:443:633,That's a neat trick. I think I'll give it a try.<0A><END>,정말 멋진 트릭이네요. 한번 시도해 볼 것 같아요.<0A><00>,64,not_generated,
codec,443,메,64,3,codec:443:1043|codec:443:897|codec:443:524,"Calorie Mate?<0A><END> || It says here that when you eat it, the initial<0A>symptoms include nausea, stomach pain,<0A>and diarrhea.<0A><END> || The coral snake is a venomous snake that<0A>originally hails from the Americas.<0A><END>","칼로리메이트?<0A><00> || 여기에는 섭취 시 초기 증상으로 메스꺼움, 복통, 설사가 포함된다고 나와 있다.<0A><00> || 산호뱀은 원래 아메리카 대륙이 원산지인 독사입니다.<0A><00>",64,not_generated,
codec,443,며,64,3,codec:443:1030|codec:443:601|codec:443:715,"It grows mainly on the branches of trees<0A>and is quite delicious.<0A><END> || They normally grow between two and<0A>five centimeters in length,<0A><END> || They're just a stupid made-up legend.<0A>Even if they do seem real sometimes.<0A><END>","그것은 주로 나무 가지 위에서 자라며 꽤 맛있다.<0A><00> || 일반적으로 길이는 2~5cm 정도 자라며,<0A><00> || 그들은 단지 어리석게 꾸며낸 전설일 뿐입니다. 때로는 진짜처럼 보일지라도.<0A><00>",64,not_generated,
codec,443,몇,64,1,codec:443:1014,"I was just going to say that if you weren't<0A>going to eat it, you should bring it back to<0A>me. I've always wanted to try some.<0A><END>",그냥 안 먹을 거면 나한테 가져오라고 하려던 참이었어. 나는 항상 몇 가지를 시도하고 싶었습니다.<0A><00>,64,not_generated,
codec,443,모,64,13,codec:443:1069|codec:443:843|codec:443:572|codec:443:1051|codec:443:820|codec:443:730|codec:443:1070|codec:443:653|codec:443:654|codec:443:1071|codec:443:828|codec:443:1059|codec:443:871,"All of the geisha girls in Japan use it for<0A>watching their calories.<0A><END> || Almost all organisms on earth have evolved<0A>in various shapes and forms,<0A><END> || Everything! When a normal woman sees a<0A>snake, she's supposed to scream or get<0A>sick or something like that.<0A><END> || Hold on...you just ate something without<0A>even knowing what it was?<0A><END> || I don't know whether those trevally are<0A>contaminated with ciguatera or not, but<0A>use caution just in case.<0A><END> || Inside the nest are larva, pupa, and<0A>adults - you can eat them all.<0A><END> || Is that why they're all so slim?<0A><END> || Not sure.<0A><END> || Not sure?<0A><END> || Right. And any diet where you eat nothing<0A>at all is bad for the body.<0A><END> || So I gathered.<0A><END> || that contains all the proteins, lipids, vitamins,<0A>carbohydrates and minerals needed for a<0A>balanced diet.<0A><END> || Why? How can you eat those things?<0A>They've all purple and yellow striped, and<0A>they stink like cat pee...<0A><END>","일본의 모든 게이샤 소녀들은 칼로리를 측정하기 위해 그것을 사용합니다.<0A><00> || 지구의 거의 모든 생물은 다양한 형태로 진화했고, || 모든 것! 평범한 여성이 Snake를 보면 비명을 지르거나 아프거나 그런 일이 일어날 거다.<0A><00> || 잠깐...뭔지 모르고 먹은 거야? || 저 trEVAlly가 시가테라에 오염되었는지는 모르겠지만 만일을 대비해 주의해.<0A><00> || 둥지 안에는 유충, 번데기, 성충이 있어 모두 먹을 수 있다.<0A><00> || 그것이 그들이 모두 그렇게 날씬한 이유인가?<0A><00> || 모르겠어.<0A><00> || 잘 모르겠어요?<0A><00> || 맞습니다. 그리고 아무것도 먹지 않는 다이어트는 모두 몸에 좋지 않습니다.<0A><00> || 그래서 모아봤습니다.<0A><00> || 균형 잡힌 식단에 필요한 단백질, 지방, 비타민, 탄수화물, 미네랄이 모두 들어 있다.<0A><00> || 왜요? 그런 것들을 어떻게 먹을 수 있나? 모두 보라색과 노란색 줄무늬가 있고 고양이 오줌 냄새가 나요...<0A><00>",64,not_generated,
codec,443,몸,64,3,codec:443:1068|codec:443:777|codec:443:1071,"It's easy to keep track of your calorie intake<0A>and receive the nutrition your body needs, so<0A>it's good for losing weight too.<0A><END> || It's green all over, with a large beak.<0A><END> || Right. And any diet where you eat nothing<0A>at all is bad for the body.<0A><END>",칼로리 섭취를 추적하고 몸이 필요로 하는 영양을 받을 수 있어 체중 감량에도 좋습니다.<0A><00> || 온몸이 초록색이고 큰 부리가 있어.<0A><00> || 맞습니다. 그리고 아무것도 먹지 않는 다이어트는 모두 몸에 좋지 않습니다.<0A><00>,64,not_generated,
codec,443,뭔,64,3,codec:443:541|codec:443:796|codec:443:1051,"A snaky kind of way, huh...<0A><END> || But there is something here that's<0A>bothering me...<0A><END> || Hold on...you just ate something without<0A>even knowing what it was?<0A><END>",뭔가 뱀같은 방식이군요...<0A><00> || 그런데 뭔가 신경 쓰이는 게 있는데...<0A><00> || 잠깐...뭔지 모르고 먹은 거야?,64,not_generated,
codec,443,므,64,9,codec:443:481|codec:443:545|codec:443:763|codec:443:645|codec:443:996|codec:443:562|codec:443:585|codec:443:1033|codec:443:945,"And it's extremely vicious as well,<0A>so watch out.<0A><END> || Even so, you'll still take damage if it bites<0A>you, so don't get too close.<0A><END> || Its venom is a potent neurotoxin,<0A>so take care that you don't get stung.<0A><END> || Japanese flying squirrels are non-venomous,<0A>and they shouldn't attack you.<0A><END> || The Baikal Scaly Tooth mushroom is used<0A>as an antidote to poison. It usually grows<0A>on the trunks of trees, so look for it there.<0A><END> || The green tree python isn't venomous, so<0A>no need to worry. It's fairly docile, too, so<0A>I don't think it's likely to attack you.<0A><END> || The Otton frog is a large, corpulent species<0A>of frog. They're known as a delicacy, so it<0A>might be worth catching them for food.<0A><END> || The reticulated python is said to be the<0A>longest snake in the world. It's not venomous,<0A>but it still poses a threat, so watch out.<0A><END> || Yes, the Russian glowcap is a glowing<0A>mushroom, so it'll recharge your batteries<0A>when you eat it.<0A><END>","게다가 매우 악의적이므로 조심해.<0A><00> || 그래도 물면 피해를 입으므로 너무 가까이 다가가지 마세요.<0A><00> || 독은 강력한 신경독이므로 쏘이지 않도록 조심하세요.<0A><00> || 일본날다람쥐는 독성이 없으므로 공격해서는 안 됩니다.<0A><00> || 바이칼 비늘 이빨 버섯은 독에 대한 해독제로 사용됩니다. 주로 나무 줄기에서 자라므로 그곳에서 찾아보세요.<0A><00> || 초록나무비단구렁이는 독이 없으므로 걱정할 필요가 없습니다. 게다가 꽤 온순해서 공격할 가능성은 없을 것 같아요.<0A><00> || 오튼개구리는 크고 비만인 개구리 종입니다. 별미로 알려져 있으므로 FOOD로 구입해 볼 가치가 있을 거다.<0A><00> || 망상 비단뱀은 세계에서 가장 긴 Snake라고 합니다. 독성은 없지만 여전히 위협적이므로 조심해.<0A><00> || 네, 러시안 글로캡은 빛나는 버섯이므로 먹으면 배터리를 재충전할 수 있다.<0A><00>",64,not_generated,
codec,443,민,64,2,codec:443:631|codec:443:1059,"and turned into a nutritious substance<0A>full of vitamins.<0A><END> || that contains all the proteins, lipids, vitamins,<0A>carbohydrates and minerals needed for a<0A>balanced diet.<0A><END>","비타민이 든 영양분으로 바뀌지.<0A><00> || 균형 잡힌 식단에 필요한 단백질, 지방, 비타민, 탄수화물, 미네랄이 모두 들어 있다.<0A><00>",64,not_generated,
codec,443,밀,64,2,codec:443:603|codec:443:554,Poison dart frogs are known to carry a<0A>potent neurotoxin called pumiliotoxin.<0A><END> || Yeah. The guide says milk snakes don't<0A>taste very good.<0A><END>,독화살개구리는 푸밀리오톡신이라는 강력한 신경독을 운반하는 것으로 알려져 있다.<0A><00> || 그래. 가이드엔 밀크스네이크는<0A>맛없다고 적혀 있어.<0A><00>,64,not_generated,
codec,443,및,64,3,codec:443:1106|codec:443:55|codec:443:2156,... y Snake.<0A><END> || And snake.<0A><END> || Et Snake.<0A><END>,... 및 Snake.<0A><00> || 및 Snake.<0A><00> || 및 Snake.<0A><00>,64,not_generated,
codec,443,박,64,7,codec:443:689|codec:443:691|codec:443:2786|codec:443:681|codec:443:680|codec:443:684|codec:443:682,"Actually, I was going to say that bats are<0A>known to use supersonic waves to sense<0A>their surroundings.<0A><END> || Bats use supersonic waves to sense their<0A>surroundings.<0A><END> || En parlant de chauve-souris...<0A><END> || I see you've caught a vampire bat.<0A><END> || Snake, be careful. That cave is inhabited<0A>by vampire bats.<0A><END> || Speaking of bats...<0A><END> || The vampire bat bites its victims and sucks<0A>their blood.<0A><END>","박쥐는 초음파로 주변을 파악한다고 말하려 했어. || 박쥐는 초음파를 사용하여 주변 환경을 감지합니다.<0A><00> || 박쥐 얘기가 나와서 말인데...<0A><00> || 흡혈박쥐를 잡으셨군요.<0A><00> || Snake, 조심해. 그 동굴에는 흡혈박쥐가 살고 있어요.<0A><00> || 박쥐 얘기가 나와서 말인데...<0A><00> || 흡혈박쥐는 희생자를 물고 피를 빨아먹습니다.<0A><00>",64,not_generated,
codec,443,반,64,10,codec:443:924|codec:443:2613|codec:443:1729|codec:443:782|codec:443:911|codec:443:603|codec:443:508|codec:443:601|codec:443:912|codec:443:863,"but they still rely on chemical reactions<0A>between proteins and enzymes to...<0A><END> || Ceux-ci ont s<G7C>rement <G6A>t<G6A> import<G6A>s comme<0A>animaux de compagnies ou de laboratoire<0A>avant de s'<G6A>chapper et de redevenir sauvages.<0A><END> || Est<G62> muy buena, no me importar<G6E>a repetir.<0A><END> || I'm thinking it must be someone's pet that<0A>got away.<0A><END> || It's bioluminescent, just like a firefly.<0A>It uses the so called luciferin-luciferase<0A>reaction.<0A><END> || Poison dart frogs are known to carry a<0A>potent neurotoxin called pumiliotoxin.<0A><END> || The Thai cobra is a large venomous snake<0A>that carries an extremely potent neurotoxin.<0A>Be careful not to get bitten.<0A><END> || They normally grow between two and<0A>five centimeters in length,<0A><END> || To put it simply, luciferin reacts with<0A>luciferase in the presence of magnesium<0A>two plus ions,<0A><END> || Why do you say ""must""?<0A><END>","그래도 단백질과 효소의 화학반응에 의존해서... || 이들은 탈출하여 다시 야생으로 변하기 전에 반드시 애완동물이나 실험용 동물로 수입된 거다.<0A><00> || 매우 좋습니다. 반복해도 괜찮습니다.<0A><00> || 아마 누군가의 길 잃은 반려동물일 거라고 생각해.<0A><00> || 반딧불처럼 생물발광이에요. 이는 소위 루시페린-루시퍼라제 반응을 사용합니다.<0A><00> || 독화살개구리는 푸밀리오톡신이라는 강력한 신경독을 운반하는 것으로 알려져 있다.<0A><00> || 타이 코브라는 매우 강력한 신경독을 운반하는 대형 독성 Snake입니다. 물리지 않도록 주의해.<0A><00> || 일반적으로 길이는 2~5cm 정도 자라며,<0A><00> || 간단히 말해 luciferin은<0A>magnesium와 Mg2+에서<0A>반응한다.<0A><00> || 왜 ""반드시""라고 말합니까?<0A><00>",64,not_generated,
codec,443,받,64,2,codec:443:1068|codec:443:976,"It's easy to keep track of your calorie intake<0A>and receive the nutrition your body needs, so<0A>it's good for losing weight too.<0A><END> || What if the rats hear you? You'll hurt<0A>their feelings.<0A><END>",칼로리 섭취를 추적하고 몸이 필요로 하는 영양을 받을 수 있어 체중 감량에도 좋습니다.<0A><00> || RAT이 들으면 상처받겠어.<0A><00>,64,not_generated,
codec,443,발,64,20,codec:443:587|codec:443:995|codec:443:908|codec:443:878|codec:443:727|codec:443:751|codec:443:911|codec:443:604|codec:443:737|codec:443:877|codec:443:726|codec:443:692|codec:443:625|codec:443:586|codec:443:909|codec:443:758|codec:443:792|codec:443:1003|codec:443:630|codec:443:1966,"Frogs usually have four toes on their front<0A>legs, but the Otton frog is unique in that<0A>it has five.<0A><END> || I see you've found a Baikal Scaly Tooth.<0A><END> || I see you've found some Russian glowcaps.<0A><END> || I see you've found some Ural luminescent<0A>mushrooms.<0A><END> || I see you've got yourself a Baltic Hornets'<0A>nest.<0A><END> || It's a spider, for goodness' sake. A big one,<0A>but still a spider, and there's not much to it.<0A><END> || It's bioluminescent, just like a firefly.<0A>It uses the so called luciferin-luciferase<0A>reaction.<0A><END> || Long ago, people used the poison to coat<0A>their arrows for hunting.<0A><END> || Snake, be careful. That area is supposed<0A>to be inhabited by cobalt blue tarantulas.<0A><END> || Snake, the Ural luminescent mushroom<0A>grows in that area.<0A><END> || Snake, you will encounter Baltic Hornets'<0A>nests in that area.<0A><END> || So you might be able to keep them away<0A>by blasting them with a special kind of<0A>sound wave.<0A><END> || The European rabbit is said to have come<0A>from the Mediterranean region originally. But<0A>nowadays they're found all over the world.<0A><END> || The Otton frog was originally found only on<0A>Amami Oshima in Japan.<0A><END> || The Russian glowcap is a kind of<0A>luminescent fungus - a mushroom<0A>that glows in the dark.<0A><END> || The size changes from scene to scene.<0A>It happens all the time.<0A><END> || The white-rumped vulture is a type of<0A>vulture found in India. Its diet consists<0A>mostly of dead animal carcasses.<0A><END> || Uh huh. It was invented in Japan just<0A>recently. Add some hot water and it's<0A>ready to eat.<0A><END> || When the rabbit eats fiber, the fiber is<0A>fermented in the rabbit's appendix, or<0A>caecum,<0A><END> || Y cuando vuelven a su estado, emiten luz.<0A><END>","개구리는 보통 앞다리에 발가락이 4개 있는데, 오톤개구리는 5개라는 점이 독특합니다.<0A><00> || 바이칼 비늘 이빨을 발견한 것 같군요.<0A><00> || 러시아 발광캡을 발견한 것 같군요.<0A><00> || 우랄 발광 버섯을 발견한 것 같군요.<0A><00> || 발틱 호네츠의 둥지를 갖고 계시군요.<0A><00> || 제발요, 거미입니다. 큰 거미지만 여전히 거미이고 특별한 것은 없다.<0A><00> || 반딧불처럼 생물발광이에요. 이는 소위 루시페린-루시퍼라제 반응을 사용합니다.<0A><00> || 옛날에 사람들은 사냥을 위해 화살에 독을 발랐습니다.<0A><00> || Snake, 조심하세요. 그 지역에는 코발트블루 타란툴라가 서식한다고 추정됩니다.<0A><00> || Snake, 우랄 발광 버섯이 그 지역에서 자랍니다.<0A><00> || Snake, 해당 지역에서 발틱 호넷(Baltic Hornets)의 둥지를 만날 수 있다.<0A><00> || 따라서 특별한 종류의 음파를 발사하여 쫓아낼 수도 있습니다.<0A><00> || 유럽토끼는 원래 지중해 지역이 원산지라고 합니다. 하지만 요즘에는 전 세계에서 발견됩니다.<0A><00> || 오튼개구리는 원래 일본 아마미오시마에서만 발견되었습니다.<0A><00> || 러시안 글로우캡(Russian Glowcap)은 일종의 발광 곰팡이로, 어둠 속에서 빛나는 버섯입니다.<0A><00> || 장면마다 크기가 변경됩니다. 그것은 항상 발생합니다.<0A><00> || 흰 엉덩이 독수리는 인도에서 발견되는 독수리의 일종입니다. 그것의 식단은 대부분 죽은 동물의 시체로 구성됩니다.<0A><00> || 어허. 최근에 일본에서 발명되었습니다. 뜨거운 물을 조금 부어주면 먹을 준비가 완료됩니다.<0A><00> || 토끼가 섬유질을 먹으면 토끼의 맹장, 즉 맹장에서 섬유질이 발효되어,<0A><00> || 그리고 정상 상태로 돌아오면 빛을 발산합니다.<0A><00>",64,not_generated,
codec,443,밝,64,1,codec:443:528,"Apparently, the bright, flashy colors and<0A>pattern let other animals know that it carries<0A>a deadly poison.<0A><END>",밝고 화려한 색상과 무늬를 통해 다른 동물들에게 치명적인 독을 가지고 있다는 사실을 알려주는 것 같습니다.<0A><00>,64,not_generated,
codec,443,밤,64,1,codec:443:723,"...It's just that whenever somebody starts<0A>talking about vampires, I end up dreaming<0A>about them that night.<0A><END>",...누가 vampire 얘기만 하면 그날 밤 꿈에 나와.,64,not_generated,
codec,443,배,64,8,codec:443:919|codec:443:921|codec:443:1017|codec:443:3030|codec:443:627|codec:443:922|codec:443:632|codec:443:945,"By the way, does that mushroom recharge<0A>your batteries when you eat it?<0A><END> || I mean, it seems like if you ate a glowing<0A>mushroom, it might recharge your batteries<0A>or something.<0A><END> || I see you've got yourself a ration.<0A><END> || J'en ai mang<G6A> un, et <G68>a a recharg<G6A> mes<0A>batteries!<0A><END> || Rabbits are known to eat their own<0A>excrement.<0A><END> || Snake, your batteries are organic batteries.<0A>They produce electricity by utilizing the<0A>potential difference between cells.<0A><END> || The rabbit excretes this substance and then<0A>eats it again to absorb the nutrients.<0A><END> || Yes, the Russian glowcap is a glowing<0A>mushroom, so it'll recharge your batteries<0A>when you eat it.<0A><END>","그런데 저 버섯을 먹으면 배터리가 충전되나요?<0A><00> || 내 말은, 빛나는 버섯을 먹으면 배터리라든가를 재충전할 수 있을 것 같다는 거죠.<0A><00> || 배급량을 확보한 것 같군요.<0A><00> || 하나 먹고 배터리 충전됐어요!<0A><00> || 토끼는 자신의 배설물을 먹는 것으로 알려져 있다. 달 표면 기지에서 워싱턴으로 쏟아지는<0A><00> || Snake, 귀하의 배터리는 유기 배터리입니다. 세포 사이의 전위차를 이용하여 전기를 생산합니다.<0A><00> || 토끼는 이 물질을 배설한 후 다시 먹어서 영양분을 흡수합니다.<0A><00> || 네, 러시안 글로캡은 빛나는 버섯이므로 먹으면 배터리를 재충전할 수 있다.<0A><00>",64,not_generated,
codec,443,백,64,2,codec:443:924|codec:443:1059,"but they still rely on chemical reactions<0A>between proteins and enzymes to...<0A><END> || that contains all the proteins, lipids, vitamins,<0A>carbohydrates and minerals needed for a<0A>balanced diet.<0A><END>","그래도 단백질과 효소의 화학반응에 의존해서... || 균형 잡힌 식단에 필요한 단백질, 지방, 비타민, 탄수화물, 미네랄이 모두 들어 있다.<0A><00>",64,not_generated,
codec,443,뱀,64,13,codec:443:541|codec:443:721|codec:443:540|codec:443:488|codec:443:1794|codec:443:697|codec:443:527|codec:443:524|codec:443:1034|codec:443:484|codec:443:544|codec:443:1033|codec:443:743,"A snaky kind of way, huh...<0A><END> || I'm not afraid of vampires.<0A><END> || It says here... that coral snakes are pretty<0A>good, in a snaky kind of way.<0A><END> || It seems you're the one whose diet<0A>consists of other snakes.<0A><END> || No s<G74>lo comen insectos, tambi<G6A>n comen<0A>ratones e incluso serpientes.<0A><END> || Snake, do you hate vampire movies?<0A><END> || The colorful red and black patterns on<0A>the coral snake are a warning sign.<0A><END> || The coral snake is a venomous snake that<0A>originally hails from the Americas.<0A><END> || The giant anaconda is said to be the<0A>largest snake in the world in terms of<0A>weight and thickness.<0A><END> || The king cobra's diet consists mostly of<0A>other snakes. Be careful or you might end<0A>up as its next meal.<0A><END> || The milk snake closely resembles the coral<0A>snake, but it's actually not venomous.<0A><END> || The reticulated python is said to be the<0A>longest snake in the world. It's not venomous,<0A>but it still poses a threat, so watch out.<0A><END> || Their diet consists of not only insects,<0A>but also mice and even snakes.<0A><END>","뭔가 뱀같은 방식이군요...<0A><00> || 저는 뱀파이어를 무서워하지 않아요.<0A><00> || 여기에는... 산호 뱀이 뱀 같은 방식으로 꽤 좋다고 나와 있다.<0A><00> || 당신은 다른 뱀을 먹는 사람인 것 같습니다.<0A><00> || 곤충을 먹을 뿐만 아니라 생쥐, 심지어 뱀도 먹습니다.<0A><00> || Snake, 뱀파이어 영화 싫어해요?<0A><00> || 산호뱀의 화려한 빨간색과 검은색 패턴은 경고 신호입니다.<0A><00> || 산호뱀은 원래 아메리카 대륙이 원산지인 독사입니다.<0A><00> || 거대 아나콘다는 무게와 두께 면에서 세계에서 가장 큰 뱀이라고 합니다.<0A><00> || 킹 코브라의 식단은 대부분 다른 뱀으로 구성됩니다. 조심하지 않으면 다음 식사로 끝날 수도 있습니다.<0A><00> || 우유뱀은 산호뱀과 매우 유사하지만 실제로는 독이 없습니다.<0A><00> || 망상 비단뱀은 세계에서 가장 긴 Snake라고 합니다. 독성은 없지만 여전히 위협적이므로 조심해.<0A><00> || 그들의 식단은 곤충뿐만 아니라 생쥐, 심지어 뱀까지 구성됩니다.<0A><00>",64,not_generated,
codec,443,벌,64,5,codec:443:728|codec:443:736|codec:443:735|codec:443:729|codec:443:734,"Baltic Hornets are a variety of hornets that<0A>inhabit that area.<0A><END> || If you knock a nest down, a large swarm<0A>of hornets will come flying out, so be<0A>careful.<0A><END> || Of course, the hornets aren't going to give<0A>up their nest without a fight.<0A><END> || The difference between them and other<0A>hornets is that they produce honey in<0A>their nests.<0A><END> || When you knock down a hornets' nest, a<0A>burn ointment will appear along with it, so<0A>don't forget to pick it up.<0A><END>","Baltic Hornet은 그 지역에 사는 말벌 종류야. || 벌집을 떨어뜨리면 말벌 떼가 나오니 조심해. || 물론, 말벌은 싸움 없이 둥지를 포기하지 않을 거다.<0A><00> || 다른 말벌과의 차이점은 둥지에서 꿀을 생산한다는 거다.<0A><00> || 벌집을 떨어뜨리면<0A>화상 연고도 나오니<0A>꼭 챙겨라.<0A><00>",64,not_generated,
codec,443,범,64,1,codec:443:572,"Everything! When a normal woman sees a<0A>snake, she's supposed to scream or get<0A>sick or something like that.<0A><END>",모든 것! 평범한 여성이 Snake를 보면 비명을 지르거나 아프거나 그런 일이 일어날 거다.<0A><00>,64,not_generated,
codec,443,벽,64,1,codec:443:732,"It's easy to digest and helps pep you up<0A>when you're feeling tired.<0A>In short, it's the perfect survival food.<0A><END>","소화가 잘 되고 피곤할 때 기운을 북돋아 줍니다. 요컨대, 완벽한 SURVIVAL FOOD입니다.<0A><00>",64,not_generated,
codec,443,변,64,8,codec:443:689|codec:443:691|codec:443:2613|codec:443:629|codec:443:860|codec:443:511|codec:443:758|codec:443:841,"Actually, I was going to say that bats are<0A>known to use supersonic waves to sense<0A>their surroundings.<0A><END> || Bats use supersonic waves to sense their<0A>surroundings.<0A><END> || Ceux-ci ont s<G7C>rement <G6A>t<G6A> import<G6A>s comme<0A>animaux de compagnies ou de laboratoire<0A>avant de s'<G6A>chapper et de redevenir sauvages.<0A><END> || That's right. It's called caecal feces.<0A><END> || The Kenyan mangrove crab is a land-going<0A>crab. It lives in burrows dug near seashores<0A>and mangrove swamps.<0A><END> || The ones in that area were probably<0A>imported as pets and research subjects<0A>before they escaped and turned feral.<0A><END> || The size changes from scene to scene.<0A>It happens all the time.<0A><END> || They've hardly changed their forms since<0A>the Devonian and Jurassic periods.<0A><END>",박쥐는 초음파로 주변을 파악한다고 말하려 했어. || 박쥐는 초음파를 사용하여 주변 환경을 감지합니다.<0A><00> || 이들은 탈출하여 다시 야생으로 변하기 전에 반드시 애완동물이나 실험용 동물로 수입된 거다.<0A><00> || 맞습니다. 맹장변이라고 합니다.<0A><00> || 케냐 맹그로브 게는 육지로 이동하는 게입니다. 해변이나 맹그로브 습지 근처에 굴을 파서 산다.<0A><00> || 그 지역에 있는 것들은 아마도 애완동물과 연구 대상으로 수입되어 탈출하여 야생으로 변했을 것입니다.<0A><00> || 장면마다 크기가 변경됩니다. 그것은 항상 발생합니다.<0A><00> || 데본기와 쥐라기 시대 이후로 형태가 거의 변하지 않았습니다.<0A><00>,64,not_generated,
codec,443,복,64,2,codec:443:1729|codec:443:897,"Est<G62> muy buena, no me importar<G6E>a repetir.<0A><END> || It says here that when you eat it, the initial<0A>symptoms include nausea, stomach pain,<0A>and diarrhea.<0A><END>","매우 좋습니다. 반복해도 괜찮습니다.<0A><00> || 여기에는 섭취 시 초기 증상으로 메스꺼움, 복통, 설사가 포함된다고 나와 있다.<0A><00>",64,not_generated,
codec,443,볼,64,6,codec:443:693|codec:443:474|codec:443:880|codec:443:1041|codec:443:633|codec:443:585,"Alternatively, you could try equipping a<0A>torch and waving it around<0A><END> || And since I know you're going to ask me,<0A><END> || It looks like a shiitake mushroom, and<0A>it's often found growing on the trunks of<0A>trees.<0A><END> || It's big and tasty, so I think it'd be worth<0A>searching for.<0A><END> || That's a neat trick. I think I'll give it a try.<0A><END> || The Otton frog is a large, corpulent species<0A>of frog. They're known as a delicacy, so it<0A>might be worth catching them for food.<0A><END>","또는 횃불을 장착하고 흔들어 볼 수도 있다.<0A><00> || 그리고 당신이 나에게 물어볼 것이라는 것을 알기 때문에,<0A><00> || 그것은 표고버섯처럼 생겼고, 종종 나무 줄기에서 자라는 것을 볼 수 있다.<0A><00> || 크고 맛있으니 찾아볼 만해.<0A><00> || 정말 멋진 트릭이네요. 한번 시도해 볼 것 같아요.<0A><00> || 오튼개구리는 크고 비만인 개구리 종입니다. 별미로 알려져 있으므로 FOOD로 구입해 볼 가치가 있을 거다.<0A><00>",64,not_generated,
codec,443,북,64,2,codec:443:811|codec:443:732,"Hmm, the guidebook doesn't say.<0A><END> || It's easy to digest and helps pep you up<0A>when you're feeling tired.<0A>In short, it's the perfect survival food.<0A><END>","흠, 가이드북에는 나와 있지 않네요.<0A><00> || 소화가 잘 되고 피곤할 때 기운을 북돋아 줍니다. 요컨대, 완벽한 SURVIVAL FOOD입니다.<0A><00>",64,not_generated,
codec,443,불,64,7,codec:443:693|codec:443:660|codec:443:648|codec:443:911|codec:443:1037|codec:443:1022|codec:443:778,"Alternatively, you could try equipping a<0A>torch and waving it around<0A><END> || But for all the trouble it took to catch one,<0A>it wasn't that good.<0A><END> || It says here that if it catches a good wind,<0A>it can fly more than 100 yards.<0A><END> || It's bioluminescent, just like a firefly.<0A>It uses the so called luciferin-luciferase<0A>reaction.<0A><END> || It's got a tough hide, so you'll have a hard<0A>time catching one. Capturing them alive is<0A>probably out of the question.<0A><END> || I've heard some nasty stories about how<0A>they taste.<0A><END> || Then it's probably an Alexandrine Parakeet.<0A>It's sometimes also called the Alexandrine<0A>parrot.<0A><END>",또는 횃불을 장착하고 흔들어 볼 수도 있다.<0A><00> || 한 마리를 잡는 데 수고가 많았음에도 불구하고 그다지 좋지는 않았습니다.<0A><00> || 여기에는 바람이 잘 불면 100야드 이상 날아갈 수 있다고 적혀 있습니다.<0A><00> || 반딧불처럼 생물발광이에요. 이는 소위 루시페린-루시퍼라제 반응을 사용합니다.<0A><00> || 이것은 단단한 피를 가지고 있어 잡기가 힘듭니다. 생포는 아마도 불가능할 거다.<0A><00> || 맛이 어떤지에 대한 불쾌한 이야기를 들었습니다.<0A><00> || 그렇다면 아마도 Alexandrine 앵무새일 겁니다. 때로는 알렉산드린 앵무새라고도 불립니다.<0A><00>,64,not_generated,
codec,443,블,64,2,codec:443:1045|codec:443:737,"Oh, the little block that looks like a cookie?<0A><END> || Snake, be careful. That area is supposed<0A>to be inhabited by cobalt blue tarantulas.<0A><END>","아, 쿠키처럼 생긴 작은 블록?<0A><00> || Snake, 조심하세요. 그 지역에는 코발트블루 타란툴라가 서식한다고 추정됩니다.<0A><00>",64,not_generated,
codec,443,비,64,16,codec:443:631|codec:443:572|codec:443:820|codec:443:561|codec:443:995|codec:443:756|codec:443:1062|codec:443:560|codec:443:1059|codec:443:996|codec:443:562|codec:443:563|codec:443:585|codec:443:988|codec:443:1033|codec:443:1003,"and turned into a nutritious substance<0A>full of vitamins.<0A><END> || Everything! When a normal woman sees a<0A>snake, she's supposed to scream or get<0A>sick or something like that.<0A><END> || I don't know whether those trevally are<0A>contaminated with ciguatera or not, but<0A>use caution just in case.<0A><END> || I see you caught yourself a green tree<0A>python.<0A><END> || I see you've found a Baikal Scaly Tooth.<0A><END> || It's a movie about this gigantic spider.<0A>When it's small it's about 15 feet wide,<0A>but when it's big, it's about 35 feet wide.<0A><END> || Real astronaut food is not very good, but<0A>that should taste fine.<0A><END> || Snake, that area is inhabited by the green<0A>tree python.<0A><END> || that contains all the proteins, lipids, vitamins,<0A>carbohydrates and minerals needed for a<0A>balanced diet.<0A><END> || The Baikal Scaly Tooth mushroom is used<0A>as an antidote to poison. It usually grows<0A>on the trunks of trees, so look for it there.<0A><END> || The green tree python isn't venomous, so<0A>no need to worry. It's fairly docile, too, so<0A>I don't think it's likely to attack you.<0A><END> || The green tree python originally comes from<0A>Australia and New Zealand. It's a really<0A>pretty green color, and it lives...<0A><END> || The Otton frog is a large, corpulent species<0A>of frog. They're known as a delicacy, so it<0A>might be worth catching them for food.<0A><END> || the reason the spatsa puts you to sleep when<0A>you eat it is because it contains a type of<0A>anesthetic substance similar to an alkaloid.<0A><END> || The reticulated python is said to be the<0A>longest snake in the world. It's not venomous,<0A>but it still poses a threat, so watch out.<0A><END> || Uh huh. It was invented in Japan just<0A>recently. Add some hot water and it's<0A>ready to eat.<0A><END>","비타민이 든 영양분으로 바뀌지.<0A><00> || 모든 것! 평범한 여성이 Snake를 보면 비명을 지르거나 아프거나 그런 일이 일어날 거다.<0A><00> || 저 trEVAlly가 시가테라에 오염되었는지는 모르겠지만 만일을 대비해 주의해.<0A><00> || 초록나무비단구렁이를 잡으셨군요.<0A><00> || 바이칼 비늘 이빨을 발견한 것 같군요.<0A><00> || 이 거대한 거미에 관한 영화입니다. 작을 때는 너비가 약 15피트이고, 클 때는 너비가 약 35피트입니다.<0A><00> || 실제 우주비행사 음식은 별로 좋지는 않지만 맛은 괜찮을 것 같아요.<0A><00> || Snake, 그 지역에는 녹색 나무 비단구렁이가 살고 있습니다.<0A><00> || 균형 잡힌 식단에 필요한 단백질, 지방, 비타민, 탄수화물, 미네랄이 모두 들어 있다.<0A><00> || 바이칼 비늘 이빨 버섯은 독에 대한 해독제로 사용됩니다. 주로 나무 줄기에서 자라므로 그곳에서 찾아보세요.<0A><00> || 초록나무비단구렁이는 독이 없으므로 걱정할 필요가 없습니다. 게다가 꽤 온순해서 공격할 가능성은 없을 것 같아요.<0A><00> || 녹색나무비단구렁이는 원래 호주와 뉴질랜드가 원산지입니다. 정말 예쁜 녹색이고, 살아있다...<0A><00> || 오튼개구리는 크고 비만인 개구리 종입니다. 별미로 알려져 있으므로 FOOD로 구입해 볼 가치가 있을 거다.<0A><00> || Spatsa를 먹으면 잠드는 건<0A>alkaloid와 비슷한<0A>마취 성분이 있어서야.<0A><00> || 망상 비단뱀은 세계에서 가장 긴 Snake라고 합니다. 독성은 없지만 여전히 위협적이므로 조심해.<0A><00> || 어허. 최근에 일본에서 발명되었습니다. 뜨거운 물을 조금 부어주면 먹을 준비가 완료됩니다.<0A><00>",64,not_generated,
codec,443,빌,64,1,codec:443:532,There is another non-poisonous snake called<0A>the milk snake that borrows its coloring from<0A>the coral snake.<0A><END>,산호 Snake에서 색상을 빌려온 우유 Snake라는 또 다른 무독성 Snake가 있다.<0A><00>,64,not_generated,
codec,443,빛,64,6,codec:443:3017|codec:443:921|codec:443:909|codec:443:915|codec:443:1966|codec:443:945,"En retournant <G61> leur <G6A>tat de base, ils <G6A>mettent<0A>de la lumi<G69>re.<0A><END> || I mean, it seems like if you ate a glowing<0A>mushroom, it might recharge your batteries<0A>or something.<0A><END> || The Russian glowcap is a kind of<0A>luminescent fungus - a mushroom<0A>that glows in the dark.<0A><END> || When they return to their base state,<0A>they give off light.<0A><END> || Y cuando vuelven a su estado, emiten luz.<0A><END> || Yes, the Russian glowcap is a glowing<0A>mushroom, so it'll recharge your batteries<0A>when you eat it.<0A><END>","기본 상태로 돌아갈 때 빛을 방출합니다.<0A><00> || 내 말은, 빛나는 버섯을 먹으면 배터리라든가를 재충전할 수 있을 것 같다는 거죠.<0A><00> || 러시안 글로우캡(Russian Glowcap)은 일종의 발광 곰팡이로, 어둠 속에서 빛나는 버섯입니다.<0A><00> || 원래 상태로 돌아오면<0A>빛을 낸다.<0A><00> || 그리고 정상 상태로 돌아오면 빛을 발산합니다.<0A><00> || 네, 러시안 글로캡은 빛나는 버섯이므로 먹으면 배터리를 재충전할 수 있다.<0A><00>",64,not_generated,
codec,443,빠,64,2,codec:443:614|codec:443:1064,"But they're quick little creatures, so you<0A>might have a hard time catching one.<0A><END> || It's easy and quick to eat, so it's perfect<0A>when you are running late for an important<0A>mission in the morning.<0A><END>",하지만 그들은 빠르고 작은 생물이기 때문에 잡는 데 어려움을 겪을 수도 있다.<0A><00> || 간편하고 빠르게 먹을 수 있어서 아침에 중요한 MISSION에 지각할 때 딱 좋아요.<0A><00>,64,not_generated,
codec,443,빨,64,4,codec:443:995|codec:443:996|codec:443:527|codec:443:682,"I see you've found a Baikal Scaly Tooth.<0A><END> || The Baikal Scaly Tooth mushroom is used<0A>as an antidote to poison. It usually grows<0A>on the trunks of trees, so look for it there.<0A><END> || The colorful red and black patterns on<0A>the coral snake are a warning sign.<0A><END> || The vampire bat bites its victims and sucks<0A>their blood.<0A><END>",바이칼 비늘 이빨을 발견한 것 같군요.<0A><00> || 바이칼 비늘 이빨 버섯은 독에 대한 해독제로 사용됩니다. 주로 나무 줄기에서 자라므로 그곳에서 찾아보세요.<0A><00> || 산호뱀의 화려한 빨간색과 검은색 패턴은 경고 신호입니다.<0A><00> || 흡혈박쥐는 희생자를 물고 피를 빨아먹습니다.<0A><00>,64,not_generated,
codec,443,뻔,64,1,codec:443:750,Why would it be obvious?<0A><END>,왜 뻔할까요?<0A><00>,64,not_generated,
codec,443,뻤,64,1,codec:443:582,"...It was awfully pretty, though...<0A><END>",...너무 예뻤지만...<0A><00>,64,not_generated,
codec,443,뼈,64,1,codec:443:826,According to the guide... it's good. But it's<0A>kind of oily and has a lot of little bones.<0A><END>,가이드님 말씀대로... 좋아요. 그런데 좀 기름지고 작은 뼈가 많아요.<0A><00>,64,not_generated,
codec,443,뿐,64,5,codec:443:873|codec:443:1794|codec:443:579|codec:443:743|codec:443:715,"But that's just my opinion, don't listen to<0A>me.<0A><END> || No s<G74>lo comen insectos, tambi<G6A>n comen<0A>ratones e incluso serpientes.<0A><END> || No, I... I just wanted you to tell me how<0A>it tastes.<0A><END> || Their diet consists of not only insects,<0A>but also mice and even snakes.<0A><END> || They're just a stupid made-up legend.<0A>Even if they do seem real sometimes.<0A><END>","하지만 그건 내 의견일 뿐이니 내 말을 듣지 마세요.<0A><00> || 곤충을 먹을 뿐만 아니라 생쥐, 심지어 뱀도 먹습니다.<0A><00> || 아니, 난... 맛을 말해 달라고 했을 뿐이야.<0A><00> || 그들의 식단은 곤충뿐만 아니라 생쥐, 심지어 뱀까지 구성됩니다.<0A><00> || 그들은 단지 어리석게 꾸며낸 전설일 뿐입니다. 때로는 진짜처럼 보일지라도.<0A><00>",64,not_generated,
codec,443,쁘,64,2,codec:443:620|codec:443:570,"...The guide says they're not that bad.<0A><END> || I thought so. What was I thinking?<0A>Seeing a snake and calling it ""pretty""...<0A><END>","...가이드가 그렇게 나쁘지 않다고 하더군요.<0A><00> || 저도 그렇게 생각했어요. 나는 무엇을 생각하고 있었습니까? Snake보고 ""예쁘다""라고..<0A><00>",64,not_generated,
codec,443,쁜,64,2,codec:443:563|codec:443:569,"The green tree python originally comes from<0A>Australia and New Zealand. It's a really<0A>pretty green color, and it lives...<0A><END> || They're a really pretty green color.<0A><END>","녹색나무비단구렁이는 원래 호주와 뉴질랜드가 원산지입니다. 정말 예쁜 녹색이고, 살아있다...<0A><00> || 정말 예쁜 녹색이에요.<0A><00>",64,not_generated,
codec,443,산,64,23,codec:443:839|codec:443:913|codec:443:781|codec:443:473|codec:443:540|codec:443:770|codec:443:922|codec:443:794|codec:443:527|codec:443:524|codec:443:729|codec:443:625|codec:443:563|codec:443:860|codec:443:666|codec:443:544|codec:443:600|codec:443:510|codec:443:778|codec:443:532|codec:443:817|codec:443:470|codec:443:1966,"Because of its large size, I don't think you'll<0A>be able to capture one alive.<0A><END> || breaking it down into oxyluciferin and<0A>carbon dioxide.<0A><END> || But it's strange. The guide doesn't say<0A>anything about there being Alexandrine<0A>Parakeets in that area.<0A><END> || Even non-venomous animals like frogs can<0A>be used to distract the enemy's attention.<0A><END> || It says here... that coral snakes are pretty<0A>good, in a snaky kind of way.<0A><END> || Like catching one alive with the tranquilizer<0A>gun and throwing it at the enemy.<0A><END> || Snake, your batteries are organic batteries.<0A>They produce electricity by utilizing the<0A>potential difference between cells.<0A><END> || so you probably won't be able to capture<0A>it alive using the tranquilizer gun.<0A><END> || The colorful red and black patterns on<0A>the coral snake are a warning sign.<0A><END> || The coral snake is a venomous snake that<0A>originally hails from the Americas.<0A><END> || The difference between them and other<0A>hornets is that they produce honey in<0A>their nests.<0A><END> || The European rabbit is said to have come<0A>from the Mediterranean region originally. But<0A>nowadays they're found all over the world.<0A><END> || The green tree python originally comes from<0A>Australia and New Zealand. It's a really<0A>pretty green color, and it lives...<0A><END> || The Kenyan mangrove crab is a land-going<0A>crab. It lives in burrows dug near seashores<0A>and mangrove swamps.<0A><END> || The markhor is a kind of wild goat that lives<0A>in mountainous areas.<0A><END> || The milk snake closely resembles the coral<0A>snake, but it's actually not venomous.<0A><END> || The poison dart frog is native to the tropical<0A>rain forests of Central and South America.<0A><END> || The Thai cobra originally comes from<0A>Indochina, Thailand, and southern China.<0A><END> || Then it's probably an Alexandrine Parakeet.<0A>It's sometimes also called the Alexandrine<0A>parrot.<0A><END> || There is another non-poisonous snake called<0A>the milk snake that borrows its coloring from<0A>the coral snake.<0A><END> || Uh huh. Fishes that live near coral reefs<0A>are sometimes contaminated with a poison<0A>known as ciguatera toxin.<0A><END> || When you capture a live animal, you can<0A>carry it on you as a weapon by going to<0A>""BACKPACK"" in the Survival Viewer.<0A><END> || Y cuando vuelven a su estado, emiten luz.<0A><END>","너무 커서 산 채로 잡긴 어려울 거야. || 는 이를 옥시루시페린과 이산화탄소로 분해합니다.<0A><00> || 그런데 이상해요. 가이드는 그 지역에 알렉산드린 잉꼬가 있다는 것에 대해 아무 말도 하지 않습니다.<0A><00> || 개구리와 같은 독이 없는 동물도 적의 주의를 분산시키는 데 사용될 수 있다.<0A><00> || 여기에는... 산호 뱀이 뱀 같은 방식으로 꽤 좋다고 나와 있다.<0A><00> || 마취총으로 산 사람을 잡아서 적에게 던지는 것과 같습니다.<0A><00> || Snake, 귀하의 배터리는 유기 배터리입니다. 세포 사이의 전위차를 이용하여 전기를 생산합니다.<0A><00> || 그러니 마취총으로는<0A>산 채로 잡기 힘들 거야.<0A><00> || 산호뱀의 화려한 빨간색과 검은색 패턴은 경고 신호입니다.<0A><00> || 산호뱀은 원래 아메리카 대륙이 원산지인 독사입니다.<0A><00> || 다른 말벌과의 차이점은 둥지에서 꿀을 생산한다는 거다.<0A><00> || 유럽토끼는 원래 지중해 지역이 원산지라고 합니다. 하지만 요즘에는 전 세계에서 발견됩니다.<0A><00> || 녹색나무비단구렁이는 원래 호주와 뉴질랜드가 원산지입니다. 정말 예쁜 녹색이고, 살아있다...<0A><00> || 케냐 맹그로브 게는 육지로 이동하는 게입니다. 해변이나 맹그로브 습지 근처에 굴을 파서 산다.<0A><00> || Markhor는 산악 지대에 사는<0A>야생 Goat야.<0A><00> || 우유뱀은 산호뱀과 매우 유사하지만 실제로는 독이 없습니다.<0A><00> || 독화살개구리는 중남미의 열대 우림이 원산지입니다.<0A><00> || Thai Cobra는 원래<0A>Indochina, Thailand, 중국 남부산이야.<0A><00> || 그렇다면 아마도 Alexandrine 앵무새일 겁니다. 때로는 알렉산드린 앵무새라고도 불립니다.<0A><00> || 산호 Snake에서 색상을 빌려온 우유 Snake라는 또 다른 무독성 Snake가 있다.<0A><00> || 어허. 산호초 근처에 사는 물고기는 때때로 시구아테라 독소로 알려진 독에 오염됩니다.<0A><00> || 산 동물을 잡으면<0A>Survival Viewer의 BACKPACK에서<0A>무기로 사용할 수 있다.<0A><00> || 그리고 정상 상태로 돌아오면 빛을 발산합니다.<0A><00>",64,not_generated,
codec,443,살,64,23,codec:443:840|codec:443:599|codec:443:874|codec:443:604|codec:443:603|codec:443:476|codec:443:680|codec:443:477|codec:443:623|codec:443:664|codec:443:560|codec:443:598|codec:443:139|codec:443:836|codec:443:610|codec:443:542|codec:443:493|codec:443:563|codec:443:823|codec:443:600|codec:443:495|codec:443:790|codec:443:475,"Ancient fish like the arowana are living<0A>fossils.<0A><END> || I see you've captured a poison dart frog.<0A><END> || Let's see here. The guide says... no way.<0A>It says they're delicious.<0A><END> || Long ago, people used the poison to coat<0A>their arrows for hunting.<0A><END> || Poison dart frogs are known to carry a<0A>potent neurotoxin called pumiliotoxin.<0A><END> || Remember, though, you've only got three<0A>cages for capturing live animals.<0A><END> || Snake, be careful. That cave is inhabited<0A>by vampire bats.<0A><END> || Snake, king cobras are making their home<0A>in the area you're in now.<0A><END> || Snake, that area is inhabited by European<0A>rabbits.<0A><END> || Snake, that area is inhabited by markhors.<0A><END> || Snake, that area is inhabited by the green<0A>tree python.<0A><END> || Snake, that area is inhabited by the poison<0A>dart frog.<0A><END> || Snake, that area should be inhabited<0A>by Tree Frogs.<0A><END> || Snake, that river is inhabited by arowanas.<0A><END> || Snake, there are rats living in that area.<0A><END> || That area is inhabited by the milk snake.<0A><END> || That area is inhabited by the Taiwanese<0A>cobra.<0A><END> || The green tree python originally comes from<0A>Australia and New Zealand. It's a really<0A>pretty green color, and it lives...<0A><END> || The maroon shark is found mostly in<0A>Southeast Asia. But it's not actually a<0A>shark - it's related to the carp.<0A><END> || The poison dart frog is native to the tropical<0A>rain forests of Central and South America.<0A><END> || The Taiwanese cobra is native to Taiwan<0A>and southern China.<0A><END> || There should be white-rumped vultures<0A>living in that area.<0A><END> || yes, keeping animals alive prevents them<0A>from rotting and makes them taste better<0A>when you eat them.<0A><END>","아로와나와 같은 고대 물고기는 살아있는 화석입니다.<0A><00> || 독화살개구리를 잡은 것 같군요.<0A><00> || 여기를 살펴보겠습니다. 가이드는... 안돼요. 맛있다고 하네요.<0A><00> || 옛날에 사람들은 사냥을 위해 화살에 독을 발랐습니다.<0A><00> || 독화살개구리는 푸밀리오톡신이라는 강력한 신경독을 운반하는 것으로 알려져 있다.<0A><00> || 하지만 살아있는 동물을 포획할 수 있는 우리는 세 개밖에 없다는 점을 기억하십시오.<0A><00> || Snake, 조심해. 그 동굴에는 흡혈박쥐가 살고 있어요.<0A><00> || Snake, 지금 지역엔 king cobra가<0A>살고 있어.<0A><00> || Snake, 그곳엔 EUROPEAN RABBIT이 살아.<0A><00> || Snake, 그곳엔 MARKHOR가 살아.<0A><00> || Snake, 그 지역에는 녹색 나무 비단구렁이가 살고 있습니다.<0A><00> || Snake, 그곳엔 POISON DART FROG가 살아.<0A><00> || Snake, 그 지역엔<0A>Tree Frog가 살 거야.<0A><00> || Snake, 그 강에는 아로와나가 살고 있어요.<0A><00> || Snake, 그 지역에는 쥐가 살고 있어요.<0A><00> || 그 지역에는 우유 Snake가 살고 있다.<0A><00> || 그 지역에는 대만 코브라가 살고 있다.<0A><00> || 녹색나무비단구렁이는 원래 호주와 뉴질랜드가 원산지입니다. 정말 예쁜 녹색이고, 살아있다...<0A><00> || Maroon shark는 주로 동남아에 살아.<0A>실은 shark가 아니라<0A>잉어 친척이야.<0A><00> || 독화살개구리는 중남미의 열대 우림이 원산지입니다.<0A><00> || TAIWANESE COBRA는 Taiwan과 중국 남부에 살아.<0A><00> || 그 지역에는 흰 엉덩이 독수리가 살고 있을 것입니다.<0A><00> || 그래. 동물을 살려두면<0A>썩지 않고 먹을 때도<0A>더 맛있어.<0A><00>",64,not_generated,
codec,443,새,64,6,codec:443:786|codec:443:1038|codec:443:775|codec:443:774|codec:443:778|codec:443:871,"Don't EVEN think about it! Eating a cute<0A>little bird like that...<0A><END> || Magpies are dark blue and white birds with<0A>long tails that belong to the crow family.<0A><END> || Para-Medic, I caught a parrot...<0A><END> || Para-Medic, I saw a parrot just a minute<0A>ago...<0A><END> || Then it's probably an Alexandrine Parakeet.<0A>It's sometimes also called the Alexandrine<0A>parrot.<0A><END> || Why? How can you eat those things?<0A>They've all purple and yellow striped, and<0A>they stink like cat pee...<0A><END>","그것에 대해 생각조차 하지 마세요! 저렇게 귀여운 새를 먹다니...<0A><00> || 까치는 까마귀과에 속하는 긴 꼬리를 가진 진한 파란색과 흰색의 새입니다.<0A><00> || Para-Medic, 앵무새를 잡았어요...<0A><00> || Para-Medic, 방금 앵무새를 봤어...<0A><00> || 그렇다면 아마도 Alexandrine 앵무새일 겁니다. 때로는 알렉산드린 앵무새라고도 불립니다.<0A><00> || 왜요? 그런 것들을 어떻게 먹을 수 있나? 모두 보라색과 노란색 줄무늬가 있고 고양이 오줌 냄새가 나요...<0A><00>",64,not_generated,
codec,443,색,64,13,codec:443:528|codec:443:3067|codec:443:822|codec:443:965|codec:443:777|codec:443:1038|codec:443:560|codec:443:527|codec:443:563|codec:443:530|codec:443:532|codec:443:569|codec:443:871,"Apparently, the bright, flashy colors and<0A>pattern let other animals know that it carries<0A>a deadly poison.<0A><END> || C'est gris...<0A><END> || I see you've caught yourself a maroon<0A>shark.<0A><END> || It's gray...<0A><END> || It's green all over, with a large beak.<0A><END> || Magpies are dark blue and white birds with<0A>long tails that belong to the crow family.<0A><END> || Snake, that area is inhabited by the green<0A>tree python.<0A><END> || The colorful red and black patterns on<0A>the coral snake are a warning sign.<0A><END> || The green tree python originally comes from<0A>Australia and New Zealand. It's a really<0A>pretty green color, and it lives...<0A><END> || There are many animals that mimic the<0A>colors of known poisonous animals as<0A>a defense.<0A><END> || There is another non-poisonous snake called<0A>the milk snake that borrows its coloring from<0A>the coral snake.<0A><END> || They're a really pretty green color.<0A><END> || Why? How can you eat those things?<0A>They've all purple and yellow striped, and<0A>they stink like cat pee...<0A><END>","밝고 화려한 색상과 무늬를 통해 다른 동물들에게 치명적인 독을 가지고 있다는 사실을 알려주는 것 같습니다.<0A><00> || 회색이군...<0A><00> || 적갈색 상어를 잡으셨군요.<0A><00> || 회색입니다...<0A><00> || 온몸이 초록색이고 큰 부리가 있어.<0A><00> || 까치는 까마귀과에 속하는 긴 꼬리를 가진 진한 파란색과 흰색의 새입니다.<0A><00> || Snake, 그 지역에는 녹색 나무 비단구렁이가 살고 있습니다.<0A><00> || 산호뱀의 화려한 빨간색과 검은색 패턴은 경고 신호입니다.<0A><00> || 녹색나무비단구렁이는 원래 호주와 뉴질랜드가 원산지입니다. 정말 예쁜 녹색이고, 살아있다...<0A><00> || 방어를 위해 알려진 독동물의 색깔을 흉내내는 동물이 많이 있다.<0A><00> || 산호 Snake에서 색상을 빌려온 우유 Snake라는 또 다른 무독성 Snake가 있다.<0A><00> || 정말 예쁜 녹색이에요.<0A><00> || 왜요? 그런 것들을 어떻게 먹을 수 있나? 모두 보라색과 노란색 줄무늬가 있고 고양이 오줌 냄새가 나요...<0A><00>",64,not_generated,
codec,443,생,64,33,codec:443:558|codec:443:550|codec:443:843|codec:443:573|codec:443:614|codec:443:2613|codec:443:786|codec:443:657|codec:443:998|codec:443:570|codec:443:881|codec:443:782|codec:443:880|codec:443:911|codec:443:1037|codec:443:1794|codec:443:1045|codec:443:531|codec:443:922|codec:443:729|codec:443:852|codec:443:666|codec:443:511|codec:443:612|codec:443:758|codec:443:682|codec:443:743|codec:443:3040|codec:443:803|codec:443:650|codec:443:469|codec:443:1039|codec:443:813,"...It doesn't, does it? Shoot, I thought<0A>I had a good idea...<0A><END> || Ah, I just thought of a better way. You're<0A>going to love this.<0A><END> || Almost all organisms on earth have evolved<0A>in various shapes and forms,<0A><END> || And you think you're normal?<0A><END> || But they're quick little creatures, so you<0A>might have a hard time catching one.<0A><END> || Ceux-ci ont s<G7C>rement <G6A>t<G6A> import<G6A>s comme<0A>animaux de compagnies ou de laboratoire<0A>avant de s'<G6A>chapper et de redevenir sauvages.<0A><END> || Don't EVEN think about it! Eating a cute<0A>little bird like that...<0A><END> || Gee, maybe it's because no one would<0A>ever think of eating a flying squirrel.<0A><END> || I think you're going to be disappointed.<0A><END> || I thought so. What was I thinking?<0A>Seeing a snake and calling it ""pretty""...<0A><END> || If it looks like a shiitake mushroom,<0A>then it must be edible, right?<0A><END> || I'm thinking it must be someone's pet that<0A>got away.<0A><END> || It looks like a shiitake mushroom, and<0A>it's often found growing on the trunks of<0A>trees.<0A><END> || It's bioluminescent, just like a firefly.<0A>It uses the so called luciferin-luciferase<0A>reaction.<0A><END> || It's got a tough hide, so you'll have a hard<0A>time catching one. Capturing them alive is<0A>probably out of the question.<0A><END> || No s<G74>lo comen insectos, tambi<G6A>n comen<0A>ratones e incluso serpientes.<0A><END> || Oh, the little block that looks like a cookie?<0A><END> || See, by mimicking other poisonous creatures,<0A>they increase their chances of survival.<0A><END> || Snake, your batteries are organic batteries.<0A>They produce electricity by utilizing the<0A>potential difference between cells.<0A><END> || The difference between them and other<0A>hornets is that they produce honey in<0A>their nests.<0A><END> || The guide says they taste just fine for<0A>a fish.<0A><END> || The markhor is a kind of wild goat that lives<0A>in mountainous areas.<0A><END> || The ones in that area were probably<0A>imported as pets and research subjects<0A>before they escaped and turned feral.<0A><END> || The rats in that area are the descendants<0A>of wild Norway rats that were domesticated<0A>by humans as pets and lab animals.<0A><END> || The size changes from scene to scene.<0A>It happens all the time.<0A><END> || The vampire bat bites its victims and sucks<0A>their blood.<0A><END> || Their diet consists of not only insects,<0A>but also mice and even snakes.<0A><END> || Tu crois que <G68>a veut dire quoi?<0A><END> || What do you think?<0A><END> || Yeah. I had a hard time catching one.<0A><END> || You can capture animals alive by using<0A>the tranquilizer gun or a mousetrap.<0A><END> || You should be able to capture them alive<0A>using the tranquilizer gun.<0A><END> || You'd think so, but...<0A><END>","... 그렇지 않습니까? 윽, 나한테 좋은 생각이 있다고 생각했는데...<0A><00> || 아, 방금 더 좋은 방법이 생각났어요. 당신은 이것을 좋아할 거다.<0A><00> || 지구의 거의 모든 생물은 다양한 형태로 진화했고, || 네가 정상이라고 생각해?<0A><00> || 하지만 그들은 빠르고 작은 생물이기 때문에 잡는 데 어려움을 겪을 수도 있다.<0A><00> || 이들은 탈출하여 다시 야생으로 변하기 전에 반드시 애완동물이나 실험용 동물로 수입된 거다.<0A><00> || 그것에 대해 생각조차 하지 마세요! 저렇게 귀여운 새를 먹다니...<0A><00> || 이런, 어쩌면 아무도 날다람쥐를 먹을 생각을 하지 않기 때문일 수도 있다.<0A><00> || 내 생각엔 당신이 실망할 것 같아요.<0A><00> || 저도 그렇게 생각했어요. 나는 무엇을 생각하고 있었습니까? Snake보고 ""예쁘다""라고..<0A><00> || 표고버섯처럼 생겼으니 먹어도 되겠지? || 아마 누군가의 길 잃은 반려동물일 거라고 생각해.<0A><00> || 그것은 표고버섯처럼 생겼고, 종종 나무 줄기에서 자라는 것을 볼 수 있다.<0A><00> || 반딧불처럼 생물발광이에요. 이는 소위 루시페린-루시퍼라제 반응을 사용합니다.<0A><00> || 이것은 단단한 피를 가지고 있어 잡기가 힘듭니다. 생포는 아마도 불가능할 거다.<0A><00> || 곤충을 먹을 뿐만 아니라 생쥐, 심지어 뱀도 먹습니다.<0A><00> || 아, 쿠키처럼 생긴 작은 블록?<0A><00> || 보세요, 다른 독성 생물을 흉내내면 SURVIVAL의 가능성이 높아집니다.<0A><00> || Snake, 귀하의 배터리는 유기 배터리입니다. 세포 사이의 전위차를 이용하여 전기를 생산합니다.<0A><00> || 다른 말벌과의 차이점은 둥지에서 꿀을 생산한다는 거다.<0A><00> || 가이드는 생선 맛이 딱 좋다고 하더군요.<0A><00> || Markhor는 산악 지대에 사는<0A>야생 Goat야.<0A><00> || 그 지역에 있는 것들은 아마도 애완동물과 연구 대상으로 수입되어 탈출하여 야생으로 변했을 것입니다.<0A><00> || 그 지역의 쥐는 인간이 애완동물과 실험동물로 길들인 야생 노르웨이 쥐의 후손입니다.<0A><00> || 장면마다 크기가 변경됩니다. 그것은 항상 발생합니다.<0A><00> || 흡혈박쥐는 희생자를 물고 피를 빨아먹습니다.<0A><00> || 그들의 식단은 곤충뿐만 아니라 생쥐, 심지어 뱀까지 구성됩니다.<0A><00> || 그게 무슨 뜻이라고 생각하세요?<0A><00> || 어떻게 생각하시나요?<0A><00> || 그래. 한 마리 잡느라 고생했어.<0A><00> || 마취총이나 쥐덫으로<0A>동물을 생포할 수 있어.<0A><00> || 진정제 총을 사용하여 생포할 수 있을 거다.<0A><00> || 그렇게 생각하시겠지만...<0A><00>",64,not_generated,
codec,443,샤,64,1,codec:443:1069,All of the geisha girls in Japan use it for<0A>watching their calories.<0A><END>,일본의 모든 게이샤 소녀들은 칼로리를 측정하기 위해 그것을 사용합니다.<0A><00>,64,not_generated,
codec,443,선,64,4,codec:443:2254|codec:443:594|codec:443:772|codec:443:852,"A plein de choses.<0A><END> || I hear that in Japan, Otton frog sashimi<0A>and sukiyaki are popular dishes.<0A><END> || Sometimes I wonder if you even remember<0A>that you are on a mission.<0A><END> || The guide says they taste just fine for<0A>a fish.<0A><END>",A plein de가 선택했습니다.<0A><00> || 일본에선 Otton frog 회와 스키야키가 인기래. || 가끔은 자신이 선교 사업을 하고 있다는 사실을 기억하고 있는지 궁금할 때가 있습니다.<0A><00> || 가이드는 생선 맛이 딱 좋다고 하더군요.<0A><00>,64,not_generated,
codec,443,섬,64,1,codec:443:630,"When the rabbit eats fiber, the fiber is<0A>fermented in the rabbit's appendix, or<0A>caecum,<0A><END>","토끼가 섬유질을 먹으면 토끼의 맹장, 즉 맹장에서 섬유질이 발효되어,<0A><00>",64,not_generated,
codec,443,섭,64,3,codec:443:897|codec:443:1068|codec:443:711,"It says here that when you eat it, the initial<0A>symptoms include nausea, stomach pain,<0A>and diarrhea.<0A><END> || It's easy to keep track of your calorie intake<0A>and receive the nutrition your body needs, so<0A>it's good for losing weight too.<0A><END> || You're afraid of vampires, aren't you?<0A><END>","여기에는 섭취 시 초기 증상으로 메스꺼움, 복통, 설사가 포함된다고 나와 있다.<0A><00> || 칼로리 섭취를 추적하고 몸이 필요로 하는 영양을 받을 수 있어 체중 감량에도 좋습니다.<0A><00> || VAMPIRE가 무섭지?<0A><00>",64,not_generated,
codec,443,섯,64,20,codec:443:919|codec:443:2988|codec:443:921|codec:443:878|codec:443:881|codec:443:880|codec:443:984|codec:443:877|codec:443:996|codec:443:893|codec:443:896|codec:443:909|codec:443:1031|codec:443:879|codec:443:994|codec:443:947|codec:443:904|codec:443:959|codec:443:882|codec:443:945,"By the way, does that mushroom recharge<0A>your batteries when you eat it?<0A><END> || C'<G6A>tait un champignon v<G6A>n<G6A>neux.<0A><END> || I mean, it seems like if you ate a glowing<0A>mushroom, it might recharge your batteries<0A>or something.<0A><END> || I see you've found some Ural luminescent<0A>mushrooms.<0A><END> || If it looks like a shiitake mushroom,<0A>then it must be edible, right?<0A><END> || It looks like a shiitake mushroom, and<0A>it's often found growing on the trunks of<0A>trees.<0A><END> || NO, I mean the mushroom put me to sleep.<0A><END> || Snake, the Ural luminescent mushroom<0A>grows in that area.<0A><END> || The Baikal Scaly Tooth mushroom is used<0A>as an antidote to poison. It usually grows<0A>on the trunks of trees, so look for it there.<0A><END> || The fly agaric is a relative of the deathcap<0A>mushroom that grows only in that region.<0A><END> || The poisons found in the fly agaric include<0A>fallotoxins and amatoxins.<0A><END> || The Russian glowcap is a kind of<0A>luminescent fungus - a mushroom<0A>that glows in the dark.<0A><END> || The Siberian inkcap is a mushroom in<0A>the inkcap family.<0A><END> || The Ural luminescent mushroom is a<0A>mushroom found only in Tselinoyarsk.<0A><END> || There should be a mushroom called the<0A>Baikal Scaly Tooth growing in that area.<0A><END> || There's a mushroom called the spatsa<0A>growing in that area.<0A><END> || Were you listening to me?<0A>The fly agaric is poisonous...<0A><END> || What kind of mushroom is a spatsa?<0A><END> || Yep. I can't guarantee that it'll taste<0A>like a shiitake mushroom, though,<0A><END> || Yes, the Russian glowcap is a glowing<0A>mushroom, so it'll recharge your batteries<0A>when you eat it.<0A><END>","그런데 저 버섯을 먹으면 배터리가 충전되나요?<0A><00> || 독버섯이었어.<0A><00> || 내 말은, 빛나는 버섯을 먹으면 배터리라든가를 재충전할 수 있을 것 같다는 거죠.<0A><00> || 우랄 발광 버섯을 발견한 것 같군요.<0A><00> || 표고버섯처럼 생겼으니 먹어도 되겠지? || 그것은 표고버섯처럼 생겼고, 종종 나무 줄기에서 자라는 것을 볼 수 있다.<0A><00> || 아니요, 버섯 때문에 잠이 들었습니다.<0A><00> || Snake, 우랄 발광 버섯이 그 지역에서 자랍니다.<0A><00> || 바이칼 비늘 이빨 버섯은 독에 대한 해독제로 사용됩니다. 주로 나무 줄기에서 자라므로 그곳에서 찾아보세요.<0A><00> || 독버섯은 그 지역에서만 자라는 맹독 버섯의 친척이야.<0A><00> || 광대버섯 독에는<0A>fallotoxins과 amatoxins이 있어.<0A><00> || 러시안 글로우캡(Russian Glowcap)은 일종의 발광 곰팡이로, 어둠 속에서 빛나는 버섯입니다.<0A><00> || SIBERIAN INKCAP은 INKCAP과 버섯이야.<0A><00> || Ural luminescent mushroom은<0A>Tselinoyarsk에만 나는 버섯이야.<0A><00> || 그 지역엔 Baikal Scaly Tooth란<0A>버섯이 있을 거야.<0A><00> || 그곳엔 Spatsa라는 버섯이 자라.<0A><00> || 내 말 들었어? FLY AGARIC은 독버섯이야...<0A><00> || Spatsa는 어떤 버섯이야?<0A><00> || 그래. 표고버섯 맛은<0A>장담 못 하지만,<0A><00> || 네, 러시안 글로캡은 빛나는 버섯이므로 먹으면 배터리를 재충전할 수 있다.<0A><00>",64,not_generated,
codec,443,셔,64,1,codec:443:829,"The taste is,.. well, you've already eaten<0A>one, right?<0A><END>","맛은,.. 뭐, 이미 한 번 드셔보셨죠?<0A><00>",64,not_generated,
codec,443,셨,64,9,codec:443:588|codec:443:561|codec:443:478|codec:443:681|codec:443:822|codec:443:761|codec:443:829|codec:443:1013|codec:443:567,"Got it. By the way, you said they were<0A>known as a delicacy, right?<0A><END> || I see you caught yourself a green tree<0A>python.<0A><END> || I see you've caught a king cobra.<0A><END> || I see you've caught a vampire bat.<0A><END> || I see you've caught yourself a maroon<0A>shark.<0A><END> || I see you've caught yourself an emperor<0A>scorpion.<0A><END> || The taste is,.. well, you've already eaten<0A>one, right?<0A><END> || Then what did you mean?<0A><END> || They come from Australia and New<0A>Zealand?<0A><END>","알겠다. 그런데 별미로 유명하다고 하셨죠?<0A><00> || 초록나무비단구렁이를 잡으셨군요.<0A><00> || 킹코브라를 잡으셨군요.<0A><00> || 흡혈박쥐를 잡으셨군요.<0A><00> || 적갈색 상어를 잡으셨군요.<0A><00> || 황제 전갈을 잡으셨군요.<0A><00> || 맛은,.. 뭐, 이미 한 번 드셔보셨죠?<0A><00> || 그럼 무슨 말씀이셨나요?<0A><00> || 호주와 뉴질랜드에서 오셨나요?<0A><00>",64,not_generated,
codec,443,속,64,6,codec:443:939|codec:443:1025|codec:443:942|codec:443:731|codec:443:1038|codec:443:909,"Beats me... maybe it's all in his mind.<0A><END> || Hey, you should be grateful. Those things<0A>are designed to last.<0A><END> || I guess there's no harm done. Should we<0A>let him keep believing it?<0A><END> || In particular, the honey you find inside<0A>the nest is delicious and full of nutrients.<0A><END> || Magpies are dark blue and white birds with<0A>long tails that belong to the crow family.<0A><END> || The Russian glowcap is a kind of<0A>luminescent fungus - a mushroom<0A>that glows in the dark.<0A><END>","나를 이겼어요... 아마도 그 사람 마음속에 있는 것 같아요.<0A><00> || 아, 감사해야겠네요. 그런 것들은 지속되도록 설계되었습니다.<0A><00> || 피해는 없는 것 같아요. 그가 계속 믿도록 놔둬야 할까?<0A><00> || 특히 둥지 속에서 찾은 꿀은 맛있고 영양도 풍부합니다.<0A><00> || 까치는 까마귀과에 속하는 긴 꼬리를 가진 진한 파란색과 흰색의 새입니다.<0A><00> || 러시안 글로우캡(Russian Glowcap)은 일종의 발광 곰팡이로, 어둠 속에서 빛나는 버섯입니다.<0A><00>",64,not_generated,
codec,443,손,64,3,codec:443:991|codec:443:990|codec:443:612,"I'll bet if you pick one, you could soak it into<0A>a handkerchief to create a sleeping drug.<0A><END> || Maybe if you soak a handkerchief or<0A>something in it, you could use it to put<0A>the enemy to sleep.<0A><END> || The rats in that area are the descendants<0A>of wild Norway rats that were domesticated<0A>by humans as pets and lab animals.<0A><END>",따서 손수건에 적시면 수면제를 만들 수 있을 거야. || 손수건 같은 것을 적시면 적을 잠들게 할 수도 있을 것 같아요.<0A><00> || 그 지역의 쥐는 인간이 애완동물과 실험동물로 길들인 야생 노르웨이 쥐의 후손입니다.<0A><00>,64,not_generated,
codec,443,순,64,1,codec:443:562,"The green tree python isn't venomous, so<0A>no need to worry. It's fairly docile, too, so<0A>I don't think it's likely to attack you.<0A><END>",초록나무비단구렁이는 독이 없으므로 걱정할 필요가 없습니다. 게다가 꽤 온순해서 공격할 가능성은 없을 것 같아요.<0A><00>,64,not_generated,
codec,443,쉿,64,1,codec:443:974,Shhh!<0A><END>,쉿!<0A><00>,64,not_generated,
codec,443,슷,64,1,codec:443:988,the reason the spatsa puts you to sleep when<0A>you eat it is because it contains a type of<0A>anesthetic substance similar to an alkaloid.<0A><END>,Spatsa를 먹으면 잠드는 건<0A>alkaloid와 비슷한<0A>마취 성분이 있어서야.<0A><00>,64,not_generated,
codec,443,식,64,29,codec:443:1724|codec:443:541|codec:443:1058|codec:443:540|codec:443:673|codec:443:512|codec:443:2614|codec:443:3123|codec:443:1018|codec:443:1062|codec:443:737|codec:443:806|codec:443:858|codec:443:643|codec:443:583|codec:443:760|codec:443:1016|codec:443:804|codec:443:506|codec:443:1059|codec:443:838|codec:443:484|codec:443:989|codec:443:792|codec:443:743|codec:443:514|codec:443:1021|codec:443:626|codec:443:1063,"<G40>Has perdido el apetito?<0A><END> || A snaky kind of way, huh...<0A><END> || Calorie Mate is an energy supplement<0A><END> || It says here... that coral snakes are pretty<0A>good, in a snaky kind of way.<0A><END> || Lost your appetite?<0A><END> || Not as food?<0A><END> || Pas comme nourriture?<0A><END> || Plut<G75>t des repas 'd<G6A>gueulasses' portatifs<0A>utilis<G6A>s par les soldats sovi<G6A>tiques.<0A><END> || Rations are portable meals carried by<0A>Soviet soldiers.<0A><END> || Real astronaut food is not very good, but<0A>that should taste fine.<0A><END> || Snake, be careful. That area is supposed<0A>to be inhabited by cobalt blue tarantulas.<0A><END> || Snake, that area is home to the bigeye<0A>trevally.<0A><END> || Snake, that area is home to the Kenyan<0A>mangrove crabs.<0A><END> || Snake, that area is inhabited by the<0A>Japanese flying squirrel.<0A><END> || Snake, that's the home to the Otton frog.<0A><END> || Snake, watch out. That area is home to<0A>the emperor scorpion.<0A><END> || Snake, you should be able to find some<0A>rations in that area.<0A><END> || Stop it already. You're going to make me<0A>lose my appetite.<0A><END> || That area is home to the Thai cobra.<0A><END> || that contains all the proteins, lipids, vitamins,<0A>carbohydrates and minerals needed for a<0A>balanced diet.<0A><END> || The arowana is an ancient fish that lives in<0A>tropical freshwater areas.<0A><END> || The king cobra's diet consists mostly of<0A>other snakes. Be careful or you might end<0A>up as its next meal.<0A><END> || The spatsa appears to contain a type of<0A>vegetative alkaloid with anesthetic properties.<0A><END> || The white-rumped vulture is a type of<0A>vulture found in India. Its diet consists<0A>mostly of dead animal carcasses.<0A><END> || Their diet consists of not only insects,<0A>but also mice and even snakes.<0A><END> || They weren't imported as food?<0A><END> || They're ""disgusting"" portable meals carried<0A>by Soviet soldiers.<0A><END> || They've been used since ancient times as<0A>a source of food, so it might be worth<0A>catching them.<0A><END> || Yeah, and it will help balance out all<0A>this jungle food I'm eating.<0A><END>","식욕을 잃었나요?<0A><00> || 뭔가 뱀같은 방식이군요...<0A><00> || Calorie Mate는 ENERGY 보충식이야.<0A><00> || 여기에는... 산호 뱀이 뱀 같은 방식으로 꽤 좋다고 나와 있다.<0A><00> || 식욕을 잃었나요?<0A><00> || 음식이 아닌데요?<0A><00> || 음식을 좋아하지 않나요?<0A><00> || 소련군이 사용하는 오히려 '역겨운' 휴대용 식사입니다.<0A><00> || 식량은 소련 군인들이 가지고 다니는 휴대용 식사입니다.<0A><00> || 실제 우주비행사 음식은 별로 좋지는 않지만 맛은 괜찮을 것 같아요.<0A><00> || Snake, 조심하세요. 그 지역에는 코발트블루 타란툴라가 서식한다고 추정됩니다.<0A><00> || Snake, 그 지역은 눈다랑어 전갱이의 서식지입니다.<0A><00> || Snake, 그 지역은 케냐 맹그로브 게의 서식지입니다.<0A><00> || Snake, 그 지역에는 일본날다람쥐가 서식하고 있다.<0A><00> || Snake, 그곳은 Otton Frog의 서식지야.<0A><00> || Snake, 조심해. 그 지역은 황제전갈의 서식지입니다.<0A><00> || Snake, 그 지역에서 식량을 구할 수 있을 겁니다.<0A><00> || 이제 그만해. 당신 때문에 내가 식욕을 잃게 될 것 같아요.<0A><00> || 그 지역은 타이 코브라의 서식지입니다.<0A><00> || 균형 잡힌 식단에 필요한 단백질, 지방, 비타민, 탄수화물, 미네랄이 모두 들어 있다.<0A><00> || 아로와나는 열대 담수 지역에 서식하는 고대 물고기입니다.<0A><00> || 킹 코브라의 식단은 대부분 다른 뱀으로 구성됩니다. 조심하지 않으면 다음 식사로 끝날 수도 있습니다.<0A><00> || spatsa에는 마취 특성을 지닌 일종의 식물성 알칼로이드가 포함되어 있는 것으로 보입니다.<0A><00> || 흰 엉덩이 독수리는 인도에서 발견되는 독수리의 일종입니다. 그것의 식단은 대부분 죽은 동물의 시체로 구성됩니다.<0A><00> || 그들의 식단은 곤충뿐만 아니라 생쥐, 심지어 뱀까지 구성됩니다.<0A><00> || 식품으로 수입된 것이 아니었나요?<0A><00> || 소련 군인들이 가지고 다니는 ""역겨운"" 휴대용 식사입니다.<0A><00> || 예부터 식량으로 써 왔으니<0A>잡아 둘 만해.<0A><0A><00> || 그래, 정글 음식만 먹는 것도<0A>영양 균형이 맞겠군.<0A><00>",64,not_generated,
codec,443,신,64,26,codec:443:550|codec:443:474|codec:443:926|codec:443:796|codec:443:3028|codec:443:898|codec:443:985|codec:443:998|codec:443:488|codec:443:763|codec:443:525|codec:443:699|codec:443:609|codec:443:1585|codec:443:537|codec:443:603|codec:443:627|codec:443:3250|codec:443:772|codec:443:804|codec:443:527|codec:443:508|codec:443:3063|codec:443:1028|codec:443:833|codec:443:940,"Ah, I just thought of a better way. You're<0A>going to love this.<0A><END> || And since I know you're going to ask me,<0A><END> || Believe what you want.<0A><END> || But there is something here that's<0A>bothering me...<0A><END> || Crois ce que tu veux.<0A><END> || Finally, your liver and kidneys will break<0A>down into a sponge-like substance and<0A>you die.<0A><END> || I know. I was just teasing you a little.<0A><END> || I think you're going to be disappointed.<0A><END> || It seems you're the one whose diet<0A>consists of other snakes.<0A><END> || Its venom is a potent neurotoxin,<0A>so take care that you don't get stung.<0A><END> || Its venom is a very potent neurotoxin,<0A>so don't let it bite you.<0A><END> || Just now you sounded like you really hated<0A>them.<0A><END> || Never mind, I got it.<0A><END> || No est<G62>s escuchando, <G40>no?<0A><END> || OK, we'll talk about something you are<0A>interested in, then.<0A><END> || Poison dart frogs are known to carry a<0A>potent neurotoxin called pumiliotoxin.<0A><END> || Rabbits are known to eat their own<0A>excrement.<0A><END> || Snake, what are you...<0A><END> || Sometimes I wonder if you even remember<0A>that you are on a mission.<0A><END> || Stop it already. You're going to make me<0A>lose my appetite.<0A><END> || The colorful red and black patterns on<0A>the coral snake are a warning sign.<0A><END> || The Thai cobra is a large venomous snake<0A>that carries an extremely potent neurotoxin.<0A>Be careful not to get bitten.<0A><END> || Tu veux vraiment savoir?<0A><END> || You are hopeless...<0A><END> || You didn't mind all the little bones or<0A>how oily it was?<0A><END> || You mean like a placebo effect?<0A><END>","아, 방금 더 좋은 방법이 생각났어요. 당신은 이것을 좋아할 거다.<0A><00> || 그리고 당신이 나에게 물어볼 것이라는 것을 알기 때문에,<0A><00> || 당신이 원하는 것을 믿으세요.<0A><00> || 그런데 뭔가 신경 쓰이는 게 있는데...<0A><00> || 당신이 원하는 것을 믿으십시오.<0A><00> || 마침내 간과 신장이 스펀지 같은 물질로 분해되어 죽게 된다.<0A><00> || 알아요. 나는 단지 당신을 조금 놀리고 있었습니다.<0A><00> || 내 생각엔 당신이 실망할 것 같아요.<0A><00> || 당신은 다른 뱀을 먹는 사람인 것 같습니다.<0A><00> || 독은 강력한 신경독이므로 쏘이지 않도록 조심하세요.<0A><00> || 이 독은 매우 강력한 신경독이에요, 그러니 물리지 마세요.<0A><00> || 방금 당신은 그 사람들을 정말 싫어하는 것처럼 들렸어요.<0A><00> || 신경쓰지 마세요. 알겠습니다.<0A><00> || 당신은 듣고 있지 않습니까?<0A><00> || 좋아요, 그럼 당신이 관심을 갖고 있는 것에 대해 이야기하겠습니다.<0A><00> || 독화살개구리는 푸밀리오톡신이라는 강력한 신경독을 운반하는 것으로 알려져 있다.<0A><00> || 토끼는 자신의 배설물을 먹는 것으로 알려져 있다. 달 표면 기지에서 워싱턴으로 쏟아지는<0A><00> || Snake, 당신은 무엇입니까...<0A><00> || 가끔은 자신이 선교 사업을 하고 있다는 사실을 기억하고 있는지 궁금할 때가 있습니다.<0A><00> || 이제 그만해. 당신 때문에 내가 식욕을 잃게 될 것 같아요.<0A><00> || 산호뱀의 화려한 빨간색과 검은색 패턴은 경고 신호입니다.<0A><00> || 타이 코브라는 매우 강력한 신경독을 운반하는 대형 독성 Snake입니다. 물리지 않도록 주의해.<0A><00> || 정말 알고 싶으신가요?<0A><00> || 당신은 절망적입니다...<0A><00> || 잔가시랑 기름기는<0A>신경 안 쓰였어?<0A><00> || 플라시보 효과 같은 말씀이신가요?<0A><00>",64,not_generated,
codec,443,실,64,14,codec:443:528|codec:443:887|codec:443:2613|codec:443:973|codec:443:998|codec:443:1023|codec:443:842|codec:443:1062|codec:443:772|codec:443:823|codec:443:544|codec:443:612|codec:443:934|codec:443:888,"Apparently, the bright, flashy colors and<0A>pattern let other animals know that it carries<0A>a deadly poison.<0A><END> || Are you sure?<0A><END> || Ceux-ci ont s<G7C>rement <G6A>t<G6A> import<G6A>s comme<0A>animaux de compagnies ou de laboratoire<0A>avant de s'<G6A>chapper et de redevenir sauvages.<0A><END> || Eat one and see? What do I look like,<0A>a lab rat?<0A><END> || I think you're going to be disappointed.<0A><END> || It looks like the rumors are true.<0A><END> || Other ancient fish besides the arowana<0A>include the coelacanth, the starlet, and<0A>the knifefish.<0A><END> || Real astronaut food is not very good, but<0A>that should taste fine.<0A><END> || Sometimes I wonder if you even remember<0A>that you are on a mission.<0A><END> || The maroon shark is found mostly in<0A>Southeast Asia. But it's not actually a<0A>shark - it's related to the carp.<0A><END> || The milk snake closely resembles the coral<0A>snake, but it's actually not venomous.<0A><END> || The rats in that area are the descendants<0A>of wild Norway rats that were domesticated<0A>by humans as pets and lab animals.<0A><END> || Um, Snake, can you excuse me for<0A>a second?<0A><END> || What do you mean, am I sure?<0A><END>","밝고 화려한 색상과 무늬를 통해 다른 동물들에게 치명적인 독을 가지고 있다는 사실을 알려주는 것 같습니다.<0A><00> || 확실합니까?<0A><00> || 이들은 탈출하여 다시 야생으로 변하기 전에 반드시 애완동물이나 실험용 동물로 수입된 거다.<0A><00> || 먹어 보라고? 내가 실험쥐야?<0A><00> || 내 생각엔 당신이 실망할 것 같아요.<0A><00> || 소문이 사실인 것 같아.<0A><00> || 아로와나 외에 다른 고대 어류로는 실러캔스, 작은 별, 칼상어 등이 있다.<0A><00> || 실제 우주비행사 음식은 별로 좋지는 않지만 맛은 괜찮을 것 같아요.<0A><00> || 가끔은 자신이 선교 사업을 하고 있다는 사실을 기억하고 있는지 궁금할 때가 있습니다.<0A><00> || Maroon shark는 주로 동남아에 살아.<0A>실은 shark가 아니라<0A>잉어 친척이야.<0A><00> || 우유뱀은 산호뱀과 매우 유사하지만 실제로는 독이 없습니다.<0A><00> || 그 지역의 쥐는 인간이 애완동물과 실험동물로 길들인 야생 노르웨이 쥐의 후손입니다.<0A><00> || 음, Snake, 잠시 실례해도 될까요?<0A><00> || 확실하냐니 무슨 뜻이야?<0A><00>",64,not_generated,
codec,443,싫,64,3,codec:443:699|codec:443:697|codec:443:868,"Just now you sounded like you really hated<0A>them.<0A><END> || Snake, do you hate vampire movies?<0A><END> || You don't like crab?<0A><END>","방금 당신은 그 사람들을 정말 싫어하는 것처럼 들렸어요.<0A><00> || Snake, 뱀파이어 영화 싫어해요?<0A><00> || CRAB은 싫어해?<0A><00>",64,not_generated,
codec,443,십,64,3,codec:443:3028|codec:443:509|codec:443:476,"Crois ce que tu veux.<0A><END> || If you do get bitten, go into the Survival<0A>Viewer right away and use ""CURE"" to<0A>give yourself a serum injection.<0A><END> || Remember, though, you've only got three<0A>cages for capturing live animals.<0A><END>","당신이 원하는 것을 믿으십시오.<0A><00> || 물린 경우 즉시 Survival Viewer에 가서 ""CURE""를 사용하여 혈청 주사를 맞으십시오.<0A><00> || 하지만 살아있는 동물을 포획할 수 있는 우리는 세 개밖에 없다는 점을 기억하십시오.<0A><00>",64,not_generated,
codec,443,싱,64,1,codec:443:627,Rabbits are known to eat their own<0A>excrement.<0A><END>,토끼는 자신의 배설물을 먹는 것으로 알려져 있다. 달 표면 기지에서 워싱턴으로 쏟아지는<0A><00>,64,not_generated,
codec,443,싸,64,1,codec:443:735,"Of course, the hornets aren't going to give<0A>up their nest without a fight.<0A><END>","물론, 말벌은 싸움 없이 둥지를 포기하지 않을 거다.<0A><00>",64,not_generated,
codec,443,써,64,2,codec:443:895|codec:443:626,"If you do eat one, go into the Survival<0A>Viewer immediately and use CURE to<0A>take some antidote.<0A><END> || They've been used since ancient times as<0A>a source of food, so it might be worth<0A>catching them.<0A><END>",먹었다면 즉시 Survival Viewer의 CURE로 해독제를 써. || 예부터 식량으로 써 왔으니<0A>잡아 둘 만해.<0A><0A><00>,64,not_generated,
codec,443,썩,64,2,codec:443:1027|codec:443:475,"I'd take a snake over this any day, even if<0A>it is a little rotten...<0A><END> || yes, keeping animals alive prevents them<0A>from rotting and makes them taste better<0A>when you eat them.<0A><END>",좀 썩었어도 이거보단 snake가 낫겠어... || 그래. 동물을 살려두면<0A>썩지 않고 먹을 때도<0A>더 맛있어.<0A><00>,64,not_generated,
codec,443,쎄,64,3,codec:443:702|codec:443:1968|codec:443:815,"Oh. Well, no one really likes them,<0A>do they?<0A><END> || Pues no mucho.<0A><END> || Well, I've heard stories about people<0A>getting ciguatera poisoning after eating<0A>the adult fish.<0A><END>","아. 글쎄요, 정말로 그들을 좋아하는 사람은 아무도 없지요, 그렇죠?<0A><00> || 글쎄, 많지는 않습니다.<0A><00> || 글쎄요, 성어를 먹은 후 시가테라 중독에 걸린 사람들에 대한 이야기를 들었습니다.<0A><00>",64,not_generated,
codec,443,쏘,64,2,codec:443:764|codec:443:763,"If you do get stung, go into the Survival<0A>Viewer and use ""CURE"" to inject yourself<0A>with serum right away.<0A><END> || Its venom is a potent neurotoxin,<0A>so take care that you don't get stung.<0A><END>","쏘인 경우 Survival Viewer로 가서 ""CURE""를 사용하여 즉시 혈청을 주사해.<0A><00> || 독은 강력한 신경독이므로 쏘이지 않도록 조심하세요.<0A><00>",64,not_generated,
codec,443,쏟,64,1,codec:443:627,Rabbits are known to eat their own<0A>excrement.<0A><END>,토끼는 자신의 배설물을 먹는 것으로 알려져 있다. 달 표면 기지에서 워싱턴으로 쏟아지는<0A><00>,64,not_generated,
codec,443,쓰,64,3,codec:443:796|codec:443:609|codec:443:833,"But there is something here that's<0A>bothering me...<0A><END> || Never mind, I got it.<0A><END> || You didn't mind all the little bones or<0A>how oily it was?<0A><END>",그런데 뭔가 신경 쓰이는 게 있는데...<0A><00> || 신경쓰지 마세요. 알겠습니다.<0A><00> || 잔가시랑 기름기는<0A>신경 안 쓰였어?<0A><00>,64,not_generated,
codec,443,쓴,64,1,codec:443:1000,"Oh, quit your whining. You know what they<0A>say - good medicine tastes bitter.<0A><END>","아, 징징거리는 소리는 그만둬라. 좋은 약은 쓴 맛이 난다고 합니다.<0A><00>",64,not_generated,
codec,443,씀,64,3,codec:443:826|codec:443:1013|codec:443:940,According to the guide... it's good. But it's<0A>kind of oily and has a lot of little bones.<0A><END> || Then what did you mean?<0A><END> || You mean like a placebo effect?<0A><END>,가이드님 말씀대로... 좋아요. 그런데 좀 기름지고 작은 뼈가 많아요.<0A><00> || 그럼 무슨 말씀이셨나요?<0A><00> || 플라시보 효과 같은 말씀이신가요?<0A><00>,64,not_generated,
codec,443,씬,64,3,codec:443:602|codec:443:548|codec:443:1070,"but for some reason the ones in that area<0A>seem to be much bigger than that.<0A><END> || I guess if I had to pick something, I'd say<0A>it's that the milk snake is much less<0A>aggressive.<0A><END> || Is that why they're all so slim?<0A><END>",하지만 어떤 이유에서인지 그 지역의 것들은 그것보다 훨씬 더 큰 것 같습니다.<0A><00> || 굳이 꼽으라면 우유Snake이 훨씬 덜 공격적이라는 점을 꼽고 싶습니다.<0A><00> || 그것이 그들이 모두 그렇게 날씬한 이유인가?<0A><00>,64,not_generated,
codec,443,악,64,3,codec:443:689|codec:443:481|codec:443:666,"Actually, I was going to say that bats are<0A>known to use supersonic waves to sense<0A>their surroundings.<0A><END> || And it's extremely vicious as well,<0A>so watch out.<0A><END> || The markhor is a kind of wild goat that lives<0A>in mountainous areas.<0A><END>",박쥐는 초음파로 주변을 파악한다고 말하려 했어. || 게다가 매우 악의적이므로 조심해.<0A><00> || Markhor는 산악 지대에 사는<0A>야생 Goat야.<0A><00>,64,not_generated,
codec,443,앞,64,1,codec:443:587,"Frogs usually have four toes on their front<0A>legs, but the Otton frog is unique in that<0A>it has five.<0A><END>","개구리는 보통 앞다리에 발가락이 4개 있는데, 오톤개구리는 5개라는 점이 독특합니다.<0A><00>",64,not_generated,
codec,443,애,64,3,codec:443:2613|codec:443:511|codec:443:612,Ceux-ci ont s<G7C>rement <G6A>t<G6A> import<G6A>s comme<0A>animaux de compagnies ou de laboratoire<0A>avant de s'<G6A>chapper et de redevenir sauvages.<0A><END> || The ones in that area were probably<0A>imported as pets and research subjects<0A>before they escaped and turned feral.<0A><END> || The rats in that area are the descendants<0A>of wild Norway rats that were domesticated<0A>by humans as pets and lab animals.<0A><END>,이들은 탈출하여 다시 야생으로 변하기 전에 반드시 애완동물이나 실험용 동물로 수입된 거다.<0A><00> || 그 지역에 있는 것들은 아마도 애완동물과 연구 대상으로 수입되어 탈출하여 야생으로 변했을 것입니다.<0A><00> || 그 지역의 쥐는 인간이 애완동물과 실험동물로 길들인 야생 노르웨이 쥐의 후손입니다.<0A><00>,64,not_generated,
codec,443,앵,64,3,codec:443:775|codec:443:774|codec:443:778,"Para-Medic, I caught a parrot...<0A><END> || Para-Medic, I saw a parrot just a minute<0A>ago...<0A><END> || Then it's probably an Alexandrine Parakeet.<0A>It's sometimes also called the Alexandrine<0A>parrot.<0A><END>","Para-Medic, 앵무새를 잡았어요...<0A><00> || Para-Medic, 방금 앵무새를 봤어...<0A><00> || 그렇다면 아마도 Alexandrine 앵무새일 겁니다. 때로는 알렉산드린 앵무새라고도 불립니다.<0A><00>",64,not_generated,
codec,443,약,64,2,codec:443:756|codec:443:1000,"It's a movie about this gigantic spider.<0A>When it's small it's about 15 feet wide,<0A>but when it's big, it's about 35 feet wide.<0A><END> || Oh, quit your whining. You know what they<0A>say - good medicine tastes bitter.<0A><END>","이 거대한 거미에 관한 영화입니다. 작을 때는 너비가 약 15피트이고, 클 때는 너비가 약 35피트입니다.<0A><00> || 아, 징징거리는 소리는 그만둬라. 좋은 약은 쓴 맛이 난다고 합니다.<0A><00>",64,not_generated,
codec,443,양,64,8,codec:443:843|codec:443:631|codec:443:731|codec:443:1068|codec:443:1026|codec:443:632|codec:443:871|codec:443:1063,"Almost all organisms on earth have evolved<0A>in various shapes and forms,<0A><END> || and turned into a nutritious substance<0A>full of vitamins.<0A><END> || In particular, the honey you find inside<0A>the nest is delicious and full of nutrients.<0A><END> || It's easy to keep track of your calorie intake<0A>and receive the nutrition your body needs, so<0A>it's good for losing weight too.<0A><END> || No matter how long you keep a ration,<0A>it'll never go bad. And they're surprisingly<0A>good for you, too.<0A><END> || The rabbit excretes this substance and then<0A>eats it again to absorb the nutrients.<0A><END> || Why? How can you eat those things?<0A>They've all purple and yellow striped, and<0A>they stink like cat pee...<0A><END> || Yeah, and it will help balance out all<0A>this jungle food I'm eating.<0A><END>","지구의 거의 모든 생물은 다양한 형태로 진화했고, || 비타민이 든 영양분으로 바뀌지.<0A><00> || 특히 둥지 속에서 찾은 꿀은 맛있고 영양도 풍부합니다.<0A><00> || 칼로리 섭취를 추적하고 몸이 필요로 하는 영양을 받을 수 있어 체중 감량에도 좋습니다.<0A><00> || Ration은 오래 둬도 안 상해.<0A>영양도 꽤 좋아.<0A><00> || 토끼는 이 물질을 배설한 후 다시 먹어서 영양분을 흡수합니다.<0A><00> || 왜요? 그런 것들을 어떻게 먹을 수 있나? 모두 보라색과 노란색 줄무늬가 있고 고양이 오줌 냄새가 나요...<0A><00> || 그래, 정글 음식만 먹는 것도<0A>영양 균형이 맞겠군.<0A><00>",64,not_generated,
codec,443,얘,64,6,codec:443:723|codec:443:2786|codec:443:687|codec:443:505|codec:443:2789|codec:443:684,"...It's just that whenever somebody starts<0A>talking about vampires, I end up dreaming<0A>about them that night.<0A><END> || En parlant de chauve-souris...<0A><END> || I know you're just going to talk about<0A>vampire movies.<0A><END> || I'll talk to you later, Snake.<0A><END> || Je sais que tu vas me parler de films de<0A>vampire.<0A><END> || Speaking of bats...<0A><END>","...누가 vampire 얘기만 하면 그날 밤 꿈에 나와. || 박쥐 얘기가 나와서 말인데...<0A><00> || 또 VAMPIRE MOVIE 얘기하려는 거지.<0A><00> || 나중에 얘기하자, Snake.<0A><00> || VAMPIRE MOVIE 얘기하려는 거 알아.<0A><00> || 박쥐 얘기가 나와서 말인데...<0A><00>",64,not_generated,
codec,443,억,64,3,codec:443:844|codec:443:476|codec:443:772,"but these fish have kept the same form for<0A>hundreds of millions of years. Baffling, isn't<0A>it?<0A><END> || Remember, though, you've only got three<0A>cages for capturing live animals.<0A><END> || Sometimes I wonder if you even remember<0A>that you are on a mission.<0A><END>",이 물고기는 수억 년 동안 같은 형태를 유지해 왔습니다. 당황스럽죠?<0A><00> || 하지만 살아있는 동물을 포획할 수 있는 우리는 세 개밖에 없다는 점을 기억하십시오.<0A><00> || 가끔은 자신이 선교 사업을 하고 있다는 사실을 기억하고 있는지 궁금할 때가 있습니다.<0A><00>,64,not_generated,
codec,443,언,64,2,codec:443:296|codec:443:678,As always.<0A><END> || It tasted pretty good. I think I'll have it<0A>again sometime.<0A><END>,언제나 그랬듯이.<0A><00> || 맛이 꽤 괜찮았어요. 언젠가 또 먹을 것 같아요.<0A><00>,64,not_generated,
codec,443,얻,64,1,codec:443:1001,"You got some instant noodles, huh?<0A><END>",INSTANT NOODLES를 얻었군.<0A><00>,64,not_generated,
codec,443,엄,64,1,codec:443:849,"They're supposed to be huge, aren't they?<0A><END>",엄청 크겠죠?<0A><00>,64,not_generated,
codec,443,업,64,1,codec:443:772,Sometimes I wonder if you even remember<0A>that you are on a mission.<0A><END>,가끔은 자신이 선교 사업을 하고 있다는 사실을 기억하고 있는지 궁금할 때가 있습니다.<0A><00>,64,not_generated,
codec,443,엇,64,4,codec:443:619|codec:443:570|codec:443:3250|codec:443:3209,"I know what they are.<0A>Do they taste OK?<0A><END> || I thought so. What was I thinking?<0A>Seeing a snake and calling it ""pretty""...<0A><END> || Snake, what are you...<0A><END> || What was that little lecture back there?<0A><END>","나는 그것이 무엇인지 알고 있다. 맛은 괜찮나요?<0A><00> || 저도 그렇게 생각했어요. 나는 무엇을 생각하고 있었습니까? Snake보고 ""예쁘다""라고..<0A><00> || Snake, 당신은 무엇입니까...<0A><00> || 거기에 있던 짧은 강의는 무엇이었나요?<0A><00>",64,not_generated,
codec,443,엉,64,5,codec:443:791|codec:443:801|codec:443:792|codec:443:790|codec:443:798,"I see you've captured a white-rumped<0A>vulture.<0A><END> || So, then, if a person eats a white-rumped<0A>vulture, does that mean he's eating human<0A>meat, too?<0A><END> || The white-rumped vulture is a type of<0A>vulture found in India. Its diet consists<0A>mostly of dead animal carcasses.<0A><END> || There should be white-rumped vultures<0A>living in that area.<0A><END> || They say the white-rumped vulture doesn't<0A>just eat animal carcasses. It eats human<0A>ones as well.<0A><END>",흰엉덩이 독수리를 포획한 것 같군요.<0A><00> || 그렇다면 흰 엉덩이 독수리를 먹는다면 그 사람도 인간 고기를 먹고 있다는 뜻일까요?<0A><00> || 흰 엉덩이 독수리는 인도에서 발견되는 독수리의 일종입니다. 그것의 식단은 대부분 죽은 동물의 시체로 구성됩니다.<0A><00> || 그 지역에는 흰 엉덩이 독수리가 살고 있을 것입니다.<0A><00> || 흰 엉덩이 독수리는 동물의 시체만 먹는 것이 아니라고 합니다. 인간의 것도 먹습니다.<0A><00>,64,not_generated,
codec,443,역,64,30,codec:443:728|codec:443:602|codec:443:781|codec:443:3123|codec:443:737|codec:443:821|codec:443:477|codec:443:806|codec:443:858|codec:443:560|codec:443:643|codec:443:139|codec:443:877|codec:443:610|codec:443:891|codec:443:907|codec:443:760|codec:443:1016|codec:443:726|codec:443:506|codec:443:542|codec:443:493|codec:443:838|codec:443:625|codec:443:893|codec:443:511|codec:443:612|codec:443:994|codec:443:790|codec:443:1021,"Baltic Hornets are a variety of hornets that<0A>inhabit that area.<0A><END> || but for some reason the ones in that area<0A>seem to be much bigger than that.<0A><END> || But it's strange. The guide doesn't say<0A>anything about there being Alexandrine<0A>Parakeets in that area.<0A><END> || Plut<G75>t des repas 'd<G6A>gueulasses' portatifs<0A>utilis<G6A>s par les soldats sovi<G6A>tiques.<0A><END> || Snake, be careful. That area is supposed<0A>to be inhabited by cobalt blue tarantulas.<0A><END> || Snake, it says here you can catch maroon<0A>sharks in that area.<0A><END> || Snake, king cobras are making their home<0A>in the area you're in now.<0A><END> || Snake, that area is home to the bigeye<0A>trevally.<0A><END> || Snake, that area is home to the Kenyan<0A>mangrove crabs.<0A><END> || Snake, that area is inhabited by the green<0A>tree python.<0A><END> || Snake, that area is inhabited by the<0A>Japanese flying squirrel.<0A><END> || Snake, that area should be inhabited<0A>by Tree Frogs.<0A><END> || Snake, the Ural luminescent mushroom<0A>grows in that area.<0A><END> || Snake, there are rats living in that area.<0A><END> || Snake, there should be fly agaric<0A>mushrooms growing in that area.<0A><END> || Snake, there's a mushroom called the<0A>Russian glowcap growing in that area.<0A><END> || Snake, watch out. That area is home to<0A>the emperor scorpion.<0A><END> || Snake, you should be able to find some<0A>rations in that area.<0A><END> || Snake, you will encounter Baltic Hornets'<0A>nests in that area.<0A><END> || That area is home to the Thai cobra.<0A><END> || That area is inhabited by the milk snake.<0A><END> || That area is inhabited by the Taiwanese<0A>cobra.<0A><END> || The arowana is an ancient fish that lives in<0A>tropical freshwater areas.<0A><END> || The European rabbit is said to have come<0A>from the Mediterranean region originally. But<0A>nowadays they're found all over the world.<0A><END> || The fly agaric is a relative of the deathcap<0A>mushroom that grows only in that region.<0A><END> || The ones in that area were probably<0A>imported as pets and research subjects<0A>before they escaped and turned feral.<0A><END> || The rats in that area are the descendants<0A>of wild Norway rats that were domesticated<0A>by humans as pets and lab animals.<0A><END> || There should be a mushroom called the<0A>Baikal Scaly Tooth growing in that area.<0A><END> || There should be white-rumped vultures<0A>living in that area.<0A><END> || They're ""disgusting"" portable meals carried<0A>by Soviet soldiers.<0A><END>","Baltic Hornet은 그 지역에 사는 말벌 종류야. || 하지만 어떤 이유에서인지 그 지역의 것들은 그것보다 훨씬 더 큰 것 같습니다.<0A><00> || 그런데 이상해요. 가이드는 그 지역에 알렉산드린 잉꼬가 있다는 것에 대해 아무 말도 하지 않습니다.<0A><00> || 소련군이 사용하는 오히려 '역겨운' 휴대용 식사입니다.<0A><00> || Snake, 조심하세요. 그 지역에는 코발트블루 타란툴라가 서식한다고 추정됩니다.<0A><00> || Snake, 그 지역에서 maroon<0A>shark를 잡을 수 있대.<0A><00> || Snake, 지금 지역엔 king cobra가<0A>살고 있어.<0A><00> || Snake, 그 지역은 눈다랑어 전갱이의 서식지입니다.<0A><00> || Snake, 그 지역은 케냐 맹그로브 게의 서식지입니다.<0A><00> || Snake, 그 지역에는 녹색 나무 비단구렁이가 살고 있습니다.<0A><00> || Snake, 그 지역에는 일본날다람쥐가 서식하고 있다.<0A><00> || Snake, 그 지역엔<0A>Tree Frog가 살 거야.<0A><00> || Snake, 우랄 발광 버섯이 그 지역에서 자랍니다.<0A><00> || Snake, 그 지역에는 쥐가 살고 있어요.<0A><00> || Snake, 그 지역에 fly agaric<0A>mushrooms이 자랄 거야.<0A><00> || Snake, 그 지역에<0A>Russian glowcap mushrooms이 자라.<0A><00> || Snake, 조심해. 그 지역은 황제전갈의 서식지입니다.<0A><00> || Snake, 그 지역에서 식량을 구할 수 있을 겁니다.<0A><00> || Snake, 해당 지역에서 발틱 호넷(Baltic Hornets)의 둥지를 만날 수 있다.<0A><00> || 그 지역은 타이 코브라의 서식지입니다.<0A><00> || 그 지역에는 우유 Snake가 살고 있다.<0A><00> || 그 지역에는 대만 코브라가 살고 있다.<0A><00> || 아로와나는 열대 담수 지역에 서식하는 고대 물고기입니다.<0A><00> || 유럽토끼는 원래 지중해 지역이 원산지라고 합니다. 하지만 요즘에는 전 세계에서 발견됩니다.<0A><00> || 독버섯은 그 지역에서만 자라는 맹독 버섯의 친척이야.<0A><00> || 그 지역에 있는 것들은 아마도 애완동물과 연구 대상으로 수입되어 탈출하여 야생으로 변했을 것입니다.<0A><00> || 그 지역의 쥐는 인간이 애완동물과 실험동물로 길들인 야생 노르웨이 쥐의 후손입니다.<0A><00> || 그 지역엔 Baikal Scaly Tooth란<0A>버섯이 있을 거야.<0A><00> || 그 지역에는 흰 엉덩이 독수리가 살고 있을 것입니다.<0A><00> || 소련 군인들이 가지고 다니는 ""역겨운"" 휴대용 식사입니다.<0A><00>",64,not_generated,
codec,443,연,64,5,codec:443:749|codec:443:733|codec:443:746|codec:443:511|codec:443:734,"Don't act so surprised. Isn't it obvious?<0A><END> || Honey can also be used as a burn ointment.<0A>When honey is applied to a burn, it creates<0A>a protective coating over the skin.<0A><END> || Naturally... So?<0A><END> || The ones in that area were probably<0A>imported as pets and research subjects<0A>before they escaped and turned feral.<0A><END> || When you knock down a hornets' nest, a<0A>burn ointment will appear along with it, so<0A>don't forget to pick it up.<0A><END>",그렇게 놀라지 마. 당연하잖아?<0A><00> || 꿀은 화상 연고로도 사용할 수 있다. 꿀을 화상 부위에 바르면 피부 위에 보호막이 형성됩니다.<0A><00> || 당연히... 그래서요? 소음기를 부착하거나 분리하려면 터치 스크린의 무기 아이콘 근처에 있는<0A><00> || 그 지역에 있는 것들은 아마도 애완동물과 연구 대상으로 수입되어 탈출하여 야생으로 변했을 것입니다.<0A><00> || 벌집을 떨어뜨리면<0A>화상 연고도 나오니<0A>꼭 챙겨라.<0A><00>,64,not_generated,
codec,443,열,64,4,codec:443:661|codec:443:838|codec:443:600|codec:443:741,If only you were so enthusiastic about<0A>the mission...<0A><END> || The arowana is an ancient fish that lives in<0A>tropical freshwater areas.<0A><END> || The poison dart frog is native to the tropical<0A>rain forests of Central and South America.<0A><END> || There are many different varieties of<0A>tarantulas. The cobalt blue is part of a<0A>group called earth tigers.<0A><END>,MISSION에도 그렇게 열심이면 좋겠군...<0A><00> || 아로와나는 열대 담수 지역에 서식하는 고대 물고기입니다.<0A><00> || 독화살개구리는 중남미의 열대 우림이 원산지입니다.<0A><00> || 타란툴라는 종류가 많아.<0A>Cobalt Blue는<0A>Earth Tiger 계열이야.<0A><00>,64,not_generated,
codec,443,염,64,2,codec:443:820|codec:443:817,"I don't know whether those trevally are<0A>contaminated with ciguatera or not, but<0A>use caution just in case.<0A><END> || Uh huh. Fishes that live near coral reefs<0A>are sometimes contaminated with a poison<0A>known as ciguatera toxin.<0A><END>",저 trEVAlly가 시가테라에 오염되었는지는 모르겠지만 만일을 대비해 주의해.<0A><00> || 어허. 산호초 근처에 사는 물고기는 때때로 시구아테라 독소로 알려진 독에 오염됩니다.<0A><00>,64,not_generated,
codec,443,였,64,4,codec:443:1054|codec:443:574|codec:443:1048|codec:443:833,"So, what was it?<0A><END> || What was that!?<0A><END> || Yeah, but what the hell was it?<0A><END> || You didn't mind all the little bones or<0A>how oily it was?<0A><END>","그래서, 그게 뭐였지?<0A><00> || 그게 뭐였지!?<0A><00> || 그래, 그런데 그게 뭐였지?<0A><00> || 잔가시랑 기름기는<0A>신경 안 쓰였어?<0A><00>",64,not_generated,
codec,443,영,64,9,codec:443:631|codec:443:731|codec:443:756|codec:443:1068|codec:443:1026|codec:443:697|codec:443:632|codec:443:1063|codec:443:705,"and turned into a nutritious substance<0A>full of vitamins.<0A><END> || In particular, the honey you find inside<0A>the nest is delicious and full of nutrients.<0A><END> || It's a movie about this gigantic spider.<0A>When it's small it's about 15 feet wide,<0A>but when it's big, it's about 35 feet wide.<0A><END> || It's easy to keep track of your calorie intake<0A>and receive the nutrition your body needs, so<0A>it's good for losing weight too.<0A><END> || No matter how long you keep a ration,<0A>it'll never go bad. And they're surprisingly<0A>good for you, too.<0A><END> || Snake, do you hate vampire movies?<0A><END> || The rabbit excretes this substance and then<0A>eats it again to absorb the nutrients.<0A><END> || Yeah, and it will help balance out all<0A>this jungle food I'm eating.<0A><END> || Yeah. They're fascinating, you know?<0A>Like the movie ""Dra...""<0A><END>","비타민이 든 영양분으로 바뀌지.<0A><00> || 특히 둥지 속에서 찾은 꿀은 맛있고 영양도 풍부합니다.<0A><00> || 이 거대한 거미에 관한 영화입니다. 작을 때는 너비가 약 15피트이고, 클 때는 너비가 약 35피트입니다.<0A><00> || 칼로리 섭취를 추적하고 몸이 필요로 하는 영양을 받을 수 있어 체중 감량에도 좋습니다.<0A><00> || Ration은 오래 둬도 안 상해.<0A>영양도 꽤 좋아.<0A><00> || Snake, 뱀파이어 영화 싫어해요?<0A><00> || 토끼는 이 물질을 배설한 후 다시 먹어서 영양분을 흡수합니다.<0A><00> || 그래, 정글 음식만 먹는 것도<0A>영양 균형이 맞겠군.<0A><00> || 그래. 흥미롭잖아? 영화 Dra...<0A><00>",64,not_generated,
codec,443,예,64,8,codec:443:582|codec:443:719|codec:443:570|codec:443:671|codec:443:2256|codec:443:563|codec:443:569|codec:443:626,"...It was awfully pretty, though...<0A><END> || Exactly!<0A><END> || I thought so. What was I thinking?<0A>Seeing a snake and calling it ""pretty""...<0A><END> || It means ""snake eater"" in Persian.<0A><END> || Par exemple, pourquoi ces grenouilles sont<0A>devenues si grosses.<0A><END> || The green tree python originally comes from<0A>Australia and New Zealand. It's a really<0A>pretty green color, and it lives...<0A><END> || They're a really pretty green color.<0A><END> || They've been used since ancient times as<0A>a source of food, so it might be worth<0A>catching them.<0A><END>","...너무 예뻤지만...<0A><00> || 바로 그거예요!<0A><00> || 저도 그렇게 생각했어요. 나는 무엇을 생각하고 있었습니까? Snake보고 ""예쁘다""라고..<0A><00> || 페르시아어로 ""Snake Eater""라는 의미예요.<0A><00> || 예를 들어, 이 개구리들은 왜 그렇게 커졌을까요?<0A><00> || 녹색나무비단구렁이는 원래 호주와 뉴질랜드가 원산지입니다. 정말 예쁜 녹색이고, 살아있다...<0A><00> || 정말 예쁜 녹색이에요.<0A><00> || 예부터 식량으로 써 왔으니<0A>잡아 둘 만해.<0A><0A><00>",64,not_generated,
codec,443,옛,64,1,codec:443:604,"Long ago, people used the poison to coat<0A>their arrows for hunting.<0A><END>",옛날에 사람들은 사냥을 위해 화살에 독을 발랐습니다.<0A><00>,64,not_generated,
codec,443,오,64,23,codec:443:513|codec:443:3028|codec:443:587|codec:443:663|codec:443:820|codec:443:584|codec:443:1014|codec:443:753|codec:443:509|codec:443:736|codec:443:1004|codec:443:1026|codec:443:3123|codec:443:603|codec:443:476|codec:443:585|codec:443:586|codec:443:567|codec:443:817|codec:443:915|codec:443:734|codec:443:871|codec:443:1966,"Come again?<0A><END> || Crois ce que tu veux.<0A><END> || Frogs usually have four toes on their front<0A>legs, but the Otton frog is unique in that<0A>it has five.<0A><END> || I didn't say anything. So long, Snake.<0A><END> || I don't know whether those trevally are<0A>contaminated with ciguatera or not, but<0A>use caution just in case.<0A><END> || I see you caught an Otton frog.<0A><END> || I was just going to say that if you weren't<0A>going to eat it, you should bring it back to<0A>me. I've always wanted to try some.<0A><END> || If only it were as big as the one in<0A>""Earth Versus the Spider.""<0A><END> || If you do get bitten, go into the Survival<0A>Viewer right away and use ""CURE"" to<0A>give yourself a serum injection.<0A><END> || If you knock a nest down, a large swarm<0A>of hornets will come flying out, so be<0A>careful.<0A><END> || It's cheap and can be stored for a long time.<0A>And besides, it's delicious. It's like a miracle<0A>food.<0A><END> || No matter how long you keep a ration,<0A>it'll never go bad. And they're surprisingly<0A>good for you, too.<0A><END> || Plut<G75>t des repas 'd<G6A>gueulasses' portatifs<0A>utilis<G6A>s par les soldats sovi<G6A>tiques.<0A><END> || Poison dart frogs are known to carry a<0A>potent neurotoxin called pumiliotoxin.<0A><END> || Remember, though, you've only got three<0A>cages for capturing live animals.<0A><END> || The Otton frog is a large, corpulent species<0A>of frog. They're known as a delicacy, so it<0A>might be worth catching them for food.<0A><END> || The Otton frog was originally found only on<0A>Amami Oshima in Japan.<0A><END> || They come from Australia and New<0A>Zealand?<0A><END> || Uh huh. Fishes that live near coral reefs<0A>are sometimes contaminated with a poison<0A>known as ciguatera toxin.<0A><END> || When they return to their base state,<0A>they give off light.<0A><END> || When you knock down a hornets' nest, a<0A>burn ointment will appear along with it, so<0A>don't forget to pick it up.<0A><END> || Why? How can you eat those things?<0A>They've all purple and yellow striped, and<0A>they stink like cat pee...<0A><END> || Y cuando vuelven a su estado, emiten luz.<0A><END>","또 오세요?<0A><00> || 당신이 원하는 것을 믿으십시오.<0A><00> || 개구리는 보통 앞다리에 발가락이 4개 있는데, 오톤개구리는 5개라는 점이 독특합니다.<0A><00> || 나는 아무 말도 하지 않았습니다. 오랜만이에요, Snake.<0A><00> || 저 trEVAlly가 시가테라에 오염되었는지는 모르겠지만 만일을 대비해 주의해.<0A><00> || 오튼개구리를 잡은 것 같군요.<0A><00> || 그냥 안 먹을 거면 나한테 가져오라고 하려던 참이었어. 나는 항상 몇 가지를 시도하고 싶었습니다.<0A><00> || ""지구 대 거미""에 나오는 것만큼 컸으면 좋았을 텐데요.<0A><00> || 물린 경우 즉시 Survival Viewer에 가서 ""CURE""를 사용하여 혈청 주사를 맞으십시오.<0A><00> || 벌집을 떨어뜨리면 말벌 떼가 나오니 조심해. || 저렴하고 오래 보관할 수 있다. 게다가 맛도 있다. 마치 기적의 FOOD 같습니다.<0A><00> || Ration은 오래 둬도 안 상해.<0A>영양도 꽤 좋아.<0A><00> || 소련군이 사용하는 오히려 '역겨운' 휴대용 식사입니다.<0A><00> || 독화살개구리는 푸밀리오톡신이라는 강력한 신경독을 운반하는 것으로 알려져 있다.<0A><00> || 하지만 살아있는 동물을 포획할 수 있는 우리는 세 개밖에 없다는 점을 기억하십시오.<0A><00> || 오튼개구리는 크고 비만인 개구리 종입니다. 별미로 알려져 있으므로 FOOD로 구입해 볼 가치가 있을 거다.<0A><00> || 오튼개구리는 원래 일본 아마미오시마에서만 발견되었습니다.<0A><00> || 호주와 뉴질랜드에서 오셨나요?<0A><00> || 어허. 산호초 근처에 사는 물고기는 때때로 시구아테라 독소로 알려진 독에 오염됩니다.<0A><00> || 원래 상태로 돌아오면<0A>빛을 낸다.<0A><00> || 벌집을 떨어뜨리면<0A>화상 연고도 나오니<0A>꼭 챙겨라.<0A><00> || 왜요? 그런 것들을 어떻게 먹을 수 있나? 모두 보라색과 노란색 줄무늬가 있고 고양이 오줌 냄새가 나요...<0A><00> || 그리고 정상 상태로 돌아오면 빛을 발산합니다.<0A><00>",64,not_generated,
codec,443,옥,64,2,codec:443:913|codec:443:914,breaking it down into oxyluciferin and<0A>carbon dioxide.<0A><END> || The carbonyl groups in the oxyluciferin are<0A>initially in an electrically excited state.<0A><END>,는 이를 옥시루시페린과 이산화탄소로 분해합니다.<0A><00> || 옥시루시페린의 카르보닐 그룹은 초기에 전기적으로 여기된 상태에 있습니다.<0A><00>,64,not_generated,
codec,443,온,64,3,codec:443:777|codec:443:562|codec:443:532,"It's green all over, with a large beak.<0A><END> || The green tree python isn't venomous, so<0A>no need to worry. It's fairly docile, too, so<0A>I don't think it's likely to attack you.<0A><END> || There is another non-poisonous snake called<0A>the milk snake that borrows its coloring from<0A>the coral snake.<0A><END>",온몸이 초록색이고 큰 부리가 있어.<0A><00> || 초록나무비단구렁이는 독이 없으므로 걱정할 필요가 없습니다. 게다가 꽤 온순해서 공격할 가능성은 없을 것 같아요.<0A><00> || 산호 Snake에서 색상을 빌려온 우유 Snake라는 또 다른 무독성 Snake가 있다.<0A><00>,64,not_generated,
codec,443,옵,64,1,codec:443:497,"If it bites you, go into the Survival Viewer<0A>immediately and use the ""CURE"" option to<0A>inject yourself with serum.<0A><END>","물린 경우 즉시 SURVIVAL로 가서 ""치료"" 옵션을 사용하여 혈청을 주사해.<0A><00>",64,not_generated,
codec,443,완,64,5,codec:443:2613|codec:443:732|codec:443:511|codec:443:612|codec:443:1003,"Ceux-ci ont s<G7C>rement <G6A>t<G6A> import<G6A>s comme<0A>animaux de compagnies ou de laboratoire<0A>avant de s'<G6A>chapper et de redevenir sauvages.<0A><END> || It's easy to digest and helps pep you up<0A>when you're feeling tired.<0A>In short, it's the perfect survival food.<0A><END> || The ones in that area were probably<0A>imported as pets and research subjects<0A>before they escaped and turned feral.<0A><END> || The rats in that area are the descendants<0A>of wild Norway rats that were domesticated<0A>by humans as pets and lab animals.<0A><END> || Uh huh. It was invented in Japan just<0A>recently. Add some hot water and it's<0A>ready to eat.<0A><END>","이들은 탈출하여 다시 야생으로 변하기 전에 반드시 애완동물이나 실험용 동물로 수입된 거다.<0A><00> || 소화가 잘 되고 피곤할 때 기운을 북돋아 줍니다. 요컨대, 완벽한 SURVIVAL FOOD입니다.<0A><00> || 그 지역에 있는 것들은 아마도 애완동물과 연구 대상으로 수입되어 탈출하여 야생으로 변했을 것입니다.<0A><00> || 그 지역의 쥐는 인간이 애완동물과 실험동물로 길들인 야생 노르웨이 쥐의 후손입니다.<0A><00> || 어허. 최근에 일본에서 발명되었습니다. 뜨거운 물을 조금 부어주면 먹을 준비가 완료됩니다.<0A><00>",64,not_generated,
codec,443,외,64,2,codec:443:842|codec:443:875,"Other ancient fish besides the arowana<0A>include the coelacanth, the starlet, and<0A>the knifefish.<0A><END> || Well, if you want to eat one, then you go<0A>right ahead. But count me out.<0A><END>","아로와나 외에 다른 고대 어류로는 실러캔스, 작은 별, 칼상어 등이 있다.<0A><00> || 뭐, 하나 먹고 싶으면 바로 가세요. 하지만 나를 제외하세요.<0A><00>",64,not_generated,
codec,443,욕,64,3,codec:443:1724|codec:443:673|codec:443:804,<G40>Has perdido el apetito?<0A><END> || Lost your appetite?<0A><END> || Stop it already. You're going to make me<0A>lose my appetite.<0A><END>,식욕을 잃었나요?<0A><00> || 식욕을 잃었나요?<0A><00> || 이제 그만해. 당신 때문에 내가 식욕을 잃게 될 것 같아요.<0A><00>,64,not_generated,
codec,443,용,64,19,codec:443:1069|codec:443:483|codec:443:691|codec:443:2613|codec:443:3157|codec:443:473|codec:443:733|codec:443:497|codec:443:509|codec:443:764|codec:443:740|codec:443:911|codec:443:3123|codec:443:1018|codec:443:922|codec:443:996|codec:443:1021|codec:443:470|codec:443:1039,"All of the geisha girls in Japan use it for<0A>watching their calories.<0A><END> || As soon as you're bitten, go into the<0A>Survival Viewer and use ""CURE"" to give<0A>yourself a serum injection.<0A><END> || Bats use supersonic waves to sense their<0A>surroundings.<0A><END> || Ceux-ci ont s<G7C>rement <G6A>t<G6A> import<G6A>s comme<0A>animaux de compagnies ou de laboratoire<0A>avant de s'<G6A>chapper et de redevenir sauvages.<0A><END> || Essaie. C'est vachement bon.<0A><END> || Even non-venomous animals like frogs can<0A>be used to distract the enemy's attention.<0A><END> || Honey can also be used as a burn ointment.<0A>When honey is applied to a burn, it creates<0A>a protective coating over the skin.<0A><END> || If it bites you, go into the Survival Viewer<0A>immediately and use the ""CURE"" option to<0A>inject yourself with serum.<0A><END> || If you do get bitten, go into the Survival<0A>Viewer right away and use ""CURE"" to<0A>give yourself a serum injection.<0A><END> || If you do get stung, go into the Survival<0A>Viewer and use ""CURE"" to inject yourself<0A>with serum right away.<0A><END> || If you get bitten, go into the Survival<0A>Viewer immediately and use ""CURE"" to<0A>administer a serum injection.<0A><END> || It's bioluminescent, just like a firefly.<0A>It uses the so called luciferin-luciferase<0A>reaction.<0A><END> || Plut<G75>t des repas 'd<G6A>gueulasses' portatifs<0A>utilis<G6A>s par les soldats sovi<G6A>tiques.<0A><END> || Rations are portable meals carried by<0A>Soviet soldiers.<0A><END> || Snake, your batteries are organic batteries.<0A>They produce electricity by utilizing the<0A>potential difference between cells.<0A><END> || The Baikal Scaly Tooth mushroom is used<0A>as an antidote to poison. It usually grows<0A>on the trunks of trees, so look for it there.<0A><END> || They're ""disgusting"" portable meals carried<0A>by Soviet soldiers.<0A><END> || When you capture a live animal, you can<0A>carry it on you as a weapon by going to<0A>""BACKPACK"" in the Survival Viewer.<0A><END> || You should be able to capture them alive<0A>using the tranquilizer gun.<0A><END>","일본의 모든 게이샤 소녀들은 칼로리를 측정하기 위해 그것을 사용합니다.<0A><00> || 물린 즉시 SURVIVAL로 가서 ""CURE""를 사용하여 혈청 주사를 맞으세요.<0A><00> || 박쥐는 초음파를 사용하여 주변 환경을 감지합니다.<0A><00> || 이들은 탈출하여 다시 야생으로 변하기 전에 반드시 애완동물이나 실험용 동물로 수입된 거다.<0A><00> || 를 사용해 보세요. 정말 좋아요.<0A><00> || 개구리와 같은 독이 없는 동물도 적의 주의를 분산시키는 데 사용될 수 있다.<0A><00> || 꿀은 화상 연고로도 사용할 수 있다. 꿀을 화상 부위에 바르면 피부 위에 보호막이 형성됩니다.<0A><00> || 물린 경우 즉시 SURVIVAL로 가서 ""치료"" 옵션을 사용하여 혈청을 주사해.<0A><00> || 물린 경우 즉시 Survival Viewer에 가서 ""CURE""를 사용하여 혈청 주사를 맞으십시오.<0A><00> || 쏘인 경우 Survival Viewer로 가서 ""CURE""를 사용하여 즉시 혈청을 주사해.<0A><00> || 물린 경우 즉시 SURVIVAL로 가서 ""CURE""를 사용하여 혈청 주사를 투여해.<0A><00> || 반딧불처럼 생물발광이에요. 이는 소위 루시페린-루시퍼라제 반응을 사용합니다.<0A><00> || 소련군이 사용하는 오히려 '역겨운' 휴대용 식사입니다.<0A><00> || 식량은 소련 군인들이 가지고 다니는 휴대용 식사입니다.<0A><00> || Snake, 귀하의 배터리는 유기 배터리입니다. 세포 사이의 전위차를 이용하여 전기를 생산합니다.<0A><00> || 바이칼 비늘 이빨 버섯은 독에 대한 해독제로 사용됩니다. 주로 나무 줄기에서 자라므로 그곳에서 찾아보세요.<0A><00> || 소련 군인들이 가지고 다니는 ""역겨운"" 휴대용 식사입니다.<0A><00> || 산 동물을 잡으면<0A>Survival Viewer의 BACKPACK에서<0A>무기로 사용할 수 있다.<0A><00> || 진정제 총을 사용하여 생포할 수 있을 거다.<0A><00>",64,not_generated,
codec,443,운,64,8,codec:443:786|codec:443:953|codec:443:732|codec:443:3123|codec:443:603|codec:443:508|codec:443:1021|codec:443:1003,"Don't EVEN think about it! Eating a cute<0A>little bird like that...<0A><END> || Interesting name.<0A><END> || It's easy to digest and helps pep you up<0A>when you're feeling tired.<0A>In short, it's the perfect survival food.<0A><END> || Plut<G75>t des repas 'd<G6A>gueulasses' portatifs<0A>utilis<G6A>s par les soldats sovi<G6A>tiques.<0A><END> || Poison dart frogs are known to carry a<0A>potent neurotoxin called pumiliotoxin.<0A><END> || The Thai cobra is a large venomous snake<0A>that carries an extremely potent neurotoxin.<0A>Be careful not to get bitten.<0A><END> || They're ""disgusting"" portable meals carried<0A>by Soviet soldiers.<0A><END> || Uh huh. It was invented in Japan just<0A>recently. Add some hot water and it's<0A>ready to eat.<0A><END>","그것에 대해 생각조차 하지 마세요! 저렇게 귀여운 새를 먹다니...<0A><00> || 흥미로운 이름다.<0A><00> || 소화가 잘 되고 피곤할 때 기운을 북돋아 줍니다. 요컨대, 완벽한 SURVIVAL FOOD입니다.<0A><00> || 소련군이 사용하는 오히려 '역겨운' 휴대용 식사입니다.<0A><00> || 독화살개구리는 푸밀리오톡신이라는 강력한 신경독을 운반하는 것으로 알려져 있다.<0A><00> || 타이 코브라는 매우 강력한 신경독을 운반하는 대형 독성 Snake입니다. 물리지 않도록 주의해.<0A><00> || 소련 군인들이 가지고 다니는 ""역겨운"" 휴대용 식사입니다.<0A><00> || 어허. 최근에 일본에서 발명되었습니다. 뜨거운 물을 조금 부어주면 먹을 준비가 완료됩니다.<0A><00>",64,not_generated,
codec,443,울,64,2,codec:443:839|codec:443:649,"Because of its large size, I don't think you'll<0A>be able to capture one alive.<0A><END> || Sounds like it's going to be tough to catch<0A>one.<0A><END>",너무 커서 산 채로 잡긴 어려울 거야. || 잡기가 어려울 것 같습니다.<0A><00>,64,not_generated,
codec,443,움,64,3,codec:443:614|codec:443:897|codec:443:735,"But they're quick little creatures, so you<0A>might have a hard time catching one.<0A><END> || It says here that when you eat it, the initial<0A>symptoms include nausea, stomach pain,<0A>and diarrhea.<0A><END> || Of course, the hornets aren't going to give<0A>up their nest without a fight.<0A><END>","하지만 그들은 빠르고 작은 생물이기 때문에 잡는 데 어려움을 겪을 수도 있다.<0A><00> || 여기에는 섭취 시 초기 증상으로 메스꺼움, 복통, 설사가 포함된다고 나와 있다.<0A><00> || 물론, 말벌은 싸움 없이 둥지를 포기하지 않을 거다.<0A><00>",64,not_generated,
codec,443,워,64,4,codec:443:1879|codec:443:721|codec:443:627|codec:443:717,Eso me tem<G6E>a.<0A><END> || I'm not afraid of vampires.<0A><END> || Rabbits are known to eat their own<0A>excrement.<0A><END> || You think I'd be afraid of something like<0A>that?<0A><END>,그것이 내가 두려워했던 거다.<0A><00> || 저는 뱀파이어를 무서워하지 않아요.<0A><00> || 토끼는 자신의 배설물을 먹는 것으로 알려져 있다. 달 표면 기지에서 워싱턴으로 쏟아지는<0A><00> || 내가 그런 걸 두려워할 것 같나요?<0A><00>,64,not_generated,
codec,443,웨,64,1,codec:443:612,The rats in that area are the descendants<0A>of wild Norway rats that were domesticated<0A>by humans as pets and lab animals.<0A><END>,그 지역의 쥐는 인간이 애완동물과 실험동물로 길들인 야생 노르웨이 쥐의 후손입니다.<0A><00>,64,not_generated,
codec,443,육,64,1,codec:443:860,The Kenyan mangrove crab is a land-going<0A>crab. It lives in burrows dug near seashores<0A>and mangrove swamps.<0A><END>,케냐 맹그로브 게는 육지로 이동하는 게입니다. 해변이나 맹그로브 습지 근처에 굴을 파서 산다.<0A><00>,64,not_generated,
codec,443,잃,64,4,codec:443:1724|codec:443:782|codec:443:673|codec:443:804,<G40>Has perdido el apetito?<0A><END> || I'm thinking it must be someone's pet that<0A>got away.<0A><END> || Lost your appetite?<0A><END> || Stop it already. You're going to make me<0A>lose my appetite.<0A><END>,식욕을 잃었나요?<0A><00> || 아마 누군가의 길 잃은 반려동물일 거라고 생각해.<0A><00> || 식욕을 잃었나요?<0A><00> || 이제 그만해. 당신 때문에 내가 식욕을 잃게 될 것 같아요.<0A><00>,64,not_generated,
codec,443,잉,64,2,codec:443:781|codec:443:823,But it's strange. The guide doesn't say<0A>anything about there being Alexandrine<0A>Parakeets in that area.<0A><END> || The maroon shark is found mostly in<0A>Southeast Asia. But it's not actually a<0A>shark - it's related to the carp.<0A><END>,그런데 이상해요. 가이드는 그 지역에 알렉산드린 잉꼬가 있다는 것에 대해 아무 말도 하지 않습니다.<0A><00> || Maroon shark는 주로 동남아에 살아.<0A>실은 shark가 아니라<0A>잉어 친척이야.<0A><00>,64,not_generated,
codec,443,잊,64,1,codec:443:2787,"Ah non, oublie.<0A><END>","아니, 잊어.<0A><00>",64,not_generated,
codec,443,작,64,8,codec:443:826|codec:443:614|codec:443:827|codec:443:756|codec:443:597|codec:443:1045|codec:443:842|codec:443:757,"According to the guide... it's good. But it's<0A>kind of oily and has a lot of little bones.<0A><END> || But they're quick little creatures, so you<0A>might have a hard time catching one.<0A><END> || Fine with me. I never worry about the little<0A>things.<0A><END> || It's a movie about this gigantic spider.<0A>When it's small it's about 15 feet wide,<0A>but when it's big, it's about 35 feet wide.<0A><END> || Japan, huh... that place is starting to sound<0A>better and better.<0A><END> || Oh, the little block that looks like a cookie?<0A><END> || Other ancient fish besides the arowana<0A>include the coelacanth, the starlet, and<0A>the knifefish.<0A><END> || What do you mean, when it it's small and<0A>when it's big?<0A><END>","가이드님 말씀대로... 좋아요. 그런데 좀 기름지고 작은 뼈가 많아요.<0A><00> || 하지만 그들은 빠르고 작은 생물이기 때문에 잡는 데 어려움을 겪을 수도 있다.<0A><00> || 괜찮습니다. 나는 결코 작은 일에 대해 걱정하지 않습니다.<0A><00> || 이 거대한 거미에 관한 영화입니다. 작을 때는 너비가 약 15피트이고, 클 때는 너비가 약 35피트입니다.<0A><00> || 일본, 응... 그 곳이 점점 더 좋아지기 시작하는 것 같아요.<0A><00> || 아, 쿠키처럼 생긴 작은 블록?<0A><00> || 아로와나 외에 다른 고대 어류로는 실러캔스, 작은 별, 칼상어 등이 있다.<0A><00> || 작을 때와 클 때가 무슨 말이야?<0A><00>",64,not_generated,
codec,443,잔,64,1,codec:443:833,You didn't mind all the little bones or<0A>how oily it was?<0A><END>,잔가시랑 기름기는<0A>신경 안 쓰였어?<0A><00>,64,not_generated,
codec,443,잖,64,3,codec:443:749|codec:443:1066|codec:443:705,"Don't act so surprised. Isn't it obvious?<0A><END> || Really? Aren't you always keeping people<0A>waiting?<0A><END> || Yeah. They're fascinating, you know?<0A>Like the movie ""Dra...""<0A><END>",그렇게 놀라지 마. 당연하잖아?<0A><00> || 정말? 늘 남을 기다리게 하잖아.<0A><00> || 그래. 흥미롭잖아? 영화 Dra...<0A><00>,64,not_generated,
codec,443,잠,64,6,codec:443:1051|codec:443:990|codec:443:982|codec:443:984|codec:443:988|codec:443:934,"Hold on...you just ate something without<0A>even knowing what it was?<0A><END> || Maybe if you soak a handkerchief or<0A>something in it, you could use it to put<0A>the enemy to sleep.<0A><END> || No, I mean I fell asleep.<0A><END> || NO, I mean the mushroom put me to sleep.<0A><END> || the reason the spatsa puts you to sleep when<0A>you eat it is because it contains a type of<0A>anesthetic substance similar to an alkaloid.<0A><END> || Um, Snake, can you excuse me for<0A>a second?<0A><END>","잠깐...뭔지 모르고 먹은 거야? || 손수건 같은 것을 적시면 적을 잠들게 할 수도 있을 것 같아요.<0A><00> || 아니, 잠들었다는 뜻이야.<0A><00> || 아니요, 버섯 때문에 잠이 들었습니다.<0A><00> || Spatsa를 먹으면 잠드는 건<0A>alkaloid와 비슷한<0A>마취 성분이 있어서야.<0A><00> || 음, Snake, 잠시 실례해도 될까요?<0A><00>",64,not_generated,
codec,443,장,64,14,codec:443:693|codec:443:639|codec:443:898|codec:443:2955|codec:443:685|codec:443:2502|codec:443:629|codec:443:762|codec:443:1034|codec:443:479|codec:443:1033|codec:443:758|codec:443:630|codec:443:882,"Alternatively, you could try equipping a<0A>torch and waving it around<0A><END> || But how do those caecel feces taste?<0A><END> || Finally, your liver and kidneys will break<0A>down into a sponge-like substance and<0A>you die.<0A><END> || G<G6A>nial!<0A><END> || Just save it.<0A><END> || Ouais, ouais...<0A><END> || That's right. It's called caecal feces.<0A><END> || The emperor scorpion is said to be<0A>the largest scorpion in the world.<0A><END> || The giant anaconda is said to be the<0A>largest snake in the world in terms of<0A>weight and thickness.<0A><END> || The king cobra is the world's largest<0A>venomous snake.<0A><END> || The reticulated python is said to be the<0A>longest snake in the world. It's not venomous,<0A>but it still poses a threat, so watch out.<0A><END> || The size changes from scene to scene.<0A>It happens all the time.<0A><END> || When the rabbit eats fiber, the fiber is<0A>fermented in the rabbit's appendix, or<0A>caecum,<0A><END> || Yep. I can't guarantee that it'll taste<0A>like a shiitake mushroom, though,<0A><END>","또는 횃불을 장착하고 흔들어 볼 수도 있다.<0A><00> || 그런데 저 맹장의 똥 맛은 어떤가요?<0A><00> || 마침내 간과 신장이 스펀지 같은 물질로 분해되어 죽게 된다.<0A><00> || 굉장해!<0A><00> || 그냥 저장하세요.<0A><00> || 굉장해, 굉장해...<0A><00> || 맞습니다. 맹장변이라고 합니다.<0A><00> || 황제전갈은 세계에서 가장 큰 전갈이라고 합니다.<0A><00> || 거대 아나콘다는 무게와 두께 면에서 세계에서 가장 큰 뱀이라고 합니다.<0A><00> || 킹코브라는 세계에서 가장 큰 독을 지닌 Snake입니다.<0A><00> || 망상 비단뱀은 세계에서 가장 긴 Snake라고 합니다. 독성은 없지만 여전히 위협적이므로 조심해.<0A><00> || 장면마다 크기가 변경됩니다. 그것은 항상 발생합니다.<0A><00> || 토끼가 섬유질을 먹으면 토끼의 맹장, 즉 맹장에서 섬유질이 발효되어,<0A><00> || 그래. 표고버섯 맛은<0A>장담 못 하지만,<0A><00>",64,not_generated,
codec,443,재,64,4,codec:443:3027|codec:443:921|codec:443:498|codec:443:945,"Alors elles vont se recharger?<0A><END> || I mean, it seems like if you ate a glowing<0A>mushroom, it might recharge your batteries<0A>or something.<0A><END> || Sounds interesting...<0A><END> || Yes, the Russian glowcap is a glowing<0A>mushroom, so it'll recharge your batteries<0A>when you eat it.<0A><END>","그럼 재충전이 될까요?<0A><00> || 내 말은, 빛나는 버섯을 먹으면 배터리라든가를 재충전할 수 있을 것 같다는 거죠.<0A><00> || 재미있을 것 같네요...<0A><00> || 네, 러시안 글로캡은 빛나는 버섯이므로 먹으면 배터리를 재충전할 수 있다.<0A><00>",64,not_generated,
codec,443,전,64,23,codec:443:3027|codec:443:919|codec:443:2613|codec:443:921|codec:443:761|codec:443:751|codec:443:3030|codec:443:674|codec:443:854|codec:443:847|codec:443:806|codec:443:760|codec:443:922|codec:443:925|codec:443:971|codec:443:969|codec:443:914|codec:443:762|codec:443:625|codec:443:1033|codec:443:715|codec:443:993|codec:443:945,"Alors elles vont se recharger?<0A><END> || By the way, does that mushroom recharge<0A>your batteries when you eat it?<0A><END> || Ceux-ci ont s<G7C>rement <G6A>t<G6A> import<G6A>s comme<0A>animaux de compagnies ou de laboratoire<0A>avant de s'<G6A>chapper et de redevenir sauvages.<0A><END> || I mean, it seems like if you ate a glowing<0A>mushroom, it might recharge your batteries<0A>or something.<0A><END> || I see you've caught yourself an emperor<0A>scorpion.<0A><END> || It's a spider, for goodness' sake. A big one,<0A>but still a spider, and there's not much to it.<0A><END> || J'en ai mang<G6A> un, et <G68>a a recharg<G6A> mes<0A>batteries!<0A><END> || Not at all.<0A><END> || Not at all. I love ancient fish.<0A><END> || Not at all. I'm fascinated by ancient fish.<0A><END> || Snake, that area is home to the bigeye<0A>trevally.<0A><END> || Snake, watch out. That area is home to<0A>the emperor scorpion.<0A><END> || Snake, your batteries are organic batteries.<0A>They produce electricity by utilizing the<0A>potential difference between cells.<0A><END> || So you're saying they'll get recharged?<0A><END> || That's all the guide says.<0A><END> || That's all.<0A><END> || The carbonyl groups in the oxyluciferin are<0A>initially in an electrically excited state.<0A><END> || The emperor scorpion is said to be<0A>the largest scorpion in the world.<0A><END> || The European rabbit is said to have come<0A>from the Mediterranean region originally. But<0A>nowadays they're found all over the world.<0A><END> || The reticulated python is said to be the<0A>longest snake in the world. It's not venomous,<0A>but it still poses a threat, so watch out.<0A><END> || They're just a stupid made-up legend.<0A>Even if they do seem real sometimes.<0A><END> || Why don't you find a safe spot and try it<0A>out?<0A><END> || Yes, the Russian glowcap is a glowing<0A>mushroom, so it'll recharge your batteries<0A>when you eat it.<0A><END>","그럼 재충전이 될까요?<0A><00> || 그런데 저 버섯을 먹으면 배터리가 충전되나요?<0A><00> || 이들은 탈출하여 다시 야생으로 변하기 전에 반드시 애완동물이나 실험용 동물로 수입된 거다.<0A><00> || 내 말은, 빛나는 버섯을 먹으면 배터리라든가를 재충전할 수 있을 것 같다는 거죠.<0A><00> || 황제 전갈을 잡으셨군요.<0A><00> || 제발요, 거미입니다. 큰 거미지만 여전히 거미이고 특별한 것은 없다.<0A><00> || 하나 먹고 배터리 충전됐어요!<0A><00> || 전혀.<0A><00> || 전혀 그렇지 않습니다. 나는 고대 물고기를 좋아합니다.<0A><00> || 전혀 아니에요. 저는 고대 물고기에 매혹돼 있어요.<0A><00> || Snake, 그 지역은 눈다랑어 전갱이의 서식지입니다.<0A><00> || Snake, 조심해. 그 지역은 황제전갈의 서식지입니다.<0A><00> || Snake, 귀하의 배터리는 유기 배터리입니다. 세포 사이의 전위차를 이용하여 전기를 생산합니다.<0A><00> || 그럼 충전된다는 거야?<0A><00> || 가이드가 말하는 전부입니다.<0A><00> || 그게 전부입니다.<0A><00> || 옥시루시페린의 카르보닐 그룹은 초기에 전기적으로 여기된 상태에 있습니다.<0A><00> || 황제전갈은 세계에서 가장 큰 전갈이라고 합니다.<0A><00> || 유럽토끼는 원래 지중해 지역이 원산지라고 합니다. 하지만 요즘에는 전 세계에서 발견됩니다.<0A><00> || 망상 비단뱀은 세계에서 가장 긴 Snake라고 합니다. 독성은 없지만 여전히 위협적이므로 조심해.<0A><00> || 그들은 단지 어리석게 꾸며낸 전설일 뿐입니다. 때로는 진짜처럼 보일지라도.<0A><00> || 안전한 곳에서<0A>시험해 봐.<0A><00> || 네, 러시안 글로캡은 빛나는 버섯이므로 먹으면 배터리를 재충전할 수 있다.<0A><00>",64,not_generated,
codec,443,접,64,1,codec:443:501,"The guide doesn't say. If you absolutely<0A>have to know, then you'll just have to try<0A>it yourself and see.<0A><END>",가이드는 말하지 않습니다. 꼭 알아야 한다면 직접 시도해 보고 확인하면 됩니다.<0A><00>,64,not_generated,
codec,443,젠,64,1,codec:443:678,It tasted pretty good. I think I'll have it<0A>again sometime.<0A><END>,맛이 꽤 괜찮았어요. 언젠가 또 먹을 것 같아요.<0A><00>,64,not_generated,
codec,443,져,64,5,codec:443:1014|codec:443:1032|codec:443:603|codec:443:627|codec:443:585,"I was just going to say that if you weren't<0A>going to eat it, you should bring it back to<0A>me. I've always wanted to try some.<0A><END> || It's known to be edible, so keep an eye out<0A>for it.<0A><END> || Poison dart frogs are known to carry a<0A>potent neurotoxin called pumiliotoxin.<0A><END> || Rabbits are known to eat their own<0A>excrement.<0A><END> || The Otton frog is a large, corpulent species<0A>of frog. They're known as a delicacy, so it<0A>might be worth catching them for food.<0A><END>",그냥 안 먹을 거면 나한테 가져오라고 하려던 참이었어. 나는 항상 몇 가지를 시도하고 싶었습니다.<0A><00> || 먹을 수 있다고 알려져 있으니 주의하세요.<0A><00> || 독화살개구리는 푸밀리오톡신이라는 강력한 신경독을 운반하는 것으로 알려져 있다.<0A><00> || 토끼는 자신의 배설물을 먹는 것으로 알려져 있다. 달 표면 기지에서 워싱턴으로 쏟아지는<0A><00> || 오튼개구리는 크고 비만인 개구리 종입니다. 별미로 알려져 있으므로 FOOD로 구입해 볼 가치가 있을 거다.<0A><00>,64,not_generated,
codec,443,졌,64,1,codec:443:2256,"Par exemple, pourquoi ces grenouilles sont<0A>devenues si grosses.<0A><END>","예를 들어, 이 개구리들은 왜 그렇게 커졌을까요?<0A><00>",64,not_generated,
codec,443,족,64,1,codec:443:628,They eat their own...?<0A><END>,동족을 먹는다고...?<0A><00>,64,not_generated,
codec,443,존,64,1,codec:443:924,but they still rely on chemical reactions<0A>between proteins and enzymes to...<0A><END>,그래도 단백질과 효소의 화학반응에 의존해서...,64,not_generated,
codec,443,좀,64,2,codec:443:826|codec:443:1027,"According to the guide... it's good. But it's<0A>kind of oily and has a lot of little bones.<0A><END> || I'd take a snake over this any day, even if<0A>it is a little rotten...<0A><END>",가이드님 말씀대로... 좋아요. 그런데 좀 기름지고 작은 뼈가 많아요.<0A><00> || 좀 썩었어도 이거보단 snake가 낫겠어...,64,not_generated,
codec,443,종,64,11,codec:443:728|codec:443:812|codec:443:880|codec:443:692|codec:443:808|codec:443:585|codec:443:909|codec:443:989|codec:443:792|codec:443:1029|codec:443:741,"Baltic Hornets are a variety of hornets that<0A>inhabit that area.<0A><END> || Huh... well, if they're a kind of mackerel,<0A>they should be okay to eat, right?<0A><END> || It looks like a shiitake mushroom, and<0A>it's often found growing on the trunks of<0A>trees.<0A><END> || So you might be able to keep them away<0A>by blasting them with a special kind of<0A>sound wave.<0A><END> || The bigeye trevally is a type of mackerel.<0A><END> || The Otton frog is a large, corpulent species<0A>of frog. They're known as a delicacy, so it<0A>might be worth catching them for food.<0A><END> || The Russian glowcap is a kind of<0A>luminescent fungus - a mushroom<0A>that glows in the dark.<0A><END> || The spatsa appears to contain a type of<0A>vegetative alkaloid with anesthetic properties.<0A><END> || The white-rumped vulture is a type of<0A>vulture found in India. Its diet consists<0A>mostly of dead animal carcasses.<0A><END> || The yabloko moloko is a variety of starfruit.<0A><END> || There are many different varieties of<0A>tarantulas. The cobalt blue is part of a<0A>group called earth tigers.<0A><END>","Baltic Hornet은 그 지역에 사는 말벌 종류야. || 응... 뭐, 고등어 종류라면 먹어도 괜찮겠죠?<0A><00> || 그것은 표고버섯처럼 생겼고, 종종 나무 줄기에서 자라는 것을 볼 수 있다.<0A><00> || 따라서 특별한 종류의 음파를 발사하여 쫓아낼 수도 있습니다.<0A><00> || BIGEYE TREVALLY는 고등어의 일종이야.<0A><00> || 오튼개구리는 크고 비만인 개구리 종입니다. 별미로 알려져 있으므로 FOOD로 구입해 볼 가치가 있을 거다.<0A><00> || 러시안 글로우캡(Russian Glowcap)은 일종의 발광 곰팡이로, 어둠 속에서 빛나는 버섯입니다.<0A><00> || spatsa에는 마취 특성을 지닌 일종의 식물성 알칼로이드가 포함되어 있는 것으로 보입니다.<0A><00> || 흰 엉덩이 독수리는 인도에서 발견되는 독수리의 일종입니다. 그것의 식단은 대부분 죽은 동물의 시체로 구성됩니다.<0A><00> || yabloko moloko는 starfruit의 한 품종이다.<0A><00> || 타란툴라는 종류가 많아.<0A>Cobalt Blue는<0A>Earth Tiger 계열이야.<0A><00>",64,not_generated,
codec,443,죠,64,14,codec:443:636|codec:443:844|codec:443:1057|codec:443:588|codec:443:812|codec:443:905|codec:443:921|codec:443:1072|codec:443:864|codec:443:702|codec:443:590|codec:443:829|codec:443:849|codec:443:851,"...A little, yeah.<0A><END> || but these fish have kept the same form for<0A>hundreds of millions of years. Baffling, isn't<0A>it?<0A><END> || But what is this thing? I've never seen<0A>anything like it.<0A><END> || Got it. By the way, you said they were<0A>known as a delicacy, right?<0A><END> || Huh... well, if they're a kind of mackerel,<0A>they should be okay to eat, right?<0A><END> || I heard you. But if I did eat it, it might taste<0A>good right?<0A><END> || I mean, it seems like if you ate a glowing<0A>mushroom, it might recharge your batteries<0A>or something.<0A><END> || I see. You seem to know a lot about Japan<0A>don't you?<0A><END> || It's a crab, isn't it?<0A><END> || Oh. Well, no one really likes them,<0A>do they?<0A><END> || So that means they must taste pretty good,<0A>huh?<0A><END> || The taste is,.. well, you've already eaten<0A>one, right?<0A><END> || They're supposed to be huge, aren't they?<0A><END> || Yeah. So? Do they?<0A><END>","...조금 그렇죠.<0A><00> || 이 물고기는 수억 년 동안 같은 형태를 유지해 왔습니다. 당황스럽죠?<0A><00> || 그런데 이건 뭐죠? 나는 그런 것을 본 적이 없다.<0A><00> || 알겠다. 그런데 별미로 유명하다고 하셨죠?<0A><00> || 응... 뭐, 고등어 종류라면 먹어도 괜찮겠죠?<0A><00> || 잘 들었습니다. 하지만 먹으면 맛있을 수도 있겠죠?<0A><00> || 내 말은, 빛나는 버섯을 먹으면 배터리라든가를 재충전할 수 있을 것 같다는 거죠.<0A><00> || 그렇군요. 일본에 대해 많이 아는 것 같죠?<0A><00> || 게 맞죠?<0A><00> || 아. 글쎄요, 정말로 그들을 좋아하는 사람은 아무도 없지요, 그렇죠?<0A><00> || 그럼 맛이 꽤 괜찮다는 뜻이겠죠?<0A><00> || 맛은,.. 뭐, 이미 한 번 드셔보셨죠?<0A><00> || 엄청 크겠죠?<0A><00> || 네. 그래서? 그렇죠?<0A><00>",64,not_generated,
codec,443,주,64,25,codec:443:689|codec:443:528|codec:443:483|codec:443:691|codec:443:473|codec:443:820|codec:443:497|codec:443:509|codec:443:526|codec:443:764|codec:443:740|codec:443:1030|codec:443:1061|codec:443:1032|codec:443:480|codec:443:861|codec:443:1062|codec:443:996|codec:443:563|codec:443:823|codec:443:508|codec:443:742|codec:443:567|codec:443:1003|codec:443:605,"Actually, I was going to say that bats are<0A>known to use supersonic waves to sense<0A>their surroundings.<0A><END> || Apparently, the bright, flashy colors and<0A>pattern let other animals know that it carries<0A>a deadly poison.<0A><END> || As soon as you're bitten, go into the<0A>Survival Viewer and use ""CURE"" to give<0A>yourself a serum injection.<0A><END> || Bats use supersonic waves to sense their<0A>surroundings.<0A><END> || Even non-venomous animals like frogs can<0A>be used to distract the enemy's attention.<0A><END> || I don't know whether those trevally are<0A>contaminated with ciguatera or not, but<0A>use caution just in case.<0A><END> || If it bites you, go into the Survival Viewer<0A>immediately and use the ""CURE"" option to<0A>inject yourself with serum.<0A><END> || If you do get bitten, go into the Survival<0A>Viewer right away and use ""CURE"" to<0A>give yourself a serum injection.<0A><END> || If you do get bitten, go into the Survival<0A>Viewer right away and use ""CURE"" to<0A>neutralize the poison with a serum injection.<0A><END> || If you do get stung, go into the Survival<0A>Viewer and use ""CURE"" to inject yourself<0A>with serum right away.<0A><END> || If you get bitten, go into the Survival<0A>Viewer immediately and use ""CURE"" to<0A>administer a serum injection.<0A><END> || It grows mainly on the branches of trees<0A>and is quite delicious.<0A><END> || It sounds like a space-age food.<0A><END> || It's known to be edible, so keep an eye out<0A>for it.<0A><END> || Its large size means that it has a lot<0A>of venom to inject. One bite is supposedly<0A>enough to kill an elephant.<0A><END> || It's not poisonous, but it might hurt a little<0A>if it attacks you with its pincers. Treat it<0A>with caution.<0A><END> || Real astronaut food is not very good, but<0A>that should taste fine.<0A><END> || The Baikal Scaly Tooth mushroom is used<0A>as an antidote to poison. It usually grows<0A>on the trunks of trees, so look for it there.<0A><END> || The green tree python originally comes from<0A>Australia and New Zealand. It's a really<0A>pretty green color, and it lives...<0A><END> || The maroon shark is found mostly in<0A>Southeast Asia. But it's not actually a<0A>shark - it's related to the carp.<0A><END> || The Thai cobra is a large venomous snake<0A>that carries an extremely potent neurotoxin.<0A>Be careful not to get bitten.<0A><END> || They build their nests mainly underground<0A>and are highly aggressive.<0A><END> || They come from Australia and New<0A>Zealand?<0A><END> || Uh huh. It was invented in Japan just<0A>recently. Add some hot water and it's<0A>ready to eat.<0A><END> || Watch out because if you eat one, you'll<0A>get food poisoning.<0A><END>","박쥐는 초음파로 주변을 파악한다고 말하려 했어. || 밝고 화려한 색상과 무늬를 통해 다른 동물들에게 치명적인 독을 가지고 있다는 사실을 알려주는 것 같습니다.<0A><00> || 물린 즉시 SURVIVAL로 가서 ""CURE""를 사용하여 혈청 주사를 맞으세요.<0A><00> || 박쥐는 초음파를 사용하여 주변 환경을 감지합니다.<0A><00> || 개구리와 같은 독이 없는 동물도 적의 주의를 분산시키는 데 사용될 수 있다.<0A><00> || 저 trEVAlly가 시가테라에 오염되었는지는 모르겠지만 만일을 대비해 주의해.<0A><00> || 물린 경우 즉시 SURVIVAL로 가서 ""치료"" 옵션을 사용하여 혈청을 주사해.<0A><00> || 물린 경우 즉시 Survival Viewer에 가서 ""CURE""를 사용하여 혈청 주사를 맞으십시오.<0A><00> || 물리면 즉시 Survival Viewer의 CURE에서 혈청을 주사해 독을 중화해. || 쏘인 경우 Survival Viewer로 가서 ""CURE""를 사용하여 즉시 혈청을 주사해.<0A><00> || 물린 경우 즉시 SURVIVAL로 가서 ""CURE""를 사용하여 혈청 주사를 투여해.<0A><00> || 그것은 주로 나무 가지 위에서 자라며 꽤 맛있다.<0A><00> || 우주 시대의 FOOD처럼 들립니다.<0A><00> || 먹을 수 있다고 알려져 있으니 주의하세요.<0A><00> || 크기가 크다는 것은 주입할 독이 많다는 것을 의미합니다. 한 입이면 코끼리를 죽일 수 있다고 합니다.<0A><00> || 그것은 독이 없지만, 집게로 공격하면 조금 다칠 수 있다. 주의해서 다루세요.<0A><00> || 실제 우주비행사 음식은 별로 좋지는 않지만 맛은 괜찮을 것 같아요.<0A><00> || 바이칼 비늘 이빨 버섯은 독에 대한 해독제로 사용됩니다. 주로 나무 줄기에서 자라므로 그곳에서 찾아보세요.<0A><00> || 녹색나무비단구렁이는 원래 호주와 뉴질랜드가 원산지입니다. 정말 예쁜 녹색이고, 살아있다...<0A><00> || Maroon shark는 주로 동남아에 살아.<0A>실은 shark가 아니라<0A>잉어 친척이야.<0A><00> || 타이 코브라는 매우 강력한 신경독을 운반하는 대형 독성 Snake입니다. 물리지 않도록 주의해.<0A><00> || 그들은 주로 지하에 둥지를 짓고 매우 공격적입니다.<0A><00> || 호주와 뉴질랜드에서 오셨나요?<0A><00> || 어허. 최근에 일본에서 발명되었습니다. 뜨거운 물을 조금 부어주면 먹을 준비가 완료됩니다.<0A><00> || 하나 먹으면 FOOD 중독에 걸릴 수 있으니 주의해.<0A><00>",64,not_generated,
codec,443,준,64,1,codec:443:1003,Uh huh. It was invented in Japan just<0A>recently. Add some hot water and it's<0A>ready to eat.<0A><END>,어허. 최근에 일본에서 발명되었습니다. 뜨거운 물을 조금 부어주면 먹을 준비가 완료됩니다.<0A><00>,64,not_generated,
codec,443,줌,64,1,codec:443:871,"Why? How can you eat those things?<0A>They've all purple and yellow striped, and<0A>they stink like cat pee...<0A><END>",왜요? 그런 것들을 어떻게 먹을 수 있나? 모두 보라색과 노란색 줄무늬가 있고 고양이 오줌 냄새가 나요...<0A><00>,64,not_generated,
codec,443,줍,64,2,codec:443:732|codec:443:529,"It's easy to digest and helps pep you up<0A>when you're feeling tired.<0A>In short, it's the perfect survival food.<0A><END> || That keeps them from attacking.<0A><END>","소화가 잘 되고 피곤할 때 기운을 북돋아 줍니다. 요컨대, 완벽한 SURVIVAL FOOD입니다.<0A><00> || 그것이 그들이 공격하는 것을 막아줍니다.<0A><00>",64,not_generated,
codec,443,중,64,13,codec:443:816|codec:443:526|codec:443:505|codec:443:818|codec:443:1064|codec:443:1068|codec:443:198|codec:443:625|codec:443:600|codec:443:495|codec:443:510|codec:443:605|codec:443:815,"Ciguatera poisoning?<0A><END> || If you do get bitten, go into the Survival<0A>Viewer right away and use ""CURE"" to<0A>neutralize the poison with a serum injection.<0A><END> || I'll talk to you later, Snake.<0A><END> || It apparently gives you food poisoning<0A>when you eat it.<0A><END> || It's easy and quick to eat, so it's perfect<0A>when you are running late for an important<0A>mission in the morning.<0A><END> || It's easy to keep track of your calorie intake<0A>and receive the nutrition your body needs, so<0A>it's good for losing weight too.<0A><END> || Nothing important.<0A><END> || The European rabbit is said to have come<0A>from the Mediterranean region originally. But<0A>nowadays they're found all over the world.<0A><END> || The poison dart frog is native to the tropical<0A>rain forests of Central and South America.<0A><END> || The Taiwanese cobra is native to Taiwan<0A>and southern China.<0A><END> || The Thai cobra originally comes from<0A>Indochina, Thailand, and southern China.<0A><END> || Watch out because if you eat one, you'll<0A>get food poisoning.<0A><END> || Well, I've heard stories about people<0A>getting ciguatera poisoning after eating<0A>the adult fish.<0A><END>","CIGUATERA 중독?<0A><00> || 물리면 즉시 Survival Viewer의 CURE에서 혈청을 주사해 독을 중화해. || 나중에 얘기하자, Snake.<0A><00> || 먹으면 FOOD 중독을 일으킨다고 합니다.<0A><00> || 간편하고 빠르게 먹을 수 있어서 아침에 중요한 MISSION에 지각할 때 딱 좋아요.<0A><00> || 칼로리 섭취를 추적하고 몸이 필요로 하는 영양을 받을 수 있어 체중 감량에도 좋습니다.<0A><00> || 중요한 건 없어.<0A><00> || 유럽토끼는 원래 지중해 지역이 원산지라고 합니다. 하지만 요즘에는 전 세계에서 발견됩니다.<0A><00> || 독화살개구리는 중남미의 열대 우림이 원산지입니다.<0A><00> || TAIWANESE COBRA는 Taiwan과 중국 남부에 살아.<0A><00> || Thai Cobra는 원래<0A>Indochina, Thailand, 중국 남부산이야.<0A><00> || 하나 먹으면 FOOD 중독에 걸릴 수 있으니 주의해.<0A><00> || 글쎄요, 성어를 먹은 후 시가테라 중독에 걸린 사람들에 대한 이야기를 들었습니다.<0A><00>",64,not_generated,
codec,443,쥐,64,21,codec:443:689|codec:443:691|codec:443:973|codec:443:2786|codec:443:657|codec:443:644|codec:443:611|codec:443:681|codec:443:645|codec:443:1794|codec:443:680|codec:443:643|codec:443:610|codec:443:684|codec:443:612|codec:443:682|codec:443:743|codec:443:618|codec:443:841|codec:443:647|codec:443:469,"Actually, I was going to say that bats are<0A>known to use supersonic waves to sense<0A>their surroundings.<0A><END> || Bats use supersonic waves to sense their<0A>surroundings.<0A><END> || Eat one and see? What do I look like,<0A>a lab rat?<0A><END> || En parlant de chauve-souris...<0A><END> || Gee, maybe it's because no one would<0A>ever think of eating a flying squirrel.<0A><END> || I see you caught yourself a Japanese<0A>flying squirrel.<0A><END> || I see you caught yourself a rat.<0A><END> || I see you've caught a vampire bat.<0A><END> || Japanese flying squirrels are non-venomous,<0A>and they shouldn't attack you.<0A><END> || No s<G74>lo comen insectos, tambi<G6A>n comen<0A>ratones e incluso serpientes.<0A><END> || Snake, be careful. That cave is inhabited<0A>by vampire bats.<0A><END> || Snake, that area is inhabited by the<0A>Japanese flying squirrel.<0A><END> || Snake, there are rats living in that area.<0A><END> || Speaking of bats...<0A><END> || The rats in that area are the descendants<0A>of wild Norway rats that were domesticated<0A>by humans as pets and lab animals.<0A><END> || The vampire bat bites its victims and sucks<0A>their blood.<0A><END> || Their diet consists of not only insects,<0A>but also mice and even snakes.<0A><END> || They're rats.<0A><END> || They've hardly changed their forms since<0A>the Devonian and Jurassic periods.<0A><END> || which allows the squirrel to glide from<0A>tree to tree.<0A><END> || You can capture animals alive by using<0A>the tranquilizer gun or a mousetrap.<0A><END>","박쥐는 초음파로 주변을 파악한다고 말하려 했어. || 박쥐는 초음파를 사용하여 주변 환경을 감지합니다.<0A><00> || 먹어 보라고? 내가 실험쥐야?<0A><00> || 박쥐 얘기가 나와서 말인데...<0A><00> || 이런, 어쩌면 아무도 날다람쥐를 먹을 생각을 하지 않기 때문일 수도 있다.<0A><00> || 일본날다람쥐를 잡았나 봐요.<0A><00> || 쥐를 잡은 것 같군요.<0A><00> || 흡혈박쥐를 잡으셨군요.<0A><00> || 일본날다람쥐는 독성이 없으므로 공격해서는 안 됩니다.<0A><00> || 곤충을 먹을 뿐만 아니라 생쥐, 심지어 뱀도 먹습니다.<0A><00> || Snake, 조심해. 그 동굴에는 흡혈박쥐가 살고 있어요.<0A><00> || Snake, 그 지역에는 일본날다람쥐가 서식하고 있다.<0A><00> || Snake, 그 지역에는 쥐가 살고 있어요.<0A><00> || 박쥐 얘기가 나와서 말인데...<0A><00> || 그 지역의 쥐는 인간이 애완동물과 실험동물로 길들인 야생 노르웨이 쥐의 후손입니다.<0A><00> || 흡혈박쥐는 희생자를 물고 피를 빨아먹습니다.<0A><00> || 그들의 식단은 곤충뿐만 아니라 생쥐, 심지어 뱀까지 구성됩니다.<0A><00> || 그들은 쥐입니다.<0A><00> || 데본기와 쥐라기 시대 이후로 형태가 거의 변하지 않았습니다.<0A><00> || 다람쥐가 나무 사이를 활공하게 한다.<0A><00> || 마취총이나 쥐덫으로<0A>동물을 생포할 수 있어.<0A><00>",64,not_generated,
codec,443,즉,64,8,codec:443:483|codec:443:497|codec:443:895|codec:443:509|codec:443:526|codec:443:764|codec:443:740|codec:443:630,"As soon as you're bitten, go into the<0A>Survival Viewer and use ""CURE"" to give<0A>yourself a serum injection.<0A><END> || If it bites you, go into the Survival Viewer<0A>immediately and use the ""CURE"" option to<0A>inject yourself with serum.<0A><END> || If you do eat one, go into the Survival<0A>Viewer immediately and use CURE to<0A>take some antidote.<0A><END> || If you do get bitten, go into the Survival<0A>Viewer right away and use ""CURE"" to<0A>give yourself a serum injection.<0A><END> || If you do get bitten, go into the Survival<0A>Viewer right away and use ""CURE"" to<0A>neutralize the poison with a serum injection.<0A><END> || If you do get stung, go into the Survival<0A>Viewer and use ""CURE"" to inject yourself<0A>with serum right away.<0A><END> || If you get bitten, go into the Survival<0A>Viewer immediately and use ""CURE"" to<0A>administer a serum injection.<0A><END> || When the rabbit eats fiber, the fiber is<0A>fermented in the rabbit's appendix, or<0A>caecum,<0A><END>","물린 즉시 SURVIVAL로 가서 ""CURE""를 사용하여 혈청 주사를 맞으세요.<0A><00> || 물린 경우 즉시 SURVIVAL로 가서 ""치료"" 옵션을 사용하여 혈청을 주사해.<0A><00> || 먹었다면 즉시 Survival Viewer의 CURE로 해독제를 써. || 물린 경우 즉시 Survival Viewer에 가서 ""CURE""를 사용하여 혈청 주사를 맞으십시오.<0A><00> || 물리면 즉시 Survival Viewer의 CURE에서 혈청을 주사해 독을 중화해. || 쏘인 경우 Survival Viewer로 가서 ""CURE""를 사용하여 즉시 혈청을 주사해.<0A><00> || 물린 경우 즉시 SURVIVAL로 가서 ""CURE""를 사용하여 혈청 주사를 투여해.<0A><00> || 토끼가 섬유질을 먹으면 토끼의 맹장, 즉 맹장에서 섬유질이 발효되어,<0A><00>",64,not_generated,
codec,443,즘,64,1,codec:443:625,The European rabbit is said to have come<0A>from the Mediterranean region originally. But<0A>nowadays they're found all over the world.<0A><END>,유럽토끼는 원래 지중해 지역이 원산지라고 합니다. 하지만 요즘에는 전 세계에서 발견됩니다.<0A><00>,64,not_generated,
codec,443,증,64,2,codec:443:897|codec:443:2031,"It says here that when you eat it, the initial<0A>symptoms include nausea, stomach pain,<0A>and diarrhea.<0A><END> || Me he mareado.<0A><END>","여기에는 섭취 시 초기 증상으로 메스꺼움, 복통, 설사가 포함된다고 나와 있다.<0A><00> || 현기증이 났습니다.<0A><00>",64,not_generated,
codec,443,직,64,2,codec:443:468|codec:443:501,"Snake, you're not done treating yourself.<0A>Go back into the Survival Viewer and treat<0A>the rest of your wounds!<0A><END> || The guide doesn't say. If you absolutely<0A>have to know, then you'll just have to try<0A>it yourself and see.<0A><END>","Snake, 아직 치료가 끝나지 않았습니다. SURVIVAL로 돌아가서 나머지 상처를 치료하세요!<0A><00> || 가이드는 말하지 않습니다. 꼭 알아야 한다면 직접 시도해 보고 확인하면 됩니다.<0A><00>",64,not_generated,
codec,443,진,64,8,codec:443:843|codec:443:1038|codec:443:633|codec:443:530|codec:443:715|codec:443:817|codec:443:931|codec:443:1039,"Almost all organisms on earth have evolved<0A>in various shapes and forms,<0A><END> || Magpies are dark blue and white birds with<0A>long tails that belong to the crow family.<0A><END> || That's a neat trick. I think I'll give it a try.<0A><END> || There are many animals that mimic the<0A>colors of known poisonous animals as<0A>a defense.<0A><END> || They're just a stupid made-up legend.<0A>Even if they do seem real sometimes.<0A><END> || Uh huh. Fishes that live near coral reefs<0A>are sometimes contaminated with a poison<0A>known as ciguatera toxin.<0A><END> || Y... you're serious...??<0A><END> || You should be able to capture them alive<0A>using the tranquilizer gun.<0A><END>","지구의 거의 모든 생물은 다양한 형태로 진화했고, || 까치는 까마귀과에 속하는 긴 꼬리를 가진 진한 파란색과 흰색의 새입니다.<0A><00> || 정말 멋진 트릭이네요. 한번 시도해 볼 것 같아요.<0A><00> || 방어를 위해 알려진 독동물의 색깔을 흉내내는 동물이 많이 있다.<0A><00> || 그들은 단지 어리석게 꾸며낸 전설일 뿐입니다. 때로는 진짜처럼 보일지라도.<0A><00> || 어허. 산호초 근처에 사는 물고기는 때때로 시구아테라 독소로 알려진 독에 오염됩니다.<0A><00> || 너... 진심이야?<0A><00> || 진정제 총을 사용하여 생포할 수 있을 거다.<0A><00>",64,not_generated,
codec,443,질,64,7,codec:443:924|codec:443:898|codec:443:1059|codec:443:563|codec:443:632|codec:443:567|codec:443:630,"but they still rely on chemical reactions<0A>between proteins and enzymes to...<0A><END> || Finally, your liver and kidneys will break<0A>down into a sponge-like substance and<0A>you die.<0A><END> || that contains all the proteins, lipids, vitamins,<0A>carbohydrates and minerals needed for a<0A>balanced diet.<0A><END> || The green tree python originally comes from<0A>Australia and New Zealand. It's a really<0A>pretty green color, and it lives...<0A><END> || The rabbit excretes this substance and then<0A>eats it again to absorb the nutrients.<0A><END> || They come from Australia and New<0A>Zealand?<0A><END> || When the rabbit eats fiber, the fiber is<0A>fermented in the rabbit's appendix, or<0A>caecum,<0A><END>","그래도 단백질과 효소의 화학반응에 의존해서... || 마침내 간과 신장이 스펀지 같은 물질로 분해되어 죽게 된다.<0A><00> || 균형 잡힌 식단에 필요한 단백질, 지방, 비타민, 탄수화물, 미네랄이 모두 들어 있다.<0A><00> || 녹색나무비단구렁이는 원래 호주와 뉴질랜드가 원산지입니다. 정말 예쁜 녹색이고, 살아있다...<0A><00> || 토끼는 이 물질을 배설한 후 다시 먹어서 영양분을 흡수합니다.<0A><00> || 호주와 뉴질랜드에서 오셨나요?<0A><00> || 토끼가 섬유질을 먹으면 토끼의 맹장, 즉 맹장에서 섬유질이 발효되어,<0A><00>",64,not_generated,
codec,443,집,64,4,codec:443:736|codec:443:861|codec:443:531|codec:443:734,"If you knock a nest down, a large swarm<0A>of hornets will come flying out, so be<0A>careful.<0A><END> || It's not poisonous, but it might hurt a little<0A>if it attacks you with its pincers. Treat it<0A>with caution.<0A><END> || See, by mimicking other poisonous creatures,<0A>they increase their chances of survival.<0A><END> || When you knock down a hornets' nest, a<0A>burn ointment will appear along with it, so<0A>don't forget to pick it up.<0A><END>","벌집을 떨어뜨리면 말벌 떼가 나오니 조심해. || 그것은 독이 없지만, 집게로 공격하면 조금 다칠 수 있다. 주의해서 다루세요.<0A><00> || 보세요, 다른 독성 생물을 흉내내면 SURVIVAL의 가능성이 높아집니다.<0A><00> || 벌집을 떨어뜨리면<0A>화상 연고도 나오니<0A>꼭 챙겨라.<0A><00>",64,not_generated,
codec,443,징,64,1,codec:443:1000,"Oh, quit your whining. You know what they<0A>say - good medicine tastes bitter.<0A><END>","아, 징징거리는 소리는 그만둬라. 좋은 약은 쓴 맛이 난다고 합니다.<0A><00>",64,not_generated,
codec,443,짜,64,1,codec:443:715,They're just a stupid made-up legend.<0A>Even if they do seem real sometimes.<0A><END>,그들은 단지 어리석게 꾸며낸 전설일 뿐입니다. 때로는 진짜처럼 보일지라도.<0A><00>,64,not_generated,
codec,443,짧,64,1,codec:443:3209,What was that little lecture back there?<0A><END>,거기에 있던 짧은 강의는 무엇이었나요?<0A><00>,64,not_generated,
codec,443,쨌,64,1,codec:443:987,"But anyway,<0A><END>","어쨌든,<0A><00>",64,not_generated,
codec,443,쩌,64,2,codec:443:657|codec:443:2248,"Gee, maybe it's because no one would<0A>ever think of eating a flying squirrel.<0A><END> || Mais bon, <G68>a explique peut-<G6B>tre leur taille.<0A><END>","이런, 어쩌면 아무도 날다람쥐를 먹을 생각을 하지 않기 때문일 수도 있다.<0A><00> || 하지만 어쩌면 그것이 크기를 설명하는 것일 수도 있다.<0A><00>",64,not_generated,
codec,443,쫓,64,1,codec:443:692,So you might be able to keep them away<0A>by blasting them with a special kind of<0A>sound wave.<0A><END>,따라서 특별한 종류의 음파를 발사하여 쫓아낼 수도 있습니다.<0A><00>,64,not_generated,
codec,443,찍,64,2,codec:443:3124|codec:443:899,On m'a racont<G6A> des histoires horribles <G61><0A>propos de leur go<G7C>t.<0A><END> || Sounds like a horrible way to die.<0A><END>,나는 그들의 취향에 대한 끔찍한 이야기를 들었습니다.<0A><00> || 죽는 방법이 끔찍한 것 같군요.<0A><00>,64,not_generated,
codec,443,차,64,7,codec:443:786|codec:443:637|codec:443:948|codec:443:963|codec:443:3065|codec:443:922|codec:443:729,"Don't EVEN think about it! Eating a cute<0A>little bird like that...<0A><END> || Even I wouldn't do that.<0A><END> || I see you've found a spatsa.<0A><END> || OK... let's see, the spatsa...<0A><END> || OK... voyons voir, le spatsa...<0A><END> || Snake, your batteries are organic batteries.<0A>They produce electricity by utilizing the<0A>potential difference between cells.<0A><END> || The difference between them and other<0A>hornets is that they produce honey in<0A>their nests.<0A><END>","그것에 대해 생각조차 하지 마세요! 저렇게 귀여운 새를 먹다니...<0A><00> || 나조차도 그런 짓은 안 할 거야.<0A><00> || 스파차를 찾았군요.<0A><00> || 알았어... 어디 보자, 스파차...<0A><00> || 알았어... 어디 보자, 스파차...<0A><00> || Snake, 귀하의 배터리는 유기 배터리입니다. 세포 사이의 전위차를 이용하여 전기를 생산합니다.<0A><00> || 다른 말벌과의 차이점은 둥지에서 꿀을 생산한다는 거다.<0A><00>",64,not_generated,
codec,443,착,64,2,codec:443:693|codec:443:746,"Alternatively, you could try equipping a<0A>torch and waving it around<0A><END> || Naturally... So?<0A><END>",또는 횃불을 장착하고 흔들어 볼 수도 있다.<0A><00> || 당연히... 그래서요? 소음기를 부착하거나 분리하려면 터치 스크린의 무기 아이콘 근처에 있는<0A><00>,64,not_generated,
codec,443,찮,64,7,codec:443:1729|codec:443:827|codec:443:812|codec:443:619|codec:443:678|codec:443:1062|codec:443:590,"Est<G62> muy buena, no me importar<G6E>a repetir.<0A><END> || Fine with me. I never worry about the little<0A>things.<0A><END> || Huh... well, if they're a kind of mackerel,<0A>they should be okay to eat, right?<0A><END> || I know what they are.<0A>Do they taste OK?<0A><END> || It tasted pretty good. I think I'll have it<0A>again sometime.<0A><END> || Real astronaut food is not very good, but<0A>that should taste fine.<0A><END> || So that means they must taste pretty good,<0A>huh?<0A><END>","매우 좋습니다. 반복해도 괜찮습니다.<0A><00> || 괜찮습니다. 나는 결코 작은 일에 대해 걱정하지 않습니다.<0A><00> || 응... 뭐, 고등어 종류라면 먹어도 괜찮겠죠?<0A><00> || 나는 그것이 무엇인지 알고 있다. 맛은 괜찮나요?<0A><00> || 맛이 꽤 괜찮았어요. 언젠가 또 먹을 것 같아요.<0A><00> || 실제 우주비행사 음식은 별로 좋지는 않지만 맛은 괜찮을 것 같아요.<0A><00> || 그럼 맛이 꽤 괜찮다는 뜻이겠죠?<0A><00>",64,not_generated,
codec,443,참,64,1,codec:443:1014,"I was just going to say that if you weren't<0A>going to eat it, you should bring it back to<0A>me. I've always wanted to try some.<0A><END>",그냥 안 먹을 거면 나한테 가져오라고 하려던 참이었어. 나는 항상 몇 가지를 시도하고 싶었습니다.<0A><00>,64,not_generated,
codec,443,찾,64,5,codec:443:948|codec:443:892|codec:443:731|codec:443:1041|codec:443:996,"I see you've found a spatsa.<0A><END> || I see you've found some fly agaric<0A>mushrooms.<0A><END> || In particular, the honey you find inside<0A>the nest is delicious and full of nutrients.<0A><END> || It's big and tasty, so I think it'd be worth<0A>searching for.<0A><END> || The Baikal Scaly Tooth mushroom is used<0A>as an antidote to poison. It usually grows<0A>on the trunks of trees, so look for it there.<0A><END>",스파차를 찾았군요.<0A><00> || Fly Agaric를 찾았군.<0A><00> || 특히 둥지 속에서 찾은 꿀은 맛있고 영양도 풍부합니다.<0A><00> || 크고 맛있으니 찾아볼 만해.<0A><00> || 바이칼 비늘 이빨 버섯은 독에 대한 해독제로 사용됩니다. 주로 나무 줄기에서 자라므로 그곳에서 찾아보세요.<0A><00>,64,not_generated,
codec,443,채,64,2,codec:443:839|codec:443:794,"Because of its large size, I don't think you'll<0A>be able to capture one alive.<0A><END> || so you probably won't be able to capture<0A>it alive using the tranquilizer gun.<0A><END>",너무 커서 산 채로 잡긴 어려울 거야. || 그러니 마취총으로는<0A>산 채로 잡기 힘들 거야.<0A><00>,64,not_generated,
codec,443,챙,64,1,codec:443:734,"When you knock down a hornets' nest, a<0A>burn ointment will appear along with it, so<0A>don't forget to pick it up.<0A><END>",벌집을 떨어뜨리면<0A>화상 연고도 나오니<0A>꼭 챙겨라.<0A><00>,64,not_generated,
codec,443,처,64,15,codec:443:881|codec:443:880|codec:443:1061|codec:443:911|codec:443:699|codec:443:704|codec:443:746|codec:443:1045|codec:443:467|codec:443:468|codec:443:860|codec:443:658|codec:443:715|codec:443:817|codec:443:976,"If it looks like a shiitake mushroom,<0A>then it must be edible, right?<0A><END> || It looks like a shiitake mushroom, and<0A>it's often found growing on the trunks of<0A>trees.<0A><END> || It sounds like a space-age food.<0A><END> || It's bioluminescent, just like a firefly.<0A>It uses the so called luciferin-luciferase<0A>reaction.<0A><END> || Just now you sounded like you really hated<0A>them.<0A><END> || Like you?<0A><END> || Naturally... So?<0A><END> || Oh, the little block that looks like a cookie?<0A><END> || Snake, what are you doing!?<0A>Hurry up and treat those wounds!<0A><END> || Snake, you're not done treating yourself.<0A>Go back into the Survival Viewer and treat<0A>the rest of your wounds!<0A><END> || The Kenyan mangrove crab is a land-going<0A>crab. It lives in burrows dug near seashores<0A>and mangrove swamps.<0A><END> || Then I must be the first one.<0A><END> || They're just a stupid made-up legend.<0A>Even if they do seem real sometimes.<0A><END> || Uh huh. Fishes that live near coral reefs<0A>are sometimes contaminated with a poison<0A>known as ciguatera toxin.<0A><END> || What if the rats hear you? You'll hurt<0A>their feelings.<0A><END>","표고버섯처럼 생겼으니 먹어도 되겠지? || 그것은 표고버섯처럼 생겼고, 종종 나무 줄기에서 자라는 것을 볼 수 있다.<0A><00> || 우주 시대의 FOOD처럼 들립니다.<0A><00> || 반딧불처럼 생물발광이에요. 이는 소위 루시페린-루시퍼라제 반응을 사용합니다.<0A><00> || 방금 당신은 그 사람들을 정말 싫어하는 것처럼 들렸어요.<0A><00> || 너처럼?<0A><00> || 당연히... 그래서요? 소음기를 부착하거나 분리하려면 터치 스크린의 무기 아이콘 근처에 있는<0A><00> || 아, 쿠키처럼 생긴 작은 블록?<0A><00> || Snake, 뭐하는 거야!? 서둘러서 상처를 치료하세요!<0A><00> || Snake, 아직 치료가 끝나지 않았습니다. SURVIVAL로 돌아가서 나머지 상처를 치료하세요!<0A><00> || 케냐 맹그로브 게는 육지로 이동하는 게입니다. 해변이나 맹그로브 습지 근처에 굴을 파서 산다.<0A><00> || 그럼 내가 처음이군.<0A><00> || 그들은 단지 어리석게 꾸며낸 전설일 뿐입니다. 때로는 진짜처럼 보일지라도.<0A><00> || 어허. 산호초 근처에 사는 물고기는 때때로 시구아테라 독소로 알려진 독에 오염됩니다.<0A><00> || RAT이 들으면 상처받겠어.<0A><00>",64,not_generated,
codec,443,척,64,2,codec:443:893|codec:443:823,The fly agaric is a relative of the deathcap<0A>mushroom that grows only in that region.<0A><END> || The maroon shark is found mostly in<0A>Southeast Asia. But it's not actually a<0A>shark - it's related to the carp.<0A><END>,독버섯은 그 지역에서만 자라는 맹독 버섯의 친척이야.<0A><00> || Maroon shark는 주로 동남아에 살아.<0A>실은 shark가 아니라<0A>잉어 친척이야.<0A><00>,64,not_generated,
codec,443,체,64,3,codec:443:1068|codec:443:792|codec:443:798,"It's easy to keep track of your calorie intake<0A>and receive the nutrition your body needs, so<0A>it's good for losing weight too.<0A><END> || The white-rumped vulture is a type of<0A>vulture found in India. Its diet consists<0A>mostly of dead animal carcasses.<0A><END> || They say the white-rumped vulture doesn't<0A>just eat animal carcasses. It eats human<0A>ones as well.<0A><END>",칼로리 섭취를 추적하고 몸이 필요로 하는 영양을 받을 수 있어 체중 감량에도 좋습니다.<0A><00> || 흰 엉덩이 독수리는 인도에서 발견되는 독수리의 일종입니다. 그것의 식단은 대부분 죽은 동물의 시체로 구성됩니다.<0A><00> || 흰 엉덩이 독수리는 동물의 시체만 먹는 것이 아니라고 합니다. 인간의 것도 먹습니다.<0A><00>,64,not_generated,
codec,443,초,64,8,codec:443:689|codec:443:691|codec:443:561|codec:443:897|codec:443:777|codec:443:914|codec:443:562|codec:443:817,"Actually, I was going to say that bats are<0A>known to use supersonic waves to sense<0A>their surroundings.<0A><END> || Bats use supersonic waves to sense their<0A>surroundings.<0A><END> || I see you caught yourself a green tree<0A>python.<0A><END> || It says here that when you eat it, the initial<0A>symptoms include nausea, stomach pain,<0A>and diarrhea.<0A><END> || It's green all over, with a large beak.<0A><END> || The carbonyl groups in the oxyluciferin are<0A>initially in an electrically excited state.<0A><END> || The green tree python isn't venomous, so<0A>no need to worry. It's fairly docile, too, so<0A>I don't think it's likely to attack you.<0A><END> || Uh huh. Fishes that live near coral reefs<0A>are sometimes contaminated with a poison<0A>known as ciguatera toxin.<0A><END>","박쥐는 초음파로 주변을 파악한다고 말하려 했어. || 박쥐는 초음파를 사용하여 주변 환경을 감지합니다.<0A><00> || 초록나무비단구렁이를 잡으셨군요.<0A><00> || 여기에는 섭취 시 초기 증상으로 메스꺼움, 복통, 설사가 포함된다고 나와 있다.<0A><00> || 온몸이 초록색이고 큰 부리가 있어.<0A><00> || 옥시루시페린의 카르보닐 그룹은 초기에 전기적으로 여기된 상태에 있습니다.<0A><00> || 초록나무비단구렁이는 독이 없으므로 걱정할 필요가 없습니다. 게다가 꽤 온순해서 공격할 가능성은 없을 것 같아요.<0A><00> || 어허. 산호초 근처에 사는 물고기는 때때로 시구아테라 독소로 알려진 독에 오염됩니다.<0A><00>",64,not_generated,
codec,443,총,64,4,codec:443:770|codec:443:794|codec:443:469|codec:443:1039,Like catching one alive with the tranquilizer<0A>gun and throwing it at the enemy.<0A><END> || so you probably won't be able to capture<0A>it alive using the tranquilizer gun.<0A><END> || You can capture animals alive by using<0A>the tranquilizer gun or a mousetrap.<0A><END> || You should be able to capture them alive<0A>using the tranquilizer gun.<0A><END>,마취총으로 산 사람을 잡아서 적에게 던지는 것과 같습니다.<0A><00> || 그러니 마취총으로는<0A>산 채로 잡기 힘들 거야.<0A><00> || 마취총이나 쥐덫으로<0A>동물을 생포할 수 있어.<0A><00> || 진정제 총을 사용하여 생포할 수 있을 거다.<0A><00>,64,not_generated,
codec,443,최,64,1,codec:443:1003,Uh huh. It was invented in Japan just<0A>recently. Add some hot water and it's<0A>ready to eat.<0A><END>,어허. 최근에 일본에서 발명되었습니다. 뜨거운 물을 조금 부어주면 먹을 준비가 완료됩니다.<0A><00>,64,not_generated,
codec,443,추,64,2,codec:443:1068|codec:443:737,"It's easy to keep track of your calorie intake<0A>and receive the nutrition your body needs, so<0A>it's good for losing weight too.<0A><END> || Snake, be careful. That area is supposed<0A>to be inhabited by cobalt blue tarantulas.<0A><END>","칼로리 섭취를 추적하고 몸이 필요로 하는 영양을 받을 수 있어 체중 감량에도 좋습니다.<0A><00> || Snake, 조심하세요. 그 지역에는 코발트블루 타란툴라가 서식한다고 추정됩니다.<0A><00>",64,not_generated,
codec,443,출,64,3,codec:443:2613|codec:443:3017|codec:443:511,"Ceux-ci ont s<G7C>rement <G6A>t<G6A> import<G6A>s comme<0A>animaux de compagnies ou de laboratoire<0A>avant de s'<G6A>chapper et de redevenir sauvages.<0A><END> || En retournant <G61> leur <G6A>tat de base, ils <G6A>mettent<0A>de la lumi<G69>re.<0A><END> || The ones in that area were probably<0A>imported as pets and research subjects<0A>before they escaped and turned feral.<0A><END>",이들은 탈출하여 다시 야생으로 변하기 전에 반드시 애완동물이나 실험용 동물로 수입된 거다.<0A><00> || 기본 상태로 돌아갈 때 빛을 방출합니다.<0A><00> || 그 지역에 있는 것들은 아마도 애완동물과 연구 대상으로 수입되어 탈출하여 야생으로 변했을 것입니다.<0A><00>,64,not_generated,
codec,443,충,64,13,codec:443:3027|codec:443:919|codec:443:1058|codec:443:577|codec:443:621|codec:443:921|codec:443:730|codec:443:3030|codec:443:1794|codec:443:925|codec:443:743|codec:443:578|codec:443:945,"Alors elles vont se recharger?<0A><END> || By the way, does that mushroom recharge<0A>your batteries when you eat it?<0A><END> || Calorie Mate is an energy supplement<0A><END> || Geez, I'm sorry.<0A>But enough of that...<0A><END> || Good enough for me.<0A><END> || I mean, it seems like if you ate a glowing<0A>mushroom, it might recharge your batteries<0A>or something.<0A><END> || Inside the nest are larva, pupa, and<0A>adults - you can eat them all.<0A><END> || J'en ai mang<G6A> un, et <G68>a a recharg<G6A> mes<0A>batteries!<0A><END> || No s<G74>lo comen insectos, tambi<G6A>n comen<0A>ratones e incluso serpientes.<0A><END> || So you're saying they'll get recharged?<0A><END> || Their diet consists of not only insects,<0A>but also mice and even snakes.<0A><END> || What do you mean, enough of that?<0A>This is serious!<0A><END> || Yes, the Russian glowcap is a glowing<0A>mushroom, so it'll recharge your batteries<0A>when you eat it.<0A><END>","그럼 재충전이 될까요?<0A><00> || 그런데 저 버섯을 먹으면 배터리가 충전되나요?<0A><00> || Calorie Mate는 ENERGY 보충식이야.<0A><00> || 이런, 미안해요. 하지만 그걸로 충분해...<0A><00> || 나에게는 충분합니다.<0A><00> || 내 말은, 빛나는 버섯을 먹으면 배터리라든가를 재충전할 수 있을 것 같다는 거죠.<0A><00> || 둥지 안에는 유충, 번데기, 성충이 있어 모두 먹을 수 있다.<0A><00> || 하나 먹고 배터리 충전됐어요!<0A><00> || 곤충을 먹을 뿐만 아니라 생쥐, 심지어 뱀도 먹습니다.<0A><00> || 그럼 충전된다는 거야?<0A><00> || 그들의 식단은 곤충뿐만 아니라 생쥐, 심지어 뱀까지 구성됩니다.<0A><00> || 그걸로 충분하다는 게 무슨 말이에요? 이건 심각해요!<0A><00> || 네, 러시안 글로캡은 빛나는 버섯이므로 먹으면 배터리를 재충전할 수 있다.<0A><00>",64,not_generated,
codec,443,취,64,8,codec:443:897|codec:443:1068|codec:443:770|codec:443:3124|codec:443:794|codec:443:988|codec:443:989|codec:443:469,"It says here that when you eat it, the initial<0A>symptoms include nausea, stomach pain,<0A>and diarrhea.<0A><END> || It's easy to keep track of your calorie intake<0A>and receive the nutrition your body needs, so<0A>it's good for losing weight too.<0A><END> || Like catching one alive with the tranquilizer<0A>gun and throwing it at the enemy.<0A><END> || On m'a racont<G6A> des histoires horribles <G61><0A>propos de leur go<G7C>t.<0A><END> || so you probably won't be able to capture<0A>it alive using the tranquilizer gun.<0A><END> || the reason the spatsa puts you to sleep when<0A>you eat it is because it contains a type of<0A>anesthetic substance similar to an alkaloid.<0A><END> || The spatsa appears to contain a type of<0A>vegetative alkaloid with anesthetic properties.<0A><END> || You can capture animals alive by using<0A>the tranquilizer gun or a mousetrap.<0A><END>","여기에는 섭취 시 초기 증상으로 메스꺼움, 복통, 설사가 포함된다고 나와 있다.<0A><00> || 칼로리 섭취를 추적하고 몸이 필요로 하는 영양을 받을 수 있어 체중 감량에도 좋습니다.<0A><00> || 마취총으로 산 사람을 잡아서 적에게 던지는 것과 같습니다.<0A><00> || 나는 그들의 취향에 대한 끔찍한 이야기를 들었습니다.<0A><00> || 그러니 마취총으로는<0A>산 채로 잡기 힘들 거야.<0A><00> || Spatsa를 먹으면 잠드는 건<0A>alkaloid와 비슷한<0A>마취 성분이 있어서야.<0A><00> || spatsa에는 마취 특성을 지닌 일종의 식물성 알칼로이드가 포함되어 있는 것으로 보입니다.<0A><00> || 마취총이나 쥐덫으로<0A>동물을 생포할 수 있어.<0A><00>",64,not_generated,
codec,443,츠,64,1,codec:443:727,I see you've got yourself a Baltic Hornets'<0A>nest.<0A><END>,발틱 호네츠의 둥지를 갖고 계시군요.<0A><00>,64,not_generated,
codec,443,측,64,1,codec:443:1069,All of the geisha girls in Japan use it for<0A>watching their calories.<0A><END>,일본의 모든 게이샤 소녀들은 칼로리를 측정하기 위해 그것을 사용합니다.<0A><00>,64,not_generated,
codec,443,치,64,8,codec:443:528|codec:443:497|codec:443:1004|codec:443:1038|codec:443:746|codec:443:467|codec:443:468|codec:443:585,"Apparently, the bright, flashy colors and<0A>pattern let other animals know that it carries<0A>a deadly poison.<0A><END> || If it bites you, go into the Survival Viewer<0A>immediately and use the ""CURE"" option to<0A>inject yourself with serum.<0A><END> || It's cheap and can be stored for a long time.<0A>And besides, it's delicious. It's like a miracle<0A>food.<0A><END> || Magpies are dark blue and white birds with<0A>long tails that belong to the crow family.<0A><END> || Naturally... So?<0A><END> || Snake, what are you doing!?<0A>Hurry up and treat those wounds!<0A><END> || Snake, you're not done treating yourself.<0A>Go back into the Survival Viewer and treat<0A>the rest of your wounds!<0A><END> || The Otton frog is a large, corpulent species<0A>of frog. They're known as a delicacy, so it<0A>might be worth catching them for food.<0A><END>","밝고 화려한 색상과 무늬를 통해 다른 동물들에게 치명적인 독을 가지고 있다는 사실을 알려주는 것 같습니다.<0A><00> || 물린 경우 즉시 SURVIVAL로 가서 ""치료"" 옵션을 사용하여 혈청을 주사해.<0A><00> || 저렴하고 오래 보관할 수 있다. 게다가 맛도 있다. 마치 기적의 FOOD 같습니다.<0A><00> || 까치는 까마귀과에 속하는 긴 꼬리를 가진 진한 파란색과 흰색의 새입니다.<0A><00> || 당연히... 그래서요? 소음기를 부착하거나 분리하려면 터치 스크린의 무기 아이콘 근처에 있는<0A><00> || Snake, 뭐하는 거야!? 서둘러서 상처를 치료하세요!<0A><00> || Snake, 아직 치료가 끝나지 않았습니다. SURVIVAL로 돌아가서 나머지 상처를 치료하세요!<0A><00> || 오튼개구리는 크고 비만인 개구리 종입니다. 별미로 알려져 있으므로 FOOD로 구입해 볼 가치가 있을 거다.<0A><00>",64,not_generated,
codec,443,친,64,2,codec:443:893|codec:443:823,The fly agaric is a relative of the deathcap<0A>mushroom that grows only in that region.<0A><END> || The maroon shark is found mostly in<0A>Southeast Asia. But it's not actually a<0A>shark - it's related to the carp.<0A><END>,독버섯은 그 지역에서만 자라는 맹독 버섯의 친척이야.<0A><00> || Maroon shark는 주로 동남아에 살아.<0A>실은 shark가 아니라<0A>잉어 친척이야.<0A><00>,64,not_generated,
codec,443,칠,64,1,codec:443:861,"It's not poisonous, but it might hurt a little<0A>if it attacks you with its pincers. Treat it<0A>with caution.<0A><END>","그것은 독이 없지만, 집게로 공격하면 조금 다칠 수 있다. 주의해서 다루세요.<0A><00>",64,not_generated,
codec,443,침,64,2,codec:443:898|codec:443:1064,"Finally, your liver and kidneys will break<0A>down into a sponge-like substance and<0A>you die.<0A><END> || It's easy and quick to eat, so it's perfect<0A>when you are running late for an important<0A>mission in the morning.<0A><END>",마침내 간과 신장이 스펀지 같은 물질로 분해되어 죽게 된다.<0A><00> || 간편하고 빠르게 먹을 수 있어서 아침에 중요한 MISSION에 지각할 때 딱 좋아요.<0A><00>,64,not_generated,
codec,443,카,64,2,codec:443:914|codec:443:524,The carbonyl groups in the oxyluciferin are<0A>initially in an electrically excited state.<0A><END> || The coral snake is a venomous snake that<0A>originally hails from the Americas.<0A><END>,옥시루시페린의 카르보닐 그룹은 초기에 전기적으로 여기된 상태에 있습니다.<0A><00> || 산호뱀은 원래 아메리카 대륙이 원산지인 독사입니다.<0A><00>,64,not_generated,
codec,443,칼,64,7,codec:443:1069|codec:443:1043|codec:443:995|codec:443:1068|codec:443:842|codec:443:996|codec:443:989,"All of the geisha girls in Japan use it for<0A>watching their calories.<0A><END> || Calorie Mate?<0A><END> || I see you've found a Baikal Scaly Tooth.<0A><END> || It's easy to keep track of your calorie intake<0A>and receive the nutrition your body needs, so<0A>it's good for losing weight too.<0A><END> || Other ancient fish besides the arowana<0A>include the coelacanth, the starlet, and<0A>the knifefish.<0A><END> || The Baikal Scaly Tooth mushroom is used<0A>as an antidote to poison. It usually grows<0A>on the trunks of trees, so look for it there.<0A><END> || The spatsa appears to contain a type of<0A>vegetative alkaloid with anesthetic properties.<0A><END>","일본의 모든 게이샤 소녀들은 칼로리를 측정하기 위해 그것을 사용합니다.<0A><00> || 칼로리메이트?<0A><00> || 바이칼 비늘 이빨을 발견한 것 같군요.<0A><00> || 칼로리 섭취를 추적하고 몸이 필요로 하는 영양을 받을 수 있어 체중 감량에도 좋습니다.<0A><00> || 아로와나 외에 다른 고대 어류로는 실러캔스, 작은 별, 칼상어 등이 있다.<0A><00> || 바이칼 비늘 이빨 버섯은 독에 대한 해독제로 사용됩니다. 주로 나무 줄기에서 자라므로 그곳에서 찾아보세요.<0A><00> || spatsa에는 마취 특성을 지닌 일종의 식물성 알칼로이드가 포함되어 있는 것으로 보입니다.<0A><00>",64,not_generated,
codec,443,캔,64,1,codec:443:842,"Other ancient fish besides the arowana<0A>include the coelacanth, the starlet, and<0A>the knifefish.<0A><END>","아로와나 외에 다른 고대 어류로는 실러캔스, 작은 별, 칼상어 등이 있다.<0A><00>",64,not_generated,
codec,443,캡,64,3,codec:443:908|codec:443:909|codec:443:945,"I see you've found some Russian glowcaps.<0A><END> || The Russian glowcap is a kind of<0A>luminescent fungus - a mushroom<0A>that glows in the dark.<0A><END> || Yes, the Russian glowcap is a glowing<0A>mushroom, so it'll recharge your batteries<0A>when you eat it.<0A><END>","러시아 발광캡을 발견한 것 같군요.<0A><00> || 러시안 글로우캡(Russian Glowcap)은 일종의 발광 곰팡이로, 어둠 속에서 빛나는 버섯입니다.<0A><00> || 네, 러시안 글로캡은 빛나는 버섯이므로 먹으면 배터리를 재충전할 수 있다.<0A><00>",64,not_generated,
codec,443,커,64,3,codec:443:839|codec:443:1035|codec:443:2256,"Because of its large size, I don't think you'll<0A>be able to capture one alive.<0A><END> || It's not venomous, but its huge size makes<0A>it dangerous. Be careful.<0A><END> || Par exemple, pourquoi ces grenouilles sont<0A>devenues si grosses.<0A><END>","너무 커서 산 채로 잡긴 어려울 거야. || 독이 있는 것은 아니지만 크기가 커서 위험합니다. 조심하세요.<0A><00> || 예를 들어, 이 개구리들은 왜 그렇게 커졌을까요?<0A><00>",64,not_generated,
codec,443,컨,64,1,codec:443:732,"It's easy to digest and helps pep you up<0A>when you're feeling tired.<0A>In short, it's the perfect survival food.<0A><END>","소화가 잘 되고 피곤할 때 기운을 북돋아 줍니다. 요컨대, 완벽한 SURVIVAL FOOD입니다.<0A><00>",64,not_generated,
codec,443,컸,64,1,codec:443:753,"If only it were as big as the one in<0A>""Earth Versus the Spider.""<0A><END>","""지구 대 거미""에 나오는 것만큼 컸으면 좋았을 텐데요.<0A><00>",64,not_generated,
codec,443,케,64,2,codec:443:858|codec:443:860,"Snake, that area is home to the Kenyan<0A>mangrove crabs.<0A><END> || The Kenyan mangrove crab is a land-going<0A>crab. It lives in burrows dug near seashores<0A>and mangrove swamps.<0A><END>","Snake, 그 지역은 케냐 맹그로브 게의 서식지입니다.<0A><00> || 케냐 맹그로브 게는 육지로 이동하는 게입니다. 해변이나 맹그로브 습지 근처에 굴을 파서 산다.<0A><00>",64,not_generated,
codec,443,콘,64,2,codec:443:746|codec:443:1034,Naturally... So?<0A><END> || The giant anaconda is said to be the<0A>largest snake in the world in terms of<0A>weight and thickness.<0A><END>,당연히... 그래서요? 소음기를 부착하거나 분리하려면 터치 스크린의 무기 아이콘 근처에 있는<0A><00> || 거대 아나콘다는 무게와 두께 면에서 세계에서 가장 큰 뱀이라고 합니다.<0A><00>,64,not_generated,
codec,443,쾌,64,1,codec:443:1022,I've heard some nasty stories about how<0A>they taste.<0A><END>,맛이 어떤지에 대한 불쾌한 이야기를 들었습니다.<0A><00>,64,not_generated,
codec,443,쿠,64,1,codec:443:1045,"Oh, the little block that looks like a cookie?<0A><END>","아, 쿠키처럼 생긴 작은 블록?<0A><00>",64,not_generated,
codec,443,큰,64,7,codec:443:602|codec:443:793|codec:443:751|codec:443:777|codec:443:762|codec:443:1034|codec:443:479,"but for some reason the ones in that area<0A>seem to be much bigger than that.<0A><END> || I don't think it'll attack you, but it's a fairly<0A>large bird of prey,<0A><END> || It's a spider, for goodness' sake. A big one,<0A>but still a spider, and there's not much to it.<0A><END> || It's green all over, with a large beak.<0A><END> || The emperor scorpion is said to be<0A>the largest scorpion in the world.<0A><END> || The giant anaconda is said to be the<0A>largest snake in the world in terms of<0A>weight and thickness.<0A><END> || The king cobra is the world's largest<0A>venomous snake.<0A><END>","하지만 어떤 이유에서인지 그 지역의 것들은 그것보다 훨씬 더 큰 것 같습니다.<0A><00> || 공격할 것 같지는 않지만 꽤 큰 맹금류인데,<0A><00> || 제발요, 거미입니다. 큰 거미지만 여전히 거미이고 특별한 것은 없다.<0A><00> || 온몸이 초록색이고 큰 부리가 있어.<0A><00> || 황제전갈은 세계에서 가장 큰 전갈이라고 합니다.<0A><00> || 거대 아나콘다는 무게와 두께 면에서 세계에서 가장 큰 뱀이라고 합니다.<0A><00> || 킹코브라는 세계에서 가장 큰 독을 지닌 Snake입니다.<0A><00>",64,not_generated,
codec,443,클,64,2,codec:443:756|codec:443:757,"It's a movie about this gigantic spider.<0A>When it's small it's about 15 feet wide,<0A>but when it's big, it's about 35 feet wide.<0A><END> || What do you mean, when it it's small and<0A>when it's big?<0A><END>","이 거대한 거미에 관한 영화입니다. 작을 때는 너비가 약 15피트이고, 클 때는 너비가 약 35피트입니다.<0A><00> || 작을 때와 클 때가 무슨 말이야?<0A><00>",64,not_generated,
codec,443,큼,64,1,codec:443:753,"If only it were as big as the one in<0A>""Earth Versus the Spider.""<0A><END>","""지구 대 거미""에 나오는 것만큼 컸으면 좋았을 텐데요.<0A><00>",64,not_generated,
codec,443,킨,64,1,codec:443:818,It apparently gives you food poisoning<0A>when you eat it.<0A><END>,먹으면 FOOD 중독을 일으킨다고 합니다.<0A><00>,64,not_generated,
codec,443,킬,64,1,codec:443:472,Throwing a venomous animal at an enemy<0A>might be enough to knock him out.<0A><END>,적에게 독이 있는 동물을 던지는 것만으로도 그를 기절시킬 수 있다.<0A><00>,64,not_generated,
codec,443,킹,64,3,codec:443:478|codec:443:479|codec:443:484,I see you've caught a king cobra.<0A><END> || The king cobra is the world's largest<0A>venomous snake.<0A><END> || The king cobra's diet consists mostly of<0A>other snakes. Be careful or you might end<0A>up as its next meal.<0A><END>,킹코브라를 잡으셨군요.<0A><00> || 킹코브라는 세계에서 가장 큰 독을 지닌 Snake입니다.<0A><00> || 킹 코브라의 식단은 대부분 다른 뱀으로 구성됩니다. 조심하지 않으면 다음 식사로 끝날 수도 있습니다.<0A><00>,64,not_generated,
codec,443,타,64,6,codec:443:631|codec:443:737|codec:443:506|codec:443:1059|codec:443:508|codec:443:741,"and turned into a nutritious substance<0A>full of vitamins.<0A><END> || Snake, be careful. That area is supposed<0A>to be inhabited by cobalt blue tarantulas.<0A><END> || That area is home to the Thai cobra.<0A><END> || that contains all the proteins, lipids, vitamins,<0A>carbohydrates and minerals needed for a<0A>balanced diet.<0A><END> || The Thai cobra is a large venomous snake<0A>that carries an extremely potent neurotoxin.<0A>Be careful not to get bitten.<0A><END> || There are many different varieties of<0A>tarantulas. The cobalt blue is part of a<0A>group called earth tigers.<0A><END>","비타민이 든 영양분으로 바뀌지.<0A><00> || Snake, 조심하세요. 그 지역에는 코발트블루 타란툴라가 서식한다고 추정됩니다.<0A><00> || 그 지역은 타이 코브라의 서식지입니다.<0A><00> || 균형 잡힌 식단에 필요한 단백질, 지방, 비타민, 탄수화물, 미네랄이 모두 들어 있다.<0A><00> || 타이 코브라는 매우 강력한 신경독을 운반하는 대형 독성 Snake입니다. 물리지 않도록 주의해.<0A><00> || 타란툴라는 종류가 많아.<0A>Cobalt Blue는<0A>Earth Tiger 계열이야.<0A><00>",64,not_generated,
codec,443,탄,64,2,codec:443:913|codec:443:1059,"breaking it down into oxyluciferin and<0A>carbon dioxide.<0A><END> || that contains all the proteins, lipids, vitamins,<0A>carbohydrates and minerals needed for a<0A>balanced diet.<0A><END>","는 이를 옥시루시페린과 이산화탄소로 분해합니다.<0A><00> || 균형 잡힌 식단에 필요한 단백질, 지방, 비타민, 탄수화물, 미네랄이 모두 들어 있다.<0A><00>",64,not_generated,
codec,443,탈,64,2,codec:443:2613|codec:443:511,Ceux-ci ont s<G7C>rement <G6A>t<G6A> import<G6A>s comme<0A>animaux de compagnies ou de laboratoire<0A>avant de s'<G6A>chapper et de redevenir sauvages.<0A><END> || The ones in that area were probably<0A>imported as pets and research subjects<0A>before they escaped and turned feral.<0A><END>,이들은 탈출하여 다시 야생으로 변하기 전에 반드시 애완동물이나 실험용 동물로 수입된 거다.<0A><00> || 그 지역에 있는 것들은 아마도 애완동물과 연구 대상으로 수입되어 탈출하여 야생으로 변했을 것입니다.<0A><00>,64,not_generated,
codec,443,택,64,1,codec:443:2254,A plein de choses.<0A><END>,A plein de가 선택했습니다.<0A><00>,64,not_generated,
codec,443,턴,64,3,codec:443:1002|codec:443:627|codec:443:527,Instant noodles?<0A><END> || Rabbits are known to eat their own<0A>excrement.<0A><END> || The colorful red and black patterns on<0A>the coral snake are a warning sign.<0A><END>,인스턴트라면?<0A><00> || 토끼는 자신의 배설물을 먹는 것으로 알려져 있다. 달 표면 기지에서 워싱턴으로 쏟아지는<0A><00> || 산호뱀의 화려한 빨간색과 검은색 패턴은 경고 신호입니다.<0A><00>,64,not_generated,
codec,443,테,64,6,codec:443:558|codec:443:820|codec:443:1014|codec:443:651|codec:443:817|codec:443:815,"...It doesn't, does it? Shoot, I thought<0A>I had a good idea...<0A><END> || I don't know whether those trevally are<0A>contaminated with ciguatera or not, but<0A>use caution just in case.<0A><END> || I was just going to say that if you weren't<0A>going to eat it, you should bring it back to<0A>me. I've always wanted to try some.<0A><END> || So aren't you going to ask me...<0A><END> || Uh huh. Fishes that live near coral reefs<0A>are sometimes contaminated with a poison<0A>known as ciguatera toxin.<0A><END> || Well, I've heard stories about people<0A>getting ciguatera poisoning after eating<0A>the adult fish.<0A><END>","... 그렇지 않습니까? 윽, 나한테 좋은 생각이 있다고 생각했는데...<0A><00> || 저 trEVAlly가 시가테라에 오염되었는지는 모르겠지만 만일을 대비해 주의해.<0A><00> || 그냥 안 먹을 거면 나한테 가져오라고 하려던 참이었어. 나는 항상 몇 가지를 시도하고 싶었습니다.<0A><00> || 그럼 나한테 물어보지 않겠습니까...<0A><00> || 어허. 산호초 근처에 사는 물고기는 때때로 시구아테라 독소로 알려진 독에 오염됩니다.<0A><00> || 글쎄요, 성어를 먹은 후 시가테라 중독에 걸린 사람들에 대한 이야기를 들었습니다.<0A><00>",64,not_generated,
codec,443,텐,64,1,codec:443:753,"If only it were as big as the one in<0A>""Earth Versus the Spider.""<0A><END>","""지구 대 거미""에 나오는 것만큼 컸으면 좋았을 텐데요.<0A><00>",64,not_generated,
codec,443,토,64,4,codec:443:627|codec:443:625|codec:443:632|codec:443:630,"Rabbits are known to eat their own<0A>excrement.<0A><END> || The European rabbit is said to have come<0A>from the Mediterranean region originally. But<0A>nowadays they're found all over the world.<0A><END> || The rabbit excretes this substance and then<0A>eats it again to absorb the nutrients.<0A><END> || When the rabbit eats fiber, the fiber is<0A>fermented in the rabbit's appendix, or<0A>caecum,<0A><END>","토끼는 자신의 배설물을 먹는 것으로 알려져 있다. 달 표면 기지에서 워싱턴으로 쏟아지는<0A><00> || 유럽토끼는 원래 지중해 지역이 원산지라고 합니다. 하지만 요즘에는 전 세계에서 발견됩니다.<0A><00> || 토끼는 이 물질을 배설한 후 다시 먹어서 영양분을 흡수합니다.<0A><00> || 토끼가 섬유질을 먹으면 토끼의 맹장, 즉 맹장에서 섬유질이 발효되어,<0A><00>",64,not_generated,
codec,443,톡,64,1,codec:443:603,Poison dart frogs are known to carry a<0A>potent neurotoxin called pumiliotoxin.<0A><END>,독화살개구리는 푸밀리오톡신이라는 강력한 신경독을 운반하는 것으로 알려져 있다.<0A><00>,64,not_generated,
codec,443,톤,64,1,codec:443:587,"Frogs usually have four toes on their front<0A>legs, but the Otton frog is unique in that<0A>it has five.<0A><END>","개구리는 보통 앞다리에 발가락이 4개 있는데, 오톤개구리는 5개라는 점이 독특합니다.<0A><00>",64,not_generated,
codec,443,통,64,3,codec:443:528|codec:443:587|codec:443:897,"Apparently, the bright, flashy colors and<0A>pattern let other animals know that it carries<0A>a deadly poison.<0A><END> || Frogs usually have four toes on their front<0A>legs, but the Otton frog is unique in that<0A>it has five.<0A><END> || It says here that when you eat it, the initial<0A>symptoms include nausea, stomach pain,<0A>and diarrhea.<0A><END>","밝고 화려한 색상과 무늬를 통해 다른 동물들에게 치명적인 독을 가지고 있다는 사실을 알려주는 것 같습니다.<0A><00> || 개구리는 보통 앞다리에 발가락이 4개 있는데, 오톤개구리는 5개라는 점이 독특합니다.<0A><00> || 여기에는 섭취 시 초기 증상으로 메스꺼움, 복통, 설사가 포함된다고 나와 있다.<0A><00>",64,not_generated,
codec,443,투,64,1,codec:443:740,"If you get bitten, go into the Survival<0A>Viewer immediately and use ""CURE"" to<0A>administer a serum injection.<0A><END>","물린 경우 즉시 SURVIVAL로 가서 ""CURE""를 사용하여 혈청 주사를 투여해.<0A><00>",64,not_generated,
codec,443,툴,64,2,codec:443:737|codec:443:741,"Snake, be careful. That area is supposed<0A>to be inhabited by cobalt blue tarantulas.<0A><END> || There are many different varieties of<0A>tarantulas. The cobalt blue is part of a<0A>group called earth tigers.<0A><END>","Snake, 조심하세요. 그 지역에는 코발트블루 타란툴라가 서식한다고 추정됩니다.<0A><00> || 타란툴라는 종류가 많아.<0A>Cobalt Blue는<0A>Earth Tiger 계열이야.<0A><00>",64,not_generated,
codec,443,트,64,6,codec:443:1043|codec:443:1002|codec:443:756|codec:443:1071|codec:443:737|codec:443:633,"Calorie Mate?<0A><END> || Instant noodles?<0A><END> || It's a movie about this gigantic spider.<0A>When it's small it's about 15 feet wide,<0A>but when it's big, it's about 35 feet wide.<0A><END> || Right. And any diet where you eat nothing<0A>at all is bad for the body.<0A><END> || Snake, be careful. That area is supposed<0A>to be inhabited by cobalt blue tarantulas.<0A><END> || That's a neat trick. I think I'll give it a try.<0A><END>","칼로리메이트?<0A><00> || 인스턴트라면?<0A><00> || 이 거대한 거미에 관한 영화입니다. 작을 때는 너비가 약 15피트이고, 클 때는 너비가 약 35피트입니다.<0A><00> || 맞습니다. 그리고 아무것도 먹지 않는 다이어트는 모두 몸에 좋지 않습니다.<0A><00> || Snake, 조심하세요. 그 지역에는 코발트블루 타란툴라가 서식한다고 추정됩니다.<0A><00> || 정말 멋진 트릭이네요. 한번 시도해 볼 것 같아요.<0A><00>",64,not_generated,
codec,443,튼,64,3,codec:443:584|codec:443:585|codec:443:586,"I see you caught an Otton frog.<0A><END> || The Otton frog is a large, corpulent species<0A>of frog. They're known as a delicacy, so it<0A>might be worth catching them for food.<0A><END> || The Otton frog was originally found only on<0A>Amami Oshima in Japan.<0A><END>",오튼개구리를 잡은 것 같군요.<0A><00> || 오튼개구리는 크고 비만인 개구리 종입니다. 별미로 알려져 있으므로 FOOD로 구입해 볼 가치가 있을 거다.<0A><00> || 오튼개구리는 원래 일본 아마미오시마에서만 발견되었습니다.<0A><00>,64,not_generated,
codec,443,틱,64,2,codec:443:727|codec:443:726,"I see you've got yourself a Baltic Hornets'<0A>nest.<0A><END> || Snake, you will encounter Baltic Hornets'<0A>nests in that area.<0A><END>","발틱 호네츠의 둥지를 갖고 계시군요.<0A><00> || Snake, 해당 지역에서 발틱 호넷(Baltic Hornets)의 둥지를 만날 수 있다.<0A><00>",64,not_generated,
codec,443,파,64,11,codec:443:689|codec:443:691|codec:443:948|codec:443:721|codec:443:1038|codec:443:963|codec:443:3065|codec:443:697|codec:443:692|codec:443:949|codec:443:860,"Actually, I was going to say that bats are<0A>known to use supersonic waves to sense<0A>their surroundings.<0A><END> || Bats use supersonic waves to sense their<0A>surroundings.<0A><END> || I see you've found a spatsa.<0A><END> || I'm not afraid of vampires.<0A><END> || Magpies are dark blue and white birds with<0A>long tails that belong to the crow family.<0A><END> || OK... let's see, the spatsa...<0A><END> || OK... voyons voir, le spatsa...<0A><END> || Snake, do you hate vampire movies?<0A><END> || So you might be able to keep them away<0A>by blasting them with a special kind of<0A>sound wave.<0A><END> || Spa...?<0A><END> || The Kenyan mangrove crab is a land-going<0A>crab. It lives in burrows dug near seashores<0A>and mangrove swamps.<0A><END>","박쥐는 초음파로 주변을 파악한다고 말하려 했어. || 박쥐는 초음파를 사용하여 주변 환경을 감지합니다.<0A><00> || 스파차를 찾았군요.<0A><00> || 저는 뱀파이어를 무서워하지 않아요.<0A><00> || 까치는 까마귀과에 속하는 긴 꼬리를 가진 진한 파란색과 흰색의 새입니다.<0A><00> || 알았어... 어디 보자, 스파차...<0A><00> || 알았어... 어디 보자, 스파차...<0A><00> || Snake, 뱀파이어 영화 싫어해요?<0A><00> || 따라서 특별한 종류의 음파를 발사하여 쫓아낼 수도 있습니다.<0A><00> || 스파...?<0A><00> || 케냐 맹그로브 게는 육지로 이동하는 게입니다. 해변이나 맹그로브 습지 근처에 굴을 파서 산다.<0A><00>",64,not_generated,
codec,443,팡,64,1,codec:443:909,The Russian glowcap is a kind of<0A>luminescent fungus - a mushroom<0A>that glows in the dark.<0A><END>,"러시안 글로우캡(Russian Glowcap)은 일종의 발광 곰팡이로, 어둠 속에서 빛나는 버섯입니다.<0A><00>",64,not_generated,
codec,443,패,64,1,codec:443:527,The colorful red and black patterns on<0A>the coral snake are a warning sign.<0A><END>,산호뱀의 화려한 빨간색과 검은색 패턴은 경고 신호입니다.<0A><00>,64,not_generated,
codec,443,퍼,64,1,codec:443:911,"It's bioluminescent, just like a firefly.<0A>It uses the so called luciferin-luciferase<0A>reaction.<0A><END>",반딧불처럼 생물발광이에요. 이는 소위 루시페린-루시퍼라제 반응을 사용합니다.<0A><00>,64,not_generated,
codec,443,펀,64,1,codec:443:898,"Finally, your liver and kidneys will break<0A>down into a sponge-like substance and<0A>you die.<0A><END>",마침내 간과 신장이 스펀지 같은 물질로 분해되어 죽게 된다.<0A><00>,64,not_generated,
codec,443,페,64,4,codec:443:913|codec:443:671|codec:443:911|codec:443:914,"breaking it down into oxyluciferin and<0A>carbon dioxide.<0A><END> || It means ""snake eater"" in Persian.<0A><END> || It's bioluminescent, just like a firefly.<0A>It uses the so called luciferin-luciferase<0A>reaction.<0A><END> || The carbonyl groups in the oxyluciferin are<0A>initially in an electrically excited state.<0A><END>","는 이를 옥시루시페린과 이산화탄소로 분해합니다.<0A><00> || 페르시아어로 ""Snake Eater""라는 의미예요.<0A><00> || 반딧불처럼 생물발광이에요. 이는 소위 루시페린-루시퍼라제 반응을 사용합니다.<0A><00> || 옥시루시페린의 카르보닐 그룹은 초기에 전기적으로 여기된 상태에 있습니다.<0A><00>",64,not_generated,
codec,443,펴,64,1,codec:443:874,Let's see here. The guide says... no way.<0A>It says they're delicious.<0A><END>,여기를 살펴보겠습니다. 가이드는... 안돼요. 맛있다고 하네요.<0A><00>,64,not_generated,
codec,443,평,64,2,codec:443:2397|codec:443:572,"Comme d'habitude.<0A><END> || Everything! When a normal woman sees a<0A>snake, she's supposed to scream or get<0A>sick or something like that.<0A><END>",평소대로.<0A><00> || 모든 것! 평범한 여성이 Snake를 보면 비명을 지르거나 아프거나 그런 일이 일어날 거다.<0A><00>,64,not_generated,
codec,443,표,64,4,codec:443:881|codec:443:880|codec:443:627|codec:443:882,"If it looks like a shiitake mushroom,<0A>then it must be edible, right?<0A><END> || It looks like a shiitake mushroom, and<0A>it's often found growing on the trunks of<0A>trees.<0A><END> || Rabbits are known to eat their own<0A>excrement.<0A><END> || Yep. I can't guarantee that it'll taste<0A>like a shiitake mushroom, though,<0A><END>","표고버섯처럼 생겼으니 먹어도 되겠지? || 그것은 표고버섯처럼 생겼고, 종종 나무 줄기에서 자라는 것을 볼 수 있다.<0A><00> || 토끼는 자신의 배설물을 먹는 것으로 알려져 있다. 달 표면 기지에서 워싱턴으로 쏟아지는<0A><00> || 그래. 표고버섯 맛은<0A>장담 못 하지만,<0A><00>",64,not_generated,
codec,443,푸,64,1,codec:443:603,Poison dart frogs are known to carry a<0A>potent neurotoxin called pumiliotoxin.<0A><END>,독화살개구리는 푸밀리오톡신이라는 강력한 신경독을 운반하는 것으로 알려져 있다.<0A><00>,64,not_generated,
codec,443,품,64,2,codec:443:1029|codec:443:514,The yabloko moloko is a variety of starfruit.<0A><END> || They weren't imported as food?<0A><END>,yabloko moloko는 starfruit의 한 품종이다.<0A><00> || 식품으로 수입된 것이 아니었나요?<0A><00>,64,not_generated,
codec,443,풍,64,1,codec:443:731,"In particular, the honey you find inside<0A>the nest is delicious and full of nutrients.<0A><END>",특히 둥지 속에서 찾은 꿀은 맛있고 영양도 풍부합니다.<0A><00>,64,not_generated,
codec,443,플,64,1,codec:443:940,You mean like a placebo effect?<0A><END>,플라시보 효과 같은 말씀이신가요?<0A><00>,64,not_generated,
codec,443,피,64,7,codec:443:545|codec:443:733|codec:443:942|codec:443:756|codec:443:732|codec:443:1037|codec:443:682,"Even so, you'll still take damage if it bites<0A>you, so don't get too close.<0A><END> || Honey can also be used as a burn ointment.<0A>When honey is applied to a burn, it creates<0A>a protective coating over the skin.<0A><END> || I guess there's no harm done. Should we<0A>let him keep believing it?<0A><END> || It's a movie about this gigantic spider.<0A>When it's small it's about 15 feet wide,<0A>but when it's big, it's about 35 feet wide.<0A><END> || It's easy to digest and helps pep you up<0A>when you're feeling tired.<0A>In short, it's the perfect survival food.<0A><END> || It's got a tough hide, so you'll have a hard<0A>time catching one. Capturing them alive is<0A>probably out of the question.<0A><END> || The vampire bat bites its victims and sucks<0A>their blood.<0A><END>","그래도 물면 피해를 입으므로 너무 가까이 다가가지 마세요.<0A><00> || 꿀은 화상 연고로도 사용할 수 있다. 꿀을 화상 부위에 바르면 피부 위에 보호막이 형성됩니다.<0A><00> || 피해는 없는 것 같아요. 그가 계속 믿도록 놔둬야 할까?<0A><00> || 이 거대한 거미에 관한 영화입니다. 작을 때는 너비가 약 15피트이고, 클 때는 너비가 약 35피트입니다.<0A><00> || 소화가 잘 되고 피곤할 때 기운을 북돋아 줍니다. 요컨대, 완벽한 SURVIVAL FOOD입니다.<0A><00> || 이것은 단단한 피를 가지고 있어 잡기가 힘듭니다. 생포는 아마도 불가능할 거다.<0A><00> || 흡혈박쥐는 희생자를 물고 피를 빨아먹습니다.<0A><00>",64,not_generated,
codec,443,학,64,1,codec:443:924,but they still rely on chemical reactions<0A>between proteins and enzymes to...<0A><END>,그래도 단백질과 효소의 화학반응에 의존해서...,64,not_generated,
codec,443,합,64,28,codec:443:906|codec:443:1069|codec:443:887|codec:443:691|codec:443:913|codec:443:3017|codec:443:587|codec:443:621|codec:443:731|codec:443:818|codec:443:911|codec:443:480|codec:443:1035|codec:443:854|codec:443:1000|codec:443:972|codec:443:3175|codec:443:922|codec:443:629|codec:443:762|codec:443:625|codec:443:1034|codec:443:632|codec:443:1033|codec:443:758|codec:443:798|codec:443:863|codec:443:1966,"...I give up.<0A><END> || All of the geisha girls in Japan use it for<0A>watching their calories.<0A><END> || Are you sure?<0A><END> || Bats use supersonic waves to sense their<0A>surroundings.<0A><END> || breaking it down into oxyluciferin and<0A>carbon dioxide.<0A><END> || En retournant <G61> leur <G6A>tat de base, ils <G6A>mettent<0A>de la lumi<G69>re.<0A><END> || Frogs usually have four toes on their front<0A>legs, but the Otton frog is unique in that<0A>it has five.<0A><END> || Good enough for me.<0A><END> || In particular, the honey you find inside<0A>the nest is delicious and full of nutrients.<0A><END> || It apparently gives you food poisoning<0A>when you eat it.<0A><END> || It's bioluminescent, just like a firefly.<0A>It uses the so called luciferin-luciferase<0A>reaction.<0A><END> || Its large size means that it has a lot<0A>of venom to inject. One bite is supposedly<0A>enough to kill an elephant.<0A><END> || It's not venomous, but its huge size makes<0A>it dangerous. Be careful.<0A><END> || Not at all. I love ancient fish.<0A><END> || Oh, quit your whining. You know what they<0A>say - good medicine tastes bitter.<0A><END> || OK, so I don't know that much about it.<0A>Why don't you eat one and see? It might<0A>be pretty tasty.<0A><END> || Oui, j'adore le Japon.<0A><END> || Snake, your batteries are organic batteries.<0A>They produce electricity by utilizing the<0A>potential difference between cells.<0A><END> || That's right. It's called caecal feces.<0A><END> || The emperor scorpion is said to be<0A>the largest scorpion in the world.<0A><END> || The European rabbit is said to have come<0A>from the Mediterranean region originally. But<0A>nowadays they're found all over the world.<0A><END> || The giant anaconda is said to be the<0A>largest snake in the world in terms of<0A>weight and thickness.<0A><END> || The rabbit excretes this substance and then<0A>eats it again to absorb the nutrients.<0A><END> || The reticulated python is said to be the<0A>longest snake in the world. It's not venomous,<0A>but it still poses a threat, so watch out.<0A><END> || The size changes from scene to scene.<0A>It happens all the time.<0A><END> || They say the white-rumped vulture doesn't<0A>just eat animal carcasses. It eats human<0A>ones as well.<0A><END> || Why do you say ""must""?<0A><END> || Y cuando vuelven a su estado, emiten luz.<0A><END>","...포기합니다.<0A><00> || 일본의 모든 게이샤 소녀들은 칼로리를 측정하기 위해 그것을 사용합니다.<0A><00> || 확실합니까?<0A><00> || 박쥐는 초음파를 사용하여 주변 환경을 감지합니다.<0A><00> || 는 이를 옥시루시페린과 이산화탄소로 분해합니다.<0A><00> || 기본 상태로 돌아갈 때 빛을 방출합니다.<0A><00> || 개구리는 보통 앞다리에 발가락이 4개 있는데, 오톤개구리는 5개라는 점이 독특합니다.<0A><00> || 나에게는 충분합니다.<0A><00> || 특히 둥지 속에서 찾은 꿀은 맛있고 영양도 풍부합니다.<0A><00> || 먹으면 FOOD 중독을 일으킨다고 합니다.<0A><00> || 반딧불처럼 생물발광이에요. 이는 소위 루시페린-루시퍼라제 반응을 사용합니다.<0A><00> || 크기가 크다는 것은 주입할 독이 많다는 것을 의미합니다. 한 입이면 코끼리를 죽일 수 있다고 합니다.<0A><00> || 독이 있는 것은 아니지만 크기가 커서 위험합니다. 조심하세요.<0A><00> || 전혀 그렇지 않습니다. 나는 고대 물고기를 좋아합니다.<0A><00> || 아, 징징거리는 소리는 그만둬라. 좋은 약은 쓴 맛이 난다고 합니다.<0A><00> || 좋습니다. 그래서 저는 그것에 대해 많이 알지 못합니다. 하나 먹어보고 보는 게 어때? 꽤 맛있을 수도 있겠네요.<0A><00> || 네, 저는 일본을 좋아합니다.<0A><00> || Snake, 귀하의 배터리는 유기 배터리입니다. 세포 사이의 전위차를 이용하여 전기를 생산합니다.<0A><00> || 맞습니다. 맹장변이라고 합니다.<0A><00> || 황제전갈은 세계에서 가장 큰 전갈이라고 합니다.<0A><00> || 유럽토끼는 원래 지중해 지역이 원산지라고 합니다. 하지만 요즘에는 전 세계에서 발견됩니다.<0A><00> || 거대 아나콘다는 무게와 두께 면에서 세계에서 가장 큰 뱀이라고 합니다.<0A><00> || 토끼는 이 물질을 배설한 후 다시 먹어서 영양분을 흡수합니다.<0A><00> || 망상 비단뱀은 세계에서 가장 긴 Snake라고 합니다. 독성은 없지만 여전히 위협적이므로 조심해.<0A><00> || 장면마다 크기가 변경됩니다. 그것은 항상 발생합니다.<0A><00> || 흰 엉덩이 독수리는 동물의 시체만 먹는 것이 아니라고 합니다. 인간의 것도 먹습니다.<0A><00> || 왜 ""반드시""라고 말합니까?<0A><00> || 그리고 정상 상태로 돌아오면 빛을 발산합니다.<0A><00>",64,not_generated,
codec,443,항,64,2,codec:443:1014|codec:443:758,"I was just going to say that if you weren't<0A>going to eat it, you should bring it back to<0A>me. I've always wanted to try some.<0A><END> || The size changes from scene to scene.<0A>It happens all the time.<0A><END>",그냥 안 먹을 거면 나한테 가져오라고 하려던 참이었어. 나는 항상 몇 가지를 시도하고 싶었습니다.<0A><00> || 장면마다 크기가 변경됩니다. 그것은 항상 발생합니다.<0A><00>,64,not_generated,
codec,443,했,64,15,codec:443:558|codec:443:2254|codec:443:689|codec:443:843|codec:443:787|codec:443:2587|codec:443:1879|codec:443:980|codec:443:570|codec:443:579|codec:443:1553|codec:443:511|codec:443:975|codec:443:650|codec:443:805,"...It doesn't, does it? Shoot, I thought<0A>I had a good idea...<0A><END> || A plein de choses.<0A><END> || Actually, I was going to say that bats are<0A>known to use supersonic waves to sense<0A>their surroundings.<0A><END> || Almost all organisms on earth have evolved<0A>in various shapes and forms,<0A><END> || But I didn't say...<0A><END> || Compris. Alors...?<0A><END> || Eso me tem<G6E>a.<0A><END> || I passed out.<0A><END> || I thought so. What was I thinking?<0A>Seeing a snake and calling it ""pretty""...<0A><END> || No, I... I just wanted you to tell me how<0A>it tastes.<0A><END> || Si no he dicho nada.<0A><END> || The ones in that area were probably<0A>imported as pets and research subjects<0A>before they escaped and turned feral.<0A><END> || What? What'd I say?<0A><END> || Yeah. I had a hard time catching one.<0A><END> || You had to tell me that after I ate one.<0A><END>","... 그렇지 않습니까? 윽, 나한테 좋은 생각이 있다고 생각했는데...<0A><00> || A plein de가 선택했습니다.<0A><00> || 박쥐는 초음파로 주변을 파악한다고 말하려 했어. || 지구의 거의 모든 생물은 다양한 형태로 진화했고, || 그런데 말 안했는데...<0A><00> || 이해했습니다. 그래서...?<0A><00> || 그것이 내가 두려워했던 거다.<0A><00> || 기절했어.<0A><00> || 저도 그렇게 생각했어요. 나는 무엇을 생각하고 있었습니까? Snake보고 ""예쁘다""라고..<0A><00> || 아니, 난... 맛을 말해 달라고 했을 뿐이야.<0A><00> || 아무 말도 안 했어.<0A><00> || 그 지역에 있는 것들은 아마도 애완동물과 연구 대상으로 수입되어 탈출하여 야생으로 변했을 것입니다.<0A><00> || 뭐? 내가 뭐라고 말했지?<0A><00> || 그래. 한 마리 잡느라 고생했어.<0A><00> || 먹고 나서 그런 말을 해야 했어?<0A><00>",64,not_generated,
codec,443,향,64,1,codec:443:3124,On m'a racont<G6A> des histoires horribles <G61><0A>propos de leur go<G7C>t.<0A><END>,나는 그들의 취향에 대한 끔찍한 이야기를 들었습니다.<0A><00>,64,not_generated,
codec,443,허,64,3,codec:443:817|codec:443:1003|codec:443:615,"Uh huh. Fishes that live near coral reefs<0A>are sometimes contaminated with a poison<0A>known as ciguatera toxin.<0A><END> || Uh huh. It was invented in Japan just<0A>recently. Add some hot water and it's<0A>ready to eat.<0A><END> || Uh huh. So, how do they taste?<0A><END>",어허. 산호초 근처에 사는 물고기는 때때로 시구아테라 독소로 알려진 독에 오염됩니다.<0A><00> || 어허. 최근에 일본에서 발명되었습니다. 뜨거운 물을 조금 부어주면 먹을 준비가 완료됩니다.<0A><00> || 어허. 그럼 맛은 어때요?<0A><00>,64,not_generated,
codec,443,혀,64,5,codec:443:648|codec:443:674|codec:443:854|codec:443:847|codec:443:554,"It says here that if it catches a good wind,<0A>it can fly more than 100 yards.<0A><END> || Not at all.<0A><END> || Not at all. I love ancient fish.<0A><END> || Not at all. I'm fascinated by ancient fish.<0A><END> || Yeah. The guide says milk snakes don't<0A>taste very good.<0A><END>",여기에는 바람이 잘 불면 100야드 이상 날아갈 수 있다고 적혀 있습니다.<0A><00> || 전혀.<0A><00> || 전혀 그렇지 않습니다. 나는 고대 물고기를 좋아합니다.<0A><00> || 전혀 아니에요. 저는 고대 물고기에 매혹돼 있어요.<0A><00> || 그래. 가이드엔 밀크스네이크는<0A>맛없다고 적혀 있어.<0A><00>,64,not_generated,
codec,443,현,64,1,codec:443:2031,Me he mareado.<0A><END>,현기증이 났습니다.<0A><00>,64,not_generated,
codec,443,혈,64,9,codec:443:483|codec:443:681|codec:443:497|codec:443:509|codec:443:526|codec:443:764|codec:443:740|codec:443:680|codec:443:682,"As soon as you're bitten, go into the<0A>Survival Viewer and use ""CURE"" to give<0A>yourself a serum injection.<0A><END> || I see you've caught a vampire bat.<0A><END> || If it bites you, go into the Survival Viewer<0A>immediately and use the ""CURE"" option to<0A>inject yourself with serum.<0A><END> || If you do get bitten, go into the Survival<0A>Viewer right away and use ""CURE"" to<0A>give yourself a serum injection.<0A><END> || If you do get bitten, go into the Survival<0A>Viewer right away and use ""CURE"" to<0A>neutralize the poison with a serum injection.<0A><END> || If you do get stung, go into the Survival<0A>Viewer and use ""CURE"" to inject yourself<0A>with serum right away.<0A><END> || If you get bitten, go into the Survival<0A>Viewer immediately and use ""CURE"" to<0A>administer a serum injection.<0A><END> || Snake, be careful. That cave is inhabited<0A>by vampire bats.<0A><END> || The vampire bat bites its victims and sucks<0A>their blood.<0A><END>","물린 즉시 SURVIVAL로 가서 ""CURE""를 사용하여 혈청 주사를 맞으세요.<0A><00> || 흡혈박쥐를 잡으셨군요.<0A><00> || 물린 경우 즉시 SURVIVAL로 가서 ""치료"" 옵션을 사용하여 혈청을 주사해.<0A><00> || 물린 경우 즉시 Survival Viewer에 가서 ""CURE""를 사용하여 혈청 주사를 맞으십시오.<0A><00> || 물리면 즉시 Survival Viewer의 CURE에서 혈청을 주사해 독을 중화해. || 쏘인 경우 Survival Viewer로 가서 ""CURE""를 사용하여 즉시 혈청을 주사해.<0A><00> || 물린 경우 즉시 SURVIVAL로 가서 ""CURE""를 사용하여 혈청 주사를 투여해.<0A><00> || Snake, 조심해. 그 동굴에는 흡혈박쥐가 살고 있어요.<0A><00> || 흡혈박쥐는 희생자를 물고 피를 빨아먹습니다.<0A><00>",64,not_generated,
codec,443,협,64,1,codec:443:1033,"The reticulated python is said to be the<0A>longest snake in the world. It's not venomous,<0A>but it still poses a threat, so watch out.<0A><END>",망상 비단뱀은 세계에서 가장 긴 Snake라고 합니다. 독성은 없지만 여전히 위협적이므로 조심해.<0A><00>,64,not_generated,
codec,443,형,64,7,codec:443:843|codec:443:844|codec:443:733|codec:443:1059|codec:443:508|codec:443:841|codec:443:1063,"Almost all organisms on earth have evolved<0A>in various shapes and forms,<0A><END> || but these fish have kept the same form for<0A>hundreds of millions of years. Baffling, isn't<0A>it?<0A><END> || Honey can also be used as a burn ointment.<0A>When honey is applied to a burn, it creates<0A>a protective coating over the skin.<0A><END> || that contains all the proteins, lipids, vitamins,<0A>carbohydrates and minerals needed for a<0A>balanced diet.<0A><END> || The Thai cobra is a large venomous snake<0A>that carries an extremely potent neurotoxin.<0A>Be careful not to get bitten.<0A><END> || They've hardly changed their forms since<0A>the Devonian and Jurassic periods.<0A><END> || Yeah, and it will help balance out all<0A>this jungle food I'm eating.<0A><END>","지구의 거의 모든 생물은 다양한 형태로 진화했고, || 이 물고기는 수억 년 동안 같은 형태를 유지해 왔습니다. 당황스럽죠?<0A><00> || 꿀은 화상 연고로도 사용할 수 있다. 꿀을 화상 부위에 바르면 피부 위에 보호막이 형성됩니다.<0A><00> || 균형 잡힌 식단에 필요한 단백질, 지방, 비타민, 탄수화물, 미네랄이 모두 들어 있다.<0A><00> || 타이 코브라는 매우 강력한 신경독을 운반하는 대형 독성 Snake입니다. 물리지 않도록 주의해.<0A><00> || 데본기와 쥐라기 시대 이후로 형태가 거의 변하지 않았습니다.<0A><00> || 그래, 정글 음식만 먹는 것도<0A>영양 균형이 맞겠군.<0A><00>",64,not_generated,
codec,443,혹,64,1,codec:443:847,Not at all. I'm fascinated by ancient fish.<0A><END>,전혀 아니에요. 저는 고대 물고기에 매혹돼 있어요.<0A><00>,64,not_generated,
codec,443,화,64,18,codec:443:843|codec:443:840|codec:443:528|codec:443:913|codec:443:924|codec:443:733|codec:443:599|codec:443:526|codec:443:756|codec:443:732|codec:443:604|codec:443:603|codec:443:697|codec:443:1059|codec:443:527|codec:443:600|codec:443:734|codec:443:705,"Almost all organisms on earth have evolved<0A>in various shapes and forms,<0A><END> || Ancient fish like the arowana are living<0A>fossils.<0A><END> || Apparently, the bright, flashy colors and<0A>pattern let other animals know that it carries<0A>a deadly poison.<0A><END> || breaking it down into oxyluciferin and<0A>carbon dioxide.<0A><END> || but they still rely on chemical reactions<0A>between proteins and enzymes to...<0A><END> || Honey can also be used as a burn ointment.<0A>When honey is applied to a burn, it creates<0A>a protective coating over the skin.<0A><END> || I see you've captured a poison dart frog.<0A><END> || If you do get bitten, go into the Survival<0A>Viewer right away and use ""CURE"" to<0A>neutralize the poison with a serum injection.<0A><END> || It's a movie about this gigantic spider.<0A>When it's small it's about 15 feet wide,<0A>but when it's big, it's about 35 feet wide.<0A><END> || It's easy to digest and helps pep you up<0A>when you're feeling tired.<0A>In short, it's the perfect survival food.<0A><END> || Long ago, people used the poison to coat<0A>their arrows for hunting.<0A><END> || Poison dart frogs are known to carry a<0A>potent neurotoxin called pumiliotoxin.<0A><END> || Snake, do you hate vampire movies?<0A><END> || that contains all the proteins, lipids, vitamins,<0A>carbohydrates and minerals needed for a<0A>balanced diet.<0A><END> || The colorful red and black patterns on<0A>the coral snake are a warning sign.<0A><END> || The poison dart frog is native to the tropical<0A>rain forests of Central and South America.<0A><END> || When you knock down a hornets' nest, a<0A>burn ointment will appear along with it, so<0A>don't forget to pick it up.<0A><END> || Yeah. They're fascinating, you know?<0A>Like the movie ""Dra...""<0A><END>","지구의 거의 모든 생물은 다양한 형태로 진화했고, || 아로와나와 같은 고대 물고기는 살아있는 화석입니다.<0A><00> || 밝고 화려한 색상과 무늬를 통해 다른 동물들에게 치명적인 독을 가지고 있다는 사실을 알려주는 것 같습니다.<0A><00> || 는 이를 옥시루시페린과 이산화탄소로 분해합니다.<0A><00> || 그래도 단백질과 효소의 화학반응에 의존해서... || 꿀은 화상 연고로도 사용할 수 있다. 꿀을 화상 부위에 바르면 피부 위에 보호막이 형성됩니다.<0A><00> || 독화살개구리를 잡은 것 같군요.<0A><00> || 물리면 즉시 Survival Viewer의 CURE에서 혈청을 주사해 독을 중화해. || 이 거대한 거미에 관한 영화입니다. 작을 때는 너비가 약 15피트이고, 클 때는 너비가 약 35피트입니다.<0A><00> || 소화가 잘 되고 피곤할 때 기운을 북돋아 줍니다. 요컨대, 완벽한 SURVIVAL FOOD입니다.<0A><00> || 옛날에 사람들은 사냥을 위해 화살에 독을 발랐습니다.<0A><00> || 독화살개구리는 푸밀리오톡신이라는 강력한 신경독을 운반하는 것으로 알려져 있다.<0A><00> || Snake, 뱀파이어 영화 싫어해요?<0A><00> || 균형 잡힌 식단에 필요한 단백질, 지방, 비타민, 탄수화물, 미네랄이 모두 들어 있다.<0A><00> || 산호뱀의 화려한 빨간색과 검은색 패턴은 경고 신호입니다.<0A><00> || 독화살개구리는 중남미의 열대 우림이 원산지입니다.<0A><00> || 벌집을 떨어뜨리면<0A>화상 연고도 나오니<0A>꼭 챙겨라.<0A><00> || 그래. 흥미롭잖아? 영화 Dra...<0A><00>",64,not_generated,
codec,443,확,64,4,codec:443:887|codec:443:1017|codec:443:501|codec:443:888,"Are you sure?<0A><END> || I see you've got yourself a ration.<0A><END> || The guide doesn't say. If you absolutely<0A>have to know, then you'll just have to try<0A>it yourself and see.<0A><END> || What do you mean, am I sure?<0A><END>",확실합니까?<0A><00> || 배급량을 확보한 것 같군요.<0A><00> || 가이드는 말하지 않습니다. 꼭 알아야 한다면 직접 시도해 보고 확인하면 됩니다.<0A><00> || 확실하냐니 무슨 뜻이야?<0A><00>,64,not_generated,
codec,443,환,64,1,codec:443:691,Bats use supersonic waves to sense their<0A>surroundings.<0A><END>,박쥐는 초음파를 사용하여 주변 환경을 감지합니다.<0A><00>,64,not_generated,
codec,443,활,64,1,codec:443:647,which allows the squirrel to glide from<0A>tree to tree.<0A><END>,다람쥐가 나무 사이를 활공하게 한다.<0A><00>,64,not_generated,
codec,443,황,64,4,codec:443:844|codec:443:761|codec:443:760|codec:443:762,"but these fish have kept the same form for<0A>hundreds of millions of years. Baffling, isn't<0A>it?<0A><END> || I see you've caught yourself an emperor<0A>scorpion.<0A><END> || Snake, watch out. That area is home to<0A>the emperor scorpion.<0A><END> || The emperor scorpion is said to be<0A>the largest scorpion in the world.<0A><END>","이 물고기는 수억 년 동안 같은 형태를 유지해 왔습니다. 당황스럽죠?<0A><00> || 황제 전갈을 잡으셨군요.<0A><00> || Snake, 조심해. 그 지역은 황제전갈의 서식지입니다.<0A><00> || 황제전갈은 세계에서 가장 큰 전갈이라고 합니다.<0A><00>",64,not_generated,
codec,443,횃,64,1,codec:443:693,"Alternatively, you could try equipping a<0A>torch and waving it around<0A><END>",또는 횃불을 장착하고 흔들어 볼 수도 있다.<0A><00>,64,not_generated,
codec,443,회,64,3,codec:443:3067|codec:443:594|codec:443:965,"C'est gris...<0A><END> || I hear that in Japan, Otton frog sashimi<0A>and sukiyaki are popular dishes.<0A><END> || It's gray...<0A><END>",회색이군...<0A><00> || 일본에선 Otton frog 회와 스키야키가 인기래. || 회색입니다...<0A><00>,64,not_generated,
codec,443,효,64,3,codec:443:924|codec:443:630|codec:443:940,"but they still rely on chemical reactions<0A>between proteins and enzymes to...<0A><END> || When the rabbit eats fiber, the fiber is<0A>fermented in the rabbit's appendix, or<0A>caecum,<0A><END> || You mean like a placebo effect?<0A><END>","그래도 단백질과 효소의 화학반응에 의존해서... || 토끼가 섬유질을 먹으면 토끼의 맹장, 즉 맹장에서 섬유질이 발효되어,<0A><00> || 플라시보 효과 같은 말씀이신가요?<0A><00>",64,not_generated,
codec,443,훨,64,2,codec:443:602|codec:443:548,"but for some reason the ones in that area<0A>seem to be much bigger than that.<0A><END> || I guess if I had to pick something, I'd say<0A>it's that the milk snake is much less<0A>aggressive.<0A><END>",하지만 어떤 이유에서인지 그 지역의 것들은 그것보다 훨씬 더 큰 것 같습니다.<0A><00> || 굳이 꼽으라면 우유Snake이 훨씬 덜 공격적이라는 점을 꼽고 싶습니다.<0A><00>,64,not_generated,
codec,443,휴,64,3,codec:443:3123|codec:443:1018|codec:443:1021,"Plut<G75>t des repas 'd<G6A>gueulasses' portatifs<0A>utilis<G6A>s par les soldats sovi<G6A>tiques.<0A><END> || Rations are portable meals carried by<0A>Soviet soldiers.<0A><END> || They're ""disgusting"" portable meals carried<0A>by Soviet soldiers.<0A><END>","소련군이 사용하는 오히려 '역겨운' 휴대용 식사입니다.<0A><00> || 식량은 소련 군인들이 가지고 다니는 휴대용 식사입니다.<0A><00> || 소련 군인들이 가지고 다니는 ""역겨운"" 휴대용 식사입니다.<0A><00>",64,not_generated,
codec,443,흉,64,2,codec:443:531|codec:443:530,"See, by mimicking other poisonous creatures,<0A>they increase their chances of survival.<0A><END> || There are many animals that mimic the<0A>colors of known poisonous animals as<0A>a defense.<0A><END>","보세요, 다른 독성 생물을 흉내내면 SURVIVAL의 가능성이 높아집니다.<0A><00> || 방어를 위해 알려진 독동물의 색깔을 흉내내는 동물이 많이 있다.<0A><00>",64,not_generated,
codec,443,흔,64,1,codec:443:693,"Alternatively, you could try equipping a<0A>torch and waving it around<0A><END>",또는 횃불을 장착하고 흔들어 볼 수도 있다.<0A><00>,64,not_generated,
codec,443,흠,64,2,codec:443:811|codec:443:546,"Hmm, the guidebook doesn't say.<0A><END> || Hmm. So is there a way to tell the<0A>difference between a milk snake and<0A>a coral snake?<0A><END>","흠, 가이드북에는 나와 있지 않네요.<0A><00> || 흠. milk snake와 coral snake 구별법이 있어?",64,not_generated,
codec,443,흡,64,4,codec:443:681|codec:443:680|codec:443:632|codec:443:682,"I see you've caught a vampire bat.<0A><END> || Snake, be careful. That cave is inhabited<0A>by vampire bats.<0A><END> || The rabbit excretes this substance and then<0A>eats it again to absorb the nutrients.<0A><END> || The vampire bat bites its victims and sucks<0A>their blood.<0A><END>","흡혈박쥐를 잡으셨군요.<0A><00> || Snake, 조심해. 그 동굴에는 흡혈박쥐가 살고 있어요.<0A><00> || 토끼는 이 물질을 배설한 후 다시 먹어서 영양분을 흡수합니다.<0A><00> || 흡혈박쥐는 희생자를 물고 피를 빨아먹습니다.<0A><00>",64,not_generated,
codec,443,흥,64,5,codec:443:953|codec:443:744|codec:443:825|codec:443:160|codec:443:705,"Interesting name.<0A><END> || Interesting. So how do they taste?<0A><END> || Interesting. So, how does it taste?<0A><END> || This isn't interesting.<0A><END> || Yeah. They're fascinating, you know?<0A>Like the movie ""Dra...""<0A><END>",흥미로운 이름다.<0A><00> || 흥미롭네요. 그럼 맛은 어떤가요?<0A><00> || 흥미롭네요. 맛은 어떠한가요?<0A><00> || 이것은 흥미롭지 않습니다.<0A><00> || 그래. 흥미롭잖아? 영화 Dra...<0A><00>,64,not_generated,
codec,443,희,64,1,codec:443:682,The vampire bat bites its victims and sucks<0A>their blood.<0A><END>,흡혈박쥐는 희생자를 물고 피를 빨아먹습니다.<0A><00>,64,not_generated,
codec,443,흰,64,6,codec:443:791|codec:443:1038|codec:443:801|codec:443:792|codec:443:790|codec:443:798,"I see you've captured a white-rumped<0A>vulture.<0A><END> || Magpies are dark blue and white birds with<0A>long tails that belong to the crow family.<0A><END> || So, then, if a person eats a white-rumped<0A>vulture, does that mean he's eating human<0A>meat, too?<0A><END> || The white-rumped vulture is a type of<0A>vulture found in India. Its diet consists<0A>mostly of dead animal carcasses.<0A><END> || There should be white-rumped vultures<0A>living in that area.<0A><END> || They say the white-rumped vulture doesn't<0A>just eat animal carcasses. It eats human<0A>ones as well.<0A><END>",흰엉덩이 독수리를 포획한 것 같군요.<0A><00> || 까치는 까마귀과에 속하는 긴 꼬리를 가진 진한 파란색과 흰색의 새입니다.<0A><00> || 그렇다면 흰 엉덩이 독수리를 먹는다면 그 사람도 인간 고기를 먹고 있다는 뜻일까요?<0A><00> || 흰 엉덩이 독수리는 인도에서 발견되는 독수리의 일종입니다. 그것의 식단은 대부분 죽은 동물의 시체로 구성됩니다.<0A><00> || 그 지역에는 흰 엉덩이 독수리가 살고 있을 것입니다.<0A><00> || 흰 엉덩이 독수리는 동물의 시체만 먹는 것이 아니라고 합니다. 인간의 것도 먹습니다.<0A><00>,64,not_generated,
codec,443,힌,64,1,codec:443:1059,"that contains all the proteins, lipids, vitamins,<0A>carbohydrates and minerals needed for a<0A>balanced diet.<0A><END>","균형 잡힌 식단에 필요한 단백질, 지방, 비타민, 탄수화물, 미네랄이 모두 들어 있다.<0A><00>",64,not_generated,
codec,443,힘,64,2,codec:443:1037|codec:443:794,"It's got a tough hide, so you'll have a hard<0A>time catching one. Capturing them alive is<0A>probably out of the question.<0A><END> || so you probably won't be able to capture<0A>it alive using the tranquilizer gun.<0A><END>",이것은 단단한 피를 가지고 있어 잡기가 힘듭니다. 생포는 아마도 불가능할 거다.<0A><00> || 그러니 마취총으로는<0A>산 채로 잡기 힘들 거야.<0A><00>,64,not_generated,
codec,444,걸,64,2,codec:444:484|codec:444:488,...Oh. OK. But what's this thing doing<0A>here?<0A><END> || Right... So what's this doing here...<0A><END>,...오. 좋아요. 그런데 이게 뭐하는 걸까요?<0A><00> || 그렇죠... 그럼 이게 여기서 뭐하는 걸까요...<0A><00>,64,not_generated,
codec,444,교,64,1,codec:444:495,Maybe you could use it as a diversion?<0A><END>,교란용으로 쓸 수 있지 않을까?<0A><00>,64,not_generated,
codec,444,긴,64,1,codec:444:496,"And I hear that if you find all of the Yoshis<0A>and shake them, something good will happen.<0A>Try it out.<0A><END>",요시들을 모두 찾아 흔들어주면 좋은 일이 생긴다고 합니다. 사용해 보세요.<0A><00>,64,not_generated,
codec,444,두,64,2,codec:444:496|codec:444:493,"And I hear that if you find all of the Yoshis<0A>and shake them, something good will happen.<0A>Try it out.<0A><END> || What did you have in mind?<0A><END>",요시들을 모두 찾아 흔들어주면 좋은 일이 생긴다고 합니다. 사용해 보세요.<0A><00> || 무엇을 염두에 두셨나요?<0A><00>,64,not_generated,
codec,444,란,64,1,codec:444:495,Maybe you could use it as a diversion?<0A><END>,교란용으로 쓸 수 있지 않을까?<0A><00>,64,not_generated,
codec,444,럼,64,1,codec:444:488,Right... So what's this doing here...<0A><END>,그렇죠... 그럼 이게 여기서 뭐하는 걸까요...<0A><00>,64,not_generated,
codec,444,련,64,1,codec:444:489,He must be getting popular in the Soviet<0A>Union.<0A><END>,소련에서 인기가 있나 봐.<0A><00>,64,not_generated,
codec,444,모,64,2,codec:444:496|codec:444:483,"And I hear that if you find all of the Yoshis<0A>and shake them, something good will happen.<0A>Try it out.<0A><END> || That's Yoshi. Don't tell me you've never<0A>heard of him.<0A><END>",요시들을 모두 찾아 흔들어주면 좋은 일이 생긴다고 합니다. 사용해 보세요.<0A><00> || Yoshi야. 설마 모르는 건 아니지?<0A><00>,64,not_generated,
codec,444,몰,64,1,codec:444:494,"Yoshi makes noise when you shake him.<0A>If the enemy hears that, they might come<0A>to check it out.<0A><END>",요시는 흔들면 소리를 내.<0A>적이 들으면 확인하러 올지도 몰라.<0A><00>,64,not_generated,
codec,444,반,64,1,codec:444:492,"On the other hand, you might be able to<0A>use Yoshi's power to help you in your<0A>mission.<0A><END>",반면에 요시의 힘을 사용하여 MISSION을 수행하는 데 도움을 줄 수도 있습니다.<0A><00>,64,not_generated,
codec,444,생,64,1,codec:444:496,"And I hear that if you find all of the Yoshis<0A>and shake them, something good will happen.<0A>Try it out.<0A><END>",요시들을 모두 찾아 흔들어주면 좋은 일이 생긴다고 합니다. 사용해 보세요.<0A><00>,64,not_generated,
codec,444,셨,64,1,codec:444:493,What did you have in mind?<0A><END>,무엇을 염두에 두셨나요?<0A><00>,64,not_generated,
codec,444,쓸,64,1,codec:444:495,Maybe you could use it as a diversion?<0A><END>,교란용으로 쓸 수 있지 않을까?<0A><00>,64,not_generated,
codec,444,앞,64,1,codec:444:481,Right in front of you.<0A><END>,바로 앞에요.<0A><00>,64,not_generated,
codec,444,엇,64,1,codec:444:493,What did you have in mind?<0A><END>,무엇을 염두에 두셨나요?<0A><00>,64,not_generated,
codec,444,염,64,1,codec:444:493,What did you have in mind?<0A><END>,무엇을 염두에 두셨나요?<0A><00>,64,not_generated,
codec,444,오,64,1,codec:444:484,...Oh. OK. But what's this thing doing<0A>here?<0A><END>,...오. 좋아요. 그런데 이게 뭐하는 걸까요?<0A><00>,64,not_generated,
codec,444,용,64,3,codec:444:496|codec:444:495|codec:444:492,"And I hear that if you find all of the Yoshis<0A>and shake them, something good will happen.<0A>Try it out.<0A><END> || Maybe you could use it as a diversion?<0A><END> || On the other hand, you might be able to<0A>use Yoshi's power to help you in your<0A>mission.<0A><END>",요시들을 모두 찾아 흔들어주면 좋은 일이 생긴다고 합니다. 사용해 보세요.<0A><00> || 교란용으로 쓸 수 있지 않을까?<0A><00> || 반면에 요시의 힘을 사용하여 MISSION을 수행하는 데 도움을 줄 수도 있습니다.<0A><00>,64,not_generated,
codec,444,움,64,1,codec:444:492,"On the other hand, you might be able to<0A>use Yoshi's power to help you in your<0A>mission.<0A><END>",반면에 요시의 힘을 사용하여 MISSION을 수행하는 데 도움을 줄 수도 있습니다.<0A><00>,64,not_generated,
codec,444,잖,64,1,codec:444:477,"Hey, that's Yoshi!<0A><END>","이봐, Yoshi잖아!<0A><00>",64,not_generated,
codec,444,죠,64,1,codec:444:488,Right... So what's this doing here...<0A><END>,그렇죠... 그럼 이게 여기서 뭐하는 걸까요...<0A><00>,64,not_generated,
codec,444,주,64,1,codec:444:496,"And I hear that if you find all of the Yoshis<0A>and shake them, something good will happen.<0A>Try it out.<0A><END>",요시들을 모두 찾아 흔들어주면 좋은 일이 생긴다고 합니다. 사용해 보세요.<0A><00>,64,not_generated,
codec,444,찾,64,1,codec:444:496,"And I hear that if you find all of the Yoshis<0A>and shake them, something good will happen.<0A>Try it out.<0A><END>",요시들을 모두 찾아 흔들어주면 좋은 일이 생긴다고 합니다. 사용해 보세요.<0A><00>,64,not_generated,
codec,444,합,64,1,codec:444:496,"And I hear that if you find all of the Yoshis<0A>and shake them, something good will happen.<0A>Try it out.<0A><END>",요시들을 모두 찾아 흔들어주면 좋은 일이 생긴다고 합니다. 사용해 보세요.<0A><00>,64,not_generated,
codec,444,형,64,1,codec:444:482,...This doll?<0A><END>,...이 인형?<0A><00>,64,not_generated,
codec,444,확,64,1,codec:444:494,"Yoshi makes noise when you shake him.<0A>If the enemy hears that, they might come<0A>to check it out.<0A><END>",요시는 흔들면 소리를 내.<0A>적이 들으면 확인하러 올지도 몰라.<0A><00>,64,not_generated,
codec,444,흔,64,2,codec:444:496|codec:444:494,"And I hear that if you find all of the Yoshis<0A>and shake them, something good will happen.<0A>Try it out.<0A><END> || Yoshi makes noise when you shake him.<0A>If the enemy hears that, they might come<0A>to check it out.<0A><END>",요시들을 모두 찾아 흔들어주면 좋은 일이 생긴다고 합니다. 사용해 보세요.<0A><00> || 요시는 흔들면 소리를 내.<0A>적이 들으면 확인하러 올지도 몰라.<0A><00>,64,not_generated,
codec,444,힘,64,1,codec:444:492,"On the other hand, you might be able to<0A>use Yoshi's power to help you in your<0A>mission.<0A><END>",반면에 요시의 힘을 사용하여 MISSION을 수행하는 데 도움을 줄 수도 있습니다.<0A><00>,64,not_generated,
codec,445,동,64,1,codec:445:3,PERSONAL DATA [4/4]<0A><0A>FVRT ANIMAL:CAT<0A>FVRT LIQUOR:BEER<0A>FVRT UMA:SNOWMAN<0A>FVRT UFO:ADAMSKI TYPE<0A>PRIMARY INVNTNS:EZ GUN<0A>NO. OF THIS YEAR'S WRRTN<0A>APOLOGY:21<0A><END>,PROFILE [4/4] 동물:CAT 술:BEER UMA:SNOWMAN UFO:ADAMSKI 발명:EZ GUN WRITTEN APOLOGY:21<0A><00>,64,not_generated,
codec,445,발,64,1,codec:445:3,PERSONAL DATA [4/4]<0A><0A>FVRT ANIMAL:CAT<0A>FVRT LIQUOR:BEER<0A>FVRT UMA:SNOWMAN<0A>FVRT UFO:ADAMSKI TYPE<0A>PRIMARY INVNTNS:EZ GUN<0A>NO. OF THIS YEAR'S WRRTN<0A>APOLOGY:21<0A><END>,PROFILE [4/4] 동물:CAT 술:BEER UMA:SNOWMAN UFO:ADAMSKI 발명:EZ GUN WRITTEN APOLOGY:21<0A><00>,64,not_generated,
codec,445,술,64,1,codec:445:3,PERSONAL DATA [4/4]<0A><0A>FVRT ANIMAL:CAT<0A>FVRT LIQUOR:BEER<0A>FVRT UMA:SNOWMAN<0A>FVRT UFO:ADAMSKI TYPE<0A>PRIMARY INVNTNS:EZ GUN<0A>NO. OF THIS YEAR'S WRRTN<0A>APOLOGY:21<0A><END>,PROFILE [4/4] 동물:CAT 술:BEER UMA:SNOWMAN UFO:ADAMSKI 발명:EZ GUN WRITTEN APOLOGY:21<0A><00>,64,not_generated,
codec,451,섞,64,1,codec:451:11,Camouflage means blending in with nature.<0A><END>,CAMOUFLAGE는 자연에 섞이는 거야.<0A><00>,64,not_generated,
codec,451,연,64,1,codec:451:11,Camouflage means blending in with nature.<0A><END>,CAMOUFLAGE는 자연에 섞이는 거야.<0A><00>,64,not_generated,
codec,452,꺼,64,1,codec:452:13,"To take an item out of your backpack, use<0A>the ""BACKPACK"" option in the Survival<0A>Viewer.<0A><END>","BACKPACK의 아이템은<0A>""BACKPACK""에서 꺼내.<0A><00>",64,not_generated,
codec,452,템,64,1,codec:452:13,"To take an item out of your backpack, use<0A>the ""BACKPACK"" option in the Survival<0A>Viewer.<0A><END>","BACKPACK의 아이템은<0A>""BACKPACK""에서 꺼내.<0A><00>",64,not_generated,
codec,453,선,64,1,codec:453:10,"To place a weapon on your person, select<0A>""WEAPON"" under the ""BACKPACK"" section<0A>of the Survival Viewer.<0A><END>","사람에게 무기를 장착하려면 Survival Viewer의 ""BACKPACK"" 섹션에서 ""WEAPON""을 선택해.<0A><00>",64,not_generated,
codec,453,섹,64,1,codec:453:10,"To place a weapon on your person, select<0A>""WEAPON"" under the ""BACKPACK"" section<0A>of the Survival Viewer.<0A><END>","사람에게 무기를 장착하려면 Survival Viewer의 ""BACKPACK"" 섹션에서 ""WEAPON""을 선택해.<0A><00>",64,not_generated,
codec,453,장,64,1,codec:453:10,"To place a weapon on your person, select<0A>""WEAPON"" under the ""BACKPACK"" section<0A>of the Survival Viewer.<0A><END>","사람에게 무기를 장착하려면 Survival Viewer의 ""BACKPACK"" 섹션에서 ""WEAPON""을 선택해.<0A><00>",64,not_generated,
codec,453,착,64,1,codec:453:10,"To place a weapon on your person, select<0A>""WEAPON"" under the ""BACKPACK"" section<0A>of the Survival Viewer.<0A><END>","사람에게 무기를 장착하려면 Survival Viewer의 ""BACKPACK"" 섹션에서 ""WEAPON""을 선택해.<0A><00>",64,not_generated,
codec,453,택,64,1,codec:453:10,"To place a weapon on your person, select<0A>""WEAPON"" under the ""BACKPACK"" section<0A>of the Survival Viewer.<0A><END>","사람에게 무기를 장착하려면 Survival Viewer의 ""BACKPACK"" 섹션에서 ""WEAPON""을 선택해.<0A><00>",64,not_generated,
codec,455,경,64,1,codec:455:15,You can take precise aim with the front and<0A>rear sights.<0A><END>,전방 조준경과 후방 조준경으로 정확한 조준이 가능합니다.<0A><00>,64,not_generated,
codec,455,과,64,1,codec:455:15,You can take precise aim with the front and<0A>rear sights.<0A><END>,전방 조준경과 후방 조준경으로 정확한 조준이 가능합니다.<0A><00>,64,not_generated,
codec,455,능,64,1,codec:455:15,You can take precise aim with the front and<0A>rear sights.<0A><END>,전방 조준경과 후방 조준경으로 정확한 조준이 가능합니다.<0A><00>,64,not_generated,
codec,455,전,64,1,codec:455:15,You can take precise aim with the front and<0A>rear sights.<0A><END>,전방 조준경과 후방 조준경으로 정확한 조준이 가능합니다.<0A><00>,64,not_generated,
codec,455,준,64,1,codec:455:15,You can take precise aim with the front and<0A>rear sights.<0A><END>,전방 조준경과 후방 조준경으로 정확한 조준이 가능합니다.<0A><00>,64,not_generated,
codec,455,합,64,1,codec:455:15,You can take precise aim with the front and<0A>rear sights.<0A><END>,전방 조준경과 후방 조준경으로 정확한 조준이 가능합니다.<0A><00>,64,not_generated,
codec,455,확,64,1,codec:455:15,You can take precise aim with the front and<0A>rear sights.<0A><END>,전방 조준경과 후방 조준경으로 정확한 조준이 가능합니다.<0A><00>,64,not_generated,
codec,457,써,64,1,codec:457:11,That's where the Survival Viewer comes in.<0A><END>,그럴 때 SURVIVAL VIEWER를 써.<0A><00>,64,not_generated,
codec,458,류,64,1,codec:458:14,I heard the enemies you encountered in the<0A>Virtuous Mission were only carrying weapons<0A>like AKs and grenades.<0A><END>,Virtuous Mission의 적들은 AK와 수류탄 정도만 썼다며.,64,not_generated,
codec,458,며,64,1,codec:458:14,I heard the enemies you encountered in the<0A>Virtuous Mission were only carrying weapons<0A>like AKs and grenades.<0A><END>,Virtuous Mission의 적들은 AK와 수류탄 정도만 썼다며.,64,not_generated,
codec,458,썼,64,1,codec:458:14,I heard the enemies you encountered in the<0A>Virtuous Mission were only carrying weapons<0A>like AKs and grenades.<0A><END>,Virtuous Mission의 적들은 AK와 수류탄 정도만 썼다며.,64,not_generated,
codec,458,탄,64,1,codec:458:14,I heard the enemies you encountered in the<0A>Virtuous Mission were only carrying weapons<0A>like AKs and grenades.<0A><END>,Virtuous Mission의 적들은 AK와 수류탄 정도만 썼다며.,64,not_generated,
codec,462,맞,64,1,codec:462:13,To fit it with a knife.<0A><END>,칼로 맞추려고요.<0A><00>,64,not_generated,
codec,462,추,64,1,codec:462:13,To fit it with a knife.<0A><END>,칼로 맞추려고요.<0A><00>,64,not_generated,
codec,462,칼,64,1,codec:462:13,To fit it with a knife.<0A><END>,칼로 맞추려고요.<0A><00>,64,not_generated,
codec,464,경,64,1,codec:464:10,A clapper is a kind of warning device used<0A>to detect intruders.<0A><END>,Clapper는 침입자를 찾는 경보 장치다.<0A><00>,64,not_generated,
codec,464,장,64,1,codec:464:10,A clapper is a kind of warning device used<0A>to detect intruders.<0A><END>,Clapper는 침입자를 찾는 경보 장치다.<0A><00>,64,not_generated,
codec,464,찾,64,1,codec:464:10,A clapper is a kind of warning device used<0A>to detect intruders.<0A><END>,Clapper는 침입자를 찾는 경보 장치다.<0A><00>,64,not_generated,
codec,464,치,64,1,codec:464:10,A clapper is a kind of warning device used<0A>to detect intruders.<0A><END>,Clapper는 침입자를 찾는 경보 장치다.<0A><00>,64,not_generated,
codec,464,침,64,1,codec:464:10,A clapper is a kind of warning device used<0A>to detect intruders.<0A><END>,Clapper는 침입자를 찾는 경보 장치다.<0A><00>,64,not_generated,
codec,465,선,64,1,codec:465:11,Infrared?<0A><END>,적외선?<0A><00>,64,not_generated,
codec,465,외,64,1,codec:465:11,Infrared?<0A><END>,적외선?<0A><00>,64,not_generated,
codec,465,피,64,1,codec:465:13,But there's no way to avoid something<0A>like that.<0A><END>,그런 건 피할 방법이 없어.<0A><00>,64,not_generated,
codec,466,감,64,1,codec:466:11,Emotions?<0A><END>,감정?<0A><00>,64,not_generated,
codec,466,쁨,64,1,codec:466:18,The Joy?<0A><END>,기쁨?<0A><00>,64,not_generated,
codec,468,던,64,1,codec:468:10,You say Granin was involved in the<0A>development of the SS-1C?<0A><END>,Granin가 SS-1C 개발에 참여했다고 하던가요?<0A><00>,64,not_generated,
codec,468,동,64,1,codec:468:13,A mobile platform?<0A><END>,이동식 발판?<0A><00>,64,not_generated,
codec,468,발,64,2,codec:468:13|codec:468:10,A mobile platform?<0A><END> || You say Granin was involved in the<0A>development of the SS-1C?<0A><END>,이동식 발판?<0A><00> || Granin가 SS-1C 개발에 참여했다고 하던가요?<0A><00>,64,not_generated,
codec,468,식,64,1,codec:468:13,A mobile platform?<0A><END>,이동식 발판?<0A><00>,64,not_generated,
codec,468,참,64,1,codec:468:10,You say Granin was involved in the<0A>development of the SS-1C?<0A><END>,Granin가 SS-1C 개발에 참여했다고 하던가요?<0A><00>,64,not_generated,
codec,468,판,64,1,codec:468:13,A mobile platform?<0A><END>,이동식 발판?<0A><00>,64,not_generated,
codec,468,했,64,1,codec:468:10,You say Granin was involved in the<0A>development of the SS-1C?<0A><END>,Granin가 SS-1C 개발에 참여했다고 하던가요?<0A><00>,64,not_generated,
codec,469,얹,64,1,codec:469:10,"Sigint, Granin said something about putting<0A>legs on a tank. Do you know what he was<0A>talking about?<0A><END>","Sigint, Granin는 탱크에 다리를 얹는 것에 대해 말했습니다. 그가 무슨 말을 했는지 아시나요?<0A><00>",64,not_generated,
codec,469,탱,64,1,codec:469:10,"Sigint, Granin said something about putting<0A>legs on a tank. Do you know what he was<0A>talking about?<0A><END>","Sigint, Granin는 탱크에 다리를 얹는 것에 대해 말했습니다. 그가 무슨 말을 했는지 아시나요?<0A><00>",64,not_generated,
codec,469,했,64,1,codec:469:10,"Sigint, Granin said something about putting<0A>legs on a tank. Do you know what he was<0A>talking about?<0A><END>","Sigint, Granin는 탱크에 다리를 얹는 것에 대해 말했습니다. 그가 무슨 말을 했는지 아시나요?<0A><00>",64,not_generated,
codec,480,발,64,1,codec:480:10,You say Granin's shoes were rigged with<0A>a transmitter?<0A><END>,Granin의 신발에 송신기가 있었다고?<0A><00>,64,not_generated,
codec,480,송,64,1,codec:480:10,You say Granin's shoes were rigged with<0A>a transmitter?<0A><END>,Granin의 신발에 송신기가 있었다고?<0A><00>,64,not_generated,
codec,480,신,64,1,codec:480:10,You say Granin's shoes were rigged with<0A>a transmitter?<0A><END>,Granin의 신발에 송신기가 있었다고?<0A><00>,64,not_generated,
codec,481,용,64,1,codec:481:12,The gun uses 4.5 mm rounds.<0A><END>,총은 4.5mm 탄환을 사용합니다.<0A><00>,64,not_generated,
codec,481,총,64,1,codec:481:12,The gun uses 4.5 mm rounds.<0A><END>,총은 4.5mm 탄환을 사용합니다.<0A><00>,64,not_generated,
codec,481,탄,64,1,codec:481:12,The gun uses 4.5 mm rounds.<0A><END>,총은 4.5mm 탄환을 사용합니다.<0A><00>,64,not_generated,
codec,481,합,64,1,codec:481:12,The gun uses 4.5 mm rounds.<0A><END>,총은 4.5mm 탄환을 사용합니다.<0A><00>,64,not_generated,
codec,481,환,64,1,codec:481:12,The gun uses 4.5 mm rounds.<0A><END>,총은 4.5mm 탄환을 사용합니다.<0A><00>,64,not_generated,
codec,483,얻,64,1,codec:483:10,So you found yourself a cigarette-shaped<0A>narcosis gun.<0A><END>,CIGAR형 마취총을 얻었군.<0A><00>,64,not_generated,
codec,483,총,64,1,codec:483:10,So you found yourself a cigarette-shaped<0A>narcosis gun.<0A><END>,CIGAR형 마취총을 얻었군.<0A><00>,64,not_generated,
codec,483,취,64,1,codec:483:10,So you found yourself a cigarette-shaped<0A>narcosis gun.<0A><END>,CIGAR형 마취총을 얻었군.<0A><00>,64,not_generated,
codec,483,형,64,1,codec:483:10,So you found yourself a cigarette-shaped<0A>narcosis gun.<0A><END>,CIGAR형 마취총을 얻었군.<0A><00>,64,not_generated,
codec,485,녹,64,1,codec:485:10,"Ah. A handkerchief soaked with<0A>a knockout drug, you say?<0A><END>",아. 녹아웃 약물을 적신 손수건이라고요?<0A><00>,64,not_generated,
codec,485,손,64,1,codec:485:10,"Ah. A handkerchief soaked with<0A>a knockout drug, you say?<0A><END>",아. 녹아웃 약물을 적신 손수건이라고요?<0A><00>,64,not_generated,
codec,485,신,64,1,codec:485:10,"Ah. A handkerchief soaked with<0A>a knockout drug, you say?<0A><END>",아. 녹아웃 약물을 적신 손수건이라고요?<0A><00>,64,not_generated,
codec,485,약,64,1,codec:485:10,"Ah. A handkerchief soaked with<0A>a knockout drug, you say?<0A><END>",아. 녹아웃 약물을 적신 손수건이라고요?<0A><00>,64,not_generated,
codec,485,웃,64,1,codec:485:10,"Ah. A handkerchief soaked with<0A>a knockout drug, you say?<0A><END>",아. 녹아웃 약물을 적신 손수건이라고요?<0A><00>,64,not_generated,
codec,488,꼭,64,1,codec:488:12,Be sure to keep an eye on it.<0A><END>,꼭 지켜보세요.<0A><00>,64,not_generated,
codec,488,켜,64,1,codec:488:12,Be sure to keep an eye on it.<0A><END>,꼭 지켜보세요.<0A><00>,64,not_generated,
codec,492,불,64,1,codec:492:10,"A torch? A little primitive but, a light's<0A>a light.<0A><END>",횃불? 조금 원시적이지만 빛은 빛이다.<0A><00>,64,not_generated,
codec,492,빛,64,1,codec:492:10,"A torch? A little primitive but, a light's<0A>a light.<0A><END>",횃불? 조금 원시적이지만 빛은 빛이다.<0A><00>,64,not_generated,
codec,492,횃,64,1,codec:492:10,"A torch? A little primitive but, a light's<0A>a light.<0A><END>",횃불? 조금 원시적이지만 빛은 빛이다.<0A><00>,64,not_generated,
codec,494,강,64,1,codec:494:12,The grenade itself is composed of two<0A>steel-plated casings.<0A><END>,수류탄 자체는 두 개의 강철 도금 케이스로 구성됩니다.<0A><00>,64,not_generated,
codec,494,구,64,1,codec:494:12,The grenade itself is composed of two<0A>steel-plated casings.<0A><END>,수류탄 자체는 두 개의 강철 도금 케이스로 구성됩니다.<0A><00>,64,not_generated,
codec,494,닙,64,1,codec:494:18,Of course not!<0A><END>,물론 아닙니다!<0A><00>,64,not_generated,
codec,494,됩,64,1,codec:494:12,The grenade itself is composed of two<0A>steel-plated casings.<0A><END>,수류탄 자체는 두 개의 강철 도금 케이스로 구성됩니다.<0A><00>,64,not_generated,
codec,494,두,64,1,codec:494:12,The grenade itself is composed of two<0A>steel-plated casings.<0A><END>,수류탄 자체는 두 개의 강철 도금 케이스로 구성됩니다.<0A><00>,64,not_generated,
codec,494,론,64,1,codec:494:18,Of course not!<0A><END>,물론 아닙니다!<0A><00>,64,not_generated,
codec,494,류,64,1,codec:494:12,The grenade itself is composed of two<0A>steel-plated casings.<0A><END>,수류탄 자체는 두 개의 강철 도금 케이스로 구성됩니다.<0A><00>,64,not_generated,
codec,494,쓸,64,1,codec:494:10,Gonna use a grenade huh?<0A><END>,GRENADE를 쓸 건가?<0A><00>,64,not_generated,
codec,494,철,64,1,codec:494:12,The grenade itself is composed of two<0A>steel-plated casings.<0A><END>,수류탄 자체는 두 개의 강철 도금 케이스로 구성됩니다.<0A><00>,64,not_generated,
codec,494,체,64,1,codec:494:12,The grenade itself is composed of two<0A>steel-plated casings.<0A><END>,수류탄 자체는 두 개의 강철 도금 케이스로 구성됩니다.<0A><00>,64,not_generated,
codec,494,케,64,1,codec:494:12,The grenade itself is composed of two<0A>steel-plated casings.<0A><END>,수류탄 자체는 두 개의 강철 도금 케이스로 구성됩니다.<0A><00>,64,not_generated,
codec,494,탄,64,1,codec:494:12,The grenade itself is composed of two<0A>steel-plated casings.<0A><END>,수류탄 자체는 두 개의 강철 도금 케이스로 구성됩니다.<0A><00>,64,not_generated,
codec,495,글,64,1,codec:495:13,"Back then, they were known as ""Willy<0A>Petes,"" after the first two letters of ""white<0A>phosphorus.""<0A><END>","당시엔 백린의 앞글자를 따서 ""Willy Petes""라 불렀지.",64,not_generated,
codec,495,당,64,1,codec:495:13,"Back then, they were known as ""Willy<0A>Petes,"" after the first two letters of ""white<0A>phosphorus.""<0A><END>","당시엔 백린의 앞글자를 따서 ""Willy Petes""라 불렀지.",64,not_generated,
codec,495,따,64,1,codec:495:13,"Back then, they were known as ""Willy<0A>Petes,"" after the first two letters of ""white<0A>phosphorus.""<0A><END>","당시엔 백린의 앞글자를 따서 ""Willy Petes""라 불렀지.",64,not_generated,
codec,495,렀,64,1,codec:495:13,"Back then, they were known as ""Willy<0A>Petes,"" after the first two letters of ""white<0A>phosphorus.""<0A><END>","당시엔 백린의 앞글자를 따서 ""Willy Petes""라 불렀지.",64,not_generated,
codec,495,린,64,1,codec:495:13,"Back then, they were known as ""Willy<0A>Petes,"" after the first two letters of ""white<0A>phosphorus.""<0A><END>","당시엔 백린의 앞글자를 따서 ""Willy Petes""라 불렀지.",64,not_generated,
codec,495,몸,64,1,codec:495:18,Just make sure you don't accidentally set<0A>yourself on fire.<0A><END>,실수로 몸에 불붙이지 마.<0A><00>,64,not_generated,
codec,495,백,64,1,codec:495:13,"Back then, they were known as ""Willy<0A>Petes,"" after the first two letters of ""white<0A>phosphorus.""<0A><END>","당시엔 백린의 앞글자를 따서 ""Willy Petes""라 불렀지.",64,not_generated,
codec,495,불,64,2,codec:495:13|codec:495:18,"Back then, they were known as ""Willy<0A>Petes,"" after the first two letters of ""white<0A>phosphorus.""<0A><END> || Just make sure you don't accidentally set<0A>yourself on fire.<0A><END>","당시엔 백린의 앞글자를 따서 ""Willy Petes""라 불렀지. || 실수로 몸에 불붙이지 마.<0A><00>",64,not_generated,
codec,495,붙,64,1,codec:495:18,Just make sure you don't accidentally set<0A>yourself on fire.<0A><END>,실수로 몸에 불붙이지 마.<0A><00>,64,not_generated,
codec,495,실,64,1,codec:495:18,Just make sure you don't accidentally set<0A>yourself on fire.<0A><END>,실수로 몸에 불붙이지 마.<0A><00>,64,not_generated,
codec,495,앞,64,1,codec:495:13,"Back then, they were known as ""Willy<0A>Petes,"" after the first two letters of ""white<0A>phosphorus.""<0A><END>","당시엔 백린의 앞글자를 따서 ""Willy Petes""라 불렀지.",64,not_generated,
codec,497,랐,64,1,codec:497:18,but I never thought they'd be used in<0A>an actual battle...<0A><END>,실전에 쓰일 줄은 몰랐어...<0A><00>,64,not_generated,
codec,497,몰,64,1,codec:497:18,but I never thought they'd be used in<0A>an actual battle...<0A><END>,실전에 쓰일 줄은 몰랐어...<0A><00>,64,not_generated,
codec,497,실,64,1,codec:497:18,but I never thought they'd be used in<0A>an actual battle...<0A><END>,실전에 쓰일 줄은 몰랐어...<0A><00>,64,not_generated,
codec,497,쓰,64,2,codec:497:18|codec:497:20,but I never thought they'd be used in<0A>an actual battle...<0A><END> || It's the same stuff that's used in camera<0A>flashes.<0A><END>,실전에 쓰일 줄은 몰랐어...<0A><00> || CAMERA FLASH에도 쓰이는 물질이야.<0A><00>,64,not_generated,
codec,497,전,64,1,codec:497:18,but I never thought they'd be used in<0A>an actual battle...<0A><END>,실전에 쓰일 줄은 몰랐어...<0A><00>,64,not_generated,
codec,497,질,64,1,codec:497:20,It's the same stuff that's used in camera<0A>flashes.<0A><END>,CAMERA FLASH에도 쓰이는 물질이야.<0A><00>,64,not_generated,
codec,498,각,64,1,codec:498:10,"Thinking of using a smoke grenade, huh?<0A><END>",SMOKE GRENADE를 쓸 생각이군?<0A><00>,64,not_generated,
codec,498,생,64,1,codec:498:10,"Thinking of using a smoke grenade, huh?<0A><END>",SMOKE GRENADE를 쓸 생각이군?<0A><00>,64,not_generated,
codec,498,쓸,64,1,codec:498:10,"Thinking of using a smoke grenade, huh?<0A><END>",SMOKE GRENADE를 쓸 생각이군?<0A><00>,64,not_generated,
codec,500,던,64,1,codec:500:14,Throw it?<0A><END>,던져?<0A><00>,64,not_generated,
codec,500,져,64,1,codec:500:14,Throw it?<0A><END>,던져?<0A><00>,64,not_generated,
codec,501,경,64,1,codec:501:10,I see you're using the binoculars.<0A><END>,쌍안경을 사용하고 계시군요.<0A><00>,64,not_generated,
codec,501,쌍,64,1,codec:501:10,I see you're using the binoculars.<0A><END>,쌍안경을 사용하고 계시군요.<0A><00>,64,not_generated,
codec,501,용,64,1,codec:501:10,I see you're using the binoculars.<0A><END>,쌍안경을 사용하고 계시군요.<0A><00>,64,not_generated,
codec,504,씀,64,1,codec:504:17,You mean the AN-PAS-5.<0A><END>,AN-PAS-5를 말씀하시는군요.<0A><00>,64,not_generated,
codec,509,언,64,1,codec:509:14,Be careful about when and where you use it.<0A><END>,"언제, 어디서 사용하는지 주의해.<0A><00>",64,not_generated,
codec,509,용,64,1,codec:509:14,Be careful about when and where you use it.<0A><END>,"언제, 어디서 사용하는지 주의해.<0A><00>",64,not_generated,
codec,509,주,64,1,codec:509:14,Be careful about when and where you use it.<0A><END>,"언제, 어디서 사용하는지 주의해.<0A><00>",64,not_generated,
codec,515,류,64,1,codec:515:10,Stun grenades?<0A><END>,기절 수류탄?<0A><00>,64,not_generated,
codec,515,탄,64,1,codec:515:10,Stun grenades?<0A><END>,기절 수류탄?<0A><00>,64,not_generated,
codec,517,뚫,64,1,codec:517:12,It can punch through a wall too<0A>so watch out.<0A><END>,벽도 뚫으니 조심해.<0A><00>,64,not_generated,
codec,517,벽,64,1,codec:517:12,It can punch through a wall too<0A>so watch out.<0A><END>,벽도 뚫으니 조심해.<0A><00>,64,not_generated,
codec,522,과,64,1,codec:522:10,"No. They kind of look like AKMs,<0A>but they're different.<0A><END>",아니요. AKM과 비슷해 보이지만 다릅니다.<0A><00>,64,not_generated,
codec,522,릅,64,1,codec:522:10,"No. They kind of look like AKMs,<0A>but they're different.<0A><END>",아니요. AKM과 비슷해 보이지만 다릅니다.<0A><00>,64,not_generated,
codec,522,비,64,1,codec:522:10,"No. They kind of look like AKMs,<0A>but they're different.<0A><END>",아니요. AKM과 비슷해 보이지만 다릅니다.<0A><00>,64,not_generated,
codec,522,슷,64,1,codec:522:10,"No. They kind of look like AKMs,<0A>but they're different.<0A><END>",아니요. AKM과 비슷해 보이지만 다릅니다.<0A><00>,64,not_generated,
codec,528,격,64,1,codec:528:12,Attack dogs were regularly employed in<0A>the First and Second World Wars as well.<0A><END>,공격견은 1차 세계대전과 2차 세계대전에도 정기적으로 사용되었습니다.<0A><00>,64,not_generated,
codec,528,견,64,2,codec:528:12|codec:528:15,Attack dogs were regularly employed in<0A>the First and Second World Wars as well.<0A><END> || Bomb dogs?<0A><END>,공격견은 1차 세계대전과 2차 세계대전에도 정기적으로 사용되었습니다.<0A><00> || 폭탄견?<0A><00>,64,not_generated,
codec,528,공,64,1,codec:528:12,Attack dogs were regularly employed in<0A>the First and Second World Wars as well.<0A><END>,공격견은 1차 세계대전과 2차 세계대전에도 정기적으로 사용되었습니다.<0A><00>,64,not_generated,
codec,528,과,64,1,codec:528:12,Attack dogs were regularly employed in<0A>the First and Second World Wars as well.<0A><END>,공격견은 1차 세계대전과 2차 세계대전에도 정기적으로 사용되었습니다.<0A><00>,64,not_generated,
codec,528,쓰,64,1,codec:528:10,People have been using dogs in war since<0A>before recorded history.<0A><END>,개는 기록 이전부터<0A>전쟁에 쓰였다.<0A><00>,64,not_generated,
codec,528,였,64,1,codec:528:10,People have been using dogs in war since<0A>before recorded history.<0A><END>,개는 기록 이전부터<0A>전쟁에 쓰였다.<0A><00>,64,not_generated,
codec,528,용,64,1,codec:528:12,Attack dogs were regularly employed in<0A>the First and Second World Wars as well.<0A><END>,공격견은 1차 세계대전과 2차 세계대전에도 정기적으로 사용되었습니다.<0A><00>,64,not_generated,
codec,528,쟁,64,1,codec:528:10,People have been using dogs in war since<0A>before recorded history.<0A><END>,개는 기록 이전부터<0A>전쟁에 쓰였다.<0A><00>,64,not_generated,
codec,528,전,64,2,codec:528:12|codec:528:10,Attack dogs were regularly employed in<0A>the First and Second World Wars as well.<0A><END> || People have been using dogs in war since<0A>before recorded history.<0A><END>,공격견은 1차 세계대전과 2차 세계대전에도 정기적으로 사용되었습니다.<0A><00> || 개는 기록 이전부터<0A>전쟁에 쓰였다.<0A><00>,64,not_generated,
codec,528,차,64,1,codec:528:12,Attack dogs were regularly employed in<0A>the First and Second World Wars as well.<0A><END>,공격견은 1차 세계대전과 2차 세계대전에도 정기적으로 사용되었습니다.<0A><00>,64,not_generated,
codec,528,탄,64,1,codec:528:15,Bomb dogs?<0A><END>,폭탄견?<0A><00>,64,not_generated,
codec,528,폭,64,1,codec:528:15,Bomb dogs?<0A><END>,폭탄견?<0A><00>,64,not_generated,
codec,531,글,64,1,codec:531:11,"The name ""DShK"" comes from the initials<0A>of the two creators - Degtyarev and<0A>Shpagin -<0A><END>",DShK란 이름은 두 개발자<0A>Degtyarev와 Shpagin의<0A>머리글자에서 왔어.<0A><00>,64,not_generated,
codec,531,두,64,1,codec:531:11,"The name ""DShK"" comes from the initials<0A>of the two creators - Degtyarev and<0A>Shpagin -<0A><END>",DShK란 이름은 두 개발자<0A>Degtyarev와 Shpagin의<0A>머리글자에서 왔어.<0A><00>,64,not_generated,
codec,531,란,64,1,codec:531:11,"The name ""DShK"" comes from the initials<0A>of the two creators - Degtyarev and<0A>Shpagin -<0A><END>",DShK란 이름은 두 개발자<0A>Degtyarev와 Shpagin의<0A>머리글자에서 왔어.<0A><00>,64,not_generated,
codec,531,름,64,1,codec:531:11,"The name ""DShK"" comes from the initials<0A>of the two creators - Degtyarev and<0A>Shpagin -<0A><END>",DShK란 이름은 두 개발자<0A>Degtyarev와 Shpagin의<0A>머리글자에서 왔어.<0A><00>,64,not_generated,
codec,531,많,64,1,codec:531:13,They saw a lot of action in World War II.<0A><END>,제2차 세계대전에서 많은 활약을 펼쳤습니다.<0A><00>,64,not_generated,
codec,531,발,64,1,codec:531:11,"The name ""DShK"" comes from the initials<0A>of the two creators - Degtyarev and<0A>Shpagin -<0A><END>",DShK란 이름은 두 개발자<0A>Degtyarev와 Shpagin의<0A>머리글자에서 왔어.<0A><00>,64,not_generated,
codec,531,약,64,1,codec:531:13,They saw a lot of action in World War II.<0A><END>,제2차 세계대전에서 많은 활약을 펼쳤습니다.<0A><00>,64,not_generated,
codec,531,전,64,1,codec:531:13,They saw a lot of action in World War II.<0A><END>,제2차 세계대전에서 많은 활약을 펼쳤습니다.<0A><00>,64,not_generated,
codec,531,차,64,1,codec:531:13,They saw a lot of action in World War II.<0A><END>,제2차 세계대전에서 많은 활약을 펼쳤습니다.<0A><00>,64,not_generated,
codec,531,쳤,64,1,codec:531:13,They saw a lot of action in World War II.<0A><END>,제2차 세계대전에서 많은 활약을 펼쳤습니다.<0A><00>,64,not_generated,
codec,531,펼,64,1,codec:531:13,They saw a lot of action in World War II.<0A><END>,제2차 세계대전에서 많은 활약을 펼쳤습니다.<0A><00>,64,not_generated,
codec,531,활,64,1,codec:531:13,They saw a lot of action in World War II.<0A><END>,제2차 세계대전에서 많은 활약을 펼쳤습니다.<0A><00>,64,not_generated,
codec,537,벌,64,1,codec:537:10,"Snake, watch out for those bullet bees.<0A><END>","Snake, 총알벌을 조심해.<0A><00>",64,not_generated,
codec,537,총,64,1,codec:537:10,"Snake, watch out for those bullet bees.<0A><END>","Snake, 총알벌을 조심해.<0A><00>",64,not_generated,
codec,538,럼,64,1,codec:538:13,That means you'll be able to damage him<0A>with a gun.<0A><END>,그럼 총으로 DAMAGE를 줄 수 있어.<0A><00>,64,not_generated,
codec,538,총,64,1,codec:538:13,That means you'll be able to damage him<0A>with a gun.<0A><END>,그럼 총으로 DAMAGE를 줄 수 있어.<0A><00>,64,not_generated,
codec,543,구,64,2,codec:543:11|codec:543:12,Maybe it's part of some kind of tactical<0A>research.<0A><END> || Tactical research?<0A><END>,어쩌면 일종의 전술 연구의 일부일 수도 있습니다.<0A><00> || 전술 연구?<0A><00>,64,not_generated,
codec,543,술,64,2,codec:543:11|codec:543:12,Maybe it's part of some kind of tactical<0A>research.<0A><END> || Tactical research?<0A><END>,어쩌면 일종의 전술 연구의 일부일 수도 있습니다.<0A><00> || 전술 연구?<0A><00>,64,not_generated,
codec,543,연,64,2,codec:543:11|codec:543:12,Maybe it's part of some kind of tactical<0A>research.<0A><END> || Tactical research?<0A><END>,어쩌면 일종의 전술 연구의 일부일 수도 있습니다.<0A><00> || 전술 연구?<0A><00>,64,not_generated,
codec,543,전,64,2,codec:543:11|codec:543:12,Maybe it's part of some kind of tactical<0A>research.<0A><END> || Tactical research?<0A><END>,어쩌면 일종의 전술 연구의 일부일 수도 있습니다.<0A><00> || 전술 연구?<0A><00>,64,not_generated,
codec,543,종,64,1,codec:543:11,Maybe it's part of some kind of tactical<0A>research.<0A><END>,어쩌면 일종의 전술 연구의 일부일 수도 있습니다.<0A><00>,64,not_generated,
codec,543,쩌,64,1,codec:543:11,Maybe it's part of some kind of tactical<0A>research.<0A><END>,어쩌면 일종의 전술 연구의 일부일 수도 있습니다.<0A><00>,64,not_generated,
codec,548,공,64,1,codec:548:10,Flying platforms are a type of personal<0A>VTOL aircraft.<0A><END>,비행 플랫폼은 개인용 VTOL 항공기의 한 유형다.<0A><00>,64,not_generated,
codec,548,년,64,1,codec:548:12,"Yeah, back in the 50's.<0A><END>","그래, 50년대였지.<0A><00>",64,not_generated,
codec,548,랫,64,1,codec:548:10,Flying platforms are a type of personal<0A>VTOL aircraft.<0A><END>,비행 플랫폼은 개인용 VTOL 항공기의 한 유형다.<0A><00>,64,not_generated,
codec,548,비,64,1,codec:548:10,Flying platforms are a type of personal<0A>VTOL aircraft.<0A><END>,비행 플랫폼은 개인용 VTOL 항공기의 한 유형다.<0A><00>,64,not_generated,
codec,548,였,64,1,codec:548:12,"Yeah, back in the 50's.<0A><END>","그래, 50년대였지.<0A><00>",64,not_generated,
codec,548,용,64,1,codec:548:10,Flying platforms are a type of personal<0A>VTOL aircraft.<0A><END>,비행 플랫폼은 개인용 VTOL 항공기의 한 유형다.<0A><00>,64,not_generated,
codec,548,폼,64,1,codec:548:10,Flying platforms are a type of personal<0A>VTOL aircraft.<0A><END>,비행 플랫폼은 개인용 VTOL 항공기의 한 유형다.<0A><00>,64,not_generated,
codec,548,플,64,1,codec:548:10,Flying platforms are a type of personal<0A>VTOL aircraft.<0A><END>,비행 플랫폼은 개인용 VTOL 항공기의 한 유형다.<0A><00>,64,not_generated,
codec,548,항,64,1,codec:548:10,Flying platforms are a type of personal<0A>VTOL aircraft.<0A><END>,비행 플랫폼은 개인용 VTOL 항공기의 한 유형다.<0A><00>,64,not_generated,
codec,548,형,64,1,codec:548:10,Flying platforms are a type of personal<0A>VTOL aircraft.<0A><END>,비행 플랫폼은 개인용 VTOL 항공기의 한 유형다.<0A><00>,64,not_generated,
codec,553,쓴,64,1,codec:553:10,"Snake, The Fear is supposed to be<0A>wearing some kind of stealth camo.<0A><END>","Snake, The Fear는<0A>stealth 위장을 쓴대.<0A><00>",64,not_generated,
codec,553,장,64,1,codec:553:10,"Snake, The Fear is supposed to be<0A>wearing some kind of stealth camo.<0A><END>","Snake, The Fear는<0A>stealth 위장을 쓴대.<0A><00>",64,not_generated,
codec,560,갖,64,1,codec:560:10,"Hey, you've got thermal goggles, don't<0A>you?<0A><END>",THERMAL GOGGLES를 갖고 있지?<0A><00>,64,not_generated,
codec,564,너,64,1,codec:564:14,"If the enemy's getting too close for<0A>comfort, press the Action Button to<0A>ditch it, pronto.<0A><END>",적이 너무 가까우면 Action Button으로 즉시 버려.,64,not_generated,
codec,564,즉,64,1,codec:564:14,"If the enemy's getting too close for<0A>comfort, press the Action Button to<0A>ditch it, pronto.<0A><END>",적이 너무 가까우면 Action Button으로 즉시 버려.,64,not_generated,
codec,574,료,64,1,codec:574:12,"But from what I hear, that guy is using<0A>liquid rocket fuel.<0A><END>",듣자니 액체 ROCKET 연료를 쓴대.<0A><00>,64,not_generated,
codec,574,쓴,64,1,codec:574:12,"But from what I hear, that guy is using<0A>liquid rocket fuel.<0A><END>",듣자니 액체 ROCKET 연료를 쓴대.<0A><00>,64,not_generated,
codec,574,액,64,1,codec:574:12,"But from what I hear, that guy is using<0A>liquid rocket fuel.<0A><END>",듣자니 액체 ROCKET 연료를 쓴대.<0A><00>,64,not_generated,
codec,574,연,64,1,codec:574:12,"But from what I hear, that guy is using<0A>liquid rocket fuel.<0A><END>",듣자니 액체 ROCKET 연료를 쓴대.<0A><00>,64,not_generated,
codec,574,체,64,1,codec:574:12,"But from what I hear, that guy is using<0A>liquid rocket fuel.<0A><END>",듣자니 액체 ROCKET 연료를 쓴대.<0A><00>,64,not_generated,
codec,583,많,64,1,codec:583:21,"Todav<G6E>a no tenemos mucha informaci<G74>n,<0A><END>",아직 정보가 많이 부족합니다.<0A><00>,64,not_generated,
codec,583,용,64,1,codec:583:12,"We don't have a lot of details yet,<0A><END>","아직 자세한 내용은 없지만,<0A><00>",64,not_generated,
codec,583,족,64,1,codec:583:21,"Todav<G6E>a no tenemos mucha informaci<G74>n,<0A><END>",아직 정보가 많이 부족합니다.<0A><00>,64,not_generated,
codec,583,직,64,2,codec:583:21|codec:583:12,"Todav<G6E>a no tenemos mucha informaci<G74>n,<0A><END> || We don't have a lot of details yet,<0A><END>","아직 정보가 많이 부족합니다.<0A><00> || 아직 자세한 내용은 없지만,<0A><00>",64,not_generated,
codec,583,합,64,1,codec:583:21,"Todav<G6E>a no tenemos mucha informaci<G74>n,<0A><END>",아직 정보가 많이 부족합니다.<0A><00>,64,not_generated,
codec,586,능,64,1,codec:586:11,But apparently their performance wasn't<0A>quite up to the standards of the Soviet<0A>military.<0A><END>,하지만 성능은 소련군 기준에 못 미쳤던 모양이야.,64,not_generated,
codec,586,던,64,1,codec:586:11,But apparently their performance wasn't<0A>quite up to the standards of the Soviet<0A>military.<0A><END>,하지만 성능은 소련군 기준에 못 미쳤던 모양이야.,64,not_generated,
codec,586,두,64,1,codec:586:17,It's got two of them.<0A><END>,두 개가 있습니다.<0A><00>,64,not_generated,
codec,586,련,64,1,codec:586:11,But apparently their performance wasn't<0A>quite up to the standards of the Soviet<0A>military.<0A><END>,하지만 성능은 소련군 기준에 못 미쳤던 모양이야.,64,not_generated,
codec,586,모,64,1,codec:586:11,But apparently their performance wasn't<0A>quite up to the standards of the Soviet<0A>military.<0A><END>,하지만 성능은 소련군 기준에 못 미쳤던 모양이야.,64,not_generated,
codec,586,양,64,1,codec:586:11,But apparently their performance wasn't<0A>quite up to the standards of the Soviet<0A>military.<0A><END>,하지만 성능은 소련군 기준에 못 미쳤던 모양이야.,64,not_generated,
codec,586,준,64,1,codec:586:11,But apparently their performance wasn't<0A>quite up to the standards of the Soviet<0A>military.<0A><END>,하지만 성능은 소련군 기준에 못 미쳤던 모양이야.,64,not_generated,
codec,586,쳤,64,1,codec:586:11,But apparently their performance wasn't<0A>quite up to the standards of the Soviet<0A>military.<0A><END>,하지만 성능은 소련군 기준에 못 미쳤던 모양이야.,64,not_generated,
codec,598,괜,64,1,codec:598:10,"Snake, you OK?<0A><END>","Snake, 괜찮으세요?<0A><00>",64,not_generated,
codec,598,농,64,1,codec:598:12,No kidding. What happened?<0A><END>,농담이 아닙니다. 무슨 일이에요?<0A><00>,64,not_generated,
codec,598,닙,64,1,codec:598:12,No kidding. What happened?<0A><END>,농담이 아닙니다. 무슨 일이에요?<0A><00>,64,not_generated,
codec,598,담,64,1,codec:598:12,No kidding. What happened?<0A><END>,농담이 아닙니다. 무슨 일이에요?<0A><00>,64,not_generated,
codec,598,찮,64,1,codec:598:10,"Snake, you OK?<0A><END>","Snake, 괜찮으세요?<0A><00>",64,not_generated,
codec,599,료,64,1,codec:599:10,"Snake, you've got to plant that C3 you got<0A>from EVA on the liquid fuel tanks.<0A><END>","Snake, EVA에서 얻은 C3를 액체 연료 탱크에 설치해야 해요.<0A><00>",64,not_generated,
codec,599,액,64,1,codec:599:10,"Snake, you've got to plant that C3 you got<0A>from EVA on the liquid fuel tanks.<0A><END>","Snake, EVA에서 얻은 C3를 액체 연료 탱크에 설치해야 해요.<0A><00>",64,not_generated,
codec,599,얻,64,1,codec:599:10,"Snake, you've got to plant that C3 you got<0A>from EVA on the liquid fuel tanks.<0A><END>","Snake, EVA에서 얻은 C3를 액체 연료 탱크에 설치해야 해요.<0A><00>",64,not_generated,
codec,599,연,64,1,codec:599:10,"Snake, you've got to plant that C3 you got<0A>from EVA on the liquid fuel tanks.<0A><END>","Snake, EVA에서 얻은 C3를 액체 연료 탱크에 설치해야 해요.<0A><00>",64,not_generated,
codec,599,체,64,1,codec:599:10,"Snake, you've got to plant that C3 you got<0A>from EVA on the liquid fuel tanks.<0A><END>","Snake, EVA에서 얻은 C3를 액체 연료 탱크에 설치해야 해요.<0A><00>",64,not_generated,
codec,599,치,64,1,codec:599:10,"Snake, you've got to plant that C3 you got<0A>from EVA on the liquid fuel tanks.<0A><END>","Snake, EVA에서 얻은 C3를 액체 연료 탱크에 설치해야 해요.<0A><00>",64,not_generated,
codec,599,탱,64,1,codec:599:10,"Snake, you've got to plant that C3 you got<0A>from EVA on the liquid fuel tanks.<0A><END>","Snake, EVA에서 얻은 C3를 액체 연료 탱크에 설치해야 해요.<0A><00>",64,not_generated,
codec,600,각,64,1,codec:600:12,Mess with a tank and BOOM!<0A>You're confetti.<0A><END>,TANK를 건드리면 BOOM! 산산조각이야.<0A><00>,64,not_generated,
codec,600,산,64,1,codec:600:12,Mess with a tank and BOOM!<0A>You're confetti.<0A><END>,TANK를 건드리면 BOOM! 산산조각이야.<0A><00>,64,not_generated,
codec,606,써,64,1,codec:606:10,"Snake, try using a chaff grenade.<0A><END>","Snake, CHAFF GRENADE를 써 봐.<0A><00>",64,not_generated,
codec,616,걸,64,1,codec:616:12,Just don't let me catch you using<0A>a tranquilizer gun.<0A><END>,마취총 쓰는 걸 들키지만 마.<0A><00>,64,not_generated,
codec,616,쓰,64,1,codec:616:12,Just don't let me catch you using<0A>a tranquilizer gun.<0A><END>,마취총 쓰는 걸 들키지만 마.<0A><00>,64,not_generated,
codec,616,총,64,1,codec:616:12,Just don't let me catch you using<0A>a tranquilizer gun.<0A><END>,마취총 쓰는 걸 들키지만 마.<0A><00>,64,not_generated,
codec,616,취,64,1,codec:616:12,Just don't let me catch you using<0A>a tranquilizer gun.<0A><END>,마취총 쓰는 걸 들키지만 마.<0A><00>,64,not_generated,
codec,625,놈,64,1,codec:625:13,Use TNT and Claymores to give them<0A>a hard time.<0A><END>,TNT와 Claymore로 놈들을 막아.<0A><00>,64,not_generated,
codec,625,막,64,1,codec:625:13,Use TNT and Claymores to give them<0A>a hard time.<0A><END>,TNT와 Claymore로 놈들을 막아.<0A><00>,64,not_generated,
codec,632,너,64,1,codec:632:12,"Because the barrel is cut so short, it's got<0A>some nasty recoil though.<0A><END>",총열이 너무 짧아 반동이 심해.,64,not_generated,
codec,632,동,64,1,codec:632:12,"Because the barrel is cut so short, it's got<0A>some nasty recoil though.<0A><END>",총열이 너무 짧아 반동이 심해.,64,not_generated,
codec,632,반,64,1,codec:632:12,"Because the barrel is cut so short, it's got<0A>some nasty recoil though.<0A><END>",총열이 너무 짧아 반동이 심해.,64,not_generated,
codec,632,열,64,1,codec:632:12,"Because the barrel is cut so short, it's got<0A>some nasty recoil though.<0A><END>",총열이 너무 짧아 반동이 심해.,64,not_generated,
codec,632,짧,64,1,codec:632:12,"Because the barrel is cut so short, it's got<0A>some nasty recoil though.<0A><END>",총열이 너무 짧아 반동이 심해.,64,not_generated,
codec,632,총,64,1,codec:632:12,"Because the barrel is cut so short, it's got<0A>some nasty recoil though.<0A><END>",총열이 너무 짧아 반동이 심해.,64,not_generated,
codec,634,격,64,1,codec:634:10,"If The Boss gets you with a CQC attack,<0A><END>","The Boss가 CQC 공격을 받으면,<0A><00>",64,not_generated,
codec,634,공,64,1,codec:634:10,"If The Boss gets you with a CQC attack,<0A><END>","The Boss가 CQC 공격을 받으면,<0A><00>",64,not_generated,
codec,634,받,64,1,codec:634:10,"If The Boss gets you with a CQC attack,<0A><END>","The Boss가 CQC 공격을 받으면,<0A><00>",64,not_generated,
codec,639,돼,64,1,codec:639:15,No way! Really?<0A><END>,말도 안돼! 정말?<0A><00>,64,not_generated,
codec,642,관,64,1,codec:642:10,This mission is all about procuring on site.<0A><END>,이 MISSION은 현장 조달에 관한 것입니다.<0A><00>,64,not_generated,
codec,642,달,64,1,codec:642:10,This mission is all about procuring on site.<0A><END>,이 MISSION은 현장 조달에 관한 것입니다.<0A><00>,64,not_generated,
codec,642,장,64,1,codec:642:10,This mission is all about procuring on site.<0A><END>,이 MISSION은 현장 조달에 관한 것입니다.<0A><00>,64,not_generated,
codec,642,현,64,1,codec:642:10,This mission is all about procuring on site.<0A><END>,이 MISSION은 현장 조달에 관한 것입니다.<0A><00>,64,not_generated,
codec,643,달,64,1,codec:643:22,"While I was at it, I also fitted it with<0A>an experimental laser sight.<0A><END>",실험용 레이저 사이트도 달았지.<0A><00>,64,not_generated,
codec,643,레,64,1,codec:643:22,"While I was at it, I also fitted it with<0A>an experimental laser sight.<0A><END>",실험용 레이저 사이트도 달았지.<0A><00>,64,not_generated,
codec,643,실,64,1,codec:643:22,"While I was at it, I also fitted it with<0A>an experimental laser sight.<0A><END>",실험용 레이저 사이트도 달았지.<0A><00>,64,not_generated,
codec,643,용,64,2,codec:643:10|codec:643:22,"Aha, you're using the EZ GUN.<0A><END> || While I was at it, I also fitted it with<0A>an experimental laser sight.<0A><END>","아하, EZ GUN을 사용하시네요.<0A><00> || 실험용 레이저 사이트도 달았지.<0A><00>",64,not_generated,
codec,643,작,64,1,codec:643:17,The inside of the powder case contains<0A>a tiny piston.<0A><END>,탄피 안에는 작은 PISTON이 있어.<0A><00>,64,not_generated,
codec,643,탄,64,1,codec:643:17,The inside of the powder case contains<0A>a tiny piston.<0A><END>,탄피 안에는 작은 PISTON이 있어.<0A><00>,64,not_generated,
codec,643,트,64,1,codec:643:22,"While I was at it, I also fitted it with<0A>an experimental laser sight.<0A><END>",실험용 레이저 사이트도 달았지.<0A><00>,64,not_generated,
codec,643,피,64,1,codec:643:17,The inside of the powder case contains<0A>a tiny piston.<0A><END>,탄피 안에는 작은 PISTON이 있어.<0A><00>,64,not_generated,
codec,648,갖,64,1,codec:648:10,"Hey, you've got an M1911A1.<0A><END>",M1911A1을 갖고 있군.<0A><00>,64,not_generated,
codec,652,교,64,1,codec:652:17,The regular hammer's been replaced with<0A>a ring hammer.<0A><END>,일반 해머가 링 해머로 교체되었습니다.<0A><00>,64,not_generated,
codec,652,구,64,1,codec:652:20,Looks like they eliminated it altogether.<0A>This is a tool for pros.<0A><END>,완전히 제거한 것 같습니다. 이것은 전문가를 위한 도구입니다.<0A><00>,64,not_generated,
codec,652,글,64,1,codec:652:32,"Well, I'll be damned. That's some gun.<0A><END>","글쎄, 난 망할거야. 그거 총이에요.<0A><00>",64,not_generated,
codec,652,능,64,1,codec:652:31,Whoever did this is a professional.<0A>No question - this thing could shoot<0A>a one-hole at 25 yards in a machine rest.<0A><END>,이건 프로 솜씨다.<0A>25야드 원홀도 가능해.<0A><00>,64,not_generated,
codec,652,독,64,1,codec:652:15,"The sight system's original, too.<0A><END>",SIGHT SYSTEM도 독창적이야.<0A><00>,64,not_generated,
codec,652,링,64,1,codec:652:17,The regular hammer's been replaced with<0A>a ring hammer.<0A><END>,일반 해머가 링 해머로 교체되었습니다.<0A><00>,64,not_generated,
codec,652,망,64,1,codec:652:32,"Well, I'll be damned. That's some gun.<0A><END>","글쎄, 난 망할거야. 그거 총이에요.<0A><00>",64,not_generated,
codec,652,반,64,1,codec:652:17,The regular hammer's been replaced with<0A>a ring hammer.<0A><END>,일반 해머가 링 해머로 교체되었습니다.<0A><00>,64,not_generated,
codec,652,솜,64,1,codec:652:31,Whoever did this is a professional.<0A>No question - this thing could shoot<0A>a one-hole at 25 yards in a machine rest.<0A><END>,이건 프로 솜씨다.<0A>25야드 원홀도 가능해.<0A><00>,64,not_generated,
codec,652,쎄,64,1,codec:652:32,"Well, I'll be damned. That's some gun.<0A><END>","글쎄, 난 망할거야. 그거 총이에요.<0A><00>",64,not_generated,
codec,652,씨,64,1,codec:652:31,Whoever did this is a professional.<0A>No question - this thing could shoot<0A>a one-hole at 25 yards in a machine rest.<0A><END>,이건 프로 솜씨다.<0A>25야드 원홀도 가능해.<0A><00>,64,not_generated,
codec,652,약,64,1,codec:652:10,It's more than a little.<0A><END>,그것은 약간 이상의 정도입니다.<0A><00>,64,not_generated,
codec,652,완,64,1,codec:652:20,Looks like they eliminated it altogether.<0A>This is a tool for pros.<0A><END>,완전히 제거한 것 같습니다. 이것은 전문가를 위한 도구입니다.<0A><00>,64,not_generated,
codec,652,전,64,1,codec:652:20,Looks like they eliminated it altogether.<0A>This is a tool for pros.<0A><END>,완전히 제거한 것 같습니다. 이것은 전문가를 위한 도구입니다.<0A><00>,64,not_generated,
codec,652,창,64,1,codec:652:15,"The sight system's original, too.<0A><END>",SIGHT SYSTEM도 독창적이야.<0A><00>,64,not_generated,
codec,652,체,64,1,codec:652:17,The regular hammer's been replaced with<0A>a ring hammer.<0A><END>,일반 해머가 링 해머로 교체되었습니다.<0A><00>,64,not_generated,
codec,652,총,64,1,codec:652:32,"Well, I'll be damned. That's some gun.<0A><END>","글쎄, 난 망할거야. 그거 총이에요.<0A><00>",64,not_generated,
codec,652,홀,64,1,codec:652:31,Whoever did this is a professional.<0A>No question - this thing could shoot<0A>a one-hole at 25 yards in a machine rest.<0A><END>,이건 프로 솜씨다.<0A>25야드 원홀도 가능해.<0A><00>,64,not_generated,
codec,653,델,64,1,codec:653:14,"There are a lot of different models. The one<0A>you've got is probably the ""Black Powder""<0A>model.<0A><END>",모델이 아주 많아. 네 것은 아마<0A>Black Powder<0A>모델일 거야.<0A><00>,64,not_generated,
codec,653,많,64,1,codec:653:14,"There are a lot of different models. The one<0A>you've got is probably the ""Black Powder""<0A>model.<0A><END>",모델이 아주 많아. 네 것은 아마<0A>Black Powder<0A>모델일 거야.<0A><00>,64,not_generated,
codec,653,모,64,1,codec:653:14,"There are a lot of different models. The one<0A>you've got is probably the ""Black Powder""<0A>model.<0A><END>",모델이 아주 많아. 네 것은 아마<0A>Black Powder<0A>모델일 거야.<0A><00>,64,not_generated,
codec,653,쓰,64,1,codec:653:10,You say you're using a single action army?<0A><END>,SINGLE ACTION ARMY를 쓰고 있다고?<0A><00>,64,not_generated,
codec,653,주,64,1,codec:653:14,"There are a lot of different models. The one<0A>you've got is probably the ""Black Powder""<0A>model.<0A><END>",모델이 아주 많아. 네 것은 아마<0A>Black Powder<0A>모델일 거야.<0A><00>,64,not_generated,
codec,654,났,64,1,codec:654:14,"I said, where'd you get it?<0A><END>","내가 말했지, 어디서 났어?<0A><00>",64,not_generated,
codec,654,용,64,1,codec:654:10,"Using the Patriot, eh?<0A><END>",패트리어트를 사용하는 거죠?<0A><00>,64,not_generated,
codec,654,죠,64,1,codec:654:10,"Using the Patriot, eh?<0A><END>",패트리어트를 사용하는 거죠?<0A><00>,64,not_generated,
codec,654,찾,64,1,codec:654:46,"J'ai dit, tu l'as trouv<G6A> o<G7A>?<0A><END>",어디서 찾았나요?<0A><00>,64,not_generated,
codec,654,트,64,1,codec:654:10,"Using the Patriot, eh?<0A><END>",패트리어트를 사용하는 거죠?<0A><00>,64,not_generated,
codec,654,패,64,1,codec:654:10,"Using the Patriot, eh?<0A><END>",패트리어트를 사용하는 거죠?<0A><00>,64,not_generated,
codec,654,했,64,1,codec:654:14,"I said, where'd you get it?<0A><END>","내가 말했지, 어디서 났어?<0A><00>",64,not_generated,
codec,655,련,64,2,codec:655:59|codec:655:25,Les Sovi<G6A>tiques l'ont s<G7C>rement d<G6A>velopp<G6A><0A>seuls.<0A><END> || The Soviets probably developed this one<0A>on their own.<0A><END>,아마도 소련이 자체적으로 개발했을 거다.<0A><00> || 아마도 소련이 자체적으로 개발했을 거다.<0A><00>,64,not_generated,
codec,655,발,64,2,codec:655:59|codec:655:25,Les Sovi<G6A>tiques l'ont s<G7C>rement d<G6A>velopp<G6A><0A>seuls.<0A><END> || The Soviets probably developed this one<0A>on their own.<0A><END>,아마도 소련이 자체적으로 개발했을 거다.<0A><00> || 아마도 소련이 자체적으로 개발했을 거다.<0A><00>,64,not_generated,
codec,655,죠,64,1,codec:655:16,Then it's gotta be the Vz-61.<0A><END>,그렇다면 Vz-61이겠죠.<0A><00>,64,not_generated,
codec,655,중,64,1,codec:655:26,"With that laser sight on, accuracy<0A>should be no problem.<0A><END>",LASER SIGHT가 있으니 명중은 문제없어.<0A><00>,64,not_generated,
codec,655,체,64,2,codec:655:59|codec:655:25,Les Sovi<G6A>tiques l'ont s<G7C>rement d<G6A>velopp<G6A><0A>seuls.<0A><END> || The Soviets probably developed this one<0A>on their own.<0A><END>,아마도 소련이 자체적으로 개발했을 거다.<0A><00> || 아마도 소련이 자체적으로 개발했을 거다.<0A><00>,64,not_generated,
codec,655,탄,64,1,codec:655:49,32 ACP.<0A><END>,32 ACP 탄.<0A><00>,64,not_generated,
codec,655,했,64,2,codec:655:59|codec:655:25,Les Sovi<G6A>tiques l'ont s<G7C>rement d<G6A>velopp<G6A><0A>seuls.<0A><END> || The Soviets probably developed this one<0A>on their own.<0A><END>,아마도 소련이 자체적으로 개발했을 거다.<0A><00> || 아마도 소련이 자체적으로 개발했을 거다.<0A><00>,64,not_generated,
codec,656,각,64,1,codec:656:15,"What they came up with was the AR-15,<0A>the so-called ""black rifle.""<0A><END>",그들이 생각해낸 것은 소위 '검은 소총'이라 불리는 AR-15였습니다.<0A><00>,64,not_generated,
codec,656,검,64,1,codec:656:15,"What they came up with was the AR-15,<0A>the so-called ""black rifle.""<0A><END>",그들이 생각해낸 것은 소위 '검은 소총'이라 불리는 AR-15였습니다.<0A><00>,64,not_generated,
codec,656,과,64,1,codec:656:20,But that thing looks a lot different from<0A>a regular XM16E1.<0A><END>,그건 일반 XM16E1과 많이 달라 보입니다.<0A><00>,64,not_generated,
codec,656,낸,64,1,codec:656:15,"What they came up with was the AR-15,<0A>the so-called ""black rifle.""<0A><END>",그들이 생각해낸 것은 소위 '검은 소총'이라 불리는 AR-15였습니다.<0A><00>,64,not_generated,
codec,656,달,64,1,codec:656:20,But that thing looks a lot different from<0A>a regular XM16E1.<0A><END>,그건 일반 XM16E1과 많이 달라 보입니다.<0A><00>,64,not_generated,
codec,656,된,64,1,codec:656:22,The fact that it's painted in camouflage<0A>colors shows that<0A><END>,CAMO색으로 도색된 것으로 보아<0A><00>,64,not_generated,
codec,656,많,64,1,codec:656:20,But that thing looks a lot different from<0A>a regular XM16E1.<0A><END>,그건 일반 XM16E1과 많이 달라 보입니다.<0A><00>,64,not_generated,
codec,656,반,64,1,codec:656:20,But that thing looks a lot different from<0A>a regular XM16E1.<0A><END>,그건 일반 XM16E1과 많이 달라 보입니다.<0A><00>,64,not_generated,
codec,656,불,64,1,codec:656:15,"What they came up with was the AR-15,<0A>the so-called ""black rifle.""<0A><END>",그들이 생각해낸 것은 소위 '검은 소총'이라 불리는 AR-15였습니다.<0A><00>,64,not_generated,
codec,656,색,64,1,codec:656:22,The fact that it's painted in camouflage<0A>colors shows that<0A><END>,CAMO색으로 도색된 것으로 보아<0A><00>,64,not_generated,
codec,656,생,64,1,codec:656:15,"What they came up with was the AR-15,<0A>the so-called ""black rifle.""<0A><END>",그들이 생각해낸 것은 소위 '검은 소총'이라 불리는 AR-15였습니다.<0A><00>,64,not_generated,
codec,656,써,64,1,codec:656:28,Have fun with that.<0A><END>,잘 써 봐.<0A><00>,64,not_generated,
codec,656,였,64,1,codec:656:15,"What they came up with was the AR-15,<0A>the so-called ""black rifle.""<0A><END>",그들이 생각해낸 것은 소위 '검은 소총'이라 불리는 AR-15였습니다.<0A><00>,64,not_generated,
codec,656,총,64,1,codec:656:15,"What they came up with was the AR-15,<0A>the so-called ""black rifle.""<0A><END>",그들이 생각해낸 것은 소위 '검은 소총'이라 불리는 AR-15였습니다.<0A><00>,64,not_generated,
codec,657,갖,64,1,codec:657:10,"Got yourself an AK-47, huh?<0A><END>",AK-47을 갖고 계시죠?<0A><00>,64,not_generated,
codec,657,년,64,1,codec:657:12,"The first model was completed in 1946,<0A><END>","첫 MODEL은 1946년에 완성됐고,<0A><00>",64,not_generated,
codec,657,완,64,1,codec:657:12,"The first model was completed in 1946,<0A><END>","첫 MODEL은 1946년에 완성됐고,<0A><00>",64,not_generated,
codec,657,죠,64,1,codec:657:10,"Got yourself an AK-47, huh?<0A><END>",AK-47을 갖고 계시죠?<0A><00>,64,not_generated,
codec,657,첫,64,1,codec:657:12,"The first model was completed in 1946,<0A><END>","첫 MODEL은 1946년에 완성됐고,<0A><00>",64,not_generated,
codec,658,갖,64,1,codec:658:10,I see you got yourself an M63.<0A><END>,M63을 갖고 계시군요.<0A><00>,64,not_generated,
codec,658,국,64,1,codec:658:11,The M63 is an American-made system<0A>weapon.<0A><END>,M63은 미국제 SYSTEM WEAPON이야.<0A><00>,64,not_generated,
codec,658,꿔,64,1,codec:658:15,"The term ""system weapon"" refers to<0A>a design where most of the parts are<0A>interchangeable,<0A><END>","System Weapon은<0A>대부분의 부품을 서로<0A>바꿔 쓸 수 있는 설계야,<0A><00>",64,not_generated,
codec,658,쓸,64,1,codec:658:15,"The term ""system weapon"" refers to<0A>a design where most of the parts are<0A>interchangeable,<0A><END>","System Weapon은<0A>대부분의 부품을 서로<0A>바꿔 쓸 수 있는 설계야,<0A><00>",64,not_generated,
codec,658,품,64,1,codec:658:15,"The term ""system weapon"" refers to<0A>a design where most of the parts are<0A>interchangeable,<0A><END>","System Weapon은<0A>대부분의 부품을 서로<0A>바꿔 쓸 수 있는 설계야,<0A><00>",64,not_generated,
codec,659,갖,64,1,codec:659:10,"Ah, you've got an SVD.<0A><END>","아, SVD를 갖고 계시군요.<0A><00>",64,not_generated,
codec,659,격,64,2,codec:659:13|codec:659:35,"For a long time, the standard Russian<0A>sniper rifle was the Mosin Nagant.<0A><END> || Pendant longtemps, le Mosin Nagant a <G6A>t<G6A> le<0A>fusil Sniper standard des Russes.<0A><END>",오랫동안 러시아 표준 저격총은 Mosin Nagant였습니다.<0A><00> || 오랫동안 Mosin Nagant는 러시아 표준 저격소총이었습니다.<0A><00>,64,not_generated,
codec,659,동,64,2,codec:659:13|codec:659:35,"For a long time, the standard Russian<0A>sniper rifle was the Mosin Nagant.<0A><END> || Pendant longtemps, le Mosin Nagant a <G6A>t<G6A> le<0A>fusil Sniper standard des Russes.<0A><END>",오랫동안 러시아 표준 저격총은 Mosin Nagant였습니다.<0A><00> || 오랫동안 Mosin Nagant는 러시아 표준 저격소총이었습니다.<0A><00>,64,not_generated,
codec,659,랫,64,2,codec:659:13|codec:659:35,"For a long time, the standard Russian<0A>sniper rifle was the Mosin Nagant.<0A><END> || Pendant longtemps, le Mosin Nagant a <G6A>t<G6A> le<0A>fusil Sniper standard des Russes.<0A><END>",오랫동안 러시아 표준 저격총은 Mosin Nagant였습니다.<0A><00> || 오랫동안 Mosin Nagant는 러시아 표준 저격소총이었습니다.<0A><00>,64,not_generated,
codec,659,였,64,1,codec:659:13,"For a long time, the standard Russian<0A>sniper rifle was the Mosin Nagant.<0A><END>",오랫동안 러시아 표준 저격총은 Mosin Nagant였습니다.<0A><00>,64,not_generated,
codec,659,오,64,2,codec:659:13|codec:659:35,"For a long time, the standard Russian<0A>sniper rifle was the Mosin Nagant.<0A><END> || Pendant longtemps, le Mosin Nagant a <G6A>t<G6A> le<0A>fusil Sniper standard des Russes.<0A><END>",오랫동안 러시아 표준 저격총은 Mosin Nagant였습니다.<0A><00> || 오랫동안 Mosin Nagant는 러시아 표준 저격소총이었습니다.<0A><00>,64,not_generated,
codec,659,준,64,2,codec:659:13|codec:659:35,"For a long time, the standard Russian<0A>sniper rifle was the Mosin Nagant.<0A><END> || Pendant longtemps, le Mosin Nagant a <G6A>t<G6A> le<0A>fusil Sniper standard des Russes.<0A><END>",오랫동안 러시아 표준 저격총은 Mosin Nagant였습니다.<0A><00> || 오랫동안 Mosin Nagant는 러시아 표준 저격소총이었습니다.<0A><00>,64,not_generated,
codec,659,총,64,2,codec:659:13|codec:659:35,"For a long time, the standard Russian<0A>sniper rifle was the Mosin Nagant.<0A><END> || Pendant longtemps, le Mosin Nagant a <G6A>t<G6A> le<0A>fusil Sniper standard des Russes.<0A><END>",오랫동안 러시아 표준 저격총은 Mosin Nagant였습니다.<0A><00> || 오랫동안 Mosin Nagant는 러시아 표준 저격소총이었습니다.<0A><00>,64,not_generated,
codec,659,표,64,2,codec:659:13|codec:659:35,"For a long time, the standard Russian<0A>sniper rifle was the Mosin Nagant.<0A><END> || Pendant longtemps, le Mosin Nagant a <G6A>t<G6A> le<0A>fusil Sniper standard des Russes.<0A><END>",오랫동안 러시아 표준 저격총은 Mosin Nagant였습니다.<0A><00> || 오랫동안 Mosin Nagant는 러시아 표준 저격소총이었습니다.<0A><00>,64,not_generated,
codec,660,능,64,1,codec:660:15,"Oh, and firing from a standing position<0A>works,<0A><END>","서서 쏘는 것도 가능하고,<0A><00>",64,not_generated,
codec,660,배,64,1,codec:660:12,to adjust the scope's magnification level.<0A><END>,SCOPE 배율을 조절해.<0A><00>,64,not_generated,
codec,660,쏘,64,1,codec:660:15,"Oh, and firing from a standing position<0A>works,<0A><END>","서서 쏘는 것도 가능하고,<0A><00>",64,not_generated,
codec,660,율,64,1,codec:660:12,to adjust the scope's magnification level.<0A><END>,SCOPE 배율을 조절해.<0A><00>,64,not_generated,
codec,661,겨,64,1,codec:661:19,They were so highly valued<0A><END>,"아주 귀하게 여겨져서,<0A><00>",64,not_generated,
codec,661,귀,64,1,codec:661:19,They were so highly valued<0A><END>,"아주 귀하게 여겨져서,<0A><00>",64,not_generated,
codec,661,낙,64,1,codec:661:23,Maybe for parachute jumps?<0A><END>,아마 낙하산 점프용일까?<0A><00>,64,not_generated,
codec,661,돼,64,1,codec:661:27,"That means no repeat firing.<0A>One shot, one kill.<0A><END>",연사는 안 돼. 한 발에 하나씩.<0A><00>,64,not_generated,
codec,661,발,64,1,codec:661:27,"That means no repeat firing.<0A>One shot, one kill.<0A><END>",연사는 안 돼. 한 발에 하나씩.<0A><00>,64,not_generated,
codec,661,산,64,1,codec:661:23,Maybe for parachute jumps?<0A><END>,아마 낙하산 점프용일까?<0A><00>,64,not_generated,
codec,661,생,64,1,codec:661:14,Mosin Nagants are created<0A><END>,Mosin Nagant가 생성되었습니다.<0A><00>,64,not_generated,
codec,661,씩,64,1,codec:661:27,"That means no repeat firing.<0A>One shot, one kill.<0A><END>",연사는 안 돼. 한 발에 하나씩.<0A><00>,64,not_generated,
codec,661,연,64,1,codec:661:27,"That means no repeat firing.<0A>One shot, one kill.<0A><END>",연사는 안 돼. 한 발에 하나씩.<0A><00>,64,not_generated,
codec,661,용,64,1,codec:661:23,Maybe for parachute jumps?<0A><END>,아마 낙하산 점프용일까?<0A><00>,64,not_generated,
codec,661,져,64,1,codec:661:19,They were so highly valued<0A><END>,"아주 귀하게 여겨져서,<0A><00>",64,not_generated,
codec,661,주,64,1,codec:661:19,They were so highly valued<0A><END>,"아주 귀하게 여겨져서,<0A><00>",64,not_generated,
codec,662,경,64,1,codec:662:14,but using FPS Mode to look through the<0A>scope will give you a more accurate shot.<0A><END>,FPS Mode로 조준경을 보면 더 정확히 쏠 수 있어.,64,not_generated,
codec,662,돼,64,1,codec:662:20,The warhead is made of the plastic explosive<0A>HEAT.<0A><END>,탄두는 PLASTIC 폭약 HEAT로 돼 있어.<0A><00>,64,not_generated,
codec,662,두,64,1,codec:662:20,The warhead is made of the plastic explosive<0A>HEAT.<0A><END>,탄두는 PLASTIC 폭약 HEAT로 돼 있어.<0A><00>,64,not_generated,
codec,662,맞,64,1,codec:662:18,"Even if it doesn't hit the target,<0A><END>","표적에 맞지 않아도,<0A><00>",64,not_generated,
codec,662,쏠,64,1,codec:662:14,but using FPS Mode to look through the<0A>scope will give you a more accurate shot.<0A><END>,FPS Mode로 조준경을 보면 더 정확히 쏠 수 있어.,64,not_generated,
codec,662,약,64,1,codec:662:20,The warhead is made of the plastic explosive<0A>HEAT.<0A><END>,탄두는 PLASTIC 폭약 HEAT로 돼 있어.<0A><00>,64,not_generated,
codec,662,준,64,1,codec:662:14,but using FPS Mode to look through the<0A>scope will give you a more accurate shot.<0A><END>,FPS Mode로 조준경을 보면 더 정확히 쏠 수 있어.,64,not_generated,
codec,662,탄,64,1,codec:662:20,The warhead is made of the plastic explosive<0A>HEAT.<0A><END>,탄두는 PLASTIC 폭약 HEAT로 돼 있어.<0A><00>,64,not_generated,
codec,662,폭,64,1,codec:662:20,The warhead is made of the plastic explosive<0A>HEAT.<0A><END>,탄두는 PLASTIC 폭약 HEAT로 돼 있어.<0A><00>,64,not_generated,
codec,662,표,64,1,codec:662:18,"Even if it doesn't hit the target,<0A><END>","표적에 맞지 않아도,<0A><00>",64,not_generated,
codec,662,확,64,1,codec:662:14,but using FPS Mode to look through the<0A>scope will give you a more accurate shot.<0A><END>,FPS Mode로 조준경을 보면 더 정확히 쏠 수 있어.,64,not_generated,
codec,663,돼,64,1,codec:663:12,It's composed of 77% RDX and 23%<0A>moldable plastic.<0A><END>,RDX 77%와 가소성 PLASTIC 23%로 돼 있어.<0A><00>,64,not_generated,
codec,663,발,64,1,codec:663:15,Looks like EVA set up the detonators with<0A>a special timer mechanism.<0A><END>,EVA가 특수 타이머 장치로 폭발 장치를 설치한 것 같아요.<0A><00>,64,not_generated,
codec,663,얻,64,1,codec:663:10,"Got some C3, I see.<0A><END>",C3를 좀 얻었군요.<0A><00>,64,not_generated,
codec,663,장,64,1,codec:663:15,Looks like EVA set up the detonators with<0A>a special timer mechanism.<0A><END>,EVA가 특수 타이머 장치로 폭발 장치를 설치한 것 같아요.<0A><00>,64,not_generated,
codec,663,좀,64,1,codec:663:10,"Got some C3, I see.<0A><END>",C3를 좀 얻었군요.<0A><00>,64,not_generated,
codec,663,치,64,1,codec:663:15,Looks like EVA set up the detonators with<0A>a special timer mechanism.<0A><END>,EVA가 특수 타이머 장치로 폭발 장치를 설치한 것 같아요.<0A><00>,64,not_generated,
codec,663,타,64,1,codec:663:15,Looks like EVA set up the detonators with<0A>a special timer mechanism.<0A><END>,EVA가 특수 타이머 장치로 폭발 장치를 설치한 것 같아요.<0A><00>,64,not_generated,
codec,663,폭,64,1,codec:663:15,Looks like EVA set up the detonators with<0A>a special timer mechanism.<0A><END>,EVA가 특수 타이머 장치로 폭발 장치를 설치한 것 같아요.<0A><00>,64,not_generated,
codec,666,놓,64,1,codec:666:20,"Mines planted by the enemy can also be<0A>picked up in this way,<0A><END>",적이 심어놓은 지뢰도 이렇게 제거할 수 있다.<0A><00>,64,not_generated,
codec,666,된,64,1,codec:666:19,You can pick up a planted Claymore by<0A>crawling over it.<0A><END>,설치된 Claymore는 포복해서 주울 수 있어.<0A><00>,64,not_generated,
codec,666,뢰,64,2,codec:666:20|codec:666:52,"Mines planted by the enemy can also be<0A>picked up in this way,<0A><END> || Tu pourras aussi r<G6A>cup<G6A>rer les mines pos<G6A>es<0A>par l'ennemi de cette fa<G68>on,<0A><END>","적이 심어놓은 지뢰도 이렇게 제거할 수 있다.<0A><00> || 이런 식으로 적이 설치한 지뢰도 회수할 수 있고,<0A><00>",64,not_generated,
codec,666,복,64,1,codec:666:19,You can pick up a planted Claymore by<0A>crawling over it.<0A><END>,설치된 Claymore는 포복해서 주울 수 있어.<0A><00>,64,not_generated,
codec,666,식,64,1,codec:666:52,"Tu pourras aussi r<G6A>cup<G6A>rer les mines pos<G6A>es<0A>par l'ennemi de cette fa<G68>on,<0A><END>","이런 식으로 적이 설치한 지뢰도 회수할 수 있고,<0A><00>",64,not_generated,
codec,666,울,64,1,codec:666:19,You can pick up a planted Claymore by<0A>crawling over it.<0A><END>,설치된 Claymore는 포복해서 주울 수 있어.<0A><00>,64,not_generated,
codec,666,주,64,1,codec:666:19,You can pick up a planted Claymore by<0A>crawling over it.<0A><END>,설치된 Claymore는 포복해서 주울 수 있어.<0A><00>,64,not_generated,
codec,666,치,64,2,codec:666:52|codec:666:19,"Tu pourras aussi r<G6A>cup<G6A>rer les mines pos<G6A>es<0A>par l'ennemi de cette fa<G68>on,<0A><END> || You can pick up a planted Claymore by<0A>crawling over it.<0A><END>","이런 식으로 적이 설치한 지뢰도 회수할 수 있고,<0A><00> || 설치된 Claymore는 포복해서 주울 수 있어.<0A><00>",64,not_generated,
codec,666,회,64,1,codec:666:52,"Tu pourras aussi r<G6A>cup<G6A>rer les mines pos<G6A>es<0A>par l'ennemi de cette fa<G68>on,<0A><END>","이런 식으로 적이 설치한 지뢰도 회수할 수 있고,<0A><00>",64,not_generated,
codec,667,류,64,1,codec:667:10,That's a weird grenade you got there.<0A><END>,거기에 있는 이상한 수류탄이군요.<0A><00>,64,not_generated,
codec,667,탄,64,1,codec:667:10,That's a weird grenade you got there.<0A><END>,거기에 있는 이상한 수류탄이군요.<0A><00>,64,not_generated,
codec,668,갖,64,1,codec:668:10,Looks like you've got some TNT.<0A><END>,TNT를 갖고 있군.<0A><00>,64,not_generated,
codec,668,결,64,1,codec:668:11,"TNT is short for trinitrotoluene, a pale yellow<0A>crystalline compound made from a tri-nitrified<0A>mix of nitric acid and sulfuric acid.<0A><END>",TNT는 trinitrotoluene의 약자야.<0A>nitric acid과 sulfuric acid을 tri-nitrified해 만든<0A>연노랑 결정 화합물이야.<0A><00>,64,not_generated,
codec,668,과,64,1,codec:668:11,"TNT is short for trinitrotoluene, a pale yellow<0A>crystalline compound made from a tri-nitrified<0A>mix of nitric acid and sulfuric acid.<0A><END>",TNT는 trinitrotoluene의 약자야.<0A>nitric acid과 sulfuric acid을 tri-nitrified해 만든<0A>연노랑 결정 화합물이야.<0A><00>,64,not_generated,
codec,668,노,64,1,codec:668:11,"TNT is short for trinitrotoluene, a pale yellow<0A>crystalline compound made from a tri-nitrified<0A>mix of nitric acid and sulfuric acid.<0A><END>",TNT는 trinitrotoluene의 약자야.<0A>nitric acid과 sulfuric acid을 tri-nitrified해 만든<0A>연노랑 결정 화합물이야.<0A><00>,64,not_generated,
codec,668,든,64,1,codec:668:11,"TNT is short for trinitrotoluene, a pale yellow<0A>crystalline compound made from a tri-nitrified<0A>mix of nitric acid and sulfuric acid.<0A><END>",TNT는 trinitrotoluene의 약자야.<0A>nitric acid과 sulfuric acid을 tri-nitrified해 만든<0A>연노랑 결정 화합물이야.<0A><00>,64,not_generated,
codec,668,랑,64,1,codec:668:11,"TNT is short for trinitrotoluene, a pale yellow<0A>crystalline compound made from a tri-nitrified<0A>mix of nitric acid and sulfuric acid.<0A><END>",TNT는 trinitrotoluene의 약자야.<0A>nitric acid과 sulfuric acid을 tri-nitrified해 만든<0A>연노랑 결정 화합물이야.<0A><00>,64,not_generated,
codec,668,약,64,1,codec:668:11,"TNT is short for trinitrotoluene, a pale yellow<0A>crystalline compound made from a tri-nitrified<0A>mix of nitric acid and sulfuric acid.<0A><END>",TNT는 trinitrotoluene의 약자야.<0A>nitric acid과 sulfuric acid을 tri-nitrified해 만든<0A>연노랑 결정 화합물이야.<0A><00>,64,not_generated,
codec,668,연,64,1,codec:668:11,"TNT is short for trinitrotoluene, a pale yellow<0A>crystalline compound made from a tri-nitrified<0A>mix of nitric acid and sulfuric acid.<0A><END>",TNT는 trinitrotoluene의 약자야.<0A>nitric acid과 sulfuric acid을 tri-nitrified해 만든<0A>연노랑 결정 화합물이야.<0A><00>,64,not_generated,
codec,668,합,64,1,codec:668:11,"TNT is short for trinitrotoluene, a pale yellow<0A>crystalline compound made from a tri-nitrified<0A>mix of nitric acid and sulfuric acid.<0A><END>",TNT는 trinitrotoluene의 약자야.<0A>nitric acid과 sulfuric acid을 tri-nitrified해 만든<0A>연노랑 결정 화합물이야.<0A><00>,64,not_generated,
codec,668,화,64,1,codec:668:11,"TNT is short for trinitrotoluene, a pale yellow<0A>crystalline compound made from a tri-nitrified<0A>mix of nitric acid and sulfuric acid.<0A><END>",TNT는 trinitrotoluene의 약자야.<0A>nitric acid과 sulfuric acid을 tri-nitrified해 만든<0A>연노랑 결정 화합물이야.<0A><00>,64,not_generated,
codec,670,갖,64,1,codec:670:10,"Hey, you got a mousetrap!<0A><END>","이봐, 쥐덫을 갖고 있구나!<0A><00>",64,not_generated,
codec,670,구,64,1,codec:670:10,"Hey, you got a mousetrap!<0A><END>","이봐, 쥐덫을 갖고 있구나!<0A><00>",64,not_generated,
codec,670,달,64,1,codec:670:14,"Whether or not you actually catch anything,<0A>though, is all a matter of luck.<0A><END>",실제로 잡을지는<0A>운에 달렸다.<0A><00>,64,not_generated,
codec,670,덫,64,1,codec:670:10,"Hey, you got a mousetrap!<0A><END>","이봐, 쥐덫을 갖고 있구나!<0A><00>",64,not_generated,
codec,670,렸,64,1,codec:670:14,"Whether or not you actually catch anything,<0A>though, is all a matter of luck.<0A><END>",실제로 잡을지는<0A>운에 달렸다.<0A><00>,64,not_generated,
codec,670,실,64,1,codec:670:14,"Whether or not you actually catch anything,<0A>though, is all a matter of luck.<0A><END>",실제로 잡을지는<0A>운에 달렸다.<0A><00>,64,not_generated,
codec,670,운,64,1,codec:670:14,"Whether or not you actually catch anything,<0A>though, is all a matter of luck.<0A><END>",실제로 잡을지는<0A>운에 달렸다.<0A><00>,64,not_generated,
codec,670,쥐,64,1,codec:670:10,"Hey, you got a mousetrap!<0A><END>","이봐, 쥐덫을 갖고 있구나!<0A><00>",64,not_generated,
codec,674,옷,64,1,codec:674:10,"Hey, what's that you're wearing...?<0A><END>","이봐, 그 옷은 뭐야...?<0A><00>",64,not_generated,
codec,675,뢰,64,2,codec:675:10|codec:675:11,"Using the mine detector, huh?<0A><END> || When you equip the mine detector, it lets<0A>you know with a sound if there are any<0A>Claymore mines nearby.<0A><END>",지뢰 탐지기를 사용하는 거죠?<0A><00> || 지뢰 탐지기를 장비하면<0A>근처 Claymore 지뢰를<0A>소리로 알려준다.<0A><00>,64,not_generated,
codec,675,비,64,1,codec:675:11,"When you equip the mine detector, it lets<0A>you know with a sound if there are any<0A>Claymore mines nearby.<0A><END>",지뢰 탐지기를 장비하면<0A>근처 Claymore 지뢰를<0A>소리로 알려준다.<0A><00>,64,not_generated,
codec,675,용,64,1,codec:675:10,"Using the mine detector, huh?<0A><END>",지뢰 탐지기를 사용하는 거죠?<0A><00>,64,not_generated,
codec,675,장,64,1,codec:675:11,"When you equip the mine detector, it lets<0A>you know with a sound if there are any<0A>Claymore mines nearby.<0A><END>",지뢰 탐지기를 장비하면<0A>근처 Claymore 지뢰를<0A>소리로 알려준다.<0A><00>,64,not_generated,
codec,675,죠,64,1,codec:675:10,"Using the mine detector, huh?<0A><END>",지뢰 탐지기를 사용하는 거죠?<0A><00>,64,not_generated,
codec,675,준,64,1,codec:675:11,"When you equip the mine detector, it lets<0A>you know with a sound if there are any<0A>Claymore mines nearby.<0A><END>",지뢰 탐지기를 장비하면<0A>근처 Claymore 지뢰를<0A>소리로 알려준다.<0A><00>,64,not_generated,
codec,675,처,64,1,codec:675:11,"When you equip the mine detector, it lets<0A>you know with a sound if there are any<0A>Claymore mines nearby.<0A><END>",지뢰 탐지기를 장비하면<0A>근처 Claymore 지뢰를<0A>소리로 알려준다.<0A><00>,64,not_generated,
codec,675,탐,64,2,codec:675:10|codec:675:11,"Using the mine detector, huh?<0A><END> || When you equip the mine detector, it lets<0A>you know with a sound if there are any<0A>Claymore mines nearby.<0A><END>",지뢰 탐지기를 사용하는 거죠?<0A><00> || 지뢰 탐지기를 장비하면<0A>근처 Claymore 지뢰를<0A>소리로 알려준다.<0A><00>,64,not_generated,
codec,676,갑,64,1,codec:676:16,"Yeah. And then when I put it on, I suddenly<0A>got this feeling of inner peace.<0A><END>",그래. 그걸 쓰자 갑자기<0A>마음이 평온해졌어.<0A><00>,64,not_generated,
codec,676,걸,64,1,codec:676:16,"Yeah. And then when I put it on, I suddenly<0A>got this feeling of inner peace.<0A><END>",그래. 그걸 쓰자 갑자기<0A>마음이 평온해졌어.<0A><00>,64,not_generated,
codec,676,쓰,64,1,codec:676:16,"Yeah. And then when I put it on, I suddenly<0A>got this feeling of inner peace.<0A><END>",그래. 그걸 쓰자 갑자기<0A>마음이 평온해졌어.<0A><00>,64,not_generated,
codec,676,온,64,1,codec:676:16,"Yeah. And then when I put it on, I suddenly<0A>got this feeling of inner peace.<0A><END>",그래. 그걸 쓰자 갑자기<0A>마음이 평온해졌어.<0A><00>,64,not_generated,
codec,676,운,64,1,codec:676:15,Destiny...?<0A><END>,운명...?<0A><00>,64,not_generated,
codec,676,졌,64,1,codec:676:16,"Yeah. And then when I put it on, I suddenly<0A>got this feeling of inner peace.<0A><END>",그래. 그걸 쓰자 갑자기<0A>마음이 평온해졌어.<0A><00>,64,not_generated,
codec,676,평,64,1,codec:676:16,"Yeah. And then when I put it on, I suddenly<0A>got this feeling of inner peace.<0A><END>",그래. 그걸 쓰자 갑자기<0A>마음이 평온해졌어.<0A><00>,64,not_generated,
codec,680,경,64,1,codec:680:31,Anti-convulsant effect?<0A><END>,항경련 효과?<0A><00>,64,not_generated,
codec,680,과,64,1,codec:680:31,Anti-convulsant effect?<0A><END>,항경련 효과?<0A><00>,64,not_generated,
codec,680,딕,64,1,codec:680:25,"Yo, Para-Medic!<0A><END>","야, 패러메딕!<0A><00>",64,not_generated,
codec,680,련,64,1,codec:680:31,Anti-convulsant effect?<0A><END>,항경련 효과?<0A><00>,64,not_generated,
codec,680,메,64,1,codec:680:25,"Yo, Para-Medic!<0A><END>","야, 패러메딕!<0A><00>",64,not_generated,
codec,680,몰,64,1,codec:680:23,Beats me.<0A><END>,나도 몰라.<0A><00>,64,not_generated,
codec,680,패,64,1,codec:680:25,"Yo, Para-Medic!<0A><END>","야, 패러메딕!<0A><00>",64,not_generated,
codec,680,항,64,1,codec:680:31,Anti-convulsant effect?<0A><END>,항경련 효과?<0A><00>,64,not_generated,
codec,680,효,64,1,codec:680:31,Anti-convulsant effect?<0A><END>,항경련 효과?<0A><00>,64,not_generated,
codec,681,단,64,1,codec:681:25,"Well, once you've equi...<0A><END>",일단 장비하면...<0A><00>,64,not_generated,
codec,681,비,64,1,codec:681:25,"Well, once you've equi...<0A><END>",일단 장비하면...<0A><00>,64,not_generated,
codec,681,장,64,1,codec:681:25,"Well, once you've equi...<0A><END>",일단 장비하면...<0A><00>,64,not_generated,
codec,684,맘,64,1,codec:684:13,"...Man, you do whatever you want.<0A><END>",...맘대로 해.<0A><00>,64,not_generated,
codec,688,남,64,1,codec:688:11,It was originally worn by South Vietnamese<0A>Marines.<0A><END>,원래 남베트남 해병대가 입던 거야.<0A><00>,64,not_generated,
codec,688,던,64,1,codec:688:11,It was originally worn by South Vietnamese<0A>Marines.<0A><END>,원래 남베트남 해병대가 입던 거야.<0A><00>,64,not_generated,
codec,688,베,64,1,codec:688:11,It was originally worn by South Vietnamese<0A>Marines.<0A><END>,원래 남베트남 해병대가 입던 거야.<0A><00>,64,not_generated,
codec,688,병,64,1,codec:688:11,It was originally worn by South Vietnamese<0A>Marines.<0A><END>,원래 남베트남 해병대가 입던 거야.<0A><00>,64,not_generated,
codec,688,트,64,1,codec:688:11,It was originally worn by South Vietnamese<0A>Marines.<0A><END>,원래 남베트남 해병대가 입던 거야.<0A><00>,64,not_generated,
codec,695,낵,64,1,codec:695:31,"Snack, tea, same thing.<0A><END>","스낵, 차, 같은 것.<0A><00>",64,not_generated,
codec,695,차,64,1,codec:695:31,"Snack, tea, same thing.<0A><END>","스낵, 차, 같은 것.<0A><00>",64,not_generated,
codec,710,든,64,1,codec:710:13,"Huh. Well, whatever it is, it's a fine piece<0A>of work.<0A><END>",뭔진 몰라도 잘 만든 물건이야.<0A><00>,64,not_generated,
codec,710,몰,64,2,codec:710:13|codec:710:11,"Huh. Well, whatever it is, it's a fine piece<0A>of work.<0A><END> || Sneaking suit? What's that all about?<0A><END>",뭔진 몰라도 잘 만든 물건이야.<0A><00> || 몰래옷? 그게 다 뭐야?<0A><00>,64,not_generated,
codec,710,뭔,64,1,codec:710:13,"Huh. Well, whatever it is, it's a fine piece<0A>of work.<0A><END>",뭔진 몰라도 잘 만든 물건이야.<0A><00>,64,not_generated,
codec,710,옷,64,1,codec:710:11,Sneaking suit? What's that all about?<0A><END>,몰래옷? 그게 다 뭐야?<0A><00>,64,not_generated,
codec,710,진,64,1,codec:710:13,"Huh. Well, whatever it is, it's a fine piece<0A>of work.<0A><END>",뭔진 몰라도 잘 만든 물건이야.<0A><00>,64,not_generated,
codec,721,뭘,64,1,codec:721:10,"Snake, what are you wearing now?<0A><END>","Snake, 지금 뭘 입었어?<0A><00>",64,not_generated,
codec,722,술,64,1,codec:722:10,"Snake, what's that camouflage...?<0A><END>","Snake, 저 위장술은 뭐지...?<0A><00>",64,not_generated,
codec,722,얻,64,1,codec:722:11,It's called 'hornet stripe'. I got it from<0A>The Pain.<0A><END>,HORNET STRIPE야. The Pain에게 얻었어.<0A><00>,64,not_generated,
codec,722,장,64,1,codec:722:10,"Snake, what's that camouflage...?<0A><END>","Snake, 저 위장술은 뭐지...?<0A><00>",64,not_generated,
codec,723,봉,64,1,codec:723:26,Ah bon?<0A><END>,아 봉?<0A><00>,64,not_generated,
codec,724,끼,64,1,codec:724:11,It's moss camouflage. I got it from The End.<0A><END>,이끼 CAMO이에요. The End에서 가져왔습니다.<0A><00>,64,not_generated,
codec,724,져,64,1,codec:724:11,It's moss camouflage. I got it from The End.<0A><END>,이끼 CAMO이에요. The End에서 가져왔습니다.<0A><00>,64,not_generated,
codec,726,모,64,1,codec:726:38,<G48>a a l'air utile.<0A><END>,쓸모 있어 보여.<0A><00>,64,not_generated,
codec,726,쓸,64,1,codec:726:38,<G48>a a l'air utile.<0A><END>,쓸모 있어 보여.<0A><00>,64,not_generated,
codec,726,했,64,1,codec:726:10,"Eh? That's some bizarre camo you got on,<0A>Snake...<0A><END>","응? 이상한 CAMO를 했군, Snake...<0A><00>",64,not_generated,
codec,727,떤,64,1,codec:727:10,"Snake, what kind of camo is that?<0A><END>","Snake, 저건 어떤 CAMO인가?<0A><00>",64,not_generated,
codec,728,당,64,1,codec:728:10,Eh? That's some crazy camouflage you<0A>got on.<0A><END>,응? 당신이 쓴 미친 CAMO술이군요.<0A><00>,64,not_generated,
codec,728,술,64,1,codec:728:10,Eh? That's some crazy camouflage you<0A>got on.<0A><END>,응? 당신이 쓴 미친 CAMO술이군요.<0A><00>,64,not_generated,
codec,728,신,64,1,codec:728:10,Eh? That's some crazy camouflage you<0A>got on.<0A><END>,응? 당신이 쓴 미친 CAMO술이군요.<0A><00>,64,not_generated,
codec,728,쓴,64,1,codec:728:10,Eh? That's some crazy camouflage you<0A>got on.<0A><END>,응? 당신이 쓴 미친 CAMO술이군요.<0A><00>,64,not_generated,
codec,728,친,64,1,codec:728:10,Eh? That's some crazy camouflage you<0A>got on.<0A><END>,응? 당신이 쓴 미친 CAMO술이군요.<0A><00>,64,not_generated,
codec,729,냐,64,1,codec:729:32,Why? Because his Camo Index is...<0A><END>,왜냐면 Camo Index가...<0A><00>,64,not_generated,
codec,729,덱,64,1,codec:729:33,"Camo Index, shmamo Index.<0A><END>","CAMO 인덱스, shmamo 인덱스.<0A><00>",64,not_generated,
codec,729,쿼,64,1,codec:729:64,Quoi?!<0A><END>,쿼이?!<0A><00>,64,not_generated,
codec,745,꿀,64,1,codec:745:45,You don't need to change anything.<0A><END>,바꿀 건 없어.<0A><00>,64,not_generated,
codec,745,녕,64,1,codec:745:57,Hola Para-Medic...<0A><END>,안녕하세요 Para-Medic...<0A><00>,64,not_generated,
codec,745,놓,64,2,codec:745:72|codec:745:40,<G4A>sa me la perd<G6E>.<0A><END> || Missed it.<0A><END>,그거 놓쳤어요.<0A><00> || 놓쳤어.<0A><00>,64,not_generated,
codec,745,멋,64,1,codec:745:51,It does makes you look cool!<0A><END>,멋있어 보여!<0A><00>,64,not_generated,
codec,745,영,64,1,codec:745:34,I saw it in movies.<0A><END>,영화에서 봤어.<0A><00>,64,not_generated,
codec,745,진,64,2,codec:745:56|codec:745:24,<G40><G22>Hablas en serio!?<0A><END> || Are you serious!?<0A><END>,진심이에요!?<0A><00> || 진심이에요!?<0A><00>,64,not_generated,
codec,745,쳤,64,2,codec:745:72|codec:745:40,<G4A>sa me la perd<G6E>.<0A><END> || Missed it.<0A><END>,그거 놓쳤어요.<0A><00> || 놓쳤어.<0A><00>,64,not_generated,
codec,745,팅,64,1,codec:745:20,"Snake, your face paint, it's...<0A><END>","Snake, 페이스페인팅, 그건...<0A><00>",64,not_generated,
codec,745,페,64,1,codec:745:20,"Snake, your face paint, it's...<0A><END>","Snake, 페이스페인팅, 그건...<0A><00>",64,not_generated,
codec,745,화,64,1,codec:745:34,I saw it in movies.<0A><END>,영화에서 봤어.<0A><00>,64,not_generated,
codec,747,결,64,1,codec:747:14,But then the mission ended up being<0A>canceled...<0A><END>,하지만 MISSION은 결국 취소됐지...<0A><00>,64,not_generated,
codec,747,국,64,1,codec:747:14,But then the mission ended up being<0A>canceled...<0A><END>,하지만 MISSION은 결국 취소됐지...<0A><00>,64,not_generated,
codec,747,잖,64,1,codec:747:16,But you didn't throw it out.<0A><END>,하지만 버리진 않았잖아.<0A><00>,64,not_generated,
codec,747,진,64,1,codec:747:16,But you didn't throw it out.<0A><END>,하지만 버리진 않았잖아.<0A><00>,64,not_generated,
codec,747,취,64,1,codec:747:14,But then the mission ended up being<0A>canceled...<0A><END>,하지만 MISSION은 결국 취소됐지...<0A><00>,64,not_generated,
codec,750,론,64,1,codec:750:11,Of course it is.<0A><END>,물론 그렇습니다.<0A><00>,64,not_generated,
codec,750,술,64,1,codec:750:15,What about the lips?<0A><END>,입술은 어떻습니까?<0A><00>,64,not_generated,
codec,752,격,64,1,codec:752:20,Makes you wonder where she learned to shoot<0A>like that.<0A><END>,그녀가 어디서 그런 사격을 배웠는지 궁금하군.<0A><00>,64,not_generated,
codec,752,궁,64,3,codec:752:42|codec:752:20|codec:752:31,A se demander o<G7A> elle a appris <G61> tirer comme<0A><G68>a.<0A><END> || Makes you wonder where she learned to shoot<0A>like that.<0A><END> || Me pregunto d<G74>nde habr<G62> aprendido a disparar<0A>as<G6E>.<0A><END>,그녀가 그런 촬영법을 어디서 배웠는지 궁금해집니다.<0A><00> || 그녀가 어디서 그런 사격을 배웠는지 궁금하군.<0A><00> || 그런 촬영법을 어디서 배웠는지 궁금하네요.<0A><00>,64,not_generated,
codec,752,배,64,3,codec:752:42|codec:752:20|codec:752:31,A se demander o<G7A> elle a appris <G61> tirer comme<0A><G68>a.<0A><END> || Makes you wonder where she learned to shoot<0A>like that.<0A><END> || Me pregunto d<G74>nde habr<G62> aprendido a disparar<0A>as<G6E>.<0A><END>,그녀가 그런 촬영법을 어디서 배웠는지 궁금해집니다.<0A><00> || 그녀가 어디서 그런 사격을 배웠는지 궁금하군.<0A><00> || 그런 촬영법을 어디서 배웠는지 궁금하네요.<0A><00>,64,not_generated,
codec,752,영,64,2,codec:752:42|codec:752:31,A se demander o<G7A> elle a appris <G61> tirer comme<0A><G68>a.<0A><END> || Me pregunto d<G74>nde habr<G62> aprendido a disparar<0A>as<G6E>.<0A><END>,그녀가 그런 촬영법을 어디서 배웠는지 궁금해집니다.<0A><00> || 그런 촬영법을 어디서 배웠는지 궁금하네요.<0A><00>,64,not_generated,
codec,752,웠,64,3,codec:752:42|codec:752:20|codec:752:31,A se demander o<G7A> elle a appris <G61> tirer comme<0A><G68>a.<0A><END> || Makes you wonder where she learned to shoot<0A>like that.<0A><END> || Me pregunto d<G74>nde habr<G62> aprendido a disparar<0A>as<G6E>.<0A><END>,그녀가 그런 촬영법을 어디서 배웠는지 궁금해집니다.<0A><00> || 그녀가 어디서 그런 사격을 배웠는지 궁금하군.<0A><00> || 그런 촬영법을 어디서 배웠는지 궁금하네요.<0A><00>,64,not_generated,
codec,752,집,64,1,codec:752:42,A se demander o<G7A> elle a appris <G61> tirer comme<0A><G68>a.<0A><END>,그녀가 그런 촬영법을 어디서 배웠는지 궁금해집니다.<0A><00>,64,not_generated,
codec,752,촬,64,2,codec:752:42|codec:752:31,A se demander o<G7A> elle a appris <G61> tirer comme<0A><G68>a.<0A><END> || Me pregunto d<G74>nde habr<G62> aprendido a disparar<0A>as<G6E>.<0A><END>,그녀가 그런 촬영법을 어디서 배웠는지 궁금해집니다.<0A><00> || 그런 촬영법을 어디서 배웠는지 궁금하네요.<0A><00>,64,not_generated,
codec,757,른,64,1,codec:757:12,None other.<0A><END>,다른 것은 없다.<0A><00>,64,not_generated,
codec,766,각,64,4,codec:766:4135|codec:766:3839|codec:766:4140|codec:766:1200,"It's got stub wings, and the cockpit canopy<0A>looks like an angular greenhouse.<0A><END> || On dirait que tu portes le motif <G61> carr<G6A>s.<0A><END> || Think of it as a attack-transport chopper<0A>version of France's AMX-VCI or<0A>the Soviet BMP.<0A><END> || Yeah. Don't you think so?<0A><END>",뭉툭한 날개가 있고 조종석 캐노피는 각진 온실처럼 보입니다.<0A><00> || 사각무늬를 입은거 같네요.<0A><00> || 프랑스 AMX-VCI 또는 소련 BMP의 공격-수송 헬기 버전이라고 생각해.<0A><00> || 그래. 너도 그렇게 생각하지?<0A><00>,64,not_generated,
codec,766,감,64,1,codec:766:3099,Les animaux appara<G6F>tront <G6A>galement sur ton<0A>d<G6A>tecteur.<0A><END>,동물도 감지기에 나타납니다.<0A><00>,64,not_generated,
codec,766,갖,64,1,codec:766:4139,Yeah. A transport chopper with troop<0A>carrying capabilities.<0A><END>,네. 병력 수송 능력을 갖춘 수송 헬기입니다.<0A><00>,64,not_generated,
codec,766,검,64,1,codec:766:1216,"Wearing black face paint, huh?<0A><END>",검은색 페이스 페인트를 바르고 있죠?<0A><00>,64,not_generated,
codec,766,격,64,2,codec:766:4140|codec:766:4149,"Think of it as a attack-transport chopper<0A>version of France's AMX-VCI or<0A>the Soviet BMP.<0A><END> || Yeah, but the hangar is still intact.<0A><END>","프랑스 AMX-VCI 또는 소련 BMP의 공격-수송 헬기 버전이라고 생각해.<0A><00> || 네, 하지만 격납고는 아직 온전해요.<0A><00>",64,not_generated,
codec,766,견,64,1,codec:766:4152,Remember how the enemy spotted the C3<0A>while you were busy with Volgin?<0A><END>,Volgin 작업에 바쁜 동안 적이 어떻게 C3를 발견했는지 기억하십니까?<0A><00>,64,not_generated,
codec,766,결,64,1,codec:766:4144,Then it's settled. We'll refer to that<0A>new-type helicopter as a Hind from<0A>now on.<0A><END>,그러면 해결되었습니다. 이제부터는 그 신형 헬리콥터를 하인드(Hind)라고 부르겠습니다.<0A><00>,64,not_generated,
codec,766,경,64,1,codec:766:1229,It's most effective against snowy<0A>backgrounds.<0A><END>,눈이 내리는 배경에 가장 효과적입니다.<0A><00>,64,not_generated,
codec,766,공,64,2,codec:766:4155|codec:766:4140,That'll probably be the last one they'll ever<0A>make. You succeeded in preventing its<0A>mass production.<0A><END> || Think of it as a attack-transport chopper<0A>version of France's AMX-VCI or<0A>the Soviet BMP.<0A><END>,그게 아마도 그들이 만드는 마지막 작품이 될 거예요. 대량생산을 막는 데 성공했습니다.<0A><00> || 프랑스 AMX-VCI 또는 소련 BMP의 공격-수송 헬기 버전이라고 생각해.<0A><00>,64,not_generated,
codec,766,과,64,2,codec:766:70|codec:766:1229,Do whatever works best.<0A><END> || It's most effective against snowy<0A>backgrounds.<0A><END>,가장 효과적인 작업을 수행해.<0A><00> || 눈이 내리는 배경에 가장 효과적입니다.<0A><00>,64,not_generated,
codec,766,관,64,1,codec:766:2013,"No tienes porqu<G6A> neutralizar a todos tus<0A>enemigos, tu <G7B>nica preocupaci<G74>n deber<G6E>a ser<0A>salir de ah<G6E> sano y salvo.<0A><END>",모든 적을 무력화할 필요는 없다. 유일한 관심사는 그곳에서 안전하게 나가는 거다.<0A><00>,64,not_generated,
codec,766,구,64,2,codec:766:300|codec:766:4145,"Rolling repeatedly should put the flames<0A>out pretty quick, too.<0A><END> || What the hell, man...!!<0A><END>","반복해서 구르면 불이 꽤 빨리 꺼질 거다.<0A><00> || 도대체 뭐야, 친구...!!<0A><00>",64,not_generated,
codec,766,귀,64,1,codec:766:4156,Now you just have to do something about<0A>the one that Volgin is riding in. It's all<0A>yours!<0A><END>,이제 Volgin이 타고 있는 차량에 대해 조치를 취하기만 하면 됩니다. 모두 귀하의 것입니다!<0A><00>,64,not_generated,
codec,766,규,64,1,codec:766:4150,The explosion was smaller than what we<0A>had hoped for because the fuel tanks<0A>didn't catch on fire.<0A><END>,연료 탱크에 불이 붙지 않았기 때문에 우리가 기대했던 것보다 폭발 규모가 작았습니다.<0A><00>,64,not_generated,
codec,766,꺼,64,1,codec:766:300,"Rolling repeatedly should put the flames<0A>out pretty quick, too.<0A><END>",반복해서 구르면 불이 꽤 빨리 꺼질 거다.<0A><00>,64,not_generated,
codec,766,꽤,64,1,codec:766:300,"Rolling repeatedly should put the flames<0A>out pretty quick, too.<0A><END>",반복해서 구르면 불이 꽤 빨리 꺼질 거다.<0A><00>,64,not_generated,
codec,766,납,64,2,codec:766:3099|codec:766:4149,"Les animaux appara<G6F>tront <G6A>galement sur ton<0A>d<G6A>tecteur.<0A><END> || Yeah, but the hangar is still intact.<0A><END>","동물도 감지기에 나타납니다.<0A><00> || 네, 하지만 격납고는 아직 온전해요.<0A><00>",64,not_generated,
codec,766,너,64,1,codec:766:1200,Yeah. Don't you think so?<0A><END>,그래. 너도 그렇게 생각하지?<0A><00>,64,not_generated,
codec,766,노,64,1,codec:766:4135,"It's got stub wings, and the cockpit canopy<0A>looks like an angular greenhouse.<0A><END>",뭉툭한 날개가 있고 조종석 캐노피는 각진 온실처럼 보입니다.<0A><00>,64,not_generated,
codec,766,눈,64,3,codec:766:1229|codec:766:434|codec:766:3164,It's most effective against snowy<0A>backgrounds.<0A><END> || Keep your eyes open.<0A><END> || Ouvre l'<G1D>il.<0A><END>,눈이 내리는 배경에 가장 효과적입니다.<0A><00> || 눈을 뜨세요.<0A><00> || 눈을 뜨세요.<0A><00>,64,not_generated,
codec,766,능,64,1,codec:766:4139,Yeah. A transport chopper with troop<0A>carrying capabilities.<0A><END>,네. 병력 수송 능력을 갖춘 수송 헬기입니다.<0A><00>,64,not_generated,
codec,766,늬,64,1,codec:766:3839,On dirait que tu portes le motif <G61> carr<G6A>s.<0A><END>,사각무늬를 입은거 같네요.<0A><00>,64,not_generated,
codec,766,당,64,2,codec:766:1213|codec:766:498,"So, you're wearing woodland face paint.<0A><END> || That gives them some serious firepower.<0A><END>",그럼 당신은 삼림지대 페이스페인트를 바르고 계시군요.<0A><00> || 상당한 화력이 생기지.<0A><00>,64,not_generated,
codec,766,던,64,1,codec:766:4150,The explosion was smaller than what we<0A>had hoped for because the fuel tanks<0A>didn't catch on fire.<0A><END>,연료 탱크에 불이 붙지 않았기 때문에 우리가 기대했던 것보다 폭발 규모가 작았습니다.<0A><00>,64,not_generated,
codec,766,동,64,4,codec:766:3099|codec:766:4134|codec:766:4152|codec:766:3093,"Les animaux appara<G6F>tront <G6A>galement sur ton<0A>d<G6A>tecteur.<0A><END> || No. Some of it looks the same,<0A>but the overall shape is different.<0A><END> || Remember how the enemy spotted the C3<0A>while you were busy with Volgin?<0A><END> || Tu veux dire pendant la Mission Vertueuse ?<0A><END>",동물도 감지기에 나타납니다.<0A><00> || 아니요. 일부는 동일해 보이지만 전체적인 모양이 다릅니다.<0A><00> || Volgin 작업에 바쁜 동안 적이 어떻게 C3를 발견했는지 기억하십니까?<0A><00> || Virtuous MISSION 동안을 말씀하시는 건가요?<0A><00>,64,not_generated,
codec,766,됩,64,1,codec:766:4156,Now you just have to do something about<0A>the one that Volgin is riding in. It's all<0A>yours!<0A><END>,이제 Volgin이 타고 있는 차량에 대해 조치를 취하기만 하면 됩니다. 모두 귀하의 것입니다!<0A><00>,64,not_generated,
codec,766,두,64,1,codec:766:4156,Now you just have to do something about<0A>the one that Volgin is riding in. It's all<0A>yours!<0A><END>,이제 Volgin이 타고 있는 차량에 대해 조치를 취하기만 하면 됩니다. 모두 귀하의 것입니다!<0A><00>,64,not_generated,
codec,766,든,64,3,codec:766:1201|codec:766:4137|codec:766:2013,"Ah...sure, whatever you say.<0A><END> || I've heard stories recently that the Soviets<0A>are developing a ""flying infantry combat<0A>vehicle."" That's got to be it.<0A><END> || No tienes porqu<G6A> neutralizar a todos tus<0A>enemigos, tu <G7B>nica preocupaci<G74>n deber<G6E>a ser<0A>salir de ah<G6E> sano y salvo.<0A><END>",아...물론이죠. 무슨 말을 하든요.<0A><00> || 소련이 비행 보병 전투 차량을 만든다는 소문을 들었어. 저거겠군.<0A><00> || 모든 적을 무력화할 필요는 없다. 유일한 관심사는 그곳에서 안전하게 나가는 거다.<0A><00>,64,not_generated,
codec,766,뜨,64,2,codec:766:434|codec:766:3164,Keep your eyes open.<0A><END> || Ouvre l'<G1D>il.<0A><END>,눈을 뜨세요.<0A><00> || 눈을 뜨세요.<0A><00>,64,not_generated,
codec,766,랑,64,1,codec:766:4140,Think of it as a attack-transport chopper<0A>version of France's AMX-VCI or<0A>the Soviet BMP.<0A><END>,프랑스 AMX-VCI 또는 소련 BMP의 공격-수송 헬기 버전이라고 생각해.<0A><00>,64,not_generated,
codec,766,량,64,4,codec:766:4138|codec:766:4137|codec:766:4156|codec:766:4155,"A flying infantry combat vehicle?<0A><END> || I've heard stories recently that the Soviets<0A>are developing a ""flying infantry combat<0A>vehicle."" That's got to be it.<0A><END> || Now you just have to do something about<0A>the one that Volgin is riding in. It's all<0A>yours!<0A><END> || That'll probably be the last one they'll ever<0A>make. You succeeded in preventing its<0A>mass production.<0A><END>",비행 보병 전투 차량?<0A><00> || 소련이 비행 보병 전투 차량을 만든다는 소문을 들었어. 저거겠군.<0A><00> || 이제 Volgin이 타고 있는 차량에 대해 조치를 취하기만 하면 됩니다. 모두 귀하의 것입니다!<0A><00> || 그게 아마도 그들이 만드는 마지막 작품이 될 거예요. 대량생산을 막는 데 성공했습니다.<0A><00>,64,not_generated,
codec,766,럼,64,5,codec:766:1289|codec:766:4135|codec:766:4136|codec:766:1213|codec:766:4087,"...Fine. Get yourself shot.<0A><END> || It's got stub wings, and the cockpit canopy<0A>looks like an angular greenhouse.<0A><END> || No kidding. Then it must be some kind<0A>of new model.<0A><END> || So, you're wearing woodland face paint.<0A><END> || Tu veux dire qu'on n'aura plus besoin de types<0A>comme moi?<0A><END>",좋아. 그럼 맞아 봐.<0A><00> || 뭉툭한 날개가 있고 조종석 캐노피는 각진 온실처럼 보입니다.<0A><00> || 그럼 신형이겠군.<0A><00> || 그럼 당신은 삼림지대 페이스페인트를 바르고 계시군요.<0A><00> || 그럼 나 같은 사람은 필요 없어지는 건가?<0A><00>,64,not_generated,
codec,766,력,64,3,codec:766:2013|codec:766:498|codec:766:4139,"No tienes porqu<G6A> neutralizar a todos tus<0A>enemigos, tu <G7B>nica preocupaci<G74>n deber<G6E>a ser<0A>salir de ah<G6E> sano y salvo.<0A><END> || That gives them some serious firepower.<0A><END> || Yeah. A transport chopper with troop<0A>carrying capabilities.<0A><END>",모든 적을 무력화할 필요는 없다. 유일한 관심사는 그곳에서 안전하게 나가는 거다.<0A><00> || 상당한 화력이 생기지.<0A><00> || 네. 병력 수송 능력을 갖춘 수송 헬기입니다.<0A><00>,64,not_generated,
codec,766,련,64,2,codec:766:4137|codec:766:4140,"I've heard stories recently that the Soviets<0A>are developing a ""flying infantry combat<0A>vehicle."" That's got to be it.<0A><END> || Think of it as a attack-transport chopper<0A>version of France's AMX-VCI or<0A>the Soviet BMP.<0A><END>",소련이 비행 보병 전투 차량을 만든다는 소문을 들었어. 저거겠군.<0A><00> || 프랑스 AMX-VCI 또는 소련 BMP의 공격-수송 헬기 버전이라고 생각해.<0A><00>,64,not_generated,
codec,766,론,64,1,codec:766:1201,"Ah...sure, whatever you say.<0A><END>",아...물론이죠. 무슨 말을 하든요.<0A><00>,64,not_generated,
codec,766,료,64,3,codec:766:4151|codec:766:4150|codec:766:4153,But the fuel tanks were definitely...<0A><END> || The explosion was smaller than what we<0A>had hoped for because the fuel tanks<0A>didn't catch on fire.<0A><END> || They must have called in the EOD to<0A>remove the fuel from the tanks then.<0A><END>,연료탱크는 확실히...<0A><00> || 연료 탱크에 불이 붙지 않았기 때문에 우리가 기대했던 것보다 폭발 규모가 작았습니다.<0A><00> || EOD를 불러 TANK의 연료를 뺐겠군.<0A><00>,64,not_generated,
codec,766,류,64,1,codec:766:462,Be especially careful about those<0A>grenades.<0A><END>,특히 수류탄을 조심해.<0A><00>,64,not_generated,
codec,766,릅,64,1,codec:766:4134,"No. Some of it looks the same,<0A>but the overall shape is different.<0A><END>",아니요. 일부는 동일해 보이지만 전체적인 모양이 다릅니다.<0A><00>,64,not_generated,
codec,766,림,64,2,codec:766:1213|codec:766:4141,"So, you're wearing woodland face paint.<0A><END> || They must be doing field tests on<0A>the initial prototype.<0A><END>",그럼 당신은 삼림지대 페이스페인트를 바르고 계시군요.<0A><00> || 초기 프로토타입에 대한 현장 테스트를 수행 중임에 틀림없다.<0A><00>,64,not_generated,
codec,766,막,64,1,codec:766:4155,That'll probably be the last one they'll ever<0A>make. You succeeded in preventing its<0A>mass production.<0A><END>,그게 아마도 그들이 만드는 마지막 작품이 될 거예요. 대량생산을 막는 데 성공했습니다.<0A><00>,64,not_generated,
codec,766,맘,64,1,codec:766:4143,"Hmm, not bad. It's cool with me.<0A><END>","음, 나쁘지 않아. 맘에 들어.<0A><00>",64,not_generated,
codec,766,맞,64,1,codec:766:1289,...Fine. Get yourself shot.<0A><END>,좋아. 그럼 맞아 봐.<0A><00>,64,not_generated,
codec,766,모,64,4,codec:766:2013|codec:766:4134|codec:766:4156|codec:766:4150,"No tienes porqu<G6A> neutralizar a todos tus<0A>enemigos, tu <G7B>nica preocupaci<G74>n deber<G6E>a ser<0A>salir de ah<G6E> sano y salvo.<0A><END> || No. Some of it looks the same,<0A>but the overall shape is different.<0A><END> || Now you just have to do something about<0A>the one that Volgin is riding in. It's all<0A>yours!<0A><END> || The explosion was smaller than what we<0A>had hoped for because the fuel tanks<0A>didn't catch on fire.<0A><END>",모든 적을 무력화할 필요는 없다. 유일한 관심사는 그곳에서 안전하게 나가는 거다.<0A><00> || 아니요. 일부는 동일해 보이지만 전체적인 모양이 다릅니다.<0A><00> || 이제 Volgin이 타고 있는 차량에 대해 조치를 취하기만 하면 됩니다. 모두 귀하의 것입니다!<0A><00> || 연료 탱크에 불이 붙지 않았기 때문에 우리가 기대했던 것보다 폭발 규모가 작았습니다.<0A><00>,64,not_generated,
codec,766,뭉,64,1,codec:766:4135,"It's got stub wings, and the cockpit canopy<0A>looks like an angular greenhouse.<0A><END>",뭉툭한 날개가 있고 조종석 캐노피는 각진 온실처럼 보입니다.<0A><00>,64,not_generated,
codec,766,반,64,1,codec:766:300,"Rolling repeatedly should put the flames<0A>out pretty quick, too.<0A><END>",반복해서 구르면 불이 꽤 빨리 꺼질 거다.<0A><00>,64,not_generated,
codec,766,발,64,4,codec:766:4152|codec:766:4196|codec:766:4148|codec:766:4150,"Remember how the enemy spotted the C3<0A>while you were busy with Volgin?<0A><END> || Snake, les C3 ont explos<G6A> sans probl<G69>me.<0A><END> || Snake, the C3 exploded without a hitch.<0A><END> || The explosion was smaller than what we<0A>had hoped for because the fuel tanks<0A>didn't catch on fire.<0A><END>","Volgin 작업에 바쁜 동안 적이 어떻게 C3를 발견했는지 기억하십니까?<0A><00> || Snake, C3가 문제없이 폭발했습니다.<0A><00> || Snake, C3가 아무 문제 없이 폭발했습니다.<0A><00> || 연료 탱크에 불이 붙지 않았기 때문에 우리가 기대했던 것보다 폭발 규모가 작았습니다.<0A><00>",64,not_generated,
codec,766,배,64,1,codec:766:1229,It's most effective against snowy<0A>backgrounds.<0A><END>,눈이 내리는 배경에 가장 효과적입니다.<0A><00>,64,not_generated,
codec,766,병,64,3,codec:766:4138|codec:766:4137|codec:766:4139,"A flying infantry combat vehicle?<0A><END> || I've heard stories recently that the Soviets<0A>are developing a ""flying infantry combat<0A>vehicle."" That's got to be it.<0A><END> || Yeah. A transport chopper with troop<0A>carrying capabilities.<0A><END>",비행 보병 전투 차량?<0A><00> || 소련이 비행 보병 전투 차량을 만든다는 소문을 들었어. 저거겠군.<0A><00> || 네. 병력 수송 능력을 갖춘 수송 헬기입니다.<0A><00>,64,not_generated,
codec,766,복,64,1,codec:766:300,"Rolling repeatedly should put the flames<0A>out pretty quick, too.<0A><END>",반복해서 구르면 불이 꽤 빨리 꺼질 거다.<0A><00>,64,not_generated,
codec,766,불,64,3,codec:766:300|codec:766:4150|codec:766:4153,"Rolling repeatedly should put the flames<0A>out pretty quick, too.<0A><END> || The explosion was smaller than what we<0A>had hoped for because the fuel tanks<0A>didn't catch on fire.<0A><END> || They must have called in the EOD to<0A>remove the fuel from the tanks then.<0A><END>",반복해서 구르면 불이 꽤 빨리 꺼질 거다.<0A><00> || 연료 탱크에 불이 붙지 않았기 때문에 우리가 기대했던 것보다 폭발 규모가 작았습니다.<0A><00> || EOD를 불러 TANK의 연료를 뺐겠군.<0A><00>,64,not_generated,
codec,766,붙,64,1,codec:766:4150,The explosion was smaller than what we<0A>had hoped for because the fuel tanks<0A>didn't catch on fire.<0A><END>,연료 탱크에 불이 붙지 않았기 때문에 우리가 기대했던 것보다 폭발 규모가 작았습니다.<0A><00>,64,not_generated,
codec,766,비,64,2,codec:766:4138|codec:766:4137,"A flying infantry combat vehicle?<0A><END> || I've heard stories recently that the Soviets<0A>are developing a ""flying infantry combat<0A>vehicle."" That's got to be it.<0A><END>",비행 보병 전투 차량?<0A><00> || 소련이 비행 보병 전투 차량을 만든다는 소문을 들었어. 저거겠군.<0A><00>,64,not_generated,
codec,766,빨,64,2,codec:766:407|codec:766:300,"If one gets tossed your way, turn around<0A>quick.<0A><END> || Rolling repeatedly should put the flames<0A>out pretty quick, too.<0A><END>",GRENADE가 날아오면 빨리 돌아서.<0A><00> || 반복해서 구르면 불이 꽤 빨리 꺼질 거다.<0A><00>,64,not_generated,
codec,766,빼,64,1,codec:766:4154,"But still, the C3 alone should've been<0A>enough to take out the manufacturing line.<0A><END>",하지만 그래도 C3 하나만으로 제조 라인을 빼내기에는 충분했어야 했다.<0A><00>,64,not_generated,
codec,766,뺐,64,1,codec:766:4153,They must have called in the EOD to<0A>remove the fuel from the tanks then.<0A><END>,EOD를 불러 TANK의 연료를 뺐겠군.<0A><00>,64,not_generated,
codec,766,쁘,64,1,codec:766:4143,"Hmm, not bad. It's cool with me.<0A><END>","음, 나쁘지 않아. 맘에 들어.<0A><00>",64,not_generated,
codec,766,쁜,64,1,codec:766:4152,Remember how the enemy spotted the C3<0A>while you were busy with Volgin?<0A><END>,Volgin 작업에 바쁜 동안 적이 어떻게 C3를 발견했는지 기억하십니까?<0A><00>,64,not_generated,
codec,766,산,64,1,codec:766:4155,That'll probably be the last one they'll ever<0A>make. You succeeded in preventing its<0A>mass production.<0A><END>,그게 아마도 그들이 만드는 마지막 작품이 될 거예요. 대량생산을 막는 데 성공했습니다.<0A><00>,64,not_generated,
codec,766,삼,64,1,codec:766:1213,"So, you're wearing woodland face paint.<0A><END>",그럼 당신은 삼림지대 페이스페인트를 바르고 계시군요.<0A><00>,64,not_generated,
codec,766,색,64,1,codec:766:1216,"Wearing black face paint, huh?<0A><END>",검은색 페이스 페인트를 바르고 있죠?<0A><00>,64,not_generated,
codec,766,생,64,4,codec:766:498|codec:766:4155|codec:766:4140|codec:766:1200,That gives them some serious firepower.<0A><END> || That'll probably be the last one they'll ever<0A>make. You succeeded in preventing its<0A>mass production.<0A><END> || Think of it as a attack-transport chopper<0A>version of France's AMX-VCI or<0A>the Soviet BMP.<0A><END> || Yeah. Don't you think so?<0A><END>,상당한 화력이 생기지.<0A><00> || 그게 아마도 그들이 만드는 마지막 작품이 될 거예요. 대량생산을 막는 데 성공했습니다.<0A><00> || 프랑스 AMX-VCI 또는 소련 BMP의 공격-수송 헬기 버전이라고 생각해.<0A><00> || 그래. 너도 그렇게 생각하지?<0A><00>,64,not_generated,
codec,766,송,64,2,codec:766:4140|codec:766:4139,Think of it as a attack-transport chopper<0A>version of France's AMX-VCI or<0A>the Soviet BMP.<0A><END> || Yeah. A transport chopper with troop<0A>carrying capabilities.<0A><END>,프랑스 AMX-VCI 또는 소련 BMP의 공격-수송 헬기 버전이라고 생각해.<0A><00> || 네. 병력 수송 능력을 갖춘 수송 헬기입니다.<0A><00>,64,not_generated,
codec,766,쉬,64,1,codec:766:1199,Stylish?<0A><END>,스타일리쉬?<0A><00>,64,not_generated,
codec,766,신,64,3,codec:766:4136|codec:766:1213|codec:766:4144,"No kidding. Then it must be some kind<0A>of new model.<0A><END> || So, you're wearing woodland face paint.<0A><END> || Then it's settled. We'll refer to that<0A>new-type helicopter as a Hind from<0A>now on.<0A><END>",그럼 신형이겠군.<0A><00> || 그럼 당신은 삼림지대 페이스페인트를 바르고 계시군요.<0A><00> || 그러면 해결되었습니다. 이제부터는 그 신형 헬리콥터를 하인드(Hind)라고 부르겠습니다.<0A><00>,64,not_generated,
codec,766,실,64,2,codec:766:4151|codec:766:4135,"But the fuel tanks were definitely...<0A><END> || It's got stub wings, and the cockpit canopy<0A>looks like an angular greenhouse.<0A><END>",연료탱크는 확실히...<0A><00> || 뭉툭한 날개가 있고 조종석 캐노피는 각진 온실처럼 보입니다.<0A><00>,64,not_generated,
codec,766,십,64,1,codec:766:4152,Remember how the enemy spotted the C3<0A>while you were busy with Volgin?<0A><END>,Volgin 작업에 바쁜 동안 적이 어떻게 C3를 발견했는지 기억하십니까?<0A><00>,64,not_generated,
codec,766,써,64,3,codec:766:3266|codec:766:543|codec:766:3273,Essaie le RPG-7.<0A><END> || Try using the SVD.<0A><END> || Utilise le SVD.<0A><END>,RPG-7을 써 봐.<0A><00> || SVD를 써 봐.<0A><00> || SVD를 써.<0A><00>,64,not_generated,
codec,766,쓰,64,1,codec:766:1224,Looks like you're using splitter face paint.<0A><END>,SPLITTER FACE PAINT를 쓰고 있군.<0A><00>,64,not_generated,
codec,766,씀,64,1,codec:766:3093,Tu veux dire pendant la Mission Vertueuse ?<0A><END>,Virtuous MISSION 동안을 말씀하시는 건가요?<0A><00>,64,not_generated,
codec,766,양,64,1,codec:766:4134,"No. Some of it looks the same,<0A>but the overall shape is different.<0A><END>",아니요. 일부는 동일해 보이지만 전체적인 모양이 다릅니다.<0A><00>,64,not_generated,
codec,766,억,64,1,codec:766:4152,Remember how the enemy spotted the C3<0A>while you were busy with Volgin?<0A><END>,Volgin 작업에 바쁜 동안 적이 어떻게 C3를 발견했는지 기억하십니까?<0A><00>,64,not_generated,
codec,766,업,64,2,codec:766:70|codec:766:4152,Do whatever works best.<0A><END> || Remember how the enemy spotted the C3<0A>while you were busy with Volgin?<0A><END>,가장 효과적인 작업을 수행해.<0A><00> || Volgin 작업에 바쁜 동안 적이 어떻게 C3를 발견했는지 기억하십니까?<0A><00>,64,not_generated,
codec,766,연,64,3,codec:766:4151|codec:766:4150|codec:766:4153,But the fuel tanks were definitely...<0A><END> || The explosion was smaller than what we<0A>had hoped for because the fuel tanks<0A>didn't catch on fire.<0A><END> || They must have called in the EOD to<0A>remove the fuel from the tanks then.<0A><END>,연료탱크는 확실히...<0A><00> || 연료 탱크에 불이 붙지 않았기 때문에 우리가 기대했던 것보다 폭발 규모가 작았습니다.<0A><00> || EOD를 불러 TANK의 연료를 뺐겠군.<0A><00>,64,not_generated,
codec,766,예,64,1,codec:766:4155,That'll probably be the last one they'll ever<0A>make. You succeeded in preventing its<0A>mass production.<0A><END>,그게 아마도 그들이 만드는 마지막 작품이 될 거예요. 대량생산을 막는 데 성공했습니다.<0A><00>,64,not_generated,
codec,766,오,64,1,codec:766:407,"If one gets tossed your way, turn around<0A>quick.<0A><END>",GRENADE가 날아오면 빨리 돌아서.<0A><00>,64,not_generated,
codec,766,온,64,2,codec:766:4135|codec:766:4149,"It's got stub wings, and the cockpit canopy<0A>looks like an angular greenhouse.<0A><END> || Yeah, but the hangar is still intact.<0A><END>","뭉툭한 날개가 있고 조종석 캐노피는 각진 온실처럼 보입니다.<0A><00> || 네, 하지만 격납고는 아직 온전해요.<0A><00>",64,not_generated,
codec,766,용,64,4,codec:766:973|codec:766:873|codec:766:536|codec:766:1377,Try it out!!<0A><END> || Try it out.<0A><END> || Try the RPG-7.<0A><END> || Use it well!<0A><END>,한번 사용해 보세요!!<0A><00> || 사용해 보세요.<0A><00> || RPG-7을 사용해 보세요.<0A><00> || 잘 활용하세요!<0A><00>,64,not_generated,
codec,766,작,64,5,codec:766:4142|codec:766:70|codec:766:4152|codec:766:4155|codec:766:4150,A next-generation chopper that's a little<0A>smaller than the Hip... Maybe we should<0A>call it a Hind.<0A><END> || Do whatever works best.<0A><END> || Remember how the enemy spotted the C3<0A>while you were busy with Volgin?<0A><END> || That'll probably be the last one they'll ever<0A>make. You succeeded in preventing its<0A>mass production.<0A><END> || The explosion was smaller than what we<0A>had hoped for because the fuel tanks<0A>didn't catch on fire.<0A><END>,Hip보다 작은 차세대 헬기군... Hind라 부를까.<0A><00> || 가장 효과적인 작업을 수행해.<0A><00> || Volgin 작업에 바쁜 동안 적이 어떻게 C3를 발견했는지 기억하십니까?<0A><00> || 그게 아마도 그들이 만드는 마지막 작품이 될 거예요. 대량생산을 막는 데 성공했습니다.<0A><00> || 연료 탱크에 불이 붙지 않았기 때문에 우리가 기대했던 것보다 폭발 규모가 작았습니다.<0A><00>,64,not_generated,
codec,766,장,64,5,codec:766:70|codec:766:418|codec:766:1229|codec:766:4133|codec:766:4141,Do whatever works best.<0A><END> || Don't fool around.<0A><END> || It's most effective against snowy<0A>backgrounds.<0A><END> || Perhaps it's an armed variation of<0A>the Mi-8 Hip?<0A><END> || They must be doing field tests on<0A>the initial prototype.<0A><END>,가장 효과적인 작업을 수행해.<0A><00> || 장난치지 마.<0A><00> || 눈이 내리는 배경에 가장 효과적입니다.<0A><00> || 무장형 Mi-8 Hip인가?<0A><00> || 초기 프로토타입에 대한 현장 테스트를 수행 중임에 틀림없다.<0A><00>,64,not_generated,
codec,766,전,64,6,codec:766:4138|codec:766:4137|codec:766:2013|codec:766:4134|codec:766:4140|codec:766:4149,"A flying infantry combat vehicle?<0A><END> || I've heard stories recently that the Soviets<0A>are developing a ""flying infantry combat<0A>vehicle."" That's got to be it.<0A><END> || No tienes porqu<G6A> neutralizar a todos tus<0A>enemigos, tu <G7B>nica preocupaci<G74>n deber<G6E>a ser<0A>salir de ah<G6E> sano y salvo.<0A><END> || No. Some of it looks the same,<0A>but the overall shape is different.<0A><END> || Think of it as a attack-transport chopper<0A>version of France's AMX-VCI or<0A>the Soviet BMP.<0A><END> || Yeah, but the hangar is still intact.<0A><END>","비행 보병 전투 차량?<0A><00> || 소련이 비행 보병 전투 차량을 만든다는 소문을 들었어. 저거겠군.<0A><00> || 모든 적을 무력화할 필요는 없다. 유일한 관심사는 그곳에서 안전하게 나가는 거다.<0A><00> || 아니요. 일부는 동일해 보이지만 전체적인 모양이 다릅니다.<0A><00> || 프랑스 AMX-VCI 또는 소련 BMP의 공격-수송 헬기 버전이라고 생각해.<0A><00> || 네, 하지만 격납고는 아직 온전해요.<0A><00>",64,not_generated,
codec,766,종,64,1,codec:766:4135,"It's got stub wings, and the cockpit canopy<0A>looks like an angular greenhouse.<0A><END>",뭉툭한 날개가 있고 조종석 캐노피는 각진 온실처럼 보입니다.<0A><00>,64,not_generated,
codec,766,죠,64,2,codec:766:1201|codec:766:1216,"Ah...sure, whatever you say.<0A><END> || Wearing black face paint, huh?<0A><END>",아...물론이죠. 무슨 말을 하든요.<0A><00> || 검은색 페이스 페인트를 바르고 있죠?<0A><00>,64,not_generated,
codec,766,중,64,1,codec:766:4141,They must be doing field tests on<0A>the initial prototype.<0A><END>,초기 프로토타입에 대한 현장 테스트를 수행 중임에 틀림없다.<0A><00>,64,not_generated,
codec,766,직,64,1,codec:766:4149,"Yeah, but the hangar is still intact.<0A><END>","네, 하지만 격납고는 아직 온전해요.<0A><00>",64,not_generated,
codec,766,진,64,1,codec:766:4135,"It's got stub wings, and the cockpit canopy<0A>looks like an angular greenhouse.<0A><END>",뭉툭한 날개가 있고 조종석 캐노피는 각진 온실처럼 보입니다.<0A><00>,64,not_generated,
codec,766,질,64,1,codec:766:300,"Rolling repeatedly should put the flames<0A>out pretty quick, too.<0A><END>",반복해서 구르면 불이 꽤 빨리 꺼질 거다.<0A><00>,64,not_generated,
codec,766,차,64,4,codec:766:4138|codec:766:4142|codec:766:4137|codec:766:4156,"A flying infantry combat vehicle?<0A><END> || A next-generation chopper that's a little<0A>smaller than the Hip... Maybe we should<0A>call it a Hind.<0A><END> || I've heard stories recently that the Soviets<0A>are developing a ""flying infantry combat<0A>vehicle."" That's got to be it.<0A><END> || Now you just have to do something about<0A>the one that Volgin is riding in. It's all<0A>yours!<0A><END>",비행 보병 전투 차량?<0A><00> || Hip보다 작은 차세대 헬기군... Hind라 부를까.<0A><00> || 소련이 비행 보병 전투 차량을 만든다는 소문을 들었어. 저거겠군.<0A><00> || 이제 Volgin이 타고 있는 차량에 대해 조치를 취하기만 하면 됩니다. 모두 귀하의 것입니다!<0A><00>,64,not_generated,
codec,766,처,64,1,codec:766:4135,"It's got stub wings, and the cockpit canopy<0A>looks like an angular greenhouse.<0A><END>",뭉툭한 날개가 있고 조종석 캐노피는 각진 온실처럼 보입니다.<0A><00>,64,not_generated,
codec,766,체,64,2,codec:766:4134|codec:766:4145,"No. Some of it looks the same,<0A>but the overall shape is different.<0A><END> || What the hell, man...!!<0A><END>","아니요. 일부는 동일해 보이지만 전체적인 모양이 다릅니다.<0A><00> || 도대체 뭐야, 친구...!!<0A><00>",64,not_generated,
codec,766,초,64,1,codec:766:4141,They must be doing field tests on<0A>the initial prototype.<0A><END>,초기 프로토타입에 대한 현장 테스트를 수행 중임에 틀림없다.<0A><00>,64,not_generated,
codec,766,춘,64,1,codec:766:4139,Yeah. A transport chopper with troop<0A>carrying capabilities.<0A><END>,네. 병력 수송 능력을 갖춘 수송 헬기입니다.<0A><00>,64,not_generated,
codec,766,충,64,1,codec:766:4154,"But still, the C3 alone should've been<0A>enough to take out the manufacturing line.<0A><END>",하지만 그래도 C3 하나만으로 제조 라인을 빼내기에는 충분했어야 했다.<0A><00>,64,not_generated,
codec,766,취,64,1,codec:766:4156,Now you just have to do something about<0A>the one that Volgin is riding in. It's all<0A>yours!<0A><END>,이제 Volgin이 타고 있는 차량에 대해 조치를 취하기만 하면 됩니다. 모두 귀하의 것입니다!<0A><00>,64,not_generated,
codec,766,치,64,3,codec:766:418|codec:766:920|codec:766:4156,Don't fool around.<0A><END> || Make sure they're well placed.<0A><END> || Now you just have to do something about<0A>the one that Volgin is riding in. It's all<0A>yours!<0A><END>,장난치지 마.<0A><00> || 제대로 설치해.<0A><00> || 이제 Volgin이 타고 있는 차량에 대해 조치를 취하기만 하면 됩니다. 모두 귀하의 것입니다!<0A><00>,64,not_generated,
codec,766,친,64,1,codec:766:4145,"What the hell, man...!!<0A><END>","도대체 뭐야, 친구...!!<0A><00>",64,not_generated,
codec,766,캐,64,1,codec:766:4135,"It's got stub wings, and the cockpit canopy<0A>looks like an angular greenhouse.<0A><END>",뭉툭한 날개가 있고 조종석 캐노피는 각진 온실처럼 보입니다.<0A><00>,64,not_generated,
codec,766,콥,64,1,codec:766:4144,Then it's settled. We'll refer to that<0A>new-type helicopter as a Hind from<0A>now on.<0A><END>,그러면 해결되었습니다. 이제부터는 그 신형 헬리콥터를 하인드(Hind)라고 부르겠습니다.<0A><00>,64,not_generated,
codec,766,타,64,4,codec:766:3099|codec:766:4156|codec:766:1199|codec:766:4141,Les animaux appara<G6F>tront <G6A>galement sur ton<0A>d<G6A>tecteur.<0A><END> || Now you just have to do something about<0A>the one that Volgin is riding in. It's all<0A>yours!<0A><END> || Stylish?<0A><END> || They must be doing field tests on<0A>the initial prototype.<0A><END>,동물도 감지기에 나타납니다.<0A><00> || 이제 Volgin이 타고 있는 차량에 대해 조치를 취하기만 하면 됩니다. 모두 귀하의 것입니다!<0A><00> || 스타일리쉬?<0A><00> || 초기 프로토타입에 대한 현장 테스트를 수행 중임에 틀림없다.<0A><00>,64,not_generated,
codec,766,탄,64,1,codec:766:462,Be especially careful about those<0A>grenades.<0A><END>,특히 수류탄을 조심해.<0A><00>,64,not_generated,
codec,766,탱,64,2,codec:766:4151|codec:766:4150,But the fuel tanks were definitely...<0A><END> || The explosion was smaller than what we<0A>had hoped for because the fuel tanks<0A>didn't catch on fire.<0A><END>,연료탱크는 확실히...<0A><00> || 연료 탱크에 불이 붙지 않았기 때문에 우리가 기대했던 것보다 폭발 규모가 작았습니다.<0A><00>,64,not_generated,
codec,766,테,64,1,codec:766:4141,They must be doing field tests on<0A>the initial prototype.<0A><END>,초기 프로토타입에 대한 현장 테스트를 수행 중임에 틀림없다.<0A><00>,64,not_generated,
codec,766,토,64,1,codec:766:4141,They must be doing field tests on<0A>the initial prototype.<0A><END>,초기 프로토타입에 대한 현장 테스트를 수행 중임에 틀림없다.<0A><00>,64,not_generated,
codec,766,투,64,2,codec:766:4138|codec:766:4137,"A flying infantry combat vehicle?<0A><END> || I've heard stories recently that the Soviets<0A>are developing a ""flying infantry combat<0A>vehicle."" That's got to be it.<0A><END>",비행 보병 전투 차량?<0A><00> || 소련이 비행 보병 전투 차량을 만든다는 소문을 들었어. 저거겠군.<0A><00>,64,not_generated,
codec,766,툭,64,1,codec:766:4135,"It's got stub wings, and the cockpit canopy<0A>looks like an angular greenhouse.<0A><END>",뭉툭한 날개가 있고 조종석 캐노피는 각진 온실처럼 보입니다.<0A><00>,64,not_generated,
codec,766,트,64,3,codec:766:1213|codec:766:4141|codec:766:1216,"So, you're wearing woodland face paint.<0A><END> || They must be doing field tests on<0A>the initial prototype.<0A><END> || Wearing black face paint, huh?<0A><END>",그럼 당신은 삼림지대 페이스페인트를 바르고 계시군요.<0A><00> || 초기 프로토타입에 대한 현장 테스트를 수행 중임에 틀림없다.<0A><00> || 검은색 페이스 페인트를 바르고 있죠?<0A><00>,64,not_generated,
codec,766,틀,64,1,codec:766:4141,They must be doing field tests on<0A>the initial prototype.<0A><END>,초기 프로토타입에 대한 현장 테스트를 수행 중임에 틀림없다.<0A><00>,64,not_generated,
codec,766,페,64,2,codec:766:1213|codec:766:1216,"So, you're wearing woodland face paint.<0A><END> || Wearing black face paint, huh?<0A><END>",그럼 당신은 삼림지대 페이스페인트를 바르고 계시군요.<0A><00> || 검은색 페이스 페인트를 바르고 있죠?<0A><00>,64,not_generated,
codec,766,폭,64,3,codec:766:4196|codec:766:4148|codec:766:4150,"Snake, les C3 ont explos<G6A> sans probl<G69>me.<0A><END> || Snake, the C3 exploded without a hitch.<0A><END> || The explosion was smaller than what we<0A>had hoped for because the fuel tanks<0A>didn't catch on fire.<0A><END>","Snake, C3가 문제없이 폭발했습니다.<0A><00> || Snake, C3가 아무 문제 없이 폭발했습니다.<0A><00> || 연료 탱크에 불이 붙지 않았기 때문에 우리가 기대했던 것보다 폭발 규모가 작았습니다.<0A><00>",64,not_generated,
codec,766,품,64,1,codec:766:4155,That'll probably be the last one they'll ever<0A>make. You succeeded in preventing its<0A>mass production.<0A><END>,그게 아마도 그들이 만드는 마지막 작품이 될 거예요. 대량생산을 막는 데 성공했습니다.<0A><00>,64,not_generated,
codec,766,피,64,1,codec:766:4135,"It's got stub wings, and the cockpit canopy<0A>looks like an angular greenhouse.<0A><END>",뭉툭한 날개가 있고 조종석 캐노피는 각진 온실처럼 보입니다.<0A><00>,64,not_generated,
codec,766,했,64,7,codec:766:4154|codec:766:4152|codec:766:4196|codec:766:4148|codec:766:4155|codec:766:4150|codec:766:1227,"But still, the C3 alone should've been<0A>enough to take out the manufacturing line.<0A><END> || Remember how the enemy spotted the C3<0A>while you were busy with Volgin?<0A><END> || Snake, les C3 ont explos<G6A> sans probl<G69>me.<0A><END> || Snake, the C3 exploded without a hitch.<0A><END> || That'll probably be the last one they'll ever<0A>make. You succeeded in preventing its<0A>mass production.<0A><END> || The explosion was smaller than what we<0A>had hoped for because the fuel tanks<0A>didn't catch on fire.<0A><END> || You're wearing snow face paint.<0A><END>","하지만 그래도 C3 하나만으로 제조 라인을 빼내기에는 충분했어야 했다.<0A><00> || Volgin 작업에 바쁜 동안 적이 어떻게 C3를 발견했는지 기억하십니까?<0A><00> || Snake, C3가 문제없이 폭발했습니다.<0A><00> || Snake, C3가 아무 문제 없이 폭발했습니다.<0A><00> || 그게 아마도 그들이 만드는 마지막 작품이 될 거예요. 대량생산을 막는 데 성공했습니다.<0A><00> || 연료 탱크에 불이 붙지 않았기 때문에 우리가 기대했던 것보다 폭발 규모가 작았습니다.<0A><00> || SNOW FACE PAINT를 했군.<0A><00>",64,not_generated,
codec,766,헬,64,4,codec:766:4142|codec:766:4144|codec:766:4140|codec:766:4139,A next-generation chopper that's a little<0A>smaller than the Hip... Maybe we should<0A>call it a Hind.<0A><END> || Then it's settled. We'll refer to that<0A>new-type helicopter as a Hind from<0A>now on.<0A><END> || Think of it as a attack-transport chopper<0A>version of France's AMX-VCI or<0A>the Soviet BMP.<0A><END> || Yeah. A transport chopper with troop<0A>carrying capabilities.<0A><END>,Hip보다 작은 차세대 헬기군... Hind라 부를까.<0A><00> || 그러면 해결되었습니다. 이제부터는 그 신형 헬리콥터를 하인드(Hind)라고 부르겠습니다.<0A><00> || 프랑스 AMX-VCI 또는 소련 BMP의 공격-수송 헬기 버전이라고 생각해.<0A><00> || 네. 병력 수송 능력을 갖춘 수송 헬기입니다.<0A><00>,64,not_generated,
codec,766,현,64,1,codec:766:4141,They must be doing field tests on<0A>the initial prototype.<0A><END>,초기 프로토타입에 대한 현장 테스트를 수행 중임에 틀림없다.<0A><00>,64,not_generated,
codec,766,형,64,3,codec:766:4136|codec:766:4133|codec:766:4144,No kidding. Then it must be some kind<0A>of new model.<0A><END> || Perhaps it's an armed variation of<0A>the Mi-8 Hip?<0A><END> || Then it's settled. We'll refer to that<0A>new-type helicopter as a Hind from<0A>now on.<0A><END>,그럼 신형이겠군.<0A><00> || 무장형 Mi-8 Hip인가?<0A><00> || 그러면 해결되었습니다. 이제부터는 그 신형 헬리콥터를 하인드(Hind)라고 부르겠습니다.<0A><00>,64,not_generated,
codec,766,화,64,2,codec:766:2013|codec:766:498,"No tienes porqu<G6A> neutralizar a todos tus<0A>enemigos, tu <G7B>nica preocupaci<G74>n deber<G6E>a ser<0A>salir de ah<G6E> sano y salvo.<0A><END> || That gives them some serious firepower.<0A><END>",모든 적을 무력화할 필요는 없다. 유일한 관심사는 그곳에서 안전하게 나가는 거다.<0A><00> || 상당한 화력이 생기지.<0A><00>,64,not_generated,
codec,766,확,64,1,codec:766:4151,But the fuel tanks were definitely...<0A><END>,연료탱크는 확실히...<0A><00>,64,not_generated,
codec,766,활,64,1,codec:766:1377,Use it well!<0A><END>,잘 활용하세요!<0A><00>,64,not_generated,
codec,766,효,64,2,codec:766:70|codec:766:1229,Do whatever works best.<0A><END> || It's most effective against snowy<0A>backgrounds.<0A><END>,가장 효과적인 작업을 수행해.<0A><00> || 눈이 내리는 배경에 가장 효과적입니다.<0A><00>,64,not_generated,
codec,767,선,64,1,codec:767:2895,A infrarouges ?<0A><END>,적외선?<0A><00>,64,not_generated,
codec,767,외,64,1,codec:767:2895,A infrarouges ?<0A><END>,적외선?<0A><00>,64,not_generated,
codec,779,릴,64,1,codec:779:585,Couldn't tell you.<0A><END>,말씀드릴 수 없었습니다.<0A><00>,64,not_generated,
codec,779,모,64,1,codec:779:3335,Aucune id<G6A>e.<0A><END>,모르겠어.<0A><00>,64,not_generated,
codec,779,씀,64,1,codec:779:585,Couldn't tell you.<0A><END>,말씀드릴 수 없었습니다.<0A><00>,64,not_generated,
codec,830,단,64,1,codec:830:14,"Like the Virtuous Mission, Operation Snake<0A>Eater is a solo sneaking mission.<0A><END>","Virtuous MISSION처럼, 작전 Snake Eater는 단독 잠입 MISSION입니다.<0A><00>",64,not_generated,
codec,830,독,64,1,codec:830:14,"Like the Virtuous Mission, Operation Snake<0A>Eater is a solo sneaking mission.<0A><END>","Virtuous MISSION처럼, 작전 Snake Eater는 단독 잠입 MISSION입니다.<0A><00>",64,not_generated,
codec,830,럼,64,1,codec:830:14,"Like the Virtuous Mission, Operation Snake<0A>Eater is a solo sneaking mission.<0A><END>","Virtuous MISSION처럼, 작전 Snake Eater는 단독 잠입 MISSION입니다.<0A><00>",64,not_generated,
codec,830,작,64,1,codec:830:14,"Like the Virtuous Mission, Operation Snake<0A>Eater is a solo sneaking mission.<0A><END>","Virtuous MISSION처럼, 작전 Snake Eater는 단독 잠입 MISSION입니다.<0A><00>",64,not_generated,
codec,830,잠,64,1,codec:830:14,"Like the Virtuous Mission, Operation Snake<0A>Eater is a solo sneaking mission.<0A><END>","Virtuous MISSION처럼, 작전 Snake Eater는 단독 잠입 MISSION입니다.<0A><00>",64,not_generated,
codec,830,전,64,1,codec:830:14,"Like the Virtuous Mission, Operation Snake<0A>Eater is a solo sneaking mission.<0A><END>","Virtuous MISSION처럼, 작전 Snake Eater는 단독 잠입 MISSION입니다.<0A><00>",64,not_generated,
codec,830,처,64,1,codec:830:14,"Like the Virtuous Mission, Operation Snake<0A>Eater is a solo sneaking mission.<0A><END>","Virtuous MISSION처럼, 작전 Snake Eater는 단독 잠입 MISSION입니다.<0A><00>",64,not_generated,
codec,831,과,64,1,codec:831:14,"Unlike the Virtuous Mission, this is<0A>a night operation.<0A><END>",Virtuous Mission과 달리 야간 작전입니다.<0A><00>,64,not_generated,
codec,831,달,64,1,codec:831:14,"Unlike the Virtuous Mission, this is<0A>a night operation.<0A><END>",Virtuous Mission과 달리 야간 작전입니다.<0A><00>,64,not_generated,
codec,831,작,64,1,codec:831:14,"Unlike the Virtuous Mission, this is<0A>a night operation.<0A><END>",Virtuous Mission과 달리 야간 작전입니다.<0A><00>,64,not_generated,
codec,831,전,64,1,codec:831:14,"Unlike the Virtuous Mission, this is<0A>a night operation.<0A><END>",Virtuous Mission과 달리 야간 작전입니다.<0A><00>,64,not_generated,
codec,833,과,64,1,codec:833:14,Operation Snake Eater is different from the<0A>Virtuous Mission in that you won't be able<0A>to complete it in just a few hours.<0A><END>,OPERATION SNAKE EATER는 몇 시간 만에 끝난 VIRTUOUS MISSION과 달라.<0A><00>,64,not_generated,
codec,833,끝,64,1,codec:833:14,Operation Snake Eater is different from the<0A>Virtuous Mission in that you won't be able<0A>to complete it in just a few hours.<0A><END>,OPERATION SNAKE EATER는 몇 시간 만에 끝난 VIRTUOUS MISSION과 달라.<0A><00>,64,not_generated,
codec,833,달,64,1,codec:833:14,Operation Snake Eater is different from the<0A>Virtuous Mission in that you won't be able<0A>to complete it in just a few hours.<0A><END>,OPERATION SNAKE EATER는 몇 시간 만에 끝난 VIRTUOUS MISSION과 달라.<0A><00>,64,not_generated,
codec,833,몇,64,1,codec:833:14,Operation Snake Eater is different from the<0A>Virtuous Mission in that you won't be able<0A>to complete it in just a few hours.<0A><END>,OPERATION SNAKE EATER는 몇 시간 만에 끝난 VIRTUOUS MISSION과 달라.<0A><00>,64,not_generated,
codec,841,능,64,1,codec:841:15,That's impossible. The drone shouldn't have<0A>been picked up by their radar at all.<0A><END>,불가능해. DRONE이 RADAR에 잡힐 리 없어.<0A><00>,64,not_generated,
codec,841,불,64,1,codec:841:15,That's impossible. The drone shouldn't have<0A>been picked up by their radar at all.<0A><END>,불가능해. DRONE이 RADAR에 잡힐 리 없어.<0A><00>,64,not_generated,
codec,841,힐,64,1,codec:841:15,That's impossible. The drone shouldn't have<0A>been picked up by their radar at all.<0A><END>,불가능해. DRONE이 RADAR에 잡힐 리 없어.<0A><00>,64,not_generated,
codec,843,진,64,1,codec:843:14,"Snake, you don't have a tranquilizer<0A>gun right now.<0A><END>","Snake, 지금은 진정제 총이 없다.<0A><00>",64,not_generated,
codec,843,총,64,1,codec:843:14,"Snake, you don't have a tranquilizer<0A>gun right now.<0A><END>","Snake, 지금은 진정제 총이 없다.<0A><00>",64,not_generated,
codec,844,놔,64,1,codec:844:17,"Leave it alone, Snake.<0A><END>","놔둬요, Snake.<0A><00>",64,not_generated,
codec,844,둬,64,1,codec:844:17,"Leave it alone, Snake.<0A><END>","놔둬요, Snake.<0A><00>",64,not_generated,
codec,849,럼,64,2,codec:849:33|codec:849:47,<G40>Y qu<G6A> hora?<0A><END> || Et une heure ?<0A><END>,그럼 시간은?<0A><00> || 그럼 1시간은?<0A><00>,64,not_generated,
codec,859,벼,64,1,codec:859:17,...lighten up...<0A><END>,...가벼워지다...<0A><00>,64,not_generated,
codec,859,워,64,1,codec:859:17,...lighten up...<0A><END>,...가벼워지다...<0A><00>,64,not_generated,
codec,861,럼,64,1,codec:861:18,Of course I do.<0A><END>,그럼.<0A><00>,64,not_generated,
codec,898,괜,64,1,codec:898:24,"Snake, are you OK? Snake!!<0A><END>","Snake, 괜찮나? Snake!!<0A><00>",64,not_generated,
codec,898,찮,64,1,codec:898:24,"Snake, are you OK? Snake!!<0A><END>","Snake, 괜찮나? Snake!!<0A><00>",64,not_generated,
codec,900,론,64,1,codec:900:82,"Oui, bien s<G7C>r que oui.<0A><END>","네, 물론이죠.<0A><00>",64,not_generated,
codec,900,죠,64,1,codec:900:82,"Oui, bien s<G7C>r que oui.<0A><END>","네, 물론이죠.<0A><00>",64,not_generated,
codec,908,각,64,2,codec:908:42|codec:908:61,I wonder if The Boss feels the same...<0A><END> || me pregunto si The Boss piensa igual...<0A><END>,The Boss도 같은 생각일까...<0A><00> || The Boss도 같은 생각일까...<0A><00>,64,not_generated,
codec,908,비,64,2,codec:908:57|codec:908:38,<G40>Preparados para morir?<0A><END> || Ready to die?<0A><END>,<1f><40> 죽을 준비 됐나?<0A><00> || 죽을 준비는 됐나?<0A><00>,64,not_generated,
codec,908,생,64,2,codec:908:42|codec:908:61,I wonder if The Boss feels the same...<0A><END> || me pregunto si The Boss piensa igual...<0A><END>,The Boss도 같은 생각일까...<0A><00> || The Boss도 같은 생각일까...<0A><00>,64,not_generated,
codec,908,준,64,2,codec:908:57|codec:908:38,<G40>Preparados para morir?<0A><END> || Ready to die?<0A><END>,<1f><40> 죽을 준비 됐나?<0A><00> || 죽을 준비는 됐나?<0A><00>,64,not_generated,
codec,909,과,64,1,codec:909:15,Pass through the warehouse and you'll<0A>come out into a forest.<0A><END>,WAREHOUSE를 통과하면 숲이 나와.<0A><00>,64,not_generated,
codec,909,통,64,1,codec:909:15,Pass through the warehouse and you'll<0A>come out into a forest.<0A><END>,WAREHOUSE를 통과하면 숲이 나와.<0A><00>,64,not_generated,
codec,911,갔,64,1,codec:911:14,"Major, Sokolov's been hauled off.<0A><END>","Major, Sokolov가 끌려갔어.<0A><00>",64,not_generated,
codec,911,끌,64,1,codec:911:14,"Major, Sokolov's been hauled off.<0A><END>","Major, Sokolov가 끌려갔어.<0A><00>",64,not_generated,
codec,927,님,64,1,codec:927:24,"Major, this door...<0A><END>","소령님, 이 문은...<0A><00>",64,not_generated,
codec,927,열,64,1,codec:927:25,It won't open?<0A><END>,안 열려?<0A><00>,64,not_generated,
codec,956,글,64,1,codec:956:14,Who knows - they'll probably be a little more<0A>desperate for food just lying around.<0A><END>,글쎄. 먹을 게 부족해질지도.<0A><00>,64,not_generated,
codec,956,먹,64,1,codec:956:14,Who knows - they'll probably be a little more<0A>desperate for food just lying around.<0A><END>,글쎄. 먹을 게 부족해질지도.<0A><00>,64,not_generated,
codec,956,쎄,64,1,codec:956:14,Who knows - they'll probably be a little more<0A>desperate for food just lying around.<0A><END>,글쎄. 먹을 게 부족해질지도.<0A><00>,64,not_generated,
codec,956,족,64,1,codec:956:14,Who knows - they'll probably be a little more<0A>desperate for food just lying around.<0A><END>,글쎄. 먹을 게 부족해질지도.<0A><00>,64,not_generated,
codec,956,질,64,1,codec:956:14,Who knows - they'll probably be a little more<0A>desperate for food just lying around.<0A><END>,글쎄. 먹을 게 부족해질지도.<0A><00>,64,not_generated,
codec,959,감,64,1,codec:959:18,Gut feeling.<0A><END>,직감이야.<0A><00>,64,not_generated,
codec,959,직,64,1,codec:959:18,Gut feeling.<0A><END>,직감이야.<0A><00>,64,not_generated,
codec,992,각,64,1,codec:992:55,T'as vraiment l'esprit tordu...<0A><END>FO,정말 이상한 생각이군...<0A><00>,64,not_generated,
codec,992,생,64,1,codec:992:55,T'as vraiment l'esprit tordu...<0A><END>FO,정말 이상한 생각이군...<0A><00>,64,not_generated,
codec,999,널,64,1,codec:999:19,The tunnel to Groznyj Grad.<0A><END>,Groznyj Grad로 가는 터널.<0A><00>,64,not_generated,
codec,999,텨,64,1,codec:999:14,"Snake, hold on.<0A><END>","Snake, 버텨.<0A><00>",64,not_generated,
codec,1006,농,64,1,codec:1006:17,No kidding.<0A><END>,농담이 아닙니다.<0A><00>,64,not_generated,
codec,1006,닙,64,1,codec:1006:17,No kidding.<0A><END>,농담이 아닙니다.<0A><00>,64,not_generated,
codec,1006,담,64,1,codec:1006:17,No kidding.<0A><END>,농담이 아닙니다.<0A><00>,64,not_generated,
codec,1037,강,64,2,codec:1037:34|codec:1037:39,"Did something happen to you in that river?<0A><END> || Ok, then. When I was in that river...<0A><END>",그 강에서 무슨 일 있었나?<0A><00> || 좋아. 그 강에 있었을 때...<0A><00>,64,not_generated,
codec,1037,널,64,1,codec:1037:38,I'll believe it. I trust you.<0A><END>,믿겠어. 널 믿어.<0A><00>,64,not_generated,
codec,1037,뭘,64,1,codec:1037:66,"<G40>Qu<G6A>...? ... oh, Major...<G40>Qu<G6A> quieres?<0A><END>","뭐...? 아, Major... 뭘 원해?<0A><00>",64,not_generated,
codec,1039,따,64,1,codec:1039:14,"Snake, are you being pursued by the<0A>enemy?<0A><END>","Snake, enemy가 따라오나?<0A><00>",64,not_generated,
codec,1039,오,64,1,codec:1039:14,"Snake, are you being pursued by the<0A>enemy?<0A><END>","Snake, enemy가 따라오나?<0A><00>",64,not_generated,
codec,1067,된,64,1,codec:1067:14,"Snake, it appears they've got snipers<0A>in place.<0A><END>","Snake, SNIPER가 배치된 것 같아.<0A><00>",64,not_generated,
codec,1067,배,64,1,codec:1067:14,"Snake, it appears they've got snipers<0A>in place.<0A><END>","Snake, SNIPER가 배치된 것 같아.<0A><00>",64,not_generated,
codec,1067,치,64,1,codec:1067:14,"Snake, it appears they've got snipers<0A>in place.<0A><END>","Snake, SNIPER가 배치된 것 같아.<0A><00>",64,not_generated,
codec,1081,떼,64,1,codec:1081:15,You'll need to use a grenade to get rid of<0A>the hornet swarm first.<0A><END>,먼저 GRENADE로 HORNET 떼를 없애.<0A><00>,64,not_generated,
codec,1081,먼,64,1,codec:1081:15,You'll need to use a grenade to get rid of<0A>the hornet swarm first.<0A><END>,먼저 GRENADE로 HORNET 떼를 없애.<0A><00>,64,not_generated,
codec,1081,애,64,1,codec:1081:15,You'll need to use a grenade to get rid of<0A>the hornet swarm first.<0A><END>,먼저 GRENADE로 HORNET 떼를 없애.<0A><00>,64,not_generated,
codec,1089,롭,64,1,codec:1089:14,"Snake, if The Pain's hornets stick to you,<0A>you won't be able to move freely.<0A><END>","Snake, The Pain의 HORNET이 붙으면 자유롭게 못 움직여.<0A><00>",64,not_generated,
codec,1089,붙,64,1,codec:1089:14,"Snake, if The Pain's hornets stick to you,<0A>you won't be able to move freely.<0A><END>","Snake, The Pain의 HORNET이 붙으면 자유롭게 못 움직여.<0A><00>",64,not_generated,
codec,1089,움,64,1,codec:1089:14,"Snake, if The Pain's hornets stick to you,<0A>you won't be able to move freely.<0A><END>","Snake, The Pain의 HORNET이 붙으면 자유롭게 못 움직여.<0A><00>",64,not_generated,
codec,1089,직,64,1,codec:1089:14,"Snake, if The Pain's hornets stick to you,<0A>you won't be able to move freely.<0A><END>","Snake, The Pain의 HORNET이 붙으면 자유롭게 못 움직여.<0A><00>",64,not_generated,
codec,1097,속,64,1,codec:1097:14,"To move forward underwater, use the<0A>Circle Pad.<0A><END>",물속에서 CIRCLE PAD로 전진해.<0A><00>,64,not_generated,
codec,1097,전,64,1,codec:1097:14,"To move forward underwater, use the<0A>Circle Pad.<0A><END>",물속에서 CIRCLE PAD로 전진해.<0A><00>,64,not_generated,
codec,1097,진,64,1,codec:1097:14,"To move forward underwater, use the<0A>Circle Pad.<0A><END>",물속에서 CIRCLE PAD로 전진해.<0A><00>,64,not_generated,
codec,1101,빛,64,1,codec:1101:15,"When you're near the light from a flare,<0A>your Camo Index will go down.<0A><END>",FLARE 빛 가까이에선 CAMO INDEX가 내려가.<0A><00>,64,not_generated,
codec,1101,선,64,1,codec:1101:15,"When you're near the light from a flare,<0A>your Camo Index will go down.<0A><END>",FLARE 빛 가까이에선 CAMO INDEX가 내려가.<0A><00>,64,not_generated,
codec,1107,글,64,1,codec:1107:25,"Well, I...<0A><END>","글쎄요, 저는...<0A><00>",64,not_generated,
codec,1107,댄,64,1,codec:1107:27,A ritual dance?<0A><END>,의식 댄스?<0A><00>,64,not_generated,
codec,1107,론,64,1,codec:1107:30,Of course.<0A><END>,물론이죠.<0A><00>,64,not_generated,
codec,1107,식,64,1,codec:1107:27,A ritual dance?<0A><END>,의식 댄스?<0A><00>,64,not_generated,
codec,1107,쎄,64,1,codec:1107:25,"Well, I...<0A><END>","글쎄요, 저는...<0A><00>",64,not_generated,
codec,1107,죠,64,1,codec:1107:30,Of course.<0A><END>,물론이죠.<0A><00>,64,not_generated,
codec,1118,통,64,1,codec:1118:24,"Snake, ton d<G6A>guisement a l'air de fonctionner.<0A><END>","Snake, disguise가 통하는군.<0A><00>",64,not_generated,
codec,1121,굴,64,1,codec:1121:16,Take care to keep your face hidden<0A>from the scientists.<0A><END>,SCIENTIST에게 얼굴을 보이지 마.<0A><00>,64,not_generated,
codec,1121,얼,64,1,codec:1121:16,Take care to keep your face hidden<0A>from the scientists.<0A><END>,SCIENTIST에게 얼굴을 보이지 마.<0A><00>,64,not_generated,
codec,1130,주,64,1,codec:1130:12,"Go into the Survival Viewer and use<0A>""CURE"" to give yourself a serum<0A>injection!<0A><END>",SURVIVAL에서 CURE로 SERUM을 주사해!<0A><00>,64,not_generated,
codec,1146,노,64,1,codec:1146:15,He's lying low somewhere in those woods<0A>and waiting for his chance.<0A><END>,숲 어딘가에 숨어 기회를 노리고 있어.<0A><00>,64,not_generated,
codec,1146,딘,64,1,codec:1146:15,He's lying low somewhere in those woods<0A>and waiting for his chance.<0A><END>,숲 어딘가에 숨어 기회를 노리고 있어.<0A><00>,64,not_generated,
codec,1146,숨,64,1,codec:1146:15,He's lying low somewhere in those woods<0A>and waiting for his chance.<0A><END>,숲 어딘가에 숨어 기회를 노리고 있어.<0A><00>,64,not_generated,
codec,1146,회,64,1,codec:1146:15,He's lying low somewhere in those woods<0A>and waiting for his chance.<0A><END>,숲 어딘가에 숨어 기회를 노리고 있어.<0A><00>,64,not_generated,
codec,1150,늘,64,1,codec:1150:10,"If you're hit by one of The End's<0A>tranquilizer rounds, the tranquilizer<0A>needle will stay stuck in your body.<0A><END>",The End의 마취탄에 맞으면 바늘이 몸에 박혀.<0A><00>,64,not_generated,
codec,1150,맞,64,1,codec:1150:10,"If you're hit by one of The End's<0A>tranquilizer rounds, the tranquilizer<0A>needle will stay stuck in your body.<0A><END>",The End의 마취탄에 맞으면 바늘이 몸에 박혀.<0A><00>,64,not_generated,
codec,1150,몸,64,1,codec:1150:10,"If you're hit by one of The End's<0A>tranquilizer rounds, the tranquilizer<0A>needle will stay stuck in your body.<0A><END>",The End의 마취탄에 맞으면 바늘이 몸에 박혀.<0A><00>,64,not_generated,
codec,1150,박,64,1,codec:1150:10,"If you're hit by one of The End's<0A>tranquilizer rounds, the tranquilizer<0A>needle will stay stuck in your body.<0A><END>",The End의 마취탄에 맞으면 바늘이 몸에 박혀.<0A><00>,64,not_generated,
codec,1150,취,64,1,codec:1150:10,"If you're hit by one of The End's<0A>tranquilizer rounds, the tranquilizer<0A>needle will stay stuck in your body.<0A><END>",The End의 마취탄에 맞으면 바늘이 몸에 박혀.<0A><00>,64,not_generated,
codec,1150,탄,64,1,codec:1150:10,"If you're hit by one of The End's<0A>tranquilizer rounds, the tranquilizer<0A>needle will stay stuck in your body.<0A><END>",The End의 마취탄에 맞으면 바늘이 몸에 박혀.<0A><00>,64,not_generated,
codec,1150,혀,64,1,codec:1150:10,"If you're hit by one of The End's<0A>tranquilizer rounds, the tranquilizer<0A>needle will stay stuck in your body.<0A><END>",The End의 마취탄에 맞으면 바늘이 몸에 박혀.<0A><00>,64,not_generated,
codec,1153,줘,64,1,codec:1153:14,The best locations for sniping are<0A>determined naturally by the terrain.<0A><END>,SNIPING 위치는 지형이 정해 줘.<0A><00>,64,not_generated,
codec,1153,치,64,1,codec:1153:14,The best locations for sniping are<0A>determined naturally by the terrain.<0A><END>,SNIPING 위치는 지형이 정해 줘.<0A><00>,64,not_generated,
codec,1153,형,64,1,codec:1153:14,The best locations for sniping are<0A>determined naturally by the terrain.<0A><END>,SNIPING 위치는 지형이 정해 줘.<0A><00>,64,not_generated,
codec,1161,써,64,1,codec:1161:16,You might also try using the directional<0A>microphone.<0A><END>,DIRECTIONAL MIC도 써 봐.<0A><00>,64,not_generated,
codec,1164,높,64,1,codec:1164:30,"Snake, ces montagnes sont tr<G69>s <G6A>lev<G6A>es.<0A><END>","Snake, 이 산은 아주 높아.<0A><00>",64,not_generated,
codec,1164,산,64,1,codec:1164:30,"Snake, ces montagnes sont tr<G69>s <G6A>lev<G6A>es.<0A><END>","Snake, 이 산은 아주 높아.<0A><00>",64,not_generated,
codec,1164,주,64,1,codec:1164:30,"Snake, ces montagnes sont tr<G69>s <G6A>lev<G6A>es.<0A><END>","Snake, 이 산은 아주 높아.<0A><00>",64,not_generated,
codec,1175,공,64,1,codec:1175:14,You can operate an anti-aircraft gun<0A>emplacement by standing next to it<0A>and pressing the Action Button.<0A><END>,대공포 옆에서<0A>액션 버튼을 눌러 조작해.<0A><00>,64,not_generated,
codec,1175,눌,64,1,codec:1175:14,You can operate an anti-aircraft gun<0A>emplacement by standing next to it<0A>and pressing the Action Button.<0A><END>,대공포 옆에서<0A>액션 버튼을 눌러 조작해.<0A><00>,64,not_generated,
codec,1175,액,64,1,codec:1175:14,You can operate an anti-aircraft gun<0A>emplacement by standing next to it<0A>and pressing the Action Button.<0A><END>,대공포 옆에서<0A>액션 버튼을 눌러 조작해.<0A><00>,64,not_generated,
codec,1175,옆,64,1,codec:1175:14,You can operate an anti-aircraft gun<0A>emplacement by standing next to it<0A>and pressing the Action Button.<0A><END>,대공포 옆에서<0A>액션 버튼을 눌러 조작해.<0A><00>,64,not_generated,
codec,1175,작,64,1,codec:1175:14,You can operate an anti-aircraft gun<0A>emplacement by standing next to it<0A>and pressing the Action Button.<0A><END>,대공포 옆에서<0A>액션 버튼을 눌러 조작해.<0A><00>,64,not_generated,
codec,1175,튼,64,1,codec:1175:14,You can operate an anti-aircraft gun<0A>emplacement by standing next to it<0A>and pressing the Action Button.<0A><END>,대공포 옆에서<0A>액션 버튼을 눌러 조작해.<0A><00>,64,not_generated,
codec,1189,곧,64,1,codec:1189:17,"Sorry, Major. I'll get...<0A><END>","미안, Major. 곧...<0A><00>",64,not_generated,
codec,1189,찾,64,1,codec:1189:14,"Snake, have you found Raikov?<0A><END>","Snake, Raikov를 찾았나요?<0A><00>",64,not_generated,
codec,1212,실,64,1,codec:1212:16,"If that happens, your mission will end in<0A>failure.<0A><END>",그러면 MISSION은 실패야.<0A><00>,64,not_generated,
codec,1212,패,64,1,codec:1212:16,"If that happens, your mission will end in<0A>failure.<0A><END>",그러면 MISSION은 실패야.<0A><00>,64,not_generated,
codec,1218,연,64,1,codec:1218:15,Coincidence?<0A><END>,우연의 일치?<0A><00>,64,not_generated,
codec,1218,치,64,1,codec:1218:15,Coincidence?<0A><END>,우연의 일치?<0A><00>,64,not_generated,
codec,1218,형,64,1,codec:1218:22,I don't have any brothers.<0A><END>,난 형제가 없어.<0A><00>,64,not_generated,
codec,1219,괜,64,1,codec:1219:26,You're all right...<0A><END>,괜찮아...<0A><00>,64,not_generated,
codec,1219,찮,64,1,codec:1219:26,You're all right...<0A><END>,괜찮아...<0A><00>,64,not_generated,
codec,1224,럼,64,1,codec:1224:16,"What was it, then?<0A><END>",그럼 뭐였지?<0A><00>,64,not_generated,
codec,1224,였,64,1,codec:1224:16,"What was it, then?<0A><END>",그럼 뭐였지?<0A><00>,64,not_generated,
codec,1231,짜,64,1,codec:1231:17,A fake death pill?<0A><END>,가짜 사형제?<0A><00>,64,not_generated,
codec,1231,형,64,1,codec:1231:17,A fake death pill?<0A><END>,가짜 사형제?<0A><00>,64,not_generated,
codec,1240,긴,64,1,codec:1240:17,...Where am I?<0A><END>,...여긴 어디지?<0A><00>,64,not_generated,
codec,1240,꿈,64,1,codec:1240:24,Was it a dream...<0A><END>,꿈이었나...<0A><00>,64,not_generated,
codec,1240,년,64,1,codec:1240:15,"...Major, what year is this?<0A><END>","...소령님, 올해는 몇 년도입니까?<0A><00>",64,not_generated,
codec,1240,님,64,1,codec:1240:15,"...Major, what year is this?<0A><END>","...소령님, 올해는 몇 년도입니까?<0A><00>",64,not_generated,
codec,1240,몇,64,1,codec:1240:15,"...Major, what year is this?<0A><END>","...소령님, 올해는 몇 년도입니까?<0A><00>",64,not_generated,
codec,1240,송,64,1,codec:1240:16,Beg your pardon?<0A><END>,죄송합니다.<0A><00>,64,not_generated,
codec,1240,죄,64,1,codec:1240:16,Beg your pardon?<0A><END>,죄송합니다.<0A><00>,64,not_generated,
codec,1240,합,64,1,codec:1240:16,Beg your pardon?<0A><END>,죄송합니다.<0A><00>,64,not_generated,
codec,1257,끝,64,1,codec:1257:19,"When it reaches zero, it's all over.<0A>You've got to finish him off before then!<0A><END>",0이 되면 끝이야. 그전에 끝내!<0A><00>,64,not_generated,
codec,1257,속,64,1,codec:1257:18,And don't forget that the timer is still<0A>ticking on the C3 detonators.<0A><END>,C3 TIMER가 계속 가는 것도 잊지 마.<0A><00>,64,not_generated,
codec,1257,잊,64,1,codec:1257:18,And don't forget that the timer is still<0A>ticking on the C3 detonators.<0A><END>,C3 TIMER가 계속 가는 것도 잊지 마.<0A><00>,64,not_generated,
codec,1257,전,64,1,codec:1257:19,"When it reaches zero, it's all over.<0A>You've got to finish him off before then!<0A><END>",0이 되면 끝이야. 그전에 끝내!<0A><00>,64,not_generated,
codec,1344,골,64,1,codec:1344:10,"To treat an injury, first press the START<0A>button to open the Survival Viewer.<0A>Then select ""CURE"" to start the treatment.<0A><END>",부상 치료는 START로 SURVIVAL을 열고 CURE를 골라.<0A><00>,64,not_generated,
codec,1344,료,64,2,codec:1344:11|codec:1344:10,"Healing is divided into medicinal<0A>treatment and surgical treatment.<0A><END> || To treat an injury, first press the START<0A>button to open the Survival Viewer.<0A>Then select ""CURE"" to start the treatment.<0A><END>",치유에는 약물치료와 수술치료가 있다.<0A><00> || 부상 치료는 START로 SURVIVAL을 열고 CURE를 골라.<0A><00>,64,not_generated,
codec,1344,술,64,1,codec:1344:11,Healing is divided into medicinal<0A>treatment and surgical treatment.<0A><END>,치유에는 약물치료와 수술치료가 있다.<0A><00>,64,not_generated,
codec,1344,약,64,1,codec:1344:11,Healing is divided into medicinal<0A>treatment and surgical treatment.<0A><END>,치유에는 약물치료와 수술치료가 있다.<0A><00>,64,not_generated,
codec,1344,열,64,1,codec:1344:10,"To treat an injury, first press the START<0A>button to open the Survival Viewer.<0A>Then select ""CURE"" to start the treatment.<0A><END>",부상 치료는 START로 SURVIVAL을 열고 CURE를 골라.<0A><00>,64,not_generated,
codec,1344,치,64,2,codec:1344:11|codec:1344:10,"Healing is divided into medicinal<0A>treatment and surgical treatment.<0A><END> || To treat an injury, first press the START<0A>button to open the Survival Viewer.<0A>Then select ""CURE"" to start the treatment.<0A><END>",치유에는 약물치료와 수술치료가 있다.<0A><00> || 부상 치료는 START로 SURVIVAL을 열고 CURE를 골라.<0A><00>,64,not_generated,
codec,1354,든,64,1,codec:1354:14,"Snake, watch out for enemy soldiers<0A>carrying RPG-7s.<0A><END>","Snake, RPG-7 든 적을 조심해.<0A><00>",64,not_generated,
codec,1357,먹,64,1,codec:1357:14,So be sure to check the icon before you<0A>eat the food.<0A><END>,FOOD를 먹기 전 ICON을 확인해.<0A><00>,64,not_generated,
codec,1357,전,64,1,codec:1357:14,So be sure to check the icon before you<0A>eat the food.<0A><END>,FOOD를 먹기 전 ICON을 확인해.<0A><00>,64,not_generated,
codec,1357,확,64,1,codec:1357:14,So be sure to check the icon before you<0A>eat the food.<0A><END>,FOOD를 먹기 전 ICON을 확인해.<0A><00>,64,not_generated,
codec,1359,토,64,1,codec:1359:11,You can also induce vomiting.<0A><END>,토할 수도 있어.<0A><00>,64,not_generated,
codec,1362,엄,64,1,codec:1362:15,"You'll move in the direction that the<0A>camera is facing. So, point the camera<0A>in the direction you want to swim.<0A><END>",CAMERA 방향으로 움직여. 헤엄칠 방향으로 CAMERA를 돌려.<0A><00>,64,not_generated,
codec,1362,움,64,1,codec:1362:15,"You'll move in the direction that the<0A>camera is facing. So, point the camera<0A>in the direction you want to swim.<0A><END>",CAMERA 방향으로 움직여. 헤엄칠 방향으로 CAMERA를 돌려.<0A><00>,64,not_generated,
codec,1362,직,64,1,codec:1362:15,"You'll move in the direction that the<0A>camera is facing. So, point the camera<0A>in the direction you want to swim.<0A><END>",CAMERA 방향으로 움직여. 헤엄칠 방향으로 CAMERA를 돌려.<0A><00>,64,not_generated,
codec,1362,칠,64,1,codec:1362:15,"You'll move in the direction that the<0A>camera is facing. So, point the camera<0A>in the direction you want to swim.<0A><END>",CAMERA 방향으로 움직여. 헤엄칠 방향으로 CAMERA를 돌려.<0A><00>,64,not_generated,
codec,1362,향,64,1,codec:1362:15,"You'll move in the direction that the<0A>camera is facing. So, point the camera<0A>in the direction you want to swim.<0A><END>",CAMERA 방향으로 움직여. 헤엄칠 방향으로 CAMERA를 돌려.<0A><00>,64,not_generated,
codec,1362,헤,64,1,codec:1362:15,"You'll move in the direction that the<0A>camera is facing. So, point the camera<0A>in the direction you want to swim.<0A><END>",CAMERA 방향으로 움직여. 헤엄칠 방향으로 CAMERA를 돌려.<0A><00>,64,not_generated,
codec,1365,롤,64,1,codec:1365:14,"Snake, let's go over the controls for<0A>CQC one more time.<0A><END>","Snake, CQC에 대한 컨트롤을 한 번 더 살펴보겠습니다.<0A><00>",64,not_generated,
codec,1365,살,64,1,codec:1365:14,"Snake, let's go over the controls for<0A>CQC one more time.<0A><END>","Snake, CQC에 대한 컨트롤을 한 번 더 살펴보겠습니다.<0A><00>",64,not_generated,
codec,1365,컨,64,1,codec:1365:14,"Snake, let's go over the controls for<0A>CQC one more time.<0A><END>","Snake, CQC에 대한 컨트롤을 한 번 더 살펴보겠습니다.<0A><00>",64,not_generated,
codec,1365,트,64,1,codec:1365:14,"Snake, let's go over the controls for<0A>CQC one more time.<0A><END>","Snake, CQC에 대한 컨트롤을 한 번 더 살펴보겠습니다.<0A><00>",64,not_generated,
codec,1365,펴,64,1,codec:1365:14,"Snake, let's go over the controls for<0A>CQC one more time.<0A><END>","Snake, CQC에 대한 컨트롤을 한 번 더 살펴보겠습니다.<0A><00>",64,not_generated,
codec,1366,격,64,1,codec:1366:26,"But stay alert. While the enemy is nearly<0A>helpless in your grasp, if you give him<0A>a chance, he'll turn the tables on you.<0A><END>",방심 마. 붙잡힌 적도 기회를 주면 반격해.<0A><00>,64,not_generated,
codec,1366,뒤,64,1,codec:1366:14,"When you're holding an enemy from<0A>behind, he'll be almost completely<0A>helpless.<0A><END>",적을 뒤에서 붙잡고 있으면 그는 거의 완전히 무력해질 거다.<0A><00>,64,not_generated,
codec,1366,력,64,1,codec:1366:14,"When you're holding an enemy from<0A>behind, he'll be almost completely<0A>helpless.<0A><END>",적을 뒤에서 붙잡고 있으면 그는 거의 완전히 무력해질 거다.<0A><00>,64,not_generated,
codec,1366,반,64,1,codec:1366:26,"But stay alert. While the enemy is nearly<0A>helpless in your grasp, if you give him<0A>a chance, he'll turn the tables on you.<0A><END>",방심 마. 붙잡힌 적도 기회를 주면 반격해.<0A><00>,64,not_generated,
codec,1366,붙,64,2,codec:1366:26|codec:1366:14,"But stay alert. While the enemy is nearly<0A>helpless in your grasp, if you give him<0A>a chance, he'll turn the tables on you.<0A><END> || When you're holding an enemy from<0A>behind, he'll be almost completely<0A>helpless.<0A><END>",방심 마. 붙잡힌 적도 기회를 주면 반격해.<0A><00> || 적을 뒤에서 붙잡고 있으면 그는 거의 완전히 무력해질 거다.<0A><00>,64,not_generated,
codec,1366,쓸,64,1,codec:1366:15,"From there, there are a number of things<0A>you can do.<0A><END>",거기서 여러 방법을 쓸 수 있어.<0A><00>,64,not_generated,
codec,1366,완,64,1,codec:1366:14,"When you're holding an enemy from<0A>behind, he'll be almost completely<0A>helpless.<0A><END>",적을 뒤에서 붙잡고 있으면 그는 거의 완전히 무력해질 거다.<0A><00>,64,not_generated,
codec,1366,전,64,1,codec:1366:14,"When you're holding an enemy from<0A>behind, he'll be almost completely<0A>helpless.<0A><END>",적을 뒤에서 붙잡고 있으면 그는 거의 완전히 무력해질 거다.<0A><00>,64,not_generated,
codec,1366,주,64,1,codec:1366:26,"But stay alert. While the enemy is nearly<0A>helpless in your grasp, if you give him<0A>a chance, he'll turn the tables on you.<0A><END>",방심 마. 붙잡힌 적도 기회를 주면 반격해.<0A><00>,64,not_generated,
codec,1366,질,64,1,codec:1366:14,"When you're holding an enemy from<0A>behind, he'll be almost completely<0A>helpless.<0A><END>",적을 뒤에서 붙잡고 있으면 그는 거의 완전히 무력해질 거다.<0A><00>,64,not_generated,
codec,1366,회,64,1,codec:1366:26,"But stay alert. While the enemy is nearly<0A>helpless in your grasp, if you give him<0A>a chance, he'll turn the tables on you.<0A><END>",방심 마. 붙잡힌 적도 기회를 주면 반격해.<0A><00>,64,not_generated,
codec,1366,힌,64,1,codec:1366:26,"But stay alert. While the enemy is nearly<0A>helpless in your grasp, if you give him<0A>a chance, he'll turn the tables on you.<0A><END>",방심 마. 붙잡힌 적도 기회를 주면 반격해.<0A><00>,64,not_generated,
codec,1367,권,64,1,codec:1367:15,"such as the survival knife, a handgun,<0A>or your bare hands.<0A><END>","예를 들어 SURVIVAL 나이프, 권총 또는 맨손.<0A><00>",64,not_generated,
codec,1367,맨,64,1,codec:1367:15,"such as the survival knife, a handgun,<0A>or your bare hands.<0A><END>","예를 들어 SURVIVAL 나이프, 권총 또는 맨손.<0A><00>",64,not_generated,
codec,1367,손,64,1,codec:1367:15,"such as the survival knife, a handgun,<0A>or your bare hands.<0A><END>","예를 들어 SURVIVAL 나이프, 권총 또는 맨손.<0A><00>",64,not_generated,
codec,1367,예,64,1,codec:1367:15,"such as the survival knife, a handgun,<0A>or your bare hands.<0A><END>","예를 들어 SURVIVAL 나이프, 권총 또는 맨손.<0A><00>",64,not_generated,
codec,1367,총,64,1,codec:1367:15,"such as the survival knife, a handgun,<0A>or your bare hands.<0A><END>","예를 들어 SURVIVAL 나이프, 권총 또는 맨손.<0A><00>",64,not_generated,
codec,1369,뒤,64,1,codec:1369:17,Apparently that's what they call The Boss<0A>behind the Iron Curtain.<0A><END>,분명히 그들은 철의 장막 뒤의 The Boss라고 부릅니다.<0A><00>,64,not_generated,
codec,1369,릅,64,1,codec:1369:17,Apparently that's what they call The Boss<0A>behind the Iron Curtain.<0A><END>,분명히 그들은 철의 장막 뒤의 The Boss라고 부릅니다.<0A><00>,64,not_generated,
codec,1369,막,64,1,codec:1369:17,Apparently that's what they call The Boss<0A>behind the Iron Curtain.<0A><END>,분명히 그들은 철의 장막 뒤의 The Boss라고 부릅니다.<0A><00>,64,not_generated,
codec,1369,예,64,1,codec:1369:16,Voyevoda?<0A><END>,보예보다?<0A><00>,64,not_generated,
codec,1369,장,64,1,codec:1369:17,Apparently that's what they call The Boss<0A>behind the Iron Curtain.<0A><END>,분명히 그들은 철의 장막 뒤의 The Boss라고 부릅니다.<0A><00>,64,not_generated,
codec,1369,철,64,1,codec:1369:17,Apparently that's what they call The Boss<0A>behind the Iron Curtain.<0A><END>,분명히 그들은 철의 장막 뒤의 The Boss라고 부릅니다.<0A><00>,64,not_generated,
codec,1370,북,64,1,codec:1370:14,"Major, why did The Boss defect?<0A><END>","소령, The Boss는 왜 탈북했나요?<0A><00>",64,not_generated,
codec,1370,탈,64,1,codec:1370:14,"Major, why did The Boss defect?<0A><END>","소령, The Boss는 왜 탈북했나요?<0A><00>",64,not_generated,
codec,1370,했,64,1,codec:1370:14,"Major, why did The Boss defect?<0A><END>","소령, The Boss는 왜 탈북했나요?<0A><00>",64,not_generated,
codec,1371,각,64,1,codec:1371:21,I don't intend to.<0A><END>,그럴 생각은 없어요.<0A><00>,64,not_generated,
codec,1371,생,64,1,codec:1371:21,I don't intend to.<0A><END>,그럴 생각은 없어요.<0A><00>,64,not_generated,
codec,1371,움,64,1,codec:1371:20,"You may be working together, but she's<0A>still a KGB operative. Don't let your guard<0A>down.<0A><END>",함께 움직여도 EVA는 KGB야. 방심 마.<0A><00>,64,not_generated,
codec,1371,직,64,1,codec:1371:20,"You may be working together, but she's<0A>still a KGB operative. Don't let your guard<0A>down.<0A><END>",함께 움직여도 EVA는 KGB야. 방심 마.<0A><00>,64,not_generated,
codec,1372,년,64,2,codec:1372:17|codec:1372:49,"Snake, do you remember the Francis Gary<0A>Powers incident back in 1960?<0A><END> || Snake, tu te souviens de l'incident avec<0A>Francis Gary Powers en 1960?<0A><END>","Snake, 1960년 Francis Gary Powers 사건을 기억하나?<0A><00> || Snake, 1960년 Francis Gary Powers 사건을 기억하시나요?<0A><00>",64,not_generated,
codec,1372,억,64,2,codec:1372:17|codec:1372:49,"Snake, do you remember the Francis Gary<0A>Powers incident back in 1960?<0A><END> || Snake, tu te souviens de l'incident avec<0A>Francis Gary Powers en 1960?<0A><END>","Snake, 1960년 Francis Gary Powers 사건을 기억하나?<0A><00> || Snake, 1960년 Francis Gary Powers 사건을 기억하시나요?<0A><00>",64,not_generated,
codec,1373,경,64,1,codec:1373:51,"Volgin, pour sa part,<0A><END>","Volgin의 경우,<0A><00>",64,not_generated,
codec,1374,결,64,1,codec:1374:77,"Apr<G69>s cela, les Am<G6A>ricains <G6A>tant toujours<0A>derri<G69>re les Sovi<G6A>tiques en terme de vol<0A>orbital, le Pr<G6A>sident Kennedy a pris une<0A>d<G6A>cision l<G6A>gendaire.<0A><END>",그 후 궤도 비행 측면에서 미국이 여전히 소련에 뒤처져 있는 상황에서 케네디 대통령은 전설적인 결정을 내렸습니다.<0A><00>,64,not_generated,
codec,1374,국,64,1,codec:1374:77,"Apr<G69>s cela, les Am<G6A>ricains <G6A>tant toujours<0A>derri<G69>re les Sovi<G6A>tiques en terme de vol<0A>orbital, le Pr<G6A>sident Kennedy a pris une<0A>d<G6A>cision l<G6A>gendaire.<0A><END>",그 후 궤도 비행 측면에서 미국이 여전히 소련에 뒤처져 있는 상황에서 케네디 대통령은 전설적인 결정을 내렸습니다.<0A><00>,64,not_generated,
codec,1374,궤,64,1,codec:1374:77,"Apr<G69>s cela, les Am<G6A>ricains <G6A>tant toujours<0A>derri<G69>re les Sovi<G6A>tiques en terme de vol<0A>orbital, le Pr<G6A>sident Kennedy a pris une<0A>d<G6A>cision l<G6A>gendaire.<0A><END>",그 후 궤도 비행 측면에서 미국이 여전히 소련에 뒤처져 있는 상황에서 케네디 대통령은 전설적인 결정을 내렸습니다.<0A><00>,64,not_generated,
codec,1374,뒤,64,1,codec:1374:77,"Apr<G69>s cela, les Am<G6A>ricains <G6A>tant toujours<0A>derri<G69>re les Sovi<G6A>tiques en terme de vol<0A>orbital, le Pr<G6A>sident Kennedy a pris une<0A>d<G6A>cision l<G6A>gendaire.<0A><END>",그 후 궤도 비행 측면에서 미국이 여전히 소련에 뒤처져 있는 상황에서 케네디 대통령은 전설적인 결정을 내렸습니다.<0A><00>,64,not_generated,
codec,1374,련,64,1,codec:1374:77,"Apr<G69>s cela, les Am<G6A>ricains <G6A>tant toujours<0A>derri<G69>re les Sovi<G6A>tiques en terme de vol<0A>orbital, le Pr<G6A>sident Kennedy a pris une<0A>d<G6A>cision l<G6A>gendaire.<0A><END>",그 후 궤도 비행 측면에서 미국이 여전히 소련에 뒤처져 있는 상황에서 케네디 대통령은 전설적인 결정을 내렸습니다.<0A><00>,64,not_generated,
codec,1374,렸,64,1,codec:1374:77,"Apr<G69>s cela, les Am<G6A>ricains <G6A>tant toujours<0A>derri<G69>re les Sovi<G6A>tiques en terme de vol<0A>orbital, le Pr<G6A>sident Kennedy a pris une<0A>d<G6A>cision l<G6A>gendaire.<0A><END>",그 후 궤도 비행 측면에서 미국이 여전히 소련에 뒤처져 있는 상황에서 케네디 대통령은 전설적인 결정을 내렸습니다.<0A><00>,64,not_generated,
codec,1374,비,64,1,codec:1374:77,"Apr<G69>s cela, les Am<G6A>ricains <G6A>tant toujours<0A>derri<G69>re les Sovi<G6A>tiques en terme de vol<0A>orbital, le Pr<G6A>sident Kennedy a pris une<0A>d<G6A>cision l<G6A>gendaire.<0A><END>",그 후 궤도 비행 측면에서 미국이 여전히 소련에 뒤처져 있는 상황에서 케네디 대통령은 전설적인 결정을 내렸습니다.<0A><00>,64,not_generated,
codec,1374,전,64,1,codec:1374:77,"Apr<G69>s cela, les Am<G6A>ricains <G6A>tant toujours<0A>derri<G69>re les Sovi<G6A>tiques en terme de vol<0A>orbital, le Pr<G6A>sident Kennedy a pris une<0A>d<G6A>cision l<G6A>gendaire.<0A><END>",그 후 궤도 비행 측면에서 미국이 여전히 소련에 뒤처져 있는 상황에서 케네디 대통령은 전설적인 결정을 내렸습니다.<0A><00>,64,not_generated,
codec,1374,져,64,1,codec:1374:77,"Apr<G69>s cela, les Am<G6A>ricains <G6A>tant toujours<0A>derri<G69>re les Sovi<G6A>tiques en terme de vol<0A>orbital, le Pr<G6A>sident Kennedy a pris une<0A>d<G6A>cision l<G6A>gendaire.<0A><END>",그 후 궤도 비행 측면에서 미국이 여전히 소련에 뒤처져 있는 상황에서 케네디 대통령은 전설적인 결정을 내렸습니다.<0A><00>,64,not_generated,
codec,1374,처,64,1,codec:1374:77,"Apr<G69>s cela, les Am<G6A>ricains <G6A>tant toujours<0A>derri<G69>re les Sovi<G6A>tiques en terme de vol<0A>orbital, le Pr<G6A>sident Kennedy a pris une<0A>d<G6A>cision l<G6A>gendaire.<0A><END>",그 후 궤도 비행 측면에서 미국이 여전히 소련에 뒤처져 있는 상황에서 케네디 대통령은 전설적인 결정을 내렸습니다.<0A><00>,64,not_generated,
codec,1374,측,64,1,codec:1374:77,"Apr<G69>s cela, les Am<G6A>ricains <G6A>tant toujours<0A>derri<G69>re les Sovi<G6A>tiques en terme de vol<0A>orbital, le Pr<G6A>sident Kennedy a pris une<0A>d<G6A>cision l<G6A>gendaire.<0A><END>",그 후 궤도 비행 측면에서 미국이 여전히 소련에 뒤처져 있는 상황에서 케네디 대통령은 전설적인 결정을 내렸습니다.<0A><00>,64,not_generated,
codec,1374,케,64,1,codec:1374:77,"Apr<G69>s cela, les Am<G6A>ricains <G6A>tant toujours<0A>derri<G69>re les Sovi<G6A>tiques en terme de vol<0A>orbital, le Pr<G6A>sident Kennedy a pris une<0A>d<G6A>cision l<G6A>gendaire.<0A><END>",그 후 궤도 비행 측면에서 미국이 여전히 소련에 뒤처져 있는 상황에서 케네디 대통령은 전설적인 결정을 내렸습니다.<0A><00>,64,not_generated,
codec,1374,통,64,1,codec:1374:77,"Apr<G69>s cela, les Am<G6A>ricains <G6A>tant toujours<0A>derri<G69>re les Sovi<G6A>tiques en terme de vol<0A>orbital, le Pr<G6A>sident Kennedy a pris une<0A>d<G6A>cision l<G6A>gendaire.<0A><END>",그 후 궤도 비행 측면에서 미국이 여전히 소련에 뒤처져 있는 상황에서 케네디 대통령은 전설적인 결정을 내렸습니다.<0A><00>,64,not_generated,
codec,1374,황,64,1,codec:1374:77,"Apr<G69>s cela, les Am<G6A>ricains <G6A>tant toujours<0A>derri<G69>re les Sovi<G6A>tiques en terme de vol<0A>orbital, le Pr<G6A>sident Kennedy a pris une<0A>d<G6A>cision l<G6A>gendaire.<0A><END>",그 후 궤도 비행 측면에서 미국이 여전히 소련에 뒤처져 있는 상황에서 케네디 대통령은 전설적인 결정을 내렸습니다.<0A><00>,64,not_generated,
codec,1375,두,64,1,codec:1375:15,We're one step away from a nuclear war.<0A><END>,우리는 핵전쟁을 앞두고 있습니다.<0A><00>,64,not_generated,
codec,1375,앞,64,1,codec:1375:15,We're one step away from a nuclear war.<0A><END>,우리는 핵전쟁을 앞두고 있습니다.<0A><00>,64,not_generated,
codec,1375,쟁,64,1,codec:1375:15,We're one step away from a nuclear war.<0A><END>,우리는 핵전쟁을 앞두고 있습니다.<0A><00>,64,not_generated,
codec,1375,전,64,1,codec:1375:15,We're one step away from a nuclear war.<0A><END>,우리는 핵전쟁을 앞두고 있습니다.<0A><00>,64,not_generated,
codec,1375,주,64,2,codec:1375:45|codec:1375:21,... Une semaine.<0A><END> || ...One week.<0A><END>,일주일.<0A><00> || ...1주일.<0A><00>,64,not_generated,
codec,1375,콘,64,1,codec:1375:16,"Defcon 2, huh.<0A><END>","데프콘 2, 응.<0A><00>",64,not_generated,
codec,1375,핵,64,1,codec:1375:15,We're one step away from a nuclear war.<0A><END>,우리는 핵전쟁을 앞두고 있습니다.<0A><00>,64,not_generated,
codec,1384,괜,64,1,codec:1384:30,Yeah. If that's all right.<0A><END>,네. 괜찮다면.<0A><00>,64,not_generated,
codec,1384,찮,64,1,codec:1384:30,Yeah. If that's all right.<0A><END>,네. 괜찮다면.<0A><00>,64,not_generated,
codec,1396,냥,64,1,codec:1396:15,Are you planning to just leave Raikov's<0A>corpse there?<0A><END>,Raikov의 시체를 그냥 둘 거야?<0A><00>,64,not_generated,
codec,1396,체,64,1,codec:1396:15,Are you planning to just leave Raikov's<0A>corpse there?<0A><END>,Raikov의 시체를 그냥 둘 거야?<0A><00>,64,not_generated,
codec,1397,실,64,1,codec:1397:17,"In other words, mission failed.<0A><END>","다시 말해, MISSION 실패다.<0A><00>",64,not_generated,
codec,1397,패,64,1,codec:1397:17,"In other words, mission failed.<0A><END>","다시 말해, MISSION 실패다.<0A><00>",64,not_generated,
codec,1403,각,64,2,codec:1403:2362|codec:1403:914,"<G40>No crees, Snake?<0A><END> || Don't even think about fighting - just run!<0A>Go north!<0A><END>",Snake라고 생각하지 않나요?<0A><00> || 싸울 생각은 하지 말고 그냥 달려가세요! 북쪽으로 가세요!<0A><00>,64,not_generated,
codec,1403,갔,64,1,codec:1403:2400,"Cuando hayas entrado al almac<G6A>n, sigue hacia<0A>el norte.<0A><END>",창고에 들어갔으면 북쪽으로 계속 가세요.<0A><00>,64,not_generated,
codec,1403,걸,64,1,codec:1403:4076,"Alors, pourquoi vous me posez la question ?<0A><END>",그럼 왜 나한테 이런 걸 묻는 겁니까?<0A><00>,64,not_generated,
codec,1403,겁,64,1,codec:1403:4076,"Alors, pourquoi vous me posez la question ?<0A><END>",그럼 왜 나한테 이런 걸 묻는 겁니까?<0A><00>,64,not_generated,
codec,1403,격,64,1,codec:1403:1248,Get behind him and attack him from there.<0A><END>,뒤로 돌아가 공격해.<0A><00>,64,not_generated,
codec,1403,경,64,4,codec:1403:687|codec:1403:908|codec:1403:1217|codec:1403:502,"...Keep your guard up.<0A><END> || Major, EVA's escape route is...<0A><END> || The thermal goggles should also be<0A>effective.<0A><END> || Watch out for enemy patrols. Stay alert<0A>at all times. Okay?<0A><END>","...경계를 유지해.<0A><00> || 소령님, EVA 의 탈출 경로는...<0A><00> || 열안경도 효과적일 것입니다.<0A><00> || 적 순찰을 조심해. 늘 경계해. 알겠나?<0A><00>",64,not_generated,
codec,1403,공,64,1,codec:1403:1248,Get behind him and attack him from there.<0A><END>,뒤로 돌아가 공격해.<0A><00>,64,not_generated,
codec,1403,과,64,2,codec:1403:1217|codec:1403:786,The thermal goggles should also be<0A>effective.<0A><END> || Use stalking to move safely through<0A>suspicious-looking areas.<0A><END>,열안경도 효과적일 것입니다.<0A><00> || 스토킹을 사용하여 의심스러운 지역을 안전하게 통과해.<0A><00>,64,not_generated,
codec,1403,구,64,1,codec:1403:2401,Volver<G62>s a salir al bosque. El laboratorio<0A>estar<G62> justo al norte.<0A><END>,다시 숲으로 나와. 연구소는 바로 북쪽이야.<0A><00>,64,not_generated,
codec,1403,남,64,1,codec:1403:1410,One more tank remains. You're almost<0A>there.<0A><END>,탱크가 하나 더 남았습니다. 거의 다 왔습니다.<0A><00>,64,not_generated,
codec,1403,냥,64,2,codec:1403:914|codec:1403:1275,Don't even think about fighting - just run!<0A>Go north!<0A><END> || Just get moving! Knock him out and<0A>steal his clothes!<0A><END>,싸울 생각은 하지 말고 그냥 달려가세요! 북쪽으로 가세요!<0A><00> || 그냥 움직여! 그를 기절시키고 그의 옷을 훔쳐라!<0A><00>,64,not_generated,
codec,1403,너,64,1,codec:1403:1491,"Don't let them get too close, or else!<0A><END>",너무 가까이 오게 두지 마!<0A><00>,64,not_generated,
codec,1403,노,64,1,codec:1403:5069,<G48>a devrait alors <G6B>tre plus facile de passer<0A>derri<G69>re lui. Vise la base!<0A><END>,그러면 그의 뒤를 따르는 것이 더 쉬워질 거다. 기지를 노려라!<0A><00>,64,not_generated,
codec,1403,높,64,1,codec:1403:1002,Always maintain a high Camo Index.<0A><END>,항상 높은 CAMO 지수를 유지해.<0A><00>,64,not_generated,
codec,1403,늘,64,1,codec:1403:502,Watch out for enemy patrols. Stay alert<0A>at all times. Okay?<0A><END>,적 순찰을 조심해. 늘 경계해. 알겠나?<0A><00>,64,not_generated,
codec,1403,님,64,1,codec:1403:908,"Major, EVA's escape route is...<0A><END>","소령님, EVA 의 탈출 경로는...<0A><00>",64,not_generated,
codec,1403,달,64,1,codec:1403:914,Don't even think about fighting - just run!<0A>Go north!<0A><END>,싸울 생각은 하지 말고 그냥 달려가세요! 북쪽으로 가세요!<0A><00>,64,not_generated,
codec,1403,동,64,2,codec:1403:4993|codec:1403:1056,Reste en dehors de la ligne de vis<G6A>e de<0A>l'ennemi et d<G6A>place-toi en passant de cachette<0A>en cachette. Sois prudent.<0A><END> || The shotgun should work as well.<0A><END>,적 시야를 피해 엄폐물 사이로 이동해. 조심해.<0A><00> || 산탄총도 작동할 거다.<0A><00>,64,not_generated,
codec,1403,돼,64,1,codec:1403:1366,Then you mustn't disappoint him.<0A><END>,그럼 그를 실망시키면 안 돼.<0A><00>,64,not_generated,
codec,1403,두,64,1,codec:1403:1491,"Don't let them get too close, or else!<0A><END>",너무 가까이 오게 두지 마!<0A><00>,64,not_generated,
codec,1403,뒤,64,3,codec:1403:5069|codec:1403:1192|codec:1403:1248,<G48>a devrait alors <G6B>tre plus facile de passer<0A>derri<G69>re lui. Vise la base!<0A><END> || Anticipate his movements and get behind<0A>him.<0A><END> || Get behind him and attack him from there.<0A><END>,그러면 그의 뒤를 따르는 것이 더 쉬워질 거다. 기지를 노려라!<0A><00> || 그의 움직임을 예상하고 그의 뒤를 따르세요.<0A><00> || 뒤로 돌아가 공격해.<0A><00>,64,not_generated,
codec,1403,따,64,2,codec:1403:5069|codec:1403:1192,<G48>a devrait alors <G6B>tre plus facile de passer<0A>derri<G69>re lui. Vise la base!<0A><END> || Anticipate his movements and get behind<0A>him.<0A><END>,그러면 그의 뒤를 따르는 것이 더 쉬워질 거다. 기지를 노려라!<0A><00> || 그의 움직임을 예상하고 그의 뒤를 따르세요.<0A><00>,64,not_generated,
codec,1403,뜨,64,1,codec:1403:1261,Take him down and steal his clothes!<0A><END>,그를 쓰러뜨리고 옷을 빼앗아!<0A><00>,64,not_generated,
codec,1403,럼,64,3,codec:1403:4076|codec:1403:586|codec:1403:1366,"Alors, pourquoi vous me posez la question ?<0A><END> || Let's hear it then.<0A><END> || Then you mustn't disappoint him.<0A><END>",그럼 왜 나한테 이런 걸 묻는 겁니까?<0A><00> || 그럼 들어보시죠.<0A><00> || 그럼 그를 실망시키면 안 돼.<0A><00>,64,not_generated,
codec,1403,료,64,1,codec:1403:1145,Now start the treatment. Hurry!!<0A><END>,이제 치료를 시작해. 서둘러!!<0A><00>,64,not_generated,
codec,1403,망,64,1,codec:1403:1366,Then you mustn't disappoint him.<0A><END>,그럼 그를 실망시키면 안 돼.<0A><00>,64,not_generated,
codec,1403,먼,64,1,codec:1403:4610,Trouve ces snipers et d<G6A>barrasse-toi d'eux<0A>avant qu'ils ne te tirent dessus.<0A><END>,SNIPER를 찾아 먼저 제압해.<0A><00>,64,not_generated,
codec,1403,멀,64,1,codec:1403:1234,"Either sneak by without being seen, or<0A>take them out from a distance.<0A><END>","들키지 않고 몰래 지나가거나, 멀리서 데리고 나가세요.<0A><00>",64,not_generated,
codec,1403,몰,64,1,codec:1403:1234,"Either sneak by without being seen, or<0A>take them out from a distance.<0A><END>","들키지 않고 몰래 지나가거나, 멀리서 데리고 나가세요.<0A><00>",64,not_generated,
codec,1403,변,64,1,codec:1403:1300,"Ah, your Raikov disguise has turned out<0A>nicely.<0A><END>",Raikov 변장이 잘됐군.<0A><00>,64,not_generated,
codec,1403,북,64,3,codec:1403:2400|codec:1403:914|codec:1403:2401,"Cuando hayas entrado al almac<G6A>n, sigue hacia<0A>el norte.<0A><END> || Don't even think about fighting - just run!<0A>Go north!<0A><END> || Volver<G62>s a salir al bosque. El laboratorio<0A>estar<G62> justo al norte.<0A><END>",창고에 들어갔으면 북쪽으로 계속 가세요.<0A><00> || 싸울 생각은 하지 말고 그냥 달려가세요! 북쪽으로 가세요!<0A><00> || 다시 숲으로 나와. 연구소는 바로 북쪽이야.<0A><00>,64,not_generated,
codec,1403,빨,64,1,codec:1403:1133,Find him quickly and shoot him.<0A><END>,빨리 그를 찾아서 쏴버리세요.<0A><00>,64,not_generated,
codec,1403,빼,64,1,codec:1403:1261,Take him down and steal his clothes!<0A><END>,그를 쓰러뜨리고 옷을 빼앗아!<0A><00>,64,not_generated,
codec,1403,산,64,1,codec:1403:1056,The shotgun should work as well.<0A><END>,산탄총도 작동할 거다.<0A><00>,64,not_generated,
codec,1403,살,64,1,codec:1403:4994,"Hein? Snake, regarde dans ton sac <G61> dos.<0A><END>","응? Snake, BACKPACK 안을 살펴보세요.<0A><00>",64,not_generated,
codec,1403,생,64,3,codec:1403:2713|codec:1403:2362|codec:1403:914,"<G22>Snake! <G22>Despierta! <G22><G22>La p<G6E>ldora resucitadora!!<0A><G22><G22>Utiliza la p<G6E>ldora resucitadora de la pantalla<0A>de Fin de Juego!!<0A><END> || <G40>No crees, Snake?<0A><END> || Don't even think about fighting - just run!<0A>Go north!<0A><END>",Snake! 정신 차려! 소생약이야!! GAME OVER 화면에서 소생약을 써!!<0A><00> || Snake라고 생각하지 않나요?<0A><00> || 싸울 생각은 하지 말고 그냥 달려가세요! 북쪽으로 가세요!<0A><00>,64,not_generated,
codec,1403,속,64,2,codec:1403:2400|codec:1403:1448,"Cuando hayas entrado al almac<G6A>n, sigue hacia<0A>el norte.<0A><END> || Keep going! You're almost there!<0A><END>",창고에 들어갔으면 북쪽으로 계속 가세요.<0A><00> || 계속하세요! 거의 다 왔습니다!<0A><00>,64,not_generated,
codec,1403,순,64,1,codec:1403:502,Watch out for enemy patrols. Stay alert<0A>at all times. Okay?<0A><END>,적 순찰을 조심해. 늘 경계해. 알겠나?<0A><00>,64,not_generated,
codec,1403,쉬,64,1,codec:1403:5069,<G48>a devrait alors <G6B>tre plus facile de passer<0A>derri<G69>re lui. Vise la base!<0A><END>,그러면 그의 뒤를 따르는 것이 더 쉬워질 거다. 기지를 노려라!<0A><00>,64,not_generated,
codec,1403,신,64,1,codec:1403:2713,<G22>Snake! <G22>Despierta! <G22><G22>La p<G6E>ldora resucitadora!!<0A><G22><G22>Utiliza la p<G6E>ldora resucitadora de la pantalla<0A>de Fin de Juego!!<0A><END>,Snake! 정신 차려! 소생약이야!! GAME OVER 화면에서 소생약을 써!!<0A><00>,64,not_generated,
codec,1403,실,64,2,codec:1403:1436|codec:1403:1366,Make sure you don't shoot EVA by<0A>mistake!<0A><END> || Then you mustn't disappoint him.<0A><END>,실수로 EVA를 쏘지 마!<0A><00> || 그럼 그를 실망시키면 안 돼.<0A><00>,64,not_generated,
codec,1403,싸,64,1,codec:1403:914,Don't even think about fighting - just run!<0A>Go north!<0A><END>,싸울 생각은 하지 말고 그냥 달려가세요! 북쪽으로 가세요!<0A><00>,64,not_generated,
codec,1403,써,64,2,codec:1403:2713|codec:1403:1250,<G22>Snake! <G22>Despierta! <G22><G22>La p<G6E>ldora resucitadora!!<0A><G22><G22>Utiliza la p<G6E>ldora resucitadora de la pantalla<0A>de Fin de Juego!!<0A><END> || Use the night-vision goggles.<0A><END>,Snake! 정신 차려! 소생약이야!! GAME OVER 화면에서 소생약을 써!!<0A><00> || NIGHT-VISION GOGGLES를 써.<0A><00>,64,not_generated,
codec,1403,쏘,64,1,codec:1403:1436,Make sure you don't shoot EVA by<0A>mistake!<0A><END>,실수로 EVA를 쏘지 마!<0A><00>,64,not_generated,
codec,1403,쏴,64,1,codec:1403:1133,Find him quickly and shoot him.<0A><END>,빨리 그를 찾아서 쏴버리세요.<0A><00>,64,not_generated,
codec,1403,쓰,64,1,codec:1403:1261,Take him down and steal his clothes!<0A><END>,그를 쓰러뜨리고 옷을 빼앗아!<0A><00>,64,not_generated,
codec,1403,압,64,1,codec:1403:4610,Trouve ces snipers et d<G6A>barrasse-toi d'eux<0A>avant qu'ils ne te tirent dessus.<0A><END>,SNIPER를 찾아 먼저 제압해.<0A><00>,64,not_generated,
codec,1403,앗,64,1,codec:1403:1261,Take him down and steal his clothes!<0A><END>,그를 쓰러뜨리고 옷을 빼앗아!<0A><00>,64,not_generated,
codec,1403,약,64,1,codec:1403:2713,<G22>Snake! <G22>Despierta! <G22><G22>La p<G6E>ldora resucitadora!!<0A><G22><G22>Utiliza la p<G6E>ldora resucitadora de la pantalla<0A>de Fin de Juego!!<0A><END>,Snake! 정신 차려! 소생약이야!! GAME OVER 화면에서 소생약을 써!!<0A><00>,64,not_generated,
codec,1403,엄,64,1,codec:1403:4993,Reste en dehors de la ligne de vis<G6A>e de<0A>l'ennemi et d<G6A>place-toi en passant de cachette<0A>en cachette. Sois prudent.<0A><END>,적 시야를 피해 엄폐물 사이로 이동해. 조심해.<0A><00>,64,not_generated,
codec,1403,역,64,1,codec:1403:786,Use stalking to move safely through<0A>suspicious-looking areas.<0A><END>,스토킹을 사용하여 의심스러운 지역을 안전하게 통과해.<0A><00>,64,not_generated,
codec,1403,연,64,1,codec:1403:2401,Volver<G62>s a salir al bosque. El laboratorio<0A>estar<G62> justo al norte.<0A><END>,다시 숲으로 나와. 연구소는 바로 북쪽이야.<0A><00>,64,not_generated,
codec,1403,열,64,1,codec:1403:1217,The thermal goggles should also be<0A>effective.<0A><END>,열안경도 효과적일 것입니다.<0A><00>,64,not_generated,
codec,1403,예,64,2,codec:1403:1192|codec:1403:2485,Anticipate his movements and get behind<0A>him.<0A><END> || No lo har<G6A>.<0A><END>,그의 움직임을 예상하고 그의 뒤를 따르세요.<0A><00> || 안 할 거예요.<0A><00>,64,not_generated,
codec,1403,오,64,1,codec:1403:1491,"Don't let them get too close, or else!<0A><END>",너무 가까이 오게 두지 마!<0A><00>,64,not_generated,
codec,1403,옷,64,2,codec:1403:1275|codec:1403:1261,Just get moving! Knock him out and<0A>steal his clothes!<0A><END> || Take him down and steal his clothes!<0A><END>,그냥 움직여! 그를 기절시키고 그의 옷을 훔쳐라!<0A><00> || 그를 쓰러뜨리고 옷을 빼앗아!<0A><00>,64,not_generated,
codec,1403,용,64,2,codec:1403:1577|codec:1403:786,Smoke grenades should prove useful<0A>as well.<0A><END> || Use stalking to move safely through<0A>suspicious-looking areas.<0A><END>,SMOKE GRENADE도 유용할 거야.<0A><00> || 스토킹을 사용하여 의심스러운 지역을 안전하게 통과해.<0A><00>,64,not_generated,
codec,1403,운,64,1,codec:1403:786,Use stalking to move safely through<0A>suspicious-looking areas.<0A><END>,스토킹을 사용하여 의심스러운 지역을 안전하게 통과해.<0A><00>,64,not_generated,
codec,1403,울,64,1,codec:1403:914,Don't even think about fighting - just run!<0A>Go north!<0A><END>,싸울 생각은 하지 말고 그냥 달려가세요! 북쪽으로 가세요!<0A><00>,64,not_generated,
codec,1403,움,64,2,codec:1403:1192|codec:1403:1275,Anticipate his movements and get behind<0A>him.<0A><END> || Just get moving! Knock him out and<0A>steal his clothes!<0A><END>,그의 움직임을 예상하고 그의 뒤를 따르세요.<0A><00> || 그냥 움직여! 그를 기절시키고 그의 옷을 훔쳐라!<0A><00>,64,not_generated,
codec,1403,워,64,1,codec:1403:5069,<G48>a devrait alors <G6B>tre plus facile de passer<0A>derri<G69>re lui. Vise la base!<0A><END>,그러면 그의 뒤를 따르는 것이 더 쉬워질 거다. 기지를 노려라!<0A><00>,64,not_generated,
codec,1403,작,64,2,codec:1403:1145|codec:1403:1056,Now start the treatment. Hurry!!<0A><END> || The shotgun should work as well.<0A><END>,이제 치료를 시작해. 서둘러!!<0A><00> || 산탄총도 작동할 거다.<0A><00>,64,not_generated,
codec,1403,장,64,1,codec:1403:1300,"Ah, your Raikov disguise has turned out<0A>nicely.<0A><END>",Raikov 변장이 잘됐군.<0A><00>,64,not_generated,
codec,1403,전,64,1,codec:1403:786,Use stalking to move safely through<0A>suspicious-looking areas.<0A><END>,스토킹을 사용하여 의심스러운 지역을 안전하게 통과해.<0A><00>,64,not_generated,
codec,1403,졌,64,1,codec:1403:4995,Mais enfin... Ma nourriture a disparu!<0A><END>,아니... 내 FOOD가 없어졌어!<0A><00>,64,not_generated,
codec,1403,죠,64,1,codec:1403:586,Let's hear it then.<0A><END>,그럼 들어보시죠.<0A><00>,64,not_generated,
codec,1403,직,64,2,codec:1403:1192|codec:1403:1275,Anticipate his movements and get behind<0A>him.<0A><END> || Just get moving! Knock him out and<0A>steal his clothes!<0A><END>,그의 움직임을 예상하고 그의 뒤를 따르세요.<0A><00> || 그냥 움직여! 그를 기절시키고 그의 옷을 훔쳐라!<0A><00>,64,not_generated,
codec,1403,질,64,1,codec:1403:5069,<G48>a devrait alors <G6B>tre plus facile de passer<0A>derri<G69>re lui. Vise la base!<0A><END>,그러면 그의 뒤를 따르는 것이 더 쉬워질 거다. 기지를 노려라!<0A><00>,64,not_generated,
codec,1403,쪽,64,4,codec:1403:2400|codec:1403:914|codec:1403:5279|codec:1403:2401,"Cuando hayas entrado al almac<G6A>n, sigue hacia<0A>el norte.<0A><END> || Don't even think about fighting - just run!<0A>Go north!<0A><END> || Et vous?<0A><END> || Volver<G62>s a salir al bosque. El laboratorio<0A>estar<G62> justo al norte.<0A><END>",창고에 들어갔으면 북쪽으로 계속 가세요.<0A><00> || 싸울 생각은 하지 말고 그냥 달려가세요! 북쪽으로 가세요!<0A><00> || 그쪽은?<0A><00> || 다시 숲으로 나와. 연구소는 바로 북쪽이야.<0A><00>,64,not_generated,
codec,1403,차,64,1,codec:1403:2713,<G22>Snake! <G22>Despierta! <G22><G22>La p<G6E>ldora resucitadora!!<0A><G22><G22>Utiliza la p<G6E>ldora resucitadora de la pantalla<0A>de Fin de Juego!!<0A><END>,Snake! 정신 차려! 소생약이야!! GAME OVER 화면에서 소생약을 써!!<0A><00>,64,not_generated,
codec,1403,찰,64,1,codec:1403:502,Watch out for enemy patrols. Stay alert<0A>at all times. Okay?<0A><END>,적 순찰을 조심해. 늘 경계해. 알겠나?<0A><00>,64,not_generated,
codec,1403,참,64,1,codec:1403:1495,Hang in there.<0A><END>,조금만 참으세요.<0A><00>,64,not_generated,
codec,1403,창,64,1,codec:1403:2400,"Cuando hayas entrado al almac<G6A>n, sigue hacia<0A>el norte.<0A><END>",창고에 들어갔으면 북쪽으로 계속 가세요.<0A><00>,64,not_generated,
codec,1403,찾,64,2,codec:1403:1133|codec:1403:4610,Find him quickly and shoot him.<0A><END> || Trouve ces snipers et d<G6A>barrasse-toi d'eux<0A>avant qu'ils ne te tirent dessus.<0A><END>,빨리 그를 찾아서 쏴버리세요.<0A><00> || SNIPER를 찾아 먼저 제압해.<0A><00>,64,not_generated,
codec,1403,쳐,64,1,codec:1403:1275,Just get moving! Knock him out and<0A>steal his clothes!<0A><END>,그냥 움직여! 그를 기절시키고 그의 옷을 훔쳐라!<0A><00>,64,not_generated,
codec,1403,총,64,1,codec:1403:1056,The shotgun should work as well.<0A><END>,산탄총도 작동할 거다.<0A><00>,64,not_generated,
codec,1403,출,64,1,codec:1403:908,"Major, EVA's escape route is...<0A><END>","소령님, EVA 의 탈출 경로는...<0A><00>",64,not_generated,
codec,1403,치,64,2,codec:1403:4554|codec:1403:1145,C'est comme s'ils savaient exactement o<G7A> tu<0A><G6A>tais...<0A><END> || Now start the treatment. Hurry!!<0A><END>,네 위치를 정확히 아는 것 같아...<0A><00> || 이제 치료를 시작해. 서둘러!!<0A><00>,64,not_generated,
codec,1403,킹,64,1,codec:1403:786,Use stalking to move safely through<0A>suspicious-looking areas.<0A><END>,스토킹을 사용하여 의심스러운 지역을 안전하게 통과해.<0A><00>,64,not_generated,
codec,1403,탄,64,1,codec:1403:1056,The shotgun should work as well.<0A><END>,산탄총도 작동할 거다.<0A><00>,64,not_generated,
codec,1403,탈,64,1,codec:1403:908,"Major, EVA's escape route is...<0A><END>","소령님, EVA 의 탈출 경로는...<0A><00>",64,not_generated,
codec,1403,탱,64,1,codec:1403:1410,One more tank remains. You're almost<0A>there.<0A><END>,탱크가 하나 더 남았습니다. 거의 다 왔습니다.<0A><00>,64,not_generated,
codec,1403,테,64,1,codec:1403:4076,"Alors, pourquoi vous me posez la question ?<0A><END>",그럼 왜 나한테 이런 걸 묻는 겁니까?<0A><00>,64,not_generated,
codec,1403,텨,64,1,codec:1403:5089,Tiens bon.<0A><END>,버텨.<0A><00>,64,not_generated,
codec,1403,토,64,1,codec:1403:786,Use stalking to move safely through<0A>suspicious-looking areas.<0A><END>,스토킹을 사용하여 의심스러운 지역을 안전하게 통과해.<0A><00>,64,not_generated,
codec,1403,통,64,1,codec:1403:786,Use stalking to move safely through<0A>suspicious-looking areas.<0A><END>,스토킹을 사용하여 의심스러운 지역을 안전하게 통과해.<0A><00>,64,not_generated,
codec,1403,펴,64,1,codec:1403:4994,"Hein? Snake, regarde dans ton sac <G61> dos.<0A><END>","응? Snake, BACKPACK 안을 살펴보세요.<0A><00>",64,not_generated,
codec,1403,폐,64,1,codec:1403:4993,Reste en dehors de la ligne de vis<G6A>e de<0A>l'ennemi et d<G6A>place-toi en passant de cachette<0A>en cachette. Sois prudent.<0A><END>,적 시야를 피해 엄폐물 사이로 이동해. 조심해.<0A><00>,64,not_generated,
codec,1403,피,64,1,codec:1403:4993,Reste en dehors de la ligne de vis<G6A>e de<0A>l'ennemi et d<G6A>place-toi en passant de cachette<0A>en cachette. Sois prudent.<0A><END>,적 시야를 피해 엄폐물 사이로 이동해. 조심해.<0A><00>,64,not_generated,
codec,1403,항,64,1,codec:1403:1002,Always maintain a high Camo Index.<0A><END>,항상 높은 CAMO 지수를 유지해.<0A><00>,64,not_generated,
codec,1403,화,64,1,codec:1403:2713,<G22>Snake! <G22>Despierta! <G22><G22>La p<G6E>ldora resucitadora!!<0A><G22><G22>Utiliza la p<G6E>ldora resucitadora de la pantalla<0A>de Fin de Juego!!<0A><END>,Snake! 정신 차려! 소생약이야!! GAME OVER 화면에서 소생약을 써!!<0A><00>,64,not_generated,
codec,1403,확,64,2,codec:1403:4554|codec:1403:3620,"C'est comme s'ils savaient exactement o<G7A> tu<0A><G6A>tais...<0A><END> || Snake, deja que conduzca EVA.<0A><END>","네 위치를 정확히 아는 것 같아...<0A><00> || Snake, EVA를 확인해.<0A><00>",64,not_generated,
codec,1403,효,64,1,codec:1403:1217,The thermal goggles should also be<0A>effective.<0A><END>,열안경도 효과적일 것입니다.<0A><00>,64,not_generated,
codec,1403,훔,64,1,codec:1403:1275,Just get moving! Knock him out and<0A>steal his clothes!<0A><END>,그냥 움직여! 그를 기절시키고 그의 옷을 훔쳐라!<0A><00>,64,not_generated,
codec,1431,능,64,1,codec:1431:647,Claymores pack quite a punch.<0A>Don't risk heavy injury. Be careful.<0A><END>,Claymores는 상당한 성능을 발휘합니다. 큰 부상을 입을 위험이 없다. 조심해.<0A><00>,64,not_generated,
codec,1431,당,64,1,codec:1431:647,Claymores pack quite a punch.<0A>Don't risk heavy injury. Be careful.<0A><END>,Claymores는 상당한 성능을 발휘합니다. 큰 부상을 입을 위험이 없다. 조심해.<0A><00>,64,not_generated,
codec,1431,발,64,1,codec:1431:647,Claymores pack quite a punch.<0A>Don't risk heavy injury. Be careful.<0A><END>,Claymores는 상당한 성능을 발휘합니다. 큰 부상을 입을 위험이 없다. 조심해.<0A><00>,64,not_generated,
codec,1431,큰,64,1,codec:1431:647,Claymores pack quite a punch.<0A>Don't risk heavy injury. Be careful.<0A><END>,Claymores는 상당한 성능을 발휘합니다. 큰 부상을 입을 위험이 없다. 조심해.<0A><00>,64,not_generated,
codec,1431,합,64,1,codec:1431:647,Claymores pack quite a punch.<0A>Don't risk heavy injury. Be careful.<0A><END>,Claymores는 상당한 성능을 발휘합니다. 큰 부상을 입을 위험이 없다. 조심해.<0A><00>,64,not_generated,
codec,1431,휘,64,1,codec:1431:647,Claymores pack quite a punch.<0A>Don't risk heavy injury. Be careful.<0A><END>,Claymores는 상당한 성능을 발휘합니다. 큰 부상을 입을 위험이 없다. 조심해.<0A><00>,64,not_generated,
codec,1449,백,64,1,codec:1449:20,It should be obvious.<0A><END>,명백해야 한다.<0A><00>,64,not_generated,
codec,1465,경,64,1,codec:1465:4526,C'<G6A>tait la voie de secours dont EVA a parl<G6A>.<0A>Tu arrives <G61> l'ouvrir ?<0A><END>,이것은 EVA가 말한 탈출 경로였습니다. 열어주실 수 있나?<0A><00>,64,not_generated,
codec,1465,실,64,1,codec:1465:4526,C'<G6A>tait la voie de secours dont EVA a parl<G6A>.<0A>Tu arrives <G61> l'ouvrir ?<0A><END>,이것은 EVA가 말한 탈출 경로였습니다. 열어주실 수 있나?<0A><00>,64,not_generated,
codec,1465,열,64,1,codec:1465:4526,C'<G6A>tait la voie de secours dont EVA a parl<G6A>.<0A>Tu arrives <G61> l'ouvrir ?<0A><END>,이것은 EVA가 말한 탈출 경로였습니다. 열어주실 수 있나?<0A><00>,64,not_generated,
codec,1465,였,64,1,codec:1465:4526,C'<G6A>tait la voie de secours dont EVA a parl<G6A>.<0A>Tu arrives <G61> l'ouvrir ?<0A><END>,이것은 EVA가 말한 탈출 경로였습니다. 열어주실 수 있나?<0A><00>,64,not_generated,
codec,1465,주,64,1,codec:1465:4526,C'<G6A>tait la voie de secours dont EVA a parl<G6A>.<0A>Tu arrives <G61> l'ouvrir ?<0A><END>,이것은 EVA가 말한 탈출 경로였습니다. 열어주실 수 있나?<0A><00>,64,not_generated,
codec,1465,출,64,1,codec:1465:4526,C'<G6A>tait la voie de secours dont EVA a parl<G6A>.<0A>Tu arrives <G61> l'ouvrir ?<0A><END>,이것은 EVA가 말한 탈출 경로였습니다. 열어주실 수 있나?<0A><00>,64,not_generated,
codec,1465,탈,64,1,codec:1465:4526,C'<G6A>tait la voie de secours dont EVA a parl<G6A>.<0A>Tu arrives <G61> l'ouvrir ?<0A><END>,이것은 EVA가 말한 탈출 경로였습니다. 열어주실 수 있나?<0A><00>,64,not_generated,
codec,1481,늪,64,1,codec:1481:10,The crocodiles in that swamp are extremely<0A>vicious.<0A><END>,그 늪의 CROCODILE은 아주 사나워.<0A><00>,64,not_generated,
codec,1481,워,64,1,codec:1481:10,The crocodiles in that swamp are extremely<0A>vicious.<0A><END>,그 늪의 CROCODILE은 아주 사나워.<0A><00>,64,not_generated,
codec,1481,주,64,1,codec:1481:10,The crocodiles in that swamp are extremely<0A>vicious.<0A><END>,그 늪의 CROCODILE은 아주 사나워.<0A><00>,64,not_generated,
codec,1491,닛,64,1,codec:1491:10,"EVA, what kind of unit are those Ocelots<0A>I fought a little while ago?<0A><END>","EVA, 제가 조금 전에 싸운 Ocelot는 어떤 유닛인가?<0A><00>",64,not_generated,
codec,1491,떤,64,1,codec:1491:10,"EVA, what kind of unit are those Ocelots<0A>I fought a little while ago?<0A><END>","EVA, 제가 조금 전에 싸운 Ocelot는 어떤 유닛인가?<0A><00>",64,not_generated,
codec,1491,싸,64,1,codec:1491:10,"EVA, what kind of unit are those Ocelots<0A>I fought a little while ago?<0A><END>","EVA, 제가 조금 전에 싸운 Ocelot는 어떤 유닛인가?<0A><00>",64,not_generated,
codec,1491,운,64,1,codec:1491:10,"EVA, what kind of unit are those Ocelots<0A>I fought a little while ago?<0A><END>","EVA, 제가 조금 전에 싸운 Ocelot는 어떤 유닛인가?<0A><00>",64,not_generated,
codec,1491,전,64,1,codec:1491:10,"EVA, what kind of unit are those Ocelots<0A>I fought a little while ago?<0A><END>","EVA, 제가 조금 전에 싸운 Ocelot는 어떤 유닛인가?<0A><00>",64,not_generated,
codec,1497,셨,64,1,codec:1497:10,"Good, you made it to Bolshaya Past.<0A><END>",좋습니다. Bolshaya Past에 도착하셨습니다.<0A><00>,64,not_generated,
codec,1497,착,64,1,codec:1497:10,"Good, you made it to Bolshaya Past.<0A><END>",좋습니다. Bolshaya Past에 도착하셨습니다.<0A><00>,64,not_generated,
codec,1509,푸,64,1,codec:1509:23,Pues... no.<0A><END>,푸에... 아니.<0A><00>,64,not_generated,
codec,1512,출,64,1,codec:1512:10,"EVA, is that attack chopper the escape<0A>route you were talking about?<0A><END>","EVA, 저 ATTACK CHOPPER가 말한 탈출로야?<0A><00>",64,not_generated,
codec,1512,탈,64,1,codec:1512:10,"EVA, is that attack chopper the escape<0A>route you were talking about?<0A><END>","EVA, 저 ATTACK CHOPPER가 말한 탈출로야?<0A><00>",64,not_generated,
codec,1516,몰,64,1,codec:1516:14,I don't know. The Cobras only take orders<0A>from The Boss.<0A><END>,몰라. Cobra는 The Boss의 명령만 들어.<0A><00>,64,not_generated,
codec,1522,굴,64,1,codec:1522:10,That cave is known as Chyornaya<0A>Peschera.<0A><END>,그 동굴은 Chyornaya Peschera로 알려져 있습니다.<0A><00>,64,not_generated,
codec,1522,동,64,1,codec:1522:10,That cave is known as Chyornaya<0A>Peschera.<0A><END>,그 동굴은 Chyornaya Peschera로 알려져 있습니다.<0A><00>,64,not_generated,
codec,1522,져,64,1,codec:1522:10,That cave is known as Chyornaya<0A>Peschera.<0A><END>,그 동굴은 Chyornaya Peschera로 알려져 있습니다.<0A><00>,64,not_generated,
codec,1523,겼,64,1,codec:1523:10,"Snake, you beat The Pain!<0A><END>","Snake, 당신이 The Pain를 이겼어요!<0A><00>",64,not_generated,
codec,1523,당,64,1,codec:1523:10,"Snake, you beat The Pain!<0A><END>","Snake, 당신이 The Pain를 이겼어요!<0A><00>",64,not_generated,
codec,1523,신,64,1,codec:1523:10,"Snake, you beat The Pain!<0A><END>","Snake, 당신이 The Pain를 이겼어요!<0A><00>",64,not_generated,
codec,1531,북,64,1,codec:1531:12,the forest to the north.<0A><END>,북쪽의 숲.<0A><00>,64,not_generated,
codec,1531,쪽,64,1,codec:1531:12,the forest to the north.<0A><END>,북쪽의 숲.<0A><00>,64,not_generated,
codec,1532,북,64,1,codec:1532:10,Head north and you'll come to Sokrovenno.<0A><END>,북쪽으로 가면 Sokrovenno야.<0A><00>,64,not_generated,
codec,1532,쪽,64,1,codec:1532:10,Head north and you'll come to Sokrovenno.<0A><END>,북쪽으로 가면 Sokrovenno야.<0A><00>,64,not_generated,
codec,1540,걸,64,1,codec:1540:15,Why are you asking me that?<0A><END>,왜 그런 걸 물어?<0A><00>,64,not_generated,
codec,1542,잠,64,1,codec:1542:39,OK. Donne-moi une petite minute.<0A><END>,좋아. 잠시만.<0A><00>,64,not_generated,
codec,1543,당,64,1,codec:1543:20,Only natural?<0A><END>,당연한 일?<0A><00>,64,not_generated,
codec,1543,매,64,1,codec:1543:36,<G40>Muy normal?<0A><END>,매우 정상인가?<0A><00>,64,not_generated,
codec,1543,연,64,1,codec:1543:20,Only natural?<0A><END>,당연한 일?<0A><00>,64,not_generated,
codec,1543,취,64,1,codec:1543:23,"Sounds like your type, huh?<0A><END>",네 취향 같군?<0A><00>,64,not_generated,
codec,1543,향,64,1,codec:1543:23,"Sounds like your type, huh?<0A><END>",네 취향 같군?<0A><00>,64,not_generated,
codec,1568,뭔,64,1,codec:1568:16,A present? What is it?<0A><END>,선물? 뭔데?<0A><00>,64,not_generated,
codec,1568,선,64,1,codec:1568:16,A present? What is it?<0A><END>,선물? 뭔데?<0A><00>,64,not_generated,
codec,1568,회,64,1,codec:1568:14,Detour?<0A><END>,우회로?<0A><00>,64,not_generated,
codec,1572,걱,64,1,codec:1572:13,Were you worried about me?<0A><END>,날 걱정했어?<0A><00>,64,not_generated,
codec,1572,했,64,1,codec:1572:13,Were you worried about me?<0A><END>,날 걱정했어?<0A><00>,64,not_generated,
codec,1573,갈,64,1,codec:1573:11,The only ones who are cleared to enter<0A>the west wing are those with colonel-class<0A>authorization.<0A><END>,서관은 Colonel급 권한이 있어야 들어갈 수 있어.<0A><00>,64,not_generated,
codec,1573,관,64,1,codec:1573:11,The only ones who are cleared to enter<0A>the west wing are those with colonel-class<0A>authorization.<0A><END>,서관은 Colonel급 권한이 있어야 들어갈 수 있어.<0A><00>,64,not_generated,
codec,1573,권,64,1,codec:1573:11,The only ones who are cleared to enter<0A>the west wing are those with colonel-class<0A>authorization.<0A><END>,서관은 Colonel급 권한이 있어야 들어갈 수 있어.<0A><00>,64,not_generated,
codec,1573,급,64,1,codec:1573:11,The only ones who are cleared to enter<0A>the west wing are those with colonel-class<0A>authorization.<0A><END>,서관은 Colonel급 권한이 있어야 들어갈 수 있어.<0A><00>,64,not_generated,
codec,1579,진,64,2,codec:1579:23|codec:1579:63,Even after seeing that photo?<0A><END> || M<G6B>me apr<G69>s avoir vu cette photo ?<0A><END>,그 사진을 보고도?<0A><00> || 이 사진을 보고도?<0A><00>,64,not_generated,
codec,1582,먹,64,1,codec:1582:12,Why aren't you eating it?<0A><END>,왜 안 먹어?<0A><00>,64,not_generated,
codec,1586,뭘,64,1,codec:1586:43,A quoi ! ?<0A><END>,뭘!?<0A><00>,64,not_generated,
codec,1597,배,64,1,codec:1597:20,"I was hungry, OK!? Give me a break!<0A>It's just a little packet of noodles...<0A><END>",배가 고팠어! 작은 NOODLES 하나잖아...<0A><00>,64,not_generated,
codec,1597,작,64,1,codec:1597:20,"I was hungry, OK!? Give me a break!<0A>It's just a little packet of noodles...<0A><END>",배가 고팠어! 작은 NOODLES 하나잖아...<0A><00>,64,not_generated,
codec,1597,잖,64,1,codec:1597:20,"I was hungry, OK!? Give me a break!<0A>It's just a little packet of noodles...<0A><END>",배가 고팠어! 작은 NOODLES 하나잖아...<0A><00>,64,not_generated,
codec,1597,팠,64,1,codec:1597:20,"I was hungry, OK!? Give me a break!<0A>It's just a little packet of noodles...<0A><END>",배가 고팠어! 작은 NOODLES 하나잖아...<0A><00>,64,not_generated,
codec,1601,낭,64,2,codec:1601:18|codec:1601:17,A waste of time?<0A><END> || It'd be a waste of time.<0A><END>,시간 낭비인가?<0A><00> || 시간 낭비가 될 거다.<0A><00>,64,not_generated,
codec,1601,비,64,2,codec:1601:18|codec:1601:17,A waste of time?<0A><END> || It'd be a waste of time.<0A><END>,시간 낭비인가?<0A><00> || 시간 낭비가 될 거다.<0A><00>,64,not_generated,
codec,1603,얻,64,1,codec:1603:10,"EVA, that Shagohod data you got from<0A>Sokolov...<0A><END>","EVA, Sokolov에게서 얻은 Shagohod 데이터...<0A><00>",64,not_generated,
codec,1604,새,64,1,codec:1604:12,I use it to take pictures of the fortress<0A>and the Shagohod and...<0A><END>,요새와 Shagohod의 사진을 찍고...<0A><00>,64,not_generated,
codec,1604,진,64,1,codec:1604:12,I use it to take pictures of the fortress<0A>and the Shagohod and...<0A><END>,요새와 Shagohod의 사진을 찍고...<0A><00>,64,not_generated,
codec,1604,찍,64,1,codec:1604:12,I use it to take pictures of the fortress<0A>and the Shagohod and...<0A><END>,요새와 Shagohod의 사진을 찍고...<0A><00>,64,not_generated,
codec,1607,중,64,1,codec:1607:11,I'm on my way to the rail bridge.<0A><END>,RAIL BRIDGE로 가는 중이야.<0A><00>,64,not_generated,
codec,1613,새,64,1,codec:1613:10,"The name Groznyj Grad means<0A>""the terrible fortress.""<0A><END>",Groznyj Grad는 무서운 요새라는 뜻이야.<0A><00>,64,not_generated,
codec,1613,운,64,1,codec:1613:10,"The name Groznyj Grad means<0A>""the terrible fortress.""<0A><END>",Groznyj Grad는 무서운 요새라는 뜻이야.<0A><00>,64,not_generated,
codec,1623,랫,64,1,codec:1623:10,Flying platforms?<0A><END>,비행 플랫폼?<0A><00>,64,not_generated,
codec,1623,비,64,1,codec:1623:10,Flying platforms?<0A><END>,비행 플랫폼?<0A><00>,64,not_generated,
codec,1623,폼,64,1,codec:1623:10,Flying platforms?<0A><END>,비행 플랫폼?<0A><00>,64,not_generated,
codec,1623,플,64,1,codec:1623:10,Flying platforms?<0A><END>,비행 플랫폼?<0A><00>,64,not_generated,
codec,1632,죠,64,1,codec:1632:13,Uh huh. Then what?<0A><END>,어허. 그러면 어쩌죠?<0A><00>,64,not_generated,
codec,1632,쩌,64,1,codec:1632:13,Uh huh. Then what?<0A><END>,어허. 그러면 어쩌죠?<0A><00>,64,not_generated,
codec,1632,허,64,1,codec:1632:13,Uh huh. Then what?<0A><END>,어허. 그러면 어쩌죠?<0A><00>,64,not_generated,
codec,1635,뽑,64,1,codec:1635:10,"The Ocelots are an elite unit hand-picked<0A>from the ranks of Spetsnaz, GRU's special<0A>forces.<0A><END>",Ocelot은 GRU 특수부대 Spetsnaz에서 뽑은 정예야.<0A><00>,64,not_generated,
codec,1635,예,64,1,codec:1635:10,"The Ocelots are an elite unit hand-picked<0A>from the ranks of Spetsnaz, GRU's special<0A>forces.<0A><END>",Ocelot은 GRU 특수부대 Spetsnaz에서 뽑은 정예야.<0A><00>,64,not_generated,
codec,1641,과,64,1,codec:1641:10,"Even if you disguise yourself as<0A>a scientist,<0A><END>",과학자로 변장해도<0A><00>,64,not_generated,
codec,1641,변,64,1,codec:1641:10,"Even if you disguise yourself as<0A>a scientist,<0A><END>",과학자로 변장해도<0A><00>,64,not_generated,
codec,1641,장,64,1,codec:1641:10,"Even if you disguise yourself as<0A>a scientist,<0A><END>",과학자로 변장해도<0A><00>,64,not_generated,
codec,1641,학,64,1,codec:1641:10,"Even if you disguise yourself as<0A>a scientist,<0A><END>",과학자로 변장해도<0A><00>,64,not_generated,
codec,1656,변,64,1,codec:1656:10,"EVA, I disguised myself as Raikov.<0A><END>","EVA, Raikov로 변장했어요.<0A><00>",64,not_generated,
codec,1656,장,64,1,codec:1656:10,"EVA, I disguised myself as Raikov.<0A><END>","EVA, Raikov로 변장했어요.<0A><00>",64,not_generated,
codec,1656,했,64,1,codec:1656:10,"EVA, I disguised myself as Raikov.<0A><END>","EVA, Raikov로 변장했어요.<0A><00>",64,not_generated,
codec,1668,열,64,1,codec:1668:14,The only way to get in is to pretend you're<0A>Raikov and get them to open the door for<0A>you.<0A><END>,Raikov인 척해서 보초가 문을 열게 해야 해.<0A><00>,64,not_generated,
codec,1668,척,64,1,codec:1668:14,The only way to get in is to pretend you're<0A>Raikov and get them to open the door for<0A>you.<0A><END>,Raikov인 척해서 보초가 문을 열게 해야 해.<0A><00>,64,not_generated,
codec,1668,초,64,1,codec:1668:14,The only way to get in is to pretend you're<0A>Raikov and get them to open the door for<0A>you.<0A><END>,Raikov인 척해서 보초가 문을 열게 해야 해.<0A><00>,64,not_generated,
codec,1674,눈,64,1,codec:1674:14,But your eye...<0A><END>,그런데 네 눈은...<0A><00>,64,not_generated,
codec,1676,님,64,1,codec:1676:10,"Snake, I've got some good news.<0A><END>","Snake님, 좋은 소식이 있어요.<0A><00>",64,not_generated,
codec,1676,식,64,1,codec:1676:10,"Snake, I've got some good news.<0A><END>","Snake님, 좋은 소식이 있어요.<0A><00>",64,not_generated,
codec,1688,주,64,1,codec:1688:10,A specific radio frequency?<0A><END>,특정 RADIO 주파수?<0A><00>,64,not_generated,
codec,1688,파,64,1,codec:1688:10,A specific radio frequency?<0A><END>,특정 RADIO 주파수?<0A><00>,64,not_generated,
codec,1689,굉,64,1,codec:1689:18,G<G6A>nial...<0A><END>FON,굉장해...<0A><00>,64,not_generated,
codec,1689,장,64,1,codec:1689:18,G<G6A>nial...<0A><END>FON,굉장해...<0A><00>,64,not_generated,
codec,1690,앞,64,1,codec:1690:11,Stand in front of the door and SEND<0A>a message on frequency 144.75!<0A><END>,문 앞에서 144.75에 SEND해!<0A><00>,64,not_generated,
codec,1694,꿈,64,1,codec:1694:14,A dream?<0A><END>,꿈?<0A><00>,64,not_generated,
codec,1694,노,64,1,codec:1694:28,Any song?<0A><END>,노래 있나?<0A><00>,64,not_generated,
codec,1700,두,64,1,codec:1700:11,"When the count reaches zero, all of<0A>the C3 charges will explode at once.<0A><END>",COUNT가 0이 되면 C3가 모두 폭발해.<0A><00>,64,not_generated,
codec,1700,모,64,1,codec:1700:11,"When the count reaches zero, all of<0A>the C3 charges will explode at once.<0A><END>",COUNT가 0이 되면 C3가 모두 폭발해.<0A><00>,64,not_generated,
codec,1700,발,64,1,codec:1700:11,"When the count reaches zero, all of<0A>the C3 charges will explode at once.<0A><END>",COUNT가 0이 되면 C3가 모두 폭발해.<0A><00>,64,not_generated,
codec,1700,폭,64,1,codec:1700:11,"When the count reaches zero, all of<0A>the C3 charges will explode at once.<0A><END>",COUNT가 0이 되면 C3가 모두 폭발해.<0A><00>,64,not_generated,
codec,1706,출,64,1,codec:1706:12,About our escape plan...<0A><END>,우리의 탈출 계획에 대해...<0A><00>,64,not_generated,
codec,1706,탈,64,1,codec:1706:12,About our escape plan...<0A><END>,우리의 탈출 계획에 대해...<0A><00>,64,not_generated,
codec,1708,당,64,2,codec:1708:25|codec:1708:16,<G40>Tus bolsas?<0A><END> || Your bags?<0A><END>,당신의 가방은요?<0A><00> || 당신의 가방은요?<0A><00>,64,not_generated,
codec,1708,신,64,2,codec:1708:25|codec:1708:16,<G40>Tus bolsas?<0A><END> || Your bags?<0A><END>,당신의 가방은요?<0A><00> || 당신의 가방은요?<0A><00>,64,not_generated,
codec,1709,웠,64,1,codec:1709:14,I used to have a dog.<0A><END>,저는 개를 키웠어요.<0A><00>,64,not_generated,
codec,1710,각,64,1,codec:1710:11,"EVA, what do you think?<0A><END>","EVA, 어떻게 생각하세요?<0A><00>",64,not_generated,
codec,1710,생,64,1,codec:1710:11,"EVA, what do you think?<0A><END>","EVA, 어떻게 생각하세요?<0A><00>",64,not_generated,
codec,1711,구,64,1,codec:1711:14,Frog!?<0A><END>,개구리!?<0A><00>,64,not_generated,
codec,1712,굴,64,1,codec:1712:13,He's got a handsome face.<0A><END>,잘생긴 얼굴이야.<0A><00>,64,not_generated,
codec,1712,긴,64,1,codec:1712:13,He's got a handsome face.<0A><END>,잘생긴 얼굴이야.<0A><00>,64,not_generated,
codec,1712,떤,64,1,codec:1712:10,"EVA, what kind of guy is Raikov?<0A><END>","EVA, Raikov는 어떤 자야?<0A><00>",64,not_generated,
codec,1712,럼,64,1,codec:1712:23,Okay then...<0A><END>,그럼요...<0A><00>,64,not_generated,
codec,1712,른,64,1,codec:1712:12,Anything else?<0A><END>,다른 건 없나요?<0A><00>,64,not_generated,
codec,1712,생,64,1,codec:1712:13,He's got a handsome face.<0A><END>,잘생긴 얼굴이야.<0A><00>,64,not_generated,
codec,1712,얼,64,1,codec:1712:13,He's got a handsome face.<0A><END>,잘생긴 얼굴이야.<0A><00>,64,not_generated,
codec,1713,냥,64,1,codec:1713:13,And Granin was a hunting casuality?<0A><END>,Granin는 사냥 사상자였나요?<0A><00>,64,not_generated,
codec,1713,너,64,1,codec:1713:24,You too.<0A><END>,너도.<0A><00>,64,not_generated,
codec,1713,력,64,1,codec:1713:16,Just violence for violence sake.<0A><END>,폭력을 위한 폭력일 뿐이야.<0A><00>,64,not_generated,
codec,1713,뿐,64,1,codec:1713:16,Just violence for violence sake.<0A><END>,폭력을 위한 폭력일 뿐이야.<0A><00>,64,not_generated,
codec,1713,였,64,1,codec:1713:13,And Granin was a hunting casuality?<0A><END>,Granin는 사냥 사상자였나요?<0A><00>,64,not_generated,
codec,1713,폭,64,1,codec:1713:16,Just violence for violence sake.<0A><END>,폭력을 위한 폭력일 뿐이야.<0A><00>,64,not_generated,
codec,1714,맡,64,1,codec:1714:20,I'll leave that to you.<0A><END>,네게 맡기지.<0A><00>,64,not_generated,
codec,1714,불,64,1,codec:1714:13,Right. Here they call it an Ekranoplan.<0A><END>,그래. 여기선 Ekranoplan이라 불러.<0A><00>,64,not_generated,
codec,1714,선,64,1,codec:1714:13,Right. Here they call it an Ekranoplan.<0A><END>,그래. 여기선 Ekranoplan이라 불러.<0A><00>,64,not_generated,
codec,1714,출,64,1,codec:1714:10,"EVA, about the escape plan...<0A><END>","EVA, 탈출 계획에 대해...<0A><00>",64,not_generated,
codec,1714,탈,64,1,codec:1714:10,"EVA, about the escape plan...<0A><END>","EVA, 탈출 계획에 대해...<0A><00>",64,not_generated,
codec,1715,걸,64,1,codec:1715:17,Why are you telling me this?<0A><END>,왜 그걸 말해주는 거지?<0A><00>,64,not_generated,
codec,1715,닙,64,1,codec:1715:15,And it's not just Katyn.<0A><END>,그리고 그것은 단지 Katyn이 아닙니다.<0A><00>,64,not_generated,
codec,1715,단,64,1,codec:1715:15,And it's not just Katyn.<0A><END>,그리고 그것은 단지 Katyn이 아닙니다.<0A><00>,64,not_generated,
codec,1715,맞,64,1,codec:1715:11,"The Katyn Forest Massacre, right?<0A><END>","카틴 숲 학살, 맞죠?<0A><00>",64,not_generated,
codec,1715,살,64,1,codec:1715:11,"The Katyn Forest Massacre, right?<0A><END>","카틴 숲 학살, 맞죠?<0A><00>",64,not_generated,
codec,1715,엇,64,1,codec:1715:19,Volgin was?<0A><END>,Volgin는 무엇입니까?<0A><00>,64,not_generated,
codec,1715,죠,64,1,codec:1715:11,"The Katyn Forest Massacre, right?<0A><END>","카틴 숲 학살, 맞죠?<0A><00>",64,not_generated,
codec,1715,주,64,1,codec:1715:17,Why are you telling me this?<0A><END>,왜 그걸 말해주는 거지?<0A><00>,64,not_generated,
codec,1715,카,64,1,codec:1715:11,"The Katyn Forest Massacre, right?<0A><END>","카틴 숲 학살, 맞죠?<0A><00>",64,not_generated,
codec,1715,틴,64,1,codec:1715:11,"The Katyn Forest Massacre, right?<0A><END>","카틴 숲 학살, 맞죠?<0A><00>",64,not_generated,
codec,1715,학,64,1,codec:1715:11,"The Katyn Forest Massacre, right?<0A><END>","카틴 숲 학살, 맞죠?<0A><00>",64,not_generated,
codec,1721,닌,64,1,codec:1721:42,I guess not...<0A><END>,아닌가...<0A><00>,64,not_generated,
codec,1721,했,64,1,codec:1721:49,Yo no he dicho eso.<0A><END>,난 그런 말 안 했어.<0A><00>,64,not_generated,
codec,1727,각,64,1,codec:1727:857,He didn't tell me. I don't think Ocelot's ever<0A>met his parents.<0A><END>,그는 나에게 말하지 않았습니다. 내 생각엔 Ocelot가 그의 부모님을 만난 적이 없는 것 같아요.<0A><00>,64,not_generated,
codec,1727,걱,64,1,codec:1727:611,Nothing. Don't worry about it.<0A><END>,아무것도 아닙니다. 걱정하지 마세요.<0A><00>,64,not_generated,
codec,1727,격,64,2,codec:1727:2206|codec:1727:445,"S'ils te voient, ils ne t'attaqueront<0A>probablement pas,<0A><END> || Watch out for his hornet-based attacks!<0A><END>",그들에게 보여도 공격하진 않을 거야.<0A><00> || HORNET 공격을 조심해!<0A><00>,64,not_generated,
codec,1727,결,64,2,codec:1727:562|codec:1727:1595,Head straight down that connecting<0A>passageway.<0A><END> || Obs<G6A>rvale t<G7B> mismo y saca tus propias<0A>conclusiones. <G22>Hasta luego!<0A><END>,연결 통로를 따라 곧장 내려가.<0A><00> || 자신을 관찰하고 스스로 결론을 도출해 보세요. 나중에 봐요!<0A><00>,64,not_generated,
codec,1727,곧,64,1,codec:1727:562,Head straight down that connecting<0A>passageway.<0A><END>,연결 통로를 따라 곧장 내려가.<0A><00>,64,not_generated,
codec,1727,공,64,2,codec:1727:2206|codec:1727:445,"S'ils te voient, ils ne t'attaqueront<0A>probablement pas,<0A><END> || Watch out for his hornet-based attacks!<0A><END>",그들에게 보여도 공격하진 않을 거야.<0A><00> || HORNET 공격을 조심해!<0A><00>,64,not_generated,
codec,1727,관,64,1,codec:1727:1595,Obs<G6A>rvale t<G7B> mismo y saca tus propias<0A>conclusiones. <G22>Hasta luego!<0A><END>,자신을 관찰하고 스스로 결론을 도출해 보세요. 나중에 봐요!<0A><00>,64,not_generated,
codec,1727,굴,64,1,codec:1727:868,"La grieta que lleva hasta la cueva est<G62> mucho<0A>m<G62>s lejos, al norte, sigue en esa direcci<G74>n.<0A><END>","동굴로 이어지는 균열은 훨씬 더 멀리 있고, 북쪽으로 그 방향으로 계속 가십시오.<0A><00>",64,not_generated,
codec,1727,균,64,1,codec:1727:868,"La grieta que lleva hasta la cueva est<G62> mucho<0A>m<G62>s lejos, al norte, sigue en esa direcci<G74>n.<0A><END>","동굴로 이어지는 균열은 훨씬 더 멀리 있고, 북쪽으로 그 방향으로 계속 가십시오.<0A><00>",64,not_generated,
codec,1727,꾼,64,1,codec:1727:2405,"Parfois, je r<G6B>ve encore <G61> lui.<0A><END>",가끔 나는 아직도 그에 대한 꿈을 꾼다.<0A><00>,64,not_generated,
codec,1727,꿈,64,1,codec:1727:2405,"Parfois, je r<G6B>ve encore <G61> lui.<0A><END>",가끔 나는 아직도 그에 대한 꿈을 꾼다.<0A><00>,64,not_generated,
codec,1727,꿰,64,1,codec:1727:855,"That's what I heard. They say that when<0A>they stitched her up, the scar was shaped<0A>like a snake.<0A><END>",그렇게 들었습니다. 그녀를 꿰매었을 때 흉터는 Snake 모양이었다고 합니다.<0A><00>,64,not_generated,
codec,1727,끔,64,1,codec:1727:2405,"Parfois, je r<G6B>ve encore <G61> lui.<0A><END>",가끔 나는 아직도 그에 대한 꿈을 꾼다.<0A><00>,64,not_generated,
codec,1727,끝,64,1,codec:1727:860,Ocelot probably would have ended up the same<0A>way. But he was taken in and raised by GRU<0A>and Volgin.<0A><END>,Ocelot는 아마도 같은 방식으로 끝났을 거다. 그러나 그는 GRU와 Volgin에 의해 받아들여져 자랐습니다.<0A><00>,64,not_generated,
codec,1727,났,64,2,codec:1727:853|codec:1727:860,"and that he was born right there,<0A>with bullets whizzing past them.<0A><END> || Ocelot probably would have ended up the same<0A>way. But he was taken in and raised by GRU<0A>and Volgin.<0A><END>",그리고 그는 총알이 그들을 지나쳐 지나가는 바로 그곳에서 태어났습니다.<0A><00> || Ocelot는 아마도 같은 방식으로 끝났을 거다. 그러나 그는 GRU와 Volgin에 의해 받아들여져 자랐습니다.<0A><00>,64,not_generated,
codec,1727,너,64,1,codec:1727:841,"Yeah, I know. He's pretty infatuated with<0A>you, isn't he?<0A><END>","그래, 알아. 그 녀석 너한테<0A>완전히 빠졌지?<0A><00>",64,not_generated,
codec,1727,님,64,2,codec:1727:857|codec:1727:851,He didn't tell me. I don't think Ocelot's ever<0A>met his parents.<0A><END> || The Colonel never told me.<0A><END>,그는 나에게 말하지 않았습니다. 내 생각엔 Ocelot가 그의 부모님을 만난 적이 없는 것 같아요.<0A><00> || 대령님은 나에게 말한 적이 없다.<0A><00>,64,not_generated,
codec,1727,닙,64,1,codec:1727:611,Nothing. Don't worry about it.<0A><END>,아무것도 아닙니다. 걱정하지 마세요.<0A><00>,64,not_generated,
codec,1727,달,64,1,codec:1727:2567,Parce qu'il <G6A>tait diff<G6A>rent?<0A><END>,그가 달랐기 때문에?<0A><00>,64,not_generated,
codec,1727,답,64,1,codec:1727:835,Snake! Answer me! Snake! SNAKE!!<0A><END>,Snake! 대답해주세요! Snake! Snake!!<0A><00>,64,not_generated,
codec,1727,동,64,1,codec:1727:868,"La grieta que lleva hasta la cueva est<G62> mucho<0A>m<G62>s lejos, al norte, sigue en esa direcci<G74>n.<0A><END>","동굴로 이어지는 균열은 훨씬 더 멀리 있고, 북쪽으로 그 방향으로 계속 가십시오.<0A><00>",64,not_generated,
codec,1727,든,64,1,codec:1727:859,"Maybe, I don't know. There were a lot of MIAs<0A>back then, during the last days of the war.<0A><END>","아마, 잘 모르겠어. 그때, 전쟁 마지막 날들에는 실종자가 많았거든.<0A><00>",64,not_generated,
codec,1727,따,64,2,codec:1727:742|codec:1727:562,Figure him out yourself. Later!<0A><END> || Head straight down that connecting<0A>passageway.<0A><END>,직접 알아봐. 이따 봐!<0A><00> || 연결 통로를 따라 곧장 내려가.<0A><00>,64,not_generated,
codec,1727,랐,64,2,codec:1727:860|codec:1727:2567,Ocelot probably would have ended up the same<0A>way. But he was taken in and raised by GRU<0A>and Volgin.<0A><END> || Parce qu'il <G6A>tait diff<G6A>rent?<0A><END>,Ocelot는 아마도 같은 방식으로 끝났을 거다. 그러나 그는 GRU와 Volgin에 의해 받아들여져 자랐습니다.<0A><00> || 그가 달랐기 때문에?<0A><00>,64,not_generated,
codec,1727,론,64,1,codec:1727:1595,Obs<G6A>rvale t<G7B> mismo y saca tus propias<0A>conclusiones. <G22>Hasta luego!<0A><END>,자신을 관찰하고 스스로 결론을 도출해 보세요. 나중에 봐요!<0A><00>,64,not_generated,
codec,1727,류,64,1,codec:1727:44,A high-voltage electric current?<0A><END>,고전압 전류?<0A><00>,64,not_generated,
codec,1727,름,64,1,codec:1727:1744,Son nom vient s<G7C>rement de cette crevasse<0A>au nord.<0A><END>,그 이름은 확실히 북쪽에 있는 이 틈에서 유래되었습니다.<0A><00>,64,not_generated,
codec,1727,막,64,1,codec:1727:859,"Maybe, I don't know. There were a lot of MIAs<0A>back then, during the last days of the war.<0A><END>","아마, 잘 모르겠어. 그때, 전쟁 마지막 날들에는 실종자가 많았거든.<0A><00>",64,not_generated,
codec,1727,많,64,1,codec:1727:859,"Maybe, I don't know. There were a lot of MIAs<0A>back then, during the last days of the war.<0A><END>","아마, 잘 모르겠어. 그때, 전쟁 마지막 날들에는 실종자가 많았거든.<0A><00>",64,not_generated,
codec,1727,맞,64,1,codec:1727:852,All I heard was that his mother was<0A>supposedly shot in the gut during battle<0A><END>,내가 들은 것은 그의 어머니가 전투 중에 내장에 총을 맞았다는 것뿐이었습니다.<0A><00>,64,not_generated,
codec,1727,매,64,1,codec:1727:855,"That's what I heard. They say that when<0A>they stitched her up, the scar was shaped<0A>like a snake.<0A><END>",그렇게 들었습니다. 그녀를 꿰매었을 때 흉터는 Snake 모양이었다고 합니다.<0A><00>,64,not_generated,
codec,1727,멀,64,1,codec:1727:868,"La grieta que lleva hasta la cueva est<G62> mucho<0A>m<G62>s lejos, al norte, sigue en esa direcci<G74>n.<0A><END>","동굴로 이어지는 균열은 훨씬 더 멀리 있고, 북쪽으로 그 방향으로 계속 가십시오.<0A><00>",64,not_generated,
codec,1727,모,64,3,codec:1727:857|codec:1727:859|codec:1727:855,"He didn't tell me. I don't think Ocelot's ever<0A>met his parents.<0A><END> || Maybe, I don't know. There were a lot of MIAs<0A>back then, during the last days of the war.<0A><END> || That's what I heard. They say that when<0A>they stitched her up, the scar was shaped<0A>like a snake.<0A><END>","그는 나에게 말하지 않았습니다. 내 생각엔 Ocelot가 그의 부모님을 만난 적이 없는 것 같아요.<0A><00> || 아마, 잘 모르겠어. 그때, 전쟁 마지막 날들에는 실종자가 많았거든.<0A><00> || 그렇게 들었습니다. 그녀를 꿰매었을 때 흉터는 Snake 모양이었다고 합니다.<0A><00>",64,not_generated,
codec,1727,몸,64,1,codec:1727:1850,Tu es malade ou quoi ?<0A><END>,몸이 아픈가요?<0A><00>,64,not_generated,
codec,1727,뭔,64,1,codec:1727:847,Yeah. He's the son of some legendary hero<0A>or something.<0A><END>,네. 그 사람은 전설적인 영웅인가 뭔가의 아들이에요.<0A><00>,64,not_generated,
codec,1727,받,64,2,codec:1727:845|codec:1727:860,I heard from the Colonel that he's been<0A>given...special treatment.<0A><END> || Ocelot probably would have ended up the same<0A>way. But he was taken in and raised by GRU<0A>and Volgin.<0A><END>,대령에게서 그가...특별 대우를 받았다고 들었습니다.<0A><00> || Ocelot는 아마도 같은 방식으로 끝났을 거다. 그러나 그는 GRU와 Volgin에 의해 받아들여져 자랐습니다.<0A><00>,64,not_generated,
codec,1727,뱀,64,1,codec:1727:836,"Snake, what's wrong!? Snake! SNAKE!!<0A><END>","Snake, 무슨 일이야!? 뱀! 뱀!!<0A><00>",64,not_generated,
codec,1727,복,64,1,codec:1727:56,Try crawling your way through there.<0A><END>,포복해서 지나가 봐.<0A><00>,64,not_generated,
codec,1727,북,64,5,codec:1727:868|codec:1727:1826|codec:1727:973|codec:1727:120|codec:1727:1744,"La grieta que lleva hasta la cueva est<G62> mucho<0A>m<G62>s lejos, al norte, sigue en esa direcci<G74>n.<0A><END> || N'oublie pas : direction nord.<0A><END> || Recuerda, direcci<G74>n norte.<0A><END> || Remember, go north.<0A><END> || Son nom vient s<G7C>rement de cette crevasse<0A>au nord.<0A><END>","동굴로 이어지는 균열은 훨씬 더 멀리 있고, 북쪽으로 그 방향으로 계속 가십시오.<0A><00> || 잊지 마. 북쪽이야.<0A><00> || 기억하세요, 북쪽으로 가세요.<0A><00> || 기억해, 북쪽이야.<0A><00> || 그 이름은 확실히 북쪽에 있는 이 틈에서 유래되었습니다.<0A><00>",64,not_generated,
codec,1727,빠,64,1,codec:1727:841,"Yeah, I know. He's pretty infatuated with<0A>you, isn't he?<0A><END>","그래, 알아. 그 녀석 너한테<0A>완전히 빠졌지?<0A><00>",64,not_generated,
codec,1727,뿐,64,1,codec:1727:852,All I heard was that his mother was<0A>supposedly shot in the gut during battle<0A><END>,내가 들은 것은 그의 어머니가 전투 중에 내장에 총을 맞았다는 것뿐이었습니다.<0A><00>,64,not_generated,
codec,1727,생,64,1,codec:1727:857,He didn't tell me. I don't think Ocelot's ever<0A>met his parents.<0A><END>,그는 나에게 말하지 않았습니다. 내 생각엔 Ocelot가 그의 부모님을 만난 적이 없는 것 같아요.<0A><00>,64,not_generated,
codec,1727,속,64,1,codec:1727:868,"La grieta que lleva hasta la cueva est<G62> mucho<0A>m<G62>s lejos, al norte, sigue en esa direcci<G74>n.<0A><END>","동굴로 이어지는 균열은 훨씬 더 멀리 있고, 북쪽으로 그 방향으로 계속 가십시오.<0A><00>",64,not_generated,
codec,1727,식,64,1,codec:1727:860,Ocelot probably would have ended up the same<0A>way. But he was taken in and raised by GRU<0A>and Volgin.<0A><END>,Ocelot는 아마도 같은 방식으로 끝났을 거다. 그러나 그는 GRU와 Volgin에 의해 받아들여져 자랐습니다.<0A><00>,64,not_generated,
codec,1727,신,64,1,codec:1727:1595,Obs<G6A>rvale t<G7B> mismo y saca tus propias<0A>conclusiones. <G22>Hasta luego!<0A><END>,자신을 관찰하고 스스로 결론을 도출해 보세요. 나중에 봐요!<0A><00>,64,not_generated,
codec,1727,실,64,3,codec:1727:859|codec:1727:608|codec:1727:1744,"Maybe, I don't know. There were a lot of MIAs<0A>back then, during the last days of the war.<0A><END> || Not really sure.<0A><END> || Son nom vient s<G7C>rement de cette crevasse<0A>au nord.<0A><END>","아마, 잘 모르겠어. 그때, 전쟁 마지막 날들에는 실종자가 많았거든.<0A><00> || 확실하지 않아.<0A><00> || 그 이름은 확실히 북쪽에 있는 이 틈에서 유래되었습니다.<0A><00>",64,not_generated,
codec,1727,십,64,1,codec:1727:868,"La grieta que lleva hasta la cueva est<G62> mucho<0A>m<G62>s lejos, al norte, sigue en esa direcci<G74>n.<0A><END>","동굴로 이어지는 균열은 훨씬 더 멀리 있고, 북쪽으로 그 방향으로 계속 가십시오.<0A><00>",64,not_generated,
codec,1727,써,64,1,codec:1727:514,Try using the cigarette-shaped sleep<0A>gas gun.<0A><END>,CIGAR형 수면 GAS GUN을 써 봐.<0A><00>,64,not_generated,
codec,1727,씬,64,1,codec:1727:868,"La grieta que lleva hasta la cueva est<G62> mucho<0A>m<G62>s lejos, al norte, sigue en esa direcci<G74>n.<0A><END>","동굴로 이어지는 균열은 훨씬 더 멀리 있고, 북쪽으로 그 방향으로 계속 가십시오.<0A><00>",64,not_generated,
codec,1727,압,64,1,codec:1727:44,A high-voltage electric current?<0A><END>,고전압 전류?<0A><00>,64,not_generated,
codec,1727,양,64,1,codec:1727:855,"That's what I heard. They say that when<0A>they stitched her up, the scar was shaped<0A>like a snake.<0A><END>",그렇게 들었습니다. 그녀를 꿰매었을 때 흉터는 Snake 모양이었다고 합니다.<0A><00>,64,not_generated,
codec,1727,억,64,2,codec:1727:973|codec:1727:120,"Recuerda, direcci<G74>n norte.<0A><END> || Remember, go north.<0A><END>","기억하세요, 북쪽으로 가세요.<0A><00> || 기억해, 북쪽이야.<0A><00>",64,not_generated,
codec,1727,연,64,1,codec:1727:562,Head straight down that connecting<0A>passageway.<0A><END>,연결 통로를 따라 곧장 내려가.<0A><00>,64,not_generated,
codec,1727,열,64,1,codec:1727:868,"La grieta que lleva hasta la cueva est<G62> mucho<0A>m<G62>s lejos, al norte, sigue en esa direcci<G74>n.<0A><END>","동굴로 이어지는 균열은 훨씬 더 멀리 있고, 북쪽으로 그 방향으로 계속 가십시오.<0A><00>",64,not_generated,
codec,1727,영,64,1,codec:1727:847,Yeah. He's the son of some legendary hero<0A>or something.<0A><END>,네. 그 사람은 전설적인 영웅인가 뭔가의 아들이에요.<0A><00>,64,not_generated,
codec,1727,오,64,1,codec:1727:868,"La grieta que lleva hasta la cueva est<G62> mucho<0A>m<G62>s lejos, al norte, sigue en esa direcci<G74>n.<0A><END>","동굴로 이어지는 균열은 훨씬 더 멀리 있고, 북쪽으로 그 방향으로 계속 가십시오.<0A><00>",64,not_generated,
codec,1727,완,64,1,codec:1727:841,"Yeah, I know. He's pretty infatuated with<0A>you, isn't he?<0A><END>","그래, 알아. 그 녀석 너한테<0A>완전히 빠졌지?<0A><00>",64,not_generated,
codec,1727,용,64,1,codec:1727:595,...Hmm. This could be useful.<0A><END>,...흠. 이것은 유용할 수 있다.<0A><00>,64,not_generated,
codec,1727,웅,64,1,codec:1727:847,Yeah. He's the son of some legendary hero<0A>or something.<0A><END>,네. 그 사람은 전설적인 영웅인가 뭔가의 아들이에요.<0A><00>,64,not_generated,
codec,1727,잊,64,1,codec:1727:1826,N'oublie pas : direction nord.<0A><END>,잊지 마. 북쪽이야.<0A><00>,64,not_generated,
codec,1727,장,64,2,codec:1727:852|codec:1727:562,All I heard was that his mother was<0A>supposedly shot in the gut during battle<0A><END> || Head straight down that connecting<0A>passageway.<0A><END>,내가 들은 것은 그의 어머니가 전투 중에 내장에 총을 맞았다는 것뿐이었습니다.<0A><00> || 연결 통로를 따라 곧장 내려가.<0A><00>,64,not_generated,
codec,1727,쟁,64,1,codec:1727:859,"Maybe, I don't know. There were a lot of MIAs<0A>back then, during the last days of the war.<0A><END>","아마, 잘 모르겠어. 그때, 전쟁 마지막 날들에는 실종자가 많았거든.<0A><00>",64,not_generated,
codec,1727,전,64,5,codec:1727:44|codec:1727:852|codec:1727:859|codec:1727:841|codec:1727:847,"A high-voltage electric current?<0A><END> || All I heard was that his mother was<0A>supposedly shot in the gut during battle<0A><END> || Maybe, I don't know. There were a lot of MIAs<0A>back then, during the last days of the war.<0A><END> || Yeah, I know. He's pretty infatuated with<0A>you, isn't he?<0A><END> || Yeah. He's the son of some legendary hero<0A>or something.<0A><END>","고전압 전류?<0A><00> || 내가 들은 것은 그의 어머니가 전투 중에 내장에 총을 맞았다는 것뿐이었습니다.<0A><00> || 아마, 잘 모르겠어. 그때, 전쟁 마지막 날들에는 실종자가 많았거든.<0A><00> || 그래, 알아. 그 녀석 너한테<0A>완전히 빠졌지?<0A><00> || 네. 그 사람은 전설적인 영웅인가 뭔가의 아들이에요.<0A><00>",64,not_generated,
codec,1727,접,64,1,codec:1727:742,Figure him out yourself. Later!<0A><END>,직접 알아봐. 이따 봐!<0A><00>,64,not_generated,
codec,1727,져,64,1,codec:1727:860,Ocelot probably would have ended up the same<0A>way. But he was taken in and raised by GRU<0A>and Volgin.<0A><END>,Ocelot는 아마도 같은 방식으로 끝났을 거다. 그러나 그는 GRU와 Volgin에 의해 받아들여져 자랐습니다.<0A><00>,64,not_generated,
codec,1727,졌,64,1,codec:1727:841,"Yeah, I know. He's pretty infatuated with<0A>you, isn't he?<0A><END>","그래, 알아. 그 녀석 너한테<0A>완전히 빠졌지?<0A><00>",64,not_generated,
codec,1727,종,64,1,codec:1727:859,"Maybe, I don't know. There were a lot of MIAs<0A>back then, during the last days of the war.<0A><END>","아마, 잘 모르겠어. 그때, 전쟁 마지막 날들에는 실종자가 많았거든.<0A><00>",64,not_generated,
codec,1727,죠,64,1,codec:1727:1838,"Les Ocelots, hein ?<0A><END>",Ocelot이죠?<0A><00>,64,not_generated,
codec,1727,주,64,1,codec:1727:835,Snake! Answer me! Snake! SNAKE!!<0A><END>,Snake! 대답해주세요! Snake! Snake!!<0A><00>,64,not_generated,
codec,1727,중,64,3,codec:1727:1852|codec:1727:852|codec:1727:1595,A plus.<0A><END> || All I heard was that his mother was<0A>supposedly shot in the gut during battle<0A><END> || Obs<G6A>rvale t<G7B> mismo y saca tus propias<0A>conclusiones. <G22>Hasta luego!<0A><END>,나중에 봐.<0A><00> || 내가 들은 것은 그의 어머니가 전투 중에 내장에 총을 맞았다는 것뿐이었습니다.<0A><00> || 자신을 관찰하고 스스로 결론을 도출해 보세요. 나중에 봐요!<0A><00>,64,not_generated,
codec,1727,직,64,2,codec:1727:742|codec:1727:2405,"Figure him out yourself. Later!<0A><END> || Parfois, je r<G6B>ve encore <G61> lui.<0A><END>",직접 알아봐. 이따 봐!<0A><00> || 가끔 나는 아직도 그에 대한 꿈을 꾼다.<0A><00>,64,not_generated,
codec,1727,진,64,1,codec:1727:2206,"S'ils te voient, ils ne t'attaqueront<0A>probablement pas,<0A><END>",그들에게 보여도 공격하진 않을 거야.<0A><00>,64,not_generated,
codec,1727,쪽,64,5,codec:1727:868|codec:1727:1826|codec:1727:973|codec:1727:120|codec:1727:1744,"La grieta que lleva hasta la cueva est<G62> mucho<0A>m<G62>s lejos, al norte, sigue en esa direcci<G74>n.<0A><END> || N'oublie pas : direction nord.<0A><END> || Recuerda, direcci<G74>n norte.<0A><END> || Remember, go north.<0A><END> || Son nom vient s<G7C>rement de cette crevasse<0A>au nord.<0A><END>","동굴로 이어지는 균열은 훨씬 더 멀리 있고, 북쪽으로 그 방향으로 계속 가십시오.<0A><00> || 잊지 마. 북쪽이야.<0A><00> || 기억하세요, 북쪽으로 가세요.<0A><00> || 기억해, 북쪽이야.<0A><00> || 그 이름은 확실히 북쪽에 있는 이 틈에서 유래되었습니다.<0A><00>",64,not_generated,
codec,1727,찰,64,1,codec:1727:1595,Obs<G6A>rvale t<G7B> mismo y saca tus propias<0A>conclusiones. <G22>Hasta luego!<0A><END>,자신을 관찰하고 스스로 결론을 도출해 보세요. 나중에 봐요!<0A><00>,64,not_generated,
codec,1727,쳐,64,1,codec:1727:853,"and that he was born right there,<0A>with bullets whizzing past them.<0A><END>",그리고 그는 총알이 그들을 지나쳐 지나가는 바로 그곳에서 태어났습니다.<0A><00>,64,not_generated,
codec,1727,총,64,2,codec:1727:852|codec:1727:853,"All I heard was that his mother was<0A>supposedly shot in the gut during battle<0A><END> || and that he was born right there,<0A>with bullets whizzing past them.<0A><END>",내가 들은 것은 그의 어머니가 전투 중에 내장에 총을 맞았다는 것뿐이었습니다.<0A><00> || 그리고 그는 총알이 그들을 지나쳐 지나가는 바로 그곳에서 태어났습니다.<0A><00>,64,not_generated,
codec,1727,출,64,1,codec:1727:1595,Obs<G6A>rvale t<G7B> mismo y saca tus propias<0A>conclusiones. <G22>Hasta luego!<0A><END>,자신을 관찰하고 스스로 결론을 도출해 보세요. 나중에 봐요!<0A><00>,64,not_generated,
codec,1727,타,64,1,codec:1727:792,That's too bad.<0A><END>,안타깝네요.<0A><00>,64,not_generated,
codec,1727,테,64,1,codec:1727:841,"Yeah, I know. He's pretty infatuated with<0A>you, isn't he?<0A><END>","그래, 알아. 그 녀석 너한테<0A>완전히 빠졌지?<0A><00>",64,not_generated,
codec,1727,통,64,1,codec:1727:562,Head straight down that connecting<0A>passageway.<0A><END>,연결 통로를 따라 곧장 내려가.<0A><00>,64,not_generated,
codec,1727,투,64,1,codec:1727:852,All I heard was that his mother was<0A>supposedly shot in the gut during battle<0A><END>,내가 들은 것은 그의 어머니가 전투 중에 내장에 총을 맞았다는 것뿐이었습니다.<0A><00>,64,not_generated,
codec,1727,틈,64,1,codec:1727:1744,Son nom vient s<G7C>rement de cette crevasse<0A>au nord.<0A><END>,그 이름은 확실히 북쪽에 있는 이 틈에서 유래되었습니다.<0A><00>,64,not_generated,
codec,1727,픈,64,1,codec:1727:1850,Tu es malade ou quoi ?<0A><END>,몸이 아픈가요?<0A><00>,64,not_generated,
codec,1727,합,64,1,codec:1727:855,"That's what I heard. They say that when<0A>they stitched her up, the scar was shaped<0A>like a snake.<0A><END>",그렇게 들었습니다. 그녀를 꿰매었을 때 흉터는 Snake 모양이었다고 합니다.<0A><00>,64,not_generated,
codec,1727,향,64,1,codec:1727:868,"La grieta que lleva hasta la cueva est<G62> mucho<0A>m<G62>s lejos, al norte, sigue en esa direcci<G74>n.<0A><END>","동굴로 이어지는 균열은 훨씬 더 멀리 있고, 북쪽으로 그 방향으로 계속 가십시오.<0A><00>",64,not_generated,
codec,1727,형,64,1,codec:1727:514,Try using the cigarette-shaped sleep<0A>gas gun.<0A><END>,CIGAR형 수면 GAS GUN을 써 봐.<0A><00>,64,not_generated,
codec,1727,확,64,2,codec:1727:608|codec:1727:1744,Not really sure.<0A><END> || Son nom vient s<G7C>rement de cette crevasse<0A>au nord.<0A><END>,확실하지 않아.<0A><00> || 그 이름은 확실히 북쪽에 있는 이 틈에서 유래되었습니다.<0A><00>,64,not_generated,
codec,1727,훨,64,1,codec:1727:868,"La grieta que lleva hasta la cueva est<G62> mucho<0A>m<G62>s lejos, al norte, sigue en esa direcci<G74>n.<0A><END>","동굴로 이어지는 균열은 훨씬 더 멀리 있고, 북쪽으로 그 방향으로 계속 가십시오.<0A><00>",64,not_generated,
codec,1727,흉,64,1,codec:1727:855,"That's what I heard. They say that when<0A>they stitched her up, the scar was shaped<0A>like a snake.<0A><END>",그렇게 들었습니다. 그녀를 꿰매었을 때 흉터는 Snake 모양이었다고 합니다.<0A><00>,64,not_generated,
codec,1727,흠,64,1,codec:1727:595,...Hmm. This could be useful.<0A><END>,...흠. 이것은 유용할 수 있다.<0A><00>,64,not_generated,
codec,1729,클,64,1,codec:1729:59,Clappers?<0A><END>,클래퍼?<0A><00>,64,not_generated,
codec,1729,퍼,64,1,codec:1729:59,Clappers?<0A><END>,클래퍼?<0A><00>,64,not_generated,
codec,1737,굴,64,1,codec:1737:2181,l'aqueduc <G61> l'autre bout de la grotte.<0A><END>,동굴 반대편 끝에 있는 수로.<0A><00>,64,not_generated,
codec,1737,끝,64,1,codec:1737:2181,l'aqueduc <G61> l'autre bout de la grotte.<0A><END>,동굴 반대편 끝에 있는 수로.<0A><00>,64,not_generated,
codec,1737,동,64,1,codec:1737:2181,l'aqueduc <G61> l'autre bout de la grotte.<0A><END>,동굴 반대편 끝에 있는 수로.<0A><00>,64,not_generated,
codec,1737,반,64,1,codec:1737:2181,l'aqueduc <G61> l'autre bout de la grotte.<0A><END>,동굴 반대편 끝에 있는 수로.<0A><00>,64,not_generated,
codec,1740,깐,64,1,codec:1740:1985,Attends une minute...<0A><END>,잠깐...<0A><00>,64,not_generated,
codec,1740,잠,64,1,codec:1740:1985,Attends une minute...<0A><END>,잠깐...<0A><00>,64,not_generated,
codec,1754,갔,64,1,codec:1754:29,Enough. Hurry to the factory where ADAM<0A>is waiting. Scouts have probably already been<0A>sent out to investigate the explosion.<0A><END>,이제 됐다. ADAM이 기다리는 공장으로 서둘러. 폭발을 조사하러 정찰대가 갔을 거야.,64,not_generated,
codec,1754,공,64,1,codec:1754:29,Enough. Hurry to the factory where ADAM<0A>is waiting. Scouts have probably already been<0A>sent out to investigate the explosion.<0A><END>,이제 됐다. ADAM이 기다리는 공장으로 서둘러. 폭발을 조사하러 정찰대가 갔을 거야.,64,not_generated,
codec,1754,능,64,1,codec:1754:21,"No, that's impossible. The man The Boss<0A>is working with, Volgin, isn't exactly on<0A>speaking terms with Khrushchev.<0A><END>","아니, 불가능해. Volgin은<0A>hrushchev.와 사이가 안 좋아.<0A><00>",64,not_generated,
codec,1754,렸,64,1,codec:1754:30,"You've lost your weapon, right?<0A><END>",무기를 잃어버렸죠?<0A><00>,64,not_generated,
codec,1754,발,64,1,codec:1754:29,Enough. Hurry to the factory where ADAM<0A>is waiting. Scouts have probably already been<0A>sent out to investigate the explosion.<0A><END>,이제 됐다. ADAM이 기다리는 공장으로 서둘러. 폭발을 조사하러 정찰대가 갔을 거야.,64,not_generated,
codec,1754,불,64,1,codec:1754:21,"No, that's impossible. The man The Boss<0A>is working with, Volgin, isn't exactly on<0A>speaking terms with Khrushchev.<0A><END>","아니, 불가능해. Volgin은<0A>hrushchev.와 사이가 안 좋아.<0A><00>",64,not_generated,
codec,1754,잃,64,1,codec:1754:30,"You've lost your weapon, right?<0A><END>",무기를 잃어버렸죠?<0A><00>,64,not_generated,
codec,1754,장,64,1,codec:1754:29,Enough. Hurry to the factory where ADAM<0A>is waiting. Scouts have probably already been<0A>sent out to investigate the explosion.<0A><END>,이제 됐다. ADAM이 기다리는 공장으로 서둘러. 폭발을 조사하러 정찰대가 갔을 거야.,64,not_generated,
codec,1754,죠,64,1,codec:1754:30,"You've lost your weapon, right?<0A><END>",무기를 잃어버렸죠?<0A><00>,64,not_generated,
codec,1754,찰,64,1,codec:1754:29,Enough. Hurry to the factory where ADAM<0A>is waiting. Scouts have probably already been<0A>sent out to investigate the explosion.<0A><END>,이제 됐다. ADAM이 기다리는 공장으로 서둘러. 폭발을 조사하러 정찰대가 갔을 거야.,64,not_generated,
codec,1754,폭,64,1,codec:1754:29,Enough. Hurry to the factory where ADAM<0A>is waiting. Scouts have probably already been<0A>sent out to investigate the explosion.<0A><END>,이제 됐다. ADAM이 기다리는 공장으로 서둘러. 폭발을 조사하러 정찰대가 갔을 거야.,64,not_generated,
codec,1755,맞,64,1,codec:1755:10,"She's right, Snake. You should get some<0A>sleep.<0A><END>","그녀 말이 맞아, Snake. 좀 자.<0A><00>",64,not_generated,
codec,1755,좀,64,1,codec:1755:10,"She's right, Snake. You should get some<0A>sleep.<0A><END>","그녀 말이 맞아, Snake. 좀 자.<0A><00>",64,not_generated,
codec,1757,걱,64,1,codec:1757:33,But don't worry. I'll figure something out.<0A><END>,걱정하지 마세요. 내가 뭔가를 알아낼 게요.<0A><00>,64,not_generated,
codec,1757,낼,64,1,codec:1757:33,But don't worry. I'll figure something out.<0A><END>,걱정하지 마세요. 내가 뭔가를 알아낼 게요.<0A><00>,64,not_generated,
codec,1757,당,64,1,codec:1757:32,That key won't work.<0A><END>,해당 키는 작동하지 않습니다.<0A><00>,64,not_generated,
codec,1757,동,64,1,codec:1757:32,That key won't work.<0A><END>,해당 키는 작동하지 않습니다.<0A><00>,64,not_generated,
codec,1757,뭔,64,1,codec:1757:33,But don't worry. I'll figure something out.<0A><END>,걱정하지 마세요. 내가 뭔가를 알아낼 게요.<0A><00>,64,not_generated,
codec,1757,작,64,1,codec:1757:32,That key won't work.<0A><END>,해당 키는 작동하지 않습니다.<0A><00>,64,not_generated,
codec,1757,즉,64,1,codec:1757:15,Good. That means they haven't killed him...<0A><END>,"좋습니다. 즉, 그들은 그를 죽이지 않았다는 뜻다...<0A><00>",64,not_generated,
codec,1761,릴,64,1,codec:1761:16,He should be lying in wait for you in one<0A>of those places.<0A><END>,그 장소 중 하나에서 기다릴 거야.<0A><00>,64,not_generated,
codec,1761,장,64,1,codec:1761:16,He should be lying in wait for you in one<0A>of those places.<0A><END>,그 장소 중 하나에서 기다릴 거야.<0A><00>,64,not_generated,
codec,1761,중,64,1,codec:1761:16,He should be lying in wait for you in one<0A>of those places.<0A><END>,그 장소 중 하나에서 기다릴 거야.<0A><00>,64,not_generated,
codec,1763,갈,64,1,codec:1763:22,You can't get out.<0A><END>,나갈 수 없어.<0A><00>,64,not_generated,
codec,1763,곧,64,1,codec:1763:30,Uh huh. They'll be there any minute now.<0A>You've got to get out quick!<0A><END>,그래. 곧 올 거야.<0A>빨리 빠져나가!<0A><00>,64,not_generated,
codec,1763,빠,64,1,codec:1763:30,Uh huh. They'll be there any minute now.<0A>You've got to get out quick!<0A><END>,그래. 곧 올 거야.<0A>빨리 빠져나가!<0A><00>,64,not_generated,
codec,1763,빨,64,1,codec:1763:30,Uh huh. They'll be there any minute now.<0A>You've got to get out quick!<0A><END>,그래. 곧 올 거야.<0A>빨리 빠져나가!<0A><00>,64,not_generated,
codec,1763,전,64,1,codec:1763:20,"Yeah, and now all of Groznyj Grad is on<0A>red alert.<0A><END>","그래, Groznyj Grad 전체가 RED ALERT야.<0A><00>",64,not_generated,
codec,1763,져,64,1,codec:1763:30,Uh huh. They'll be there any minute now.<0A>You've got to get out quick!<0A><END>,그래. 곧 올 거야.<0A>빨리 빠져나가!<0A><00>,64,not_generated,
codec,1763,체,64,1,codec:1763:20,"Yeah, and now all of Groznyj Grad is on<0A>red alert.<0A><END>","그래, Groznyj Grad 전체가 RED ALERT야.<0A><00>",64,not_generated,
codec,1764,괜,64,1,codec:1764:24,"Snake, are you all right? That was a close<0A>call!<0A><END>","Snake, 괜찮아? 큰일 날 뻔했어!<0A><00>",64,not_generated,
codec,1764,구,64,1,codec:1764:33,"He had ESP, which was the subject of ex-<0A>tensive research in the Soviet Union at the<0A>time. He was especially gifted as a medium.<0A><END>",그는 ESP 능력이 있었고 당시 소련에서 활발히 연구됐어. 특히 영매 능력이 뛰어났지.,64,not_generated,
codec,1764,났,64,1,codec:1764:33,"He had ESP, which was the subject of ex-<0A>tensive research in the Soviet Union at the<0A>time. He was especially gifted as a medium.<0A><END>",그는 ESP 능력이 있었고 당시 소련에서 활발히 연구됐어. 특히 영매 능력이 뛰어났지.,64,not_generated,
codec,1764,능,64,2,codec:1764:33|codec:1764:32,"He had ESP, which was the subject of ex-<0A>tensive research in the Soviet Union at the<0A>time. He was especially gifted as a medium.<0A><END> || The Sorrow was a man with, well...<0A>special powers.<0A><END>",그는 ESP 능력이 있었고 당시 소련에서 활발히 연구됐어. 특히 영매 능력이 뛰어났지. || The Sorrow는 음... 특별한 능력을 가진 사람이었습니다.<0A><00>,64,not_generated,
codec,1764,당,64,2,codec:1764:43|codec:1764:33,"At Tselinoyarsk...you know, those cliffs you<0A>were at.<0A><END> || He had ESP, which was the subject of ex-<0A>tensive research in the Soviet Union at the<0A>time. He was especially gifted as a medium.<0A><END>",Tselinoyarsk에서... 당신이 있던 그 절벽이요.<0A><00> || 그는 ESP 능력이 있었고 당시 소련에서 활발히 연구됐어. 특히 영매 능력이 뛰어났지.,64,not_generated,
codec,1764,던,64,1,codec:1764:43,"At Tselinoyarsk...you know, those cliffs you<0A>were at.<0A><END>",Tselinoyarsk에서... 당신이 있던 그 절벽이요.<0A><00>,64,not_generated,
codec,1764,뛰,64,1,codec:1764:33,"He had ESP, which was the subject of ex-<0A>tensive research in the Soviet Union at the<0A>time. He was especially gifted as a medium.<0A><END>",그는 ESP 능력이 있었고 당시 소련에서 활발히 연구됐어. 특히 영매 능력이 뛰어났지.,64,not_generated,
codec,1764,력,64,2,codec:1764:33|codec:1764:32,"He had ESP, which was the subject of ex-<0A>tensive research in the Soviet Union at the<0A>time. He was especially gifted as a medium.<0A><END> || The Sorrow was a man with, well...<0A>special powers.<0A><END>",그는 ESP 능력이 있었고 당시 소련에서 활발히 연구됐어. 특히 영매 능력이 뛰어났지. || The Sorrow는 음... 특별한 능력을 가진 사람이었습니다.<0A><00>,64,not_generated,
codec,1764,련,64,1,codec:1764:33,"He had ESP, which was the subject of ex-<0A>tensive research in the Soviet Union at the<0A>time. He was especially gifted as a medium.<0A><END>",그는 ESP 능력이 있었고 당시 소련에서 활발히 연구됐어. 특히 영매 능력이 뛰어났지.,64,not_generated,
codec,1764,매,64,1,codec:1764:33,"He had ESP, which was the subject of ex-<0A>tensive research in the Soviet Union at the<0A>time. He was especially gifted as a medium.<0A><END>",그는 ESP 능력이 있었고 당시 소련에서 활발히 연구됐어. 특히 영매 능력이 뛰어났지.,64,not_generated,
codec,1764,뭘,64,1,codec:1764:104,Savoir quoi?<0A><END>,뭘 알아?<0A><00>,64,not_generated,
codec,1764,발,64,1,codec:1764:33,"He had ESP, which was the subject of ex-<0A>tensive research in the Soviet Union at the<0A>time. He was especially gifted as a medium.<0A><END>",그는 ESP 능력이 있었고 당시 소련에서 활발히 연구됐어. 특히 영매 능력이 뛰어났지.,64,not_generated,
codec,1764,벽,64,1,codec:1764:43,"At Tselinoyarsk...you know, those cliffs you<0A>were at.<0A><END>",Tselinoyarsk에서... 당신이 있던 그 절벽이요.<0A><00>,64,not_generated,
codec,1764,빼,64,1,codec:1764:48,Except this time they were enemies.<0A><END>,이번에만 빼면 그들은 적이었습니다.<0A><00>,64,not_generated,
codec,1764,뻔,64,1,codec:1764:24,"Snake, are you all right? That was a close<0A>call!<0A><END>","Snake, 괜찮아? 큰일 날 뻔했어!<0A><00>",64,not_generated,
codec,1764,신,64,1,codec:1764:43,"At Tselinoyarsk...you know, those cliffs you<0A>were at.<0A><END>",Tselinoyarsk에서... 당신이 있던 그 절벽이요.<0A><00>,64,not_generated,
codec,1764,연,64,1,codec:1764:33,"He had ESP, which was the subject of ex-<0A>tensive research in the Soviet Union at the<0A>time. He was especially gifted as a medium.<0A><END>",그는 ESP 능력이 있었고 당시 소련에서 활발히 연구됐어. 특히 영매 능력이 뛰어났지.,64,not_generated,
codec,1764,였,64,2,codec:1764:108|codec:1764:76,Et c'est The Boss qui l'a tu<G6A>.<0A><END> || Y fue The Boss quien le mat<G74>.<0A><END>,그리고 그를 죽인 것은 The Boss였습니다.<0A><00> || 그리고 그를 죽인 사람은 The Boss였습니다.<0A><00>,64,not_generated,
codec,1764,영,64,1,codec:1764:33,"He had ESP, which was the subject of ex-<0A>tensive research in the Soviet Union at the<0A>time. He was especially gifted as a medium.<0A><END>",그는 ESP 능력이 있었고 당시 소련에서 활발히 연구됐어. 특히 영매 능력이 뛰어났지.,64,not_generated,
codec,1764,진,64,1,codec:1764:32,"The Sorrow was a man with, well...<0A>special powers.<0A><END>",The Sorrow는 음... 특별한 능력을 가진 사람이었습니다.<0A><00>,64,not_generated,
codec,1764,찮,64,1,codec:1764:24,"Snake, are you all right? That was a close<0A>call!<0A><END>","Snake, 괜찮아? 큰일 날 뻔했어!<0A><00>",64,not_generated,
codec,1764,큰,64,1,codec:1764:24,"Snake, are you all right? That was a close<0A>call!<0A><END>","Snake, 괜찮아? 큰일 날 뻔했어!<0A><00>",64,not_generated,
codec,1764,했,64,1,codec:1764:24,"Snake, are you all right? That was a close<0A>call!<0A><END>","Snake, 괜찮아? 큰일 날 뻔했어!<0A><00>",64,not_generated,
codec,1764,활,64,1,codec:1764:33,"He had ESP, which was the subject of ex-<0A>tensive research in the Soviet Union at the<0A>time. He was especially gifted as a medium.<0A><END>",그는 ESP 능력이 있었고 당시 소련에서 활발히 연구됐어. 특히 영매 능력이 뛰어났지.,64,not_generated,
codec,1765,걱,64,1,codec:1765:11,Snake!? You didn't call...I was worried!<0A>Are you all right?<0A><END>,Snake!? 연락이 없어 걱정했어! 괜찮아?<0A><00>,64,not_generated,
codec,1765,괜,64,1,codec:1765:11,Snake!? You didn't call...I was worried!<0A>Are you all right?<0A><END>,Snake!? 연락이 없어 걱정했어! 괜찮아?<0A><00>,64,not_generated,
codec,1765,락,64,1,codec:1765:11,Snake!? You didn't call...I was worried!<0A>Are you all right?<0A><END>,Snake!? 연락이 없어 걱정했어! 괜찮아?<0A><00>,64,not_generated,
codec,1765,연,64,1,codec:1765:11,Snake!? You didn't call...I was worried!<0A>Are you all right?<0A><END>,Snake!? 연락이 없어 걱정했어! 괜찮아?<0A><00>,64,not_generated,
codec,1765,찮,64,1,codec:1765:11,Snake!? You didn't call...I was worried!<0A>Are you all right?<0A><END>,Snake!? 연락이 없어 걱정했어! 괜찮아?<0A><00>,64,not_generated,
codec,1765,했,64,1,codec:1765:11,Snake!? You didn't call...I was worried!<0A>Are you all right?<0A><END>,Snake!? 연락이 없어 걱정했어! 괜찮아?<0A><00>,64,not_generated,
codec,1771,약,64,1,codec:1771:18,Alright. I'll make sure I finish planting<0A>all 4 charges before I start the timer.<0A><END>,좋아. 타이머 전에 폭약 4개를 다 설치할게.,64,not_generated,
codec,1771,전,64,1,codec:1771:18,Alright. I'll make sure I finish planting<0A>all 4 charges before I start the timer.<0A><END>,좋아. 타이머 전에 폭약 4개를 다 설치할게.,64,not_generated,
codec,1771,치,64,1,codec:1771:18,Alright. I'll make sure I finish planting<0A>all 4 charges before I start the timer.<0A><END>,좋아. 타이머 전에 폭약 4개를 다 설치할게.,64,not_generated,
codec,1771,타,64,1,codec:1771:18,Alright. I'll make sure I finish planting<0A>all 4 charges before I start the timer.<0A><END>,좋아. 타이머 전에 폭약 4개를 다 설치할게.,64,not_generated,
codec,1771,폭,64,1,codec:1771:18,Alright. I'll make sure I finish planting<0A>all 4 charges before I start the timer.<0A><END>,좋아. 타이머 전에 폭약 4개를 다 설치할게.,64,not_generated,
codec,1782,남,64,1,codec:1782:26,You've still got a mission to complete.<0A><END>,아직 완료해야 할 MISSION가 남아 있다.<0A><00>,64,not_generated,
codec,1782,료,64,1,codec:1782:26,You've still got a mission to complete.<0A><END>,아직 완료해야 할 MISSION가 남아 있다.<0A><00>,64,not_generated,
codec,1782,완,64,1,codec:1782:26,You've still got a mission to complete.<0A><END>,아직 완료해야 할 MISSION가 남아 있다.<0A><00>,64,not_generated,
codec,1782,직,64,1,codec:1782:26,You've still got a mission to complete.<0A><END>,아직 완료해야 할 MISSION가 남아 있다.<0A><00>,64,not_generated,
codec,1783,했,64,1,codec:1783:14,"Well done, Snake!<0A><END>","잘했어요, Snake!<0A><00>",64,not_generated,
codec,1788,꼭,64,1,codec:1788:79,En la cima de la monta<G72>a. Entendido.<0A><END>,산 꼭대기에. 이해했다.<0A><00>,64,not_generated,
codec,1788,산,64,1,codec:1788:79,En la cima de la monta<G72>a. Entendido.<0A><END>,산 꼭대기에. 이해했다.<0A><00>,64,not_generated,
codec,1788,했,64,1,codec:1788:79,En la cima de la monta<G72>a. Entendido.<0A><END>,산 꼭대기에. 이해했다.<0A><00>,64,not_generated,
codec,1804,과,64,1,codec:1804:10,"Snake, unlike the Virtuous Mission, this is<0A>a night operation.<0A><END>","Snake, Virtuous Mission과 달리<0A>이번엔 야간 Mission이야.<0A><00>",64,not_generated,
codec,1804,달,64,1,codec:1804:10,"Snake, unlike the Virtuous Mission, this is<0A>a night operation.<0A><END>","Snake, Virtuous Mission과 달리<0A>이번엔 야간 Mission이야.<0A><00>",64,not_generated,
codec,1807,접,64,1,codec:1807:10,"Snake, be careful when you approach<0A>the enemy.<0A><END>","Snake, 적에게 접근할 때는 조심해.<0A><00>",64,not_generated,
codec,1815,강,64,1,codec:1815:12,"As you can see, they're very large.<0A>Strong, too.<0A><END>",보시다시피 매우 큽니다. 역시 강하다.<0A><00>,64,not_generated,
codec,1815,매,64,1,codec:1815:12,"As you can see, they're very large.<0A>Strong, too.<0A><END>",보시다시피 매우 큽니다. 역시 강하다.<0A><00>,64,not_generated,
codec,1815,역,64,1,codec:1815:12,"As you can see, they're very large.<0A>Strong, too.<0A><END>",보시다시피 매우 큽니다. 역시 강하다.<0A><00>,64,not_generated,
codec,1815,큽,64,1,codec:1815:12,"As you can see, they're very large.<0A>Strong, too.<0A><END>",보시다시피 매우 큽니다. 역시 강하다.<0A><00>,64,not_generated,
codec,1815,피,64,1,codec:1815:12,"As you can see, they're very large.<0A>Strong, too.<0A><END>",보시다시피 매우 큽니다. 역시 강하다.<0A><00>,64,not_generated,
codec,1818,격,64,1,codec:1818:10,"Snake, be careful of those attack dogs.<0A><END>","Snake, 저 공격견들을 조심해.<0A><00>",64,not_generated,
codec,1818,견,64,1,codec:1818:10,"Snake, be careful of those attack dogs.<0A><END>","Snake, 저 공격견들을 조심해.<0A><00>",64,not_generated,
codec,1818,공,64,1,codec:1818:10,"Snake, be careful of those attack dogs.<0A><END>","Snake, 저 공격견들을 조심해.<0A><00>",64,not_generated,
codec,1818,너,64,1,codec:1818:12,"No, you're the one who's dangerous.<0A><END>","아니, 위험한 건 너야.<0A><00>",64,not_generated,
codec,1822,전,64,1,codec:1822:11,"If you're engaging in proximity combat,<0A>use caution!<0A><END>",근접전 중엔 조심해!<0A><00>,64,not_generated,
codec,1822,접,64,1,codec:1822:11,"If you're engaging in proximity combat,<0A>use caution!<0A><END>",근접전 중엔 조심해!<0A><00>,64,not_generated,
codec,1822,중,64,1,codec:1822:11,"If you're engaging in proximity combat,<0A>use caution!<0A><END>",근접전 중엔 조심해!<0A><00>,64,not_generated,
codec,1837,럼,64,1,codec:1837:13,Then what?<0A><END>,그럼 어쩌죠?<0A><00>,64,not_generated,
codec,1837,벌,64,1,codec:1837:15,The hornets?<0A><END>,말벌?<0A><00>,64,not_generated,
codec,1837,죠,64,1,codec:1837:13,Then what?<0A><END>,그럼 어쩌죠?<0A><00>,64,not_generated,
codec,1837,쩌,64,1,codec:1837:13,Then what?<0A><END>,그럼 어쩌죠?<0A><00>,64,not_generated,
codec,1846,구,64,1,codec:1846:11,Hunt for food on a regular basis to keep<0A>your stamina level up.<0A><END>,꾸준히 식량을 구해 Stamina를 유지해.,64,not_generated,
codec,1846,꾸,64,1,codec:1846:11,Hunt for food on a regular basis to keep<0A>your stamina level up.<0A><END>,꾸준히 식량을 구해 Stamina를 유지해.,64,not_generated,
codec,1846,량,64,1,codec:1846:11,Hunt for food on a regular basis to keep<0A>your stamina level up.<0A><END>,꾸준히 식량을 구해 Stamina를 유지해.,64,not_generated,
codec,1846,식,64,1,codec:1846:11,Hunt for food on a regular basis to keep<0A>your stamina level up.<0A><END>,꾸준히 식량을 구해 Stamina를 유지해.,64,not_generated,
codec,1846,준,64,1,codec:1846:11,Hunt for food on a regular basis to keep<0A>your stamina level up.<0A><END>,꾸준히 식량을 구해 Stamina를 유지해.,64,not_generated,
codec,1854,녕,64,1,codec:1854:12,H... hello there.<0A><END>,아... 안녕.<0A><00>,64,not_generated,
codec,1854,멋,64,1,codec:1854:16,"Yeah, but it looks so cool...<0A><END>",그래도 멋지잖아...<0A><00>,64,not_generated,
codec,1854,잖,64,1,codec:1854:16,"Yeah, but it looks so cool...<0A><END>",그래도 멋지잖아...<0A><00>,64,not_generated,
codec,1860,쉬,64,1,codec:1860:11,Save the game and take a break.<0A><END>,SAVE하고 쉬어.<0A><00>,64,not_generated,
codec,1861,눈,64,1,codec:1861:10,"Snake, your right eye...<0A><END>","Snake, 오른쪽 눈...<0A><00>",64,not_generated,
codec,1861,료,64,1,codec:1861:13,So I can't heal it even in the Survival<0A>Viewer.<0A><END>,SURVIVAL VIEWER에서도 치료 못 해.<0A><00>,64,not_generated,
codec,1861,른,64,1,codec:1861:10,"Snake, your right eye...<0A><END>","Snake, 오른쪽 눈...<0A><00>",64,not_generated,
codec,1861,오,64,1,codec:1861:10,"Snake, your right eye...<0A><END>","Snake, 오른쪽 눈...<0A><00>",64,not_generated,
codec,1861,쪽,64,1,codec:1861:10,"Snake, your right eye...<0A><END>","Snake, 오른쪽 눈...<0A><00>",64,not_generated,
codec,1861,치,64,1,codec:1861:13,So I can't heal it even in the Survival<0A>Viewer.<0A><END>,SURVIVAL VIEWER에서도 치료 못 해.<0A><00>,64,not_generated,
codec,1864,체,64,1,codec:1864:17,What in the...?<0A><END>,대체 무슨...?<0A><00>,64,not_generated,
codec,1865,모,64,1,codec:1865:10,I think letting the guard see you throw up<0A>is a good idea.<0A><END>,보초에게 토하는 모습을 보여 주면 좋겠어.<0A><00>,64,not_generated,
codec,1865,주,64,1,codec:1865:10,I think letting the guard see you throw up<0A>is a good idea.<0A><END>,보초에게 토하는 모습을 보여 주면 좋겠어.<0A><00>,64,not_generated,
codec,1865,초,64,1,codec:1865:10,I think letting the guard see you throw up<0A>is a good idea.<0A><END>,보초에게 토하는 모습을 보여 주면 좋겠어.<0A><00>,64,not_generated,
codec,1865,토,64,1,codec:1865:10,I think letting the guard see you throw up<0A>is a good idea.<0A><END>,보초에게 토하는 모습을 보여 주면 좋겠어.<0A><00>,64,not_generated,
codec,1990,맞,64,1,codec:1990:25,<G22>Ah claro!<0A><END>,아 맞다!<0A><00>,64,not_generated,
codec,2022,뛰,64,1,codec:2022:13,Sometimes it even jumps several yards at<0A>a time.<0A><END>,몇 미터씩 뛰기도 해.<0A><00>,64,not_generated,
codec,2022,몇,64,1,codec:2022:13,Sometimes it even jumps several yards at<0A>a time.<0A><END>,몇 미터씩 뛰기도 해.<0A><00>,64,not_generated,
codec,2022,씩,64,1,codec:2022:13,Sometimes it even jumps several yards at<0A>a time.<0A><END>,몇 미터씩 뛰기도 해.<0A><00>,64,not_generated,
codec,2022,전,64,1,codec:2022:23,He's an expert on UMAs.<0A><END>,그는 UMA 전문가다.<0A><00>,64,not_generated,
codec,2029,땠,64,1,codec:2029:13,"So, how did it taste?<0A><END>",그래서 맛이 어땠어?<0A><00>,64,not_generated,
codec,2029,맛,64,1,codec:2029:13,"So, how did it taste?<0A><END>",그래서 맛이 어땠어?<0A><00>,64,not_generated,
codec,2092,료,64,1,codec:2092:11,you can heal it instantaneously.<0A><END>,즉시 치료할 수 있다.<0A><00>,64,not_generated,
codec,2092,즉,64,1,codec:2092:11,you can heal it instantaneously.<0A><END>,즉시 치료할 수 있다.<0A><00>,64,not_generated,
codec,2092,치,64,1,codec:2092:11,you can heal it instantaneously.<0A><END>,즉시 치료할 수 있다.<0A><00>,64,not_generated,
codec,2097,맞,64,1,codec:2097:10,"When you get shot, you'll sometimes suffer<0A>a gunshot wound.<0A><END>",총에 맞으면 총상을 입기도 해.<0A><00>,64,not_generated,
codec,2097,총,64,1,codec:2097:10,"When you get shot, you'll sometimes suffer<0A>a gunshot wound.<0A><END>",총에 맞으면 총상을 입기도 해.<0A><00>,64,not_generated,
codec,2102,몸,64,1,codec:2102:10,"Snake, look at your body.<0A><END>","Snake, 몸 좀 봐.<0A><00>",64,not_generated,
codec,2102,좀,64,1,codec:2102:10,"Snake, look at your body.<0A><END>","Snake, 몸 좀 봐.<0A><00>",64,not_generated,
codec,2103,빨,64,1,codec:2103:12,You should get rid of them as soon as<0A>possible.<0A><END>,최대한 빨리 없애.<0A><00>,64,not_generated,
codec,2103,애,64,1,codec:2103:12,You should get rid of them as soon as<0A>possible.<0A><END>,최대한 빨리 없애.<0A><00>,64,not_generated,
codec,2103,최,64,1,codec:2103:12,You should get rid of them as soon as<0A>possible.<0A><END>,최대한 빨리 없애.<0A><00>,64,not_generated,
codec,2108,먼,64,1,codec:2108:11,"To treat an arrow wound, first use your<0A>knife to dig the arrow out.<0A><END>",화살 상처는 먼저<0A>칼로 화살을 빼내.<0A><00>,64,not_generated,
codec,2108,빼,64,1,codec:2108:11,"To treat an arrow wound, first use your<0A>knife to dig the arrow out.<0A><END>",화살 상처는 먼저<0A>칼로 화살을 빼내.<0A><00>,64,not_generated,
codec,2108,살,64,1,codec:2108:11,"To treat an arrow wound, first use your<0A>knife to dig the arrow out.<0A><END>",화살 상처는 먼저<0A>칼로 화살을 빼내.<0A><00>,64,not_generated,
codec,2108,처,64,1,codec:2108:11,"To treat an arrow wound, first use your<0A>knife to dig the arrow out.<0A><END>",화살 상처는 먼저<0A>칼로 화살을 빼내.<0A><00>,64,not_generated,
codec,2108,칼,64,1,codec:2108:11,"To treat an arrow wound, first use your<0A>knife to dig the arrow out.<0A><END>",화살 상처는 먼저<0A>칼로 화살을 빼내.<0A><00>,64,not_generated,
codec,2108,화,64,1,codec:2108:11,"To treat an arrow wound, first use your<0A>knife to dig the arrow out.<0A><END>",화살 상처는 먼저<0A>칼로 화살을 빼내.<0A><00>,64,not_generated,
codec,2113,길,64,1,codec:2113:19,Let's hope so...<0A><END>,그러길 바라야지...<0A><00>,64,not_generated,
codec,2113,널,64,1,codec:2113:33,So that I could watch over you.<0A><END>,널 지켜보기 위해서.<0A><00>,64,not_generated,
codec,2113,멈,64,1,codec:2113:40,Stop right there!<0A><END>,거기 멈춰!<0A><00>,64,not_generated,
codec,2113,춰,64,1,codec:2113:40,Stop right there!<0A><END>,거기 멈춰!<0A><00>,64,not_generated,
codec,2113,치,64,1,codec:2113:22,And try not to get yourself hurt.<0A><END>,다치지 않게 조심해.<0A><00>,64,not_generated,
codec,2113,켜,64,1,codec:2113:33,So that I could watch over you.<0A><END>,널 지켜보기 위해서.<0A><00>,64,not_generated,
codec,2114,걸,64,1,codec:2114:15,I wouldn't think so.<0A><END>,그렇진 않을걸.<0A><00>,64,not_generated,
codec,2114,관,64,1,codec:2114:12,You know the Ocelot Unit commander?<0A><END>,Ocelot 부대 지휘관을 알아?<0A><00>,64,not_generated,
codec,2114,론,64,1,codec:2114:90,"... Euh, oui bien s<G7C>r.<0A><END>FO","... 음, 물론이죠.<0A><00>",64,not_generated,
codec,2114,맞,64,1,codec:2114:33,"Hmm. Yeah, maybe you're right.<0A><END>",음. 네 말이 맞을지도.<0A><00>,64,not_generated,
codec,2114,죠,64,2,codec:2114:90|codec:2114:29,"... Euh, oui bien s<G7C>r.<0A><END>FO || Oh, right.<0A><END>","... 음, 물론이죠.<0A><00> || 아, 그렇죠.<0A><00>",64,not_generated,
codec,2114,진,64,1,codec:2114:15,I wouldn't think so.<0A><END>,그렇진 않을걸.<0A><00>,64,not_generated,
codec,2114,휘,64,1,codec:2114:12,You know the Ocelot Unit commander?<0A><END>,Ocelot 부대 지휘관을 알아?<0A><00>,64,not_generated,
codec,2115,신,64,1,codec:2115:11,Andalusians are from the region of<0A>Andalusia in Spain.<0A><END>,Andalusia인은 Spain Andalusia 지방 출신이야.,64,not_generated,
codec,2115,출,64,1,codec:2115:11,Andalusians are from the region of<0A>Andalusia in Spain.<0A><END>,Andalusia인은 Spain Andalusia 지방 출신이야.,64,not_generated,
codec,2116,증,64,1,codec:2116:13,...Any symptoms?<0A><END>,...증상이 있나?<0A><00>,64,not_generated,
codec,2117,밝,64,2,codec:2117:24|codec:2117:100,"Later, it was shown that deoxyribonucleic<0A>acid, or DNA, was a biological<0A>macromolecule.<0A><END> || Plus tard, on a d<G6A>montr<G6A> que l'acide<0A>d<G6A>soxyribonucl<G6A>ique ou ADN <G6A>tait une<0A>macromol<G6A>cule biologique.<0A><END>",나중에 DNA가 생물학적 거대분자임이 밝혀졌다.<0A><00> || 나중에 DNA가 생물학적 거대분자로 밝혀졌다.<0A><00>,64,not_generated,
codec,2117,생,64,2,codec:2117:24|codec:2117:100,"Later, it was shown that deoxyribonucleic<0A>acid, or DNA, was a biological<0A>macromolecule.<0A><END> || Plus tard, on a d<G6A>montr<G6A> que l'acide<0A>d<G6A>soxyribonucl<G6A>ique ou ADN <G6A>tait une<0A>macromol<G6A>cule biologique.<0A><END>",나중에 DNA가 생물학적 거대분자임이 밝혀졌다.<0A><00> || 나중에 DNA가 생물학적 거대분자로 밝혀졌다.<0A><00>,64,not_generated,
codec,2117,전,64,1,codec:2117:13,Genes?<0A><END>,유전자?<0A><00>,64,not_generated,
codec,2117,졌,64,2,codec:2117:24|codec:2117:100,"Later, it was shown that deoxyribonucleic<0A>acid, or DNA, was a biological<0A>macromolecule.<0A><END> || Plus tard, on a d<G6A>montr<G6A> que l'acide<0A>d<G6A>soxyribonucl<G6A>ique ou ADN <G6A>tait une<0A>macromol<G6A>cule biologique.<0A><END>",나중에 DNA가 생물학적 거대분자임이 밝혀졌다.<0A><00> || 나중에 DNA가 생물학적 거대분자로 밝혀졌다.<0A><00>,64,not_generated,
codec,2117,중,64,2,codec:2117:24|codec:2117:100,"Later, it was shown that deoxyribonucleic<0A>acid, or DNA, was a biological<0A>macromolecule.<0A><END> || Plus tard, on a d<G6A>montr<G6A> que l'acide<0A>d<G6A>soxyribonucl<G6A>ique ou ADN <G6A>tait une<0A>macromol<G6A>cule biologique.<0A><END>",나중에 DNA가 생물학적 거대분자임이 밝혀졌다.<0A><00> || 나중에 DNA가 생물학적 거대분자로 밝혀졌다.<0A><00>,64,not_generated,
codec,2117,학,64,2,codec:2117:24|codec:2117:100,"Later, it was shown that deoxyribonucleic<0A>acid, or DNA, was a biological<0A>macromolecule.<0A><END> || Plus tard, on a d<G6A>montr<G6A> que l'acide<0A>d<G6A>soxyribonucl<G6A>ique ou ADN <G6A>tait une<0A>macromol<G6A>cule biologique.<0A><END>",나중에 DNA가 생물학적 거대분자임이 밝혀졌다.<0A><00> || 나중에 DNA가 생물학적 거대분자로 밝혀졌다.<0A><00>,64,not_generated,
codec,2117,혀,64,2,codec:2117:24|codec:2117:100,"Later, it was shown that deoxyribonucleic<0A>acid, or DNA, was a biological<0A>macromolecule.<0A><END> || Plus tard, on a d<G6A>montr<G6A> que l'acide<0A>d<G6A>soxyribonucl<G6A>ique ou ADN <G6A>tait une<0A>macromol<G6A>cule biologique.<0A><END>",나중에 DNA가 생물학적 거대분자임이 밝혀졌다.<0A><00> || 나중에 DNA가 생물학적 거대분자로 밝혀졌다.<0A><00>,64,not_generated,
codec,2128,너,64,1,codec:2128:30,"Un Calorie Mate, c'est un suppl<G6A>ment<0A><G6A>nerg<G6A>tique<0A><END>",칼로리메이트는 에너지 보충제입니다.<0A><00>,64,not_generated,
codec,2128,메,64,1,codec:2128:30,"Un Calorie Mate, c'est un suppl<G6A>ment<0A><G6A>nerg<G6A>tique<0A><END>",칼로리메이트는 에너지 보충제입니다.<0A><00>,64,not_generated,
codec,2128,충,64,1,codec:2128:30,"Un Calorie Mate, c'est un suppl<G6A>ment<0A><G6A>nerg<G6A>tique<0A><END>",칼로리메이트는 에너지 보충제입니다.<0A><00>,64,not_generated,
codec,2128,칼,64,1,codec:2128:30,"Un Calorie Mate, c'est un suppl<G6A>ment<0A><G6A>nerg<G6A>tique<0A><END>",칼로리메이트는 에너지 보충제입니다.<0A><00>,64,not_generated,
codec,2128,트,64,1,codec:2128:30,"Un Calorie Mate, c'est un suppl<G6A>ment<0A><G6A>nerg<G6A>tique<0A><END>",칼로리메이트는 에너지 보충제입니다.<0A><00>,64,not_generated,
codec,2138,각,64,1,codec:2138:3526,"Si tu es bless<G6A> gri<G69>vement, ouvre tout de suite<0A>le Visualiseur de survie et traite tes blessures<0A><G61> l'aide de GUERIR! Tu as compris?<0A><END>",심각한 부상을 입었다면 즉시 SURVIVAL를 열고 HEAL을 사용하여 부상을 치료하세요! 이해하셨나요?<0A><00>,64,not_generated,
codec,2138,감,64,1,codec:2138:3669,La pluie r<G6A>duit <G6A>galement ton champ de vision<0A>et tu auras plus de difficult<G6A>s <G61> localiser ton<0A>ennemi. Sois prudent.<0A><END>,Rain은 시야를 감소시켜 적을 찾는 데 더 많은 어려움을 겪게 됩니다. 조심해.<0A><00>,64,not_generated,
codec,2138,겪,64,1,codec:2138:3669,La pluie r<G6A>duit <G6A>galement ton champ de vision<0A>et tu auras plus de difficult<G6A>s <G61> localiser ton<0A>ennemi. Sois prudent.<0A><END>,Rain은 시야를 감소시켜 적을 찾는 데 더 많은 어려움을 겪게 됩니다. 조심해.<0A><00>,64,not_generated,
codec,2138,과,64,1,codec:2138:507,Wearing white-colored clothing can also<0A>be effective.<0A><END>,흰색 계열의 옷을 입는 것도 효과적일 수 있습니다.<0A><00>,64,not_generated,
codec,2138,깊,64,1,codec:2138:4348,"Dis donc, cette coupure est plut<G75>t profonde.<0A><END>","안녕하세요, 이 상처는 꽤 깊습니다.<0A><00>",64,not_generated,
codec,2138,꽤,64,1,codec:2138:4348,"Dis donc, cette coupure est plut<G75>t profonde.<0A><END>","안녕하세요, 이 상처는 꽤 깊습니다.<0A><00>",64,not_generated,
codec,2138,녕,64,1,codec:2138:4348,"Dis donc, cette coupure est plut<G75>t profonde.<0A><END>","안녕하세요, 이 상처는 꽤 깊습니다.<0A><00>",64,not_generated,
codec,2138,농,64,3,codec:2138:2957|codec:2138:1446|codec:2138:4468,Estaba bromeando.<0A><END> || I'm just kidding.<0A><END> || Je plaisantais.<0A><END>,농담이었어.<0A><00> || 농담이에요.<0A><00> || 농담이었어.<0A><00>,64,not_generated,
codec,2138,늘,64,1,codec:2138:4953,Utilise ton couteau pour enlever l'aiguille.<0A><END>,KNIFE로 바늘을 빼.<0A><00>,64,not_generated,
codec,2138,담,64,3,codec:2138:2957|codec:2138:1446|codec:2138:4468,Estaba bromeando.<0A><END> || I'm just kidding.<0A><END> || Je plaisantais.<0A><END>,농담이었어.<0A><00> || 농담이에요.<0A><00> || 농담이었어.<0A><00>,64,not_generated,
codec,2138,독,64,1,codec:2138:645,But don't give her anything rotten or<0A>poisonous!<0A><END>,썩거나 독 있는 FOOD는 주지 마!<0A><00>,64,not_generated,
codec,2138,됩,64,2,codec:2138:3669|codec:2138:4943,"La pluie r<G6A>duit <G6A>galement ton champ de vision<0A>et tu auras plus de difficult<G6A>s <G61> localiser ton<0A>ennemi. Sois prudent.<0A><END> || Si tu fais tout cela, ta blessure devrait gu<G6A>rir<0A>rapidement.<0A><END>",Rain은 시야를 감소시켜 적을 찾는 데 더 많은 어려움을 겪게 됩니다. 조심해.<0A><00> || 이 모든 작업을 수행하면 부상이 빨리 치유됩니다.<0A><00>,64,not_generated,
codec,2138,든,64,1,codec:2138:4943,"Si tu fais tout cela, ta blessure devrait gu<G6A>rir<0A>rapidement.<0A><END>",이 모든 작업을 수행하면 부상이 빨리 치유됩니다.<0A><00>,64,not_generated,
codec,2138,럼,64,1,codec:2138:2882,<G22>Ser<G62> mejor que vayas a buscar suero<0A>r<G62>pidamente!<0A><END>,빨리 가서 세럼 받아오세요!<0A><00>,64,not_generated,
codec,2138,료,64,2,codec:2138:3526|codec:2138:651,"Si tu es bless<G6A> gri<G69>vement, ouvre tout de suite<0A>le Visualiseur de survie et traite tes blessures<0A><G61> l'aide de GUERIR! Tu as compris?<0A><END> || Snake, EVA's badly injured!<0A>Hurry and treat her injuries!!<0A><END>","심각한 부상을 입었다면 즉시 SURVIVAL를 열고 HEAL을 사용하여 부상을 치료하세요! 이해하셨나요?<0A><00> || Snake, EVA가 심하게 다쳤어요! 빨리 부상을 치료해주세요!!<0A><00>",64,not_generated,
codec,2138,많,64,1,codec:2138:3669,La pluie r<G6A>duit <G6A>galement ton champ de vision<0A>et tu auras plus de difficult<G6A>s <G61> localiser ton<0A>ennemi. Sois prudent.<0A><END>,Rain은 시야를 감소시켜 적을 찾는 데 더 많은 어려움을 겪게 됩니다. 조심해.<0A><00>,64,not_generated,
codec,2138,매,64,1,codec:2138:3510,"En combat rapproch<G6A>, sois donc tr<G69>s prudent!<0A><END>",근접 전투에서는 매우 조심하세요!<0A><00>,64,not_generated,
codec,2138,모,64,1,codec:2138:4943,"Si tu fais tout cela, ta blessure devrait gu<G6A>rir<0A>rapidement.<0A><END>",이 모든 작업을 수행하면 부상이 빨리 치유됩니다.<0A><00>,64,not_generated,
codec,2138,받,64,1,codec:2138:2882,<G22>Ser<G62> mejor que vayas a buscar suero<0A>r<G62>pidamente!<0A><END>,빨리 가서 세럼 받아오세요!<0A><00>,64,not_generated,
codec,2138,빨,64,4,codec:2138:2882|codec:2138:4943|codec:2138:651|codec:2138:1371,"<G22>Ser<G62> mejor que vayas a buscar suero<0A>r<G62>pidamente!<0A><END> || Si tu fais tout cela, ta blessure devrait gu<G6A>rir<0A>rapidement.<0A><END> || Snake, EVA's badly injured!<0A>Hurry and treat her injuries!!<0A><END> || Then you had better go find some quick!<0A><0A><END>","빨리 가서 세럼 받아오세요!<0A><00> || 이 모든 작업을 수행하면 부상이 빨리 치유됩니다.<0A><00> || Snake, EVA가 심하게 다쳤어요! 빨리 부상을 치료해주세요!!<0A><00> || 그렇다면 빨리 찾아보는 것이 좋을 것 같습니다!<0A><00>",64,not_generated,
codec,2138,빼,64,1,codec:2138:4953,Utilise ton couteau pour enlever l'aiguille.<0A><END>,KNIFE로 바늘을 빼.<0A><00>,64,not_generated,
codec,2138,색,64,1,codec:2138:507,Wearing white-colored clothing can also<0A>be effective.<0A><END>,흰색 계열의 옷을 입는 것도 효과적일 수 있습니다.<0A><00>,64,not_generated,
codec,2138,셨,64,1,codec:2138:3526,"Si tu es bless<G6A> gri<G69>vement, ouvre tout de suite<0A>le Visualiseur de survie et traite tes blessures<0A><G61> l'aide de GUERIR! Tu as compris?<0A><END>",심각한 부상을 입었다면 즉시 SURVIVAL를 열고 HEAL을 사용하여 부상을 치료하세요! 이해하셨나요?<0A><00>,64,not_generated,
codec,2138,썩,64,1,codec:2138:645,But don't give her anything rotten or<0A>poisonous!<0A><END>,썩거나 독 있는 FOOD는 주지 마!<0A><00>,64,not_generated,
codec,2138,업,64,1,codec:2138:4943,"Si tu fais tout cela, ta blessure devrait gu<G6A>rir<0A>rapidement.<0A><END>",이 모든 작업을 수행하면 부상이 빨리 치유됩니다.<0A><00>,64,not_generated,
codec,2138,열,64,2,codec:2138:3526|codec:2138:507,"Si tu es bless<G6A> gri<G69>vement, ouvre tout de suite<0A>le Visualiseur de survie et traite tes blessures<0A><G61> l'aide de GUERIR! Tu as compris?<0A><END> || Wearing white-colored clothing can also<0A>be effective.<0A><END>",심각한 부상을 입었다면 즉시 SURVIVAL를 열고 HEAL을 사용하여 부상을 치료하세요! 이해하셨나요?<0A><00> || 흰색 계열의 옷을 입는 것도 효과적일 수 있습니다.<0A><00>,64,not_generated,
codec,2138,오,64,1,codec:2138:2882,<G22>Ser<G62> mejor que vayas a buscar suero<0A>r<G62>pidamente!<0A><END>,빨리 가서 세럼 받아오세요!<0A><00>,64,not_generated,
codec,2138,옷,64,1,codec:2138:507,Wearing white-colored clothing can also<0A>be effective.<0A><END>,흰색 계열의 옷을 입는 것도 효과적일 수 있습니다.<0A><00>,64,not_generated,
codec,2138,용,64,2,codec:2138:3526|codec:2138:531,"Si tu es bless<G6A> gri<G69>vement, ouvre tout de suite<0A>le Visualiseur de survie et traite tes blessures<0A><G61> l'aide de GUERIR! Tu as compris?<0A><END> || Try it out!<0A><END>",심각한 부상을 입었다면 즉시 SURVIVAL를 열고 HEAL을 사용하여 부상을 치료하세요! 이해하셨나요?<0A><00> || 사용해 보세요!<0A><00>,64,not_generated,
codec,2138,움,64,1,codec:2138:3669,La pluie r<G6A>duit <G6A>galement ton champ de vision<0A>et tu auras plus de difficult<G6A>s <G61> localiser ton<0A>ennemi. Sois prudent.<0A><END>,Rain은 시야를 감소시켜 적을 찾는 데 더 많은 어려움을 겪게 됩니다. 조심해.<0A><00>,64,not_generated,
codec,2138,작,64,1,codec:2138:4943,"Si tu fais tout cela, ta blessure devrait gu<G6A>rir<0A>rapidement.<0A><END>",이 모든 작업을 수행하면 부상이 빨리 치유됩니다.<0A><00>,64,not_generated,
codec,2138,전,64,2,codec:2138:3510|codec:2138:4958,"En combat rapproch<G6A>, sois donc tr<G69>s prudent!<0A><END> || Tu ferais bien de t'en occuper avant de<0A>t'<G6A>vanouir. Maintenant, vas-y!<0A><END>",근접 전투에서는 매우 조심하세요!<0A><00> || 기절하기 전에 처리하는 것이 좋습니다. 이제 가세요!<0A><00>,64,not_generated,
codec,2138,접,64,1,codec:2138:3510,"En combat rapproch<G6A>, sois donc tr<G69>s prudent!<0A><END>",근접 전투에서는 매우 조심하세요!<0A><00>,64,not_generated,
codec,2138,주,64,2,codec:2138:645|codec:2138:651,"But don't give her anything rotten or<0A>poisonous!<0A><END> || Snake, EVA's badly injured!<0A>Hurry and treat her injuries!!<0A><END>","썩거나 독 있는 FOOD는 주지 마!<0A><00> || Snake, EVA가 심하게 다쳤어요! 빨리 부상을 치료해주세요!!<0A><00>",64,not_generated,
codec,2138,즉,64,1,codec:2138:3526,"Si tu es bless<G6A> gri<G69>vement, ouvre tout de suite<0A>le Visualiseur de survie et traite tes blessures<0A><G61> l'aide de GUERIR! Tu as compris?<0A><END>",심각한 부상을 입었다면 즉시 SURVIVAL를 열고 HEAL을 사용하여 부상을 치료하세요! 이해하셨나요?<0A><00>,64,not_generated,
codec,2138,찾,64,2,codec:2138:3669|codec:2138:1371,La pluie r<G6A>duit <G6A>galement ton champ de vision<0A>et tu auras plus de difficult<G6A>s <G61> localiser ton<0A>ennemi. Sois prudent.<0A><END> || Then you had better go find some quick!<0A><0A><END>,Rain은 시야를 감소시켜 적을 찾는 데 더 많은 어려움을 겪게 됩니다. 조심해.<0A><00> || 그렇다면 빨리 찾아보는 것이 좋을 것 같습니다!<0A><00>,64,not_generated,
codec,2138,처,64,3,codec:2138:4348|codec:2138:4353|codec:2138:4958,"Dis donc, cette coupure est plut<G75>t profonde.<0A><END> || Si tu fais tout cela, la coupure devrait bien se<0A>cicatriser.<0A><END> || Tu ferais bien de t'en occuper avant de<0A>t'<G6A>vanouir. Maintenant, vas-y!<0A><END>","안녕하세요, 이 상처는 꽤 깊습니다.<0A><00> || 그렇게 하면 상처가 잘 나을 거야.<0A><00> || 기절하기 전에 처리하는 것이 좋습니다. 이제 가세요!<0A><00>",64,not_generated,
codec,2138,쳤,64,1,codec:2138:651,"Snake, EVA's badly injured!<0A>Hurry and treat her injuries!!<0A><END>","Snake, EVA가 심하게 다쳤어요! 빨리 부상을 치료해주세요!!<0A><00>",64,not_generated,
codec,2138,치,64,3,codec:2138:3526|codec:2138:4943|codec:2138:651,"Si tu es bless<G6A> gri<G69>vement, ouvre tout de suite<0A>le Visualiseur de survie et traite tes blessures<0A><G61> l'aide de GUERIR! Tu as compris?<0A><END> || Si tu fais tout cela, ta blessure devrait gu<G6A>rir<0A>rapidement.<0A><END> || Snake, EVA's badly injured!<0A>Hurry and treat her injuries!!<0A><END>","심각한 부상을 입었다면 즉시 SURVIVAL를 열고 HEAL을 사용하여 부상을 치료하세요! 이해하셨나요?<0A><00> || 이 모든 작업을 수행하면 부상이 빨리 치유됩니다.<0A><00> || Snake, EVA가 심하게 다쳤어요! 빨리 부상을 치료해주세요!!<0A><00>",64,not_generated,
codec,2138,켜,64,1,codec:2138:3669,La pluie r<G6A>duit <G6A>galement ton champ de vision<0A>et tu auras plus de difficult<G6A>s <G61> localiser ton<0A>ennemi. Sois prudent.<0A><END>,Rain은 시야를 감소시켜 적을 찾는 데 더 많은 어려움을 겪게 됩니다. 조심해.<0A><00>,64,not_generated,
codec,2138,투,64,1,codec:2138:3510,"En combat rapproch<G6A>, sois donc tr<G69>s prudent!<0A><END>",근접 전투에서는 매우 조심하세요!<0A><00>,64,not_generated,
codec,2138,합,64,1,codec:2138:1539,"Yes, I love Japan.<0A><END>","네, 저는 일본을 좋아합니다.<0A><00>",64,not_generated,
codec,2138,효,64,1,codec:2138:507,Wearing white-colored clothing can also<0A>be effective.<0A><END>,흰색 계열의 옷을 입는 것도 효과적일 수 있습니다.<0A><00>,64,not_generated,
codec,2138,흰,64,1,codec:2138:507,Wearing white-colored clothing can also<0A>be effective.<0A><END>,흰색 계열의 옷을 입는 것도 효과적일 수 있습니다.<0A><00>,64,not_generated,
codec,2173,겨,64,1,codec:2173:42,"That's the spirit, Snake. Have a little fun.<0A><END>","좋아, Snake. 좀 즐겨.<0A><00>",64,not_generated,
codec,2173,났,64,1,codec:2173:19,I know. So then what happened?<0A><END>,알아요. 그럼 무슨 일이 일어났나요?<0A><00>,64,not_generated,
codec,2173,냥,64,1,codec:2173:16,It's just make-believe.<0A><END>,그냥 상상 속의 일입니다.<0A><00>,64,not_generated,
codec,2173,닌,64,1,codec:2173:35,"I don't suppose you're the movie watching<0A>type, are you?<0A><END>",당신은 영화를 보는 타입은 아닌 것 같은데요?<0A><00>,64,not_generated,
codec,2173,당,64,1,codec:2173:35,"I don't suppose you're the movie watching<0A>type, are you?<0A><END>",당신은 영화를 보는 타입은 아닌 것 같은데요?<0A><00>,64,not_generated,
codec,2173,럼,64,1,codec:2173:19,I know. So then what happened?<0A><END>,알아요. 그럼 무슨 일이 일어났나요?<0A><00>,64,not_generated,
codec,2173,많,64,1,codec:2173:34,You sure know a lot about movies.<0A><END>,MOVIE를 많이 아는군.<0A><00>,64,not_generated,
codec,2173,뭔,64,1,codec:2173:11,No. What is it?<0A><END>,아니요. 뭔데요?<0A><00>,64,not_generated,
codec,2173,속,64,1,codec:2173:16,It's just make-believe.<0A><END>,그냥 상상 속의 일입니다.<0A><00>,64,not_generated,
codec,2173,신,64,1,codec:2173:35,"I don't suppose you're the movie watching<0A>type, are you?<0A><END>",당신은 영화를 보는 타입은 아닌 것 같은데요?<0A><00>,64,not_generated,
codec,2173,영,64,3,codec:2173:35|codec:2173:12|codec:2173:40,"I don't suppose you're the movie watching<0A>type, are you?<0A><END> || It's a movie. You haven't seen it?<0A><END> || That's the magic of movies.<0A><END>",당신은 영화를 보는 타입은 아닌 것 같은데요?<0A><00> || 영화예요. 본 적 없나요?<0A><00> || 그게 영화의 마법이죠.<0A><00>,64,not_generated,
codec,2173,예,64,1,codec:2173:12,It's a movie. You haven't seen it?<0A><END>,영화예요. 본 적 없나요?<0A><00>,64,not_generated,
codec,2173,좀,64,1,codec:2173:42,"That's the spirit, Snake. Have a little fun.<0A><END>","좋아, Snake. 좀 즐겨.<0A><00>",64,not_generated,
codec,2173,죠,64,1,codec:2173:40,That's the magic of movies.<0A><END>,그게 영화의 마법이죠.<0A><00>,64,not_generated,
codec,2173,즐,64,1,codec:2173:42,"That's the spirit, Snake. Have a little fun.<0A><END>","좋아, Snake. 좀 즐겨.<0A><00>",64,not_generated,
codec,2173,타,64,2,codec:2173:35|codec:2173:28,"I don't suppose you're the movie watching<0A>type, are you?<0A><END> || Really... that's too bad.<0A><END>",당신은 영화를 보는 타입은 아닌 것 같은데요?<0A><00> || 정말... 안타깝네요.<0A><00>,64,not_generated,
codec,2173,화,64,3,codec:2173:35|codec:2173:12|codec:2173:40,"I don't suppose you're the movie watching<0A>type, are you?<0A><END> || It's a movie. You haven't seen it?<0A><END> || That's the magic of movies.<0A><END>",당신은 영화를 보는 타입은 아닌 것 같은데요?<0A><00> || 영화예요. 본 적 없나요?<0A><00> || 그게 영화의 마법이죠.<0A><00>,64,not_generated,
codec,2174,감,64,1,codec:2174:90,<G40>Qu<G6A> no le d<G6A> cuerda?<0A><END>,태엽을 감는 게 어때요?<0A><00>,64,not_generated,
codec,2174,냐,64,1,codec:2174:78,Yo... yo no... yo...<0A><END>,아냐... 난... 난...<0A><00>,64,not_generated,
codec,2174,너,64,1,codec:2174:40,But that's part of Bond's appeal. You could<0A>learn a thing or two from him.<0A><END>,그게 Bond의 매력이지. 너도 좀 배워.,64,not_generated,
codec,2174,넣,64,1,codec:2174:35,We'll make you a snake-shaped gun that<0A>folds up and fits into an attach<G6A> case.<0A><END>,접어 케이스에 넣는<0A>Snake 모양 총을 만들지.<0A><00>,64,not_generated,
codec,2174,떨,64,1,codec:2174:32,Then what about a snake-shaped gun?<0A><END>,그렇다면 Snake 모양의 총은 어떨까요?<0A><00>,64,not_generated,
codec,2174,력,64,1,codec:2174:40,But that's part of Bond's appeal. You could<0A>learn a thing or two from him.<0A><END>,그게 Bond의 매력이지. 너도 좀 배워.,64,not_generated,
codec,2174,매,64,1,codec:2174:40,But that's part of Bond's appeal. You could<0A>learn a thing or two from him.<0A><END>,그게 Bond의 매력이지. 너도 좀 배워.,64,not_generated,
codec,2174,모,64,2,codec:2174:32|codec:2174:35,Then what about a snake-shaped gun?<0A><END> || We'll make you a snake-shaped gun that<0A>folds up and fits into an attach<G6A> case.<0A><END>,그렇다면 Snake 모양의 총은 어떨까요?<0A><00> || 접어 케이스에 넣는<0A>Snake 모양 총을 만들지.<0A><00>,64,not_generated,
codec,2174,배,64,1,codec:2174:40,But that's part of Bond's appeal. You could<0A>learn a thing or two from him.<0A><END>,그게 Bond의 매력이지. 너도 좀 배워.,64,not_generated,
codec,2174,양,64,2,codec:2174:32|codec:2174:35,Then what about a snake-shaped gun?<0A><END> || We'll make you a snake-shaped gun that<0A>folds up and fits into an attach<G6A> case.<0A><END>,그렇다면 Snake 모양의 총은 어떨까요?<0A><00> || 접어 케이스에 넣는<0A>Snake 모양 총을 만들지.<0A><00>,64,not_generated,
codec,2174,엽,64,1,codec:2174:90,<G40>Qu<G6A> no le d<G6A> cuerda?<0A><END>,태엽을 감는 게 어때요?<0A><00>,64,not_generated,
codec,2174,워,64,1,codec:2174:40,But that's part of Bond's appeal. You could<0A>learn a thing or two from him.<0A><END>,그게 Bond의 매력이지. 너도 좀 배워.,64,not_generated,
codec,2174,접,64,1,codec:2174:35,We'll make you a snake-shaped gun that<0A>folds up and fits into an attach<G6A> case.<0A><END>,접어 케이스에 넣는<0A>Snake 모양 총을 만들지.<0A><00>,64,not_generated,
codec,2174,좀,64,2,codec:2174:40|codec:2174:36,But that's part of Bond's appeal. You could<0A>learn a thing or two from him.<0A><END> || Will you give it a rest?<0A><END>,그게 Bond의 매력이지. 너도 좀 배워. || 이제 그만 좀 해.<0A><00>,64,not_generated,
codec,2174,총,64,2,codec:2174:32|codec:2174:35,Then what about a snake-shaped gun?<0A><END> || We'll make you a snake-shaped gun that<0A>folds up and fits into an attach<G6A> case.<0A><END>,그렇다면 Snake 모양의 총은 어떨까요?<0A><00> || 접어 케이스에 넣는<0A>Snake 모양 총을 만들지.<0A><00>,64,not_generated,
codec,2174,케,64,1,codec:2174:35,We'll make you a snake-shaped gun that<0A>folds up and fits into an attach<G6A> case.<0A><END>,접어 케이스에 넣는<0A>Snake 모양 총을 만들지.<0A><00>,64,not_generated,
codec,2175,걱,64,1,codec:2175:22,I appreciate the concern.<0A><END>,걱정해 줘서 고마워.<0A><00>,64,not_generated,
codec,2175,례,64,2,codec:2175:36|codec:2175:18,<G22>Qu<G6A> grosero! <G40>Por qu<G6A> dices eso?<0A><END> || How rude! Why do you say that?<0A><END>,정말 무례해요! 왜 그런 말을 합니까?<0A><00> || 정말 무례해요! 왜 그런 말을 합니까?<0A><00>,64,not_generated,
codec,2175,워,64,1,codec:2175:22,I appreciate the concern.<0A><END>,걱정해 줘서 고마워.<0A><00>,64,not_generated,
codec,2175,줘,64,1,codec:2175:22,I appreciate the concern.<0A><END>,걱정해 줘서 고마워.<0A><00>,64,not_generated,
codec,2175,처,64,1,codec:2175:11,"Nope, never heard of it.<0A><END>","아니, 처음 들어.<0A><00>",64,not_generated,
codec,2175,합,64,2,codec:2175:36|codec:2175:18,<G22>Qu<G6A> grosero! <G40>Por qu<G6A> dices eso?<0A><END> || How rude! Why do you say that?<0A><END>,정말 무례해요! 왜 그런 말을 합니까?<0A><00> || 정말 무례해요! 왜 그런 말을 합니까?<0A><00>,64,not_generated,
codec,2176,농,64,1,codec:2176:27,You're kidding.<0A><END>,농담이지.<0A><00>,64,not_generated,
codec,2176,담,64,1,codec:2176:27,You're kidding.<0A><END>,농담이지.<0A><00>,64,not_generated,
codec,2176,럼,64,2,codec:2176:21|codec:2176:42,"Guess I'm out of luck, then.<0A><END> || Pues entonces no voy a poder verla.<0A><END>",그럼 운이 없군.<0A><00> || 그럼 못 보겠네.<0A><00>,64,not_generated,
codec,2176,운,64,1,codec:2176:21,"Guess I'm out of luck, then.<0A><END>",그럼 운이 없군.<0A><00>,64,not_generated,
codec,2177,막,64,1,codec:2177:10,"Snake, have you heard of ""The Last War""?<0A><END>","Snake 씨, '마지막 전쟁'이라고 들어보셨나요?<0A><00>",64,not_generated,
codec,2177,셨,64,1,codec:2177:10,"Snake, have you heard of ""The Last War""?<0A><END>","Snake 씨, '마지막 전쟁'이라고 들어보셨나요?<0A><00>",64,not_generated,
codec,2177,씨,64,1,codec:2177:10,"Snake, have you heard of ""The Last War""?<0A><END>","Snake 씨, '마지막 전쟁'이라고 들어보셨나요?<0A><00>",64,not_generated,
codec,2177,억,64,1,codec:2177:11,"Nope, doesn't ring a bell.<0A><END>","아니, 기억나지 않아.<0A><00>",64,not_generated,
codec,2177,쟁,64,1,codec:2177:10,"Snake, have you heard of ""The Last War""?<0A><END>","Snake 씨, '마지막 전쟁'이라고 들어보셨나요?<0A><00>",64,not_generated,
codec,2177,전,64,1,codec:2177:10,"Snake, have you heard of ""The Last War""?<0A><END>","Snake 씨, '마지막 전쟁'이라고 들어보셨나요?<0A><00>",64,not_generated,
codec,2178,오,64,1,codec:2178:19,"Yeah, that'll be the day...<0A><END>","그래, 그럴 날이 오겠지...<0A><00>",64,not_generated,
codec,2179,죠,64,1,codec:2179:16,"Yeah, right.<0A><END>","네, 그렇죠.<0A><00>",64,not_generated,
codec,2180,모,64,1,codec:2180:11,"No, don't know it.<0A><END>","아니요, 모르겠어요.<0A><00>",64,not_generated,
codec,2180,혹,64,1,codec:2180:10,"Snake, have you ever seen ""On the Beach""?<0A><END>","Snake, 혹시 <3C>On the Beach<3E> 본 적 있나요?<0A><00>",64,not_generated,
codec,2183,맞,64,1,codec:2183:13,The army tries to fight them off with<0A>flamethrowers.<0A><END>,군대는 FLAMETHROWER로 맞서.<0A><00>,64,not_generated,
codec,2184,신,64,1,codec:2184:12,It's based on Greek mythology.<0A><END>,그리스 신화를 바탕으로 했어.<0A><00>,64,not_generated,
codec,2184,탕,64,1,codec:2184:12,It's based on Greek mythology.<0A><END>,그리스 신화를 바탕으로 했어.<0A><00>,64,not_generated,
codec,2184,했,64,1,codec:2184:12,It's based on Greek mythology.<0A><END>,그리스 신화를 바탕으로 했어.<0A><00>,64,not_generated,
codec,2184,혹,64,1,codec:2184:10,"Snake, have you ever seen ""Jason and<0A>the Argonauts""?<0A><END>","Snake, 혹시 ""Jason and the Argonauts""를 본 적이 있나?<0A><00>",64,not_generated,
codec,2184,화,64,1,codec:2184:12,It's based on Greek mythology.<0A><END>,그리스 신화를 바탕으로 했어.<0A><00>,64,not_generated,
codec,2185,닥,64,1,codec:2185:12,"""Dr. Strangelove."" Have you seen it?<0A><END>","""닥터 스트레인지러브."" 본 적 있나?<0A><00>",64,not_generated,
codec,2185,레,64,1,codec:2185:12,"""Dr. Strangelove."" Have you seen it?<0A><END>","""닥터 스트레인지러브."" 본 적 있나?<0A><00>",64,not_generated,
codec,2185,트,64,1,codec:2185:12,"""Dr. Strangelove."" Have you seen it?<0A><END>","""닥터 스트레인지러브."" 본 적 있나?<0A><00>",64,not_generated,
codec,2186,메,64,1,codec:2186:18,The major...<0A><END>,메이저...<0A><00>,64,not_generated,
codec,2186,접,64,1,codec:2186:21,Do you want to tell him yourself?<0A><END>,직접 말할래?<0A><00>,64,not_generated,
codec,2186,직,64,1,codec:2186:21,Do you want to tell him yourself?<0A><END>,직접 말할래?<0A><00>,64,not_generated,
codec,2188,납,64,1,codec:2188:13,It crosses the ocean and emerges in<0A>New York.<0A><END>,바다를 건너 뉴욕에 나타납니다.<0A><00>,64,not_generated,
codec,2188,너,64,2,codec:2188:35|codec:2188:13,Il traverse l'oc<G6A>an et arrive <G61> New York.<0A><END> || It crosses the ocean and emerges in<0A>New York.<0A><END>,그는 바다를 건너 뉴욕에 도착합니다.<0A><00> || 바다를 건너 뉴욕에 나타납니다.<0A><00>,64,not_generated,
codec,2188,뉴,64,2,codec:2188:35|codec:2188:13,Il traverse l'oc<G6A>an et arrive <G61> New York.<0A><END> || It crosses the ocean and emerges in<0A>New York.<0A><END>,그는 바다를 건너 뉴욕에 도착합니다.<0A><00> || 바다를 건너 뉴욕에 나타납니다.<0A><00>,64,not_generated,
codec,2188,욕,64,2,codec:2188:35|codec:2188:13,Il traverse l'oc<G6A>an et arrive <G61> New York.<0A><END> || It crosses the ocean and emerges in<0A>New York.<0A><END>,그는 바다를 건너 뉴욕에 도착합니다.<0A><00> || 바다를 건너 뉴욕에 나타납니다.<0A><00>,64,not_generated,
codec,2188,착,64,1,codec:2188:35,Il traverse l'oc<G6A>an et arrive <G61> New York.<0A><END>,그는 바다를 건너 뉴욕에 도착합니다.<0A><00>,64,not_generated,
codec,2188,타,64,1,codec:2188:13,It crosses the ocean and emerges in<0A>New York.<0A><END>,바다를 건너 뉴욕에 나타납니다.<0A><00>,64,not_generated,
codec,2188,합,64,1,codec:2188:35,Il traverse l'oc<G6A>an et arrive <G61> New York.<0A><END>,그는 바다를 건너 뉴욕에 도착합니다.<0A><00>,64,not_generated,
codec,2192,놓,64,2,codec:2192:28|codec:2192:11,<G4A>sa me la he perdido.<0A><END> || Missed that one.<0A><END>,그거 놓쳤어요.<0A><00> || 그건 놓쳤다.<0A><00>,64,not_generated,
codec,2192,렸,64,1,codec:2192:21,This was when you were a kid?<0A><END>,어렸을 때였나요?<0A><00>,64,not_generated,
codec,2192,멀,64,1,codec:2192:18,All of them? Not even close.<0A><END>,전부? 아직 멀었어.<0A><00>,64,not_generated,
codec,2192,씨,64,1,codec:2192:10,"Snake, have you ever seen ""North by<0A>Northwest""?<0A><END>","Snake 씨, 혹시 ""North by Northwest""를 본 적 있나요?<0A><00>",64,not_generated,
codec,2192,였,64,1,codec:2192:21,This was when you were a kid?<0A><END>,어렸을 때였나요?<0A><00>,64,not_generated,
codec,2192,전,64,1,codec:2192:18,All of them? Not even close.<0A><END>,전부? 아직 멀었어.<0A><00>,64,not_generated,
codec,2192,직,64,1,codec:2192:18,All of them? Not even close.<0A><END>,전부? 아직 멀었어.<0A><00>,64,not_generated,
codec,2192,쳤,64,2,codec:2192:28|codec:2192:11,<G4A>sa me la he perdido.<0A><END> || Missed that one.<0A><END>,그거 놓쳤어요.<0A><00> || 그건 놓쳤다.<0A><00>,64,not_generated,
codec,2192,혹,64,1,codec:2192:10,"Snake, have you ever seen ""North by<0A>Northwest""?<0A><END>","Snake 씨, 혹시 ""North by Northwest""를 본 적 있나요?<0A><00>",64,not_generated,
codec,2193,신,64,1,codec:2193:10,"Snake, have you ever heard of ""The Blob""?<0A><END>","Snake, 혹시 ""The Blob""에 대해 들어보신 적 있으신가요?<0A><00>",64,not_generated,
codec,2193,혹,64,1,codec:2193:10,"Snake, have you ever heard of ""The Blob""?<0A><END>","Snake, 혹시 ""The Blob""에 대해 들어보신 적 있으신가요?<0A><00>",64,not_generated,
codec,2194,트,64,1,codec:2194:19,A date?<0A><END>,데이트요?<0A><00>,64,not_generated,
codec,2195,럼,64,1,codec:2195:22,Like a thoroughbred horse?<0A><END>,순종 말처럼요?<0A><00>,64,not_generated,
codec,2195,론,64,2,codec:2195:37|codec:2195:15,<G40>Clones?<0A><END> || Clones?<0A><END>,<1f><40> 클론?<0A><00> || 클론?<0A><00>,64,not_generated,
codec,2195,순,64,1,codec:2195:22,Like a thoroughbred horse?<0A><END>,순종 말처럼요?<0A><00>,64,not_generated,
codec,2195,종,64,1,codec:2195:22,Like a thoroughbred horse?<0A><END>,순종 말처럼요?<0A><00>,64,not_generated,
codec,2195,처,64,1,codec:2195:22,Like a thoroughbred horse?<0A><END>,순종 말처럼요?<0A><00>,64,not_generated,
codec,2195,클,64,2,codec:2195:37|codec:2195:15,<G40>Clones?<0A><END> || Clones?<0A><END>,<1f><40> 클론?<0A><00> || 클론?<0A><00>,64,not_generated,
codec,2197,불,64,1,codec:2197:18,Poor guy.<0A><END>,불쌍하군.<0A><00>,64,not_generated,
codec,2197,쌍,64,1,codec:2197:18,Poor guy.<0A><END>,불쌍하군.<0A><00>,64,not_generated,
codec,2198,닌,64,1,codec:2198:11,No... don't think so.<0A><END>,아니... 아닌 것 같아.<0A><00>,64,not_generated,
codec,2198,멀,64,1,codec:2198:16,"If I see any aliens, I'll be sure to keep<0A>my distance.<0A><END>",ALIEN을 보면 멀리할게.<0A><00>,64,not_generated,
codec,2199,녕,64,1,codec:2199:10,"Hey Snake, have you ever seen<0A>""Frankenstein""?<0A><END>","안녕 Snake, 혹시 ""프랑켄슈타인""을 본 적 있나?<0A><00>",64,not_generated,
codec,2199,랑,64,1,codec:2199:10,"Hey Snake, have you ever seen<0A>""Frankenstein""?<0A><END>","안녕 Snake, 혹시 ""프랑켄슈타인""을 본 적 있나?<0A><00>",64,not_generated,
codec,2199,슈,64,1,codec:2199:10,"Hey Snake, have you ever seen<0A>""Frankenstein""?<0A><END>","안녕 Snake, 혹시 ""프랑켄슈타인""을 본 적 있나?<0A><00>",64,not_generated,
codec,2199,켄,64,1,codec:2199:10,"Hey Snake, have you ever seen<0A>""Frankenstein""?<0A><END>","안녕 Snake, 혹시 ""프랑켄슈타인""을 본 적 있나?<0A><00>",64,not_generated,
codec,2199,타,64,1,codec:2199:10,"Hey Snake, have you ever seen<0A>""Frankenstein""?<0A><END>","안녕 Snake, 혹시 ""프랑켄슈타인""을 본 적 있나?<0A><00>",64,not_generated,
codec,2199,혹,64,1,codec:2199:10,"Hey Snake, have you ever seen<0A>""Frankenstein""?<0A><END>","안녕 Snake, 혹시 ""프랑켄슈타인""을 본 적 있나?<0A><00>",64,not_generated,
codec,2200,흠,64,1,codec:2200:11,Hmm... no.<0A><END>,흠... 아니.<0A><00>,64,not_generated,
codec,2201,남,64,1,codec:2201:14,"Imagine that, Snake. The guy's body just<0A>keeps getting smaller and smaller.<0A><END>","상상해 보세요, Snake. 그 남자의 몸은 점점 작아지고 있어요.<0A><00>",64,not_generated,
codec,2201,닌,64,1,codec:2201:20,Even though they're not real?<0A><END>,진짜가 아닌데도요?<0A><00>,64,not_generated,
codec,2201,몸,64,1,codec:2201:14,"Imagine that, Snake. The guy's body just<0A>keeps getting smaller and smaller.<0A><END>","상상해 보세요, Snake. 그 남자의 몸은 점점 작아지고 있어요.<0A><00>",64,not_generated,
codec,2201,작,64,1,codec:2201:14,"Imagine that, Snake. The guy's body just<0A>keeps getting smaller and smaller.<0A><END>","상상해 보세요, Snake. 그 남자의 몸은 점점 작아지고 있어요.<0A><00>",64,not_generated,
codec,2201,진,64,1,codec:2201:20,Even though they're not real?<0A><END>,진짜가 아닌데도요?<0A><00>,64,not_generated,
codec,2201,짜,64,1,codec:2201:20,Even though they're not real?<0A><END>,진짜가 아닌데도요?<0A><00>,64,not_generated,
codec,2202,먹,64,1,codec:2202:16,Prey?<0A><END>,먹이?<0A><00>,64,not_generated,
codec,2202,혹,64,1,codec:2202:10,"Snake, have you ever seen<0A>""The Quartermass Xperiment""?<0A><END>","Snake, 혹시<0A>""The Quartermass Xperiment"" 봤어?<0A><00>",64,not_generated,
codec,2203,구,64,1,codec:2203:10,"Snake, have you ever seen ""The Day<0A>the Earth Stood Still""?<0A><END>","Snake, '지구가 멈추는 날'을 본 적 있나?<0A><00>",64,not_generated,
codec,2203,멈,64,1,codec:2203:10,"Snake, have you ever seen ""The Day<0A>the Earth Stood Still""?<0A><END>","Snake, '지구가 멈추는 날'을 본 적 있나?<0A><00>",64,not_generated,
codec,2203,추,64,1,codec:2203:10,"Snake, have you ever seen ""The Day<0A>the Earth Stood Still""?<0A><END>","Snake, '지구가 멈추는 날'을 본 적 있나?<0A><00>",64,not_generated,
codec,2204,깐,64,1,codec:2204:13,"Wait, isn't this...<0A><END>","잠깐, 이건...<0A><00>",64,not_generated,
codec,2204,름,64,1,codec:2204:8,It's the name of a character.<0A><END>,CHARACTER 이름이야.<0A><00>,64,not_generated,
codec,2204,베,64,1,codec:2204:4,Did you get cut up?<0A><END>,베였나?<0A><00>,64,not_generated,
codec,2204,였,64,1,codec:2204:4,Did you get cut up?<0A><END>,베였나?<0A><00>,64,not_generated,
codec,2204,잠,64,1,codec:2204:13,"Wait, isn't this...<0A><END>","잠깐, 이건...<0A><00>",64,not_generated,
codec,2204,중,64,1,codec:2204:51,... Lo estoy intentando.<0A><END>,...해 보는 중이야.<0A><00>,64,not_generated,
codec,2204,큘,64,1,codec:2204:17,Dracula...!<0A><END>,드라큘라...!<0A><00>,64,not_generated,
codec,2210,각,64,1,codec:2210:1627,C'est ton imagination.<0A><END>,네 착각이야.<0A><00>,64,not_generated,
codec,2210,경,64,1,codec:2210:1674,NO GUARDAR<END>,경비원 없음<0A><00>,64,not_generated,
codec,2210,극,64,1,codec:2210:463,Sometimes tragedy can be funny.<0A><END>,비극도 때로는 웃길 수 있어.<0A><00>,64,not_generated,
codec,2210,길,64,1,codec:2210:463,Sometimes tragedy can be funny.<0A><END>,비극도 때로는 웃길 수 있어.<0A><00>,64,not_generated,
codec,2210,녕,64,1,codec:2210:738,"Eh Snake, <G40>has visto ""Planeta Prohibido""?<0A><END>","안녕하세요 Snake, ""Forbidden Planet""을 보셨나요?<0A><00>",64,not_generated,
codec,2210,비,64,3,codec:2210:1674|codec:2210:32|codec:2210:463,"NO GUARDAR<END> || Ready to save, Snake!?<0A><END> || Sometimes tragedy can be funny.<0A><END>","경비원 없음<0A><00> || 저장할 준비가 되었나요, Snake!?<0A><00> || 비극도 때로는 웃길 수 있어.<0A><00>",64,not_generated,
codec,2210,빨,64,2,codec:2210:532|codec:2210:1081,"Please come back soon.<0A><END> || Por favor, vuelve pronto.<0A><END>",빨리 돌아와주세요.<0A><00> || 빨리 돌아와주세요.<0A><00>,64,not_generated,
codec,2210,살,64,2,codec:2210:55|codec:2210:1153,"Come back alive, OK?<0A><END> || Reviens vivant, d'accord?<0A><END>","살아서 돌아오세요, 알았죠?<0A><00> || 살아서 돌아와, 알겠지?<0A><00>",64,not_generated,
codec,2210,셨,64,1,codec:2210:738,"Eh Snake, <G40>has visto ""Planeta Prohibido""?<0A><END>","안녕하세요 Snake, ""Forbidden Planet""을 보셨나요?<0A><00>",64,not_generated,
codec,2210,오,64,1,codec:2210:55,"Come back alive, OK?<0A><END>","살아서 돌아오세요, 알았죠?<0A><00>",64,not_generated,
codec,2210,웃,64,1,codec:2210:463,Sometimes tragedy can be funny.<0A><END>,비극도 때로는 웃길 수 있어.<0A><00>,64,not_generated,
codec,2210,장,64,4,codec:2210:1672|codec:2210:32|codec:2210:24|codec:2210:33,"NE PAS SAUVEGARDER<END> || Ready to save, Snake!?<0A><END> || Saving the game, Snake?<0A><END> || Saving the game?<0A><END>","저장하지 마세요<0A><00> || 저장할 준비가 되었나요, Snake!?<0A><00> || 게임을 저장하나요, Snake?<0A><00> || 게임을 저장하시겠습니까?<0A><00>",64,not_generated,
codec,2210,죠,64,1,codec:2210:55,"Come back alive, OK?<0A><END>","살아서 돌아오세요, 알았죠?<0A><00>",64,not_generated,
codec,2210,주,64,2,codec:2210:532|codec:2210:1081,"Please come back soon.<0A><END> || Por favor, vuelve pronto.<0A><END>",빨리 돌아와주세요.<0A><00> || 빨리 돌아와주세요.<0A><00>,64,not_generated,
codec,2210,준,64,1,codec:2210:32,"Ready to save, Snake!?<0A><END>","저장할 준비가 되었나요, Snake!?<0A><00>",64,not_generated,
codec,2210,중,64,1,codec:2210:54,I'm trying.<0A><END>,해 보는 중이야.<0A><00>,64,not_generated,
codec,2210,착,64,1,codec:2210:1627,C'est ton imagination.<0A><END>,네 착각이야.<0A><00>,64,not_generated,
codec,2210,참,64,1,codec:2210:53,Hang in there!<0A><END>,조금만 참으세요!<0A><00>,64,not_generated,
