media,scope,scope_id,font_table_offset,token_page,total_slots,referenced_slots,dead_slots,dead_slot_indices,reusable_bytes,reuse_primitive,cross_scope_reuse
movie,record,0,1056,0x90,33,33,0,,0,page3 token remap + overwrite 64B record font slot,forbidden
movie,record,1,4172,0x90,49,49,0,,0,page3 token remap + overwrite 64B record font slot,forbidden
movie,record,2,8240,0x90,58,58,0,,0,page3 token remap + overwrite 64B record font slot,forbidden
movie,record,3,12896,0x90,21,21,0,,0,page3 token remap + overwrite 64B record font slot,forbidden
movie,record,4,16348,0x90,0,0,0,,0,page3 token remap + overwrite 64B record font slot,forbidden
movie,record,5,17268,0x90,55,55,0,,0,page3 token remap + overwrite 64B record font slot,forbidden
movie,record,6,21728,0x90,50,50,0,,0,page3 token remap + overwrite 64B record font slot,forbidden
movie,record,7,25792,0x90,37,37,0,,0,page3 token remap + overwrite 64B record font slot,forbidden
movie,record,8,30256,0x90,0,0,0,,0,page3 token remap + overwrite 64B record font slot,forbidden
movie,record,9,32368,0x90,0,0,0,,0,page3 token remap + overwrite 64B record font slot,forbidden
movie,record,10,34444,0x90,0,0,0,,0,page3 token remap + overwrite 64B record font slot,forbidden
movie,record,11,35384,0x90,19,19,0,,0,page3 token remap + overwrite 64B record font slot,forbidden
movie,record,12,37592,0x90,15,15,0,,0,page3 token remap + overwrite 64B record font slot,forbidden
movie,record,13,40656,0x90,0,0,0,,0,page3 token remap + overwrite 64B record font slot,forbidden
movie,record,14,42760,0x90,0,0,0,,0,page3 token remap + overwrite 64B record font slot,forbidden
movie,record,15,44832,0x90,0,0,0,,0,page3 token remap + overwrite 64B record font slot,forbidden
movie,record,16,46972,0x90,0,0,0,,0,page3 token remap + overwrite 64B record font slot,forbidden
movie,record,17,49040,0x90,0,0,0,,0,page3 token remap + overwrite 64B record font slot,forbidden
movie,record,18,51124,0x90,0,0,0,,0,page3 token remap + overwrite 64B record font slot,forbidden
movie,record,19,51412,0x90,0,0,0,,0,page3 token remap + overwrite 64B record font slot,forbidden
movie,record,20,54492,0x90,0,0,0,,0,page3 token remap + overwrite 64B record font slot,forbidden
movie,record,21,56620,0x90,0,0,0,,0,page3 token remap + overwrite 64B record font slot,forbidden
movie,record,22,58744,0x90,0,0,0,,0,page3 token remap + overwrite 64B record font slot,forbidden
movie,record,23,60856,0x90,0,0,0,,0,page3 token remap + overwrite 64B record font slot,forbidden
movie,record,24,61136,0x90,0,0,0,,0,page3 token remap + overwrite 64B record font slot,forbidden
movie,record,25,63592,0x90,7,7,0,,0,page3 token remap + overwrite 64B record font slot,forbidden
movie,record,26,64936,0x90,55,55,0,,0,page3 token remap + overwrite 64B record font slot,forbidden
movie,record,27,69404,0x90,38,38,0,,0,page3 token remap + overwrite 64B record font slot,forbidden
movie,record,28,72564,0x90,39,39,0,,0,page3 token remap + overwrite 64B record font slot,forbidden
movie,record,29,77640,0x90,0,0,0,,0,page3 token remap + overwrite 64B record font slot,forbidden
movie,record,30,79736,0x90,0,0,0,,0,page3 token remap + overwrite 64B record font slot,forbidden
movie,record,31,81812,0x90,0,0,0,,0,page3 token remap + overwrite 64B record font slot,forbidden
movie,record,32,83880,0x90,0,0,0,,0,page3 token remap + overwrite 64B record font slot,forbidden
movie,record,33,85952,0x90,0,0,0,,0,page3 token remap + overwrite 64B record font slot,forbidden
movie,record,34,88036,0x90,0,0,0,,0,page3 token remap + overwrite 64B record font slot,forbidden
movie,record,35,90116,0x90,0,0,0,,0,page3 token remap + overwrite 64B record font slot,forbidden
movie,record,36,92256,0x90,0,0,0,,0,page3 token remap + overwrite 64B record font slot,forbidden
movie,record,37,94356,0x90,0,0,0,,0,page3 token remap + overwrite 64B record font slot,forbidden
movie,record,38,96424,0x90,0,0,0,,0,page3 token remap + overwrite 64B record font slot,forbidden
movie,record,39,98540,0x90,0,0,0,,0,page3 token remap + overwrite 64B record font slot,forbidden
movie,record,40,100664,0x90,0,0,0,,0,page3 token remap + overwrite 64B record font slot,forbidden
movie,record,41,102744,0x90,0,0,0,,0,page3 token remap + overwrite 64B record font slot,forbidden
movie,record,42,104840,0x90,0,0,0,,0,page3 token remap + overwrite 64B record font slot,forbidden
movie,record,43,106928,0x90,0,0,0,,0,page3 token remap + overwrite 64B record font slot,forbidden
movie,record,44,109016,0x90,0,0,0,,0,page3 token remap + overwrite 64B record font slot,forbidden
movie,record,45,110332,0x90,0,0,0,,0,page3 token remap + overwrite 64B record font slot,forbidden
movie,record,46,112460,0x90,0,0,0,,0,page3 token remap + overwrite 64B record font slot,forbidden
movie,record,47,114592,0x90,0,0,0,,0,page3 token remap + overwrite 64B record font slot,forbidden
movie,record,48,116724,0x90,0,0,0,,0,page3 token remap + overwrite 64B record font slot,forbidden
movie,record,49,117932,0x90,0,0,0,,0,page3 token remap + overwrite 64B record font slot,forbidden
movie,record,50,120644,0x90,0,0,0,,0,page3 token remap + overwrite 64B record font slot,forbidden
movie,record,51,121000,0x90,0,0,0,,0,page3 token remap + overwrite 64B record font slot,forbidden
movie,record,52,124800,0x90,0,0,0,,0,page3 token remap + overwrite 64B record font slot,forbidden
movie,record,53,126900,0x90,0,0,0,,0,page3 token remap + overwrite 64B record font slot,forbidden
movie,record,54,128976,0x90,0,0,0,,0,page3 token remap + overwrite 64B record font slot,forbidden
movie,record,55,131064,0x90,0,0,0,,0,page3 token remap + overwrite 64B record font slot,forbidden
movie,record,56,133148,0x90,0,0,0,,0,page3 token remap + overwrite 64B record font slot,forbidden
movie,record,57,135208,0x90,0,0,0,,0,page3 token remap + overwrite 64B record font slot,forbidden
movie,record,58,137268,0x90,0,0,0,,0,page3 token remap + overwrite 64B record font slot,forbidden
movie,record,59,139352,0x90,0,0,0,,0,page3 token remap + overwrite 64B record font slot,forbidden
movie,record,60,139604,0x90,0,0,0,,0,page3 token remap + overwrite 64B record font slot,forbidden
movie,record,61,143232,0x90,0,0,0,,0,page3 token remap + overwrite 64B record font slot,forbidden
movie,record,62,145304,0x90,0,0,0,,0,page3 token remap + overwrite 64B record font slot,forbidden
movie,record,63,147392,0x90,0,0,0,,0,page3 token remap + overwrite 64B record font slot,forbidden
movie,record,64,149480,0x90,0,0,0,,0,page3 token remap + overwrite 64B record font slot,forbidden
movie,record,65,151596,0x90,0,0,0,,0,page3 token remap + overwrite 64B record font slot,forbidden
movie,record,66,153704,0x90,0,0,0,,0,page3 token remap + overwrite 64B record font slot,forbidden
movie,record,67,155764,0x90,0,0,0,,0,page3 token remap + overwrite 64B record font slot,forbidden
movie,record,68,157864,0x90,0,0,0,,0,page3 token remap + overwrite 64B record font slot,forbidden
movie,record,69,160008,0x90,0,0,0,,0,page3 token remap + overwrite 64B record font slot,forbidden
movie,record,70,161676,0x90,0,0,0,,0,page3 token remap + overwrite 64B record font slot,forbidden
movie,record,71,165716,0x90,0,0,0,,0,page3 token remap + overwrite 64B record font slot,forbidden
movie,record,72,166292,0x90,0,0,0,,0,page3 token remap + overwrite 64B record font slot,forbidden
movie,record,73,169844,0x90,0,0,0,,0,page3 token remap + overwrite 64B record font slot,forbidden
movie,record,74,171928,0x90,0,0,0,,0,page3 token remap + overwrite 64B record font slot,forbidden
movie,record,75,173996,0x90,0,0,0,,0,page3 token remap + overwrite 64B record font slot,forbidden
movie,record,76,176100,0x90,0,0,0,,0,page3 token remap + overwrite 64B record font slot,forbidden
movie,record,77,178208,0x90,0,0,0,,0,page3 token remap + overwrite 64B record font slot,forbidden
movie,record,78,180196,0x90,0,0,0,,0,page3 token remap + overwrite 64B record font slot,forbidden
movie,record,79,183400,0x90,0,0,0,,0,page3 token remap + overwrite 64B record font slot,forbidden
movie,record,80,185384,0x90,0,0,0,,0,page3 token remap + overwrite 64B record font slot,forbidden
movie,record,81,188240,0x90,0,0,0,,0,page3 token remap + overwrite 64B record font slot,forbidden
movie,record,82,190300,0x90,0,0,0,,0,page3 token remap + overwrite 64B record font slot,forbidden
movie,record,83,191164,0x90,0,0,0,,0,page3 token remap + overwrite 64B record font slot,forbidden
movie,record,84,194372,0x90,0,0,0,,0,page3 token remap + overwrite 64B record font slot,forbidden
movie,record,85,196484,0x90,0,0,0,,0,page3 token remap + overwrite 64B record font slot,forbidden
movie,record,86,198568,0x90,0,0,0,,0,page3 token remap + overwrite 64B record font slot,forbidden
movie,record,87,200656,0x90,0,0,0,,0,page3 token remap + overwrite 64B record font slot,forbidden
movie,record,88,202716,0x90,0,0,0,,0,page3 token remap + overwrite 64B record font slot,forbidden
movie,record,89,204832,0x90,0,0,0,,0,page3 token remap + overwrite 64B record font slot,forbidden
movie,record,90,206908,0x90,0,0,0,,0,page3 token remap + overwrite 64B record font slot,forbidden
movie,record,91,208968,0x90,0,0,0,,0,page3 token remap + overwrite 64B record font slot,forbidden
movie,record,92,211040,0x90,0,0,0,,0,page3 token remap + overwrite 64B record font slot,forbidden
movie,record,93,213144,0x90,0,0,0,,0,page3 token remap + overwrite 64B record font slot,forbidden
movie,record,94,215212,0x90,0,0,0,,0,page3 token remap + overwrite 64B record font slot,forbidden
movie,record,95,216348,0x90,0,0,0,,0,page3 token remap + overwrite 64B record font slot,forbidden
movie,record,96,218960,0x90,0,0,0,,0,page3 token remap + overwrite 64B record font slot,forbidden
movie,record,97,221036,0x90,0,0,0,,0,page3 token remap + overwrite 64B record font slot,forbidden
movie,record,98,223108,0x90,0,0,0,,0,page3 token remap + overwrite 64B record font slot,forbidden
movie,record,99,225188,0x90,0,0,0,,0,page3 token remap + overwrite 64B record font slot,forbidden
movie,record,100,227264,0x90,0,0,0,,0,page3 token remap + overwrite 64B record font slot,forbidden
movie,record,101,229344,0x90,0,0,0,,0,page3 token remap + overwrite 64B record font slot,forbidden
movie,record,102,231400,0x90,0,0,0,,0,page3 token remap + overwrite 64B record font slot,forbidden
movie,record,103,233472,0x90,0,0,0,,0,page3 token remap + overwrite 64B record font slot,forbidden
movie,record,104,235532,0x90,0,0,0,,0,page3 token remap + overwrite 64B record font slot,forbidden
movie,record,105,237596,0x90,0,0,0,,0,page3 token remap + overwrite 64B record font slot,forbidden
movie,record,106,239724,0x90,0,0,0,,0,page3 token remap + overwrite 64B record font slot,forbidden
movie,record,107,240244,0x90,0,0,0,,0,page3 token remap + overwrite 64B record font slot,forbidden
demo,record,0,2669960,0x90,30,30,0,,0,page3 token remap + overwrite 64B record font slot,forbidden
demo,record,1,4593252,0x90,0,0,0,,0,page3 token remap + overwrite 64B record font slot,forbidden
demo,record,2,5283056,0x90,19,19,0,,0,page3 token remap + overwrite 64B record font slot,forbidden
demo,record,3,6087864,0x90,6,6,0,,0,page3 token remap + overwrite 64B record font slot,forbidden
demo,record,4,7039996,0x90,0,0,0,,0,page3 token remap + overwrite 64B record font slot,forbidden
demo,record,5,11538096,0x90,0,0,0,,0,page3 token remap + overwrite 64B record font slot,forbidden
demo,record,6,12127320,0x90,0,0,0,,0,page3 token remap + overwrite 64B record font slot,forbidden
demo,record,7,15156412,0x90,0,0,0,,0,page3 token remap + overwrite 64B record font slot,forbidden
demo,record,8,17222308,0x90,20,20,0,,0,page3 token remap + overwrite 64B record font slot,forbidden
demo,record,9,18716412,0x90,4,4,0,,0,page3 token remap + overwrite 64B record font slot,forbidden
demo,record,10,19637148,0x90,7,7,0,,0,page3 token remap + overwrite 64B record font slot,forbidden
demo,record,11,20228388,0x90,0,0,0,,0,page3 token remap + overwrite 64B record font slot,forbidden
demo,record,12,21203236,0x90,0,0,0,,0,page3 token remap + overwrite 64B record font slot,forbidden
demo,record,13,22444132,0x90,0,0,0,,0,page3 token remap + overwrite 64B record font slot,forbidden
demo,record,14,22974292,0x90,10,10,0,,0,page3 token remap + overwrite 64B record font slot,forbidden
demo,record,15,31740940,0x90,7,7,0,,0,page3 token remap + overwrite 64B record font slot,forbidden
demo,record,16,39127300,0x90,0,0,0,,0,page3 token remap + overwrite 64B record font slot,forbidden
demo,record,17,46794236,0x90,0,0,0,,0,page3 token remap + overwrite 64B record font slot,forbidden
demo,record,18,48715236,0x90,0,0,0,,0,page3 token remap + overwrite 64B record font slot,forbidden
demo,record,19,50021320,0x90,0,0,0,,0,page3 token remap + overwrite 64B record font slot,forbidden
demo,record,20,50943404,0x90,3,3,0,,0,page3 token remap + overwrite 64B record font slot,forbidden
demo,record,21,52282744,0x90,10,10,0,,0,page3 token remap + overwrite 64B record font slot,forbidden
demo,record,22,53377392,0x90,21,21,0,,0,page3 token remap + overwrite 64B record font slot,forbidden
demo,record,23,54390240,0x90,7,7,0,,0,page3 token remap + overwrite 64B record font slot,forbidden
demo,record,24,55185820,0x90,8,8,0,,0,page3 token remap + overwrite 64B record font slot,forbidden
demo,record,25,60605448,0x90,0,0,0,,0,page3 token remap + overwrite 64B record font slot,forbidden
demo,record,26,62869060,0x90,0,0,0,,0,page3 token remap + overwrite 64B record font slot,forbidden
demo,record,27,66093592,0x90,0,0,0,,0,page3 token remap + overwrite 64B record font slot,forbidden
demo,record,28,67425480,0x90,0,0,0,,0,page3 token remap + overwrite 64B record font slot,forbidden
demo,record,29,71533588,0x90,0,0,0,,0,page3 token remap + overwrite 64B record font slot,forbidden
demo,record,30,76582024,0x90,0,0,0,,0,page3 token remap + overwrite 64B record font slot,forbidden
demo,record,31,80849040,0x90,13,13,0,,0,page3 token remap + overwrite 64B record font slot,forbidden
demo,record,32,86385488,0x90,17,17,0,,0,page3 token remap + overwrite 64B record font slot,forbidden
demo,record,33,89152096,0x90,28,28,0,,0,page3 token remap + overwrite 64B record font slot,forbidden
demo,record,34,91997892,0x90,0,0,0,,0,page3 token remap + overwrite 64B record font slot,forbidden
demo,record,35,93557840,0x90,0,0,0,,0,page3 token remap + overwrite 64B record font slot,forbidden
demo,record,36,94619172,0x90,0,0,0,,0,page3 token remap + overwrite 64B record font slot,forbidden
demo,record,37,95326984,0x90,0,0,0,,0,page3 token remap + overwrite 64B record font slot,forbidden
demo,record,38,96099108,0x90,4,4,0,,0,page3 token remap + overwrite 64B record font slot,forbidden
demo,record,39,96755568,0x90,0,0,0,,0,page3 token remap + overwrite 64B record font slot,forbidden
demo,record,40,97328664,0x90,0,0,0,,0,page3 token remap + overwrite 64B record font slot,forbidden
demo,record,41,103269072,0x90,28,28,0,,0,page3 token remap + overwrite 64B record font slot,forbidden
demo,record,42,107701136,0x90,0,0,0,,0,page3 token remap + overwrite 64B record font slot,forbidden
demo,record,43,109682912,0x90,0,0,0,,0,page3 token remap + overwrite 64B record font slot,forbidden
demo,record,44,110904396,0x90,0,0,0,,0,page3 token remap + overwrite 64B record font slot,forbidden
demo,record,45,112550436,0x90,3,3,0,,0,page3 token remap + overwrite 64B record font slot,forbidden
demo,record,46,114043144,0x90,20,20,0,,0,page3 token remap + overwrite 64B record font slot,forbidden
demo,record,47,115651112,0x90,3,3,0,,0,page3 token remap + overwrite 64B record font slot,forbidden
demo,record,48,118418520,0x90,0,0,0,,0,page3 token remap + overwrite 64B record font slot,forbidden
demo,record,49,119731172,0x90,3,3,0,,0,page3 token remap + overwrite 64B record font slot,forbidden
demo,record,50,120765204,0x90,32,32,0,,0,page3 token remap + overwrite 64B record font slot,forbidden
demo,record,51,121557232,0x90,28,28,0,,0,page3 token remap + overwrite 64B record font slot,forbidden
demo,record,52,123078824,0x90,0,0,0,,0,page3 token remap + overwrite 64B record font slot,forbidden
demo,record,53,123738660,0x90,0,0,0,,0,page3 token remap + overwrite 64B record font slot,forbidden
demo,record,54,125259516,0x90,0,0,0,,0,page3 token remap + overwrite 64B record font slot,forbidden
demo,record,55,126014220,0x90,0,0,0,,0,page3 token remap + overwrite 64B record font slot,forbidden
demo,record,56,126769888,0x90,0,0,0,,0,page3 token remap + overwrite 64B record font slot,forbidden
demo,record,57,127796736,0x90,2,2,0,,0,page3 token remap + overwrite 64B record font slot,forbidden
demo,record,58,129112676,0x90,0,0,0,,0,page3 token remap + overwrite 64B record font slot,forbidden
demo,record,59,130226128,0x90,5,5,0,,0,page3 token remap + overwrite 64B record font slot,forbidden
demo,record,60,131514676,0x90,0,0,0,,0,page3 token remap + overwrite 64B record font slot,forbidden
demo,record,61,132670392,0x90,14,14,0,,0,page3 token remap + overwrite 64B record font slot,forbidden
demo,record,62,135575760,0x90,0,0,0,,0,page3 token remap + overwrite 64B record font slot,forbidden
demo,record,63,137618204,0x90,0,0,0,,0,page3 token remap + overwrite 64B record font slot,forbidden
demo,record,64,138412300,0x90,12,12,0,,0,page3 token remap + overwrite 64B record font slot,forbidden
demo,record,65,141255860,0x90,29,29,0,,0,page3 token remap + overwrite 64B record font slot,forbidden
demo,record,66,142814892,0x90,0,0,0,,0,page3 token remap + overwrite 64B record font slot,forbidden
demo,record,67,143412964,0x90,0,0,0,,0,page3 token remap + overwrite 64B record font slot,forbidden
demo,record,68,146714436,0x90,0,0,0,,0,page3 token remap + overwrite 64B record font slot,forbidden
demo,record,69,149534112,0x90,0,0,0,,0,page3 token remap + overwrite 64B record font slot,forbidden
demo,record,70,153706744,0x90,0,0,0,,0,page3 token remap + overwrite 64B record font slot,forbidden
demo,record,71,161450720,0x90,0,0,0,,0,page3 token remap + overwrite 64B record font slot,forbidden
demo,record,72,164015452,0x90,0,0,0,,0,page3 token remap + overwrite 64B record font slot,forbidden
demo,record,73,169686208,0x90,0,0,0,,0,page3 token remap + overwrite 64B record font slot,forbidden
demo,record,74,174407940,0x90,0,0,0,,0,page3 token remap + overwrite 64B record font slot,forbidden
demo,record,75,177438740,0x90,0,0,0,,0,page3 token remap + overwrite 64B record font slot,forbidden
demo,record,76,179269884,0x90,0,0,0,,0,page3 token remap + overwrite 64B record font slot,forbidden
demo,record,77,182156124,0x90,0,0,0,,0,page3 token remap + overwrite 64B record font slot,forbidden
demo,record,78,183759888,0x90,0,0,0,,0,page3 token remap + overwrite 64B record font slot,forbidden
demo,record,79,184826376,0x90,0,0,0,,0,page3 token remap + overwrite 64B record font slot,forbidden
demo,record,80,185767920,0x90,0,0,0,,0,page3 token remap + overwrite 64B record font slot,forbidden
demo,record,81,187174172,0x90,0,0,0,,0,page3 token remap + overwrite 64B record font slot,forbidden
demo,record,82,188258312,0x90,0,0,0,,0,page3 token remap + overwrite 64B record font slot,forbidden
demo,record,83,189411472,0x90,1,1,0,,0,page3 token remap + overwrite 64B record font slot,forbidden
demo,record,84,190446956,0x90,2,2,0,,0,page3 token remap + overwrite 64B record font slot,forbidden
demo,record,85,191388392,0x90,30,30,0,,0,page3 token remap + overwrite 64B record font slot,forbidden
demo,record,86,192330772,0x90,13,13,0,,0,page3 token remap + overwrite 64B record font slot,forbidden
demo,record,87,192925516,0x90,26,26,0,,0,page3 token remap + overwrite 64B record font slot,forbidden
demo,record,88,193621288,0x90,0,0,0,,0,page3 token remap + overwrite 64B record font slot,forbidden
demo,record,89,194278620,0x90,0,0,0,,0,page3 token remap + overwrite 64B record font slot,forbidden
demo,record,90,195293108,0x90,0,0,0,,0,page3 token remap + overwrite 64B record font slot,forbidden
demo,record,91,195795784,0x90,0,0,0,,0,page3 token remap + overwrite 64B record font slot,forbidden
demo,record,92,196006776,0x90,0,0,0,,0,page3 token remap + overwrite 64B record font slot,forbidden
demo,record,93,196907972,0x90,0,0,0,,0,page3 token remap + overwrite 64B record font slot,forbidden
demo,record,94,198011244,0x90,0,0,0,,0,page3 token remap + overwrite 64B record font slot,forbidden
demo,record,95,202279548,0x90,0,0,0,,0,page3 token remap + overwrite 64B record font slot,forbidden
demo,record,96,204731408,0x90,0,0,0,,0,page3 token remap + overwrite 64B record font slot,forbidden
demo,record,97,207045440,0x90,0,0,0,,0,page3 token remap + overwrite 64B record font slot,forbidden
demo,record,98,209272308,0x90,0,0,0,,0,page3 token remap + overwrite 64B record font slot,forbidden
demo,record,99,211567652,0x90,0,0,0,,0,page3 token remap + overwrite 64B record font slot,forbidden
demo,record,100,213232976,0x90,15,15,0,,0,page3 token remap + overwrite 64B record font slot,forbidden
demo,record,101,214893460,0x90,0,0,0,,0,page3 token remap + overwrite 64B record font slot,forbidden
demo,record,102,215996008,0x90,9,9,0,,0,page3 token remap + overwrite 64B record font slot,forbidden
demo,record,103,216902124,0x90,17,17,0,,0,page3 token remap + overwrite 64B record font slot,forbidden
demo,record,104,217646856,0x90,19,19,0,,0,page3 token remap + overwrite 64B record font slot,forbidden
demo,record,105,219110764,0x90,0,0,0,,0,page3 token remap + overwrite 64B record font slot,forbidden
demo,record,106,220070872,0x90,15,15,0,,0,page3 token remap + overwrite 64B record font slot,forbidden
demo,record,107,221731648,0x90,0,0,0,,0,page3 token remap + overwrite 64B record font slot,forbidden
demo,record,108,222834164,0x90,9,9,0,,0,page3 token remap + overwrite 64B record font slot,forbidden
demo,record,109,223740672,0x90,17,17,0,,0,page3 token remap + overwrite 64B record font slot,forbidden
demo,record,110,224559156,0x90,19,19,0,,0,page3 token remap + overwrite 64B record font slot,forbidden
demo,record,111,225832412,0x90,0,0,0,,0,page3 token remap + overwrite 64B record font slot,forbidden
demo,record,112,226647084,0x90,0,0,0,,0,page3 token remap + overwrite 64B record font slot,forbidden
demo,record,113,227570996,0x90,0,0,0,,0,page3 token remap + overwrite 64B record font slot,forbidden
demo,record,114,228026304,0x90,0,0,0,,0,page3 token remap + overwrite 64B record font slot,forbidden
demo,record,115,228516248,0x90,8,8,0,,0,page3 token remap + overwrite 64B record font slot,forbidden
demo,record,116,229125192,0x90,0,0,0,,0,page3 token remap + overwrite 64B record font slot,forbidden
demo,record,117,229170256,0x90,3,3,0,,0,page3 token remap + overwrite 64B record font slot,forbidden
demo,record,118,230731620,0x90,0,0,0,,0,page3 token remap + overwrite 64B record font slot,forbidden
demo,record,119,234407224,0x90,0,0,0,,0,page3 token remap + overwrite 64B record font slot,forbidden
demo,record,120,235608096,0x90,0,0,0,,0,page3 token remap + overwrite 64B record font slot,forbidden
demo,record,121,236439648,0x90,0,0,0,,0,page3 token remap + overwrite 64B record font slot,forbidden
demo,record,122,237327416,0x90,5,5,0,,0,page3 token remap + overwrite 64B record font slot,forbidden
demo,record,123,239394308,0x90,4,4,0,,0,page3 token remap + overwrite 64B record font slot,forbidden
demo,record,124,240994932,0x90,0,0,0,,0,page3 token remap + overwrite 64B record font slot,forbidden
demo,record,125,243879448,0x90,0,0,0,,0,page3 token remap + overwrite 64B record font slot,forbidden
demo,record,126,245887732,0x90,0,0,0,,0,page3 token remap + overwrite 64B record font slot,forbidden
demo,record,127,249723844,0x90,0,0,0,,0,page3 token remap + overwrite 64B record font slot,forbidden
demo,record,128,250141732,0x90,0,0,0,,0,page3 token remap + overwrite 64B record font slot,forbidden
demo,record,129,254403220,0x90,0,0,0,,0,page3 token remap + overwrite 64B record font slot,forbidden
demo,record,130,254812836,0x90,0,0,0,,0,page3 token remap + overwrite 64B record font slot,forbidden
demo,record,131,258727588,0x90,0,0,0,,0,page3 token remap + overwrite 64B record font slot,forbidden
demo,record,132,259293860,0x90,0,0,0,,0,page3 token remap + overwrite 64B record font slot,forbidden
demo,record,133,263208580,0x90,0,0,0,,0,page3 token remap + overwrite 64B record font slot,forbidden
demo,record,134,263776080,0x90,0,0,0,,0,page3 token remap + overwrite 64B record font slot,forbidden
demo,record,135,265903604,0x90,0,0,0,,0,page3 token remap + overwrite 64B record font slot,forbidden
demo,record,136,270382760,0x90,0,0,0,,0,page3 token remap + overwrite 64B record font slot,forbidden
demo,record,137,270833308,0x90,0,0,0,,0,page3 token remap + overwrite 64B record font slot,forbidden
demo,record,138,271283944,0x90,0,0,0,,0,page3 token remap + overwrite 64B record font slot,forbidden
demo,record,139,271720060,0x90,0,0,0,,0,page3 token remap + overwrite 64B record font slot,forbidden
demo,record,140,272161560,0x90,0,0,0,,0,page3 token remap + overwrite 64B record font slot,forbidden
demo,record,141,274337472,0x90,5,5,0,,0,page3 token remap + overwrite 64B record font slot,forbidden
demo,record,142,276414156,0x90,10,10,0,,0,page3 token remap + overwrite 64B record font slot,forbidden
demo,record,143,277217488,0x90,0,0,0,,0,page3 token remap + overwrite 64B record font slot,forbidden
demo,record,144,277863028,0x90,11,11,0,,0,page3 token remap + overwrite 64B record font slot,forbidden
demo,record,145,278455880,0x90,0,0,0,,0,page3 token remap + overwrite 64B record font slot,forbidden
demo,record,146,279058744,0x90,0,0,0,,0,page3 token remap + overwrite 64B record font slot,forbidden
demo,record,147,280147792,0x90,0,0,0,,0,page3 token remap + overwrite 64B record font slot,forbidden
demo,record,148,280951384,0x90,0,0,0,,0,page3 token remap + overwrite 64B record font slot,forbidden
demo,record,149,281282260,0x90,0,0,0,,0,page3 token remap + overwrite 64B record font slot,forbidden
demo,record,150,281451308,0x90,0,0,0,,0,page3 token remap + overwrite 64B record font slot,forbidden
demo,record,151,281659316,0x90,0,0,0,,0,page3 token remap + overwrite 64B record font slot,forbidden
demo,record,152,282002896,0x90,0,0,0,,0,page3 token remap + overwrite 64B record font slot,forbidden
demo,record,153,282182200,0x90,0,0,0,,0,page3 token remap + overwrite 64B record font slot,forbidden
demo,record,154,282262516,0x90,34,34,0,,0,page3 token remap + overwrite 64B record font slot,forbidden
demo,record,155,282843416,0x90,3,3,0,,0,page3 token remap + overwrite 64B record font slot,forbidden
demo,record,156,283582556,0x90,1,1,0,,0,page3 token remap + overwrite 64B record font slot,forbidden
demo,record,157,284356520,0x90,0,0,0,,0,page3 token remap + overwrite 64B record font slot,forbidden
demo,record,158,285355696,0x90,0,0,0,,0,page3 token remap + overwrite 64B record font slot,forbidden
demo,record,159,286402380,0x90,2,2,0,,0,page3 token remap + overwrite 64B record font slot,forbidden
demo,record,160,287486656,0x90,0,0,0,,0,page3 token remap + overwrite 64B record font slot,forbidden
demo,record,161,288487528,0x90,0,0,0,,0,page3 token remap + overwrite 64B record font slot,forbidden
demo,record,162,289304412,0x90,0,0,0,,0,page3 token remap + overwrite 64B record font slot,forbidden
demo,record,163,289443116,0x90,0,0,0,,0,page3 token remap + overwrite 64B record font slot,forbidden
demo,record,164,292893788,0x90,0,0,0,,0,page3 token remap + overwrite 64B record font slot,forbidden
demo,record,165,297961296,0x90,0,0,0,,0,page3 token remap + overwrite 64B record font slot,forbidden
demo,record,166,305172896,0x90,0,0,0,,0,page3 token remap + overwrite 64B record font slot,forbidden
demo,record,167,306300604,0x90,0,0,0,,0,page3 token remap + overwrite 64B record font slot,forbidden
demo,record,168,311378676,0x90,0,0,0,,0,page3 token remap + overwrite 64B record font slot,forbidden
demo,record,169,314706236,0x90,0,0,0,,0,page3 token remap + overwrite 64B record font slot,forbidden
demo,record,170,317140260,0x90,0,0,0,,0,page3 token remap + overwrite 64B record font slot,forbidden
demo,record,171,320836200,0x90,0,0,0,,0,page3 token remap + overwrite 64B record font slot,forbidden
demo,record,172,322428048,0x90,0,0,0,,0,page3 token remap + overwrite 64B record font slot,forbidden
demo,record,173,324528076,0x90,0,0,0,,0,page3 token remap + overwrite 64B record font slot,forbidden
demo,record,174,331743056,0x90,0,0,0,,0,page3 token remap + overwrite 64B record font slot,forbidden
demo,record,175,338630048,0x90,0,0,0,,0,page3 token remap + overwrite 64B record font slot,forbidden
demo,record,176,346432848,0x90,0,0,0,,0,page3 token remap + overwrite 64B record font slot,forbidden
demo,record,177,348269872,0x90,0,0,0,,0,page3 token remap + overwrite 64B record font slot,forbidden
demo,record,178,350501140,0x90,0,0,0,,0,page3 token remap + overwrite 64B record font slot,forbidden
demo,record,179,351324664,0x90,0,0,0,,0,page3 token remap + overwrite 64B record font slot,forbidden
demo,record,180,352008592,0x90,0,0,0,,0,page3 token remap + overwrite 64B record font slot,forbidden
demo,record,181,352716928,0x90,0,0,0,,0,page3 token remap + overwrite 64B record font slot,forbidden
demo,record,182,353702684,0x90,0,0,0,,0,page3 token remap + overwrite 64B record font slot,forbidden
demo,record,183,354273588,0x90,0,0,0,,0,page3 token remap + overwrite 64B record font slot,forbidden
demo,record,184,355095192,0x90,0,0,0,,0,page3 token remap + overwrite 64B record font slot,forbidden
demo,record,185,355779556,0x90,0,0,0,,0,page3 token remap + overwrite 64B record font slot,forbidden
demo,record,186,356524808,0x90,0,0,0,,0,page3 token remap + overwrite 64B record font slot,forbidden
demo,record,187,357547504,0x90,0,0,0,,0,page3 token remap + overwrite 64B record font slot,forbidden
demo,record,188,366099084,0x90,0,0,0,,0,page3 token remap + overwrite 64B record font slot,forbidden
demo,record,189,369811976,0x90,0,0,0,,0,page3 token remap + overwrite 64B record font slot,forbidden
demo,record,190,371742996,0x90,0,0,0,,0,page3 token remap + overwrite 64B record font slot,forbidden
demo,record,191,372663336,0x90,0,0,0,,0,page3 token remap + overwrite 64B record font slot,forbidden
demo,record,192,376358028,0x90,0,0,0,,0,page3 token remap + overwrite 64B record font slot,forbidden
demo,record,193,378738476,0x90,0,0,0,,0,page3 token remap + overwrite 64B record font slot,forbidden
demo,record,194,381613552,0x90,13,13,0,,0,page3 token remap + overwrite 64B record font slot,forbidden
demo,record,195,383443704,0x90,0,0,0,,0,page3 token remap + overwrite 64B record font slot,forbidden
demo,record,196,385694268,0x90,12,12,0,,0,page3 token remap + overwrite 64B record font slot,forbidden
demo,record,197,386799348,0x90,20,20,0,,0,page3 token remap + overwrite 64B record font slot,forbidden
demo,record,198,387676564,0x90,3,3,0,,0,page3 token remap + overwrite 64B record font slot,forbidden
demo,record,199,388568948,0x90,13,13,0,,0,page3 token remap + overwrite 64B record font slot,forbidden
demo,record,200,388954920,0x90,0,0,0,,0,page3 token remap + overwrite 64B record font slot,forbidden
demo,record,201,389315408,0x90,15,15,0,,0,page3 token remap + overwrite 64B record font slot,forbidden
demo,record,202,389764036,0x90,6,6,0,,0,page3 token remap + overwrite 64B record font slot,forbidden
demo,record,203,389999656,0x90,18,18,0,,0,page3 token remap + overwrite 64B record font slot,forbidden
demo,record,204,390804172,0x90,3,3,0,,0,page3 token remap + overwrite 64B record font slot,forbidden
demo,record,205,391084428,0x90,0,0,0,,0,page3 token remap + overwrite 64B record font slot,forbidden
demo,record,206,391252812,0x90,0,0,0,,0,page3 token remap + overwrite 64B record font slot,forbidden
demo,record,207,391880760,0x90,16,16,0,,0,page3 token remap + overwrite 64B record font slot,forbidden
demo,record,208,392400948,0x90,0,0,0,,0,page3 token remap + overwrite 64B record font slot,forbidden
demo,record,209,393324708,0x90,0,0,0,,0,page3 token remap + overwrite 64B record font slot,forbidden
demo,record,210,394132756,0x90,0,0,0,,0,page3 token remap + overwrite 64B record font slot,forbidden
demo,record,211,395350068,0x90,0,0,0,,0,page3 token remap + overwrite 64B record font slot,forbidden
demo,record,212,397556484,0x90,0,0,0,,0,page3 token remap + overwrite 64B record font slot,forbidden
demo,record,213,400727112,0x90,0,0,0,,0,page3 token remap + overwrite 64B record font slot,forbidden
demo,record,214,402976996,0x90,0,0,0,,0,page3 token remap + overwrite 64B record font slot,forbidden
demo,record,215,405997760,0x90,0,0,0,,0,page3 token remap + overwrite 64B record font slot,forbidden
demo,record,216,410046880,0x90,0,0,0,,0,page3 token remap + overwrite 64B record font slot,forbidden
demo,record,217,411532072,0x90,0,0,0,,0,page3 token remap + overwrite 64B record font slot,forbidden
demo,record,218,414838404,0x90,0,0,0,,0,page3 token remap + overwrite 64B record font slot,forbidden
demo,record,219,419623304,0x90,0,0,0,,0,page3 token remap + overwrite 64B record font slot,forbidden
demo,record,220,426928452,0x90,0,0,0,,0,page3 token remap + overwrite 64B record font slot,forbidden
demo,record,221,432521632,0x90,0,0,0,,0,page3 token remap + overwrite 64B record font slot,forbidden
demo,record,222,435283208,0x90,0,0,0,,0,page3 token remap + overwrite 64B record font slot,forbidden
demo,record,223,436349768,0x90,0,0,0,,0,page3 token remap + overwrite 64B record font slot,forbidden
demo,record,224,437320068,0x90,0,0,0,,0,page3 token remap + overwrite 64B record font slot,forbidden
demo,record,225,440005028,0x90,0,0,0,,0,page3 token remap + overwrite 64B record font slot,forbidden
demo,record,226,442690180,0x90,0,0,0,,0,page3 token remap + overwrite 64B record font slot,forbidden
demo,record,227,443990796,0x90,0,0,0,,0,page3 token remap + overwrite 64B record font slot,forbidden
demo,record,228,445291676,0x90,1,1,0,,0,page3 token remap + overwrite 64B record font slot,forbidden
demo,record,229,447094176,0x90,0,0,0,,0,page3 token remap + overwrite 64B record font slot,forbidden
demo,record,230,448777652,0x90,20,20,0,,0,page3 token remap + overwrite 64B record font slot,forbidden
demo,record,231,455914728,0x90,0,0,0,,0,page3 token remap + overwrite 64B record font slot,forbidden
demo,record,232,464387408,0x90,0,0,0,,0,page3 token remap + overwrite 64B record font slot,forbidden
demo,record,233,469328464,0x90,0,0,0,,0,page3 token remap + overwrite 64B record font slot,forbidden
demo,record,234,478066508,0x90,19,19,0,,0,page3 token remap + overwrite 64B record font slot,forbidden
demo,record,235,483964664,0x90,2,2,0,,0,page3 token remap + overwrite 64B record font slot,forbidden
demo,record,236,485075400,0x90,2,2,0,,0,page3 token remap + overwrite 64B record font slot,forbidden
demo,record,237,492258020,0x90,0,0,0,,0,page3 token remap + overwrite 64B record font slot,forbidden
demo,record,238,499360432,0x90,8,8,0,,0,page3 token remap + overwrite 64B record font slot,forbidden
demo,record,239,504184288,0x90,15,15,0,,0,page3 token remap + overwrite 64B record font slot,forbidden
demo,record,240,505670604,0x90,16,16,0,,0,page3 token remap + overwrite 64B record font slot,forbidden
demo,record,241,506710728,0x90,11,11,0,,0,page3 token remap + overwrite 64B record font slot,forbidden
demo,record,242,509995124,0x90,0,0,0,,0,page3 token remap + overwrite 64B record font slot,forbidden
demo,record,243,516035316,0x90,0,0,0,,0,page3 token remap + overwrite 64B record font slot,forbidden
demo,record,244,518748752,0x90,0,0,0,,0,page3 token remap + overwrite 64B record font slot,forbidden
demo,record,245,519891768,0x90,0,0,0,,0,page3 token remap + overwrite 64B record font slot,forbidden
demo,record,246,520635028,0x90,0,0,0,,0,page3 token remap + overwrite 64B record font slot,forbidden
demo,record,247,521436508,0x90,0,0,0,,0,page3 token remap + overwrite 64B record font slot,forbidden
demo,record,248,522434736,0x90,0,0,0,,0,page3 token remap + overwrite 64B record font slot,forbidden
demo,record,249,523407772,0x90,0,0,0,,0,page3 token remap + overwrite 64B record font slot,forbidden
demo,record,250,524443700,0x90,0,0,0,,0,page3 token remap + overwrite 64B record font slot,forbidden
demo,record,251,524888976,0x90,0,0,0,,0,page3 token remap + overwrite 64B record font slot,forbidden
demo,record,252,526137980,0x90,0,0,0,,0,page3 token remap + overwrite 64B record font slot,forbidden
demo,record,253,527417276,0x90,0,0,0,,0,page3 token remap + overwrite 64B record font slot,forbidden
demo,record,254,528211200,0x90,0,0,0,,0,page3 token remap + overwrite 64B record font slot,forbidden
demo,record,255,529176760,0x90,0,0,0,,0,page3 token remap + overwrite 64B record font slot,forbidden
demo,record,256,530066940,0x90,0,0,0,,0,page3 token remap + overwrite 64B record font slot,forbidden
demo,record,257,530989624,0x90,0,0,0,,0,page3 token remap + overwrite 64B record font slot,forbidden
demo,record,258,532761052,0x90,0,0,0,,0,page3 token remap + overwrite 64B record font slot,forbidden
demo,record,259,533693824,0x90,0,0,0,,0,page3 token remap + overwrite 64B record font slot,forbidden
demo,record,260,547731428,0x90,0,0,0,,0,page3 token remap + overwrite 64B record font slot,forbidden
demo,record,261,561381964,0x90,0,0,0,,0,page3 token remap + overwrite 64B record font slot,forbidden
demo,record,262,566844752,0x90,0,0,0,,0,page3 token remap + overwrite 64B record font slot,forbidden
demo,record,263,568871872,0x90,0,0,0,,0,page3 token remap + overwrite 64B record font slot,forbidden
demo,record,264,571064932,0x90,0,0,0,,0,page3 token remap + overwrite 64B record font slot,forbidden
demo,record,265,573317556,0x90,0,0,0,,0,page3 token remap + overwrite 64B record font slot,forbidden
demo,record,266,575939640,0x90,0,0,0,,0,page3 token remap + overwrite 64B record font slot,forbidden
demo,record,267,584224636,0x90,22,22,0,,0,page3 token remap + overwrite 64B record font slot,forbidden
demo,record,268,588493896,0x90,3,3,0,,0,page3 token remap + overwrite 64B record font slot,forbidden
demo,record,269,591776496,0x90,0,0,0,,0,page3 token remap + overwrite 64B record font slot,forbidden
demo,record,270,595653048,0x90,7,7,0,,0,page3 token remap + overwrite 64B record font slot,forbidden
demo,record,271,596950392,0x90,14,14,0,,0,page3 token remap + overwrite 64B record font slot,forbidden
demo,record,272,601882116,0x90,0,0,0,,0,page3 token remap + overwrite 64B record font slot,forbidden
demo,record,273,606120080,0x90,0,0,0,,0,page3 token remap + overwrite 64B record font slot,forbidden
demo,record,274,607665080,0x90,0,0,0,,0,page3 token remap + overwrite 64B record font slot,forbidden
demo,record,275,609230280,0x90,0,0,0,,0,page3 token remap + overwrite 64B record font slot,forbidden
demo,record,276,610739372,0x90,0,0,0,,0,page3 token remap + overwrite 64B record font slot,forbidden
demo,record,277,610992112,0x90,0,0,0,,0,page3 token remap + overwrite 64B record font slot,forbidden
demo,record,278,613902836,0x90,0,0,0,,0,page3 token remap + overwrite 64B record font slot,forbidden
demo,record,279,627364380,0x90,0,0,0,,0,page3 token remap + overwrite 64B record font slot,forbidden
demo,record,280,631342836,0x90,0,0,0,,0,page3 token remap + overwrite 64B record font slot,forbidden
demo,record,281,631894420,0x90,0,0,0,,0,page3 token remap + overwrite 64B record font slot,forbidden
demo,record,282,632396480,0x90,0,0,0,,0,page3 token remap + overwrite 64B record font slot,forbidden
demo,record,283,633285788,0x90,0,0,0,,0,page3 token remap + overwrite 64B record font slot,forbidden
demo,record,284,633738148,0x90,0,0,0,,0,page3 token remap + overwrite 64B record font slot,forbidden
demo,record,285,634298524,0x90,0,0,0,,0,page3 token remap + overwrite 64B record font slot,forbidden
demo,record,286,634524844,0x90,0,0,0,,0,page3 token remap + overwrite 64B record font slot,forbidden
demo,record,287,638619700,0x90,6,6,0,,0,page3 token remap + overwrite 64B record font slot,forbidden
demo,record,288,641609764,0x90,19,19,0,,0,page3 token remap + overwrite 64B record font slot,forbidden
demo,record,289,644126644,0x90,0,0,0,,0,page3 token remap + overwrite 64B record font slot,forbidden
demo,record,290,647721908,0x90,0,0,0,,0,page3 token remap + overwrite 64B record font slot,forbidden
demo,record,291,649328516,0x90,0,0,0,,0,page3 token remap + overwrite 64B record font slot,forbidden
demo,record,292,652390648,0x90,0,0,0,,0,page3 token remap + overwrite 64B record font slot,forbidden
demo,record,293,661197376,0x90,0,0,0,,0,page3 token remap + overwrite 64B record font slot,forbidden
demo,record,294,666583320,0x90,0,0,0,,0,page3 token remap + overwrite 64B record font slot,forbidden
demo,record,295,675405124,0x90,0,0,0,,0,page3 token remap + overwrite 64B record font slot,forbidden
demo,record,296,686217888,0x90,0,0,0,,0,page3 token remap + overwrite 64B record font slot,forbidden
demo,record,297,691537412,0x90,0,0,0,,0,page3 token remap + overwrite 64B record font slot,forbidden
demo,record,298,693237124,0x90,0,0,0,,0,page3 token remap + overwrite 64B record font slot,forbidden
demo,record,299,695599272,0x90,0,0,0,,0,page3 token remap + overwrite 64B record font slot,forbidden
demo,record,300,696978352,0x90,0,0,0,,0,page3 token remap + overwrite 64B record font slot,forbidden
demo,record,301,697314892,0x90,0,0,0,,0,page3 token remap + overwrite 64B record font slot,forbidden
demo,record,302,697616352,0x90,0,0,0,,0,page3 token remap + overwrite 64B record font slot,forbidden
demo,record,303,698306108,0x90,0,0,0,,0,page3 token remap + overwrite 64B record font slot,forbidden
demo,record,304,699062728,0x90,0,0,0,,0,page3 token remap + overwrite 64B record font slot,forbidden
demo,record,305,699877200,0x90,0,0,0,,0,page3 token remap + overwrite 64B record font slot,forbidden
demo,record,306,700405368,0x90,0,0,0,,0,page3 token remap + overwrite 64B record font slot,forbidden
demo,record,307,700676732,0x90,0,0,0,,0,page3 token remap + overwrite 64B record font slot,forbidden
demo,record,308,702042620,0x90,0,0,0,,0,page3 token remap + overwrite 64B record font slot,forbidden
demo,record,309,703570448,0x90,0,0,0,,0,page3 token remap + overwrite 64B record font slot,forbidden
demo,record,310,708353660,0x90,0,0,0,,0,page3 token remap + overwrite 64B record font slot,forbidden
demo,record,311,717034420,0x90,0,0,0,,0,page3 token remap + overwrite 64B record font slot,forbidden
demo,record,312,719287124,0x90,0,0,0,,0,page3 token remap + overwrite 64B record font slot,forbidden
demo,record,313,721009200,0x90,0,0,0,,0,page3 token remap + overwrite 64B record font slot,forbidden
demo,record,314,721012016,0x90,0,0,0,,0,page3 token remap + overwrite 64B record font slot,forbidden
demo,record,315,721014072,0x90,0,0,0,,0,page3 token remap + overwrite 64B record font slot,forbidden
demo,record,316,721016144,0x90,0,0,0,,0,page3 token remap + overwrite 64B record font slot,forbidden
demo,record,317,721187692,0x90,0,0,0,,0,page3 token remap + overwrite 64B record font slot,forbidden
demo,record,318,721865276,0x90,0,0,0,,0,page3 token remap + overwrite 64B record font slot,forbidden
demo,record,319,722666012,0x90,0,0,0,,0,page3 token remap + overwrite 64B record font slot,forbidden
demo,record,320,723321460,0x90,0,0,0,,0,page3 token remap + overwrite 64B record font slot,forbidden
demo,record,321,724699772,0x90,0,0,0,,0,page3 token remap + overwrite 64B record font slot,forbidden
demo,record,322,729433248,0x90,13,13,0,,0,page3 token remap + overwrite 64B record font slot,forbidden
demo,record,323,733373696,0x90,9,9,0,,0,page3 token remap + overwrite 64B record font slot,forbidden
demo,record,324,736977652,0x90,3,3,0,,0,page3 token remap + overwrite 64B record font slot,forbidden
demo,record,325,744798216,0x90,0,0,0,,0,page3 token remap + overwrite 64B record font slot,forbidden
demo,record,326,746471212,0x90,0,0,0,,0,page3 token remap + overwrite 64B record font slot,forbidden
demo,record,327,748028392,0x90,0,0,0,,0,page3 token remap + overwrite 64B record font slot,forbidden
demo,record,328,750009468,0x90,0,0,0,,0,page3 token remap + overwrite 64B record font slot,forbidden
demo,record,329,751893928,0x90,0,0,0,,0,page3 token remap + overwrite 64B record font slot,forbidden
demo,record,330,754916844,0x90,0,0,0,,0,page3 token remap + overwrite 64B record font slot,forbidden
demo,record,331,759517192,0x90,0,0,0,,0,page3 token remap + overwrite 64B record font slot,forbidden
demo,record,332,769450256,0x90,0,0,0,,0,page3 token remap + overwrite 64B record font slot,forbidden
codec,gcx,0,44,0x8C,0,0,0,,0,custom_token(index) + overwrite_font_slots(),forbidden
codec,gcx,1,204,0x8C,0,0,0,,0,custom_token(index) + overwrite_font_slots(),forbidden
codec,gcx,2,368,0x8C,0,0,0,,0,custom_token(index) + overwrite_font_slots(),forbidden
codec,gcx,3,528,0x8C,0,0,0,,0,custom_token(index) + overwrite_font_slots(),forbidden
codec,gcx,4,680,0x8C,3,3,0,,0,custom_token(index) + overwrite_font_slots(),forbidden
codec,gcx,5,1224,0x8C,16,16,0,,0,custom_token(index) + overwrite_font_slots(),forbidden
codec,gcx,6,3620,0x8C,5,5,0,,0,custom_token(index) + overwrite_font_slots(),forbidden
codec,gcx,7,4176,0x8C,0,0,0,,0,custom_token(index) + overwrite_font_slots(),forbidden
codec,gcx,8,4292,0x8C,2,2,0,,0,custom_token(index) + overwrite_font_slots(),forbidden
codec,gcx,9,4764,0x8C,21,21,0,,0,custom_token(index) + overwrite_font_slots(),forbidden
codec,gcx,10,6540,0x8C,0,0,0,,0,custom_token(index) + overwrite_font_slots(),forbidden
codec,gcx,11,6708,0x8C,2,2,0,,0,custom_token(index) + overwrite_font_slots(),forbidden
codec,gcx,12,6980,0x8C,2,2,0,,0,custom_token(index) + overwrite_font_slots(),forbidden
codec,gcx,13,22152,0x8C,0,0,0,,0,custom_token(index) + overwrite_font_slots(),forbidden
codec,gcx,14,32164,0x8C,2,2,0,,0,custom_token(index) + overwrite_font_slots(),forbidden
codec,gcx,15,35156,0x8C,33,33,0,,0,custom_token(index) + overwrite_font_slots(),forbidden
codec,gcx,16,44372,0x8C,22,22,0,,0,custom_token(index) + overwrite_font_slots(),forbidden
codec,gcx,17,54468,0x8C,21,21,0,,0,custom_token(index) + overwrite_font_slots(),forbidden
codec,gcx,18,62236,0x8C,0,0,0,,0,custom_token(index) + overwrite_font_slots(),forbidden
codec,gcx,19,67008,0x8C,0,0,0,,0,custom_token(index) + overwrite_font_slots(),forbidden
codec,gcx,20,71932,0x8C,7,7,0,,0,custom_token(index) + overwrite_font_slots(),forbidden
codec,gcx,21,77108,0x8C,0,0,0,,0,custom_token(index) + overwrite_font_slots(),forbidden
codec,gcx,22,82376,0x8C,18,18,0,,0,custom_token(index) + overwrite_font_slots(),forbidden
codec,gcx,23,89504,0x8C,10,10,0,,0,custom_token(index) + overwrite_font_slots(),forbidden
codec,gcx,24,95120,0x8C,0,0,0,,0,custom_token(index) + overwrite_font_slots(),forbidden
codec,gcx,25,101876,0x8C,19,19,0,,0,custom_token(index) + overwrite_font_slots(),forbidden
codec,gcx,26,109012,0x8C,4,4,0,,0,custom_token(index) + overwrite_font_slots(),forbidden
codec,gcx,27,114840,0x8C,7,7,0,,0,custom_token(index) + overwrite_font_slots(),forbidden
codec,gcx,28,122236,0x8C,48,48,0,,0,custom_token(index) + overwrite_font_slots(),forbidden
codec,gcx,29,131244,0x8C,0,0,0,,0,custom_token(index) + overwrite_font_slots(),forbidden
codec,gcx,30,134904,0x8C,0,0,0,,0,custom_token(index) + overwrite_font_slots(),forbidden
codec,gcx,31,141452,0x8C,0,0,0,,0,custom_token(index) + overwrite_font_slots(),forbidden
codec,gcx,32,150888,0x8C,199,199,0,,0,custom_token(index) + overwrite_font_slots(),forbidden
codec,gcx,33,174248,0x8C,0,0,0,,0,custom_token(index) + overwrite_font_slots(),forbidden
codec,gcx,34,180676,0x8C,0,0,0,,0,custom_token(index) + overwrite_font_slots(),forbidden
codec,gcx,35,184368,0x8C,8,8,0,,0,custom_token(index) + overwrite_font_slots(),forbidden
codec,gcx,36,188040,0x8C,0,0,0,,0,custom_token(index) + overwrite_font_slots(),forbidden
codec,gcx,37,191536,0x8C,0,0,0,,0,custom_token(index) + overwrite_font_slots(),forbidden
codec,gcx,38,195988,0x8C,3,3,0,,0,custom_token(index) + overwrite_font_slots(),forbidden
codec,gcx,39,201808,0x8C,4,4,0,,0,custom_token(index) + overwrite_font_slots(),forbidden
codec,gcx,40,207060,0x8C,0,0,0,,0,custom_token(index) + overwrite_font_slots(),forbidden
codec,gcx,41,212052,0x8C,2,2,0,,0,custom_token(index) + overwrite_font_slots(),forbidden
codec,gcx,42,217084,0x8C,0,0,0,,0,custom_token(index) + overwrite_font_slots(),forbidden
codec,gcx,43,221640,0x8C,0,0,0,,0,custom_token(index) + overwrite_font_slots(),forbidden
codec,gcx,44,226120,0x8C,0,0,0,,0,custom_token(index) + overwrite_font_slots(),forbidden
codec,gcx,45,230648,0x8C,0,0,0,,0,custom_token(index) + overwrite_font_slots(),forbidden
codec,gcx,46,235476,0x8C,3,3,0,,0,custom_token(index) + overwrite_font_slots(),forbidden
codec,gcx,47,241412,0x8C,17,17,0,,0,custom_token(index) + overwrite_font_slots(),forbidden
codec,gcx,48,249788,0x8C,13,13,0,,0,custom_token(index) + overwrite_font_slots(),forbidden
codec,gcx,49,257112,0x8C,29,29,0,,0,custom_token(index) + overwrite_font_slots(),forbidden
codec,gcx,50,263600,0x8C,0,0,0,,0,custom_token(index) + overwrite_font_slots(),forbidden
codec,gcx,51,270228,0x8C,7,7,0,,0,custom_token(index) + overwrite_font_slots(),forbidden
codec,gcx,52,280060,0x8C,14,11,3,0|1|2,192,custom_token(index) + overwrite_font_slots(),forbidden
codec,gcx,53,291852,0x8C,24,19,5,5|6|7|8|14,320,custom_token(index) + overwrite_font_slots(),forbidden
codec,gcx,54,327988,0x8C,99,93,6,43|44|47|48|49|61,384,custom_token(index) + overwrite_font_slots(),forbidden
codec,gcx,55,354684,0x8C,0,0,0,,0,custom_token(index) + overwrite_font_slots(),forbidden
codec,gcx,56,361880,0x8C,7,7,0,,0,custom_token(index) + overwrite_font_slots(),forbidden
codec,gcx,57,367524,0x8C,0,0,0,,0,custom_token(index) + overwrite_font_slots(),forbidden
codec,gcx,58,373164,0x8C,10,10,0,,0,custom_token(index) + overwrite_font_slots(),forbidden
codec,gcx,59,380612,0x8C,13,11,2,0|12,128,custom_token(index) + overwrite_font_slots(),forbidden
codec,gcx,60,392196,0x8C,17,17,0,,0,custom_token(index) + overwrite_font_slots(),forbidden
codec,gcx,61,400176,0x8C,0,0,0,,0,custom_token(index) + overwrite_font_slots(),forbidden
codec,gcx,62,404836,0x8C,0,0,0,,0,custom_token(index) + overwrite_font_slots(),forbidden
codec,gcx,63,409848,0x8C,0,0,0,,0,custom_token(index) + overwrite_font_slots(),forbidden
codec,gcx,64,414924,0x8C,0,0,0,,0,custom_token(index) + overwrite_font_slots(),forbidden
codec,gcx,65,419480,0x8C,0,0,0,,0,custom_token(index) + overwrite_font_slots(),forbidden
codec,gcx,66,424160,0x8C,0,0,0,,0,custom_token(index) + overwrite_font_slots(),forbidden
codec,gcx,67,429528,0x8C,4,4,0,,0,custom_token(index) + overwrite_font_slots(),forbidden
codec,gcx,68,435688,0x8C,0,0,0,,0,custom_token(index) + overwrite_font_slots(),forbidden
codec,gcx,69,440564,0x8C,0,0,0,,0,custom_token(index) + overwrite_font_slots(),forbidden
codec,gcx,70,445240,0x8C,0,0,0,,0,custom_token(index) + overwrite_font_slots(),forbidden
codec,gcx,71,450220,0x8C,5,5,0,,0,custom_token(index) + overwrite_font_slots(),forbidden
codec,gcx,72,455352,0x8C,0,0,0,,0,custom_token(index) + overwrite_font_slots(),forbidden
codec,gcx,73,459856,0x8C,0,0,0,,0,custom_token(index) + overwrite_font_slots(),forbidden
codec,gcx,74,465168,0x8C,0,0,0,,0,custom_token(index) + overwrite_font_slots(),forbidden
codec,gcx,75,469812,0x8C,0,0,0,,0,custom_token(index) + overwrite_font_slots(),forbidden
codec,gcx,76,474724,0x8C,0,0,0,,0,custom_token(index) + overwrite_font_slots(),forbidden
codec,gcx,77,479548,0x8C,0,0,0,,0,custom_token(index) + overwrite_font_slots(),forbidden
codec,gcx,78,484564,0x8C,0,0,0,,0,custom_token(index) + overwrite_font_slots(),forbidden
codec,gcx,79,489248,0x8C,0,0,0,,0,custom_token(index) + overwrite_font_slots(),forbidden
codec,gcx,80,493872,0x8C,0,0,0,,0,custom_token(index) + overwrite_font_slots(),forbidden
codec,gcx,81,499076,0x8C,0,0,0,,0,custom_token(index) + overwrite_font_slots(),forbidden
codec,gcx,82,504176,0x8C,0,0,0,,0,custom_token(index) + overwrite_font_slots(),forbidden
codec,gcx,83,509228,0x8C,5,5,0,,0,custom_token(index) + overwrite_font_slots(),forbidden
codec,gcx,84,515004,0x8C,0,0,0,,0,custom_token(index) + overwrite_font_slots(),forbidden
codec,gcx,85,519936,0x8C,0,0,0,,0,custom_token(index) + overwrite_font_slots(),forbidden
codec,gcx,86,524948,0x8C,0,0,0,,0,custom_token(index) + overwrite_font_slots(),forbidden
codec,gcx,87,529568,0x8C,0,0,0,,0,custom_token(index) + overwrite_font_slots(),forbidden
codec,gcx,88,534020,0x8C,0,0,0,,0,custom_token(index) + overwrite_font_slots(),forbidden
codec,gcx,89,539524,0x8C,0,0,0,,0,custom_token(index) + overwrite_font_slots(),forbidden
codec,gcx,90,544544,0x8C,0,0,0,,0,custom_token(index) + overwrite_font_slots(),forbidden
codec,gcx,91,549116,0x8C,0,0,0,,0,custom_token(index) + overwrite_font_slots(),forbidden
codec,gcx,92,553840,0x8C,5,5,0,,0,custom_token(index) + overwrite_font_slots(),forbidden
codec,gcx,93,559316,0x8C,0,0,0,,0,custom_token(index) + overwrite_font_slots(),forbidden
codec,gcx,94,564228,0x8C,0,0,0,,0,custom_token(index) + overwrite_font_slots(),forbidden
codec,gcx,95,571044,0x8C,2,2,0,,0,custom_token(index) + overwrite_font_slots(),forbidden
codec,gcx,96,575124,0x8C,6,6,0,,0,custom_token(index) + overwrite_font_slots(),forbidden
codec,gcx,97,579108,0x8C,0,0,0,,0,custom_token(index) + overwrite_font_slots(),forbidden
codec,gcx,98,583172,0x8C,0,0,0,,0,custom_token(index) + overwrite_font_slots(),forbidden
codec,gcx,99,587136,0x8C,0,0,0,,0,custom_token(index) + overwrite_font_slots(),forbidden
codec,gcx,100,592016,0x8C,0,0,0,,0,custom_token(index) + overwrite_font_slots(),forbidden
codec,gcx,101,596844,0x8C,0,0,0,,0,custom_token(index) + overwrite_font_slots(),forbidden
codec,gcx,102,601560,0x8C,0,0,0,,0,custom_token(index) + overwrite_font_slots(),forbidden
codec,gcx,103,606152,0x8C,0,0,0,,0,custom_token(index) + overwrite_font_slots(),forbidden
codec,gcx,104,610784,0x8C,0,0,0,,0,custom_token(index) + overwrite_font_slots(),forbidden
codec,gcx,105,615516,0x8C,0,0,0,,0,custom_token(index) + overwrite_font_slots(),forbidden
codec,gcx,106,620200,0x8C,0,0,0,,0,custom_token(index) + overwrite_font_slots(),forbidden
codec,gcx,107,624988,0x8C,0,0,0,,0,custom_token(index) + overwrite_font_slots(),forbidden
codec,gcx,108,629584,0x8C,0,0,0,,0,custom_token(index) + overwrite_font_slots(),forbidden
codec,gcx,109,634820,0x8C,0,0,0,,0,custom_token(index) + overwrite_font_slots(),forbidden
codec,gcx,110,640192,0x8C,0,0,0,,0,custom_token(index) + overwrite_font_slots(),forbidden
codec,gcx,111,645960,0x8C,0,0,0,,0,custom_token(index) + overwrite_font_slots(),forbidden
codec,gcx,112,651340,0x8C,0,0,0,,0,custom_token(index) + overwrite_font_slots(),forbidden
codec,gcx,113,656572,0x8C,0,0,0,,0,custom_token(index) + overwrite_font_slots(),forbidden
codec,gcx,114,661932,0x8C,8,8,0,,0,custom_token(index) + overwrite_font_slots(),forbidden
codec,gcx,115,667556,0x8C,0,0,0,,0,custom_token(index) + overwrite_font_slots(),forbidden
codec,gcx,116,672684,0x8C,0,0,0,,0,custom_token(index) + overwrite_font_slots(),forbidden
codec,gcx,117,678164,0x8C,0,0,0,,0,custom_token(index) + overwrite_font_slots(),forbidden
codec,gcx,118,683176,0x8C,0,0,0,,0,custom_token(index) + overwrite_font_slots(),forbidden
codec,gcx,119,690604,0x8C,14,14,0,,0,custom_token(index) + overwrite_font_slots(),forbidden
codec,gcx,120,699332,0x8C,2,2,0,,0,custom_token(index) + overwrite_font_slots(),forbidden
codec,gcx,121,704392,0x8C,7,7,0,,0,custom_token(index) + overwrite_font_slots(),forbidden
codec,gcx,122,709064,0x8C,7,7,0,,0,custom_token(index) + overwrite_font_slots(),forbidden
codec,gcx,123,714280,0x8C,0,0,0,,0,custom_token(index) + overwrite_font_slots(),forbidden
codec,gcx,124,719220,0x8C,0,0,0,,0,custom_token(index) + overwrite_font_slots(),forbidden
codec,gcx,125,724108,0x8C,12,12,0,,0,custom_token(index) + overwrite_font_slots(),forbidden
codec,gcx,126,730152,0x8C,14,14,0,,0,custom_token(index) + overwrite_font_slots(),forbidden
codec,gcx,127,733728,0x8C,0,0,0,,0,custom_token(index) + overwrite_font_slots(),forbidden
codec,gcx,128,738508,0x8C,0,0,0,,0,custom_token(index) + overwrite_font_slots(),forbidden
codec,gcx,129,743524,0x8C,8,8,0,,0,custom_token(index) + overwrite_font_slots(),forbidden
codec,gcx,130,748916,0x8C,0,0,0,,0,custom_token(index) + overwrite_font_slots(),forbidden
codec,gcx,131,757676,0x8C,17,17,0,,0,custom_token(index) + overwrite_font_slots(),forbidden
codec,gcx,132,765920,0x8C,0,0,0,,0,custom_token(index) + overwrite_font_slots(),forbidden
codec,gcx,133,772260,0x8C,42,42,0,,0,custom_token(index) + overwrite_font_slots(),forbidden
codec,gcx,134,781040,0x8C,0,0,0,,0,custom_token(index) + overwrite_font_slots(),forbidden
codec,gcx,135,786192,0x8C,0,0,0,,0,custom_token(index) + overwrite_font_slots(),forbidden
codec,gcx,136,791576,0x8C,5,5,0,,0,custom_token(index) + overwrite_font_slots(),forbidden
codec,gcx,137,797368,0x8C,0,0,0,,0,custom_token(index) + overwrite_font_slots(),forbidden
codec,gcx,138,802280,0x8C,0,0,0,,0,custom_token(index) + overwrite_font_slots(),forbidden
codec,gcx,139,807244,0x8C,12,12,0,,0,custom_token(index) + overwrite_font_slots(),forbidden
codec,gcx,140,813484,0x8C,0,0,0,,0,custom_token(index) + overwrite_font_slots(),forbidden
codec,gcx,141,818748,0x8C,0,0,0,,0,custom_token(index) + overwrite_font_slots(),forbidden
codec,gcx,142,824816,0x8C,0,0,0,,0,custom_token(index) + overwrite_font_slots(),forbidden
codec,gcx,143,830388,0x8C,6,6,0,,0,custom_token(index) + overwrite_font_slots(),forbidden
codec,gcx,144,835824,0x8C,4,4,0,,0,custom_token(index) + overwrite_font_slots(),forbidden
codec,gcx,145,841400,0x8C,7,7,0,,0,custom_token(index) + overwrite_font_slots(),forbidden
codec,gcx,146,847192,0x8C,0,0,0,,0,custom_token(index) + overwrite_font_slots(),forbidden
codec,gcx,147,852292,0x8C,4,4,0,,0,custom_token(index) + overwrite_font_slots(),forbidden
codec,gcx,148,858160,0x8C,10,10,0,,0,custom_token(index) + overwrite_font_slots(),forbidden
codec,gcx,149,863996,0x8C,17,17,0,,0,custom_token(index) + overwrite_font_slots(),forbidden
codec,gcx,150,870280,0x8C,6,6,0,,0,custom_token(index) + overwrite_font_slots(),forbidden
codec,gcx,151,876008,0x8C,0,0,0,,0,custom_token(index) + overwrite_font_slots(),forbidden
codec,gcx,152,881104,0x8C,19,19,0,,0,custom_token(index) + overwrite_font_slots(),forbidden
codec,gcx,153,887876,0x8C,8,8,0,,0,custom_token(index) + overwrite_font_slots(),forbidden
codec,gcx,154,893796,0x8C,0,0,0,,0,custom_token(index) + overwrite_font_slots(),forbidden
codec,gcx,155,898968,0x8C,5,5,0,,0,custom_token(index) + overwrite_font_slots(),forbidden
codec,gcx,156,904352,0x8C,9,9,0,,0,custom_token(index) + overwrite_font_slots(),forbidden
codec,gcx,157,909968,0x8C,8,8,0,,0,custom_token(index) + overwrite_font_slots(),forbidden
codec,gcx,158,916136,0x8C,4,4,0,,0,custom_token(index) + overwrite_font_slots(),forbidden
codec,gcx,159,919168,0x8C,0,0,0,,0,custom_token(index) + overwrite_font_slots(),forbidden
codec,gcx,160,920656,0x8C,0,0,0,,0,custom_token(index) + overwrite_font_slots(),forbidden
codec,gcx,161,924988,0x8C,21,21,0,,0,custom_token(index) + overwrite_font_slots(),forbidden
codec,gcx,162,931396,0x8C,0,0,0,,0,custom_token(index) + overwrite_font_slots(),forbidden
codec,gcx,163,936364,0x8C,0,0,0,,0,custom_token(index) + overwrite_font_slots(),forbidden
codec,gcx,164,941272,0x8C,12,12,0,,0,custom_token(index) + overwrite_font_slots(),forbidden
codec,gcx,165,947560,0x8C,0,0,0,,0,custom_token(index) + overwrite_font_slots(),forbidden
codec,gcx,166,949984,0x8C,0,0,0,,0,custom_token(index) + overwrite_font_slots(),forbidden
codec,gcx,167,953940,0x8C,8,8,0,,0,custom_token(index) + overwrite_font_slots(),forbidden
codec,gcx,168,959500,0x8C,15,15,0,,0,custom_token(index) + overwrite_font_slots(),forbidden
codec,gcx,169,965704,0x8C,11,11,0,,0,custom_token(index) + overwrite_font_slots(),forbidden
codec,gcx,170,972316,0x8C,0,0,0,,0,custom_token(index) + overwrite_font_slots(),forbidden
codec,gcx,171,978176,0x8C,15,15,0,,0,custom_token(index) + overwrite_font_slots(),forbidden
codec,gcx,172,985940,0x8C,0,0,0,,0,custom_token(index) + overwrite_font_slots(),forbidden
codec,gcx,173,991624,0x8C,0,0,0,,0,custom_token(index) + overwrite_font_slots(),forbidden
codec,gcx,174,996396,0x8C,0,0,0,,0,custom_token(index) + overwrite_font_slots(),forbidden
codec,gcx,175,1001568,0x8C,18,18,0,,0,custom_token(index) + overwrite_font_slots(),forbidden
codec,gcx,176,1008420,0x8C,0,0,0,,0,custom_token(index) + overwrite_font_slots(),forbidden
codec,gcx,177,1013420,0x8C,0,0,0,,0,custom_token(index) + overwrite_font_slots(),forbidden
codec,gcx,178,1017688,0x8C,0,0,0,,0,custom_token(index) + overwrite_font_slots(),forbidden
codec,gcx,179,1021672,0x8C,10,10,0,,0,custom_token(index) + overwrite_font_slots(),forbidden
codec,gcx,180,1026300,0x8C,5,5,0,,0,custom_token(index) + overwrite_font_slots(),forbidden
codec,gcx,181,1030440,0x8C,0,0,0,,0,custom_token(index) + overwrite_font_slots(),forbidden
codec,gcx,182,1036896,0x8C,3,3,0,,0,custom_token(index) + overwrite_font_slots(),forbidden
codec,gcx,183,1042612,0x8C,0,0,0,,0,custom_token(index) + overwrite_font_slots(),forbidden
codec,gcx,184,1047280,0x8C,0,0,0,,0,custom_token(index) + overwrite_font_slots(),forbidden
codec,gcx,185,1051884,0x8C,0,0,0,,0,custom_token(index) + overwrite_font_slots(),forbidden
codec,gcx,186,1056968,0x8C,14,14,0,,0,custom_token(index) + overwrite_font_slots(),forbidden
codec,gcx,187,1064264,0x8C,9,9,0,,0,custom_token(index) + overwrite_font_slots(),forbidden
codec,gcx,188,1070236,0x8C,0,0,0,,0,custom_token(index) + overwrite_font_slots(),forbidden
codec,gcx,189,1075724,0x8C,9,9,0,,0,custom_token(index) + overwrite_font_slots(),forbidden
codec,gcx,190,1081412,0x8C,12,12,0,,0,custom_token(index) + overwrite_font_slots(),forbidden
codec,gcx,191,1087052,0x8C,0,0,0,,0,custom_token(index) + overwrite_font_slots(),forbidden
codec,gcx,192,1092004,0x8C,0,0,0,,0,custom_token(index) + overwrite_font_slots(),forbidden
codec,gcx,193,1095116,0x8C,8,8,0,,0,custom_token(index) + overwrite_font_slots(),forbidden
codec,gcx,194,1098572,0x8C,0,0,0,,0,custom_token(index) + overwrite_font_slots(),forbidden
codec,gcx,195,1101244,0x8C,0,0,0,,0,custom_token(index) + overwrite_font_slots(),forbidden
codec,gcx,196,1105512,0x8C,0,0,0,,0,custom_token(index) + overwrite_font_slots(),forbidden
codec,gcx,197,1108744,0x8C,0,0,0,,0,custom_token(index) + overwrite_font_slots(),forbidden
codec,gcx,198,1111656,0x8C,12,12,0,,0,custom_token(index) + overwrite_font_slots(),forbidden
codec,gcx,199,1115648,0x8C,0,0,0,,0,custom_token(index) + overwrite_font_slots(),forbidden
codec,gcx,200,1118788,0x8C,20,20,0,,0,custom_token(index) + overwrite_font_slots(),forbidden
codec,gcx,201,1125092,0x8C,0,0,0,,0,custom_token(index) + overwrite_font_slots(),forbidden
codec,gcx,202,1128956,0x8C,14,14,0,,0,custom_token(index) + overwrite_font_slots(),forbidden
codec,gcx,203,1135368,0x8C,0,0,0,,0,custom_token(index) + overwrite_font_slots(),forbidden
codec,gcx,204,1139148,0x8C,0,0,0,,0,custom_token(index) + overwrite_font_slots(),forbidden
codec,gcx,205,1141916,0x8C,0,0,0,,0,custom_token(index) + overwrite_font_slots(),forbidden
codec,gcx,206,1146564,0x8C,0,0,0,,0,custom_token(index) + overwrite_font_slots(),forbidden
codec,gcx,207,1148944,0x8C,0,0,0,,0,custom_token(index) + overwrite_font_slots(),forbidden
codec,gcx,208,1153292,0x8C,0,0,0,,0,custom_token(index) + overwrite_font_slots(),forbidden
codec,gcx,209,1155728,0x8C,0,0,0,,0,custom_token(index) + overwrite_font_slots(),forbidden
codec,gcx,210,1160132,0x8C,8,8,0,,0,custom_token(index) + overwrite_font_slots(),forbidden
codec,gcx,211,1163988,0x8C,0,0,0,,0,custom_token(index) + overwrite_font_slots(),forbidden
codec,gcx,212,1167212,0x8C,6,6,0,,0,custom_token(index) + overwrite_font_slots(),forbidden
codec,gcx,213,1170864,0x8C,0,0,0,,0,custom_token(index) + overwrite_font_slots(),forbidden
codec,gcx,214,1175628,0x8C,0,0,0,,0,custom_token(index) + overwrite_font_slots(),forbidden
codec,gcx,215,1180380,0x8C,0,0,0,,0,custom_token(index) + overwrite_font_slots(),forbidden
codec,gcx,216,1183668,0x8C,0,0,0,,0,custom_token(index) + overwrite_font_slots(),forbidden
codec,gcx,217,1188420,0x8C,6,6,0,,0,custom_token(index) + overwrite_font_slots(),forbidden
codec,gcx,218,1192752,0x8C,14,14,0,,0,custom_token(index) + overwrite_font_slots(),forbidden
codec,gcx,219,1197276,0x8C,0,0,0,,0,custom_token(index) + overwrite_font_slots(),forbidden
codec,gcx,220,1200432,0x8C,0,0,0,,0,custom_token(index) + overwrite_font_slots(),forbidden
codec,gcx,221,1203268,0x8C,0,0,0,,0,custom_token(index) + overwrite_font_slots(),forbidden
codec,gcx,222,1207636,0x8C,0,0,0,,0,custom_token(index) + overwrite_font_slots(),forbidden
codec,gcx,223,1210776,0x8C,0,0,0,,0,custom_token(index) + overwrite_font_slots(),forbidden
codec,gcx,224,1213768,0x8C,3,3,0,,0,custom_token(index) + overwrite_font_slots(),forbidden
codec,gcx,225,1217812,0x8C,14,14,0,,0,custom_token(index) + overwrite_font_slots(),forbidden
codec,gcx,226,1222104,0x8C,0,0,0,,0,custom_token(index) + overwrite_font_slots(),forbidden
codec,gcx,227,1227552,0x8C,9,9,0,,0,custom_token(index) + overwrite_font_slots(),forbidden
codec,gcx,228,1234288,0x8C,0,0,0,,0,custom_token(index) + overwrite_font_slots(),forbidden
codec,gcx,229,1237492,0x8C,0,0,0,,0,custom_token(index) + overwrite_font_slots(),forbidden
codec,gcx,230,1241112,0x8C,7,7,0,,0,custom_token(index) + overwrite_font_slots(),forbidden
codec,gcx,231,1244992,0x8C,16,16,0,,0,custom_token(index) + overwrite_font_slots(),forbidden
codec,gcx,232,1250804,0x8C,0,0,0,,0,custom_token(index) + overwrite_font_slots(),forbidden
codec,gcx,233,1255840,0x8C,11,11,0,,0,custom_token(index) + overwrite_font_slots(),forbidden
codec,gcx,234,1263948,0x8C,13,13,0,,0,custom_token(index) + overwrite_font_slots(),forbidden
codec,gcx,235,1271800,0x8C,9,9,0,,0,custom_token(index) + overwrite_font_slots(),forbidden
codec,gcx,236,1280108,0x8C,7,7,0,,0,custom_token(index) + overwrite_font_slots(),forbidden
codec,gcx,237,1287368,0x8C,20,20,0,,0,custom_token(index) + overwrite_font_slots(),forbidden
codec,gcx,238,1295260,0x8C,12,12,0,,0,custom_token(index) + overwrite_font_slots(),forbidden
codec,gcx,239,1303424,0x8C,48,48,0,,0,custom_token(index) + overwrite_font_slots(),forbidden
codec,gcx,240,1315340,0x8C,46,46,0,,0,custom_token(index) + overwrite_font_slots(),forbidden
codec,gcx,241,1330640,0x8C,37,37,0,,0,custom_token(index) + overwrite_font_slots(),forbidden
codec,gcx,242,1338244,0x8C,0,0,0,,0,custom_token(index) + overwrite_font_slots(),forbidden
codec,gcx,243,1519744,0x8C,586,567,19,567|568|569|570|571|572|573|574|575|576|577|578|579|580|581|582|583|584|585,1216,custom_token(index) + overwrite_font_slots(),forbidden
codec,gcx,244,1640728,0x8C,0,0,0,,0,custom_token(index) + overwrite_font_slots(),forbidden
codec,gcx,245,1857964,0x8C,33,26,7,0|9|10|11|29|30|31,448,custom_token(index) + overwrite_font_slots(),forbidden
codec,gcx,246,1948292,0x8C,0,0,0,,0,custom_token(index) + overwrite_font_slots(),forbidden
codec,gcx,247,1955092,0x8C,0,0,0,,0,custom_token(index) + overwrite_font_slots(),forbidden
codec,gcx,248,2174444,0x8C,33,26,7,0|9|10|11|29|30|31,448,custom_token(index) + overwrite_font_slots(),forbidden
codec,gcx,249,2477580,0x8C,33,25,8,25|26|27|28|29|30|31|32,512,custom_token(index) + overwrite_font_slots(),forbidden
codec,gcx,250,2779440,0x8C,33,26,7,0|9|10|11|29|30|31,448,custom_token(index) + overwrite_font_slots(),forbidden
codec,gcx,251,2865092,0x8C,0,0,0,,0,custom_token(index) + overwrite_font_slots(),forbidden
codec,gcx,252,3080624,0x8C,33,26,7,0|9|10|11|29|30|31,448,custom_token(index) + overwrite_font_slots(),forbidden
codec,gcx,253,3387916,0x8C,33,26,7,0|9|10|11|29|30|31,448,custom_token(index) + overwrite_font_slots(),forbidden
codec,gcx,254,3692764,0x8C,33,26,7,0|9|10|11|29|30|31,448,custom_token(index) + overwrite_font_slots(),forbidden
codec,gcx,255,3993904,0x8C,33,26,7,0|9|10|11|29|30|31,448,custom_token(index) + overwrite_font_slots(),forbidden
codec,gcx,256,4299424,0x8C,38,26,12,15|16|28|29|30|31|32|33|34|35|36|37,768,custom_token(index) + overwrite_font_slots(),forbidden
codec,gcx,257,4391580,0x8C,5,5,0,,0,custom_token(index) + overwrite_font_slots(),forbidden
codec,gcx,258,4398780,0x8C,0,0,0,,0,custom_token(index) + overwrite_font_slots(),forbidden
codec,gcx,259,4617716,0x8C,33,26,7,0|9|10|11|29|30|31,448,custom_token(index) + overwrite_font_slots(),forbidden
codec,gcx,260,4919460,0x8C,33,26,7,0|9|10|11|29|30|31,448,custom_token(index) + overwrite_font_slots(),forbidden
codec,gcx,261,5217740,0x8C,108,108,0,,0,custom_token(index) + overwrite_font_slots(),forbidden
codec,gcx,262,5524788,0x8C,33,26,7,0|9|10|11|29|30|31,448,custom_token(index) + overwrite_font_slots(),forbidden
codec,gcx,263,5826548,0x8C,33,26,7,0|9|10|11|29|30|31,448,custom_token(index) + overwrite_font_slots(),forbidden
codec,gcx,264,5918144,0x8C,4,4,0,,0,custom_token(index) + overwrite_font_slots(),forbidden
codec,gcx,265,6137712,0x8C,33,26,7,0|9|10|11|29|30|31,448,custom_token(index) + overwrite_font_slots(),forbidden
codec,gcx,266,6442336,0x8C,33,26,7,0|9|10|11|29|30|31,448,custom_token(index) + overwrite_font_slots(),forbidden
codec,gcx,267,6746208,0x8C,33,26,7,0|9|10|11|29|30|31,448,custom_token(index) + overwrite_font_slots(),forbidden
codec,gcx,268,7048016,0x8C,33,26,7,0|9|10|11|29|30|31,448,custom_token(index) + overwrite_font_slots(),forbidden
codec,gcx,269,7136712,0x8C,6,6,0,,0,custom_token(index) + overwrite_font_slots(),forbidden
codec,gcx,270,7352408,0x8C,131,131,0,,0,custom_token(index) + overwrite_font_slots(),forbidden
codec,gcx,271,7446748,0x8C,0,0,0,,0,custom_token(index) + overwrite_font_slots(),forbidden
codec,gcx,272,7450332,0x8C,0,0,0,,0,custom_token(index) + overwrite_font_slots(),forbidden
codec,gcx,273,7453708,0x8C,0,0,0,,0,custom_token(index) + overwrite_font_slots(),forbidden
codec,gcx,274,7457276,0x8C,21,21,0,,0,custom_token(index) + overwrite_font_slots(),forbidden
codec,gcx,275,7464108,0x8C,44,44,0,,0,custom_token(index) + overwrite_font_slots(),forbidden
codec,gcx,276,7472020,0x8C,9,9,0,,0,custom_token(index) + overwrite_font_slots(),forbidden
codec,gcx,277,7475656,0x8C,0,0,0,,0,custom_token(index) + overwrite_font_slots(),forbidden
codec,gcx,278,7479240,0x8C,0,0,0,,0,custom_token(index) + overwrite_font_slots(),forbidden
codec,gcx,279,7481944,0x8C,0,0,0,,0,custom_token(index) + overwrite_font_slots(),forbidden
codec,gcx,280,7485656,0x8C,0,0,0,,0,custom_token(index) + overwrite_font_slots(),forbidden
codec,gcx,281,7488420,0x8C,0,0,0,,0,custom_token(index) + overwrite_font_slots(),forbidden
codec,gcx,282,7492304,0x8C,0,0,0,,0,custom_token(index) + overwrite_font_slots(),forbidden
codec,gcx,283,7495128,0x8C,0,0,0,,0,custom_token(index) + overwrite_font_slots(),forbidden
codec,gcx,284,7498364,0x8C,0,0,0,,0,custom_token(index) + overwrite_font_slots(),forbidden
codec,gcx,285,7501048,0x8C,0,0,0,,0,custom_token(index) + overwrite_font_slots(),forbidden
codec,gcx,286,7504304,0x8C,0,0,0,,0,custom_token(index) + overwrite_font_slots(),forbidden
codec,gcx,287,7506896,0x8C,0,0,0,,0,custom_token(index) + overwrite_font_slots(),forbidden
codec,gcx,288,7510472,0x8C,0,0,0,,0,custom_token(index) + overwrite_font_slots(),forbidden
codec,gcx,289,7513356,0x8C,0,0,0,,0,custom_token(index) + overwrite_font_slots(),forbidden
codec,gcx,290,7516440,0x8C,0,0,0,,0,custom_token(index) + overwrite_font_slots(),forbidden
codec,gcx,291,7521316,0x8C,13,13,0,,0,custom_token(index) + overwrite_font_slots(),forbidden
codec,gcx,292,7526672,0x8C,11,11,0,,0,custom_token(index) + overwrite_font_slots(),forbidden
codec,gcx,293,7531624,0x8C,39,39,0,,0,custom_token(index) + overwrite_font_slots(),forbidden
codec,gcx,294,7539084,0x8C,0,0,0,,0,custom_token(index) + overwrite_font_slots(),forbidden
codec,gcx,295,7543720,0x8C,17,17,0,,0,custom_token(index) + overwrite_font_slots(),forbidden
codec,gcx,296,7550024,0x8C,11,11,0,,0,custom_token(index) + overwrite_font_slots(),forbidden
codec,gcx,297,7555244,0x8C,44,44,0,,0,custom_token(index) + overwrite_font_slots(),forbidden
codec,gcx,298,7561928,0x8C,9,9,0,,0,custom_token(index) + overwrite_font_slots(),forbidden
codec,gcx,299,7566312,0x8C,0,0,0,,0,custom_token(index) + overwrite_font_slots(),forbidden
codec,gcx,300,7571976,0x8C,15,15,0,,0,custom_token(index) + overwrite_font_slots(),forbidden
codec,gcx,301,7578264,0x8C,9,9,0,,0,custom_token(index) + overwrite_font_slots(),forbidden
codec,gcx,302,7582896,0x8C,9,9,0,,0,custom_token(index) + overwrite_font_slots(),forbidden
codec,gcx,303,7587204,0x8C,12,12,0,,0,custom_token(index) + overwrite_font_slots(),forbidden
codec,gcx,304,7592616,0x8C,2,0,2,0|1,128,custom_token(index) + overwrite_font_slots(),forbidden
codec,gcx,305,7596092,0x8C,0,0,0,,0,custom_token(index) + overwrite_font_slots(),forbidden
codec,gcx,306,7599008,0x8C,0,0,0,,0,custom_token(index) + overwrite_font_slots(),forbidden
codec,gcx,307,7602036,0x8C,0,0,0,,0,custom_token(index) + overwrite_font_slots(),forbidden
codec,gcx,308,7606008,0x8C,0,0,0,,0,custom_token(index) + overwrite_font_slots(),forbidden
codec,gcx,309,7609744,0x8C,9,9,0,,0,custom_token(index) + overwrite_font_slots(),forbidden
codec,gcx,310,7613716,0x8C,0,0,0,,0,custom_token(index) + overwrite_font_slots(),forbidden
codec,gcx,311,7617048,0x8C,0,0,0,,0,custom_token(index) + overwrite_font_slots(),forbidden
codec,gcx,312,7620080,0x8C,0,0,0,,0,custom_token(index) + overwrite_font_slots(),forbidden
codec,gcx,313,7623272,0x8C,8,8,0,,0,custom_token(index) + overwrite_font_slots(),forbidden
codec,gcx,314,7627616,0x8C,8,8,0,,0,custom_token(index) + overwrite_font_slots(),forbidden
codec,gcx,315,7630892,0x8C,0,0,0,,0,custom_token(index) + overwrite_font_slots(),forbidden
codec,gcx,316,7634876,0x8C,0,0,0,,0,custom_token(index) + overwrite_font_slots(),forbidden
codec,gcx,317,7638296,0x8C,8,8,0,,0,custom_token(index) + overwrite_font_slots(),forbidden
codec,gcx,318,7642520,0x8C,16,16,0,,0,custom_token(index) + overwrite_font_slots(),forbidden
codec,gcx,319,7647064,0x8C,16,16,0,,0,custom_token(index) + overwrite_font_slots(),forbidden
codec,gcx,320,7651796,0x8C,0,0,0,,0,custom_token(index) + overwrite_font_slots(),forbidden
codec,gcx,321,7655352,0x8C,0,0,0,,0,custom_token(index) + overwrite_font_slots(),forbidden
codec,gcx,322,7659960,0x8C,0,0,0,,0,custom_token(index) + overwrite_font_slots(),forbidden
codec,gcx,323,7663856,0x8C,0,0,0,,0,custom_token(index) + overwrite_font_slots(),forbidden
codec,gcx,324,7666980,0x8C,11,11,0,,0,custom_token(index) + overwrite_font_slots(),forbidden
codec,gcx,325,7670796,0x8C,0,0,0,,0,custom_token(index) + overwrite_font_slots(),forbidden
codec,gcx,326,7674004,0x8C,9,9,0,,0,custom_token(index) + overwrite_font_slots(),forbidden
codec,gcx,327,7678668,0x8C,3,3,0,,0,custom_token(index) + overwrite_font_slots(),forbidden
codec,gcx,328,7683032,0x8C,24,24,0,,0,custom_token(index) + overwrite_font_slots(),forbidden
codec,gcx,329,7688972,0x8C,0,0,0,,0,custom_token(index) + overwrite_font_slots(),forbidden
codec,gcx,330,7691128,0x8C,0,0,0,,0,custom_token(index) + overwrite_font_slots(),forbidden
codec,gcx,331,7693988,0x8C,18,18,0,,0,custom_token(index) + overwrite_font_slots(),forbidden
codec,gcx,332,7699180,0x8C,8,8,0,,0,custom_token(index) + overwrite_font_slots(),forbidden
codec,gcx,333,7702780,0x8C,0,0,0,,0,custom_token(index) + overwrite_font_slots(),forbidden
codec,gcx,334,7705300,0x8C,0,0,0,,0,custom_token(index) + overwrite_font_slots(),forbidden
codec,gcx,335,7707740,0x8C,0,0,0,,0,custom_token(index) + overwrite_font_slots(),forbidden
codec,gcx,336,7711392,0x8C,23,23,0,,0,custom_token(index) + overwrite_font_slots(),forbidden
codec,gcx,337,7716428,0x8C,14,14,0,,0,custom_token(index) + overwrite_font_slots(),forbidden
codec,gcx,338,7721508,0x8C,8,8,0,,0,custom_token(index) + overwrite_font_slots(),forbidden
codec,gcx,339,7725516,0x8C,4,4,0,,0,custom_token(index) + overwrite_font_slots(),forbidden
codec,gcx,340,7729676,0x8C,0,0,0,,0,custom_token(index) + overwrite_font_slots(),forbidden
codec,gcx,341,7733924,0x8C,4,4,0,,0,custom_token(index) + overwrite_font_slots(),forbidden
codec,gcx,342,7737464,0x8C,7,7,0,,0,custom_token(index) + overwrite_font_slots(),forbidden
codec,gcx,343,7741176,0x8C,8,8,0,,0,custom_token(index) + overwrite_font_slots(),forbidden
codec,gcx,344,7745300,0x8C,11,11,0,,0,custom_token(index) + overwrite_font_slots(),forbidden
codec,gcx,345,7750528,0x8C,0,0,0,,0,custom_token(index) + overwrite_font_slots(),forbidden
codec,gcx,346,7754128,0x8C,7,7,0,,0,custom_token(index) + overwrite_font_slots(),forbidden
codec,gcx,347,7757580,0x8C,0,0,0,,0,custom_token(index) + overwrite_font_slots(),forbidden
codec,gcx,348,7760216,0x8C,9,9,0,,0,custom_token(index) + overwrite_font_slots(),forbidden
codec,gcx,349,7763424,0x8C,0,0,0,,0,custom_token(index) + overwrite_font_slots(),forbidden
codec,gcx,350,7766400,0x8C,0,0,0,,0,custom_token(index) + overwrite_font_slots(),forbidden
codec,gcx,351,7768948,0x8C,0,0,0,,0,custom_token(index) + overwrite_font_slots(),forbidden
codec,gcx,352,7771836,0x8C,0,0,0,,0,custom_token(index) + overwrite_font_slots(),forbidden
codec,gcx,353,7775132,0x8C,19,19,0,,0,custom_token(index) + overwrite_font_slots(),forbidden
codec,gcx,354,7779816,0x8C,6,6,0,,0,custom_token(index) + overwrite_font_slots(),forbidden
codec,gcx,355,7902268,0x8C,77,77,0,,0,custom_token(index) + overwrite_font_slots(),forbidden
codec,gcx,356,8078984,0x8C,20,15,5,3|4|7|8|9,320,custom_token(index) + overwrite_font_slots(),forbidden
codec,gcx,357,8128412,0x8C,0,0,0,,0,custom_token(index) + overwrite_font_slots(),forbidden
codec,gcx,358,8132044,0x8C,0,0,0,,0,custom_token(index) + overwrite_font_slots(),forbidden
codec,gcx,359,8135812,0x8C,0,0,0,,0,custom_token(index) + overwrite_font_slots(),forbidden
codec,gcx,360,8139660,0x8C,0,0,0,,0,custom_token(index) + overwrite_font_slots(),forbidden
codec,gcx,361,8143624,0x8C,0,0,0,,0,custom_token(index) + overwrite_font_slots(),forbidden
codec,gcx,362,8147388,0x8C,0,0,0,,0,custom_token(index) + overwrite_font_slots(),forbidden
codec,gcx,363,8151148,0x8C,0,0,0,,0,custom_token(index) + overwrite_font_slots(),forbidden
codec,gcx,364,8154912,0x8C,0,0,0,,0,custom_token(index) + overwrite_font_slots(),forbidden
codec,gcx,365,8159536,0x8C,14,14,0,,0,custom_token(index) + overwrite_font_slots(),forbidden
codec,gcx,366,8165032,0x8C,0,0,0,,0,custom_token(index) + overwrite_font_slots(),forbidden
codec,gcx,367,8169672,0x8C,0,0,0,,0,custom_token(index) + overwrite_font_slots(),forbidden
codec,gcx,368,8174216,0x8C,0,0,0,,0,custom_token(index) + overwrite_font_slots(),forbidden
codec,gcx,369,8178252,0x8C,0,0,0,,0,custom_token(index) + overwrite_font_slots(),forbidden
codec,gcx,370,8182004,0x8C,0,0,0,,0,custom_token(index) + overwrite_font_slots(),forbidden
codec,gcx,371,8186516,0x8C,0,0,0,,0,custom_token(index) + overwrite_font_slots(),forbidden
codec,gcx,372,8190816,0x8C,0,0,0,,0,custom_token(index) + overwrite_font_slots(),forbidden
codec,gcx,373,8195056,0x8C,0,0,0,,0,custom_token(index) + overwrite_font_slots(),forbidden
codec,gcx,374,8199908,0x8C,1,1,0,,0,custom_token(index) + overwrite_font_slots(),forbidden
codec,gcx,375,8204232,0x8C,0,0,0,,0,custom_token(index) + overwrite_font_slots(),forbidden
codec,gcx,376,8207976,0x8C,0,0,0,,0,custom_token(index) + overwrite_font_slots(),forbidden
codec,gcx,377,8211812,0x8C,0,0,0,,0,custom_token(index) + overwrite_font_slots(),forbidden
codec,gcx,378,8215572,0x8C,0,0,0,,0,custom_token(index) + overwrite_font_slots(),forbidden
codec,gcx,379,8219740,0x8C,0,0,0,,0,custom_token(index) + overwrite_font_slots(),forbidden
codec,gcx,380,8223932,0x8C,0,0,0,,0,custom_token(index) + overwrite_font_slots(),forbidden
codec,gcx,381,8228184,0x8C,3,3,0,,0,custom_token(index) + overwrite_font_slots(),forbidden
codec,gcx,382,8232892,0x8C,6,6,0,,0,custom_token(index) + overwrite_font_slots(),forbidden
codec,gcx,383,8237388,0x8C,0,0,0,,0,custom_token(index) + overwrite_font_slots(),forbidden
codec,gcx,384,8241112,0x8C,0,0,0,,0,custom_token(index) + overwrite_font_slots(),forbidden
codec,gcx,385,8245728,0x8C,0,0,0,,0,custom_token(index) + overwrite_font_slots(),forbidden
codec,gcx,386,8249852,0x8C,0,0,0,,0,custom_token(index) + overwrite_font_slots(),forbidden
codec,gcx,387,8254060,0x8C,1,1,0,,0,custom_token(index) + overwrite_font_slots(),forbidden
codec,gcx,388,8258740,0x8C,1,1,0,,0,custom_token(index) + overwrite_font_slots(),forbidden
codec,gcx,389,8263024,0x8C,0,0,0,,0,custom_token(index) + overwrite_font_slots(),forbidden
codec,gcx,390,8266808,0x8C,0,0,0,,0,custom_token(index) + overwrite_font_slots(),forbidden
codec,gcx,391,8270936,0x8C,0,0,0,,0,custom_token(index) + overwrite_font_slots(),forbidden
codec,gcx,392,8274876,0x8C,0,0,0,,0,custom_token(index) + overwrite_font_slots(),forbidden
codec,gcx,393,8279280,0x8C,2,2,0,,0,custom_token(index) + overwrite_font_slots(),forbidden
codec,gcx,394,8283932,0x8C,0,0,0,,0,custom_token(index) + overwrite_font_slots(),forbidden
codec,gcx,395,8287860,0x8C,0,0,0,,0,custom_token(index) + overwrite_font_slots(),forbidden
codec,gcx,396,8291620,0x8C,0,0,0,,0,custom_token(index) + overwrite_font_slots(),forbidden
codec,gcx,397,8295648,0x8C,0,0,0,,0,custom_token(index) + overwrite_font_slots(),forbidden
codec,gcx,398,8299756,0x8C,0,0,0,,0,custom_token(index) + overwrite_font_slots(),forbidden
codec,gcx,399,8304004,0x8C,7,7,0,,0,custom_token(index) + overwrite_font_slots(),forbidden
codec,gcx,400,8308412,0x8C,0,0,0,,0,custom_token(index) + overwrite_font_slots(),forbidden
codec,gcx,401,8312184,0x8C,0,0,0,,0,custom_token(index) + overwrite_font_slots(),forbidden
codec,gcx,402,8316992,0x8C,8,8,0,,0,custom_token(index) + overwrite_font_slots(),forbidden
codec,gcx,403,8322252,0x8C,4,4,0,,0,custom_token(index) + overwrite_font_slots(),forbidden
codec,gcx,404,8326720,0x8C,0,0,0,,0,custom_token(index) + overwrite_font_slots(),forbidden
codec,gcx,405,8330508,0x8C,0,0,0,,0,custom_token(index) + overwrite_font_slots(),forbidden
codec,gcx,406,8334928,0x8C,0,0,0,,0,custom_token(index) + overwrite_font_slots(),forbidden
codec,gcx,407,8339152,0x8C,7,7,0,,0,custom_token(index) + overwrite_font_slots(),forbidden
codec,gcx,408,8343712,0x8C,0,0,0,,0,custom_token(index) + overwrite_font_slots(),forbidden
codec,gcx,409,8347500,0x8C,0,0,0,,0,custom_token(index) + overwrite_font_slots(),forbidden
codec,gcx,410,8352268,0x8C,0,0,0,,0,custom_token(index) + overwrite_font_slots(),forbidden
codec,gcx,411,8356392,0x8C,0,0,0,,0,custom_token(index) + overwrite_font_slots(),forbidden
codec,gcx,412,8361184,0x8C,0,0,0,,0,custom_token(index) + overwrite_font_slots(),forbidden
codec,gcx,413,8365372,0x8C,0,0,0,,0,custom_token(index) + overwrite_font_slots(),forbidden
codec,gcx,414,8369600,0x8C,7,7,0,,0,custom_token(index) + overwrite_font_slots(),forbidden
codec,gcx,415,8374436,0x8C,0,0,0,,0,custom_token(index) + overwrite_font_slots(),forbidden
codec,gcx,416,8378192,0x8C,0,0,0,,0,custom_token(index) + overwrite_font_slots(),forbidden
codec,gcx,417,8382624,0x8C,8,8,0,,0,custom_token(index) + overwrite_font_slots(),forbidden
codec,gcx,418,8387500,0x8C,0,0,0,,0,custom_token(index) + overwrite_font_slots(),forbidden
codec,gcx,419,8391772,0x8C,5,5,0,,0,custom_token(index) + overwrite_font_slots(),forbidden
codec,gcx,420,8396268,0x8C,0,0,0,,0,custom_token(index) + overwrite_font_slots(),forbidden
codec,gcx,421,8400028,0x8C,0,0,0,,0,custom_token(index) + overwrite_font_slots(),forbidden
codec,gcx,422,8404176,0x8C,0,0,0,,0,custom_token(index) + overwrite_font_slots(),forbidden
codec,gcx,423,8408084,0x8C,0,0,0,,0,custom_token(index) + overwrite_font_slots(),forbidden
codec,gcx,424,8412144,0x8C,0,0,0,,0,custom_token(index) + overwrite_font_slots(),forbidden
codec,gcx,425,8416016,0x8C,0,0,0,,0,custom_token(index) + overwrite_font_slots(),forbidden
codec,gcx,426,8419760,0x8C,0,0,0,,0,custom_token(index) + overwrite_font_slots(),forbidden
codec,gcx,427,8424880,0x8C,4,4,0,,0,custom_token(index) + overwrite_font_slots(),forbidden
codec,gcx,428,8429692,0x8C,0,0,0,,0,custom_token(index) + overwrite_font_slots(),forbidden
codec,gcx,429,8433824,0x8C,0,0,0,,0,custom_token(index) + overwrite_font_slots(),forbidden
codec,gcx,430,8437684,0x8C,0,0,0,,0,custom_token(index) + overwrite_font_slots(),forbidden
codec,gcx,431,8441436,0x8C,0,0,0,,0,custom_token(index) + overwrite_font_slots(),forbidden
codec,gcx,432,8445556,0x8C,0,0,0,,0,custom_token(index) + overwrite_font_slots(),forbidden
codec,gcx,433,8449468,0x8C,0,0,0,,0,custom_token(index) + overwrite_font_slots(),forbidden
codec,gcx,434,8453676,0x8C,0,0,0,,0,custom_token(index) + overwrite_font_slots(),forbidden
codec,gcx,435,8458396,0x8C,0,0,0,,0,custom_token(index) + overwrite_font_slots(),forbidden
codec,gcx,436,8464952,0x8C,16,16,0,,0,custom_token(index) + overwrite_font_slots(),forbidden
codec,gcx,437,8475452,0x8C,43,43,0,,0,custom_token(index) + overwrite_font_slots(),forbidden
codec,gcx,438,8485888,0x8C,10,10,0,,0,custom_token(index) + overwrite_font_slots(),forbidden
codec,gcx,439,8492652,0x8C,14,14,0,,0,custom_token(index) + overwrite_font_slots(),forbidden
codec,gcx,440,8501292,0x8C,23,23,0,,0,custom_token(index) + overwrite_font_slots(),forbidden
codec,gcx,441,8511336,0x8C,16,16,0,,0,custom_token(index) + overwrite_font_slots(),forbidden
codec,gcx,442,8520108,0x8C,15,15,0,,0,custom_token(index) + overwrite_font_slots(),forbidden
codec,gcx,443,8677912,0x8C,576,576,0,,0,custom_token(index) + overwrite_font_slots(),forbidden
codec,gcx,444,9008520,0x8C,96,96,0,,0,custom_token(index) + overwrite_font_slots(),forbidden
codec,gcx,445,9125536,0x8C,5,5,0,,0,custom_token(index) + overwrite_font_slots(),forbidden
codec,gcx,446,9130616,0x8C,0,0,0,,0,custom_token(index) + overwrite_font_slots(),forbidden
codec,gcx,447,9135140,0x8C,0,0,0,,0,custom_token(index) + overwrite_font_slots(),forbidden
codec,gcx,448,9139416,0x8C,0,0,0,,0,custom_token(index) + overwrite_font_slots(),forbidden
codec,gcx,449,9143580,0x8C,0,0,0,,0,custom_token(index) + overwrite_font_slots(),forbidden
codec,gcx,450,9148080,0x8C,0,0,0,,0,custom_token(index) + overwrite_font_slots(),forbidden
codec,gcx,451,9153152,0x8C,8,8,0,,0,custom_token(index) + overwrite_font_slots(),forbidden
codec,gcx,452,9158176,0x8C,9,9,0,,0,custom_token(index) + overwrite_font_slots(),forbidden
codec,gcx,453,9163876,0x8C,20,20,0,,0,custom_token(index) + overwrite_font_slots(),forbidden
codec,gcx,454,9170392,0x8C,0,0,0,,0,custom_token(index) + overwrite_font_slots(),forbidden
codec,gcx,455,9175220,0x8C,18,18,0,,0,custom_token(index) + overwrite_font_slots(),forbidden
codec,gcx,456,9181180,0x8C,0,0,0,,0,custom_token(index) + overwrite_font_slots(),forbidden
codec,gcx,457,9186228,0x8C,5,5,0,,0,custom_token(index) + overwrite_font_slots(),forbidden
codec,gcx,458,9191612,0x8C,14,14,0,,0,custom_token(index) + overwrite_font_slots(),forbidden
codec,gcx,459,9196816,0x8C,0,0,0,,0,custom_token(index) + overwrite_font_slots(),forbidden
codec,gcx,460,9200920,0x8C,0,0,0,,0,custom_token(index) + overwrite_font_slots(),forbidden
codec,gcx,461,9205056,0x8C,0,0,0,,0,custom_token(index) + overwrite_font_slots(),forbidden
codec,gcx,462,9210032,0x8C,7,7,0,,0,custom_token(index) + overwrite_font_slots(),forbidden
codec,gcx,463,9214832,0x8C,0,0,0,,0,custom_token(index) + overwrite_font_slots(),forbidden
codec,gcx,464,9219688,0x8C,11,11,0,,0,custom_token(index) + overwrite_font_slots(),forbidden
codec,gcx,465,9225176,0x8C,13,13,0,,0,custom_token(index) + overwrite_font_slots(),forbidden
codec,gcx,466,9231480,0x8C,4,4,0,,0,custom_token(index) + overwrite_font_slots(),forbidden
codec,gcx,467,9236992,0x8C,0,0,0,,0,custom_token(index) + overwrite_font_slots(),forbidden
codec,gcx,468,9242496,0x8C,16,16,0,,0,custom_token(index) + overwrite_font_slots(),forbidden
codec,gcx,469,9248612,0x8C,25,25,0,,0,custom_token(index) + overwrite_font_slots(),forbidden
codec,gcx,470,9256016,0x8C,1,1,0,,0,custom_token(index) + overwrite_font_slots(),forbidden
codec,gcx,471,9261136,0x8C,0,0,0,,0,custom_token(index) + overwrite_font_slots(),forbidden
codec,gcx,472,9265116,0x8C,0,0,0,,0,custom_token(index) + overwrite_font_slots(),forbidden
codec,gcx,473,9269784,0x8C,0,0,0,,0,custom_token(index) + overwrite_font_slots(),forbidden
codec,gcx,474,9274004,0x8C,0,0,0,,0,custom_token(index) + overwrite_font_slots(),forbidden
codec,gcx,475,9278060,0x8C,0,0,0,,0,custom_token(index) + overwrite_font_slots(),forbidden
codec,gcx,476,9282148,0x8C,0,0,0,,0,custom_token(index) + overwrite_font_slots(),forbidden
codec,gcx,477,9287848,0x8C,0,0,0,,0,custom_token(index) + overwrite_font_slots(),forbidden
codec,gcx,478,9292144,0x8C,0,0,0,,0,custom_token(index) + overwrite_font_slots(),forbidden
codec,gcx,479,9296052,0x8C,0,0,0,,0,custom_token(index) + overwrite_font_slots(),forbidden
codec,gcx,480,9300428,0x8C,11,11,0,,0,custom_token(index) + overwrite_font_slots(),forbidden
codec,gcx,481,9305736,0x8C,10,10,0,,0,custom_token(index) + overwrite_font_slots(),forbidden
codec,gcx,482,9311604,0x8C,0,0,0,,0,custom_token(index) + overwrite_font_slots(),forbidden
codec,gcx,483,9316464,0x8C,8,8,0,,0,custom_token(index) + overwrite_font_slots(),forbidden
codec,gcx,484,9321452,0x8C,0,0,0,,0,custom_token(index) + overwrite_font_slots(),forbidden
codec,gcx,485,9325696,0x8C,15,15,0,,0,custom_token(index) + overwrite_font_slots(),forbidden
codec,gcx,486,9331468,0x8C,0,0,0,,0,custom_token(index) + overwrite_font_slots(),forbidden
codec,gcx,487,9335560,0x8C,0,0,0,,0,custom_token(index) + overwrite_font_slots(),forbidden
codec,gcx,488,9339488,0x8C,6,6,0,,0,custom_token(index) + overwrite_font_slots(),forbidden
codec,gcx,489,9344200,0x8C,0,0,0,,0,custom_token(index) + overwrite_font_slots(),forbidden
codec,gcx,490,9350760,0x8C,15,15,0,,0,custom_token(index) + overwrite_font_slots(),forbidden
codec,gcx,491,9358412,0x8C,51,51,0,,0,custom_token(index) + overwrite_font_slots(),forbidden
codec,gcx,492,9367692,0x8C,18,18,0,,0,custom_token(index) + overwrite_font_slots(),forbidden
codec,gcx,493,9373844,0x8C,1,0,1,0,64,custom_token(index) + overwrite_font_slots(),forbidden
codec,gcx,494,9379036,0x8C,34,34,0,,0,custom_token(index) + overwrite_font_slots(),forbidden
codec,gcx,495,9386476,0x8C,24,24,0,,0,custom_token(index) + overwrite_font_slots(),forbidden
codec,gcx,496,9392696,0x8C,0,0,0,,0,custom_token(index) + overwrite_font_slots(),forbidden
codec,gcx,497,9399284,0x8C,18,18,0,,0,custom_token(index) + overwrite_font_slots(),forbidden
codec,gcx,498,9406532,0x8C,6,6,0,,0,custom_token(index) + overwrite_font_slots(),forbidden
codec,gcx,499,9411172,0x8C,0,0,0,,0,custom_token(index) + overwrite_font_slots(),forbidden
codec,gcx,500,9415524,0x8C,8,8,0,,0,custom_token(index) + overwrite_font_slots(),forbidden
codec,gcx,501,9420792,0x8C,12,12,0,,0,custom_token(index) + overwrite_font_slots(),forbidden
codec,gcx,502,9425820,0x8C,0,0,0,,0,custom_token(index) + overwrite_font_slots(),forbidden
codec,gcx,503,9429988,0x8C,0,0,0,,0,custom_token(index) + overwrite_font_slots(),forbidden
codec,gcx,504,9436096,0x8C,17,17,0,,0,custom_token(index) + overwrite_font_slots(),forbidden
codec,gcx,505,9440064,0x8C,0,0,0,,0,custom_token(index) + overwrite_font_slots(),forbidden
codec,gcx,506,9443788,0x8C,0,0,0,,0,custom_token(index) + overwrite_font_slots(),forbidden
codec,gcx,507,9448876,0x8C,0,0,0,,0,custom_token(index) + overwrite_font_slots(),forbidden
codec,gcx,508,9453068,0x8C,0,0,0,,0,custom_token(index) + overwrite_font_slots(),forbidden
codec,gcx,509,9457408,0x8C,13,13,0,,0,custom_token(index) + overwrite_font_slots(),forbidden
codec,gcx,510,9464972,0x8C,0,0,0,,0,custom_token(index) + overwrite_font_slots(),forbidden
codec,gcx,511,9472000,0x8C,0,0,0,,0,custom_token(index) + overwrite_font_slots(),forbidden
codec,gcx,512,9476760,0x8C,0,0,0,,0,custom_token(index) + overwrite_font_slots(),forbidden
codec,gcx,513,9480756,0x8C,0,0,0,,0,custom_token(index) + overwrite_font_slots(),forbidden
codec,gcx,514,9484576,0x8C,0,0,0,,0,custom_token(index) + overwrite_font_slots(),forbidden
codec,gcx,515,9488372,0x8C,5,5,0,,0,custom_token(index) + overwrite_font_slots(),forbidden
codec,gcx,516,9492788,0x8C,0,0,0,,0,custom_token(index) + overwrite_font_slots(),forbidden
codec,gcx,517,9496684,0x8C,8,8,0,,0,custom_token(index) + overwrite_font_slots(),forbidden
codec,gcx,518,9501780,0x8C,0,0,0,,0,custom_token(index) + overwrite_font_slots(),forbidden
codec,gcx,519,9506576,0x8C,0,0,0,,0,custom_token(index) + overwrite_font_slots(),forbidden
codec,gcx,520,9511148,0x8C,0,0,0,,0,custom_token(index) + overwrite_font_slots(),forbidden
codec,gcx,521,9515028,0x8C,0,0,0,,0,custom_token(index) + overwrite_font_slots(),forbidden
codec,gcx,522,9519180,0x8C,13,13,0,,0,custom_token(index) + overwrite_font_slots(),forbidden
codec,gcx,523,9525156,0x8C,0,0,0,,0,custom_token(index) + overwrite_font_slots(),forbidden
codec,gcx,524,9529204,0x8C,0,0,0,,0,custom_token(index) + overwrite_font_slots(),forbidden
codec,gcx,525,9533932,0x8C,0,0,0,,0,custom_token(index) + overwrite_font_slots(),forbidden
codec,gcx,526,9538084,0x8C,0,0,0,,0,custom_token(index) + overwrite_font_slots(),forbidden
codec,gcx,527,9541816,0x8C,0,0,0,,0,custom_token(index) + overwrite_font_slots(),forbidden
codec,gcx,528,9546600,0x8C,35,35,0,,0,custom_token(index) + overwrite_font_slots(),forbidden
codec,gcx,529,9553808,0x8C,0,0,0,,0,custom_token(index) + overwrite_font_slots(),forbidden
codec,gcx,530,9558488,0x8C,0,0,0,,0,custom_token(index) + overwrite_font_slots(),forbidden
codec,gcx,531,9563336,0x8C,32,32,0,,0,custom_token(index) + overwrite_font_slots(),forbidden
codec,gcx,532,9570744,0x8C,0,0,0,,0,custom_token(index) + overwrite_font_slots(),forbidden
codec,gcx,533,9575288,0x8C,0,0,0,,0,custom_token(index) + overwrite_font_slots(),forbidden
codec,gcx,534,9579604,0x8C,0,0,0,,0,custom_token(index) + overwrite_font_slots(),forbidden
codec,gcx,535,9583736,0x8C,0,0,0,,0,custom_token(index) + overwrite_font_slots(),forbidden
codec,gcx,536,9587816,0x8C,0,0,0,,0,custom_token(index) + overwrite_font_slots(),forbidden
codec,gcx,537,9592896,0x8C,7,7,0,,0,custom_token(index) + overwrite_font_slots(),forbidden
codec,gcx,538,9598060,0x8C,10,10,0,,0,custom_token(index) + overwrite_font_slots(),forbidden
codec,gcx,539,9602644,0x8C,0,0,0,,0,custom_token(index) + overwrite_font_slots(),forbidden
codec,gcx,540,9606316,0x8C,0,0,0,,0,custom_token(index) + overwrite_font_slots(),forbidden
codec,gcx,541,9611176,0x8C,0,0,0,,0,custom_token(index) + overwrite_font_slots(),forbidden
codec,gcx,542,9615336,0x8C,0,0,0,,0,custom_token(index) + overwrite_font_slots(),forbidden
codec,gcx,543,9619752,0x8C,17,17,0,,0,custom_token(index) + overwrite_font_slots(),forbidden
codec,gcx,544,9625604,0x8C,0,0,0,,0,custom_token(index) + overwrite_font_slots(),forbidden
codec,gcx,545,9629764,0x8C,0,0,0,,0,custom_token(index) + overwrite_font_slots(),forbidden
codec,gcx,546,9634420,0x8C,0,0,0,,0,custom_token(index) + overwrite_font_slots(),forbidden
codec,gcx,547,9638284,0x8C,0,0,0,,0,custom_token(index) + overwrite_font_slots(),forbidden
codec,gcx,548,9643408,0x8C,23,23,0,,0,custom_token(index) + overwrite_font_slots(),forbidden
codec,gcx,549,9650360,0x8C,0,0,0,,0,custom_token(index) + overwrite_font_slots(),forbidden
codec,gcx,550,9654924,0x8C,0,0,0,,0,custom_token(index) + overwrite_font_slots(),forbidden
codec,gcx,551,9659064,0x8C,0,0,0,,0,custom_token(index) + overwrite_font_slots(),forbidden
codec,gcx,552,9662928,0x8C,0,0,0,,0,custom_token(index) + overwrite_font_slots(),forbidden
codec,gcx,553,9667200,0x8C,6,6,0,,0,custom_token(index) + overwrite_font_slots(),forbidden
codec,gcx,554,9671856,0x8C,0,0,0,,0,custom_token(index) + overwrite_font_slots(),forbidden
codec,gcx,555,9676100,0x8C,0,0,0,,0,custom_token(index) + overwrite_font_slots(),forbidden
codec,gcx,556,9679900,0x8C,0,0,0,,0,custom_token(index) + overwrite_font_slots(),forbidden
codec,gcx,557,9684604,0x8C,0,0,0,,0,custom_token(index) + overwrite_font_slots(),forbidden
codec,gcx,558,9689408,0x8C,0,0,0,,0,custom_token(index) + overwrite_font_slots(),forbidden
codec,gcx,559,9694300,0x8C,0,0,0,,0,custom_token(index) + overwrite_font_slots(),forbidden
codec,gcx,560,9698884,0x8C,5,5,0,,0,custom_token(index) + overwrite_font_slots(),forbidden
codec,gcx,561,9703392,0x8C,0,0,0,,0,custom_token(index) + overwrite_font_slots(),forbidden
codec,gcx,562,9707096,0x8C,0,0,0,,0,custom_token(index) + overwrite_font_slots(),forbidden
codec,gcx,563,9712732,0x8C,0,0,0,,0,custom_token(index) + overwrite_font_slots(),forbidden
codec,gcx,564,9717200,0x8C,14,14,0,,0,custom_token(index) + overwrite_font_slots(),forbidden
codec,gcx,565,9723208,0x8C,0,0,0,,0,custom_token(index) + overwrite_font_slots(),forbidden
codec,gcx,566,9727152,0x8C,0,0,0,,0,custom_token(index) + overwrite_font_slots(),forbidden
codec,gcx,567,9730796,0x8C,0,0,0,,0,custom_token(index) + overwrite_font_slots(),forbidden
codec,gcx,568,9734684,0x8C,0,0,0,,0,custom_token(index) + overwrite_font_slots(),forbidden
codec,gcx,569,9738704,0x8C,0,0,0,,0,custom_token(index) + overwrite_font_slots(),forbidden
codec,gcx,570,9742700,0x8C,0,0,0,,0,custom_token(index) + overwrite_font_slots(),forbidden
codec,gcx,571,9746716,0x8C,0,0,0,,0,custom_token(index) + overwrite_font_slots(),forbidden
codec,gcx,572,9750736,0x8C,0,0,0,,0,custom_token(index) + overwrite_font_slots(),forbidden
codec,gcx,573,9758092,0x8C,0,0,0,,0,custom_token(index) + overwrite_font_slots(),forbidden
codec,gcx,574,9763000,0x8C,10,10,0,,0,custom_token(index) + overwrite_font_slots(),forbidden
codec,gcx,575,9768044,0x8C,0,0,0,,0,custom_token(index) + overwrite_font_slots(),forbidden
codec,gcx,576,9772612,0x8C,0,0,0,,0,custom_token(index) + overwrite_font_slots(),forbidden
codec,gcx,577,9777648,0x8C,0,0,0,,0,custom_token(index) + overwrite_font_slots(),forbidden
codec,gcx,578,9781792,0x8C,0,0,0,,0,custom_token(index) + overwrite_font_slots(),forbidden
codec,gcx,579,9785676,0x8C,0,0,0,,0,custom_token(index) + overwrite_font_slots(),forbidden
codec,gcx,580,9790508,0x8C,0,0,0,,0,custom_token(index) + overwrite_font_slots(),forbidden
codec,gcx,581,9794932,0x8C,0,0,0,,0,custom_token(index) + overwrite_font_slots(),forbidden
codec,gcx,582,9798700,0x8C,0,0,0,,0,custom_token(index) + overwrite_font_slots(),forbidden
codec,gcx,583,9803432,0x8C,21,21,0,,0,custom_token(index) + overwrite_font_slots(),forbidden
codec,gcx,584,9809288,0x8C,0,0,0,,0,custom_token(index) + overwrite_font_slots(),forbidden
codec,gcx,585,9813080,0x8C,0,0,0,,0,custom_token(index) + overwrite_font_slots(),forbidden
codec,gcx,586,9817644,0x8C,27,27,0,,0,custom_token(index) + overwrite_font_slots(),forbidden
codec,gcx,587,9823908,0x8C,0,0,0,,0,custom_token(index) + overwrite_font_slots(),forbidden
codec,gcx,588,9827660,0x8C,0,0,0,,0,custom_token(index) + overwrite_font_slots(),forbidden
codec,gcx,589,9832324,0x8C,0,0,0,,0,custom_token(index) + overwrite_font_slots(),forbidden
codec,gcx,590,9836532,0x8C,0,0,0,,0,custom_token(index) + overwrite_font_slots(),forbidden
codec,gcx,591,9840696,0x8C,0,0,0,,0,custom_token(index) + overwrite_font_slots(),forbidden
codec,gcx,592,9844760,0x8C,0,0,0,,0,custom_token(index) + overwrite_font_slots(),forbidden
codec,gcx,593,9848484,0x8C,0,0,0,,0,custom_token(index) + overwrite_font_slots(),forbidden
codec,gcx,594,9852824,0x8C,0,0,0,,0,custom_token(index) + overwrite_font_slots(),forbidden
codec,gcx,595,9857060,0x8C,0,0,0,,0,custom_token(index) + overwrite_font_slots(),forbidden
codec,gcx,596,9861244,0x8C,0,0,0,,0,custom_token(index) + overwrite_font_slots(),forbidden
codec,gcx,597,9865340,0x8C,0,0,0,,0,custom_token(index) + overwrite_font_slots(),forbidden
codec,gcx,598,9872280,0x8C,32,32,0,,0,custom_token(index) + overwrite_font_slots(),forbidden
codec,gcx,599,9880220,0x8C,16,16,0,,0,custom_token(index) + overwrite_font_slots(),forbidden
codec,gcx,600,9885716,0x8C,10,10,0,,0,custom_token(index) + overwrite_font_slots(),forbidden
codec,gcx,601,9891056,0x8C,0,0,0,,0,custom_token(index) + overwrite_font_slots(),forbidden
codec,gcx,602,9895160,0x8C,0,0,0,,0,custom_token(index) + overwrite_font_slots(),forbidden
codec,gcx,603,9899864,0x8C,0,0,0,,0,custom_token(index) + overwrite_font_slots(),forbidden
codec,gcx,604,9904492,0x8C,0,0,0,,0,custom_token(index) + overwrite_font_slots(),forbidden
codec,gcx,605,9908888,0x8C,0,0,0,,0,custom_token(index) + overwrite_font_slots(),forbidden
codec,gcx,606,9912836,0x8C,3,3,0,,0,custom_token(index) + overwrite_font_slots(),forbidden
codec,gcx,607,9916880,0x8C,0,0,0,,0,custom_token(index) + overwrite_font_slots(),forbidden
codec,gcx,608,9920824,0x8C,0,0,0,,0,custom_token(index) + overwrite_font_slots(),forbidden
codec,gcx,609,9924864,0x8C,0,0,0,,0,custom_token(index) + overwrite_font_slots(),forbidden
codec,gcx,610,9929160,0x8C,0,0,0,,0,custom_token(index) + overwrite_font_slots(),forbidden
codec,gcx,611,9933688,0x8C,0,0,0,,0,custom_token(index) + overwrite_font_slots(),forbidden
codec,gcx,612,9937792,0x8C,0,0,0,,0,custom_token(index) + overwrite_font_slots(),forbidden
codec,gcx,613,9941960,0x8C,0,0,0,,0,custom_token(index) + overwrite_font_slots(),forbidden
codec,gcx,614,9945844,0x8C,0,0,0,,0,custom_token(index) + overwrite_font_slots(),forbidden
codec,gcx,615,9950436,0x8C,0,0,0,,0,custom_token(index) + overwrite_font_slots(),forbidden
codec,gcx,616,9954540,0x8C,10,10,0,,0,custom_token(index) + overwrite_font_slots(),forbidden
codec,gcx,617,9959300,0x8C,0,0,0,,0,custom_token(index) + overwrite_font_slots(),forbidden
codec,gcx,618,9963656,0x8C,0,0,0,,0,custom_token(index) + overwrite_font_slots(),forbidden
codec,gcx,619,9967992,0x8C,0,0,0,,0,custom_token(index) + overwrite_font_slots(),forbidden
codec,gcx,620,9972292,0x8C,0,0,0,,0,custom_token(index) + overwrite_font_slots(),forbidden
codec,gcx,621,9976484,0x8C,0,0,0,,0,custom_token(index) + overwrite_font_slots(),forbidden
codec,gcx,622,9980696,0x8C,0,0,0,,0,custom_token(index) + overwrite_font_slots(),forbidden
codec,gcx,623,9984564,0x8C,0,0,0,,0,custom_token(index) + overwrite_font_slots(),forbidden
codec,gcx,624,9988348,0x8C,0,0,0,,0,custom_token(index) + overwrite_font_slots(),forbidden
codec,gcx,625,9992536,0x8C,7,7,0,,0,custom_token(index) + overwrite_font_slots(),forbidden
codec,gcx,626,9997092,0x8C,0,0,0,,0,custom_token(index) + overwrite_font_slots(),forbidden
codec,gcx,627,10001048,0x8C,0,0,0,,0,custom_token(index) + overwrite_font_slots(),forbidden
codec,gcx,628,10004772,0x8C,0,0,0,,0,custom_token(index) + overwrite_font_slots(),forbidden
codec,gcx,629,10008860,0x8C,0,0,0,,0,custom_token(index) + overwrite_font_slots(),forbidden
codec,gcx,630,10012948,0x8C,0,0,0,,0,custom_token(index) + overwrite_font_slots(),forbidden
codec,gcx,631,10016884,0x8C,0,0,0,,0,custom_token(index) + overwrite_font_slots(),forbidden
codec,gcx,632,10020984,0x8C,11,11,0,,0,custom_token(index) + overwrite_font_slots(),forbidden
codec,gcx,633,10026008,0x8C,0,0,0,,0,custom_token(index) + overwrite_font_slots(),forbidden
codec,gcx,634,10029964,0x8C,7,7,0,,0,custom_token(index) + overwrite_font_slots(),forbidden
codec,gcx,635,10034616,0x8C,0,0,0,,0,custom_token(index) + overwrite_font_slots(),forbidden
codec,gcx,636,10038764,0x8C,3,3,0,,0,custom_token(index) + overwrite_font_slots(),forbidden
codec,gcx,637,10042872,0x8C,0,0,0,,0,custom_token(index) + overwrite_font_slots(),forbidden
codec,gcx,638,10046632,0x8C,0,0,0,,0,custom_token(index) + overwrite_font_slots(),forbidden
codec,gcx,639,10052392,0x8C,9,9,0,,0,custom_token(index) + overwrite_font_slots(),forbidden
codec,gcx,640,10058140,0x8C,9,9,0,,0,custom_token(index) + overwrite_font_slots(),forbidden
codec,gcx,641,10062928,0x8C,0,0,0,,0,custom_token(index) + overwrite_font_slots(),forbidden
codec,gcx,642,10067560,0x8C,17,17,0,,0,custom_token(index) + overwrite_font_slots(),forbidden
codec,gcx,643,10073800,0x8C,27,27,0,,0,custom_token(index) + overwrite_font_slots(),forbidden
codec,gcx,644,10080268,0x8C,0,0,0,,0,custom_token(index) + overwrite_font_slots(),forbidden
codec,gcx,645,10084100,0x8C,0,0,0,,0,custom_token(index) + overwrite_font_slots(),forbidden
codec,gcx,646,10087928,0x8C,0,0,0,,0,custom_token(index) + overwrite_font_slots(),forbidden
codec,gcx,647,10092852,0x8C,5,5,0,,0,custom_token(index) + overwrite_font_slots(),forbidden
codec,gcx,648,10097600,0x8C,5,5,0,,0,custom_token(index) + overwrite_font_slots(),forbidden
codec,gcx,649,10102712,0x8C,0,0,0,,0,custom_token(index) + overwrite_font_slots(),forbidden
codec,gcx,650,10106912,0x8C,0,0,0,,0,custom_token(index) + overwrite_font_slots(),forbidden
codec,gcx,651,10111068,0x8C,0,0,0,,0,custom_token(index) + overwrite_font_slots(),forbidden
codec,gcx,652,10117176,0x8C,60,60,0,,0,custom_token(index) + overwrite_font_slots(),forbidden
codec,gcx,653,10127840,0x8C,18,18,0,,0,custom_token(index) + overwrite_font_slots(),forbidden
codec,gcx,654,10134132,0x8C,27,27,0,,0,custom_token(index) + overwrite_font_slots(),forbidden
codec,gcx,655,10142000,0x8C,37,37,0,,0,custom_token(index) + overwrite_font_slots(),forbidden
codec,gcx,656,10150556,0x8C,45,45,0,,0,custom_token(index) + overwrite_font_slots(),forbidden
codec,gcx,657,10159336,0x8C,13,13,0,,0,custom_token(index) + overwrite_font_slots(),forbidden
codec,gcx,658,10166508,0x8C,39,39,0,,0,custom_token(index) + overwrite_font_slots(),forbidden
codec,gcx,659,10174912,0x8C,27,27,0,,0,custom_token(index) + overwrite_font_slots(),forbidden
codec,gcx,660,10181600,0x8C,15,15,0,,0,custom_token(index) + overwrite_font_slots(),forbidden
codec,gcx,661,10188044,0x8C,41,41,0,,0,custom_token(index) + overwrite_font_slots(),forbidden
codec,gcx,662,10197152,0x8C,36,36,0,,0,custom_token(index) + overwrite_font_slots(),forbidden
codec,gcx,663,10205000,0x8C,28,28,0,,0,custom_token(index) + overwrite_font_slots(),forbidden
codec,gcx,664,10211548,0x8C,0,0,0,,0,custom_token(index) + overwrite_font_slots(),forbidden
codec,gcx,665,10215296,0x8C,0,0,0,,0,custom_token(index) + overwrite_font_slots(),forbidden
codec,gcx,666,10220892,0x8C,36,34,2,34|35,128,custom_token(index) + overwrite_font_slots(),forbidden
codec,gcx,667,10228460,0x8C,13,13,0,,0,custom_token(index) + overwrite_font_slots(),forbidden
codec,gcx,668,10234556,0x8C,24,24,0,,0,custom_token(index) + overwrite_font_slots(),forbidden
codec,gcx,669,10240832,0x8C,0,0,0,,0,custom_token(index) + overwrite_font_slots(),forbidden
codec,gcx,670,10245652,0x8C,21,21,0,,0,custom_token(index) + overwrite_font_slots(),forbidden
codec,gcx,671,10251388,0x8C,0,0,0,,0,custom_token(index) + overwrite_font_slots(),forbidden
codec,gcx,672,10256232,0x8C,0,0,0,,0,custom_token(index) + overwrite_font_slots(),forbidden
codec,gcx,673,10260448,0x8C,0,0,0,,0,custom_token(index) + overwrite_font_slots(),forbidden
codec,gcx,674,10265028,0x8C,17,17,0,,0,custom_token(index) + overwrite_font_slots(),forbidden
codec,gcx,675,10271284,0x8C,23,23,0,,0,custom_token(index) + overwrite_font_slots(),forbidden
codec,gcx,676,10278788,0x8C,18,18,0,,0,custom_token(index) + overwrite_font_slots(),forbidden
codec,gcx,677,10284856,0x8C,0,0,0,,0,custom_token(index) + overwrite_font_slots(),forbidden
codec,gcx,678,10288852,0x8C,0,0,0,,0,custom_token(index) + overwrite_font_slots(),forbidden
codec,gcx,679,10293284,0x8C,4,3,1,0,64,custom_token(index) + overwrite_font_slots(),forbidden
codec,gcx,680,10300268,0x8C,27,27,0,,0,custom_token(index) + overwrite_font_slots(),forbidden
codec,gcx,681,10310156,0x8C,7,7,0,,0,custom_token(index) + overwrite_font_slots(),forbidden
codec,gcx,682,10315788,0x8C,0,0,0,,0,custom_token(index) + overwrite_font_slots(),forbidden
codec,gcx,683,10320092,0x8C,0,0,0,,0,custom_token(index) + overwrite_font_slots(),forbidden
codec,gcx,684,10324304,0x8C,7,7,0,,0,custom_token(index) + overwrite_font_slots(),forbidden
codec,gcx,685,10329008,0x8C,0,0,0,,0,custom_token(index) + overwrite_font_slots(),forbidden
codec,gcx,686,10333364,0x8C,0,0,0,,0,custom_token(index) + overwrite_font_slots(),forbidden
codec,gcx,687,10337244,0x8C,0,0,0,,0,custom_token(index) + overwrite_font_slots(),forbidden
codec,gcx,688,10341372,0x8C,13,13,0,,0,custom_token(index) + overwrite_font_slots(),forbidden
codec,gcx,689,10346184,0x8C,0,0,0,,0,custom_token(index) + overwrite_font_slots(),forbidden
codec,gcx,690,10350604,0x8C,0,0,0,,0,custom_token(index) + overwrite_font_slots(),forbidden
codec,gcx,691,10354476,0x8C,0,0,0,,0,custom_token(index) + overwrite_font_slots(),forbidden
codec,gcx,692,10358592,0x8C,0,0,0,,0,custom_token(index) + overwrite_font_slots(),forbidden
codec,gcx,693,10362920,0x8C,0,0,0,,0,custom_token(index) + overwrite_font_slots(),forbidden
codec,gcx,694,10367220,0x8C,0,0,0,,0,custom_token(index) + overwrite_font_slots(),forbidden
codec,gcx,695,10374024,0x8C,10,10,0,,0,custom_token(index) + overwrite_font_slots(),forbidden
codec,gcx,696,10379752,0x8C,0,0,0,,0,custom_token(index) + overwrite_font_slots(),forbidden
codec,gcx,697,10384292,0x8C,0,0,0,,0,custom_token(index) + overwrite_font_slots(),forbidden
codec,gcx,698,10388204,0x8C,0,0,0,,0,custom_token(index) + overwrite_font_slots(),forbidden
codec,gcx,699,10392520,0x8C,0,0,0,,0,custom_token(index) + overwrite_font_slots(),forbidden
codec,gcx,700,10396320,0x8C,0,0,0,,0,custom_token(index) + overwrite_font_slots(),forbidden
codec,gcx,701,10400940,0x8C,0,0,0,,0,custom_token(index) + overwrite_font_slots(),forbidden
codec,gcx,702,10404832,0x8C,0,0,0,,0,custom_token(index) + overwrite_font_slots(),forbidden
codec,gcx,703,10409576,0x8C,0,0,0,,0,custom_token(index) + overwrite_font_slots(),forbidden
codec,gcx,704,10413476,0x8C,0,0,0,,0,custom_token(index) + overwrite_font_slots(),forbidden
codec,gcx,705,10418160,0x8C,0,0,0,,0,custom_token(index) + overwrite_font_slots(),forbidden
codec,gcx,706,10422108,0x8C,0,0,0,,0,custom_token(index) + overwrite_font_slots(),forbidden
codec,gcx,707,10426488,0x8C,0,0,0,,0,custom_token(index) + overwrite_font_slots(),forbidden
codec,gcx,708,10430316,0x8C,0,0,0,,0,custom_token(index) + overwrite_font_slots(),forbidden
codec,gcx,709,10434064,0x8C,0,0,0,,0,custom_token(index) + overwrite_font_slots(),forbidden
codec,gcx,710,10438276,0x8C,20,20,0,,0,custom_token(index) + overwrite_font_slots(),forbidden
codec,gcx,711,10443692,0x8C,0,0,0,,0,custom_token(index) + overwrite_font_slots(),forbidden
codec,gcx,712,10448516,0x8C,0,0,0,,0,custom_token(index) + overwrite_font_slots(),forbidden
codec,gcx,713,10453244,0x8C,0,0,0,,0,custom_token(index) + overwrite_font_slots(),forbidden
codec,gcx,714,10458064,0x8C,0,0,0,,0,custom_token(index) + overwrite_font_slots(),forbidden
codec,gcx,715,10462316,0x8C,0,0,0,,0,custom_token(index) + overwrite_font_slots(),forbidden
codec,gcx,716,10466784,0x8C,5,5,0,,0,custom_token(index) + overwrite_font_slots(),forbidden
codec,gcx,717,10471072,0x8C,0,0,0,,0,custom_token(index) + overwrite_font_slots(),forbidden
codec,gcx,718,10475036,0x8C,0,0,0,,0,custom_token(index) + overwrite_font_slots(),forbidden
codec,gcx,719,10479128,0x8C,0,0,0,,0,custom_token(index) + overwrite_font_slots(),forbidden
codec,gcx,720,10483260,0x8C,0,0,0,,0,custom_token(index) + overwrite_font_slots(),forbidden
codec,gcx,721,10487572,0x8C,6,6,0,,0,custom_token(index) + overwrite_font_slots(),forbidden
codec,gcx,722,10492264,0x8C,13,13,0,,0,custom_token(index) + overwrite_font_slots(),forbidden
codec,gcx,723,10498460,0x8C,2,2,0,,0,custom_token(index) + overwrite_font_slots(),forbidden
codec,gcx,724,10503008,0x8C,11,11,0,,0,custom_token(index) + overwrite_font_slots(),forbidden
codec,gcx,725,10508012,0x8C,8,8,0,,0,custom_token(index) + overwrite_font_slots(),forbidden
codec,gcx,726,10513056,0x8C,18,18,0,,0,custom_token(index) + overwrite_font_slots(),forbidden
codec,gcx,727,10519096,0x8C,6,6,0,,0,custom_token(index) + overwrite_font_slots(),forbidden
codec,gcx,728,10523824,0x8C,10,10,0,,0,custom_token(index) + overwrite_font_slots(),forbidden
codec,gcx,729,10531000,0x8C,19,19,0,,0,custom_token(index) + overwrite_font_slots(),forbidden
codec,gcx,730,10537752,0x8C,0,0,0,,0,custom_token(index) + overwrite_font_slots(),forbidden
codec,gcx,731,10542488,0x8C,1,1,0,,0,custom_token(index) + overwrite_font_slots(),forbidden
codec,gcx,732,10546548,0x8C,0,0,0,,0,custom_token(index) + overwrite_font_slots(),forbidden
codec,gcx,733,10550556,0x8C,0,0,0,,0,custom_token(index) + overwrite_font_slots(),forbidden
codec,gcx,734,10554344,0x8C,0,0,0,,0,custom_token(index) + overwrite_font_slots(),forbidden
codec,gcx,735,10558240,0x8C,0,0,0,,0,custom_token(index) + overwrite_font_slots(),forbidden
codec,gcx,736,10561968,0x8C,0,0,0,,0,custom_token(index) + overwrite_font_slots(),forbidden
codec,gcx,737,10565908,0x8C,0,0,0,,0,custom_token(index) + overwrite_font_slots(),forbidden
codec,gcx,738,10569728,0x8C,0,0,0,,0,custom_token(index) + overwrite_font_slots(),forbidden
codec,gcx,739,10573864,0x8C,0,0,0,,0,custom_token(index) + overwrite_font_slots(),forbidden
codec,gcx,740,10577680,0x8C,0,0,0,,0,custom_token(index) + overwrite_font_slots(),forbidden
codec,gcx,741,10581712,0x8C,0,0,0,,0,custom_token(index) + overwrite_font_slots(),forbidden
codec,gcx,742,10585488,0x8C,0,0,0,,0,custom_token(index) + overwrite_font_slots(),forbidden
codec,gcx,743,10589448,0x8C,0,0,0,,0,custom_token(index) + overwrite_font_slots(),forbidden
codec,gcx,744,10594432,0x8C,3,3,0,,0,custom_token(index) + overwrite_font_slots(),forbidden
codec,gcx,745,10602188,0x8C,38,38,0,,0,custom_token(index) + overwrite_font_slots(),forbidden
codec,gcx,746,10612024,0x8C,7,7,0,,0,custom_token(index) + overwrite_font_slots(),forbidden
codec,gcx,747,10617540,0x8C,16,16,0,,0,custom_token(index) + overwrite_font_slots(),forbidden
codec,gcx,748,10622892,0x8C,0,0,0,,0,custom_token(index) + overwrite_font_slots(),forbidden
codec,gcx,749,10626628,0x8C,0,0,0,,0,custom_token(index) + overwrite_font_slots(),forbidden
codec,gcx,750,10630920,0x8C,13,13,0,,0,custom_token(index) + overwrite_font_slots(),forbidden
codec,gcx,751,10638112,0x8C,0,0,0,,0,custom_token(index) + overwrite_font_slots(),forbidden
codec,gcx,752,10643420,0x8C,27,27,0,,0,custom_token(index) + overwrite_font_slots(),forbidden
codec,gcx,753,10651496,0x8C,1,1,0,,0,custom_token(index) + overwrite_font_slots(),forbidden
codec,gcx,754,10657912,0x8C,58,58,0,,0,custom_token(index) + overwrite_font_slots(),forbidden
codec,gcx,755,10667060,0x8C,0,0,0,,0,custom_token(index) + overwrite_font_slots(),forbidden
codec,gcx,756,10671464,0x8C,0,0,0,,0,custom_token(index) + overwrite_font_slots(),forbidden
codec,gcx,757,10676296,0x8C,8,8,0,,0,custom_token(index) + overwrite_font_slots(),forbidden
codec,gcx,758,10681440,0x8C,0,0,0,,0,custom_token(index) + overwrite_font_slots(),forbidden
codec,gcx,759,10685616,0x8C,0,0,0,,0,custom_token(index) + overwrite_font_slots(),forbidden
codec,gcx,760,10690032,0x8C,0,0,0,,0,custom_token(index) + overwrite_font_slots(),forbidden
codec,gcx,761,10693860,0x8C,0,0,0,,0,custom_token(index) + overwrite_font_slots(),forbidden
codec,gcx,762,10697564,0x8C,0,0,0,,0,custom_token(index) + overwrite_font_slots(),forbidden
codec,gcx,763,10701272,0x8C,0,0,0,,0,custom_token(index) + overwrite_font_slots(),forbidden
codec,gcx,764,10704972,0x8C,0,0,0,,0,custom_token(index) + overwrite_font_slots(),forbidden
codec,gcx,765,10708688,0x8C,0,0,0,,0,custom_token(index) + overwrite_font_slots(),forbidden
codec,gcx,766,11015156,0x8C,261,261,0,,0,custom_token(index) + overwrite_font_slots(),forbidden
codec,gcx,767,11474972,0x8C,115,31,84,31|32|33|34|35|36|37|38|39|40|41|42|43|44|45|46|47|48|49|50|51|52|53|54|55|56|57|58|59|60|61|62|63|64|65|66|67|68|69|70|71|72|73|74|75|76|77|78|79|80|81|82|83|84|85|86|87|88|89|90|91|92|93|94|95|96|97|98|99|100|101|102|103|104|105|106|107|108|109|110|111|112|113|114,5376,custom_token(index) + overwrite_font_slots(),forbidden
codec,gcx,768,11927548,0x8C,115,108,7,17|37|84|90|91|92|93,448,custom_token(index) + overwrite_font_slots(),forbidden
codec,gcx,769,12378368,0x8C,115,108,7,17|37|84|90|91|92|93,448,custom_token(index) + overwrite_font_slots(),forbidden
codec,gcx,770,12828352,0x8C,115,108,7,17|37|84|90|91|92|93,448,custom_token(index) + overwrite_font_slots(),forbidden
codec,gcx,771,13278336,0x8C,115,108,7,17|37|84|90|91|92|93,448,custom_token(index) + overwrite_font_slots(),forbidden
codec,gcx,772,13728320,0x8C,115,108,7,17|37|84|90|91|92|93,448,custom_token(index) + overwrite_font_slots(),forbidden
codec,gcx,773,14178664,0x8C,115,108,7,17|37|84|90|91|92|93,448,custom_token(index) + overwrite_font_slots(),forbidden
codec,gcx,774,14624692,0x8C,115,108,7,17|37|84|90|91|92|93,448,custom_token(index) + overwrite_font_slots(),forbidden
codec,gcx,775,15072956,0x8C,115,108,7,17|37|84|90|91|92|93,448,custom_token(index) + overwrite_font_slots(),forbidden
codec,gcx,776,15520492,0x8C,115,108,7,17|37|84|90|91|92|93,448,custom_token(index) + overwrite_font_slots(),forbidden
codec,gcx,777,15969132,0x8C,115,108,7,17|37|84|90|91|92|93,448,custom_token(index) + overwrite_font_slots(),forbidden
codec,gcx,778,16418712,0x8C,115,108,7,17|37|84|90|91|92|93,448,custom_token(index) + overwrite_font_slots(),forbidden
codec,gcx,779,16867040,0x8C,115,42,73,42|43|44|45|46|47|48|49|50|51|52|53|54|55|56|57|58|59|60|61|62|63|64|65|66|67|68|69|70|71|72|73|74|75|76|77|78|79|80|81|82|83|84|85|86|87|88|89|90|91|92|93|94|95|96|97|98|99|100|101|102|103|104|105|106|107|108|109|110|111|112|113|114,4672,custom_token(index) + overwrite_font_slots(),forbidden
codec,gcx,780,17317524,0x8C,115,108,7,17|37|84|90|91|92|93,448,custom_token(index) + overwrite_font_slots(),forbidden
codec,gcx,781,17452336,0x8C,0,0,0,,0,custom_token(index) + overwrite_font_slots(),forbidden
codec,gcx,782,17458336,0x8C,0,0,0,,0,custom_token(index) + overwrite_font_slots(),forbidden
codec,gcx,783,17464868,0x8C,0,0,0,,0,custom_token(index) + overwrite_font_slots(),forbidden
codec,gcx,784,17477520,0x8C,0,0,0,,0,custom_token(index) + overwrite_font_slots(),forbidden
codec,gcx,785,17488732,0x8C,0,0,0,,0,custom_token(index) + overwrite_font_slots(),forbidden
codec,gcx,786,17497140,0x8C,0,0,0,,0,custom_token(index) + overwrite_font_slots(),forbidden
codec,gcx,787,17502484,0x8C,0,0,0,,0,custom_token(index) + overwrite_font_slots(),forbidden
codec,gcx,788,17507488,0x8C,0,0,0,,0,custom_token(index) + overwrite_font_slots(),forbidden
codec,gcx,789,17512500,0x8C,0,0,0,,0,custom_token(index) + overwrite_font_slots(),forbidden
codec,gcx,790,17517120,0x8C,0,0,0,,0,custom_token(index) + overwrite_font_slots(),forbidden
codec,gcx,791,17522344,0x8C,0,0,0,,0,custom_token(index) + overwrite_font_slots(),forbidden
codec,gcx,792,17527168,0x8C,0,0,0,,0,custom_token(index) + overwrite_font_slots(),forbidden
codec,gcx,793,17532000,0x8C,0,0,0,,0,custom_token(index) + overwrite_font_slots(),forbidden
codec,gcx,794,17536684,0x8C,0,0,0,,0,custom_token(index) + overwrite_font_slots(),forbidden
codec,gcx,795,17541480,0x8C,0,0,0,,0,custom_token(index) + overwrite_font_slots(),forbidden
codec,gcx,796,17546136,0x8C,0,0,0,,0,custom_token(index) + overwrite_font_slots(),forbidden
codec,gcx,797,17553456,0x8C,26,25,1,8,64,custom_token(index) + overwrite_font_slots(),forbidden
codec,gcx,798,17561648,0x8C,3,2,1,2,64,custom_token(index) + overwrite_font_slots(),forbidden
codec,gcx,799,17566884,0x8C,0,0,0,,0,custom_token(index) + overwrite_font_slots(),forbidden
codec,gcx,800,17571016,0x8C,0,0,0,,0,custom_token(index) + overwrite_font_slots(),forbidden
codec,gcx,801,17575804,0x8C,0,0,0,,0,custom_token(index) + overwrite_font_slots(),forbidden
codec,gcx,802,17580460,0x8C,0,0,0,,0,custom_token(index) + overwrite_font_slots(),forbidden
codec,gcx,803,17585312,0x8C,0,0,0,,0,custom_token(index) + overwrite_font_slots(),forbidden
codec,gcx,804,17590744,0x8C,0,0,0,,0,custom_token(index) + overwrite_font_slots(),forbidden
codec,gcx,805,17597676,0x8C,0,0,0,,0,custom_token(index) + overwrite_font_slots(),forbidden
codec,gcx,806,17603052,0x8C,0,0,0,,0,custom_token(index) + overwrite_font_slots(),forbidden
codec,gcx,807,17607692,0x8C,0,0,0,,0,custom_token(index) + overwrite_font_slots(),forbidden
codec,gcx,808,17612240,0x8C,0,0,0,,0,custom_token(index) + overwrite_font_slots(),forbidden
codec,gcx,809,17617640,0x8C,0,0,0,,0,custom_token(index) + overwrite_font_slots(),forbidden
codec,gcx,810,17622952,0x8C,0,0,0,,0,custom_token(index) + overwrite_font_slots(),forbidden
codec,gcx,811,17629912,0x8C,0,0,0,,0,custom_token(index) + overwrite_font_slots(),forbidden
codec,gcx,812,17635300,0x8C,1,1,0,,0,custom_token(index) + overwrite_font_slots(),forbidden
codec,gcx,813,17639800,0x8C,0,0,0,,0,custom_token(index) + overwrite_font_slots(),forbidden
codec,gcx,814,17645400,0x8C,0,0,0,,0,custom_token(index) + overwrite_font_slots(),forbidden
codec,gcx,815,17649584,0x8C,0,0,0,,0,custom_token(index) + overwrite_font_slots(),forbidden
codec,gcx,816,17655528,0x8C,4,3,1,0,64,custom_token(index) + overwrite_font_slots(),forbidden
codec,gcx,817,17664220,0x8C,0,0,0,,0,custom_token(index) + overwrite_font_slots(),forbidden
codec,gcx,818,17669588,0x8C,0,0,0,,0,custom_token(index) + overwrite_font_slots(),forbidden
codec,gcx,819,17674972,0x8C,0,0,0,,0,custom_token(index) + overwrite_font_slots(),forbidden
codec,gcx,820,17682408,0x8C,0,0,0,,0,custom_token(index) + overwrite_font_slots(),forbidden
codec,gcx,821,17687256,0x8C,0,0,0,,0,custom_token(index) + overwrite_font_slots(),forbidden
codec,gcx,822,17691508,0x8C,0,0,0,,0,custom_token(index) + overwrite_font_slots(),forbidden
codec,gcx,823,17695656,0x8C,0,0,0,,0,custom_token(index) + overwrite_font_slots(),forbidden
codec,gcx,824,17700384,0x8C,0,0,0,,0,custom_token(index) + overwrite_font_slots(),forbidden
codec,gcx,825,17706700,0x8C,0,0,0,,0,custom_token(index) + overwrite_font_slots(),forbidden
codec,gcx,826,17712016,0x8C,0,0,0,,0,custom_token(index) + overwrite_font_slots(),forbidden
codec,gcx,827,17716756,0x8C,0,0,0,,0,custom_token(index) + overwrite_font_slots(),forbidden
codec,gcx,828,17721884,0x8C,0,0,0,,0,custom_token(index) + overwrite_font_slots(),forbidden
codec,gcx,829,17726788,0x8C,2,2,0,,0,custom_token(index) + overwrite_font_slots(),forbidden
codec,gcx,830,17731844,0x8C,11,11,0,,0,custom_token(index) + overwrite_font_slots(),forbidden
codec,gcx,831,17737720,0x8C,10,10,0,,0,custom_token(index) + overwrite_font_slots(),forbidden
codec,gcx,832,17743424,0x8C,0,0,0,,0,custom_token(index) + overwrite_font_slots(),forbidden
codec,gcx,833,17748856,0x8C,11,11,0,,0,custom_token(index) + overwrite_font_slots(),forbidden
codec,gcx,834,17754940,0x8C,0,0,0,,0,custom_token(index) + overwrite_font_slots(),forbidden
codec,gcx,835,17761976,0x8C,0,0,0,,0,custom_token(index) + overwrite_font_slots(),forbidden
codec,gcx,836,17767560,0x8C,0,0,0,,0,custom_token(index) + overwrite_font_slots(),forbidden
codec,gcx,837,17772228,0x8C,0,0,0,,0,custom_token(index) + overwrite_font_slots(),forbidden
codec,gcx,838,17777072,0x8C,0,0,0,,0,custom_token(index) + overwrite_font_slots(),forbidden
codec,gcx,839,17781984,0x8C,0,0,0,,0,custom_token(index) + overwrite_font_slots(),forbidden
codec,gcx,840,17787072,0x8C,0,0,0,,0,custom_token(index) + overwrite_font_slots(),forbidden
codec,gcx,841,17792148,0x8C,11,11,0,,0,custom_token(index) + overwrite_font_slots(),forbidden
codec,gcx,842,17798140,0x8C,0,0,0,,0,custom_token(index) + overwrite_font_slots(),forbidden
codec,gcx,843,17803196,0x8C,10,10,0,,0,custom_token(index) + overwrite_font_slots(),forbidden
codec,gcx,844,17809500,0x8C,3,3,0,,0,custom_token(index) + overwrite_font_slots(),forbidden
codec,gcx,845,17815856,0x8C,0,0,0,,0,custom_token(index) + overwrite_font_slots(),forbidden
codec,gcx,846,17820544,0x8C,0,0,0,,0,custom_token(index) + overwrite_font_slots(),forbidden
codec,gcx,847,17825116,0x8C,0,0,0,,0,custom_token(index) + overwrite_font_slots(),forbidden
codec,gcx,848,17830600,0x8C,0,0,0,,0,custom_token(index) + overwrite_font_slots(),forbidden
codec,gcx,849,17836048,0x8C,5,5,0,,0,custom_token(index) + overwrite_font_slots(),forbidden
codec,gcx,850,17841852,0x8C,0,0,0,,0,custom_token(index) + overwrite_font_slots(),forbidden
codec,gcx,851,17846648,0x8C,0,0,0,,0,custom_token(index) + overwrite_font_slots(),forbidden
codec,gcx,852,17851696,0x8C,0,0,0,,0,custom_token(index) + overwrite_font_slots(),forbidden
codec,gcx,853,17856828,0x8C,0,0,0,,0,custom_token(index) + overwrite_font_slots(),forbidden
codec,gcx,854,17863680,0x8C,8,8,0,,0,custom_token(index) + overwrite_font_slots(),forbidden
codec,gcx,855,17869812,0x8C,0,0,0,,0,custom_token(index) + overwrite_font_slots(),forbidden
codec,gcx,856,17877216,0x8C,2,2,0,,0,custom_token(index) + overwrite_font_slots(),forbidden
codec,gcx,857,17883200,0x8C,0,0,0,,0,custom_token(index) + overwrite_font_slots(),forbidden
codec,gcx,858,17887924,0x8C,0,0,0,,0,custom_token(index) + overwrite_font_slots(),forbidden
codec,gcx,859,17892808,0x8C,5,5,0,,0,custom_token(index) + overwrite_font_slots(),forbidden
codec,gcx,860,17898204,0x8C,0,0,0,,0,custom_token(index) + overwrite_font_slots(),forbidden
codec,gcx,861,17903236,0x8C,2,2,0,,0,custom_token(index) + overwrite_font_slots(),forbidden
codec,gcx,862,17908396,0x8C,0,0,0,,0,custom_token(index) + overwrite_font_slots(),forbidden
codec,gcx,863,17913248,0x8C,0,0,0,,0,custom_token(index) + overwrite_font_slots(),forbidden
codec,gcx,864,17918060,0x8C,0,0,0,,0,custom_token(index) + overwrite_font_slots(),forbidden
codec,gcx,865,17922844,0x8C,0,0,0,,0,custom_token(index) + overwrite_font_slots(),forbidden
codec,gcx,866,17927720,0x8C,0,0,0,,0,custom_token(index) + overwrite_font_slots(),forbidden
codec,gcx,867,17932380,0x8C,0,0,0,,0,custom_token(index) + overwrite_font_slots(),forbidden
codec,gcx,868,17937124,0x8C,0,0,0,,0,custom_token(index) + overwrite_font_slots(),forbidden
codec,gcx,869,17941992,0x8C,0,0,0,,0,custom_token(index) + overwrite_font_slots(),forbidden
codec,gcx,870,17946864,0x8C,0,0,0,,0,custom_token(index) + overwrite_font_slots(),forbidden
codec,gcx,871,17952560,0x8C,0,0,0,,0,custom_token(index) + overwrite_font_slots(),forbidden
codec,gcx,872,17957328,0x8C,0,0,0,,0,custom_token(index) + overwrite_font_slots(),forbidden
codec,gcx,873,17961860,0x8C,0,0,0,,0,custom_token(index) + overwrite_font_slots(),forbidden
codec,gcx,874,17966620,0x8C,0,0,0,,0,custom_token(index) + overwrite_font_slots(),forbidden
codec,gcx,875,17971216,0x8C,0,0,0,,0,custom_token(index) + overwrite_font_slots(),forbidden
codec,gcx,876,17976852,0x8C,0,0,0,,0,custom_token(index) + overwrite_font_slots(),forbidden
codec,gcx,877,17982016,0x8C,0,0,0,,0,custom_token(index) + overwrite_font_slots(),forbidden
codec,gcx,878,17987432,0x8C,0,0,0,,0,custom_token(index) + overwrite_font_slots(),forbidden
codec,gcx,879,17992040,0x8C,0,0,0,,0,custom_token(index) + overwrite_font_slots(),forbidden
codec,gcx,880,17995948,0x8C,0,0,0,,0,custom_token(index) + overwrite_font_slots(),forbidden
codec,gcx,881,18002148,0x8C,1,1,0,,0,custom_token(index) + overwrite_font_slots(),forbidden
codec,gcx,882,18007716,0x8C,0,0,0,,0,custom_token(index) + overwrite_font_slots(),forbidden
codec,gcx,883,18012500,0x8C,0,0,0,,0,custom_token(index) + overwrite_font_slots(),forbidden
codec,gcx,884,18017364,0x8C,0,0,0,,0,custom_token(index) + overwrite_font_slots(),forbidden
codec,gcx,885,18022064,0x8C,0,0,0,,0,custom_token(index) + overwrite_font_slots(),forbidden
codec,gcx,886,18026948,0x8C,0,0,0,,0,custom_token(index) + overwrite_font_slots(),forbidden
codec,gcx,887,18032024,0x8C,0,0,0,,0,custom_token(index) + overwrite_font_slots(),forbidden
codec,gcx,888,18037008,0x8C,0,0,0,,0,custom_token(index) + overwrite_font_slots(),forbidden
codec,gcx,889,18041520,0x8C,0,0,0,,0,custom_token(index) + overwrite_font_slots(),forbidden
codec,gcx,890,18046248,0x8C,0,0,0,,0,custom_token(index) + overwrite_font_slots(),forbidden
codec,gcx,891,18051072,0x8C,0,0,0,,0,custom_token(index) + overwrite_font_slots(),forbidden
codec,gcx,892,18055892,0x8C,0,0,0,,0,custom_token(index) + overwrite_font_slots(),forbidden
codec,gcx,893,18060676,0x8C,0,0,0,,0,custom_token(index) + overwrite_font_slots(),forbidden
codec,gcx,894,18066300,0x8C,0,0,0,,0,custom_token(index) + overwrite_font_slots(),forbidden
codec,gcx,895,18071304,0x8C,0,0,0,,0,custom_token(index) + overwrite_font_slots(),forbidden
codec,gcx,896,18075964,0x8C,0,0,0,,0,custom_token(index) + overwrite_font_slots(),forbidden
codec,gcx,897,18080840,0x8C,0,0,0,,0,custom_token(index) + overwrite_font_slots(),forbidden
codec,gcx,898,18087680,0x8C,3,3,0,,0,custom_token(index) + overwrite_font_slots(),forbidden
codec,gcx,899,18093548,0x8C,0,0,0,,0,custom_token(index) + overwrite_font_slots(),forbidden
codec,gcx,900,18099604,0x8C,29,29,0,,0,custom_token(index) + overwrite_font_slots(),forbidden
codec,gcx,901,18107452,0x8C,0,0,0,,0,custom_token(index) + overwrite_font_slots(),forbidden
codec,gcx,902,18112220,0x8C,0,0,0,,0,custom_token(index) + overwrite_font_slots(),forbidden
codec,gcx,903,18117488,0x8C,0,0,0,,0,custom_token(index) + overwrite_font_slots(),forbidden
codec,gcx,904,18122888,0x8C,0,0,0,,0,custom_token(index) + overwrite_font_slots(),forbidden
codec,gcx,905,18128060,0x8C,0,0,0,,0,custom_token(index) + overwrite_font_slots(),forbidden
codec,gcx,906,18132632,0x8C,0,0,0,,0,custom_token(index) + overwrite_font_slots(),forbidden
codec,gcx,907,18137188,0x8C,0,0,0,,0,custom_token(index) + overwrite_font_slots(),forbidden
codec,gcx,908,18145028,0x8C,23,23,0,,0,custom_token(index) + overwrite_font_slots(),forbidden
codec,gcx,909,18152764,0x8C,9,9,0,,0,custom_token(index) + overwrite_font_slots(),forbidden
codec,gcx,910,18158888,0x8C,0,0,0,,0,custom_token(index) + overwrite_font_slots(),forbidden
codec,gcx,911,18164244,0x8C,5,5,0,,0,custom_token(index) + overwrite_font_slots(),forbidden
codec,gcx,912,18169600,0x8C,0,0,0,,0,custom_token(index) + overwrite_font_slots(),forbidden
codec,gcx,913,18175744,0x8C,28,28,0,,0,custom_token(index) + overwrite_font_slots(),forbidden
codec,gcx,914,18184924,0x8C,0,0,0,,0,custom_token(index) + overwrite_font_slots(),forbidden
codec,gcx,915,18190116,0x8C,0,0,0,,0,custom_token(index) + overwrite_font_slots(),forbidden
codec,gcx,916,18194956,0x8C,0,0,0,,0,custom_token(index) + overwrite_font_slots(),forbidden
codec,gcx,917,18199948,0x8C,0,0,0,,0,custom_token(index) + overwrite_font_slots(),forbidden
codec,gcx,918,18204964,0x8C,0,0,0,,0,custom_token(index) + overwrite_font_slots(),forbidden
codec,gcx,919,18209736,0x8C,0,0,0,,0,custom_token(index) + overwrite_font_slots(),forbidden
codec,gcx,920,18214484,0x8C,0,0,0,,0,custom_token(index) + overwrite_font_slots(),forbidden
codec,gcx,921,18219476,0x8C,0,0,0,,0,custom_token(index) + overwrite_font_slots(),forbidden
codec,gcx,922,18224628,0x8C,0,0,0,,0,custom_token(index) + overwrite_font_slots(),forbidden
codec,gcx,923,18229424,0x8C,0,0,0,,0,custom_token(index) + overwrite_font_slots(),forbidden
codec,gcx,924,18234476,0x8C,0,0,0,,0,custom_token(index) + overwrite_font_slots(),forbidden
codec,gcx,925,18239064,0x8C,0,0,0,,0,custom_token(index) + overwrite_font_slots(),forbidden
codec,gcx,926,18244120,0x8C,0,0,0,,0,custom_token(index) + overwrite_font_slots(),forbidden
codec,gcx,927,18250680,0x8C,9,9,0,,0,custom_token(index) + overwrite_font_slots(),forbidden
codec,gcx,928,18257216,0x8C,0,0,0,,0,custom_token(index) + overwrite_font_slots(),forbidden
codec,gcx,929,18262028,0x8C,0,0,0,,0,custom_token(index) + overwrite_font_slots(),forbidden
codec,gcx,930,18266668,0x8C,0,0,0,,0,custom_token(index) + overwrite_font_slots(),forbidden
codec,gcx,931,18271164,0x8C,0,0,0,,0,custom_token(index) + overwrite_font_slots(),forbidden
codec,gcx,932,18276564,0x8C,0,0,0,,0,custom_token(index) + overwrite_font_slots(),forbidden
codec,gcx,933,18281748,0x8C,0,0,0,,0,custom_token(index) + overwrite_font_slots(),forbidden
codec,gcx,934,18286624,0x8C,0,0,0,,0,custom_token(index) + overwrite_font_slots(),forbidden
codec,gcx,935,18291624,0x8C,0,0,0,,0,custom_token(index) + overwrite_font_slots(),forbidden
codec,gcx,936,18296760,0x8C,0,0,0,,0,custom_token(index) + overwrite_font_slots(),forbidden
codec,gcx,937,18301524,0x8C,0,0,0,,0,custom_token(index) + overwrite_font_slots(),forbidden
codec,gcx,938,18306456,0x8C,0,0,0,,0,custom_token(index) + overwrite_font_slots(),forbidden
codec,gcx,939,18311384,0x8C,0,0,0,,0,custom_token(index) + overwrite_font_slots(),forbidden
codec,gcx,940,18316312,0x8C,0,0,0,,0,custom_token(index) + overwrite_font_slots(),forbidden
codec,gcx,941,18321192,0x8C,0,0,0,,0,custom_token(index) + overwrite_font_slots(),forbidden
codec,gcx,942,18325968,0x8C,0,0,0,,0,custom_token(index) + overwrite_font_slots(),forbidden
codec,gcx,943,18330524,0x8C,0,0,0,,0,custom_token(index) + overwrite_font_slots(),forbidden
codec,gcx,944,18335004,0x8C,0,0,0,,0,custom_token(index) + overwrite_font_slots(),forbidden
codec,gcx,945,18339596,0x8C,0,0,0,,0,custom_token(index) + overwrite_font_slots(),forbidden
codec,gcx,946,18344156,0x8C,0,0,0,,0,custom_token(index) + overwrite_font_slots(),forbidden
codec,gcx,947,18348472,0x8C,0,0,0,,0,custom_token(index) + overwrite_font_slots(),forbidden
codec,gcx,948,18353028,0x8C,0,0,0,,0,custom_token(index) + overwrite_font_slots(),forbidden
codec,gcx,949,18357624,0x8C,0,0,0,,0,custom_token(index) + overwrite_font_slots(),forbidden
codec,gcx,950,18362216,0x8C,0,0,0,,0,custom_token(index) + overwrite_font_slots(),forbidden
codec,gcx,951,18367268,0x8C,0,0,0,,0,custom_token(index) + overwrite_font_slots(),forbidden
codec,gcx,952,18371476,0x8C,0,0,0,,0,custom_token(index) + overwrite_font_slots(),forbidden
codec,gcx,953,18376040,0x8C,0,0,0,,0,custom_token(index) + overwrite_font_slots(),forbidden
codec,gcx,954,18380648,0x8C,0,0,0,,0,custom_token(index) + overwrite_font_slots(),forbidden
codec,gcx,955,18385312,0x8C,0,0,0,,0,custom_token(index) + overwrite_font_slots(),forbidden
codec,gcx,956,18390464,0x8C,11,11,0,,0,custom_token(index) + overwrite_font_slots(),forbidden
codec,gcx,957,18395372,0x8C,0,0,0,,0,custom_token(index) + overwrite_font_slots(),forbidden
codec,gcx,958,18400112,0x8C,0,0,0,,0,custom_token(index) + overwrite_font_slots(),forbidden
codec,gcx,959,18405112,0x8C,4,4,0,,0,custom_token(index) + overwrite_font_slots(),forbidden
codec,gcx,960,18410468,0x8C,0,0,0,,0,custom_token(index) + overwrite_font_slots(),forbidden
codec,gcx,961,18415264,0x8C,0,0,0,,0,custom_token(index) + overwrite_font_slots(),forbidden
codec,gcx,962,18419788,0x8C,0,0,0,,0,custom_token(index) + overwrite_font_slots(),forbidden
codec,gcx,963,18424860,0x8C,0,0,0,,0,custom_token(index) + overwrite_font_slots(),forbidden
codec,gcx,964,18429472,0x8C,0,0,0,,0,custom_token(index) + overwrite_font_slots(),forbidden
codec,gcx,965,18433976,0x8C,0,0,0,,0,custom_token(index) + overwrite_font_slots(),forbidden
codec,gcx,966,18438464,0x8C,0,0,0,,0,custom_token(index) + overwrite_font_slots(),forbidden
codec,gcx,967,18443200,0x8C,3,3,0,,0,custom_token(index) + overwrite_font_slots(),forbidden
codec,gcx,968,18448864,0x8C,0,0,0,,0,custom_token(index) + overwrite_font_slots(),forbidden
codec,gcx,969,18453992,0x8C,0,0,0,,0,custom_token(index) + overwrite_font_slots(),forbidden
codec,gcx,970,18458604,0x8C,0,0,0,,0,custom_token(index) + overwrite_font_slots(),forbidden
codec,gcx,971,18463248,0x8C,0,0,0,,0,custom_token(index) + overwrite_font_slots(),forbidden
codec,gcx,972,18467796,0x8C,0,0,0,,0,custom_token(index) + overwrite_font_slots(),forbidden
codec,gcx,973,18472396,0x8C,0,0,0,,0,custom_token(index) + overwrite_font_slots(),forbidden
codec,gcx,974,18477264,0x8C,0,0,0,,0,custom_token(index) + overwrite_font_slots(),forbidden
codec,gcx,975,18482048,0x8C,0,0,0,,0,custom_token(index) + overwrite_font_slots(),forbidden
codec,gcx,976,18486704,0x8C,0,0,0,,0,custom_token(index) + overwrite_font_slots(),forbidden
codec,gcx,977,18491960,0x8C,4,4,0,,0,custom_token(index) + overwrite_font_slots(),forbidden
codec,gcx,978,18497180,0x8C,0,0,0,,0,custom_token(index) + overwrite_font_slots(),forbidden
codec,gcx,979,18501936,0x8C,0,0,0,,0,custom_token(index) + overwrite_font_slots(),forbidden
codec,gcx,980,18507088,0x8C,0,0,0,,0,custom_token(index) + overwrite_font_slots(),forbidden
codec,gcx,981,18512004,0x8C,0,0,0,,0,custom_token(index) + overwrite_font_slots(),forbidden
codec,gcx,982,18517164,0x8C,0,0,0,,0,custom_token(index) + overwrite_font_slots(),forbidden
codec,gcx,983,18522068,0x8C,0,0,0,,0,custom_token(index) + overwrite_font_slots(),forbidden
codec,gcx,984,18526696,0x8C,0,0,0,,0,custom_token(index) + overwrite_font_slots(),forbidden
codec,gcx,985,18531440,0x8C,0,0,0,,0,custom_token(index) + overwrite_font_slots(),forbidden
codec,gcx,986,18536132,0x8C,0,0,0,,0,custom_token(index) + overwrite_font_slots(),forbidden
codec,gcx,987,18540644,0x8C,0,0,0,,0,custom_token(index) + overwrite_font_slots(),forbidden
codec,gcx,988,18545116,0x8C,0,0,0,,0,custom_token(index) + overwrite_font_slots(),forbidden
codec,gcx,989,18549744,0x8C,0,0,0,,0,custom_token(index) + overwrite_font_slots(),forbidden
codec,gcx,990,18554736,0x8C,0,0,0,,0,custom_token(index) + overwrite_font_slots(),forbidden
codec,gcx,991,18559988,0x8C,0,0,0,,0,custom_token(index) + overwrite_font_slots(),forbidden
codec,gcx,992,18565392,0x8C,13,13,0,,0,custom_token(index) + overwrite_font_slots(),forbidden
codec,gcx,993,18571872,0x8C,0,0,0,,0,custom_token(index) + overwrite_font_slots(),forbidden
codec,gcx,994,18577976,0x8C,0,0,0,,0,custom_token(index) + overwrite_font_slots(),forbidden
codec,gcx,995,18583364,0x8C,0,0,0,,0,custom_token(index) + overwrite_font_slots(),forbidden
codec,gcx,996,18588172,0x8C,0,0,0,,0,custom_token(index) + overwrite_font_slots(),forbidden
codec,gcx,997,18592792,0x8C,0,0,0,,0,custom_token(index) + overwrite_font_slots(),forbidden
codec,gcx,998,18598512,0x8C,1,0,1,0,64,custom_token(index) + overwrite_font_slots(),forbidden
codec,gcx,999,18603920,0x8C,7,7,0,,0,custom_token(index) + overwrite_font_slots(),forbidden
codec,gcx,1000,18610036,0x8C,0,0,0,,0,custom_token(index) + overwrite_font_slots(),forbidden
codec,gcx,1001,18614600,0x8C,0,0,0,,0,custom_token(index) + overwrite_font_slots(),forbidden
codec,gcx,1002,18619312,0x8C,0,0,0,,0,custom_token(index) + overwrite_font_slots(),forbidden
codec,gcx,1003,18624300,0x8C,0,0,0,,0,custom_token(index) + overwrite_font_slots(),forbidden
codec,gcx,1004,18629656,0x8C,0,0,0,,0,custom_token(index) + overwrite_font_slots(),forbidden
codec,gcx,1005,18634600,0x8C,0,0,0,,0,custom_token(index) + overwrite_font_slots(),forbidden
codec,gcx,1006,18639680,0x8C,7,7,0,,0,custom_token(index) + overwrite_font_slots(),forbidden
codec,gcx,1007,18645440,0x8C,0,0,0,,0,custom_token(index) + overwrite_font_slots(),forbidden
codec,gcx,1008,18650236,0x8C,0,0,0,,0,custom_token(index) + overwrite_font_slots(),forbidden
codec,gcx,1009,18654928,0x8C,0,0,0,,0,custom_token(index) + overwrite_font_slots(),forbidden
codec,gcx,1010,18659704,0x8C,0,0,0,,0,custom_token(index) + overwrite_font_slots(),forbidden
codec,gcx,1011,18664384,0x8C,0,0,0,,0,custom_token(index) + overwrite_font_slots(),forbidden
codec,gcx,1012,18669088,0x8C,0,0,0,,0,custom_token(index) + overwrite_font_slots(),forbidden
codec,gcx,1013,18673684,0x8C,0,0,0,,0,custom_token(index) + overwrite_font_slots(),forbidden
codec,gcx,1014,18678580,0x8C,0,0,0,,0,custom_token(index) + overwrite_font_slots(),forbidden
codec,gcx,1015,18683476,0x8C,0,0,0,,0,custom_token(index) + overwrite_font_slots(),forbidden
codec,gcx,1016,18688384,0x8C,0,0,0,,0,custom_token(index) + overwrite_font_slots(),forbidden
codec,gcx,1017,18692992,0x8C,0,0,0,,0,custom_token(index) + overwrite_font_slots(),forbidden
codec,gcx,1018,18697664,0x8C,0,0,0,,0,custom_token(index) + overwrite_font_slots(),forbidden
codec,gcx,1019,18702320,0x8C,0,0,0,,0,custom_token(index) + overwrite_font_slots(),forbidden
codec,gcx,1020,18706844,0x8C,0,0,0,,0,custom_token(index) + overwrite_font_slots(),forbidden
codec,gcx,1021,18711356,0x8C,0,0,0,,0,custom_token(index) + overwrite_font_slots(),forbidden
codec,gcx,1022,18716104,0x8C,0,0,0,,0,custom_token(index) + overwrite_font_slots(),forbidden
codec,gcx,1023,18720756,0x8C,0,0,0,,0,custom_token(index) + overwrite_font_slots(),forbidden
codec,gcx,1024,18726016,0x8C,0,0,0,,0,custom_token(index) + overwrite_font_slots(),forbidden
codec,gcx,1025,18730704,0x8C,0,0,0,,0,custom_token(index) + overwrite_font_slots(),forbidden
codec,gcx,1026,18735664,0x8C,0,0,0,,0,custom_token(index) + overwrite_font_slots(),forbidden
codec,gcx,1027,18740300,0x8C,0,0,0,,0,custom_token(index) + overwrite_font_slots(),forbidden
codec,gcx,1028,18744852,0x8C,0,0,0,,0,custom_token(index) + overwrite_font_slots(),forbidden
codec,gcx,1029,18749444,0x8C,0,0,0,,0,custom_token(index) + overwrite_font_slots(),forbidden
codec,gcx,1030,18754168,0x8C,0,0,0,,0,custom_token(index) + overwrite_font_slots(),forbidden
codec,gcx,1031,18758780,0x8C,0,0,0,,0,custom_token(index) + overwrite_font_slots(),forbidden
codec,gcx,1032,18763296,0x8C,0,0,0,,0,custom_token(index) + overwrite_font_slots(),forbidden
codec,gcx,1033,18767904,0x8C,0,0,0,,0,custom_token(index) + overwrite_font_slots(),forbidden
codec,gcx,1034,18772628,0x8C,0,0,0,,0,custom_token(index) + overwrite_font_slots(),forbidden
codec,gcx,1035,18777156,0x8C,0,0,0,,0,custom_token(index) + overwrite_font_slots(),forbidden
codec,gcx,1036,18781880,0x8C,0,0,0,,0,custom_token(index) + overwrite_font_slots(),forbidden
codec,gcx,1037,18790084,0x8C,32,32,0,,0,custom_token(index) + overwrite_font_slots(),forbidden
codec,gcx,1038,18799536,0x8C,0,0,0,,0,custom_token(index) + overwrite_font_slots(),forbidden
codec,gcx,1039,18804372,0x8C,5,5,0,,0,custom_token(index) + overwrite_font_slots(),forbidden
codec,gcx,1040,18809728,0x8C,0,0,0,,0,custom_token(index) + overwrite_font_slots(),forbidden
codec,gcx,1041,18814616,0x8C,5,5,0,,0,custom_token(index) + overwrite_font_slots(),forbidden
codec,gcx,1042,18820020,0x8C,0,0,0,,0,custom_token(index) + overwrite_font_slots(),forbidden
codec,gcx,1043,18824844,0x8C,0,0,0,,0,custom_token(index) + overwrite_font_slots(),forbidden
codec,gcx,1044,18830924,0x8C,0,0,0,,0,custom_token(index) + overwrite_font_slots(),forbidden
codec,gcx,1045,18836184,0x8C,0,0,0,,0,custom_token(index) + overwrite_font_slots(),forbidden
codec,gcx,1046,18841000,0x8C,0,0,0,,0,custom_token(index) + overwrite_font_slots(),forbidden
codec,gcx,1047,18845712,0x8C,0,0,0,,0,custom_token(index) + overwrite_font_slots(),forbidden
codec,gcx,1048,18850304,0x8C,0,0,0,,0,custom_token(index) + overwrite_font_slots(),forbidden
codec,gcx,1049,18854964,0x8C,0,0,0,,0,custom_token(index) + overwrite_font_slots(),forbidden
codec,gcx,1050,18859600,0x8C,0,0,0,,0,custom_token(index) + overwrite_font_slots(),forbidden
codec,gcx,1051,18864812,0x8C,0,0,0,,0,custom_token(index) + overwrite_font_slots(),forbidden
codec,gcx,1052,18869472,0x8C,0,0,0,,0,custom_token(index) + overwrite_font_slots(),forbidden
codec,gcx,1053,18874240,0x8C,0,0,0,,0,custom_token(index) + overwrite_font_slots(),forbidden
codec,gcx,1054,18879568,0x8C,0,0,0,,0,custom_token(index) + overwrite_font_slots(),forbidden
codec,gcx,1055,18884588,0x8C,0,0,0,,0,custom_token(index) + overwrite_font_slots(),forbidden
codec,gcx,1056,18890072,0x8C,0,0,0,,0,custom_token(index) + overwrite_font_slots(),forbidden
codec,gcx,1057,18895152,0x8C,0,0,0,,0,custom_token(index) + overwrite_font_slots(),forbidden
codec,gcx,1058,18899844,0x8C,0,0,0,,0,custom_token(index) + overwrite_font_slots(),forbidden
codec,gcx,1059,18904448,0x8C,0,0,0,,0,custom_token(index) + overwrite_font_slots(),forbidden
codec,gcx,1060,18909496,0x8C,0,0,0,,0,custom_token(index) + overwrite_font_slots(),forbidden
codec,gcx,1061,18914808,0x8C,0,0,0,,0,custom_token(index) + overwrite_font_slots(),forbidden
codec,gcx,1062,18919788,0x8C,0,0,0,,0,custom_token(index) + overwrite_font_slots(),forbidden
codec,gcx,1063,18924876,0x8C,0,0,0,,0,custom_token(index) + overwrite_font_slots(),forbidden
codec,gcx,1064,18929868,0x8C,0,0,0,,0,custom_token(index) + overwrite_font_slots(),forbidden
codec,gcx,1065,18935004,0x8C,0,0,0,,0,custom_token(index) + overwrite_font_slots(),forbidden
codec,gcx,1066,18939876,0x8C,0,0,0,,0,custom_token(index) + overwrite_font_slots(),forbidden
codec,gcx,1067,18944732,0x8C,7,7,0,,0,custom_token(index) + overwrite_font_slots(),forbidden
codec,gcx,1068,18950284,0x8C,0,0,0,,0,custom_token(index) + overwrite_font_slots(),forbidden
codec,gcx,1069,18955852,0x8C,0,0,0,,0,custom_token(index) + overwrite_font_slots(),forbidden
codec,gcx,1070,18960992,0x8C,0,0,0,,0,custom_token(index) + overwrite_font_slots(),forbidden
codec,gcx,1071,18965884,0x8C,0,0,0,,0,custom_token(index) + overwrite_font_slots(),forbidden
codec,gcx,1072,18974652,0x8C,0,0,0,,0,custom_token(index) + overwrite_font_slots(),forbidden
codec,gcx,1073,18980852,0x8C,0,0,0,,0,custom_token(index) + overwrite_font_slots(),forbidden
codec,gcx,1074,18985952,0x8C,0,0,0,,0,custom_token(index) + overwrite_font_slots(),forbidden
codec,gcx,1075,18990616,0x8C,0,0,0,,0,custom_token(index) + overwrite_font_slots(),forbidden
codec,gcx,1076,18995944,0x8C,0,0,0,,0,custom_token(index) + overwrite_font_slots(),forbidden
codec,gcx,1077,19001068,0x8C,0,0,0,,0,custom_token(index) + overwrite_font_slots(),forbidden
codec,gcx,1078,19006224,0x8C,0,0,0,,0,custom_token(index) + overwrite_font_slots(),forbidden
codec,gcx,1079,19011112,0x8C,0,0,0,,0,custom_token(index) + overwrite_font_slots(),forbidden
codec,gcx,1080,19015976,0x8C,0,0,0,,0,custom_token(index) + overwrite_font_slots(),forbidden
codec,gcx,1081,19020780,0x8C,7,7,0,,0,custom_token(index) + overwrite_font_slots(),forbidden
codec,gcx,1082,19025860,0x8C,0,0,0,,0,custom_token(index) + overwrite_font_slots(),forbidden
codec,gcx,1083,19030516,0x8C,0,0,0,,0,custom_token(index) + overwrite_font_slots(),forbidden
codec,gcx,1084,19036920,0x8C,0,0,0,,0,custom_token(index) + overwrite_font_slots(),forbidden
codec,gcx,1085,19041936,0x8C,0,0,0,,0,custom_token(index) + overwrite_font_slots(),forbidden
codec,gcx,1086,19045796,0x8C,0,0,0,,0,custom_token(index) + overwrite_font_slots(),forbidden
codec,gcx,1087,19049612,0x8C,0,0,0,,0,custom_token(index) + overwrite_font_slots(),forbidden
codec,gcx,1088,19053632,0x8C,0,0,0,,0,custom_token(index) + overwrite_font_slots(),forbidden
codec,gcx,1089,19058332,0x8C,13,13,0,,0,custom_token(index) + overwrite_font_slots(),forbidden
codec,gcx,1090,19063960,0x8C,0,0,0,,0,custom_token(index) + overwrite_font_slots(),forbidden
codec,gcx,1091,19068540,0x8C,0,0,0,,0,custom_token(index) + overwrite_font_slots(),forbidden
codec,gcx,1092,19072556,0x8C,0,0,0,,0,custom_token(index) + overwrite_font_slots(),forbidden
codec,gcx,1093,19076304,0x8C,0,0,0,,0,custom_token(index) + overwrite_font_slots(),forbidden
codec,gcx,1094,19081400,0x8C,0,0,0,,0,custom_token(index) + overwrite_font_slots(),forbidden
codec,gcx,1095,19086528,0x8C,0,0,0,,0,custom_token(index) + overwrite_font_slots(),forbidden
codec,gcx,1096,19091340,0x8C,0,0,0,,0,custom_token(index) + overwrite_font_slots(),forbidden
codec,gcx,1097,19096456,0x8C,8,8,0,,0,custom_token(index) + overwrite_font_slots(),forbidden
codec,gcx,1098,19101724,0x8C,0,0,0,,0,custom_token(index) + overwrite_font_slots(),forbidden
codec,gcx,1099,19106404,0x8C,0,0,0,,0,custom_token(index) + overwrite_font_slots(),forbidden
codec,gcx,1100,19111448,0x8C,0,0,0,,0,custom_token(index) + overwrite_font_slots(),forbidden
codec,gcx,1101,19116212,0x8C,8,8,0,,0,custom_token(index) + overwrite_font_slots(),forbidden
codec,gcx,1102,19121984,0x8C,0,0,0,,0,custom_token(index) + overwrite_font_slots(),forbidden
codec,gcx,1103,19127156,0x8C,0,0,0,,0,custom_token(index) + overwrite_font_slots(),forbidden
codec,gcx,1104,19132244,0x8C,3,3,0,,0,custom_token(index) + overwrite_font_slots(),forbidden
codec,gcx,1105,19137668,0x8C,0,0,0,,0,custom_token(index) + overwrite_font_slots(),forbidden
codec,gcx,1106,19142636,0x8C,0,0,0,,0,custom_token(index) + overwrite_font_slots(),forbidden
codec,gcx,1107,19149176,0x8C,13,13,0,,0,custom_token(index) + overwrite_font_slots(),forbidden
codec,gcx,1108,19155720,0x8C,0,0,0,,0,custom_token(index) + overwrite_font_slots(),forbidden
codec,gcx,1109,19160272,0x8C,0,0,0,,0,custom_token(index) + overwrite_font_slots(),forbidden
codec,gcx,1110,19164932,0x8C,0,0,0,,0,custom_token(index) + overwrite_font_slots(),forbidden
codec,gcx,1111,19170100,0x8C,0,0,0,,0,custom_token(index) + overwrite_font_slots(),forbidden
codec,gcx,1112,19175080,0x8C,0,0,0,,0,custom_token(index) + overwrite_font_slots(),forbidden
codec,gcx,1113,19180032,0x8C,0,0,0,,0,custom_token(index) + overwrite_font_slots(),forbidden
codec,gcx,1114,19185260,0x8C,0,0,0,,0,custom_token(index) + overwrite_font_slots(),forbidden
codec,gcx,1115,19190320,0x8C,0,0,0,,0,custom_token(index) + overwrite_font_slots(),forbidden
codec,gcx,1116,19195064,0x8C,0,0,0,,0,custom_token(index) + overwrite_font_slots(),forbidden
codec,gcx,1117,19199764,0x8C,0,0,0,,0,custom_token(index) + overwrite_font_slots(),forbidden
codec,gcx,1118,19205148,0x8C,5,5,0,,0,custom_token(index) + overwrite_font_slots(),forbidden
codec,gcx,1119,19210400,0x8C,0,0,0,,0,custom_token(index) + overwrite_font_slots(),forbidden
codec,gcx,1120,19215108,0x8C,0,0,0,,0,custom_token(index) + overwrite_font_slots(),forbidden
codec,gcx,1121,19220156,0x8C,13,13,0,,0,custom_token(index) + overwrite_font_slots(),forbidden
codec,gcx,1122,19226420,0x8C,0,0,0,,0,custom_token(index) + overwrite_font_slots(),forbidden
codec,gcx,1123,19231936,0x8C,0,0,0,,0,custom_token(index) + overwrite_font_slots(),forbidden
codec,gcx,1124,19236920,0x8C,0,0,0,,0,custom_token(index) + overwrite_font_slots(),forbidden
codec,gcx,1125,19241932,0x8C,0,0,0,,0,custom_token(index) + overwrite_font_slots(),forbidden
codec,gcx,1126,19246740,0x8C,0,0,0,,0,custom_token(index) + overwrite_font_slots(),forbidden
codec,gcx,1127,19252044,0x8C,0,0,0,,0,custom_token(index) + overwrite_font_slots(),forbidden
codec,gcx,1128,19256964,0x8C,0,0,0,,0,custom_token(index) + overwrite_font_slots(),forbidden
codec,gcx,1129,19261448,0x8C,0,0,0,,0,custom_token(index) + overwrite_font_slots(),forbidden
codec,gcx,1130,19265708,0x8C,7,7,0,,0,custom_token(index) + overwrite_font_slots(),forbidden
codec,gcx,1131,19270316,0x8C,0,0,0,,0,custom_token(index) + overwrite_font_slots(),forbidden
codec,gcx,1132,19274300,0x8C,0,0,0,,0,custom_token(index) + overwrite_font_slots(),forbidden
codec,gcx,1133,19278696,0x8C,0,0,0,,0,custom_token(index) + overwrite_font_slots(),forbidden
codec,gcx,1134,19282560,0x8C,0,0,0,,0,custom_token(index) + overwrite_font_slots(),forbidden
codec,gcx,1135,19286932,0x8C,0,0,0,,0,custom_token(index) + overwrite_font_slots(),forbidden
codec,gcx,1136,19291260,0x8C,0,0,0,,0,custom_token(index) + overwrite_font_slots(),forbidden
codec,gcx,1137,19295328,0x8C,0,0,0,,0,custom_token(index) + overwrite_font_slots(),forbidden
codec,gcx,1138,19299184,0x8C,0,0,0,,0,custom_token(index) + overwrite_font_slots(),forbidden
codec,gcx,1139,19303096,0x8C,0,0,0,,0,custom_token(index) + overwrite_font_slots(),forbidden
codec,gcx,1140,19308692,0x8C,0,0,0,,0,custom_token(index) + overwrite_font_slots(),forbidden
codec,gcx,1141,19314864,0x8C,0,0,0,,0,custom_token(index) + overwrite_font_slots(),forbidden
codec,gcx,1142,19320632,0x8C,0,0,0,,0,custom_token(index) + overwrite_font_slots(),forbidden
codec,gcx,1143,19325432,0x8C,0,0,0,,0,custom_token(index) + overwrite_font_slots(),forbidden
codec,gcx,1144,19330240,0x8C,0,0,0,,0,custom_token(index) + overwrite_font_slots(),forbidden
codec,gcx,1145,19335352,0x8C,0,0,0,,0,custom_token(index) + overwrite_font_slots(),forbidden
codec,gcx,1146,19340312,0x8C,13,13,0,,0,custom_token(index) + overwrite_font_slots(),forbidden
codec,gcx,1147,19345928,0x8C,0,0,0,,0,custom_token(index) + overwrite_font_slots(),forbidden
codec,gcx,1148,19350480,0x8C,0,0,0,,0,custom_token(index) + overwrite_font_slots(),forbidden
codec,gcx,1149,19355152,0x8C,0,0,0,,0,custom_token(index) + overwrite_font_slots(),forbidden
codec,gcx,1150,19359504,0x8C,14,14,0,,0,custom_token(index) + overwrite_font_slots(),forbidden
codec,gcx,1151,19365660,0x8C,0,0,0,,0,custom_token(index) + overwrite_font_slots(),forbidden
codec,gcx,1152,19370808,0x8C,0,0,0,,0,custom_token(index) + overwrite_font_slots(),forbidden
codec,gcx,1153,19375976,0x8C,9,9,0,,0,custom_token(index) + overwrite_font_slots(),forbidden
codec,gcx,1154,19381804,0x8C,0,0,0,,0,custom_token(index) + overwrite_font_slots(),forbidden
codec,gcx,1155,19386760,0x8C,0,0,0,,0,custom_token(index) + overwrite_font_slots(),forbidden
codec,gcx,1156,19391788,0x8C,0,0,0,,0,custom_token(index) + overwrite_font_slots(),forbidden
codec,gcx,1157,19396684,0x8C,0,0,0,,0,custom_token(index) + overwrite_font_slots(),forbidden
codec,gcx,1158,19401728,0x8C,0,0,0,,0,custom_token(index) + overwrite_font_slots(),forbidden
codec,gcx,1159,19407084,0x8C,0,0,0,,0,custom_token(index) + overwrite_font_slots(),forbidden
codec,gcx,1160,19412156,0x8C,0,0,0,,0,custom_token(index) + overwrite_font_slots(),forbidden
codec,gcx,1161,19417100,0x8C,3,3,0,,0,custom_token(index) + overwrite_font_slots(),forbidden
codec,gcx,1162,19421972,0x8C,0,0,0,,0,custom_token(index) + overwrite_font_slots(),forbidden
codec,gcx,1163,19426512,0x8C,0,0,0,,0,custom_token(index) + overwrite_font_slots(),forbidden
codec,gcx,1164,19431928,0x8C,6,6,0,,0,custom_token(index) + overwrite_font_slots(),forbidden
codec,gcx,1165,19437324,0x8C,0,0,0,,0,custom_token(index) + overwrite_font_slots(),forbidden
codec,gcx,1166,19442264,0x8C,0,0,0,,0,custom_token(index) + overwrite_font_slots(),forbidden
codec,gcx,1167,19446400,0x8C,0,0,0,,0,custom_token(index) + overwrite_font_slots(),forbidden
codec,gcx,1168,19450460,0x8C,0,0,0,,0,custom_token(index) + overwrite_font_slots(),forbidden
codec,gcx,1169,19454572,0x8C,0,0,0,,0,custom_token(index) + overwrite_font_slots(),forbidden
codec,gcx,1170,19459304,0x8C,0,0,0,,0,custom_token(index) + overwrite_font_slots(),forbidden
codec,gcx,1171,19464108,0x8C,0,0,0,,0,custom_token(index) + overwrite_font_slots(),forbidden
codec,gcx,1172,19468648,0x8C,0,0,0,,0,custom_token(index) + overwrite_font_slots(),forbidden
codec,gcx,1173,19473380,0x8C,0,0,0,,0,custom_token(index) + overwrite_font_slots(),forbidden
codec,gcx,1174,19477972,0x8C,0,0,0,,0,custom_token(index) + overwrite_font_slots(),forbidden
codec,gcx,1175,19483180,0x8C,16,16,0,,0,custom_token(index) + overwrite_font_slots(),forbidden
codec,gcx,1176,19489580,0x8C,0,0,0,,0,custom_token(index) + overwrite_font_slots(),forbidden
codec,gcx,1177,19494496,0x8C,0,0,0,,0,custom_token(index) + overwrite_font_slots(),forbidden
codec,gcx,1178,19499372,0x8C,0,0,0,,0,custom_token(index) + overwrite_font_slots(),forbidden
codec,gcx,1179,19503996,0x8C,0,0,0,,0,custom_token(index) + overwrite_font_slots(),forbidden
codec,gcx,1180,19508788,0x8C,0,0,0,,0,custom_token(index) + overwrite_font_slots(),forbidden
codec,gcx,1181,19512780,0x8C,0,0,0,,0,custom_token(index) + overwrite_font_slots(),forbidden
codec,gcx,1182,19517000,0x8C,0,0,0,,0,custom_token(index) + overwrite_font_slots(),forbidden
codec,gcx,1183,19521160,0x8C,0,0,0,,0,custom_token(index) + overwrite_font_slots(),forbidden
codec,gcx,1184,19525052,0x8C,0,0,0,,0,custom_token(index) + overwrite_font_slots(),forbidden
codec,gcx,1185,19528832,0x8C,0,0,0,,0,custom_token(index) + overwrite_font_slots(),forbidden
codec,gcx,1186,19533696,0x8C,0,0,0,,0,custom_token(index) + overwrite_font_slots(),forbidden
codec,gcx,1187,19538560,0x8C,0,0,0,,0,custom_token(index) + overwrite_font_slots(),forbidden
codec,gcx,1188,19543688,0x8C,0,0,0,,0,custom_token(index) + overwrite_font_slots(),forbidden
codec,gcx,1189,19549156,0x8C,8,8,0,,0,custom_token(index) + overwrite_font_slots(),forbidden
codec,gcx,1190,19554896,0x8C,0,0,0,,0,custom_token(index) + overwrite_font_slots(),forbidden
codec,gcx,1191,19559888,0x8C,0,0,0,,0,custom_token(index) + overwrite_font_slots(),forbidden
codec,gcx,1192,19564740,0x8C,0,0,0,,0,custom_token(index) + overwrite_font_slots(),forbidden
codec,gcx,1193,19569356,0x8C,0,0,0,,0,custom_token(index) + overwrite_font_slots(),forbidden
codec,gcx,1194,19574144,0x8C,0,0,0,,0,custom_token(index) + overwrite_font_slots(),forbidden
codec,gcx,1195,19578984,0x8C,0,0,0,,0,custom_token(index) + overwrite_font_slots(),forbidden
codec,gcx,1196,19583864,0x8C,0,0,0,,0,custom_token(index) + overwrite_font_slots(),forbidden
codec,gcx,1197,19588764,0x8C,0,0,0,,0,custom_token(index) + overwrite_font_slots(),forbidden
codec,gcx,1198,19593532,0x8C,0,0,0,,0,custom_token(index) + overwrite_font_slots(),forbidden
codec,gcx,1199,19598124,0x8C,0,0,0,,0,custom_token(index) + overwrite_font_slots(),forbidden
codec,gcx,1200,19602864,0x8C,0,0,0,,0,custom_token(index) + overwrite_font_slots(),forbidden
codec,gcx,1201,19607456,0x8C,0,0,0,,0,custom_token(index) + overwrite_font_slots(),forbidden
codec,gcx,1202,19612368,0x8C,0,0,0,,0,custom_token(index) + overwrite_font_slots(),forbidden
codec,gcx,1203,19617068,0x8C,0,0,0,,0,custom_token(index) + overwrite_font_slots(),forbidden
codec,gcx,1204,19622056,0x8C,0,0,0,,0,custom_token(index) + overwrite_font_slots(),forbidden
codec,gcx,1205,19626784,0x8C,0,0,0,,0,custom_token(index) + overwrite_font_slots(),forbidden
codec,gcx,1206,19631344,0x8C,0,0,0,,0,custom_token(index) + overwrite_font_slots(),forbidden
codec,gcx,1207,19636312,0x8C,2,2,0,,0,custom_token(index) + overwrite_font_slots(),forbidden
codec,gcx,1208,19641448,0x8C,0,0,0,,0,custom_token(index) + overwrite_font_slots(),forbidden
codec,gcx,1209,19646128,0x8C,0,0,0,,0,custom_token(index) + overwrite_font_slots(),forbidden
codec,gcx,1210,19651316,0x8C,0,0,0,,0,custom_token(index) + overwrite_font_slots(),forbidden
codec,gcx,1211,19656424,0x8C,0,0,0,,0,custom_token(index) + overwrite_font_slots(),forbidden
codec,gcx,1212,19661328,0x8C,7,7,0,,0,custom_token(index) + overwrite_font_slots(),forbidden
codec,gcx,1213,19666900,0x8C,0,0,0,,0,custom_token(index) + overwrite_font_slots(),forbidden
codec,gcx,1214,19672308,0x8C,0,0,0,,0,custom_token(index) + overwrite_font_slots(),forbidden
codec,gcx,1215,19676948,0x8C,0,0,0,,0,custom_token(index) + overwrite_font_slots(),forbidden
codec,gcx,1216,19681676,0x8C,0,0,0,,0,custom_token(index) + overwrite_font_slots(),forbidden
codec,gcx,1217,19686388,0x8C,0,0,0,,0,custom_token(index) + overwrite_font_slots(),forbidden
codec,gcx,1218,19691604,0x8C,14,14,0,,0,custom_token(index) + overwrite_font_slots(),forbidden
codec,gcx,1219,19699704,0x8C,8,8,0,,0,custom_token(index) + overwrite_font_slots(),forbidden
codec,gcx,1220,19705944,0x8C,0,0,0,,0,custom_token(index) + overwrite_font_slots(),forbidden
codec,gcx,1221,19710644,0x8C,0,0,0,,0,custom_token(index) + overwrite_font_slots(),forbidden
codec,gcx,1222,19715468,0x8C,0,0,0,,0,custom_token(index) + overwrite_font_slots(),forbidden
codec,gcx,1223,19720048,0x8C,0,0,0,,0,custom_token(index) + overwrite_font_slots(),forbidden
codec,gcx,1224,19724852,0x8C,5,5,0,,0,custom_token(index) + overwrite_font_slots(),forbidden
codec,gcx,1225,19730428,0x8C,0,0,0,,0,custom_token(index) + overwrite_font_slots(),forbidden
codec,gcx,1226,19735320,0x8C,0,0,0,,0,custom_token(index) + overwrite_font_slots(),forbidden
codec,gcx,1227,19740432,0x8C,0,0,0,,0,custom_token(index) + overwrite_font_slots(),forbidden
codec,gcx,1228,19745164,0x8C,0,0,0,,0,custom_token(index) + overwrite_font_slots(),forbidden
codec,gcx,1229,19749928,0x8C,0,0,0,,0,custom_token(index) + overwrite_font_slots(),forbidden
codec,gcx,1230,19754824,0x8C,0,0,0,,0,custom_token(index) + overwrite_font_slots(),forbidden
codec,gcx,1231,19759628,0x8C,5,5,0,,0,custom_token(index) + overwrite_font_slots(),forbidden
codec,gcx,1232,19764860,0x8C,0,0,0,,0,custom_token(index) + overwrite_font_slots(),forbidden
codec,gcx,1233,19769860,0x8C,0,0,0,,0,custom_token(index) + overwrite_font_slots(),forbidden
codec,gcx,1234,19774664,0x8C,0,0,0,,0,custom_token(index) + overwrite_font_slots(),forbidden
codec,gcx,1235,19779360,0x8C,0,0,0,,0,custom_token(index) + overwrite_font_slots(),forbidden
codec,gcx,1236,19784128,0x8C,0,0,0,,0,custom_token(index) + overwrite_font_slots(),forbidden
codec,gcx,1237,19788904,0x8C,0,0,0,,0,custom_token(index) + overwrite_font_slots(),forbidden
codec,gcx,1238,19793776,0x8C,0,0,0,,0,custom_token(index) + overwrite_font_slots(),forbidden
codec,gcx,1239,19799340,0x8C,0,0,0,,0,custom_token(index) + overwrite_font_slots(),forbidden
codec,gcx,1240,19805344,0x8C,30,30,0,,0,custom_token(index) + overwrite_font_slots(),forbidden
codec,gcx,1241,19812940,0x8C,0,0,0,,0,custom_token(index) + overwrite_font_slots(),forbidden
codec,gcx,1242,19818400,0x8C,0,0,0,,0,custom_token(index) + overwrite_font_slots(),forbidden
codec,gcx,1243,19823896,0x8C,0,0,0,,0,custom_token(index) + overwrite_font_slots(),forbidden
codec,gcx,1244,19829016,0x8C,0,0,0,,0,custom_token(index) + overwrite_font_slots(),forbidden
codec,gcx,1245,19835540,0x8C,0,0,0,,0,custom_token(index) + overwrite_font_slots(),forbidden
codec,gcx,1246,19841472,0x8C,0,0,0,,0,custom_token(index) + overwrite_font_slots(),forbidden
codec,gcx,1247,19846868,0x8C,0,0,0,,0,custom_token(index) + overwrite_font_slots(),forbidden
codec,gcx,1248,19851640,0x8C,0,0,0,,0,custom_token(index) + overwrite_font_slots(),forbidden
codec,gcx,1249,19856380,0x8C,0,0,0,,0,custom_token(index) + overwrite_font_slots(),forbidden
codec,gcx,1250,19861112,0x8C,0,0,0,,0,custom_token(index) + overwrite_font_slots(),forbidden
codec,gcx,1251,19866324,0x8C,0,0,0,,0,custom_token(index) + overwrite_font_slots(),forbidden
codec,gcx,1252,19872052,0x8C,0,0,0,,0,custom_token(index) + overwrite_font_slots(),forbidden
codec,gcx,1253,19876844,0x8C,0,0,0,,0,custom_token(index) + overwrite_font_slots(),forbidden
codec,gcx,1254,19881460,0x8C,0,0,0,,0,custom_token(index) + overwrite_font_slots(),forbidden
codec,gcx,1255,19886004,0x8C,0,0,0,,0,custom_token(index) + overwrite_font_slots(),forbidden
codec,gcx,1256,19890976,0x8C,0,0,0,,0,custom_token(index) + overwrite_font_slots(),forbidden
codec,gcx,1257,19895952,0x8C,18,18,0,,0,custom_token(index) + overwrite_font_slots(),forbidden
codec,gcx,1258,19902308,0x8C,0,0,0,,0,custom_token(index) + overwrite_font_slots(),forbidden
codec,gcx,1259,19907040,0x8C,0,0,0,,0,custom_token(index) + overwrite_font_slots(),forbidden
codec,gcx,1260,19912212,0x8C,0,0,0,,0,custom_token(index) + overwrite_font_slots(),forbidden
codec,gcx,1261,19917128,0x8C,0,0,0,,0,custom_token(index) + overwrite_font_slots(),forbidden
codec,gcx,1262,19922212,0x8C,0,0,0,,0,custom_token(index) + overwrite_font_slots(),forbidden
codec,gcx,1263,19927256,0x8C,0,0,0,,0,custom_token(index) + overwrite_font_slots(),forbidden
codec,gcx,1264,19932184,0x8C,0,0,0,,0,custom_token(index) + overwrite_font_slots(),forbidden
codec,gcx,1265,19936972,0x8C,0,0,0,,0,custom_token(index) + overwrite_font_slots(),forbidden
codec,gcx,1266,19941784,0x8C,0,0,0,,0,custom_token(index) + overwrite_font_slots(),forbidden
codec,gcx,1267,19949856,0x8C,2,0,2,0|1,128,custom_token(index) + overwrite_font_slots(),forbidden
codec,gcx,1268,19955928,0x8C,0,0,0,,0,custom_token(index) + overwrite_font_slots(),forbidden
codec,gcx,1269,19960468,0x8C,0,0,0,,0,custom_token(index) + overwrite_font_slots(),forbidden
codec,gcx,1270,19965428,0x8C,0,0,0,,0,custom_token(index) + overwrite_font_slots(),forbidden
codec,gcx,1271,19970536,0x8C,0,0,0,,0,custom_token(index) + overwrite_font_slots(),forbidden
codec,gcx,1272,19975532,0x8C,0,0,0,,0,custom_token(index) + overwrite_font_slots(),forbidden
codec,gcx,1273,19980376,0x8C,0,0,0,,0,custom_token(index) + overwrite_font_slots(),forbidden
codec,gcx,1274,19985172,0x8C,0,0,0,,0,custom_token(index) + overwrite_font_slots(),forbidden
codec,gcx,1275,19990160,0x8C,0,0,0,,0,custom_token(index) + overwrite_font_slots(),forbidden
codec,gcx,1276,19994976,0x8C,0,0,0,,0,custom_token(index) + overwrite_font_slots(),forbidden
codec,gcx,1277,19999440,0x8C,0,0,0,,0,custom_token(index) + overwrite_font_slots(),forbidden
codec,gcx,1278,20004124,0x8C,0,0,0,,0,custom_token(index) + overwrite_font_slots(),forbidden
codec,gcx,1279,20008668,0x8C,0,0,0,,0,custom_token(index) + overwrite_font_slots(),forbidden
codec,gcx,1280,20013208,0x8C,0,0,0,,0,custom_token(index) + overwrite_font_slots(),forbidden
codec,gcx,1281,20017724,0x8C,0,0,0,,0,custom_token(index) + overwrite_font_slots(),forbidden
codec,gcx,1282,20022200,0x8C,0,0,0,,0,custom_token(index) + overwrite_font_slots(),forbidden
codec,gcx,1283,20026660,0x8C,0,0,0,,0,custom_token(index) + overwrite_font_slots(),forbidden
codec,gcx,1284,20031120,0x8C,0,0,0,,0,custom_token(index) + overwrite_font_slots(),forbidden
codec,gcx,1285,20035852,0x8C,0,0,0,,0,custom_token(index) + overwrite_font_slots(),forbidden
codec,gcx,1286,20041020,0x8C,0,0,0,,0,custom_token(index) + overwrite_font_slots(),forbidden
codec,gcx,1287,20045868,0x8C,0,0,0,,0,custom_token(index) + overwrite_font_slots(),forbidden
codec,gcx,1288,20050736,0x8C,0,0,0,,0,custom_token(index) + overwrite_font_slots(),forbidden
codec,gcx,1289,20055732,0x8C,0,0,0,,0,custom_token(index) + overwrite_font_slots(),forbidden
codec,gcx,1290,20061004,0x8C,0,0,0,,0,custom_token(index) + overwrite_font_slots(),forbidden
codec,gcx,1291,20066144,0x8C,0,0,0,,0,custom_token(index) + overwrite_font_slots(),forbidden
codec,gcx,1292,20071044,0x8C,0,0,0,,0,custom_token(index) + overwrite_font_slots(),forbidden
codec,gcx,1293,20075852,0x8C,0,0,0,,0,custom_token(index) + overwrite_font_slots(),forbidden
codec,gcx,1294,20081116,0x8C,0,0,0,,0,custom_token(index) + overwrite_font_slots(),forbidden
codec,gcx,1295,20086216,0x8C,0,0,0,,0,custom_token(index) + overwrite_font_slots(),forbidden
codec,gcx,1296,20091120,0x8C,0,0,0,,0,custom_token(index) + overwrite_font_slots(),forbidden
codec,gcx,1297,20095808,0x8C,0,0,0,,0,custom_token(index) + overwrite_font_slots(),forbidden
codec,gcx,1298,20100616,0x8C,0,0,0,,0,custom_token(index) + overwrite_font_slots(),forbidden
codec,gcx,1299,20105468,0x8C,0,0,0,,0,custom_token(index) + overwrite_font_slots(),forbidden
codec,gcx,1300,20110496,0x8C,0,0,0,,0,custom_token(index) + overwrite_font_slots(),forbidden
codec,gcx,1301,20116792,0x8C,2,2,0,,0,custom_token(index) + overwrite_font_slots(),forbidden
codec,gcx,1302,20122740,0x8C,0,0,0,,0,custom_token(index) + overwrite_font_slots(),forbidden
codec,gcx,1303,20127620,0x8C,0,0,0,,0,custom_token(index) + overwrite_font_slots(),forbidden
codec,gcx,1304,20133036,0x8C,0,0,0,,0,custom_token(index) + overwrite_font_slots(),forbidden
codec,gcx,1305,20137808,0x8C,0,0,0,,0,custom_token(index) + overwrite_font_slots(),forbidden
codec,gcx,1306,20142396,0x8C,0,0,0,,0,custom_token(index) + overwrite_font_slots(),forbidden
codec,gcx,1307,20146916,0x8C,0,0,0,,0,custom_token(index) + overwrite_font_slots(),forbidden
codec,gcx,1308,20151428,0x8C,0,0,0,,0,custom_token(index) + overwrite_font_slots(),forbidden
codec,gcx,1309,20155940,0x8C,0,0,0,,0,custom_token(index) + overwrite_font_slots(),forbidden
codec,gcx,1310,20160452,0x8C,0,0,0,,0,custom_token(index) + overwrite_font_slots(),forbidden
codec,gcx,1311,20165480,0x8C,0,0,0,,0,custom_token(index) + overwrite_font_slots(),forbidden
codec,gcx,1312,20170252,0x8C,0,0,0,,0,custom_token(index) + overwrite_font_slots(),forbidden
codec,gcx,1313,20175176,0x8C,0,0,0,,0,custom_token(index) + overwrite_font_slots(),forbidden
codec,gcx,1314,20180468,0x8C,0,0,0,,0,custom_token(index) + overwrite_font_slots(),forbidden
codec,gcx,1315,20185464,0x8C,0,0,0,,0,custom_token(index) + overwrite_font_slots(),forbidden
codec,gcx,1316,20190284,0x8C,0,0,0,,0,custom_token(index) + overwrite_font_slots(),forbidden
codec,gcx,1317,20195104,0x8C,0,0,0,,0,custom_token(index) + overwrite_font_slots(),forbidden
codec,gcx,1318,20199872,0x8C,0,0,0,,0,custom_token(index) + overwrite_font_slots(),forbidden
codec,gcx,1319,20204520,0x8C,0,0,0,,0,custom_token(index) + overwrite_font_slots(),forbidden
codec,gcx,1320,20209160,0x8C,0,0,0,,0,custom_token(index) + overwrite_font_slots(),forbidden
codec,gcx,1321,20213716,0x8C,0,0,0,,0,custom_token(index) + overwrite_font_slots(),forbidden
codec,gcx,1322,20217604,0x8C,0,0,0,,0,custom_token(index) + overwrite_font_slots(),forbidden
codec,gcx,1323,20221300,0x8C,0,0,0,,0,custom_token(index) + overwrite_font_slots(),forbidden
codec,gcx,1324,20225572,0x8C,3,3,0,,0,custom_token(index) + overwrite_font_slots(),forbidden
codec,gcx,1325,20230612,0x8C,0,0,0,,0,custom_token(index) + overwrite_font_slots(),forbidden
codec,gcx,1326,20235852,0x8C,0,0,0,,0,custom_token(index) + overwrite_font_slots(),forbidden
codec,gcx,1327,20241300,0x8C,0,0,0,,0,custom_token(index) + overwrite_font_slots(),forbidden
codec,gcx,1328,20246524,0x8C,0,0,0,,0,custom_token(index) + overwrite_font_slots(),forbidden
codec,gcx,1329,20251948,0x8C,0,0,0,,0,custom_token(index) + overwrite_font_slots(),forbidden
codec,gcx,1330,20258004,0x8C,0,0,0,,0,custom_token(index) + overwrite_font_slots(),forbidden
codec,gcx,1331,20263260,0x8C,0,0,0,,0,custom_token(index) + overwrite_font_slots(),forbidden
codec,gcx,1332,20268108,0x8C,0,0,0,,0,custom_token(index) + overwrite_font_slots(),forbidden
codec,gcx,1333,20273052,0x8C,0,0,0,,0,custom_token(index) + overwrite_font_slots(),forbidden
codec,gcx,1334,20278288,0x8C,0,0,0,,0,custom_token(index) + overwrite_font_slots(),forbidden
codec,gcx,1335,20283488,0x8C,0,0,0,,0,custom_token(index) + overwrite_font_slots(),forbidden
codec,gcx,1336,20288956,0x8C,0,0,0,,0,custom_token(index) + overwrite_font_slots(),forbidden
codec,gcx,1337,20294172,0x8C,0,0,0,,0,custom_token(index) + overwrite_font_slots(),forbidden
codec,gcx,1338,20298444,0x8C,0,0,0,,0,custom_token(index) + overwrite_font_slots(),forbidden
codec,gcx,1339,20302492,0x8C,0,0,0,,0,custom_token(index) + overwrite_font_slots(),forbidden
codec,gcx,1340,20306532,0x8C,0,0,0,,0,custom_token(index) + overwrite_font_slots(),forbidden
codec,gcx,1341,20310500,0x8C,0,0,0,,0,custom_token(index) + overwrite_font_slots(),forbidden
codec,gcx,1342,20314808,0x8C,0,0,0,,0,custom_token(index) + overwrite_font_slots(),forbidden
codec,gcx,1343,20321336,0x8C,0,0,0,,0,custom_token(index) + overwrite_font_slots(),forbidden
codec,gcx,1344,20326668,0x8C,22,22,0,,0,custom_token(index) + overwrite_font_slots(),forbidden
codec,gcx,1345,20332848,0x8C,0,0,0,,0,custom_token(index) + overwrite_font_slots(),forbidden
codec,gcx,1346,20338208,0x8C,0,0,0,,0,custom_token(index) + overwrite_font_slots(),forbidden
codec,gcx,1347,20343200,0x8C,0,0,0,,0,custom_token(index) + overwrite_font_slots(),forbidden
codec,gcx,1348,20347776,0x8C,0,0,0,,0,custom_token(index) + overwrite_font_slots(),forbidden
codec,gcx,1349,20352392,0x8C,0,0,0,,0,custom_token(index) + overwrite_font_slots(),forbidden
codec,gcx,1350,20356980,0x8C,0,0,0,,0,custom_token(index) + overwrite_font_slots(),forbidden
codec,gcx,1351,20361904,0x8C,0,0,0,,0,custom_token(index) + overwrite_font_slots(),forbidden
codec,gcx,1352,20366956,0x8C,0,0,0,,0,custom_token(index) + overwrite_font_slots(),forbidden
codec,gcx,1353,20371720,0x8C,0,0,0,,0,custom_token(index) + overwrite_font_slots(),forbidden
codec,gcx,1354,20376428,0x8C,6,6,0,,0,custom_token(index) + overwrite_font_slots(),forbidden
codec,gcx,1355,20381512,0x8C,0,0,0,,0,custom_token(index) + overwrite_font_slots(),forbidden
codec,gcx,1356,20385636,0x8C,0,0,0,,0,custom_token(index) + overwrite_font_slots(),forbidden
codec,gcx,1357,20390016,0x8C,8,8,0,,0,custom_token(index) + overwrite_font_slots(),forbidden
codec,gcx,1358,20395276,0x8C,0,0,0,,0,custom_token(index) + overwrite_font_slots(),forbidden
codec,gcx,1359,20400352,0x8C,6,6,0,,0,custom_token(index) + overwrite_font_slots(),forbidden
codec,gcx,1360,20405324,0x8C,0,0,0,,0,custom_token(index) + overwrite_font_slots(),forbidden
codec,gcx,1361,20410024,0x8C,0,0,0,,0,custom_token(index) + overwrite_font_slots(),forbidden
codec,gcx,1362,20414864,0x8C,13,13,0,,0,custom_token(index) + overwrite_font_slots(),forbidden
codec,gcx,1363,20420676,0x8C,0,0,0,,0,custom_token(index) + overwrite_font_slots(),forbidden
codec,gcx,1364,20425860,0x8C,0,0,0,,0,custom_token(index) + overwrite_font_slots(),forbidden
codec,gcx,1365,20431024,0x8C,16,16,0,,0,custom_token(index) + overwrite_font_slots(),forbidden
codec,gcx,1366,20437948,0x8C,40,40,0,,0,custom_token(index) + overwrite_font_slots(),forbidden
codec,gcx,1367,20446648,0x8C,13,13,0,,0,custom_token(index) + overwrite_font_slots(),forbidden
codec,gcx,1368,20454728,0x8C,57,57,0,,0,custom_token(index) + overwrite_font_slots(),forbidden
codec,gcx,1369,20465260,0x8C,19,19,0,,0,custom_token(index) + overwrite_font_slots(),forbidden
codec,gcx,1370,20474696,0x8C,9,9,0,,0,custom_token(index) + overwrite_font_slots(),forbidden
codec,gcx,1371,20481604,0x8C,19,19,0,,0,custom_token(index) + overwrite_font_slots(),forbidden
codec,gcx,1372,20490628,0x8C,10,10,0,,0,custom_token(index) + overwrite_font_slots(),forbidden
codec,gcx,1373,20499836,0x8C,3,3,0,,0,custom_token(index) + overwrite_font_slots(),forbidden
codec,gcx,1374,20509384,0x8C,43,43,0,,0,custom_token(index) + overwrite_font_slots(),forbidden
codec,gcx,1375,20519036,0x8C,20,20,0,,0,custom_token(index) + overwrite_font_slots(),forbidden
codec,gcx,1376,20529716,0x8C,0,0,0,,0,custom_token(index) + overwrite_font_slots(),forbidden
codec,gcx,1377,20538532,0x8C,0,0,0,,0,custom_token(index) + overwrite_font_slots(),forbidden
codec,gcx,1378,20544328,0x8C,8,8,0,,0,custom_token(index) + overwrite_font_slots(),forbidden
codec,gcx,1379,20549900,0x8C,0,0,0,,0,custom_token(index) + overwrite_font_slots(),forbidden
codec,gcx,1380,20555284,0x8C,7,7,0,,0,custom_token(index) + overwrite_font_slots(),forbidden
codec,gcx,1381,20561904,0x8C,0,0,0,,0,custom_token(index) + overwrite_font_slots(),forbidden
codec,gcx,1382,20567564,0x8C,0,0,0,,0,custom_token(index) + overwrite_font_slots(),forbidden
codec,gcx,1383,20575484,0x8C,0,0,0,,0,custom_token(index) + overwrite_font_slots(),forbidden
codec,gcx,1384,20583652,0x8C,26,26,0,,0,custom_token(index) + overwrite_font_slots(),forbidden
codec,gcx,1385,20592364,0x8C,0,0,0,,0,custom_token(index) + overwrite_font_slots(),forbidden
codec,gcx,1386,20598196,0x8C,0,0,0,,0,custom_token(index) + overwrite_font_slots(),forbidden
codec,gcx,1387,20603508,0x8C,0,0,0,,0,custom_token(index) + overwrite_font_slots(),forbidden
codec,gcx,1388,20608168,0x8C,0,0,0,,0,custom_token(index) + overwrite_font_slots(),forbidden
codec,gcx,1389,20612960,0x8C,0,0,0,,0,custom_token(index) + overwrite_font_slots(),forbidden
codec,gcx,1390,20617088,0x8C,0,0,0,,0,custom_token(index) + overwrite_font_slots(),forbidden
codec,gcx,1391,20622368,0x8C,0,0,0,,0,custom_token(index) + overwrite_font_slots(),forbidden
codec,gcx,1392,20626492,0x8C,0,0,0,,0,custom_token(index) + overwrite_font_slots(),forbidden
codec,gcx,1393,20631736,0x8C,0,0,0,,0,custom_token(index) + overwrite_font_slots(),forbidden
codec,gcx,1394,20637080,0x8C,0,0,0,,0,custom_token(index) + overwrite_font_slots(),forbidden
codec,gcx,1395,20642240,0x8C,0,0,0,,0,custom_token(index) + overwrite_font_slots(),forbidden
codec,gcx,1396,20647048,0x8C,9,9,0,,0,custom_token(index) + overwrite_font_slots(),forbidden
codec,gcx,1397,20652896,0x8C,6,6,0,,0,custom_token(index) + overwrite_font_slots(),forbidden
codec,gcx,1398,20657996,0x8C,0,0,0,,0,custom_token(index) + overwrite_font_slots(),forbidden
codec,gcx,1399,20662524,0x8C,0,0,0,,0,custom_token(index) + overwrite_font_slots(),forbidden
codec,gcx,1400,20667036,0x8C,0,0,0,,0,custom_token(index) + overwrite_font_slots(),forbidden
codec,gcx,1401,20671552,0x8C,0,0,0,,0,custom_token(index) + overwrite_font_slots(),forbidden
codec,gcx,1402,20676080,0x8C,0,0,0,,0,custom_token(index) + overwrite_font_slots(),forbidden
codec,gcx,1403,21061380,0x8C,195,195,0,,0,custom_token(index) + overwrite_font_slots(),forbidden
codec,gcx,1404,21256312,0x8C,0,0,0,,0,custom_token(index) + overwrite_font_slots(),forbidden
codec,gcx,1405,21262016,0x8C,0,0,0,,0,custom_token(index) + overwrite_font_slots(),forbidden
codec,gcx,1406,21659424,0x8C,19,6,13,1|2|3|4|5|6|7|8|9|10|13|14|15,832,custom_token(index) + overwrite_font_slots(),forbidden
codec,gcx,1407,22235284,0x8C,19,6,13,1|2|3|4|5|6|7|8|9|10|13|14|15,832,custom_token(index) + overwrite_font_slots(),forbidden
codec,gcx,1408,22816416,0x8C,19,6,13,1|2|3|4|5|6|7|8|9|10|13|14|15,832,custom_token(index) + overwrite_font_slots(),forbidden
codec,gcx,1409,23398820,0x8C,19,6,13,1|2|3|4|5|6|7|8|9|10|13|14|15,832,custom_token(index) + overwrite_font_slots(),forbidden
codec,gcx,1410,23974964,0x8C,19,6,13,1|2|3|4|5|6|7|8|9|10|13|14|15,832,custom_token(index) + overwrite_font_slots(),forbidden
codec,gcx,1411,24549972,0x8C,19,6,13,1|2|3|4|5|6|7|8|9|10|13|14|15,832,custom_token(index) + overwrite_font_slots(),forbidden
codec,gcx,1412,25134284,0x8C,19,6,13,1|2|3|4|5|6|7|8|9|10|13|14|15,832,custom_token(index) + overwrite_font_slots(),forbidden
codec,gcx,1413,25713732,0x8C,19,6,13,1|2|3|4|5|6|7|8|9|10|13|14|15,832,custom_token(index) + overwrite_font_slots(),forbidden
codec,gcx,1414,26288724,0x8C,19,6,13,1|2|3|4|5|6|7|8|9|10|13|14|15,832,custom_token(index) + overwrite_font_slots(),forbidden
codec,gcx,1415,26864076,0x8C,19,6,13,1|2|3|4|5|6|7|8|9|10|13|14|15,832,custom_token(index) + overwrite_font_slots(),forbidden
codec,gcx,1416,27441864,0x8C,19,6,13,1|2|3|4|5|6|7|8|9|10|13|14|15,832,custom_token(index) + overwrite_font_slots(),forbidden
codec,gcx,1417,28021548,0x8C,19,6,13,1|2|3|4|5|6|7|8|9|10|13|14|15,832,custom_token(index) + overwrite_font_slots(),forbidden
codec,gcx,1418,28602028,0x8C,19,6,13,1|2|3|4|5|6|7|8|9|10|13|14|15,832,custom_token(index) + overwrite_font_slots(),forbidden
codec,gcx,1419,29182508,0x8C,19,6,13,1|2|3|4|5|6|7|8|9|10|13|14|15,832,custom_token(index) + overwrite_font_slots(),forbidden
codec,gcx,1420,29762988,0x8C,19,6,13,1|2|3|4|5|6|7|8|9|10|13|14|15,832,custom_token(index) + overwrite_font_slots(),forbidden
codec,gcx,1421,30343468,0x8C,19,6,13,1|2|3|4|5|6|7|8|9|10|13|14|15,832,custom_token(index) + overwrite_font_slots(),forbidden
codec,gcx,1422,30923948,0x8C,19,6,13,1|2|3|4|5|6|7|8|9|10|13|14|15,832,custom_token(index) + overwrite_font_slots(),forbidden
codec,gcx,1423,31504428,0x8C,19,6,13,1|2|3|4|5|6|7|8|9|10|13|14|15,832,custom_token(index) + overwrite_font_slots(),forbidden
codec,gcx,1424,32084908,0x8C,19,6,13,1|2|3|4|5|6|7|8|9|10|13|14|15,832,custom_token(index) + overwrite_font_slots(),forbidden
codec,gcx,1425,32665388,0x8C,19,6,13,1|2|3|4|5|6|7|8|9|10|13|14|15,832,custom_token(index) + overwrite_font_slots(),forbidden
codec,gcx,1426,33245868,0x8C,19,6,13,1|2|3|4|5|6|7|8|9|10|13|14|15,832,custom_token(index) + overwrite_font_slots(),forbidden
codec,gcx,1427,33826348,0x8C,19,6,13,1|2|3|4|5|6|7|8|9|10|13|14|15,832,custom_token(index) + overwrite_font_slots(),forbidden
codec,gcx,1428,34406828,0x8C,19,6,13,1|2|3|4|5|6|7|8|9|10|13|14|15,832,custom_token(index) + overwrite_font_slots(),forbidden
codec,gcx,1429,34987308,0x8C,19,6,13,1|2|3|4|5|6|7|8|9|10|13|14|15,832,custom_token(index) + overwrite_font_slots(),forbidden
codec,gcx,1430,35565288,0x8C,19,6,13,1|2|3|4|5|6|7|8|9|10|13|14|15,832,custom_token(index) + overwrite_font_slots(),forbidden
codec,gcx,1431,36143068,0x8C,23,23,0,,0,custom_token(index) + overwrite_font_slots(),forbidden
codec,gcx,1432,36720504,0x8C,19,6,13,1|2|3|4|5|6|7|8|9|10|13|14|15,832,custom_token(index) + overwrite_font_slots(),forbidden
codec,gcx,1433,37297808,0x8C,19,6,13,1|2|3|4|5|6|7|8|9|10|13|14|15,832,custom_token(index) + overwrite_font_slots(),forbidden
codec,gcx,1434,37873960,0x8C,19,6,13,1|2|3|4|5|6|7|8|9|10|13|14|15,832,custom_token(index) + overwrite_font_slots(),forbidden
codec,gcx,1435,38451100,0x8C,19,6,13,1|2|3|4|5|6|7|8|9|10|13|14|15,832,custom_token(index) + overwrite_font_slots(),forbidden
codec,gcx,1436,39028732,0x8C,19,6,13,1|2|3|4|5|6|7|8|9|10|13|14|15,832,custom_token(index) + overwrite_font_slots(),forbidden
codec,gcx,1437,39606364,0x8C,19,6,13,1|2|3|4|5|6|7|8|9|10|13|14|15,832,custom_token(index) + overwrite_font_slots(),forbidden
codec,gcx,1438,40183996,0x8C,19,6,13,1|2|3|4|5|6|7|8|9|10|13|14|15,832,custom_token(index) + overwrite_font_slots(),forbidden
codec,gcx,1439,40761628,0x8C,19,6,13,1|2|3|4|5|6|7|8|9|10|13|14|15,832,custom_token(index) + overwrite_font_slots(),forbidden
codec,gcx,1440,41339260,0x8C,19,6,13,1|2|3|4|5|6|7|8|9|10|13|14|15,832,custom_token(index) + overwrite_font_slots(),forbidden
codec,gcx,1441,41917880,0x8C,19,6,13,1|2|3|4|5|6|7|8|9|10|13|14|15,832,custom_token(index) + overwrite_font_slots(),forbidden
codec,gcx,1442,42496680,0x8C,19,6,13,1|2|3|4|5|6|7|8|9|10|13|14|15,832,custom_token(index) + overwrite_font_slots(),forbidden
codec,gcx,1443,43075480,0x8C,19,6,13,1|2|3|4|5|6|7|8|9|10|13|14|15,832,custom_token(index) + overwrite_font_slots(),forbidden
codec,gcx,1444,43654280,0x8C,19,6,13,1|2|3|4|5|6|7|8|9|10|13|14|15,832,custom_token(index) + overwrite_font_slots(),forbidden
codec,gcx,1445,44233080,0x8C,19,6,13,1|2|3|4|5|6|7|8|9|10|13|14|15,832,custom_token(index) + overwrite_font_slots(),forbidden
codec,gcx,1446,44811880,0x8C,19,6,13,1|2|3|4|5|6|7|8|9|10|13|14|15,832,custom_token(index) + overwrite_font_slots(),forbidden
codec,gcx,1447,45389592,0x8C,19,6,13,1|2|3|4|5|6|7|8|9|10|13|14|15,832,custom_token(index) + overwrite_font_slots(),forbidden
codec,gcx,1448,45966196,0x8C,19,6,13,1|2|3|4|5|6|7|8|9|10|13|14|15,832,custom_token(index) + overwrite_font_slots(),forbidden
codec,gcx,1449,46149704,0x8C,13,13,0,,0,custom_token(index) + overwrite_font_slots(),forbidden
codec,gcx,1450,46156204,0x8C,0,0,0,,0,custom_token(index) + overwrite_font_slots(),forbidden
codec,gcx,1451,46553708,0x8C,27,14,13,1|2|3|4|5|6|7|8|9|10|21|22|23,832,custom_token(index) + overwrite_font_slots(),forbidden
codec,gcx,1452,47129876,0x8C,19,6,13,1|2|3|4|5|6|7|8|9|10|13|14|15,832,custom_token(index) + overwrite_font_slots(),forbidden
codec,gcx,1453,47705792,0x8C,19,6,13,1|2|3|4|5|6|7|8|9|10|13|14|15,832,custom_token(index) + overwrite_font_slots(),forbidden
codec,gcx,1454,48284216,0x8C,19,6,13,1|2|3|4|5|6|7|8|9|10|13|14|15,832,custom_token(index) + overwrite_font_slots(),forbidden
codec,gcx,1455,48861312,0x8C,19,6,13,1|2|3|4|5|6|7|8|9|10|13|14|15,832,custom_token(index) + overwrite_font_slots(),forbidden
codec,gcx,1456,49436868,0x8C,19,6,13,1|2|3|4|5|6|7|8|9|10|13|14|15,832,custom_token(index) + overwrite_font_slots(),forbidden
codec,gcx,1457,50014036,0x8C,19,6,13,1|2|3|4|5|6|7|8|9|10|13|14|15,832,custom_token(index) + overwrite_font_slots(),forbidden
codec,gcx,1458,50590820,0x8C,19,6,13,1|2|3|4|5|6|7|8|9|10|13|14|15,832,custom_token(index) + overwrite_font_slots(),forbidden
codec,gcx,1459,51169264,0x8C,19,6,13,1|2|3|4|5|6|7|8|9|10|13|14|15,832,custom_token(index) + overwrite_font_slots(),forbidden
codec,gcx,1460,51354280,0x8C,0,0,0,,0,custom_token(index) + overwrite_font_slots(),forbidden
codec,gcx,1461,51751424,0x8C,19,6,13,1|2|3|4|5|6|7|8|9|10|13|14|15,832,custom_token(index) + overwrite_font_slots(),forbidden
codec,gcx,1462,51934804,0x8C,0,0,0,,0,custom_token(index) + overwrite_font_slots(),forbidden
codec,gcx,1463,52332072,0x8C,19,6,13,1|2|3|4|5|6|7|8|9|10|13|14|15,832,custom_token(index) + overwrite_font_slots(),forbidden
codec,gcx,1464,52907748,0x8C,19,6,13,1|2|3|4|5|6|7|8|9|10|13|14|15,832,custom_token(index) + overwrite_font_slots(),forbidden
codec,gcx,1465,53483848,0x8C,22,22,0,,0,custom_token(index) + overwrite_font_slots(),forbidden
codec,gcx,1466,53668764,0x8C,0,0,0,,0,custom_token(index) + overwrite_font_slots(),forbidden
codec,gcx,1467,54065856,0x8C,25,12,13,1|2|3|4|5|6|7|8|9|10|13|14|15,832,custom_token(index) + overwrite_font_slots(),forbidden
codec,gcx,1468,54249792,0x8C,0,0,0,,0,custom_token(index) + overwrite_font_slots(),forbidden
codec,gcx,1469,54254676,0x8C,0,0,0,,0,custom_token(index) + overwrite_font_slots(),forbidden
codec,gcx,1470,54651560,0x8C,19,6,13,1|2|3|4|5|6|7|8|9|10|13|14|15,832,custom_token(index) + overwrite_font_slots(),forbidden
codec,gcx,1471,55228216,0x8C,19,6,13,1|2|3|4|5|6|7|8|9|10|13|14|15,832,custom_token(index) + overwrite_font_slots(),forbidden
codec,gcx,1472,55804832,0x8C,19,6,13,1|2|3|4|5|6|7|8|9|10|13|14|15,832,custom_token(index) + overwrite_font_slots(),forbidden
codec,gcx,1473,56381056,0x8C,19,6,13,1|2|3|4|5|6|7|8|9|10|13|14|15,832,custom_token(index) + overwrite_font_slots(),forbidden
codec,gcx,1474,56566564,0x8C,1,0,1,0,64,custom_token(index) + overwrite_font_slots(),forbidden
codec,gcx,1475,56572920,0x8C,0,0,0,,0,custom_token(index) + overwrite_font_slots(),forbidden
codec,gcx,1476,56578172,0x8C,0,0,0,,0,custom_token(index) + overwrite_font_slots(),forbidden
codec,gcx,1477,56585392,0x8C,4,3,1,0,64,custom_token(index) + overwrite_font_slots(),forbidden
codec,gcx,1478,56591520,0x8C,0,0,0,,0,custom_token(index) + overwrite_font_slots(),forbidden
codec,gcx,1479,56596412,0x8C,0,0,0,,0,custom_token(index) + overwrite_font_slots(),forbidden
codec,gcx,1480,56600756,0x8C,0,0,0,,0,custom_token(index) + overwrite_font_slots(),forbidden
codec,gcx,1481,56604748,0x8C,9,9,0,,0,custom_token(index) + overwrite_font_slots(),forbidden
codec,gcx,1482,56609248,0x8C,0,0,0,,0,custom_token(index) + overwrite_font_slots(),forbidden
codec,gcx,1483,56613104,0x8C,0,0,0,,0,custom_token(index) + overwrite_font_slots(),forbidden
codec,gcx,1484,56616928,0x8C,0,0,0,,0,custom_token(index) + overwrite_font_slots(),forbidden
codec,gcx,1485,56620956,0x8C,0,0,0,,0,custom_token(index) + overwrite_font_slots(),forbidden
codec,gcx,1486,56624820,0x8C,0,0,0,,0,custom_token(index) + overwrite_font_slots(),forbidden
codec,gcx,1487,56628568,0x8C,0,0,0,,0,custom_token(index) + overwrite_font_slots(),forbidden
codec,gcx,1488,56632448,0x8C,0,0,0,,0,custom_token(index) + overwrite_font_slots(),forbidden
codec,gcx,1489,56636112,0x8C,0,0,0,,0,custom_token(index) + overwrite_font_slots(),forbidden
codec,gcx,1490,56640164,0x8C,4,4,0,,0,custom_token(index) + overwrite_font_slots(),forbidden
codec,gcx,1491,56644796,0x8C,14,14,0,,0,custom_token(index) + overwrite_font_slots(),forbidden
codec,gcx,1492,56650464,0x8C,0,0,0,,0,custom_token(index) + overwrite_font_slots(),forbidden
codec,gcx,1493,56654676,0x8C,0,0,0,,0,custom_token(index) + overwrite_font_slots(),forbidden
codec,gcx,1494,56658476,0x8C,0,0,0,,0,custom_token(index) + overwrite_font_slots(),forbidden
codec,gcx,1495,56662684,0x8C,0,0,0,,0,custom_token(index) + overwrite_font_slots(),forbidden
codec,gcx,1496,56666680,0x8C,2,1,1,0,64,custom_token(index) + overwrite_font_slots(),forbidden
codec,gcx,1497,56671484,0x8C,9,9,0,,0,custom_token(index) + overwrite_font_slots(),forbidden
codec,gcx,1498,56676176,0x8C,0,0,0,,0,custom_token(index) + overwrite_font_slots(),forbidden
codec,gcx,1499,56679952,0x8C,0,0,0,,0,custom_token(index) + overwrite_font_slots(),forbidden
codec,gcx,1500,56683580,0x8C,0,0,0,,0,custom_token(index) + overwrite_font_slots(),forbidden
codec,gcx,1501,56687284,0x8C,0,0,0,,0,custom_token(index) + overwrite_font_slots(),forbidden
codec,gcx,1502,56691080,0x8C,0,0,0,,0,custom_token(index) + overwrite_font_slots(),forbidden
codec,gcx,1503,56695764,0x8C,0,0,0,,0,custom_token(index) + overwrite_font_slots(),forbidden
codec,gcx,1504,56700080,0x8C,0,0,0,,0,custom_token(index) + overwrite_font_slots(),forbidden
codec,gcx,1505,56703796,0x8C,0,0,0,,0,custom_token(index) + overwrite_font_slots(),forbidden
codec,gcx,1506,56707364,0x8C,0,0,0,,0,custom_token(index) + overwrite_font_slots(),forbidden
codec,gcx,1507,56711164,0x8C,0,0,0,,0,custom_token(index) + overwrite_font_slots(),forbidden
codec,gcx,1508,56715864,0x8C,0,0,0,,0,custom_token(index) + overwrite_font_slots(),forbidden
codec,gcx,1509,56719952,0x8C,6,6,0,,0,custom_token(index) + overwrite_font_slots(),forbidden
codec,gcx,1510,56724700,0x8C,0,0,0,,0,custom_token(index) + overwrite_font_slots(),forbidden
codec,gcx,1511,56728988,0x8C,0,0,0,,0,custom_token(index) + overwrite_font_slots(),forbidden
codec,gcx,1512,56733220,0x8C,8,8,0,,0,custom_token(index) + overwrite_font_slots(),forbidden
codec,gcx,1513,56737824,0x8C,0,0,0,,0,custom_token(index) + overwrite_font_slots(),forbidden
codec,gcx,1514,56741904,0x8C,0,0,0,,0,custom_token(index) + overwrite_font_slots(),forbidden
codec,gcx,1515,56745736,0x8C,0,0,0,,0,custom_token(index) + overwrite_font_slots(),forbidden
codec,gcx,1516,56750064,0x8C,9,9,0,,0,custom_token(index) + overwrite_font_slots(),forbidden
codec,gcx,1517,56754888,0x8C,0,0,0,,0,custom_token(index) + overwrite_font_slots(),forbidden
codec,gcx,1518,56758804,0x8C,0,0,0,,0,custom_token(index) + overwrite_font_slots(),forbidden
codec,gcx,1519,56762716,0x8C,0,0,0,,0,custom_token(index) + overwrite_font_slots(),forbidden
codec,gcx,1520,56766468,0x8C,0,0,0,,0,custom_token(index) + overwrite_font_slots(),forbidden
codec,gcx,1521,56770392,0x8C,0,0,0,,0,custom_token(index) + overwrite_font_slots(),forbidden
codec,gcx,1522,56774596,0x8C,12,12,0,,0,custom_token(index) + overwrite_font_slots(),forbidden
codec,gcx,1523,56780276,0x8C,7,7,0,,0,custom_token(index) + overwrite_font_slots(),forbidden
codec,gcx,1524,56785028,0x8C,0,0,0,,0,custom_token(index) + overwrite_font_slots(),forbidden
codec,gcx,1525,56788884,0x8C,0,0,0,,0,custom_token(index) + overwrite_font_slots(),forbidden
codec,gcx,1526,56793264,0x8C,0,0,0,,0,custom_token(index) + overwrite_font_slots(),forbidden
codec,gcx,1527,56797000,0x8C,0,0,0,,0,custom_token(index) + overwrite_font_slots(),forbidden
codec,gcx,1528,56800948,0x8C,0,0,0,,0,custom_token(index) + overwrite_font_slots(),forbidden
codec,gcx,1529,56805076,0x8C,0,0,0,,0,custom_token(index) + overwrite_font_slots(),forbidden
codec,gcx,1530,56809176,0x8C,0,0,0,,0,custom_token(index) + overwrite_font_slots(),forbidden
codec,gcx,1531,56813308,0x8C,4,4,0,,0,custom_token(index) + overwrite_font_slots(),forbidden
codec,gcx,1532,56817696,0x8C,7,7,0,,0,custom_token(index) + overwrite_font_slots(),forbidden
codec,gcx,1533,56822072,0x8C,0,0,0,,0,custom_token(index) + overwrite_font_slots(),forbidden
codec,gcx,1534,56825752,0x8C,0,0,0,,0,custom_token(index) + overwrite_font_slots(),forbidden
codec,gcx,1535,56829400,0x8C,0,0,0,,0,custom_token(index) + overwrite_font_slots(),forbidden
codec,gcx,1536,56833180,0x8C,0,0,0,,0,custom_token(index) + overwrite_font_slots(),forbidden
codec,gcx,1537,56837168,0x8C,0,0,0,,0,custom_token(index) + overwrite_font_slots(),forbidden
codec,gcx,1538,56841020,0x8C,0,0,0,,0,custom_token(index) + overwrite_font_slots(),forbidden
codec,gcx,1539,56844952,0x8C,0,0,0,,0,custom_token(index) + overwrite_font_slots(),forbidden
codec,gcx,1540,56849220,0x8C,6,6,0,,0,custom_token(index) + overwrite_font_slots(),forbidden
codec,gcx,1541,56854364,0x8C,0,0,0,,0,custom_token(index) + overwrite_font_slots(),forbidden
codec,gcx,1542,56858588,0x8C,6,6,0,,0,custom_token(index) + overwrite_font_slots(),forbidden
codec,gcx,1543,56864068,0x8C,20,20,0,,0,custom_token(index) + overwrite_font_slots(),forbidden
codec,gcx,1544,56871140,0x8C,0,0,0,,0,custom_token(index) + overwrite_font_slots(),forbidden
codec,gcx,1545,56875156,0x8C,0,0,0,,0,custom_token(index) + overwrite_font_slots(),forbidden
codec,gcx,1546,56879252,0x8C,0,0,0,,0,custom_token(index) + overwrite_font_slots(),forbidden
codec,gcx,1547,56883072,0x8C,0,0,0,,0,custom_token(index) + overwrite_font_slots(),forbidden
codec,gcx,1548,56887032,0x8C,0,0,0,,0,custom_token(index) + overwrite_font_slots(),forbidden
codec,gcx,1549,56891092,0x8C,0,0,0,,0,custom_token(index) + overwrite_font_slots(),forbidden
codec,gcx,1550,56895236,0x8C,6,6,0,,0,custom_token(index) + overwrite_font_slots(),forbidden
codec,gcx,1551,56899776,0x8C,0,0,0,,0,custom_token(index) + overwrite_font_slots(),forbidden
codec,gcx,1552,56903468,0x8C,0,0,0,,0,custom_token(index) + overwrite_font_slots(),forbidden
codec,gcx,1553,56908436,0x8C,0,0,0,,0,custom_token(index) + overwrite_font_slots(),forbidden
codec,gcx,1554,56912368,0x8C,0,0,0,,0,custom_token(index) + overwrite_font_slots(),forbidden
codec,gcx,1555,56916056,0x8C,0,0,0,,0,custom_token(index) + overwrite_font_slots(),forbidden
codec,gcx,1556,56919736,0x8C,0,0,0,,0,custom_token(index) + overwrite_font_slots(),forbidden
codec,gcx,1557,56923452,0x8C,0,0,0,,0,custom_token(index) + overwrite_font_slots(),forbidden
codec,gcx,1558,56927212,0x8C,0,0,0,,0,custom_token(index) + overwrite_font_slots(),forbidden
codec,gcx,1559,56930984,0x8C,0,0,0,,0,custom_token(index) + overwrite_font_slots(),forbidden
codec,gcx,1560,56934720,0x8C,0,0,0,,0,custom_token(index) + overwrite_font_slots(),forbidden
codec,gcx,1561,56938468,0x8C,0,0,0,,0,custom_token(index) + overwrite_font_slots(),forbidden
codec,gcx,1562,56942280,0x8C,0,0,0,,0,custom_token(index) + overwrite_font_slots(),forbidden
codec,gcx,1563,56945960,0x8C,0,0,0,,0,custom_token(index) + overwrite_font_slots(),forbidden
codec,gcx,1564,56949672,0x8C,0,0,0,,0,custom_token(index) + overwrite_font_slots(),forbidden
codec,gcx,1565,56953380,0x8C,0,0,0,,0,custom_token(index) + overwrite_font_slots(),forbidden
codec,gcx,1566,56957192,0x8C,0,0,0,,0,custom_token(index) + overwrite_font_slots(),forbidden
codec,gcx,1567,56961172,0x8C,0,0,0,,0,custom_token(index) + overwrite_font_slots(),forbidden
codec,gcx,1568,56965428,0x8C,12,12,0,,0,custom_token(index) + overwrite_font_slots(),forbidden
codec,gcx,1569,56970824,0x8C,0,0,0,,0,custom_token(index) + overwrite_font_slots(),forbidden
codec,gcx,1570,56975088,0x8C,0,0,0,,0,custom_token(index) + overwrite_font_slots(),forbidden
codec,gcx,1571,56979460,0x8C,0,0,0,,0,custom_token(index) + overwrite_font_slots(),forbidden
codec,gcx,1572,56983692,0x8C,5,5,0,,0,custom_token(index) + overwrite_font_slots(),forbidden
codec,gcx,1573,56988604,0x8C,13,13,0,,0,custom_token(index) + overwrite_font_slots(),forbidden
codec,gcx,1574,56993440,0x8C,0,0,0,,0,custom_token(index) + overwrite_font_slots(),forbidden
codec,gcx,1575,56997220,0x8C,0,0,0,,0,custom_token(index) + overwrite_font_slots(),forbidden
codec,gcx,1576,57000972,0x8C,0,0,0,,0,custom_token(index) + overwrite_font_slots(),forbidden
codec,gcx,1577,57004680,0x8C,0,0,0,,0,custom_token(index) + overwrite_font_slots(),forbidden
codec,gcx,1578,57009924,0x8C,3,3,0,,0,custom_token(index) + overwrite_font_slots(),forbidden
codec,gcx,1579,57015492,0x8C,9,9,0,,0,custom_token(index) + overwrite_font_slots(),forbidden
codec,gcx,1580,57021452,0x8C,0,0,0,,0,custom_token(index) + overwrite_font_slots(),forbidden
codec,gcx,1581,57026364,0x8C,0,0,0,,0,custom_token(index) + overwrite_font_slots(),forbidden
codec,gcx,1582,57031532,0x8C,7,7,0,,0,custom_token(index) + overwrite_font_slots(),forbidden
codec,gcx,1583,57036864,0x8C,0,0,0,,0,custom_token(index) + overwrite_font_slots(),forbidden
codec,gcx,1584,57041208,0x8C,0,0,0,,0,custom_token(index) + overwrite_font_slots(),forbidden
codec,gcx,1585,57045216,0x8C,0,0,0,,0,custom_token(index) + overwrite_font_slots(),forbidden
codec,gcx,1586,57049496,0x8C,9,9,0,,0,custom_token(index) + overwrite_font_slots(),forbidden
codec,gcx,1587,57055112,0x8C,0,0,0,,0,custom_token(index) + overwrite_font_slots(),forbidden
codec,gcx,1588,57059344,0x8C,0,0,0,,0,custom_token(index) + overwrite_font_slots(),forbidden
codec,gcx,1589,57063484,0x8C,0,0,0,,0,custom_token(index) + overwrite_font_slots(),forbidden
codec,gcx,1590,57067460,0x8C,0,0,0,,0,custom_token(index) + overwrite_font_slots(),forbidden
codec,gcx,1591,57071236,0x8C,5,5,0,,0,custom_token(index) + overwrite_font_slots(),forbidden
codec,gcx,1592,57075612,0x8C,0,0,0,,0,custom_token(index) + overwrite_font_slots(),forbidden
codec,gcx,1593,57079584,0x8C,0,0,0,,0,custom_token(index) + overwrite_font_slots(),forbidden
codec,gcx,1594,57083404,0x8C,0,0,0,,0,custom_token(index) + overwrite_font_slots(),forbidden
codec,gcx,1595,57087100,0x8C,0,0,0,,0,custom_token(index) + overwrite_font_slots(),forbidden
codec,gcx,1596,57091144,0x8C,0,0,0,,0,custom_token(index) + overwrite_font_slots(),forbidden
codec,gcx,1597,57095860,0x8C,11,11,0,,0,custom_token(index) + overwrite_font_slots(),forbidden
codec,gcx,1598,57101388,0x8C,2,2,0,,0,custom_token(index) + overwrite_font_slots(),forbidden
codec,gcx,1599,57105628,0x8C,5,5,0,,0,custom_token(index) + overwrite_font_slots(),forbidden
codec,gcx,1600,57110496,0x8C,0,0,0,,0,custom_token(index) + overwrite_font_slots(),forbidden
codec,gcx,1601,57115124,0x8C,9,9,0,,0,custom_token(index) + overwrite_font_slots(),forbidden
codec,gcx,1602,57120508,0x8C,5,5,0,,0,custom_token(index) + overwrite_font_slots(),forbidden
codec,gcx,1603,57125424,0x8C,8,8,0,,0,custom_token(index) + overwrite_font_slots(),forbidden
codec,gcx,1604,57130604,0x8C,9,9,0,,0,custom_token(index) + overwrite_font_slots(),forbidden
codec,gcx,1605,57135840,0x8C,0,0,0,,0,custom_token(index) + overwrite_font_slots(),forbidden
codec,gcx,1606,57139996,0x8C,0,0,0,,0,custom_token(index) + overwrite_font_slots(),forbidden
codec,gcx,1607,57143824,0x8C,6,6,0,,0,custom_token(index) + overwrite_font_slots(),forbidden
codec,gcx,1608,57149100,0x8C,0,0,0,,0,custom_token(index) + overwrite_font_slots(),forbidden
codec,gcx,1609,57153240,0x8C,0,0,0,,0,custom_token(index) + overwrite_font_slots(),forbidden
codec,gcx,1610,57157620,0x8C,0,0,0,,0,custom_token(index) + overwrite_font_slots(),forbidden
codec,gcx,1611,57161512,0x8C,0,0,0,,0,custom_token(index) + overwrite_font_slots(),forbidden
codec,gcx,1612,57165824,0x8C,0,0,0,,0,custom_token(index) + overwrite_font_slots(),forbidden
codec,gcx,1613,57171172,0x8C,10,10,0,,0,custom_token(index) + overwrite_font_slots(),forbidden
codec,gcx,1614,57176852,0x8C,0,0,0,,0,custom_token(index) + overwrite_font_slots(),forbidden
codec,gcx,1615,57180996,0x8C,0,0,0,,0,custom_token(index) + overwrite_font_slots(),forbidden
codec,gcx,1616,57185428,0x8C,0,0,0,,0,custom_token(index) + overwrite_font_slots(),forbidden
codec,gcx,1617,57189484,0x8C,0,0,0,,0,custom_token(index) + overwrite_font_slots(),forbidden
codec,gcx,1618,57193804,0x8C,0,0,0,,0,custom_token(index) + overwrite_font_slots(),forbidden
codec,gcx,1619,57197648,0x8C,0,0,0,,0,custom_token(index) + overwrite_font_slots(),forbidden
codec,gcx,1620,57201524,0x8C,0,0,0,,0,custom_token(index) + overwrite_font_slots(),forbidden
codec,gcx,1621,57205628,0x8C,0,0,0,,0,custom_token(index) + overwrite_font_slots(),forbidden
codec,gcx,1622,57209620,0x8C,0,0,0,,0,custom_token(index) + overwrite_font_slots(),forbidden
codec,gcx,1623,57213516,0x8C,5,5,0,,0,custom_token(index) + overwrite_font_slots(),forbidden
codec,gcx,1624,57218256,0x8C,0,0,0,,0,custom_token(index) + overwrite_font_slots(),forbidden
codec,gcx,1625,57222536,0x8C,3,3,0,,0,custom_token(index) + overwrite_font_slots(),forbidden
codec,gcx,1626,57226840,0x8C,0,0,0,,0,custom_token(index) + overwrite_font_slots(),forbidden
codec,gcx,1627,57230580,0x8C,0,0,0,,0,custom_token(index) + overwrite_font_slots(),forbidden
codec,gcx,1628,57234388,0x8C,0,0,0,,0,custom_token(index) + overwrite_font_slots(),forbidden
codec,gcx,1629,57238668,0x8C,0,0,0,,0,custom_token(index) + overwrite_font_slots(),forbidden
codec,gcx,1630,57242860,0x8C,0,0,0,,0,custom_token(index) + overwrite_font_slots(),forbidden
codec,gcx,1631,57246916,0x8C,0,0,0,,0,custom_token(index) + overwrite_font_slots(),forbidden
codec,gcx,1632,57251400,0x8C,7,7,0,,0,custom_token(index) + overwrite_font_slots(),forbidden
codec,gcx,1633,57256568,0x8C,0,0,0,,0,custom_token(index) + overwrite_font_slots(),forbidden
codec,gcx,1634,57260676,0x8C,0,0,0,,0,custom_token(index) + overwrite_font_slots(),forbidden
codec,gcx,1635,57264880,0x8C,11,11,0,,0,custom_token(index) + overwrite_font_slots(),forbidden
codec,gcx,1636,57270124,0x8C,0,0,0,,0,custom_token(index) + overwrite_font_slots(),forbidden
codec,gcx,1637,57274360,0x8C,0,0,0,,0,custom_token(index) + overwrite_font_slots(),forbidden
codec,gcx,1638,57278476,0x8C,0,0,0,,0,custom_token(index) + overwrite_font_slots(),forbidden
codec,gcx,1639,57282504,0x8C,0,0,0,,0,custom_token(index) + overwrite_font_slots(),forbidden
codec,gcx,1640,57287064,0x8C,0,0,0,,0,custom_token(index) + overwrite_font_slots(),forbidden
codec,gcx,1641,57291148,0x8C,8,8,0,,0,custom_token(index) + overwrite_font_slots(),forbidden
codec,gcx,1642,57295808,0x8C,0,0,0,,0,custom_token(index) + overwrite_font_slots(),forbidden
codec,gcx,1643,57300456,0x8C,0,0,0,,0,custom_token(index) + overwrite_font_slots(),forbidden
codec,gcx,1644,57304476,0x8C,0,0,0,,0,custom_token(index) + overwrite_font_slots(),forbidden
codec,gcx,1645,57308192,0x8C,0,0,0,,0,custom_token(index) + overwrite_font_slots(),forbidden
codec,gcx,1646,57311908,0x8C,0,0,0,,0,custom_token(index) + overwrite_font_slots(),forbidden
codec,gcx,1647,57315668,0x8C,0,0,0,,0,custom_token(index) + overwrite_font_slots(),forbidden
codec,gcx,1648,57319960,0x8C,0,0,0,,0,custom_token(index) + overwrite_font_slots(),forbidden
codec,gcx,1649,57324264,0x8C,0,0,0,,0,custom_token(index) + overwrite_font_slots(),forbidden
codec,gcx,1650,57328128,0x8C,0,0,0,,0,custom_token(index) + overwrite_font_slots(),forbidden
codec,gcx,1651,57332048,0x8C,0,0,0,,0,custom_token(index) + overwrite_font_slots(),forbidden
codec,gcx,1652,57335820,0x8C,0,0,0,,0,custom_token(index) + overwrite_font_slots(),forbidden
codec,gcx,1653,57340360,0x8C,0,0,0,,0,custom_token(index) + overwrite_font_slots(),forbidden
codec,gcx,1654,57344956,0x8C,0,0,0,,0,custom_token(index) + overwrite_font_slots(),forbidden
codec,gcx,1655,57348908,0x8C,5,5,0,,0,custom_token(index) + overwrite_font_slots(),forbidden
codec,gcx,1656,57353756,0x8C,6,6,0,,0,custom_token(index) + overwrite_font_slots(),forbidden
codec,gcx,1657,57359008,0x8C,0,0,0,,0,custom_token(index) + overwrite_font_slots(),forbidden
codec,gcx,1658,57362920,0x8C,0,0,0,,0,custom_token(index) + overwrite_font_slots(),forbidden
codec,gcx,1659,57366948,0x8C,0,0,0,,0,custom_token(index) + overwrite_font_slots(),forbidden
codec,gcx,1660,57371608,0x8C,0,0,0,,0,custom_token(index) + overwrite_font_slots(),forbidden
codec,gcx,1661,57375976,0x8C,0,0,0,,0,custom_token(index) + overwrite_font_slots(),forbidden
codec,gcx,1662,57379740,0x8C,0,0,0,,0,custom_token(index) + overwrite_font_slots(),forbidden
codec,gcx,1663,57383512,0x8C,0,0,0,,0,custom_token(index) + overwrite_font_slots(),forbidden
codec,gcx,1664,57387452,0x8C,0,0,0,,0,custom_token(index) + overwrite_font_slots(),forbidden
codec,gcx,1665,57391508,0x8C,0,0,0,,0,custom_token(index) + overwrite_font_slots(),forbidden
codec,gcx,1666,57396052,0x8C,0,0,0,,0,custom_token(index) + overwrite_font_slots(),forbidden
codec,gcx,1667,57400496,0x8C,0,0,0,,0,custom_token(index) + overwrite_font_slots(),forbidden
codec,gcx,1668,57404520,0x8C,12,12,0,,0,custom_token(index) + overwrite_font_slots(),forbidden
codec,gcx,1669,57409188,0x8C,0,0,0,,0,custom_token(index) + overwrite_font_slots(),forbidden
codec,gcx,1670,57412864,0x8C,0,0,0,,0,custom_token(index) + overwrite_font_slots(),forbidden
codec,gcx,1671,57416832,0x8C,0,0,0,,0,custom_token(index) + overwrite_font_slots(),forbidden
codec,gcx,1672,57420612,0x8C,0,0,0,,0,custom_token(index) + overwrite_font_slots(),forbidden
codec,gcx,1673,57424376,0x8C,0,0,0,,0,custom_token(index) + overwrite_font_slots(),forbidden
codec,gcx,1674,57429572,0x8C,8,8,0,,0,custom_token(index) + overwrite_font_slots(),forbidden
codec,gcx,1675,57434660,0x8C,0,0,0,,0,custom_token(index) + overwrite_font_slots(),forbidden
codec,gcx,1676,57439108,0x8C,12,12,0,,0,custom_token(index) + overwrite_font_slots(),forbidden
codec,gcx,1677,57444784,0x8C,0,0,0,,0,custom_token(index) + overwrite_font_slots(),forbidden
codec,gcx,1678,57448688,0x8C,0,0,0,,0,custom_token(index) + overwrite_font_slots(),forbidden
codec,gcx,1679,57452588,0x8C,0,0,0,,0,custom_token(index) + overwrite_font_slots(),forbidden
codec,gcx,1680,57456272,0x8C,0,0,0,,0,custom_token(index) + overwrite_font_slots(),forbidden
codec,gcx,1681,57460244,0x8C,0,0,0,,0,custom_token(index) + overwrite_font_slots(),forbidden
codec,gcx,1682,57464020,0x8C,0,0,0,,0,custom_token(index) + overwrite_font_slots(),forbidden
codec,gcx,1683,57467840,0x8C,0,0,0,,0,custom_token(index) + overwrite_font_slots(),forbidden
codec,gcx,1684,57471484,0x8C,0,0,0,,0,custom_token(index) + overwrite_font_slots(),forbidden
codec,gcx,1685,57475256,0x8C,0,0,0,,0,custom_token(index) + overwrite_font_slots(),forbidden
codec,gcx,1686,57479100,0x8C,0,0,0,,0,custom_token(index) + overwrite_font_slots(),forbidden
codec,gcx,1687,57482920,0x8C,0,0,0,,0,custom_token(index) + overwrite_font_slots(),forbidden
codec,gcx,1688,57486860,0x8C,5,5,0,,0,custom_token(index) + overwrite_font_slots(),forbidden
codec,gcx,1689,57491196,0x8C,3,3,0,,0,custom_token(index) + overwrite_font_slots(),forbidden
codec,gcx,1690,57495164,0x8C,5,5,0,,0,custom_token(index) + overwrite_font_slots(),forbidden
codec,gcx,1691,57499288,0x8C,0,0,0,,0,custom_token(index) + overwrite_font_slots(),forbidden
codec,gcx,1692,57502984,0x8C,0,0,0,,0,custom_token(index) + overwrite_font_slots(),forbidden
codec,gcx,1693,57506808,0x8C,0,0,0,,0,custom_token(index) + overwrite_font_slots(),forbidden
codec,gcx,1694,57513456,0x8C,9,9,0,,0,custom_token(index) + overwrite_font_slots(),forbidden
codec,gcx,1695,57519700,0x8C,0,0,0,,0,custom_token(index) + overwrite_font_slots(),forbidden
codec,gcx,1696,57524048,0x8C,0,0,0,,0,custom_token(index) + overwrite_font_slots(),forbidden
codec,gcx,1697,57527864,0x8C,0,0,0,,0,custom_token(index) + overwrite_font_slots(),forbidden
codec,gcx,1698,57531648,0x8C,0,0,0,,0,custom_token(index) + overwrite_font_slots(),forbidden
codec,gcx,1699,57536372,0x8C,0,0,0,,0,custom_token(index) + overwrite_font_slots(),forbidden
codec,gcx,1700,57540444,0x8C,9,9,0,,0,custom_token(index) + overwrite_font_slots(),forbidden
codec,gcx,1701,57545180,0x8C,0,0,0,,0,custom_token(index) + overwrite_font_slots(),forbidden
codec,gcx,1702,57549180,0x8C,0,0,0,,0,custom_token(index) + overwrite_font_slots(),forbidden
codec,gcx,1703,57554284,0x8C,0,0,0,,0,custom_token(index) + overwrite_font_slots(),forbidden
codec,gcx,1704,57558240,0x8C,0,0,0,,0,custom_token(index) + overwrite_font_slots(),forbidden
codec,gcx,1705,57562216,0x8C,0,0,0,,0,custom_token(index) + overwrite_font_slots(),forbidden
codec,gcx,1706,57567476,0x8C,10,10,0,,0,custom_token(index) + overwrite_font_slots(),forbidden
codec,gcx,1707,57574308,0x8C,8,8,0,,0,custom_token(index) + overwrite_font_slots(),forbidden
codec,gcx,1708,57579884,0x8C,7,7,0,,0,custom_token(index) + overwrite_font_slots(),forbidden
codec,gcx,1709,57585228,0x8C,11,11,0,,0,custom_token(index) + overwrite_font_slots(),forbidden
codec,gcx,1710,57591028,0x8C,8,8,0,,0,custom_token(index) + overwrite_font_slots(),forbidden
codec,gcx,1711,57596468,0x8C,12,12,0,,0,custom_token(index) + overwrite_font_slots(),forbidden
codec,gcx,1712,57603228,0x8C,19,19,0,,0,custom_token(index) + overwrite_font_slots(),forbidden
codec,gcx,1713,57610096,0x8C,24,24,0,,0,custom_token(index) + overwrite_font_slots(),forbidden
codec,gcx,1714,57616860,0x8C,21,21,0,,0,custom_token(index) + overwrite_font_slots(),forbidden
codec,gcx,1715,57623680,0x8C,30,30,0,,0,custom_token(index) + overwrite_font_slots(),forbidden
codec,gcx,1716,57631016,0x8C,0,0,0,,0,custom_token(index) + overwrite_font_slots(),forbidden
codec,gcx,1717,57635444,0x8C,0,0,0,,0,custom_token(index) + overwrite_font_slots(),forbidden
codec,gcx,1718,57639328,0x8C,0,0,0,,0,custom_token(index) + overwrite_font_slots(),forbidden
codec,gcx,1719,57643060,0x8C,0,0,0,,0,custom_token(index) + overwrite_font_slots(),forbidden
codec,gcx,1720,57646676,0x8C,0,0,0,,0,custom_token(index) + overwrite_font_slots(),forbidden
codec,gcx,1721,57653064,0x8C,12,12,0,,0,custom_token(index) + overwrite_font_slots(),forbidden
codec,gcx,1722,57659376,0x8C,0,0,0,,0,custom_token(index) + overwrite_font_slots(),forbidden
codec,gcx,1723,57663028,0x8C,0,0,0,,0,custom_token(index) + overwrite_font_slots(),forbidden
codec,gcx,1724,57666692,0x8C,0,0,0,,0,custom_token(index) + overwrite_font_slots(),forbidden
codec,gcx,1725,57670360,0x8C,0,0,0,,0,custom_token(index) + overwrite_font_slots(),forbidden
codec,gcx,1726,57674040,0x8C,0,0,0,,0,custom_token(index) + overwrite_font_slots(),forbidden
codec,gcx,1727,57815284,0x8C,219,219,0,,0,custom_token(index) + overwrite_font_slots(),forbidden
codec,gcx,1728,58059380,0x8C,51,39,12,2|3|4|5|11|19|24|32|40|41|49|50,768,custom_token(index) + overwrite_font_slots(),forbidden
codec,gcx,1729,58294704,0x8C,51,25,26,5|11|19|24|29|30|31|32|33|34|35|36|37|38|39|40|41|42|43|44|45|46|47|48|49|50,1664,custom_token(index) + overwrite_font_slots(),forbidden
codec,gcx,1730,58531200,0x8C,51,39,12,2|3|4|5|11|19|24|32|40|41|49|50,768,custom_token(index) + overwrite_font_slots(),forbidden
codec,gcx,1731,58767404,0x8C,51,39,12,2|3|4|5|11|19|24|32|40|41|49|50,768,custom_token(index) + overwrite_font_slots(),forbidden
codec,gcx,1732,59003276,0x8C,51,39,12,2|3|4|5|11|19|24|32|40|41|49|50,768,custom_token(index) + overwrite_font_slots(),forbidden
codec,gcx,1733,59239148,0x8C,51,39,12,2|3|4|5|11|19|24|32|40|41|49|50,768,custom_token(index) + overwrite_font_slots(),forbidden
codec,gcx,1734,59475020,0x8C,51,39,12,2|3|4|5|11|19|24|32|40|41|49|50,768,custom_token(index) + overwrite_font_slots(),forbidden
codec,gcx,1735,59711448,0x8C,51,39,12,2|3|4|5|11|19|24|32|40|41|49|50,768,custom_token(index) + overwrite_font_slots(),forbidden
codec,gcx,1736,59947276,0x8C,51,39,12,2|3|4|5|11|19|24|32|40|41|49|50,768,custom_token(index) + overwrite_font_slots(),forbidden
codec,gcx,1737,60182860,0x8C,51,33,18,33|34|35|36|37|38|39|40|41|42|43|44|45|46|47|48|49|50,1152,custom_token(index) + overwrite_font_slots(),forbidden
codec,gcx,1738,60417752,0x8C,51,39,12,2|3|4|5|11|19|24|32|40|41|49|50,768,custom_token(index) + overwrite_font_slots(),forbidden
codec,gcx,1739,60652680,0x8C,51,39,12,2|3|4|5|11|19|24|32|40|41|49|50,768,custom_token(index) + overwrite_font_slots(),forbidden
codec,gcx,1740,60887260,0x8C,51,24,27,4|5|11|19|24|29|30|31|32|33|34|35|36|37|38|39|40|41|42|43|44|45|46|47|48|49|50,1728,custom_token(index) + overwrite_font_slots(),forbidden
codec,gcx,1741,61121756,0x8C,51,39,12,2|3|4|5|11|19|24|32|40|41|49|50,768,custom_token(index) + overwrite_font_slots(),forbidden
codec,gcx,1742,61356252,0x8C,51,39,12,2|3|4|5|11|19|24|32|40|41|49|50,768,custom_token(index) + overwrite_font_slots(),forbidden
codec,gcx,1743,61590748,0x8C,51,39,12,2|3|4|5|11|19|24|32|40|41|49|50,768,custom_token(index) + overwrite_font_slots(),forbidden
codec,gcx,1744,61825128,0x8C,51,39,12,2|3|4|5|11|19|24|32|40|41|49|50,768,custom_token(index) + overwrite_font_slots(),forbidden
codec,gcx,1745,62059564,0x8C,51,39,12,2|3|4|5|11|19|24|32|40|41|49|50,768,custom_token(index) + overwrite_font_slots(),forbidden
codec,gcx,1746,62294024,0x8C,51,39,12,2|3|4|5|11|19|24|32|40|41|49|50,768,custom_token(index) + overwrite_font_slots(),forbidden
codec,gcx,1747,62528460,0x8C,51,39,12,2|3|4|5|11|19|24|32|40|41|49|50,768,custom_token(index) + overwrite_font_slots(),forbidden
codec,gcx,1748,62614428,0x8C,0,0,0,,0,custom_token(index) + overwrite_font_slots(),forbidden
codec,gcx,1749,62767424,0x8C,51,39,12,2|3|4|5|11|19|24|32|40|41|49|50,768,custom_token(index) + overwrite_font_slots(),forbidden
codec,gcx,1750,63001420,0x8C,51,39,12,2|3|4|5|11|19|24|32|40|41|49|50,768,custom_token(index) + overwrite_font_slots(),forbidden
codec,gcx,1751,63236412,0x8C,55,40,15,0|1|2|6|7|8|9|15|23|28|36|44|45|53|54,960,custom_token(index) + overwrite_font_slots(),forbidden
codec,gcx,1752,63324120,0x8C,4,1,3,0|1|2,192,custom_token(index) + overwrite_font_slots(),forbidden
codec,gcx,1753,63333232,0x8C,157,157,0,,0,custom_token(index) + overwrite_font_slots(),forbidden
codec,gcx,1754,63353144,0x8C,46,46,0,,0,custom_token(index) + overwrite_font_slots(),forbidden
codec,gcx,1755,63362148,0x8C,8,8,0,,0,custom_token(index) + overwrite_font_slots(),forbidden
codec,gcx,1756,63369196,0x8C,57,57,0,,0,custom_token(index) + overwrite_font_slots(),forbidden
codec,gcx,1757,63379952,0x8C,39,39,0,,0,custom_token(index) + overwrite_font_slots(),forbidden
codec,gcx,1758,63387764,0x8C,0,0,0,,0,custom_token(index) + overwrite_font_slots(),forbidden
codec,gcx,1759,63392712,0x8C,8,6,2,0|1,128,custom_token(index) + overwrite_font_slots(),forbidden
codec,gcx,1760,63398220,0x8C,1,0,1,0,64,custom_token(index) + overwrite_font_slots(),forbidden
codec,gcx,1761,63403468,0x8C,31,31,0,,0,custom_token(index) + overwrite_font_slots(),forbidden
codec,gcx,1762,63413172,0x8C,14,14,0,,0,custom_token(index) + overwrite_font_slots(),forbidden
codec,gcx,1763,63420640,0x8C,28,28,0,,0,custom_token(index) + overwrite_font_slots(),forbidden
codec,gcx,1764,63431156,0x8C,72,72,0,,0,custom_token(index) + overwrite_font_slots(),forbidden
codec,gcx,1765,63442776,0x8C,15,15,0,,0,custom_token(index) + overwrite_font_slots(),forbidden
codec,gcx,1766,63448388,0x8C,0,0,0,,0,custom_token(index) + overwrite_font_slots(),forbidden
codec,gcx,1767,63452272,0x8C,0,0,0,,0,custom_token(index) + overwrite_font_slots(),forbidden
codec,gcx,1768,63458576,0x8C,21,16,5,1|10|11|19|20,320,custom_token(index) + overwrite_font_slots(),forbidden
codec,gcx,1769,63468228,0x8C,26,26,0,,0,custom_token(index) + overwrite_font_slots(),forbidden
codec,gcx,1770,63475868,0x8C,1,1,0,,0,custom_token(index) + overwrite_font_slots(),forbidden
codec,gcx,1771,63480524,0x8C,16,16,0,,0,custom_token(index) + overwrite_font_slots(),forbidden
codec,gcx,1772,63485836,0x8C,0,0,0,,0,custom_token(index) + overwrite_font_slots(),forbidden
codec,gcx,1773,63489660,0x8C,0,0,0,,0,custom_token(index) + overwrite_font_slots(),forbidden
codec,gcx,1774,63493488,0x8C,0,0,0,,0,custom_token(index) + overwrite_font_slots(),forbidden
codec,gcx,1775,63497312,0x8C,0,0,0,,0,custom_token(index) + overwrite_font_slots(),forbidden
codec,gcx,1776,63501136,0x8C,0,0,0,,0,custom_token(index) + overwrite_font_slots(),forbidden
codec,gcx,1777,63507116,0x8C,3,3,0,,0,custom_token(index) + overwrite_font_slots(),forbidden
codec,gcx,1778,63512392,0x8C,7,7,0,,0,custom_token(index) + overwrite_font_slots(),forbidden
codec,gcx,1779,63517884,0x8C,3,3,0,,0,custom_token(index) + overwrite_font_slots(),forbidden
codec,gcx,1780,63523052,0x8C,0,0,0,,0,custom_token(index) + overwrite_font_slots(),forbidden
codec,gcx,1781,63527656,0x8C,0,0,0,,0,custom_token(index) + overwrite_font_slots(),forbidden
codec,gcx,1782,63532572,0x8C,27,27,0,,0,custom_token(index) + overwrite_font_slots(),forbidden
codec,gcx,1783,63541140,0x8C,5,5,0,,0,custom_token(index) + overwrite_font_slots(),forbidden
codec,gcx,1784,63555952,0x8C,66,61,5,10|11|12|13|24,320,custom_token(index) + overwrite_font_slots(),forbidden
codec,gcx,1785,63571576,0x8C,22,21,1,19,64,custom_token(index) + overwrite_font_slots(),forbidden
codec,gcx,1786,63579568,0x8C,0,0,0,,0,custom_token(index) + overwrite_font_slots(),forbidden
codec,gcx,1787,63588284,0x8C,23,22,1,13,64,custom_token(index) + overwrite_font_slots(),forbidden
codec,gcx,1788,63600184,0x8C,36,36,0,,0,custom_token(index) + overwrite_font_slots(),forbidden
codec,gcx,1789,63613912,0x8C,32,30,2,18|19,128,custom_token(index) + overwrite_font_slots(),forbidden
codec,gcx,1790,63624524,0x8C,19,18,1,9,64,custom_token(index) + overwrite_font_slots(),forbidden
codec,gcx,1791,63634036,0x8C,5,4,1,2,64,custom_token(index) + overwrite_font_slots(),forbidden
codec,gcx,1792,63641888,0x8C,13,10,3,1|7|8,192,custom_token(index) + overwrite_font_slots(),forbidden
codec,gcx,1793,63654196,0x8C,29,29,0,,0,custom_token(index) + overwrite_font_slots(),forbidden
codec,gcx,1794,63664428,0x8C,5,5,0,,0,custom_token(index) + overwrite_font_slots(),forbidden
codec,gcx,1795,63672128,0x8C,21,16,5,1|10|11|19|20,320,custom_token(index) + overwrite_font_slots(),forbidden
codec,gcx,1796,63685368,0x8C,24,22,2,17|23,128,custom_token(index) + overwrite_font_slots(),forbidden
codec,gcx,1797,63694596,0x8C,0,0,0,,0,custom_token(index) + overwrite_font_slots(),forbidden
codec,gcx,1798,63700300,0x8C,0,0,0,,0,custom_token(index) + overwrite_font_slots(),forbidden
codec,gcx,1799,63706396,0x8C,0,0,0,,0,custom_token(index) + overwrite_font_slots(),forbidden
codec,gcx,1800,63713020,0x8C,10,10,0,,0,custom_token(index) + overwrite_font_slots(),forbidden
codec,gcx,1801,63720756,0x8C,1,1,0,,0,custom_token(index) + overwrite_font_slots(),forbidden
codec,gcx,1802,63725448,0x8C,0,0,0,,0,custom_token(index) + overwrite_font_slots(),forbidden
codec,gcx,1803,63729416,0x8C,0,0,0,,0,custom_token(index) + overwrite_font_slots(),forbidden
codec,gcx,1804,63734040,0x8C,8,8,0,,0,custom_token(index) + overwrite_font_slots(),forbidden
codec,gcx,1805,63740876,0x8C,0,0,0,,0,custom_token(index) + overwrite_font_slots(),forbidden
codec,gcx,1806,63746184,0x8C,0,0,0,,0,custom_token(index) + overwrite_font_slots(),forbidden
codec,gcx,1807,63750520,0x8C,11,11,0,,0,custom_token(index) + overwrite_font_slots(),forbidden
codec,gcx,1808,63755384,0x8C,0,0,0,,0,custom_token(index) + overwrite_font_slots(),forbidden
codec,gcx,1809,63759508,0x8C,3,3,0,,0,custom_token(index) + overwrite_font_slots(),forbidden
codec,gcx,1810,63764188,0x8C,0,0,0,,0,custom_token(index) + overwrite_font_slots(),forbidden
codec,gcx,1811,63769620,0x8C,0,0,0,,0,custom_token(index) + overwrite_font_slots(),forbidden
codec,gcx,1812,63774616,0x8C,0,0,0,,0,custom_token(index) + overwrite_font_slots(),forbidden
codec,gcx,1813,63778652,0x8C,0,0,0,,0,custom_token(index) + overwrite_font_slots(),forbidden
codec,gcx,1814,63782392,0x8C,0,0,0,,0,custom_token(index) + overwrite_font_slots(),forbidden
codec,gcx,1815,63786580,0x8C,11,11,0,,0,custom_token(index) + overwrite_font_slots(),forbidden
codec,gcx,1816,63791820,0x8C,8,8,0,,0,custom_token(index) + overwrite_font_slots(),forbidden
codec,gcx,1817,63797064,0x8C,0,0,0,,0,custom_token(index) + overwrite_font_slots(),forbidden
codec,gcx,1818,63803276,0x8C,20,20,0,,0,custom_token(index) + overwrite_font_slots(),forbidden
codec,gcx,1819,63810120,0x8C,0,0,0,,0,custom_token(index) + overwrite_font_slots(),forbidden
codec,gcx,1820,63814440,0x8C,0,0,0,,0,custom_token(index) + overwrite_font_slots(),forbidden
codec,gcx,1821,63818792,0x8C,0,0,0,,0,custom_token(index) + overwrite_font_slots(),forbidden
codec,gcx,1822,63822740,0x8C,8,8,0,,0,custom_token(index) + overwrite_font_slots(),forbidden
codec,gcx,1823,63827824,0x8C,3,3,0,,0,custom_token(index) + overwrite_font_slots(),forbidden
codec,gcx,1824,63831828,0x8C,0,0,0,,0,custom_token(index) + overwrite_font_slots(),forbidden
codec,gcx,1825,63835896,0x8C,0,0,0,,0,custom_token(index) + overwrite_font_slots(),forbidden
codec,gcx,1826,63839632,0x8C,0,0,0,,0,custom_token(index) + overwrite_font_slots(),forbidden
codec,gcx,1827,63843932,0x8C,0,0,0,,0,custom_token(index) + overwrite_font_slots(),forbidden
codec,gcx,1828,63847720,0x8C,0,0,0,,0,custom_token(index) + overwrite_font_slots(),forbidden
codec,gcx,1829,63851932,0x8C,0,0,0,,0,custom_token(index) + overwrite_font_slots(),forbidden
codec,gcx,1830,63855716,0x8C,0,0,0,,0,custom_token(index) + overwrite_font_slots(),forbidden
codec,gcx,1831,63859720,0x8C,0,0,0,,0,custom_token(index) + overwrite_font_slots(),forbidden
codec,gcx,1832,63864112,0x8C,0,0,0,,0,custom_token(index) + overwrite_font_slots(),forbidden
codec,gcx,1833,63868108,0x8C,0,0,0,,0,custom_token(index) + overwrite_font_slots(),forbidden
codec,gcx,1834,63872272,0x8C,0,0,0,,0,custom_token(index) + overwrite_font_slots(),forbidden
codec,gcx,1835,63876232,0x8C,0,0,0,,0,custom_token(index) + overwrite_font_slots(),forbidden
codec,gcx,1836,63880212,0x8C,0,0,0,,0,custom_token(index) + overwrite_font_slots(),forbidden
codec,gcx,1837,63885468,0x8C,7,7,0,,0,custom_token(index) + overwrite_font_slots(),forbidden
codec,gcx,1838,63891008,0x8C,0,0,0,,0,custom_token(index) + overwrite_font_slots(),forbidden
codec,gcx,1839,63894908,0x8C,0,0,0,,0,custom_token(index) + overwrite_font_slots(),forbidden
codec,gcx,1840,63898976,0x8C,0,0,0,,0,custom_token(index) + overwrite_font_slots(),forbidden
codec,gcx,1841,63903272,0x8C,0,0,0,,0,custom_token(index) + overwrite_font_slots(),forbidden
codec,gcx,1842,63907620,0x8C,0,0,0,,0,custom_token(index) + overwrite_font_slots(),forbidden
codec,gcx,1843,63911604,0x8C,0,0,0,,0,custom_token(index) + overwrite_font_slots(),forbidden
codec,gcx,1844,63916380,0x8C,0,0,0,,0,custom_token(index) + overwrite_font_slots(),forbidden
codec,gcx,1845,63921228,0x8C,0,0,0,,0,custom_token(index) + overwrite_font_slots(),forbidden
codec,gcx,1846,63925576,0x8C,11,11,0,,0,custom_token(index) + overwrite_font_slots(),forbidden
codec,gcx,1847,63930156,0x8C,0,0,0,,0,custom_token(index) + overwrite_font_slots(),forbidden
codec,gcx,1848,63934120,0x8C,0,0,0,,0,custom_token(index) + overwrite_font_slots(),forbidden
codec,gcx,1849,63938352,0x8C,0,0,0,,0,custom_token(index) + overwrite_font_slots(),forbidden
codec,gcx,1850,63942336,0x8C,0,0,0,,0,custom_token(index) + overwrite_font_slots(),forbidden
codec,gcx,1851,63946252,0x8C,0,0,0,,0,custom_token(index) + overwrite_font_slots(),forbidden
codec,gcx,1852,63950796,0x8C,0,0,0,,0,custom_token(index) + overwrite_font_slots(),forbidden
codec,gcx,1853,63955444,0x8C,0,0,0,,0,custom_token(index) + overwrite_font_slots(),forbidden
codec,gcx,1854,63960388,0x8C,11,11,0,,0,custom_token(index) + overwrite_font_slots(),forbidden
codec,gcx,1855,63966056,0x8C,0,0,0,,0,custom_token(index) + overwrite_font_slots(),forbidden
codec,gcx,1856,63970144,0x8C,0,0,0,,0,custom_token(index) + overwrite_font_slots(),forbidden
codec,gcx,1857,63973924,0x8C,0,0,0,,0,custom_token(index) + overwrite_font_slots(),forbidden
codec,gcx,1858,63977824,0x8C,0,0,0,,0,custom_token(index) + overwrite_font_slots(),forbidden
codec,gcx,1859,63981712,0x8C,0,0,0,,0,custom_token(index) + overwrite_font_slots(),forbidden
codec,gcx,1860,63985820,0x8C,4,4,0,,0,custom_token(index) + overwrite_font_slots(),forbidden
codec,gcx,1861,63990332,0x8C,11,11,0,,0,custom_token(index) + overwrite_font_slots(),forbidden
codec,gcx,1862,63995512,0x8C,0,0,0,,0,custom_token(index) + overwrite_font_slots(),forbidden
codec,gcx,1863,63997680,0x8C,0,0,0,,0,custom_token(index) + overwrite_font_slots(),forbidden
codec,gcx,1864,64001552,0x8C,4,4,0,,0,custom_token(index) + overwrite_font_slots(),forbidden
codec,gcx,1865,64006908,0x8C,16,16,0,,0,custom_token(index) + overwrite_font_slots(),forbidden
codec,gcx,1866,64012132,0x8C,0,0,0,,0,custom_token(index) + overwrite_font_slots(),forbidden
codec,gcx,1867,64015928,0x8C,0,0,0,,0,custom_token(index) + overwrite_font_slots(),forbidden
codec,gcx,1868,64019768,0x8C,0,0,0,,0,custom_token(index) + overwrite_font_slots(),forbidden
codec,gcx,1869,64023684,0x8C,0,0,0,,0,custom_token(index) + overwrite_font_slots(),forbidden
codec,gcx,1870,64027964,0x8C,0,0,0,,0,custom_token(index) + overwrite_font_slots(),forbidden
codec,gcx,1871,64031984,0x8C,0,0,0,,0,custom_token(index) + overwrite_font_slots(),forbidden
codec,gcx,1872,64036128,0x8C,0,0,0,,0,custom_token(index) + overwrite_font_slots(),forbidden
codec,gcx,1873,64040264,0x8C,0,0,0,,0,custom_token(index) + overwrite_font_slots(),forbidden
codec,gcx,1874,64044164,0x8C,0,0,0,,0,custom_token(index) + overwrite_font_slots(),forbidden
codec,gcx,1875,64048652,0x8C,0,0,0,,0,custom_token(index) + overwrite_font_slots(),forbidden
codec,gcx,1876,64052948,0x8C,0,0,0,,0,custom_token(index) + overwrite_font_slots(),forbidden
codec,gcx,1877,64057056,0x8C,0,0,0,,0,custom_token(index) + overwrite_font_slots(),forbidden
codec,gcx,1878,64061048,0x8C,0,0,0,,0,custom_token(index) + overwrite_font_slots(),forbidden
codec,gcx,1879,64064780,0x8C,0,0,0,,0,custom_token(index) + overwrite_font_slots(),forbidden
codec,gcx,1880,64068648,0x8C,0,0,0,,0,custom_token(index) + overwrite_font_slots(),forbidden
codec,gcx,1881,64072452,0x8C,0,0,0,,0,custom_token(index) + overwrite_font_slots(),forbidden
codec,gcx,1882,64076432,0x8C,0,0,0,,0,custom_token(index) + overwrite_font_slots(),forbidden
codec,gcx,1883,64080368,0x8C,0,0,0,,0,custom_token(index) + overwrite_font_slots(),forbidden
codec,gcx,1884,64084484,0x8C,0,0,0,,0,custom_token(index) + overwrite_font_slots(),forbidden
codec,gcx,1885,64088504,0x8C,0,0,0,,0,custom_token(index) + overwrite_font_slots(),forbidden
codec,gcx,1886,64092300,0x8C,0,0,0,,0,custom_token(index) + overwrite_font_slots(),forbidden
codec,gcx,1887,64096176,0x8C,0,0,0,,0,custom_token(index) + overwrite_font_slots(),forbidden
codec,gcx,1888,64100408,0x8C,0,0,0,,0,custom_token(index) + overwrite_font_slots(),forbidden
codec,gcx,1889,64104364,0x8C,0,0,0,,0,custom_token(index) + overwrite_font_slots(),forbidden
codec,gcx,1890,64108172,0x8C,0,0,0,,0,custom_token(index) + overwrite_font_slots(),forbidden
codec,gcx,1891,64112304,0x8C,0,0,0,,0,custom_token(index) + overwrite_font_slots(),forbidden
codec,gcx,1892,64116596,0x8C,0,0,0,,0,custom_token(index) + overwrite_font_slots(),forbidden
codec,gcx,1893,64121416,0x8C,0,0,0,,0,custom_token(index) + overwrite_font_slots(),forbidden
codec,gcx,1894,64125832,0x8C,0,0,0,,0,custom_token(index) + overwrite_font_slots(),forbidden
codec,gcx,1895,64129948,0x8C,0,0,0,,0,custom_token(index) + overwrite_font_slots(),forbidden
codec,gcx,1896,64133852,0x8C,0,0,0,,0,custom_token(index) + overwrite_font_slots(),forbidden
codec,gcx,1897,64137672,0x8C,0,0,0,,0,custom_token(index) + overwrite_font_slots(),forbidden
codec,gcx,1898,64141468,0x8C,0,0,0,,0,custom_token(index) + overwrite_font_slots(),forbidden
codec,gcx,1899,64145620,0x8C,0,0,0,,0,custom_token(index) + overwrite_font_slots(),forbidden
codec,gcx,1900,64149600,0x8C,0,0,0,,0,custom_token(index) + overwrite_font_slots(),forbidden
codec,gcx,1901,64153416,0x8C,0,0,0,,0,custom_token(index) + overwrite_font_slots(),forbidden
codec,gcx,1902,64157260,0x8C,0,0,0,,0,custom_token(index) + overwrite_font_slots(),forbidden
codec,gcx,1903,64160996,0x8C,0,0,0,,0,custom_token(index) + overwrite_font_slots(),forbidden
codec,gcx,1904,64165344,0x8C,0,0,0,,0,custom_token(index) + overwrite_font_slots(),forbidden
codec,gcx,1905,64169728,0x8C,0,0,0,,0,custom_token(index) + overwrite_font_slots(),forbidden
codec,gcx,1906,64173732,0x8C,0,0,0,,0,custom_token(index) + overwrite_font_slots(),forbidden
codec,gcx,1907,64178024,0x8C,0,0,0,,0,custom_token(index) + overwrite_font_slots(),forbidden
codec,gcx,1908,64182192,0x8C,0,0,0,,0,custom_token(index) + overwrite_font_slots(),forbidden
codec,gcx,1909,64185960,0x8C,0,0,0,,0,custom_token(index) + overwrite_font_slots(),forbidden
codec,gcx,1910,64190056,0x8C,0,0,0,,0,custom_token(index) + overwrite_font_slots(),forbidden
codec,gcx,1911,64194124,0x8C,0,0,0,,0,custom_token(index) + overwrite_font_slots(),forbidden
codec,gcx,1912,64198368,0x8C,4,4,0,,0,custom_token(index) + overwrite_font_slots(),forbidden
codec,gcx,1913,64202796,0x8C,0,0,0,,0,custom_token(index) + overwrite_font_slots(),forbidden
codec,gcx,1914,64206536,0x8C,0,0,0,,0,custom_token(index) + overwrite_font_slots(),forbidden
codec,gcx,1915,64210540,0x8C,0,0,0,,0,custom_token(index) + overwrite_font_slots(),forbidden
codec,gcx,1916,64214556,0x8C,0,0,0,,0,custom_token(index) + overwrite_font_slots(),forbidden
codec,gcx,1917,64219180,0x8C,0,0,0,,0,custom_token(index) + overwrite_font_slots(),forbidden
codec,gcx,1918,64223236,0x8C,0,0,0,,0,custom_token(index) + overwrite_font_slots(),forbidden
codec,gcx,1919,64227704,0x8C,0,0,0,,0,custom_token(index) + overwrite_font_slots(),forbidden
codec,gcx,1920,64231696,0x8C,0,0,0,,0,custom_token(index) + overwrite_font_slots(),forbidden
codec,gcx,1921,64235444,0x8C,0,0,0,,0,custom_token(index) + overwrite_font_slots(),forbidden
codec,gcx,1922,64239516,0x8C,0,0,0,,0,custom_token(index) + overwrite_font_slots(),forbidden
codec,gcx,1923,64243616,0x8C,0,0,0,,0,custom_token(index) + overwrite_font_slots(),forbidden
codec,gcx,1924,64249000,0x8C,0,0,0,,0,custom_token(index) + overwrite_font_slots(),forbidden
codec,gcx,1925,64253876,0x8C,0,0,0,,0,custom_token(index) + overwrite_font_slots(),forbidden
codec,gcx,1926,64257884,0x8C,0,0,0,,0,custom_token(index) + overwrite_font_slots(),forbidden
codec,gcx,1927,64261716,0x8C,0,0,0,,0,custom_token(index) + overwrite_font_slots(),forbidden
codec,gcx,1928,64265848,0x8C,0,0,0,,0,custom_token(index) + overwrite_font_slots(),forbidden
codec,gcx,1929,64270988,0x8C,0,0,0,,0,custom_token(index) + overwrite_font_slots(),forbidden
codec,gcx,1930,64275144,0x8C,0,0,0,,0,custom_token(index) + overwrite_font_slots(),forbidden
codec,gcx,1931,64278820,0x8C,0,0,0,,0,custom_token(index) + overwrite_font_slots(),forbidden
codec,gcx,1932,64282976,0x8C,0,0,0,,0,custom_token(index) + overwrite_font_slots(),forbidden
codec,gcx,1933,64286880,0x8C,0,0,0,,0,custom_token(index) + overwrite_font_slots(),forbidden
codec,gcx,1934,64290652,0x8C,0,0,0,,0,custom_token(index) + overwrite_font_slots(),forbidden
codec,gcx,1935,64294652,0x8C,0,0,0,,0,custom_token(index) + overwrite_font_slots(),forbidden
codec,gcx,1936,64300272,0x8C,0,0,0,,0,custom_token(index) + overwrite_font_slots(),forbidden
codec,gcx,1937,64305408,0x8C,0,0,0,,0,custom_token(index) + overwrite_font_slots(),forbidden
codec,gcx,1938,64309452,0x8C,0,0,0,,0,custom_token(index) + overwrite_font_slots(),forbidden
codec,gcx,1939,64313196,0x8C,0,0,0,,0,custom_token(index) + overwrite_font_slots(),forbidden
codec,gcx,1940,64317260,0x8C,0,0,0,,0,custom_token(index) + overwrite_font_slots(),forbidden
codec,gcx,1941,64321500,0x8C,0,0,0,,0,custom_token(index) + overwrite_font_slots(),forbidden
codec,gcx,1942,64325628,0x8C,0,0,0,,0,custom_token(index) + overwrite_font_slots(),forbidden
codec,gcx,1943,64329760,0x8C,0,0,0,,0,custom_token(index) + overwrite_font_slots(),forbidden
codec,gcx,1944,64334016,0x8C,0,0,0,,0,custom_token(index) + overwrite_font_slots(),forbidden
codec,gcx,1945,64337976,0x8C,0,0,0,,0,custom_token(index) + overwrite_font_slots(),forbidden
codec,gcx,1946,64341748,0x8C,0,0,0,,0,custom_token(index) + overwrite_font_slots(),forbidden
codec,gcx,1947,64346860,0x8C,0,0,0,,0,custom_token(index) + overwrite_font_slots(),forbidden
codec,gcx,1948,64351128,0x8C,0,0,0,,0,custom_token(index) + overwrite_font_slots(),forbidden
codec,gcx,1949,64355060,0x8C,0,0,0,,0,custom_token(index) + overwrite_font_slots(),forbidden
codec,gcx,1950,64358788,0x8C,0,0,0,,0,custom_token(index) + overwrite_font_slots(),forbidden
codec,gcx,1951,64363272,0x8C,0,0,0,,0,custom_token(index) + overwrite_font_slots(),forbidden
codec,gcx,1952,64367716,0x8C,0,0,0,,0,custom_token(index) + overwrite_font_slots(),forbidden
codec,gcx,1953,64371924,0x8C,0,0,0,,0,custom_token(index) + overwrite_font_slots(),forbidden
codec,gcx,1954,64375680,0x8C,0,0,0,,0,custom_token(index) + overwrite_font_slots(),forbidden
codec,gcx,1955,64380016,0x8C,0,0,0,,0,custom_token(index) + overwrite_font_slots(),forbidden
codec,gcx,1956,64385948,0x8C,0,0,0,,0,custom_token(index) + overwrite_font_slots(),forbidden
codec,gcx,1957,64390632,0x8C,0,0,0,,0,custom_token(index) + overwrite_font_slots(),forbidden
codec,gcx,1958,64394420,0x8C,0,0,0,,0,custom_token(index) + overwrite_font_slots(),forbidden
codec,gcx,1959,64398296,0x8C,0,0,0,,0,custom_token(index) + overwrite_font_slots(),forbidden
codec,gcx,1960,64402772,0x8C,0,0,0,,0,custom_token(index) + overwrite_font_slots(),forbidden
codec,gcx,1961,64406644,0x8C,0,0,0,,0,custom_token(index) + overwrite_font_slots(),forbidden
codec,gcx,1962,64410392,0x8C,0,0,0,,0,custom_token(index) + overwrite_font_slots(),forbidden
codec,gcx,1963,64414952,0x8C,0,0,0,,0,custom_token(index) + overwrite_font_slots(),forbidden
codec,gcx,1964,64419664,0x8C,0,0,0,,0,custom_token(index) + overwrite_font_slots(),forbidden
codec,gcx,1965,64423592,0x8C,0,0,0,,0,custom_token(index) + overwrite_font_slots(),forbidden
codec,gcx,1966,64427316,0x8C,0,0,0,,0,custom_token(index) + overwrite_font_slots(),forbidden
codec,gcx,1967,64431524,0x8C,0,0,0,,0,custom_token(index) + overwrite_font_slots(),forbidden
codec,gcx,1968,64435896,0x8C,0,0,0,,0,custom_token(index) + overwrite_font_slots(),forbidden
codec,gcx,1969,64440116,0x8C,0,0,0,,0,custom_token(index) + overwrite_font_slots(),forbidden
codec,gcx,1970,64444040,0x8C,0,0,0,,0,custom_token(index) + overwrite_font_slots(),forbidden
codec,gcx,1971,64447928,0x8C,0,0,0,,0,custom_token(index) + overwrite_font_slots(),forbidden
codec,gcx,1972,64451688,0x8C,0,0,0,,0,custom_token(index) + overwrite_font_slots(),forbidden
codec,gcx,1973,64455520,0x8C,0,0,0,,0,custom_token(index) + overwrite_font_slots(),forbidden
codec,gcx,1974,64460284,0x8C,0,0,0,,0,custom_token(index) + overwrite_font_slots(),forbidden
codec,gcx,1975,64464828,0x8C,0,0,0,,0,custom_token(index) + overwrite_font_slots(),forbidden
codec,gcx,1976,64469020,0x8C,0,0,0,,0,custom_token(index) + overwrite_font_slots(),forbidden
codec,gcx,1977,64472904,0x8C,0,0,0,,0,custom_token(index) + overwrite_font_slots(),forbidden
codec,gcx,1978,64479332,0x8C,0,0,0,,0,custom_token(index) + overwrite_font_slots(),forbidden
codec,gcx,1979,64484816,0x8C,0,0,0,,0,custom_token(index) + overwrite_font_slots(),forbidden
codec,gcx,1980,64488608,0x8C,0,0,0,,0,custom_token(index) + overwrite_font_slots(),forbidden
codec,gcx,1981,64494920,0x8C,0,0,0,,0,custom_token(index) + overwrite_font_slots(),forbidden
codec,gcx,1982,64499356,0x8C,0,0,0,,0,custom_token(index) + overwrite_font_slots(),forbidden
codec,gcx,1983,64503124,0x8C,0,0,0,,0,custom_token(index) + overwrite_font_slots(),forbidden
codec,gcx,1984,64507344,0x8C,0,0,0,,0,custom_token(index) + overwrite_font_slots(),forbidden
codec,gcx,1985,64511880,0x8C,0,0,0,,0,custom_token(index) + overwrite_font_slots(),forbidden
codec,gcx,1986,64517896,0x8C,0,0,0,,0,custom_token(index) + overwrite_font_slots(),forbidden
codec,gcx,1987,64522620,0x8C,0,0,0,,0,custom_token(index) + overwrite_font_slots(),forbidden
codec,gcx,1988,64526388,0x8C,0,0,0,,0,custom_token(index) + overwrite_font_slots(),forbidden
codec,gcx,1989,64530820,0x8C,0,0,0,,0,custom_token(index) + overwrite_font_slots(),forbidden
codec,gcx,1990,64535532,0x8C,3,3,0,,0,custom_token(index) + overwrite_font_slots(),forbidden
codec,gcx,1991,64539976,0x8C,0,0,0,,0,custom_token(index) + overwrite_font_slots(),forbidden
codec,gcx,1992,64543712,0x8C,0,0,0,,0,custom_token(index) + overwrite_font_slots(),forbidden
codec,gcx,1993,64549288,0x8C,0,0,0,,0,custom_token(index) + overwrite_font_slots(),forbidden
codec,gcx,1994,64553916,0x8C,0,0,0,,0,custom_token(index) + overwrite_font_slots(),forbidden
codec,gcx,1995,64557688,0x8C,0,0,0,,0,custom_token(index) + overwrite_font_slots(),forbidden
codec,gcx,1996,64562152,0x8C,0,0,0,,0,custom_token(index) + overwrite_font_slots(),forbidden
codec,gcx,1997,64567068,0x8C,0,0,0,,0,custom_token(index) + overwrite_font_slots(),forbidden
codec,gcx,1998,64571336,0x8C,0,0,0,,0,custom_token(index) + overwrite_font_slots(),forbidden
codec,gcx,1999,64575116,0x8C,0,0,0,,0,custom_token(index) + overwrite_font_slots(),forbidden
codec,gcx,2000,64578880,0x8C,0,0,0,,0,custom_token(index) + overwrite_font_slots(),forbidden
codec,gcx,2001,64582640,0x8C,0,0,0,,0,custom_token(index) + overwrite_font_slots(),forbidden
codec,gcx,2002,64586816,0x8C,0,0,0,,0,custom_token(index) + overwrite_font_slots(),forbidden
codec,gcx,2003,64592572,0x8C,0,0,0,,0,custom_token(index) + overwrite_font_slots(),forbidden
codec,gcx,2004,64596996,0x8C,0,0,0,,0,custom_token(index) + overwrite_font_slots(),forbidden
codec,gcx,2005,64600752,0x8C,0,0,0,,0,custom_token(index) + overwrite_font_slots(),forbidden
codec,gcx,2006,64605036,0x8C,0,0,0,,0,custom_token(index) + overwrite_font_slots(),forbidden
codec,gcx,2007,64609408,0x8C,0,0,0,,0,custom_token(index) + overwrite_font_slots(),forbidden
codec,gcx,2008,64613868,0x8C,0,0,0,,0,custom_token(index) + overwrite_font_slots(),forbidden
codec,gcx,2009,64617984,0x8C,0,0,0,,0,custom_token(index) + overwrite_font_slots(),forbidden
codec,gcx,2010,64621732,0x8C,0,0,0,,0,custom_token(index) + overwrite_font_slots(),forbidden
codec,gcx,2011,64625820,0x8C,0,0,0,,0,custom_token(index) + overwrite_font_slots(),forbidden
codec,gcx,2012,64630972,0x8C,0,0,0,,0,custom_token(index) + overwrite_font_slots(),forbidden
codec,gcx,2013,64635696,0x8C,0,0,0,,0,custom_token(index) + overwrite_font_slots(),forbidden
codec,gcx,2014,64639948,0x8C,0,0,0,,0,custom_token(index) + overwrite_font_slots(),forbidden
codec,gcx,2015,64643924,0x8C,0,0,0,,0,custom_token(index) + overwrite_font_slots(),forbidden
codec,gcx,2016,64647716,0x8C,0,0,0,,0,custom_token(index) + overwrite_font_slots(),forbidden
codec,gcx,2017,64652060,0x8C,0,0,0,,0,custom_token(index) + overwrite_font_slots(),forbidden
codec,gcx,2018,64657632,0x8C,0,0,0,,0,custom_token(index) + overwrite_font_slots(),forbidden
codec,gcx,2019,64662248,0x8C,0,0,0,,0,custom_token(index) + overwrite_font_slots(),forbidden
codec,gcx,2020,64666368,0x8C,4,4,0,,0,custom_token(index) + overwrite_font_slots(),forbidden
codec,gcx,2021,64670700,0x8C,0,0,0,,0,custom_token(index) + overwrite_font_slots(),forbidden
codec,gcx,2022,64676276,0x8C,34,34,0,,0,custom_token(index) + overwrite_font_slots(),forbidden
codec,gcx,2023,64687740,0x8C,4,4,0,,0,custom_token(index) + overwrite_font_slots(),forbidden
codec,gcx,2024,64693392,0x8C,0,0,0,,0,custom_token(index) + overwrite_font_slots(),forbidden
codec,gcx,2025,64697204,0x8C,0,0,0,,0,custom_token(index) + overwrite_font_slots(),forbidden
codec,gcx,2026,64701336,0x8C,0,0,0,,0,custom_token(index) + overwrite_font_slots(),forbidden
codec,gcx,2027,64705496,0x8C,0,0,0,,0,custom_token(index) + overwrite_font_slots(),forbidden
codec,gcx,2028,64709840,0x8C,1,1,0,,0,custom_token(index) + overwrite_font_slots(),forbidden
codec,gcx,2029,64714564,0x8C,9,9,0,,0,custom_token(index) + overwrite_font_slots(),forbidden
codec,gcx,2030,64719688,0x8C,0,0,0,,0,custom_token(index) + overwrite_font_slots(),forbidden
codec,gcx,2031,64723456,0x8C,0,0,0,,0,custom_token(index) + overwrite_font_slots(),forbidden
codec,gcx,2032,64727968,0x8C,0,0,0,,0,custom_token(index) + overwrite_font_slots(),forbidden
codec,gcx,2033,64733460,0x8C,0,0,0,,0,custom_token(index) + overwrite_font_slots(),forbidden
codec,gcx,2034,64737892,0x8C,0,0,0,,0,custom_token(index) + overwrite_font_slots(),forbidden
codec,gcx,2035,64741672,0x8C,0,0,0,,0,custom_token(index) + overwrite_font_slots(),forbidden
codec,gcx,2036,64745560,0x8C,0,0,0,,0,custom_token(index) + overwrite_font_slots(),forbidden
codec,gcx,2037,64750620,0x8C,4,4,0,,0,custom_token(index) + overwrite_font_slots(),forbidden
codec,gcx,2038,64756720,0x8C,0,0,0,,0,custom_token(index) + overwrite_font_slots(),forbidden
codec,gcx,2039,64761336,0x8C,3,1,2,1|2,128,custom_token(index) + overwrite_font_slots(),forbidden
codec,gcx,2040,64765824,0x8C,4,4,0,,0,custom_token(index) + overwrite_font_slots(),forbidden
codec,gcx,2041,64771516,0x8C,0,0,0,,0,custom_token(index) + overwrite_font_slots(),forbidden
codec,gcx,2042,64776060,0x8C,0,0,0,,0,custom_token(index) + overwrite_font_slots(),forbidden
codec,gcx,2043,64779700,0x8C,0,0,0,,0,custom_token(index) + overwrite_font_slots(),forbidden
codec,gcx,2044,64783500,0x8C,0,0,0,,0,custom_token(index) + overwrite_font_slots(),forbidden
codec,gcx,2045,64787224,0x8C,0,0,0,,0,custom_token(index) + overwrite_font_slots(),forbidden
codec,gcx,2046,64791808,0x8C,6,6,0,,0,custom_token(index) + overwrite_font_slots(),forbidden
codec,gcx,2047,64797492,0x8C,0,0,0,,0,custom_token(index) + overwrite_font_slots(),forbidden
codec,gcx,2048,64801676,0x8C,0,0,0,,0,custom_token(index) + overwrite_font_slots(),forbidden
codec,gcx,2049,64806340,0x8C,0,0,0,,0,custom_token(index) + overwrite_font_slots(),forbidden
codec,gcx,2050,64811548,0x8C,0,0,0,,0,custom_token(index) + overwrite_font_slots(),forbidden
codec,gcx,2051,64816136,0x8C,0,0,0,,0,custom_token(index) + overwrite_font_slots(),forbidden
codec,gcx,2052,64820112,0x8C,0,0,0,,0,custom_token(index) + overwrite_font_slots(),forbidden
codec,gcx,2053,64824052,0x8C,0,0,0,,0,custom_token(index) + overwrite_font_slots(),forbidden
codec,gcx,2054,64827980,0x8C,0,0,0,,0,custom_token(index) + overwrite_font_slots(),forbidden
codec,gcx,2055,64832036,0x8C,0,0,0,,0,custom_token(index) + overwrite_font_slots(),forbidden
codec,gcx,2056,64835952,0x8C,0,0,0,,0,custom_token(index) + overwrite_font_slots(),forbidden
codec,gcx,2057,64839728,0x8C,0,0,0,,0,custom_token(index) + overwrite_font_slots(),forbidden
codec,gcx,2058,64843764,0x8C,0,0,0,,0,custom_token(index) + overwrite_font_slots(),forbidden
codec,gcx,2059,64847952,0x8C,0,0,0,,0,custom_token(index) + overwrite_font_slots(),forbidden
codec,gcx,2060,64853704,0x8C,0,0,0,,0,custom_token(index) + overwrite_font_slots(),forbidden
codec,gcx,2061,64858412,0x8C,0,0,0,,0,custom_token(index) + overwrite_font_slots(),forbidden
codec,gcx,2062,64862144,0x8C,0,0,0,,0,custom_token(index) + overwrite_font_slots(),forbidden
codec,gcx,2063,64865988,0x8C,0,0,0,,0,custom_token(index) + overwrite_font_slots(),forbidden
codec,gcx,2064,64870000,0x8C,0,0,0,,0,custom_token(index) + overwrite_font_slots(),forbidden
codec,gcx,2065,64874104,0x8C,0,0,0,,0,custom_token(index) + overwrite_font_slots(),forbidden
codec,gcx,2066,64878692,0x8C,0,0,0,,0,custom_token(index) + overwrite_font_slots(),forbidden
codec,gcx,2067,64882724,0x8C,0,0,0,,0,custom_token(index) + overwrite_font_slots(),forbidden
codec,gcx,2068,64887500,0x8C,0,0,0,,0,custom_token(index) + overwrite_font_slots(),forbidden
codec,gcx,2069,64891604,0x8C,0,0,0,,0,custom_token(index) + overwrite_font_slots(),forbidden
codec,gcx,2070,64895964,0x8C,0,0,0,,0,custom_token(index) + overwrite_font_slots(),forbidden
codec,gcx,2071,64899936,0x8C,0,0,0,,0,custom_token(index) + overwrite_font_slots(),forbidden
codec,gcx,2072,64904068,0x8C,0,0,0,,0,custom_token(index) + overwrite_font_slots(),forbidden
codec,gcx,2073,64908088,0x8C,5,5,0,,0,custom_token(index) + overwrite_font_slots(),forbidden
codec,gcx,2074,64912336,0x8C,0,0,0,,0,custom_token(index) + overwrite_font_slots(),forbidden
codec,gcx,2075,64916788,0x8C,0,0,0,,0,custom_token(index) + overwrite_font_slots(),forbidden
codec,gcx,2076,64920740,0x8C,0,0,0,,0,custom_token(index) + overwrite_font_slots(),forbidden
codec,gcx,2077,64925472,0x8C,0,0,0,,0,custom_token(index) + overwrite_font_slots(),forbidden
codec,gcx,2078,64929580,0x8C,0,0,0,,0,custom_token(index) + overwrite_font_slots(),forbidden
codec,gcx,2079,64933284,0x8C,0,0,0,,0,custom_token(index) + overwrite_font_slots(),forbidden
codec,gcx,2080,64937720,0x8C,0,0,0,,0,custom_token(index) + overwrite_font_slots(),forbidden
codec,gcx,2081,64941792,0x8C,0,0,0,,0,custom_token(index) + overwrite_font_slots(),forbidden
codec,gcx,2082,64945768,0x8C,0,0,0,,0,custom_token(index) + overwrite_font_slots(),forbidden
codec,gcx,2083,64949668,0x8C,0,0,0,,0,custom_token(index) + overwrite_font_slots(),forbidden
codec,gcx,2084,64953392,0x8C,0,0,0,,0,custom_token(index) + overwrite_font_slots(),forbidden
codec,gcx,2085,64958180,0x8C,0,0,0,,0,custom_token(index) + overwrite_font_slots(),forbidden
codec,gcx,2086,64962288,0x8C,0,0,0,,0,custom_token(index) + overwrite_font_slots(),forbidden
codec,gcx,2087,64966028,0x8C,0,0,0,,0,custom_token(index) + overwrite_font_slots(),forbidden
codec,gcx,2088,64969836,0x8C,0,0,0,,0,custom_token(index) + overwrite_font_slots(),forbidden
codec,gcx,2089,64973808,0x8C,0,0,0,,0,custom_token(index) + overwrite_font_slots(),forbidden
codec,gcx,2090,64977540,0x8C,0,0,0,,0,custom_token(index) + overwrite_font_slots(),forbidden
codec,gcx,2091,64981692,0x8C,0,0,0,,0,custom_token(index) + overwrite_font_slots(),forbidden
codec,gcx,2092,64985916,0x8C,8,8,0,,0,custom_token(index) + overwrite_font_slots(),forbidden
codec,gcx,2093,64990336,0x8C,0,0,0,,0,custom_token(index) + overwrite_font_slots(),forbidden
codec,gcx,2094,64994448,0x8C,0,0,0,,0,custom_token(index) + overwrite_font_slots(),forbidden
codec,gcx,2095,64999064,0x8C,0,0,0,,0,custom_token(index) + overwrite_font_slots(),forbidden
codec,gcx,2096,65002908,0x8C,0,0,0,,0,custom_token(index) + overwrite_font_slots(),forbidden
codec,gcx,2097,65007104,0x8C,11,11,0,,0,custom_token(index) + overwrite_font_slots(),forbidden
codec,gcx,2098,65012380,0x8C,0,0,0,,0,custom_token(index) + overwrite_font_slots(),forbidden
codec,gcx,2099,65016216,0x8C,0,0,0,,0,custom_token(index) + overwrite_font_slots(),forbidden
codec,gcx,2100,65020312,0x8C,0,0,0,,0,custom_token(index) + overwrite_font_slots(),forbidden
codec,gcx,2101,65024944,0x8C,0,0,0,,0,custom_token(index) + overwrite_font_slots(),forbidden
codec,gcx,2102,65029060,0x8C,3,3,0,,0,custom_token(index) + overwrite_font_slots(),forbidden
codec,gcx,2103,65033500,0x8C,7,7,0,,0,custom_token(index) + overwrite_font_slots(),forbidden
codec,gcx,2104,65037996,0x8C,0,0,0,,0,custom_token(index) + overwrite_font_slots(),forbidden
codec,gcx,2105,65041968,0x8C,0,0,0,,0,custom_token(index) + overwrite_font_slots(),forbidden
codec,gcx,2106,65045724,0x8C,0,0,0,,0,custom_token(index) + overwrite_font_slots(),forbidden
codec,gcx,2107,65049704,0x8C,0,0,0,,0,custom_token(index) + overwrite_font_slots(),forbidden
codec,gcx,2108,65053716,0x8C,12,12,0,,0,custom_token(index) + overwrite_font_slots(),forbidden
codec,gcx,2109,65059256,0x8C,0,0,0,,0,custom_token(index) + overwrite_font_slots(),forbidden
codec,gcx,2110,65063360,0x8C,0,0,0,,0,custom_token(index) + overwrite_font_slots(),forbidden
codec,gcx,2111,65067232,0x8C,0,0,0,,0,custom_token(index) + overwrite_font_slots(),forbidden
codec,gcx,2112,65071152,0x8C,0,0,0,,0,custom_token(index) + overwrite_font_slots(),forbidden
codec,gcx,2113,65078756,0x8C,27,27,0,,0,custom_token(index) + overwrite_font_slots(),forbidden
codec,gcx,2114,65087596,0x8C,35,35,0,,0,custom_token(index) + overwrite_font_slots(),forbidden
codec,gcx,2115,65096056,0x8C,8,8,0,,0,custom_token(index) + overwrite_font_slots(),forbidden
codec,gcx,2116,65102600,0x8C,5,5,0,,0,custom_token(index) + overwrite_font_slots(),forbidden
codec,gcx,2117,65113580,0x8C,29,29,0,,0,custom_token(index) + overwrite_font_slots(),forbidden
codec,gcx,2118,65121580,0x8C,0,0,0,,0,custom_token(index) + overwrite_font_slots(),forbidden
codec,gcx,2119,65125748,0x8C,0,0,0,,0,custom_token(index) + overwrite_font_slots(),forbidden
codec,gcx,2120,65129956,0x8C,0,0,0,,0,custom_token(index) + overwrite_font_slots(),forbidden
codec,gcx,2121,65134236,0x8C,0,0,0,,0,custom_token(index) + overwrite_font_slots(),forbidden
codec,gcx,2122,65138748,0x8C,0,0,0,,0,custom_token(index) + overwrite_font_slots(),forbidden
codec,gcx,2123,65143064,0x8C,0,0,0,,0,custom_token(index) + overwrite_font_slots(),forbidden
codec,gcx,2124,65147272,0x8C,0,0,0,,0,custom_token(index) + overwrite_font_slots(),forbidden
codec,gcx,2125,65151468,0x8C,0,0,0,,0,custom_token(index) + overwrite_font_slots(),forbidden
codec,gcx,2126,65156156,0x8C,0,0,0,,0,custom_token(index) + overwrite_font_slots(),forbidden
codec,gcx,2127,65160552,0x8C,0,0,0,,0,custom_token(index) + overwrite_font_slots(),forbidden
codec,gcx,2128,65165448,0x8C,16,16,0,,0,custom_token(index) + overwrite_font_slots(),forbidden
codec,gcx,2129,65171920,0x8C,0,0,0,,0,custom_token(index) + overwrite_font_slots(),forbidden
codec,gcx,2130,65176420,0x8C,0,0,0,,0,custom_token(index) + overwrite_font_slots(),forbidden
codec,gcx,2131,65180288,0x8C,0,0,0,,0,custom_token(index) + overwrite_font_slots(),forbidden
codec,gcx,2132,65184040,0x8C,0,0,0,,0,custom_token(index) + overwrite_font_slots(),forbidden
codec,gcx,2133,65187784,0x8C,0,0,0,,0,custom_token(index) + overwrite_font_slots(),forbidden
codec,gcx,2134,65191556,0x8C,0,0,0,,0,custom_token(index) + overwrite_font_slots(),forbidden
codec,gcx,2135,65195316,0x8C,0,0,0,,0,custom_token(index) + overwrite_font_slots(),forbidden
codec,gcx,2136,65198976,0x8C,0,0,0,,0,custom_token(index) + overwrite_font_slots(),forbidden
codec,gcx,2137,65205220,0x8C,0,0,0,,0,custom_token(index) + overwrite_font_slots(),forbidden
codec,gcx,2138,65503128,0x8C,113,113,0,,0,custom_token(index) + overwrite_font_slots(),forbidden
codec,gcx,2139,65997964,0x8C,74,67,7,6|7|22|27|29|52|69,448,custom_token(index) + overwrite_font_slots(),forbidden
codec,gcx,2140,66193604,0x8C,0,0,0,,0,custom_token(index) + overwrite_font_slots(),forbidden
codec,gcx,2141,66197308,0x8C,0,0,0,,0,custom_token(index) + overwrite_font_slots(),forbidden
codec,gcx,2142,66200984,0x8C,0,0,0,,0,custom_token(index) + overwrite_font_slots(),forbidden
codec,gcx,2143,66204724,0x8C,0,0,0,,0,custom_token(index) + overwrite_font_slots(),forbidden
codec,gcx,2144,66208416,0x8C,0,0,0,,0,custom_token(index) + overwrite_font_slots(),forbidden
codec,gcx,2145,66212184,0x8C,0,0,0,,0,custom_token(index) + overwrite_font_slots(),forbidden
codec,gcx,2146,66215896,0x8C,0,0,0,,0,custom_token(index) + overwrite_font_slots(),forbidden
codec,gcx,2147,66219632,0x8C,0,0,0,,0,custom_token(index) + overwrite_font_slots(),forbidden
codec,gcx,2148,66223356,0x8C,0,0,0,,0,custom_token(index) + overwrite_font_slots(),forbidden
codec,gcx,2149,66227048,0x8C,0,0,0,,0,custom_token(index) + overwrite_font_slots(),forbidden
codec,gcx,2150,66230756,0x8C,0,0,0,,0,custom_token(index) + overwrite_font_slots(),forbidden
codec,gcx,2151,66234460,0x8C,0,0,0,,0,custom_token(index) + overwrite_font_slots(),forbidden
codec,gcx,2152,66238340,0x8C,0,0,0,,0,custom_token(index) + overwrite_font_slots(),forbidden
codec,gcx,2153,66242308,0x8C,0,0,0,,0,custom_token(index) + overwrite_font_slots(),forbidden
codec,gcx,2154,66246116,0x8C,0,0,0,,0,custom_token(index) + overwrite_font_slots(),forbidden
codec,gcx,2155,66249912,0x8C,0,0,0,,0,custom_token(index) + overwrite_font_slots(),forbidden
codec,gcx,2156,66253804,0x8C,0,0,0,,0,custom_token(index) + overwrite_font_slots(),forbidden
codec,gcx,2157,66257572,0x8C,0,0,0,,0,custom_token(index) + overwrite_font_slots(),forbidden
codec,gcx,2158,66261400,0x8C,0,0,0,,0,custom_token(index) + overwrite_font_slots(),forbidden
codec,gcx,2159,66265200,0x8C,0,0,0,,0,custom_token(index) + overwrite_font_slots(),forbidden
codec,gcx,2160,66269008,0x8C,0,0,0,,0,custom_token(index) + overwrite_font_slots(),forbidden
codec,gcx,2161,66272888,0x8C,0,0,0,,0,custom_token(index) + overwrite_font_slots(),forbidden
codec,gcx,2162,66276800,0x8C,0,0,0,,0,custom_token(index) + overwrite_font_slots(),forbidden
codec,gcx,2163,66280668,0x8C,0,0,0,,0,custom_token(index) + overwrite_font_slots(),forbidden
codec,gcx,2164,66284660,0x8C,0,0,0,,0,custom_token(index) + overwrite_font_slots(),forbidden
codec,gcx,2165,66288444,0x8C,0,0,0,,0,custom_token(index) + overwrite_font_slots(),forbidden
codec,gcx,2166,66292264,0x8C,0,0,0,,0,custom_token(index) + overwrite_font_slots(),forbidden
codec,gcx,2167,66296176,0x8C,0,0,0,,0,custom_token(index) + overwrite_font_slots(),forbidden
codec,gcx,2168,66300008,0x8C,0,0,0,,0,custom_token(index) + overwrite_font_slots(),forbidden
codec,gcx,2169,66302176,0x8C,0,0,0,,0,custom_token(index) + overwrite_font_slots(),forbidden
codec,gcx,2170,66303664,0x8C,0,0,0,,0,custom_token(index) + overwrite_font_slots(),forbidden
codec,gcx,2171,66306940,0x8C,0,0,0,,0,custom_token(index) + overwrite_font_slots(),forbidden
codec,gcx,2172,66310768,0x8C,0,0,0,,0,custom_token(index) + overwrite_font_slots(),forbidden
codec,gcx,2173,66316588,0x8C,56,56,0,,0,custom_token(index) + overwrite_font_slots(),forbidden
codec,gcx,2174,66331160,0x8C,61,61,0,,0,custom_token(index) + overwrite_font_slots(),forbidden
codec,gcx,2175,66342844,0x8C,33,33,0,,0,custom_token(index) + overwrite_font_slots(),forbidden
codec,gcx,2176,66352976,0x8C,13,13,0,,0,custom_token(index) + overwrite_font_slots(),forbidden
codec,gcx,2177,66359428,0x8C,20,20,0,,0,custom_token(index) + overwrite_font_slots(),forbidden
codec,gcx,2178,66366092,0x8C,20,20,0,,0,custom_token(index) + overwrite_font_slots(),forbidden
codec,gcx,2179,66373412,0x8C,6,6,0,,0,custom_token(index) + overwrite_font_slots(),forbidden
codec,gcx,2180,66379284,0x8C,13,13,0,,0,custom_token(index) + overwrite_font_slots(),forbidden
codec,gcx,2181,66386640,0x8C,71,71,0,,0,custom_token(index) + overwrite_font_slots(),forbidden
codec,gcx,2182,66397840,0x8C,4,4,0,,0,custom_token(index) + overwrite_font_slots(),forbidden
codec,gcx,2183,66403584,0x8C,6,6,0,,0,custom_token(index) + overwrite_font_slots(),forbidden
codec,gcx,2184,66409304,0x8C,19,19,0,,0,custom_token(index) + overwrite_font_slots(),forbidden
codec,gcx,2185,66415700,0x8C,15,15,0,,0,custom_token(index) + overwrite_font_slots(),forbidden
codec,gcx,2186,66422824,0x8C,10,10,0,,0,custom_token(index) + overwrite_font_slots(),forbidden
codec,gcx,2187,66428524,0x8C,15,15,0,,0,custom_token(index) + overwrite_font_slots(),forbidden
codec,gcx,2188,66435012,0x8C,19,19,0,,0,custom_token(index) + overwrite_font_slots(),forbidden
codec,gcx,2189,66442756,0x8C,0,0,0,,0,custom_token(index) + overwrite_font_slots(),forbidden
codec,gcx,2190,66447252,0x8C,2,2,0,,0,custom_token(index) + overwrite_font_slots(),forbidden
codec,gcx,2191,66451948,0x8C,0,0,0,,0,custom_token(index) + overwrite_font_slots(),forbidden
codec,gcx,2192,66457652,0x8C,33,33,0,,0,custom_token(index) + overwrite_font_slots(),forbidden
codec,gcx,2193,66465104,0x8C,14,14,0,,0,custom_token(index) + overwrite_font_slots(),forbidden
codec,gcx,2194,66472720,0x8C,8,8,0,,0,custom_token(index) + overwrite_font_slots(),forbidden
codec,gcx,2195,66481444,0x8C,8,8,0,,0,custom_token(index) + overwrite_font_slots(),forbidden
codec,gcx,2196,66487916,0x8C,1,1,0,,0,custom_token(index) + overwrite_font_slots(),forbidden
codec,gcx,2197,66495000,0x8C,12,12,0,,0,custom_token(index) + overwrite_font_slots(),forbidden
codec,gcx,2198,66501372,0x8C,14,14,0,,0,custom_token(index) + overwrite_font_slots(),forbidden
codec,gcx,2199,66507660,0x8C,15,15,0,,0,custom_token(index) + overwrite_font_slots(),forbidden
codec,gcx,2200,66513888,0x8C,3,3,0,,0,custom_token(index) + overwrite_font_slots(),forbidden
codec,gcx,2201,66519296,0x8C,26,26,0,,0,custom_token(index) + overwrite_font_slots(),forbidden
codec,gcx,2202,66527260,0x8C,6,6,0,,0,custom_token(index) + overwrite_font_slots(),forbidden
codec,gcx,2203,66532808,0x8C,12,12,0,,0,custom_token(index) + overwrite_font_slots(),forbidden
codec,gcx,2204,66538888,0x8C,19,19,0,,0,custom_token(index) + overwrite_font_slots(),forbidden
codec,gcx,2205,66548680,0x8C,0,0,0,,0,custom_token(index) + overwrite_font_slots(),forbidden
codec,gcx,2206,66557816,0x8C,0,0,0,,0,custom_token(index) + overwrite_font_slots(),forbidden
codec,gcx,2207,66563548,0x8C,0,0,0,,0,custom_token(index) + overwrite_font_slots(),forbidden
codec,gcx,2208,66567640,0x8C,0,0,0,,0,custom_token(index) + overwrite_font_slots(),forbidden
codec,gcx,2209,66571348,0x8C,0,0,0,,0,custom_token(index) + overwrite_font_slots(),forbidden
codec,gcx,2210,66674944,0x8C,76,76,0,,0,custom_token(index) + overwrite_font_slots(),forbidden
codec,gcx,2211,66830384,0x8C,40,38,2,0|38,128,custom_token(index) + overwrite_font_slots(),forbidden
codec,gcx,2212,66879964,0x8C,0,0,0,,0,custom_token(index) + overwrite_font_slots(),forbidden
codec,gcx,2213,66881996,0x8C,0,0,0,,0,custom_token(index) + overwrite_font_slots(),forbidden
codec,gcx,2214,66884028,0x8C,0,0,0,,0,custom_token(index) + overwrite_font_slots(),forbidden
codec,gcx,2215,66886060,0x8C,0,0,0,,0,custom_token(index) + overwrite_font_slots(),forbidden
codec,gcx,2216,66888092,0x8C,0,0,0,,0,custom_token(index) + overwrite_font_slots(),forbidden
codec,gcx,2217,66890124,0x8C,0,0,0,,0,custom_token(index) + overwrite_font_slots(),forbidden
codec,gcx,2218,66892672,0x8C,0,0,0,,0,custom_token(index) + overwrite_font_slots(),forbidden
codec,gcx,2219,66895280,0x8C,0,0,0,,0,custom_token(index) + overwrite_font_slots(),forbidden
codec,gcx,2220,66897888,0x8C,0,0,0,,0,custom_token(index) + overwrite_font_slots(),forbidden
codec,gcx,2221,66900496,0x8C,0,0,0,,0,custom_token(index) + overwrite_font_slots(),forbidden
codec,gcx,2222,66903104,0x8C,0,0,0,,0,custom_token(index) + overwrite_font_slots(),forbidden
codec,gcx,2223,66905712,0x8C,0,0,0,,0,custom_token(index) + overwrite_font_slots(),forbidden
codec,gcx,2224,66908320,0x8C,0,0,0,,0,custom_token(index) + overwrite_font_slots(),forbidden
codec,gcx,2225,66910928,0x8C,0,0,0,,0,custom_token(index) + overwrite_font_slots(),forbidden
codec,gcx,2226,66913536,0x8C,0,0,0,,0,custom_token(index) + overwrite_font_slots(),forbidden
codec,gcx,2227,66916144,0x8C,0,0,0,,0,custom_token(index) + overwrite_font_slots(),forbidden
codec,gcx,2228,66918752,0x8C,0,0,0,,0,custom_token(index) + overwrite_font_slots(),forbidden
codec,gcx,2229,66921360,0x8C,0,0,0,,0,custom_token(index) + overwrite_font_slots(),forbidden
codec,gcx,2230,66923968,0x8C,0,0,0,,0,custom_token(index) + overwrite_font_slots(),forbidden
codec,gcx,2231,66926576,0x8C,0,0,0,,0,custom_token(index) + overwrite_font_slots(),forbidden
codec,gcx,2232,66929184,0x8C,0,0,0,,0,custom_token(index) + overwrite_font_slots(),forbidden
codec,gcx,2233,66931792,0x8C,0,0,0,,0,custom_token(index) + overwrite_font_slots(),forbidden
codec,gcx,2234,66934400,0x8C,0,0,0,,0,custom_token(index) + overwrite_font_slots(),forbidden
codec,gcx,2235,66937008,0x8C,0,0,0,,0,custom_token(index) + overwrite_font_slots(),forbidden
codec,gcx,2236,66939616,0x8C,0,0,0,,0,custom_token(index) + overwrite_font_slots(),forbidden
codec,gcx,2237,66942224,0x8C,0,0,0,,0,custom_token(index) + overwrite_font_slots(),forbidden
codec,gcx,2238,66944832,0x8C,0,0,0,,0,custom_token(index) + overwrite_font_slots(),forbidden
codec,gcx,2239,66947440,0x8C,0,0,0,,0,custom_token(index) + overwrite_font_slots(),forbidden
codec,gcx,2240,66950048,0x8C,0,0,0,,0,custom_token(index) + overwrite_font_slots(),forbidden
codec,gcx,2241,66952656,0x8C,0,0,0,,0,custom_token(index) + overwrite_font_slots(),forbidden
codec,gcx,2242,66955264,0x8C,0,0,0,,0,custom_token(index) + overwrite_font_slots(),forbidden
codec,gcx,2243,66957872,0x8C,0,0,0,,0,custom_token(index) + overwrite_font_slots(),forbidden
codec,gcx,2244,66960480,0x8C,0,0,0,,0,custom_token(index) + overwrite_font_slots(),forbidden
codec,gcx,2245,66963088,0x8C,0,0,0,,0,custom_token(index) + overwrite_font_slots(),forbidden
codec,gcx,2246,66965696,0x8C,0,0,0,,0,custom_token(index) + overwrite_font_slots(),forbidden
codec,gcx,2247,66968304,0x8C,0,0,0,,0,custom_token(index) + overwrite_font_slots(),forbidden
codec,gcx,2248,66970912,0x8C,0,0,0,,0,custom_token(index) + overwrite_font_slots(),forbidden
codec,gcx,2249,66973520,0x8C,0,0,0,,0,custom_token(index) + overwrite_font_slots(),forbidden
codec,gcx,2250,66976128,0x8C,0,0,0,,0,custom_token(index) + overwrite_font_slots(),forbidden
codec,gcx,2251,66978736,0x8C,0,0,0,,0,custom_token(index) + overwrite_font_slots(),forbidden
codec,gcx,2252,66981344,0x8C,0,0,0,,0,custom_token(index) + overwrite_font_slots(),forbidden
codec,gcx,2253,66983952,0x8C,0,0,0,,0,custom_token(index) + overwrite_font_slots(),forbidden
codec,gcx,2254,66986560,0x8C,0,0,0,,0,custom_token(index) + overwrite_font_slots(),forbidden
codec,gcx,2255,66989168,0x8C,0,0,0,,0,custom_token(index) + overwrite_font_slots(),forbidden
codec,gcx,2256,66991776,0x8C,0,0,0,,0,custom_token(index) + overwrite_font_slots(),forbidden
codec,gcx,2257,66994384,0x8C,0,0,0,,0,custom_token(index) + overwrite_font_slots(),forbidden
codec,gcx,2258,66996992,0x8C,0,0,0,,0,custom_token(index) + overwrite_font_slots(),forbidden
codec,gcx,2259,66999600,0x8C,0,0,0,,0,custom_token(index) + overwrite_font_slots(),forbidden
codec,gcx,2260,67002208,0x8C,0,0,0,,0,custom_token(index) + overwrite_font_slots(),forbidden
codec,gcx,2261,67004816,0x8C,0,0,0,,0,custom_token(index) + overwrite_font_slots(),forbidden
codec,gcx,2262,67007424,0x8C,0,0,0,,0,custom_token(index) + overwrite_font_slots(),forbidden
codec,gcx,2263,67010032,0x8C,0,0,0,,0,custom_token(index) + overwrite_font_slots(),forbidden
codec,gcx,2264,67012640,0x8C,0,0,0,,0,custom_token(index) + overwrite_font_slots(),forbidden
codec,gcx,2265,67015248,0x8C,0,0,0,,0,custom_token(index) + overwrite_font_slots(),forbidden
codec,gcx,2266,67017772,0x8C,0,0,0,,0,custom_token(index) + overwrite_font_slots(),forbidden
codec,gcx,2267,67019756,0x8C,0,0,0,,0,custom_token(index) + overwrite_font_slots(),forbidden
codec,gcx,2268,67021848,0x8C,0,0,0,,0,custom_token(index) + overwrite_font_slots(),forbidden
codec,gcx,2269,67023884,0x8C,0,0,0,,0,custom_token(index) + overwrite_font_slots(),forbidden
codec,gcx,2270,67026736,0x8C,0,0,0,,0,custom_token(index) + overwrite_font_slots(),forbidden
codec,gcx,2271,67030128,0x8C,0,0,0,,0,custom_token(index) + overwrite_font_slots(),forbidden
codec,gcx,2272,67033520,0x8C,0,0,0,,0,custom_token(index) + overwrite_font_slots(),forbidden
codec,gcx,2273,67036912,0x8C,0,0,0,,0,custom_token(index) + overwrite_font_slots(),forbidden
codec,gcx,2274,67040304,0x8C,0,0,0,,0,custom_token(index) + overwrite_font_slots(),forbidden
codec,gcx,2275,67043696,0x8C,0,0,0,,0,custom_token(index) + overwrite_font_slots(),forbidden
codec,gcx,2276,67047088,0x8C,0,0,0,,0,custom_token(index) + overwrite_font_slots(),forbidden
codec,gcx,2277,67050480,0x8C,0,0,0,,0,custom_token(index) + overwrite_font_slots(),forbidden
codec,gcx,2278,67053872,0x8C,0,0,0,,0,custom_token(index) + overwrite_font_slots(),forbidden
codec,gcx,2279,67057264,0x8C,0,0,0,,0,custom_token(index) + overwrite_font_slots(),forbidden
codec,gcx,2280,67060656,0x8C,0,0,0,,0,custom_token(index) + overwrite_font_slots(),forbidden
codec,gcx,2281,67064048,0x8C,0,0,0,,0,custom_token(index) + overwrite_font_slots(),forbidden
codec,gcx,2282,67067440,0x8C,0,0,0,,0,custom_token(index) + overwrite_font_slots(),forbidden
codec,gcx,2283,67070832,0x8C,0,0,0,,0,custom_token(index) + overwrite_font_slots(),forbidden
codec,gcx,2284,67074224,0x8C,0,0,0,,0,custom_token(index) + overwrite_font_slots(),forbidden
codec,gcx,2285,67077616,0x8C,0,0,0,,0,custom_token(index) + overwrite_font_slots(),forbidden
codec,gcx,2286,67081008,0x8C,0,0,0,,0,custom_token(index) + overwrite_font_slots(),forbidden
codec,gcx,2287,67084400,0x8C,0,0,0,,0,custom_token(index) + overwrite_font_slots(),forbidden
codec,gcx,2288,67087792,0x8C,0,0,0,,0,custom_token(index) + overwrite_font_slots(),forbidden
codec,gcx,2289,67091184,0x8C,0,0,0,,0,custom_token(index) + overwrite_font_slots(),forbidden
codec,gcx,2290,67094576,0x8C,0,0,0,,0,custom_token(index) + overwrite_font_slots(),forbidden
codec,gcx,2291,67097968,0x8C,0,0,0,,0,custom_token(index) + overwrite_font_slots(),forbidden
codec,gcx,2292,67101360,0x8C,0,0,0,,0,custom_token(index) + overwrite_font_slots(),forbidden
codec,gcx,2293,67104752,0x8C,0,0,0,,0,custom_token(index) + overwrite_font_slots(),forbidden
codec,gcx,2294,67108144,0x8C,0,0,0,,0,custom_token(index) + overwrite_font_slots(),forbidden
codec,gcx,2295,67111536,0x8C,0,0,0,,0,custom_token(index) + overwrite_font_slots(),forbidden
codec,gcx,2296,67114928,0x8C,0,0,0,,0,custom_token(index) + overwrite_font_slots(),forbidden
codec,gcx,2297,67118320,0x8C,0,0,0,,0,custom_token(index) + overwrite_font_slots(),forbidden
codec,gcx,2298,67121712,0x8C,0,0,0,,0,custom_token(index) + overwrite_font_slots(),forbidden
codec,gcx,2299,67125104,0x8C,0,0,0,,0,custom_token(index) + overwrite_font_slots(),forbidden
codec,gcx,2300,67128496,0x8C,0,0,0,,0,custom_token(index) + overwrite_font_slots(),forbidden
codec,gcx,2301,67131888,0x8C,0,0,0,,0,custom_token(index) + overwrite_font_slots(),forbidden
codec,gcx,2302,67135280,0x8C,0,0,0,,0,custom_token(index) + overwrite_font_slots(),forbidden
codec,gcx,2303,67138672,0x8C,0,0,0,,0,custom_token(index) + overwrite_font_slots(),forbidden
codec,gcx,2304,67142064,0x8C,0,0,0,,0,custom_token(index) + overwrite_font_slots(),forbidden
codec,gcx,2305,67145456,0x8C,0,0,0,,0,custom_token(index) + overwrite_font_slots(),forbidden
codec,gcx,2306,67148848,0x8C,0,0,0,,0,custom_token(index) + overwrite_font_slots(),forbidden
codec,gcx,2307,67152240,0x8C,0,0,0,,0,custom_token(index) + overwrite_font_slots(),forbidden
codec,gcx,2308,67155632,0x8C,0,0,0,,0,custom_token(index) + overwrite_font_slots(),forbidden
codec,gcx,2309,67159024,0x8C,0,0,0,,0,custom_token(index) + overwrite_font_slots(),forbidden
codec,gcx,2310,67162416,0x8C,0,0,0,,0,custom_token(index) + overwrite_font_slots(),forbidden
codec,gcx,2311,67165808,0x8C,0,0,0,,0,custom_token(index) + overwrite_font_slots(),forbidden
codec,gcx,2312,67169200,0x8C,0,0,0,,0,custom_token(index) + overwrite_font_slots(),forbidden
codec,gcx,2313,67172592,0x8C,0,0,0,,0,custom_token(index) + overwrite_font_slots(),forbidden
codec,gcx,2314,67175984,0x8C,0,0,0,,0,custom_token(index) + overwrite_font_slots(),forbidden
codec,gcx,2315,67179376,0x8C,0,0,0,,0,custom_token(index) + overwrite_font_slots(),forbidden
codec,gcx,2316,67182768,0x8C,0,0,0,,0,custom_token(index) + overwrite_font_slots(),forbidden
codec,gcx,2317,67186160,0x8C,0,0,0,,0,custom_token(index) + overwrite_font_slots(),forbidden
codec,gcx,2318,67188396,0x8C,0,0,0,,0,custom_token(index) + overwrite_font_slots(),forbidden
codec,gcx,2319,67190488,0x8C,0,0,0,,0,custom_token(index) + overwrite_font_slots(),forbidden
codec,gcx,2320,67192580,0x8C,0,0,0,,0,custom_token(index) + overwrite_font_slots(),forbidden
codec,gcx,2321,67194676,0x8C,0,0,0,,0,custom_token(index) + overwrite_font_slots(),forbidden
codec,gcx,2322,67196748,0x8C,0,0,0,,0,custom_token(index) + overwrite_font_slots(),forbidden
codec,gcx,2323,67198840,0x8C,0,0,0,,0,custom_token(index) + overwrite_font_slots(),forbidden
codec,gcx,2324,67200936,0x8C,0,0,0,,0,custom_token(index) + overwrite_font_slots(),forbidden
codec,gcx,2325,67203044,0x8C,0,0,0,,0,custom_token(index) + overwrite_font_slots(),forbidden
