scope,scope_id,glyph,cost_bytes,line_count,row_ids,english,korean,saving_if_removed_from_scope,english_substitution,scene
movie,0,공,64,1,movie:0:948,"If it succeeds, we'll be officially organized into a unit.",성공하면 정식 부대로 편성될 거다.,64,not_generated,
movie,0,달,64,1,movie:0:808,The future of our FOX unit depends on it.,우리 FOX 부대의 미래가 이 작전에 달려 있어.,64,not_generated,
movie,0,식,64,1,movie:0:948,"If it succeeds, we'll be officially organized into a unit.",성공하면 정식 부대로 편성될 거다.,64,not_generated,
movie,0,작,64,1,movie:0:808,The future of our FOX unit depends on it.,우리 FOX 부대의 미래가 이 작전에 달려 있어.,64,not_generated,
movie,0,전,64,1,movie:0:808,The future of our FOX unit depends on it.,우리 FOX 부대의 미래가 이 작전에 달려 있어.,64,not_generated,
movie,1,과,64,1,movie:0:3048,a certain Soviet scientist requested asylum in the West,소련의 한 과학자가 서방으로 망명을 요청했어.,64,not_generated,
movie,1,단,64,2,movie:0:2300|movie:0:2684,"Sounds like some kind of initiation ritual. || So, what exactly is this wonderful mission?","무슨 입단 의식 같은 이름이군. || 그래서, 그 대단한 임무가 뭔데?",64,not_generated,
movie,1,련,64,2,movie:0:2440|movie:0:3048,Don't get cocky. This isn't a training op. || a certain Soviet scientist requested asylum in the West,우쭐대지 마. 훈련이 아니야. || 소련의 한 과학자가 서방으로 망명을 요청했어.,64,not_generated,
movie,1,름,64,1,movie:0:2300,Sounds like some kind of initiation ritual.,무슨 입단 의식 같은 이름이군.,64,not_generated,
movie,1,망,64,1,movie:0:3048,a certain Soviet scientist requested asylum in the West,소련의 한 과학자가 서방으로 망명을 요청했어.,64,not_generated,
movie,1,뭔,64,1,movie:0:2684,"So, what exactly is this wonderful mission?","그래서, 그 대단한 임무가 뭔데?",64,not_generated,
movie,1,식,64,1,movie:0:2300,Sounds like some kind of initiation ritual.,무슨 입단 의식 같은 이름이군.,64,not_generated,
movie,1,쭐,64,1,movie:0:2440,Don't get cocky. This isn't a training op.,우쭐대지 마. 훈련이 아니야.,64,not_generated,
movie,1,학,64,1,movie:0:3048,a certain Soviet scientist requested asylum in the West,소련의 한 과학자가 서방으로 망명을 요청했어.,64,not_generated,
movie,1,했,64,1,movie:0:3048,a certain Soviet scientist requested asylum in the West,소련의 한 과학자가 서방으로 망명을 요청했어.,64,not_generated,
movie,1,훈,64,1,movie:0:2440,Don't get cocky. This isn't a training op.,우쭐대지 마. 훈련이 아니야.,64,not_generated,
movie,2,공,64,1,movie:0:4260,through one of our moles.,우리 잠복공작원을 통해서.,64,not_generated,
movie,2,구,64,2,movie:0:4664|movie:0:4820,"one of the Soviets' top-secret weapon research facilities, || and the East's foremost expert on weapons development.",소련의 극비 병기 연구시설 중 하나지. || 동구권 최고의 병기 개발 전문가이기도 해.,64,not_generated,
movie,2,국,64,1,movie:0:4524,"He's head of the OKB-754 Design Bureau,","OKB-754 설계국의 국장으로,",64,not_generated,
movie,2,권,64,1,movie:0:4820,and the East's foremost expert on weapons development.,동구권 최고의 병기 개발 전문가이기도 해.,64,not_generated,
movie,2,극,64,1,movie:0:4664,"one of the Soviets' top-secret weapon research facilities,",소련의 극비 병기 연구시설 중 하나지.,64,not_generated,
movie,2,노,64,1,movie:0:4384,His name is Nikolai Stepanovich Sokolov.,이름은 니콜라이 스테파노비치 소콜로프.,64,not_generated,
movie,2,동,64,1,movie:0:4820,and the East's foremost expert on weapons development.,동구권 최고의 병기 개발 전문가이기도 해.,64,not_generated,
movie,2,련,64,1,movie:0:4664,"one of the Soviets' top-secret weapon research facilities,",소련의 극비 병기 연구시설 중 하나지.,64,not_generated,
movie,2,름,64,1,movie:0:4384,His name is Nikolai Stepanovich Sokolov.,이름은 니콜라이 스테파노비치 소콜로프.,64,not_generated,
movie,2,발,64,1,movie:0:4820,and the East's foremost expert on weapons development.,동구권 최고의 병기 개발 전문가이기도 해.,64,not_generated,
movie,2,병,64,2,movie:0:4664|movie:0:4820,"one of the Soviets' top-secret weapon research facilities, || and the East's foremost expert on weapons development.",소련의 극비 병기 연구시설 중 하나지. || 동구권 최고의 병기 개발 전문가이기도 해.,64,not_generated,
movie,2,복,64,1,movie:0:4260,through one of our moles.,우리 잠복공작원을 통해서.,64,not_generated,
movie,2,비,64,2,movie:0:4384|movie:0:4664,"His name is Nikolai Stepanovich Sokolov. || one of the Soviets' top-secret weapon research facilities,",이름은 니콜라이 스테파노비치 소콜로프. || 소련의 극비 병기 연구시설 중 하나지.,64,not_generated,
movie,2,연,64,1,movie:0:4664,"one of the Soviets' top-secret weapon research facilities,",소련의 극비 병기 연구시설 중 하나지.,64,not_generated,
movie,2,작,64,1,movie:0:4260,through one of our moles.,우리 잠복공작원을 통해서.,64,not_generated,
movie,2,잠,64,1,movie:0:4260,through one of our moles.,우리 잠복공작원을 통해서.,64,not_generated,
movie,2,장,64,1,movie:0:4524,"He's head of the OKB-754 Design Bureau,","OKB-754 설계국의 국장으로,",64,not_generated,
movie,2,전,64,1,movie:0:4820,and the East's foremost expert on weapons development.,동구권 최고의 병기 개발 전문가이기도 해.,64,not_generated,
movie,2,중,64,1,movie:0:4664,"one of the Soviets' top-secret weapon research facilities,",소련의 극비 병기 연구시설 중 하나지.,64,not_generated,
movie,2,최,64,1,movie:0:4820,and the East's foremost expert on weapons development.,동구권 최고의 병기 개발 전문가이기도 해.,64,not_generated,
movie,2,치,64,1,movie:0:4384,His name is Nikolai Stepanovich Sokolov.,이름은 니콜라이 스테파노비치 소콜로프.,64,not_generated,
movie,2,테,64,1,movie:0:4384,His name is Nikolai Stepanovich Sokolov.,이름은 니콜라이 스테파노비치 소콜로프.,64,not_generated,
movie,2,통,64,1,movie:0:4260,through one of our moles.,우리 잠복공작원을 통해서.,64,not_generated,
movie,2,파,64,1,movie:0:4384,His name is Nikolai Stepanovich Sokolov.,이름은 니콜라이 스테파노비치 소콜로프.,64,not_generated,
movie,3,공,64,1,movie:0:6476,the Soviets achieved the first manned space flight in history.,소련은 인류 최초의 유인 우주비행에 성공했어.,64,not_generated,
movie,3,년,64,1,movie:0:6360,"On April 12, 1961,","1961년 4월 12일,",64,not_generated,
movie,3,련,64,1,movie:0:6476,the Soviets achieved the first manned space flight in history.,소련은 인류 최초의 유인 우주비행에 성공했어.,64,not_generated,
movie,3,류,64,1,movie:0:6476,the Soviets achieved the first manned space flight in history.,소련은 인류 최초의 유인 우주비행에 성공했어.,64,not_generated,
movie,3,비,64,1,movie:0:6476,the Soviets achieved the first manned space flight in history.,소련은 인류 최초의 유인 우주비행에 성공했어.,64,not_generated,
movie,3,월,64,1,movie:0:6360,"On April 12, 1961,","1961년 4월 12일,",64,not_generated,
movie,3,주,64,1,movie:0:6476,the Soviets achieved the first manned space flight in history.,소련은 인류 최초의 유인 우주비행에 성공했어.,64,not_generated,
movie,3,초,64,1,movie:0:6476,the Soviets achieved the first manned space flight in history.,소련은 인류 최초의 유인 우주비행에 성공했어.,64,not_generated,
movie,3,최,64,1,movie:0:6476,the Soviets achieved the first manned space flight in history.,소련은 인류 최초의 유인 우주비행에 성공했어.,64,not_generated,
movie,3,했,64,1,movie:0:6476,the Soviets achieved the first manned space flight in history.,소련은 인류 최초의 유인 우주비행에 성공했어.,64,not_generated,
movie,5,걸,64,1,movie:0:10900,"And for that, he left his country and his family behind and went over the fence?",그걸 위해 조국과 가족까지 버리고 망명한 건가?,64,not_generated,
movie,5,공,64,1,movie:0:11372,"We used a mole to get the family out first,","우린 잠복공작원으로 가족부터 탈출시켰고,",64,not_generated,
movie,5,과,64,1,movie:0:10900,"And for that, he left his country and his family behind and went over the fence?",그걸 위해 조국과 가족까지 버리고 망명한 건가?,64,not_generated,
movie,5,국,64,1,movie:0:10900,"And for that, he left his country and his family behind and went over the fence?",그걸 위해 조국과 가족까지 버리고 망명한 건가?,64,not_generated,
movie,5,꼭,64,1,movie:0:11080,Not exactly.,꼭 그렇진 않아.,64,not_generated,
movie,5,린,64,1,movie:0:11372,"We used a mole to get the family out first,","우린 잠복공작원으로 가족부터 탈출시켰고,",64,not_generated,
movie,5,망,64,1,movie:0:10900,"And for that, he left his country and his family behind and went over the fence?",그걸 위해 조국과 가족까지 버리고 망명한 건가?,64,not_generated,
movie,5,복,64,1,movie:0:11372,"We used a mole to get the family out first,","우린 잠복공작원으로 가족부터 탈출시켰고,",64,not_generated,
movie,5,오,64,1,movie:0:11192,One of his conditions was that his family was also to be taken safely to the West.,조건 중 하나가 가족도 안전하게 서방으로 데려오는 것이었어.,64,not_generated,
movie,5,작,64,1,movie:0:11372,"We used a mole to get the family out first,","우린 잠복공작원으로 가족부터 탈출시켰고,",64,not_generated,
movie,5,잠,64,1,movie:0:11372,"We used a mole to get the family out first,","우린 잠복공작원으로 가족부터 탈출시켰고,",64,not_generated,
movie,5,전,64,1,movie:0:11192,One of his conditions was that his family was also to be taken safely to the West.,조건 중 하나가 가족도 안전하게 서방으로 데려오는 것이었어.,64,not_generated,
movie,5,족,64,3,movie:0:10900|movie:0:11192|movie:0:11372,"And for that, he left his country and his family behind and went over the fence? || One of his conditions was that his family was also to be taken safely to the West. || We used a mole to get the family out first,","그걸 위해 조국과 가족까지 버리고 망명한 건가? || 조건 중 하나가 가족도 안전하게 서방으로 데려오는 것이었어. || 우린 잠복공작원으로 가족부터 탈출시켰고,",64,not_generated,
movie,5,중,64,1,movie:0:11192,One of his conditions was that his family was also to be taken safely to the West.,조건 중 하나가 가족도 안전하게 서방으로 데려오는 것이었어.,64,not_generated,
movie,5,진,64,1,movie:0:11080,Not exactly.,꼭 그렇진 않아.,64,not_generated,
movie,5,출,64,1,movie:0:11372,"We used a mole to get the family out first,","우린 잠복공작원으로 가족부터 탈출시켰고,",64,not_generated,
movie,5,켰,64,1,movie:0:11372,"We used a mole to get the family out first,","우린 잠복공작원으로 가족부터 탈출시켰고,",64,not_generated,
movie,5,탈,64,1,movie:0:11372,"We used a mole to get the family out first,","우린 잠복공작원으로 가족부터 탈출시켰고,",64,not_generated,
movie,6,곧,64,1,movie:0:12776,and succeeded in sneaking Sokolov over the Berlin Wall shortly afterwards.,곧이어 소콜로프도 베를린 장벽 너머로 빼냈지.,64,not_generated,
movie,6,과,64,1,movie:0:14220,"but the whole ordeal had left him exhausted,",그 과정에서 완전히 지쳐 있었어.,64,not_generated,
movie,6,냈,64,1,movie:0:12776,and succeeded in sneaking Sokolov over the Berlin Wall shortly afterwards.,곧이어 소콜로프도 베를린 장벽 너머로 빼냈지.,64,not_generated,
movie,6,너,64,1,movie:0:12776,and succeeded in sneaking Sokolov over the Berlin Wall shortly afterwards.,곧이어 소콜로프도 베를린 장벽 너머로 빼냈지.,64,not_generated,
movie,6,린,64,2,movie:0:12776|movie:0:14572,and succeeded in sneaking Sokolov over the Berlin Wall shortly afterwards. || and we checked him into a hospital in West Berlin.,곧이어 소콜로프도 베를린 장벽 너머로 빼냈지. || 그래서 서베를린의 병원에 입원시켰지.,64,not_generated,
movie,6,베,64,2,movie:0:12776|movie:0:14572,and succeeded in sneaking Sokolov over the Berlin Wall shortly afterwards. || and we checked him into a hospital in West Berlin.,곧이어 소콜로프도 베를린 장벽 너머로 빼냈지. || 그래서 서베를린의 병원에 입원시켰지.,64,not_generated,
movie,6,벽,64,1,movie:0:12776,and succeeded in sneaking Sokolov over the Berlin Wall shortly afterwards.,곧이어 소콜로프도 베를린 장벽 너머로 빼냈지.,64,not_generated,
movie,6,병,64,1,movie:0:14572,and we checked him into a hospital in West Berlin.,그래서 서베를린의 병원에 입원시켰지.,64,not_generated,
movie,6,빼,64,1,movie:0:12776,and succeeded in sneaking Sokolov over the Berlin Wall shortly afterwards.,곧이어 소콜로프도 베를린 장벽 너머로 빼냈지.,64,not_generated,
movie,6,였,64,1,movie:0:13076,I was the one who conducted the operation.,그 작전을 지휘한 게 나였어.,64,not_generated,
movie,6,완,64,1,movie:0:14220,"but the whole ordeal had left him exhausted,",그 과정에서 완전히 지쳐 있었어.,64,not_generated,
movie,6,작,64,1,movie:0:13076,I was the one who conducted the operation.,그 작전을 지휘한 게 나였어.,64,not_generated,
movie,6,장,64,1,movie:0:12776,and succeeded in sneaking Sokolov over the Berlin Wall shortly afterwards.,곧이어 소콜로프도 베를린 장벽 너머로 빼냈지.,64,not_generated,
movie,6,전,64,2,movie:0:13076|movie:0:14220,"I was the one who conducted the operation. || but the whole ordeal had left him exhausted,",그 작전을 지휘한 게 나였어. || 그 과정에서 완전히 지쳐 있었어.,64,not_generated,
movie,6,쳐,64,1,movie:0:14220,"but the whole ordeal had left him exhausted,",그 과정에서 완전히 지쳐 있었어.,64,not_generated,
movie,6,켰,64,1,movie:0:14572,and we checked him into a hospital in West Berlin.,그래서 서베를린의 병원에 입원시켰지.,64,not_generated,
movie,6,휘,64,1,movie:0:13076,I was the one who conducted the operation.,그 작전을 지휘한 게 나였어.,64,not_generated,
movie,7,걸,64,1,movie:0:14900,to get from the research facility in the Soviet Union to Berlin.,2주나 걸려 빠져나온 거야.,64,not_generated,
movie,7,구,64,1,movie:0:14756,It took him two weeks and more than 600 miles,소련의 연구시설에서 베를린까지 600마일 넘는 거리를,64,not_generated,
movie,7,넘,64,1,movie:0:14756,It took him two weeks and more than 600 miles,소련의 연구시설에서 베를린까지 600마일 넘는 거리를,64,not_generated,
movie,7,련,64,1,movie:0:14756,It took him two weeks and more than 600 miles,소련의 연구시설에서 베를린까지 600마일 넘는 거리를,64,not_generated,
movie,7,린,64,1,movie:0:14756,It took him two weeks and more than 600 miles,소련의 연구시설에서 베를린까지 600마일 넘는 거리를,64,not_generated,
movie,7,베,64,1,movie:0:14756,It took him two weeks and more than 600 miles,소련의 연구시설에서 베를린까지 600마일 넘는 거리를,64,not_generated,
movie,7,빠,64,1,movie:0:14900,to get from the research facility in the Soviet Union to Berlin.,2주나 걸려 빠져나온 거야.,64,not_generated,
movie,7,연,64,1,movie:0:14756,It took him two weeks and more than 600 miles,소련의 연구시설에서 베를린까지 600마일 넘는 거리를,64,not_generated,
movie,7,였,64,1,movie:0:15064,He was in no condition to say anything coherent.,제대로 말도 못 할 정도였지.,64,not_generated,
movie,7,온,64,1,movie:0:14900,to get from the research facility in the Soviet Union to Berlin.,2주나 걸려 빠져나온 거야.,64,not_generated,
movie,7,져,64,1,movie:0:14900,to get from the research facility in the Soviet Union to Berlin.,2주나 걸려 빠져나온 거야.,64,not_generated,
movie,7,주,64,1,movie:0:14900,to get from the research facility in the Soviet Union to Berlin.,2주나 걸려 빠져나온 거야.,64,not_generated,
movie,11,국,64,1,movie:0:23208,You mean the one where the U.S. agreed to remove its IRBMs from Turkey?,미국이 터키의 IRBM을 철수하기로 한 그 거래 말인가?,64,not_generated,
movie,11,철,64,1,movie:0:23208,You mean the one where the U.S. agreed to remove its IRBMs from Turkey?,미국이 터키의 IRBM을 철수하기로 한 그 거래 말인가?,64,not_generated,
movie,12,놈,64,1,movie:0:25736,They wanted us to return Sokolov.,놈들이 원한 건 소콜로프의 송환이었어.,64,not_generated,
movie,12,송,64,1,movie:0:25736,They wanted us to return Sokolov.,놈들이 원한 건 소콜로프의 송환이었어.,64,not_generated,
movie,12,환,64,1,movie:0:25736,They wanted us to return Sokolov.,놈들이 원한 건 소콜로프의 송환이었어.,64,not_generated,
movie,25,실,64,1,movie:2:51528,ICUs in the world?,세계의 중환자실?,64,not_generated,
movie,25,중,64,1,movie:2:51528,ICUs in the world?,세계의 중환자실?,64,not_generated,
movie,25,환,64,1,movie:2:51528,ICUs in the world?,세계의 중환자실?,64,not_generated,
movie,26,공,64,1,movie:2:53528,"According to them, I'm a traitor and an accomplice to The Boss' defection.",그들 말로는 내가 반역자이자 더 보스의 망명 공범이래.,64,not_generated,
movie,26,국,64,1,movie:2:53972,Let's just say neither one of us is going to be made a national hero out of this.,우리 둘 다 이 일로 국가 영웅이 되진 못한다는 거지.,64,not_generated,
movie,26,당,64,1,movie:2:53836,"Does that mean they're after you, too?",그럼 당신도 쫓기고 있다는 뜻이야?,64,not_generated,
movie,26,럼,64,1,movie:2:53836,"Does that mean they're after you, too?",그럼 당신도 쫓기고 있다는 뜻이야?,64,not_generated,
movie,26,망,64,1,movie:2:53528,"According to them, I'm a traitor and an accomplice to The Boss' defection.",그들 말로는 내가 반역자이자 더 보스의 망명 공범이래.,64,not_generated,
movie,26,반,64,1,movie:2:53528,"According to them, I'm a traitor and an accomplice to The Boss' defection.",그들 말로는 내가 반역자이자 더 보스의 망명 공범이래.,64,not_generated,
movie,26,범,64,1,movie:2:53528,"According to them, I'm a traitor and an accomplice to The Boss' defection.",그들 말로는 내가 반역자이자 더 보스의 망명 공범이래.,64,not_generated,
movie,26,뿐,64,1,movie:2:53700,They're just looking for a scapegoat.,희생양이 필요한 것뿐이야.,64,not_generated,
movie,26,생,64,1,movie:2:53700,They're just looking for a scapegoat.,희생양이 필요한 것뿐이야.,64,not_generated,
movie,26,신,64,1,movie:2:53836,"Does that mean they're after you, too?",그럼 당신도 쫓기고 있다는 뜻이야?,64,not_generated,
movie,26,양,64,1,movie:2:53700,They're just looking for a scapegoat.,희생양이 필요한 것뿐이야.,64,not_generated,
movie,26,역,64,1,movie:2:53528,"According to them, I'm a traitor and an accomplice to The Boss' defection.",그들 말로는 내가 반역자이자 더 보스의 망명 공범이래.,64,not_generated,
movie,26,영,64,1,movie:2:53972,Let's just say neither one of us is going to be made a national hero out of this.,우리 둘 다 이 일로 국가 영웅이 되진 못한다는 거지.,64,not_generated,
movie,26,웅,64,1,movie:2:53972,Let's just say neither one of us is going to be made a national hero out of this.,우리 둘 다 이 일로 국가 영웅이 되진 못한다는 거지.,64,not_generated,
movie,26,진,64,1,movie:2:53972,Let's just say neither one of us is going to be made a national hero out of this.,우리 둘 다 이 일로 국가 영웅이 되진 못한다는 거지.,64,not_generated,
movie,26,쫓,64,1,movie:2:53836,"Does that mean they're after you, too?",그럼 당신도 쫓기고 있다는 뜻이야?,64,not_generated,
movie,26,희,64,1,movie:2:53700,They're just looking for a scapegoat.,희생양이 필요한 것뿐이야.,64,not_generated,
movie,27,냥,64,1,movie:2:55508,This fox is still one step ahead of the hounds.,이 여우는 아직 사냥개보다 한발 앞서 있어.,64,not_generated,
movie,27,늘,64,1,movie:2:55656,The reason I came to see you today...,오늘 자네를 찾아온 이유는...,64,not_generated,
movie,27,달,64,1,movie:2:56052,The situation has changed.,상황이 달라졌어.,64,not_generated,
movie,27,발,64,1,movie:2:55508,This fox is still one step ahead of the hounds.,이 여우는 아직 사냥개보다 한발 앞서 있어.,64,not_generated,
movie,27,씻,64,1,movie:2:55792,"Jack, it's time for FOX to clear its name.","잭, FOX의 오명을 씻을 때가 왔다.",64,not_generated,
movie,27,앞,64,1,movie:2:55508,This fox is still one step ahead of the hounds.,이 여우는 아직 사냥개보다 한발 앞서 있어.,64,not_generated,
movie,27,오,64,2,movie:2:55656|movie:2:55792,"The reason I came to see you today... || Jack, it's time for FOX to clear its name.","오늘 자네를 찾아온 이유는... || 잭, FOX의 오명을 씻을 때가 왔다.",64,not_generated,
movie,27,온,64,1,movie:2:55656,The reason I came to see you today...,오늘 자네를 찾아온 이유는...,64,not_generated,
movie,27,잭,64,1,movie:2:55792,"Jack, it's time for FOX to clear its name.","잭, FOX의 오명을 씻을 때가 왔다.",64,not_generated,
movie,27,졌,64,1,movie:2:56052,The situation has changed.,상황이 달라졌어.,64,not_generated,
movie,27,직,64,1,movie:2:55508,This fox is still one step ahead of the hounds.,이 여우는 아직 사냥개보다 한발 앞서 있어.,64,not_generated,
movie,27,찾,64,1,movie:2:55656,The reason I came to see you today...,오늘 자네를 찾아온 이유는...,64,not_generated,
movie,27,황,64,1,movie:2:56052,The situation has changed.,상황이 달라졌어.,64,not_generated,
movie,28,결,64,1,movie:2:57980,They decided when they're going to execute us?,우릴 언제 처형할지 결정했나?,64,not_generated,
movie,28,너,64,1,movie:2:57584,Don't get too excited.,너무 들뜨진 마.,64,not_generated,
movie,28,늘,64,1,movie:2:57836,"This morning, I had a meeting with the CIA.",오늘 아침 CIA와 회의를 했네.,64,not_generated,
movie,28,뜨,64,1,movie:2:57584,Don't get too excited.,너무 들뜨진 마.,64,not_generated,
movie,28,릴,64,1,movie:2:57980,They decided when they're going to execute us?,우릴 언제 처형할지 결정했나?,64,not_generated,
movie,28,산,64,1,movie:2:57704,"Here, have a cigar...it's Cuban.","자, 시가 한 대 하게... 쿠바산이야.",64,not_generated,
movie,28,언,64,1,movie:2:57980,They decided when they're going to execute us?,우릴 언제 처형할지 결정했나?,64,not_generated,
movie,28,오,64,1,movie:2:57836,"This morning, I had a meeting with the CIA.",오늘 아침 CIA와 회의를 했네.,64,not_generated,
movie,28,진,64,1,movie:2:57584,Don't get too excited.,너무 들뜨진 마.,64,not_generated,
movie,28,처,64,1,movie:2:57980,They decided when they're going to execute us?,우릴 언제 처형할지 결정했나?,64,not_generated,
movie,28,침,64,1,movie:2:57836,"This morning, I had a meeting with the CIA.",오늘 아침 CIA와 회의를 했네.,64,not_generated,
movie,28,쿠,64,1,movie:2:57704,"Here, have a cigar...it's Cuban.","자, 시가 한 대 하게... 쿠바산이야.",64,not_generated,
movie,28,했,64,2,movie:2:57836|movie:2:57980,"This morning, I had a meeting with the CIA. || They decided when they're going to execute us?",오늘 아침 CIA와 회의를 했네. || 우릴 언제 처형할지 결정했나?,64,not_generated,
movie,28,형,64,1,movie:2:57980,They decided when they're going to execute us?,우릴 언제 처형할지 결정했나?,64,not_generated,
movie,28,회,64,1,movie:2:57836,"This morning, I had a meeting with the CIA.",오늘 아침 CIA와 회의를 했네.,64,not_generated,
demo,8,너,64,1,demo:10:17222632,I've come to escort you back to the other side of the Iron Curtain.,철의 장막 너머로 당신을 데려가러 왔다.,64,not_generated,10
demo,8,당,64,1,demo:10:17222632,I've come to escort you back to the other side of the Iron Curtain.,철의 장막 너머로 당신을 데려가러 왔다.,64,not_generated,10
demo,8,막,64,1,demo:10:17222632,I've come to escort you back to the other side of the Iron Curtain.,철의 장막 너머로 당신을 데려가러 왔다.,64,not_generated,10
demo,8,신,64,1,demo:10:17222632,I've come to escort you back to the other side of the Iron Curtain.,철의 장막 너머로 당신을 데려가러 왔다.,64,not_generated,10
demo,8,장,64,1,demo:10:17222632,I've come to escort you back to the other side of the Iron Curtain.,철의 장막 너머로 당신을 데려가러 왔다.,64,not_generated,10
demo,8,철,64,1,demo:10:17222632,I've come to escort you back to the other side of the Iron Curtain.,철의 장막 너머로 당신을 데려가러 왔다.,64,not_generated,10
demo,9,찬,64,1,demo:10:18715640,What is it?,칭찬하고,64,not_generated,10
demo,9,칭,64,1,demo:10:18715640,What is it?,칭찬하고,64,not_generated,10
demo,10,름,64,1,demo:10:19638116,...Never heard of him.,...처음 듣는 이름이군.,64,not_generated,10
demo,10,처,64,1,demo:10:19638116,...Never heard of him.,...처음 듣는 이름이군.,64,not_generated,10
demo,21,끝,64,1,demo:13:52284744,it will mean the end of the Cold War.,Cold War 끝.,64,not_generated,13
demo,21,돼,64,1,demo:13:52284456,"If it is completed and the colonel gets his hands on it,","완성돼 Colonel 손에 가면,",64,not_generated,13
demo,21,손,64,1,demo:13:52284456,"If it is completed and the colonel gets his hands on it,","완성돼 Colonel 손에 가면,",64,not_generated,13
demo,21,완,64,2,demo:13:52283084|demo:13:52284456,"Is that thing finished? || If it is completed and the colonel gets his hands on it,","완성? || 완성돼 Colonel 손에 가면,",64,not_generated,13
demo,22,럼,64,1,demo:13:53378532,And then the age of fear will truly begin...,그럼 fear 시대가 와...,64,not_generated,13
demo,22,발,64,1,demo:13:53379900,"Please, take me to America, quickly.",제발 US로 가.,64,not_generated,13
demo,22,싫,64,1,demo:13:53379248,I didn't want to die.,죽기 싫어.,64,not_generated,13
demo,23,완,64,1,demo:13:54391500,They cannot complete it without my help!,나 없인 완성 못해!,64,not_generated,13
demo,32,두,64,1,demo:18:86384468,"Not so fast, my dear.","그렇게 서두르지 마, 아가씨.",64,not_generated,18
demo,32,씨,64,1,demo:18:86384468,"Not so fast, my dear.","그렇게 서두르지 마, 아가씨.",64,not_generated,18
demo,51,걱,64,1,demo:26:121556576,"Don't worry, though.",그래도 걱정 마.,64,not_generated,26
demo,51,경,64,1,demo:26:121557080,".45, huh.",.45구경인가.,64,not_generated,26
demo,51,구,64,2,demo:26:121556256|demo:26:121557080,"Around here, even that's hard to come by. || .45, huh.",여기선 그것조차 구하기 힘들지. || .45구경인가.,64,not_generated,26
demo,51,국,64,1,demo:26:121556780,The one I've got for you is American made.,네게 줄 건 미국제야.,64,not_generated,26
demo,51,선,64,1,demo:26:121556256,"Around here, even that's hard to come by.",여기선 그것조차 구하기 힘들지.,64,not_generated,26
demo,51,차,64,1,demo:26:121556256,"Around here, even that's hard to come by.",여기선 그것조차 구하기 힘들지.,64,not_generated,26
demo,51,힘,64,1,demo:26:121556256,"Around here, even that's hard to come by.",여기선 그것조차 구하기 힘들지.,64,not_generated,26
demo,61,얘,64,1,demo:26:132671564,I don't know if I can trust anybody.,이런 이런 . 듣기 좋은 얘기는 아니군 . 그래서,64,not_generated,26
demo,85,걷,64,1,demo:36:191390736,Just as when humans learned to walk upright!,사람이 두 발로 걷듯!,64,not_generated,36
demo,85,걸,64,1,demo:36:191389724,Look at these!,이걸 봐!,64,not_generated,36
demo,85,두,64,1,demo:36:191390736,Just as when humans learned to walk upright!,사람이 두 발로 걷듯!,64,not_generated,36
demo,85,든,64,1,demo:36:191390400,Legs that allow it to go anywhere!!,어디든 가는 다리!!,64,not_generated,36
demo,85,듯,64,1,demo:36:191390736,Just as when humans learned to walk upright!,사람이 두 발로 걷듯!,64,not_generated,36
demo,85,른,64,1,demo:36:191389544,It needs something else...,다른 게 필요해...,64,not_generated,36
demo,85,맞,64,1,demo:36:191391140,THAT is the real revolution in weaponry! Don't you agree!?,이게 real weapon 혁명! 맞지!?,64,not_generated,36
demo,85,발,64,1,demo:36:191390736,Just as when humans learned to walk upright!,사람이 두 발로 걷듯!,64,not_generated,36
demo,85,혁,64,1,demo:36:191391140,THAT is the real revolution in weaponry! Don't you agree!?,이게 real weapon 혁명! 맞지!?,64,not_generated,36
demo,86,갔,64,1,demo:36:192332172,The Philosophers' Legacy has been handed over to him.,Legacy도 그에게 갔어.,64,not_generated,36
demo,86,끝,64,1,demo:36:192331864,My project has been terminated,내 project는 끝.,64,not_generated,36
demo,86,놈,64,1,demo:36:192331432,the fools in charge chose Sokolov.,윗놈은 Sokolov 쪽.,64,not_generated,36
demo,86,윗,64,1,demo:36:192331432,the fools in charge chose Sokolov.,윗놈은 Sokolov 쪽.,64,not_generated,36
demo,86,쪽,64,1,demo:36:192331432,the fools in charge chose Sokolov.,윗놈은 Sokolov 쪽.,64,not_generated,36
demo,122,구,64,1,demo:49:237326980,Then who?,그럼 누구지?,64,not_generated,49
demo,122,누,64,1,demo:49:237326980,Then who?,그럼 누구지?,64,not_generated,49
demo,122,럼,64,1,demo:49:237326980,Then who?,그럼 누구지?,64,not_generated,49
demo,141,너,64,1,demo:60:274338304,Too late?,너무 늦었나?,64,not_generated,60
demo,141,늦,64,1,demo:60:274338304,Too late?,너무 늦었나?,64,not_generated,60
demo,144,싣,64,1,demo:61:277863332,But there's no way you could load an ICBM onto the Shagohod.,Shagohod에 ICBM은 못 싣잖아.,64,not_generated,61
demo,144,잖,64,1,demo:61:277863332,But there's no way you could load an ICBM onto the Shagohod.,Shagohod에 ICBM은 못 싣잖아.,64,not_generated,61
demo,144,했,64,1,demo:61:277863584,So how'd you do it?,어떻게 했지?,64,not_generated,61
demo,199,럼,64,1,demo:76:388569436,So I should blow up the tanks?,그럼 탱크를 폭파하면 되는 거야?,64,not_generated,76
demo,199,탱,64,1,demo:76:388569436,So I should blow up the tanks?,그럼 탱크를 폭파하면 되는 거야?,64,not_generated,76
demo,199,파,64,1,demo:76:388569436,So I should blow up the tanks?,그럼 탱크를 폭파하면 되는 거야?,64,not_generated,76
demo,199,폭,64,1,demo:76:388569436,So I should blow up the tanks?,그럼 탱크를 폭파하면 되는 거야?,64,not_generated,76
demo,201,경,64,1,demo:76:389314756,Not quite. They've still got guards posted there.,그렇진 않아. 아직 경비병이 배치돼 있어.,64,not_generated,76
demo,201,돼,64,1,demo:76:389314756,Not quite. They've still got guards posted there.,그렇진 않아. 아직 경비병이 배치돼 있어.,64,not_generated,76
demo,201,배,64,1,demo:76:389314756,Not quite. They've still got guards posted there.,그렇진 않아. 아직 경비병이 배치돼 있어.,64,not_generated,76
demo,201,병,64,1,demo:76:389314756,Not quite. They've still got guards posted there.,그렇진 않아. 아직 경비병이 배치돼 있어.,64,not_generated,76
demo,201,비,64,1,demo:76:389314756,Not quite. They've still got guards posted there.,그렇진 않아. 아직 경비병이 배치돼 있어.,64,not_generated,76
demo,201,직,64,1,demo:76:389314756,Not quite. They've still got guards posted there.,그렇진 않아. 아직 경비병이 배치돼 있어.,64,not_generated,76
demo,201,진,64,1,demo:76:389314756,Not quite. They've still got guards posted there.,그렇진 않아. 아직 경비병이 배치돼 있어.,64,not_generated,76
demo,201,치,64,1,demo:76:389314756,Not quite. They've still got guards posted there.,그렇진 않아. 아직 경비병이 배치돼 있어.,64,not_generated,76
demo,241,몰,64,1,demo:96:506710648,I can't fly the WIG by myself.,혼자선 WIG 못 몰아.,64,not_generated,96
demo,241,선,64,1,demo:96:506710648,I can't fly the WIG by myself.,혼자선 WIG 못 몰아.,64,not_generated,96
demo,241,혼,64,1,demo:96:506710648,I can't fly the WIG by myself.,혼자선 WIG 못 몰아.,64,not_generated,96
demo,267,격,64,1,demo:113:584225136,They're going to shoot us down!,격추당해!,64,not_generated,113
demo,267,당,64,1,demo:113:584225136,They're going to shoot us down!,격추당해!,64,not_generated,113
demo,267,돼,64,1,demo:113:584224788,It's no use! There's no way we can outmaneuver them!,안 돼! 못 따돌려!,64,not_generated,113
demo,267,따,64,1,demo:113:584224788,It's no use! There's no way we can outmaneuver them!,안 돼! 못 따돌려!,64,not_generated,113
demo,267,목,64,1,demo:113:584225580,Weapons systems on. Locked on target.,무장 ON. 목표 고정.,64,not_generated,113
demo,267,장,64,1,demo:113:584225580,Weapons systems on. Locked on target.,무장 ON. 목표 고정.,64,not_generated,113
demo,267,추,64,1,demo:113:584225136,They're going to shoot us down!,격추당해!,64,not_generated,113
demo,267,표,64,1,demo:113:584225580,Weapons systems on. Locked on target.,무장 ON. 목표 고정.,64,not_generated,113
demo,268,락,64,1,demo:113:588492648,I got tone.,락온.,64,not_generated,113
demo,268,온,64,1,demo:113:588492648,I got tone.,락온.,64,not_generated,113
codec,16,몰,64,1,codec:16:16,This will be a sneaking mission.<0A><END>,이것은 몰래 MISSION가 될 거다.<0A><00>,64,not_generated,
codec,16,했,64,1,codec:16:15,"Kept you waiting, huh?<0A><END>",기다리게 했군.<0A><00>,64,not_generated,
codec,17,달,64,1,codec:17:32,"In other words, weapons and equipment<0A>are procure on-site...that goes for food<0A>as well.<0A><END>","즉, 무기와 장비는 현장에서 조달됩니다...FOOD도 마찬가지입니다.<0A><00>",64,not_generated,
codec,17,됩,64,1,codec:17:32,"In other words, weapons and equipment<0A>are procure on-site...that goes for food<0A>as well.<0A><END>","즉, 무기와 장비는 현장에서 조달됩니다...FOOD도 마찬가지입니다.<0A><00>",64,not_generated,
codec,17,비,64,1,codec:17:32,"In other words, weapons and equipment<0A>are procure on-site...that goes for food<0A>as well.<0A><END>","즉, 무기와 장비는 현장에서 조달됩니다...FOOD도 마찬가지입니다.<0A><00>",64,not_generated,
codec,17,장,64,1,codec:17:32,"In other words, weapons and equipment<0A>are procure on-site...that goes for food<0A>as well.<0A><END>","즉, 무기와 장비는 현장에서 조달됩니다...FOOD도 마찬가지입니다.<0A><00>",64,not_generated,
codec,17,즉,64,1,codec:17:32,"In other words, weapons and equipment<0A>are procure on-site...that goes for food<0A>as well.<0A><END>","즉, 무기와 장비는 현장에서 조달됩니다...FOOD도 마찬가지입니다.<0A><00>",64,not_generated,
codec,17,찬,64,1,codec:17:32,"In other words, weapons and equipment<0A>are procure on-site...that goes for food<0A>as well.<0A><END>","즉, 무기와 장비는 현장에서 조달됩니다...FOOD도 마찬가지입니다.<0A><00>",64,not_generated,
codec,17,현,64,1,codec:17:32,"In other words, weapons and equipment<0A>are procure on-site...that goes for food<0A>as well.<0A><END>","즉, 무기와 장비는 현장에서 조달됩니다...FOOD도 마찬가지입니다.<0A><00>",64,not_generated,
codec,20,땐,64,1,codec:20:16,"If you need to talk to me,<0A>use the SEND function.<0A><END>",내게 말할 땐 SEND를 써.<0A><00>,64,not_generated,
codec,20,써,64,1,codec:20:16,"If you need to talk to me,<0A>use the SEND function.<0A><END>",내게 말할 땐 SEND를 써.<0A><00>,64,not_generated,
codec,22,맞,64,1,codec:22:22,"Yep, that's right.<0A><END>","그래, 맞아.<0A><00>",64,not_generated,
codec,22,뷰,64,1,codec:22:15,"In the Survival Viewer, choose<0A>""WEAPON"" from the ""BACKPACK"".<0A><END>",생존 뷰어에서 'BACKPACK'에서 '무기'를 선택해.<0A><00>,64,not_generated,
codec,22,생,64,1,codec:22:15,"In the Survival Viewer, choose<0A>""WEAPON"" from the ""BACKPACK"".<0A><END>",생존 뷰어에서 'BACKPACK'에서 '무기'를 선택해.<0A><00>,64,not_generated,
codec,22,선,64,1,codec:22:15,"In the Survival Viewer, choose<0A>""WEAPON"" from the ""BACKPACK"".<0A><END>",생존 뷰어에서 'BACKPACK'에서 '무기'를 선택해.<0A><00>,64,not_generated,
codec,22,존,64,1,codec:22:15,"In the Survival Viewer, choose<0A>""WEAPON"" from the ""BACKPACK"".<0A><END>",생존 뷰어에서 'BACKPACK'에서 '무기'를 선택해.<0A><00>,64,not_generated,
codec,22,택,64,1,codec:22:15,"In the Survival Viewer, choose<0A>""WEAPON"" from the ""BACKPACK"".<0A><END>",생존 뷰어에서 'BACKPACK'에서 '무기'를 선택해.<0A><00>,64,not_generated,
codec,23,생,64,1,codec:23:14,Survival is fundamental to this mission.<0A><END>,생존은 이 MISSION의 기본입니다.<0A><00>,64,not_generated,
codec,23,존,64,1,codec:23:14,Survival is fundamental to this mission.<0A><END>,생존은 이 MISSION의 기본입니다.<0A><00>,64,not_generated,
codec,35,꿔,64,1,codec:35:3,"Change your camouflage by selecting<0A>""CAMOUFLAGE"" from the Survival Viewer.<0A><END>","Survival Viewer의 ""CAMOUFLAGE""에서 위장을 바꿔.",64,not_generated,
codec,35,장,64,1,codec:35:3,"Change your camouflage by selecting<0A>""CAMOUFLAGE"" from the Survival Viewer.<0A><END>","Survival Viewer의 ""CAMOUFLAGE""에서 위장을 바꿔.",64,not_generated,
codec,47,괜,64,1,codec:47:15,"I read you. Snake, are you all right?<0A><END>","잘 들려. Snake, 괜찮아?<0A><00>",64,not_generated,
codec,47,찮,64,1,codec:47:15,"I read you. Snake, are you all right?<0A><END>","잘 들려. Snake, 괜찮아?<0A><00>",64,not_generated,
codec,48,료,64,2,codec:48:29|codec:48:28,"All right, let's get you fixed up...<0A>Para-Medic?<0A><END> || You've got to get those wounds treated.<0A>Hang in there!<0A><END>","좋아, 치료해 보자... Para-Medic?<0A><00> || 상처를 치료해야 해. 버텨!<0A><00>",64,not_generated,
codec,48,처,64,1,codec:48:28,You've got to get those wounds treated.<0A>Hang in there!<0A><END>,상처를 치료해야 해. 버텨!<0A><00>,64,not_generated,
codec,48,치,64,2,codec:48:29|codec:48:28,"All right, let's get you fixed up...<0A>Para-Medic?<0A><END> || You've got to get those wounds treated.<0A>Hang in there!<0A><END>","좋아, 치료해 보자... Para-Medic?<0A><00> || 상처를 치료해야 해. 버텨!<0A><00>",64,not_generated,
codec,48,텨,64,1,codec:48:28,You've got to get those wounds treated.<0A>Hang in there!<0A><END>,상처를 치료해야 해. 버텨!<0A><00>,64,not_generated,
codec,49,료,64,2,codec:49:11|codec:49:14,"If you select ""CURE"" you can start<0A>the treatment.<0A><END> || They need to be fixed using surgical<0A>treatment.<0A><END>","""CURE""를 선택하면 치료를 시작할 수 있다.<0A><00> || 수술적 치료를 통해 고쳐야 합니다.<0A><00>",64,not_generated,
codec,49,먼,64,1,codec:49:10,"First, open the Survival Viewer with<0A>the START button.<0A><END>",먼저 START 버튼으로 Survival Viewer를 엽니다.<0A><00>,64,not_generated,
codec,49,선,64,1,codec:49:11,"If you select ""CURE"" you can start<0A>the treatment.<0A><END>","""CURE""를 선택하면 치료를 시작할 수 있다.<0A><00>",64,not_generated,
codec,49,술,64,1,codec:49:14,They need to be fixed using surgical<0A>treatment.<0A><END>,수술적 치료를 통해 고쳐야 합니다.<0A><00>,64,not_generated,
codec,49,엽,64,1,codec:49:10,"First, open the Survival Viewer with<0A>the START button.<0A><END>",먼저 START 버튼으로 Survival Viewer를 엽니다.<0A><00>,64,not_generated,
codec,49,작,64,1,codec:49:11,"If you select ""CURE"" you can start<0A>the treatment.<0A><END>","""CURE""를 선택하면 치료를 시작할 수 있다.<0A><00>",64,not_generated,
codec,49,쳐,64,1,codec:49:14,They need to be fixed using surgical<0A>treatment.<0A><END>,수술적 치료를 통해 고쳐야 합니다.<0A><00>,64,not_generated,
codec,49,치,64,2,codec:49:11|codec:49:14,"If you select ""CURE"" you can start<0A>the treatment.<0A><END> || They need to be fixed using surgical<0A>treatment.<0A><END>","""CURE""를 선택하면 치료를 시작할 수 있다.<0A><00> || 수술적 치료를 통해 고쳐야 합니다.<0A><00>",64,not_generated,
codec,49,택,64,1,codec:49:11,"If you select ""CURE"" you can start<0A>the treatment.<0A><END>","""CURE""를 선택하면 치료를 시작할 수 있다.<0A><00>",64,not_generated,
codec,49,통,64,1,codec:49:14,They need to be fixed using surgical<0A>treatment.<0A><END>,수술적 치료를 통해 고쳐야 합니다.<0A><00>,64,not_generated,
codec,49,튼,64,1,codec:49:10,"First, open the Survival Viewer with<0A>the START button.<0A><END>",먼저 START 버튼으로 Survival Viewer를 엽니다.<0A><00>,64,not_generated,
codec,49,합,64,1,codec:49:14,They need to be fixed using surgical<0A>treatment.<0A><END>,수술적 치료를 통해 고쳐야 합니다.<0A><00>,64,not_generated,
codec,67,직,64,1,codec:67:17,Not yet.<0A><END>,아직 아니야.<0A><00>,64,not_generated,
codec,71,맡,64,1,codec:71:17,and navigating the Survival Viewer.<0A><END>,SURVIVAL VIEWER 조작도 맡지.<0A><00>,64,not_generated,
codec,71,작,64,1,codec:71:17,and navigating the Survival Viewer.<0A><END>,SURVIVAL VIEWER 조작도 맡지.<0A><00>,64,not_generated,
codec,92,늪,64,1,codec:92:16,A bottomless swamp?<0A><END>,바닥없는 늪?<0A><00>,64,not_generated,
codec,92,닥,64,1,codec:92:16,A bottomless swamp?<0A><END>,바닥없는 늪?<0A><00>,64,not_generated,
codec,95,악,64,1,codec:95:24,Crocodiles?<0A><END>,악어?<0A><00>,64,not_generated,
codec,114,뀌,64,1,codec:114:15,"When you do, the camera automatically<0A>switches to Intrusion View.<0A><END>",그러면 camera가 Intrusion View로 바뀌어.<0A><00>,64,not_generated,
codec,120,럼,64,1,codec:120:27,I am!<0A><END>,그럼!<0A><00>,64,not_generated,
codec,121,누,64,2,codec:121:18|codec:121:12,"S<G6A>lectionne ""MANGER"" pour manger la<0A>nourriture s<G6A>lectionn<G6A>e.<0A><END>FON || Select EAT and you will eat the selected<0A>food.<0A><END>",EAT를 누르면 먹는다.<0A><00> || EAT를 누르면 먹는다.<0A><00>,64,not_generated,
codec,121,먹,64,2,codec:121:18|codec:121:12,"S<G6A>lectionne ""MANGER"" pour manger la<0A>nourriture s<G6A>lectionn<G6A>e.<0A><END>FON || Select EAT and you will eat the selected<0A>food.<0A><END>",EAT를 누르면 먹는다.<0A><00> || EAT를 누르면 먹는다.<0A><00>,64,not_generated,
codec,122,량,64,1,codec:122:10,"When you eat, you will recover your<0A>stamina, but the extent of recovery<0A>depends on what you eat.<0A><END>",FOOD마다 STAMINA 회복량이 다르다.<0A><00>,64,not_generated,
codec,122,복,64,1,codec:122:10,"When you eat, you will recover your<0A>stamina, but the extent of recovery<0A>depends on what you eat.<0A><END>",FOOD마다 STAMINA 회복량이 다르다.<0A><00>,64,not_generated,
codec,122,회,64,1,codec:122:10,"When you eat, you will recover your<0A>stamina, but the extent of recovery<0A>depends on what you eat.<0A><END>",FOOD마다 STAMINA 회복량이 다르다.<0A><00>,64,not_generated,
codec,125,동,64,1,codec:125:16,Animals moving around will show up<0A>on the sensor just like anything else.<0A><END>,움직이는 동물도 SENSOR에 똑같이 잡혀.<0A><00>,64,not_generated,
codec,125,똑,64,1,codec:125:16,Animals moving around will show up<0A>on the sensor just like anything else.<0A><END>,움직이는 동물도 SENSOR에 똑같이 잡혀.<0A><00>,64,not_generated,
codec,125,움,64,1,codec:125:16,Animals moving around will show up<0A>on the sensor just like anything else.<0A><END>,움직이는 동물도 SENSOR에 똑같이 잡혀.<0A><00>,64,not_generated,
codec,125,직,64,1,codec:125:16,Animals moving around will show up<0A>on the sensor just like anything else.<0A><END>,움직이는 동물도 SENSOR에 똑같이 잡혀.<0A><00>,64,not_generated,
codec,125,혀,64,1,codec:125:16,Animals moving around will show up<0A>on the sensor just like anything else.<0A><END>,움직이는 동물도 SENSOR에 똑같이 잡혀.<0A><00>,64,not_generated,
codec,126,반,64,1,codec:126:16,The reflected sound from the sonic wave<0A>reveals the positions of targeted objects.<0A><END>,SONIC WAVE의 반사음으로 표적 위치를 알아내.<0A><00>,64,not_generated,
codec,126,치,64,1,codec:126:16,The reflected sound from the sonic wave<0A>reveals the positions of targeted objects.<0A><END>,SONIC WAVE의 반사음으로 표적 위치를 알아내.<0A><00>,64,not_generated,
codec,126,표,64,1,codec:126:16,The reflected sound from the sonic wave<0A>reveals the positions of targeted objects.<0A><END>,SONIC WAVE의 반사음으로 표적 위치를 알아내.<0A><00>,64,not_generated,
codec,129,높,64,1,codec:129:16,"The higher your Stamina Gauge, the faster<0A>your battery recharges.<0A><END>",STAMINA가 높을수록 BATTERY가 빨리 차.<0A><00>,64,not_generated,
codec,129,빨,64,1,codec:129:16,"The higher your Stamina Gauge, the faster<0A>your battery recharges.<0A><END>",STAMINA가 높을수록 BATTERY가 빨리 차.<0A><00>,64,not_generated,
codec,129,차,64,1,codec:129:16,"The higher your Stamina Gauge, the faster<0A>your battery recharges.<0A><END>",STAMINA가 높을수록 BATTERY가 빨리 차.<0A><00>,64,not_generated,
codec,133,꾸,64,1,codec:133:14,"Snake, let's review how to change your<0A>stance between standing, crouching, and<0A>crawling.<0A><END>","Snake, 서기, 웅크리기, 기어가기 등 자세를 바꾸는 방법을 살펴보겠습니다.<0A><00>",64,not_generated,
codec,133,낮,64,1,codec:133:16,"Since by crouching you take a lower<0A>position, it has a higher Camo Index<0A>than standing.<0A><END>",웅크리면 자세가 낮아지므로 서 있을 때보다 CAMO 지수가 높습니다.<0A><00>,64,not_generated,
codec,133,높,64,1,codec:133:16,"Since by crouching you take a lower<0A>position, it has a higher Camo Index<0A>than standing.<0A><END>",웅크리면 자세가 낮아지므로 서 있을 때보다 CAMO 지수가 높습니다.<0A><00>,64,not_generated,
codec,133,등,64,1,codec:133:14,"Snake, let's review how to change your<0A>stance between standing, crouching, and<0A>crawling.<0A><END>","Snake, 서기, 웅크리기, 기어가기 등 자세를 바꾸는 방법을 살펴보겠습니다.<0A><00>",64,not_generated,
codec,133,므,64,1,codec:133:16,"Since by crouching you take a lower<0A>position, it has a higher Camo Index<0A>than standing.<0A><END>",웅크리면 자세가 낮아지므로 서 있을 때보다 CAMO 지수가 높습니다.<0A><00>,64,not_generated,
codec,133,복,64,1,codec:133:20,"Next: Crawling. Remember that when<0A>crawling, your Camo Index becomes<0A>extremely high,<0A><END>",다음은 CRAWLING. 포복하면 CAMO INDEX가 크게 올라.<0A><00>,64,not_generated,
codec,133,살,64,1,codec:133:14,"Snake, let's review how to change your<0A>stance between standing, crouching, and<0A>crawling.<0A><END>","Snake, 서기, 웅크리기, 기어가기 등 자세를 바꾸는 방법을 살펴보겠습니다.<0A><00>",64,not_generated,
codec,133,웅,64,2,codec:133:16|codec:133:14,"Since by crouching you take a lower<0A>position, it has a higher Camo Index<0A>than standing.<0A><END> || Snake, let's review how to change your<0A>stance between standing, crouching, and<0A>crawling.<0A><END>","웅크리면 자세가 낮아지므로 서 있을 때보다 CAMO 지수가 높습니다.<0A><00> || Snake, 서기, 웅크리기, 기어가기 등 자세를 바꾸는 방법을 살펴보겠습니다.<0A><00>",64,not_generated,
codec,133,펴,64,1,codec:133:14,"Snake, let's review how to change your<0A>stance between standing, crouching, and<0A>crawling.<0A><END>","Snake, 서기, 웅크리기, 기어가기 등 자세를 바꾸는 방법을 살펴보겠습니다.<0A><00>",64,not_generated,
codec,136,구,64,2,codec:136:24|codec:136:14,"Snake, <G6A>vite de courir comme un d<G6A>rat<G6A>.<0A><END> || Snake, I don't recommend running around<0A>wildly.<0A><END>","Snake, 마구 달리지 마.<0A><00> || Snake, 마구 달리지 마.<0A><00>",64,not_generated,
codec,136,달,64,2,codec:136:24|codec:136:14,"Snake, <G6A>vite de courir comme un d<G6A>rat<G6A>.<0A><END> || Snake, I don't recommend running around<0A>wildly.<0A><END>","Snake, 마구 달리지 마.<0A><00> || Snake, 마구 달리지 마.<0A><00>",64,not_generated,
codec,139,덮,64,1,codec:139:18,"Or, lure an enemy near you, then ambush<0A>the enemy from behind.<0A><END>",enemy를 유인해 뒤에서 덮쳐.<0A><00>,64,not_generated,
codec,139,뒤,64,1,codec:139:18,"Or, lure an enemy near you, then ambush<0A>the enemy from behind.<0A><END>",enemy를 유인해 뒤에서 덮쳐.<0A><00>,64,not_generated,
codec,139,용,64,1,codec:139:19,Use it to your utmost advantage.<0A><END>,잘 이용해.<0A><00>,64,not_generated,
codec,139,쳐,64,1,codec:139:18,"Or, lure an enemy near you, then ambush<0A>the enemy from behind.<0A><END>",enemy를 유인해 뒤에서 덮쳐.<0A><00>,64,not_generated,
codec,143,동,64,1,codec:143:15,We'll call this action peeking.<0A><END>,이 동작을 PEEKING이라 해.<0A><00>,64,not_generated,
codec,143,작,64,1,codec:143:15,We'll call this action peeking.<0A><END>,이 동작을 PEEKING이라 해.<0A><00>,64,not_generated,
codec,144,져,64,1,codec:144:16,You'll do well to get accustomed to it.<0A><END>,익숙해져.<0A><00>,64,not_generated,
codec,145,격,64,1,codec:145:17,and launch an attack when the time is<0A>right.<0A><END>,때를 봐서 공격해.<0A><00>,64,not_generated,
codec,145,공,64,1,codec:145:17,and launch an attack when the time is<0A>right.<0A><END>,때를 봐서 공격해.<0A><00>,64,not_generated,
codec,147,과,64,1,codec:147:14,The assault rifle works the same way as<0A>the handgun.<0A><END>,ASSAULT RIFLE도 HANDGUN과 같아.<0A><00>,64,not_generated,
codec,148,척,64,1,codec:148:14,The distance that you throw grenades and<0A>other throwable weapons<0A><END>,GRENADE 같은 투척 무기의 거리는<0A><00>,64,not_generated,
codec,148,투,64,1,codec:148:14,The distance that you throw grenades and<0A>other throwable weapons<0A><END>,GRENADE 같은 투척 무기의 거리는<0A><00>,64,not_generated,
codec,149,열,64,1,codec:149:14,Thermal goggles create a thermal image<0A>based on the heat emitted by objects in<0A>view.<0A><END>,THERMAL GOGGLES는 물체의 열로 영상을 만들어.<0A><00>,64,not_generated,
codec,149,영,64,1,codec:149:14,Thermal goggles create a thermal image<0A>based on the heat emitted by objects in<0A>view.<0A><END>,THERMAL GOGGLES는 물체의 열로 영상을 만들어.<0A><00>,64,not_generated,
codec,149,체,64,1,codec:149:14,Thermal goggles create a thermal image<0A>based on the heat emitted by objects in<0A>view.<0A><END>,THERMAL GOGGLES는 물체의 열로 영상을 만들어.<0A><00>,64,not_generated,
codec,149,켜,64,1,codec:149:17,"However, once you activate the thermal<0A>goggles, you begin draining battery energy.<0A><END>",THERMAL GOGGLES를 켜면 BATTERY가 줄어.<0A><00>,64,not_generated,
codec,150,동,64,1,codec:150:15,This action is called hanging.<0A><END>,이 동작을 HANGING이라 해.<0A><00>,64,not_generated,
codec,150,작,64,1,codec:150:15,This action is called hanging.<0A><END>,이 동작을 HANGING이라 해.<0A><00>,64,not_generated,
codec,152,달,64,1,codec:152:17,"It indicates the status of your grip.<0A>When hanging, the Grip Gauge drops.<0A><END>",GRIP 상태를 뜻해. 매달리면 GRIP GAUGE가 줄어.<0A><00>,64,not_generated,
codec,152,따,64,1,codec:152:19,The length of the Grip Gauge depends<0A>upon your stamina.<0A><END>,GRIP Gauge는 STAMINA에 따라 줄어.<0A><00>,64,not_generated,
codec,152,매,64,1,codec:152:17,"It indicates the status of your grip.<0A>When hanging, the Grip Gauge drops.<0A><END>",GRIP 상태를 뜻해. 매달리면 GRIP GAUGE가 줄어.<0A><00>,64,not_generated,
codec,153,귀,64,1,codec:153:17,You may even find some rare items<0A>this way.<0A><END>,희귀 ITEM도 얻을 수 있어.<0A><00>,64,not_generated,
codec,153,얻,64,1,codec:153:17,You may even find some rare items<0A>this way.<0A><END>,희귀 ITEM도 얻을 수 있어.<0A><00>,64,not_generated,
codec,153,희,64,1,codec:153:17,You may even find some rare items<0A>this way.<0A><END>,희귀 ITEM도 얻을 수 있어.<0A><00>,64,not_generated,
codec,158,먹,64,1,codec:158:14,You ate some food?<0A><END>,FOOD를 먹었어?<0A><00>,64,not_generated,
codec,161,느,64,1,codec:161:19,"With slight movements of the Circle Pad,<0A>you can move without making a sound, but<0A>at the expense of speed.<0A><END>",Circle Pad를 살짝 움직이면<0A>소리 없이 느리게 이동.<0A><00>,64,not_generated,
codec,161,동,64,2,codec:161:20|codec:161:19,"Use both types of movement in appropriate<0A>situations.<0A><END> || With slight movements of the Circle Pad,<0A>you can move without making a sound, but<0A>at the expense of speed.<0A><END>",상황에 맞게 두 이동법을 써.<0A><00> || Circle Pad를 살짝 움직이면<0A>소리 없이 느리게 이동.<0A><00>,64,not_generated,
codec,161,두,64,1,codec:161:20,Use both types of movement in appropriate<0A>situations.<0A><END>,상황에 맞게 두 이동법을 써.<0A><00>,64,not_generated,
codec,161,맞,64,1,codec:161:20,Use both types of movement in appropriate<0A>situations.<0A><END>,상황에 맞게 두 이동법을 써.<0A><00>,64,not_generated,
codec,161,살,64,1,codec:161:19,"With slight movements of the Circle Pad,<0A>you can move without making a sound, but<0A>at the expense of speed.<0A><END>",Circle Pad를 살짝 움직이면<0A>소리 없이 느리게 이동.<0A><00>,64,not_generated,
codec,161,써,64,1,codec:161:20,Use both types of movement in appropriate<0A>situations.<0A><END>,상황에 맞게 두 이동법을 써.<0A><00>,64,not_generated,
codec,161,움,64,1,codec:161:19,"With slight movements of the Circle Pad,<0A>you can move without making a sound, but<0A>at the expense of speed.<0A><END>",Circle Pad를 살짝 움직이면<0A>소리 없이 느리게 이동.<0A><00>,64,not_generated,
codec,161,직,64,1,codec:161:19,"With slight movements of the Circle Pad,<0A>you can move without making a sound, but<0A>at the expense of speed.<0A><END>",Circle Pad를 살짝 움직이면<0A>소리 없이 느리게 이동.<0A><00>,64,not_generated,
codec,161,짝,64,1,codec:161:19,"With slight movements of the Circle Pad,<0A>you can move without making a sound, but<0A>at the expense of speed.<0A><END>",Circle Pad를 살짝 움직이면<0A>소리 없이 느리게 이동.<0A><00>,64,not_generated,
codec,161,황,64,1,codec:161:20,Use both types of movement in appropriate<0A>situations.<0A><END>,상황에 맞게 두 이동법을 써.<0A><00>,64,not_generated,
codec,164,된,64,1,codec:164:14,"To open doors, generally you can just<0A>use the Circle Pad to move towards the<0A>door.<0A><END>",문은 서클 패드로<0A>다가가 열면 된다.<0A><00>,64,not_generated,
codec,164,열,64,1,codec:164:14,"To open doors, generally you can just<0A>use the Circle Pad to move towards the<0A>door.<0A><END>",문은 서클 패드로<0A>다가가 열면 된다.<0A><00>,64,not_generated,
codec,164,클,64,1,codec:164:14,"To open doors, generally you can just<0A>use the Circle Pad to move towards the<0A>door.<0A><END>",문은 서클 패드로<0A>다가가 열면 된다.<0A><00>,64,not_generated,
codec,164,패,64,1,codec:164:14,"To open doors, generally you can just<0A>use the Circle Pad to move towards the<0A>door.<0A><END>",문은 서클 패드로<0A>다가가 열면 된다.<0A><00>,64,not_generated,
codec,167,얻,64,1,codec:167:15,This is an opportunity to gain intelligence.<0A><END>,정보를 얻을 기회야.<0A><00>,64,not_generated,
codec,167,회,64,1,codec:167:15,This is an opportunity to gain intelligence.<0A><END>,정보를 얻을 기회야.<0A><00>,64,not_generated,
codec,168,걷,64,1,codec:168:14,"The degree to which you move the Circle<0A>Pad not only changes your walking speed,<0A><END>","CIRCLE PAD를 움직이는 정도에 따라 걷는 속도뿐 아니라,<0A><00>",64,not_generated,
codec,168,따,64,1,codec:168:14,"The degree to which you move the Circle<0A>Pad not only changes your walking speed,<0A><END>","CIRCLE PAD를 움직이는 정도에 따라 걷는 속도뿐 아니라,<0A><00>",64,not_generated,
codec,168,뿐,64,1,codec:168:14,"The degree to which you move the Circle<0A>Pad not only changes your walking speed,<0A><END>","CIRCLE PAD를 움직이는 정도에 따라 걷는 속도뿐 아니라,<0A><00>",64,not_generated,
codec,168,속,64,1,codec:168:14,"The degree to which you move the Circle<0A>Pad not only changes your walking speed,<0A><END>","CIRCLE PAD를 움직이는 정도에 따라 걷는 속도뿐 아니라,<0A><00>",64,not_generated,
codec,168,움,64,1,codec:168:14,"The degree to which you move the Circle<0A>Pad not only changes your walking speed,<0A><END>","CIRCLE PAD를 움직이는 정도에 따라 걷는 속도뿐 아니라,<0A><00>",64,not_generated,
codec,168,직,64,1,codec:168:14,"The degree to which you move the Circle<0A>Pad not only changes your walking speed,<0A><END>","CIRCLE PAD를 움직이는 정도에 따라 걷는 속도뿐 아니라,<0A><00>",64,not_generated,
codec,169,맞,64,1,codec:169:17,But a target hit on the head will drop like<0A>a fly.<0A><END>,머리를 맞히면 바로 쓰러져.<0A><00>,64,not_generated,
codec,169,쓰,64,1,codec:169:17,But a target hit on the head will drop like<0A>a fly.<0A><END>,머리를 맞히면 바로 쓰러져.<0A><00>,64,not_generated,
codec,169,져,64,1,codec:169:17,But a target hit on the head will drop like<0A>a fly.<0A><END>,머리를 맞히면 바로 쓰러져.<0A><00>,64,not_generated,
codec,175,몇,64,1,codec:175:17,"But, don't you think I should've at least<0A>brought a few rations?<0A><END>",RATION 몇 개는 가져왔어야 하지 않을까?<0A><00>,64,not_generated,
codec,175,져,64,1,codec:175:17,"But, don't you think I should've at least<0A>brought a few rations?<0A><END>",RATION 몇 개는 가져왔어야 하지 않을까?<0A><00>,64,not_generated,
codec,179,워,64,1,codec:179:13,Make sure you replenish stamina<0A>before that occurs.<0A><END>,그전에 STAMINA를 채워.<0A><00>,64,not_generated,
codec,179,전,64,1,codec:179:13,Make sure you replenish stamina<0A>before that occurs.<0A><END>,그전에 STAMINA를 채워.<0A><00>,64,not_generated,
codec,179,채,64,1,codec:179:13,Make sure you replenish stamina<0A>before that occurs.<0A><END>,그전에 STAMINA를 채워.<0A><00>,64,not_generated,
codec,180,복,64,1,codec:180:10,Eat food to recover stamina.<0A><END>,FOOD로 STAMINA를 회복해.<0A><00>,64,not_generated,
codec,180,회,64,1,codec:180:10,Eat food to recover stamina.<0A><END>,FOOD로 STAMINA를 회복해.<0A><00>,64,not_generated,
codec,182,껴,64,1,codec:182:31,Intenta no gastar mucha energ<G6E>a<0A>innecesariamente.<0A><END>,STAMINA를 아껴.<0A><00>,64,not_generated,
codec,186,끼,64,1,codec:186:16,Remove the suppressor from your gun<0A>if you want to make it last.<0A><END>,아끼려면 총에서 SUPPRESSOR를 빼.<0A><00>,64,not_generated,
codec,186,맞,64,1,codec:186:19,Regulate usage of the suppressor based<0A>on the situation.<0A><END>,상황에 맞게 SUPPRESSOR를 써.<0A><00>,64,not_generated,
codec,186,빼,64,1,codec:186:16,Remove the suppressor from your gun<0A>if you want to make it last.<0A><END>,아끼려면 총에서 SUPPRESSOR를 빼.<0A><00>,64,not_generated,
codec,186,써,64,1,codec:186:19,Regulate usage of the suppressor based<0A>on the situation.<0A><END>,상황에 맞게 SUPPRESSOR를 써.<0A><00>,64,not_generated,
codec,186,총,64,1,codec:186:16,Remove the suppressor from your gun<0A>if you want to make it last.<0A><END>,아끼려면 총에서 SUPPRESSOR를 빼.<0A><00>,64,not_generated,
codec,186,황,64,1,codec:186:19,Regulate usage of the suppressor based<0A>on the situation.<0A><END>,상황에 맞게 SUPPRESSOR를 써.<0A><00>,64,not_generated,
codec,189,곧,64,1,codec:189:17,then the Alert Phase will quickly be<0A>restored to Normal Phase.<0A><END>,그러면 Alert Phase가 곧 Normal Phase로 돌아와.<0A><00>,64,not_generated,
codec,190,씩,64,1,codec:190:15,"If you take a close look at the stars above<0A>the enemy's head, you'll notice that they<0A>gradually disappear, one at a time.<0A><END>",적 머리 위 별은 하나씩 사라져.<0A><00>,64,not_generated,
codec,190,져,64,1,codec:190:15,"If you take a close look at the stars above<0A>the enemy's head, you'll notice that they<0A>gradually disappear, one at a time.<0A><END>",적 머리 위 별은 하나씩 사라져.<0A><00>,64,not_generated,
codec,193,열,64,1,codec:193:3,"To use camouflage, first press the START<0A>button to go to the Survival Viewer.<0A><END>",CAMO는 START로 SURVIVAL을 열어 사용해.<0A><00>,64,not_generated,
codec,193,용,64,1,codec:193:3,"To use camouflage, first press the START<0A>button to go to the Survival Viewer.<0A><END>",CAMO는 START로 SURVIVAL을 열어 사용해.<0A><00>,64,not_generated,
codec,198,곽,64,1,codec:198:6,"In order to flatten the appearance of<0A>your face,<0A><END>","얼굴 윤곽을 평평하게 보이려면,<0A><00>",64,not_generated,
codec,198,굴,64,1,codec:198:6,"In order to flatten the appearance of<0A>your face,<0A><END>","얼굴 윤곽을 평평하게 보이려면,<0A><00>",64,not_generated,
codec,198,얼,64,1,codec:198:6,"In order to flatten the appearance of<0A>your face,<0A><END>","얼굴 윤곽을 평평하게 보이려면,<0A><00>",64,not_generated,
codec,198,윤,64,1,codec:198:6,"In order to flatten the appearance of<0A>your face,<0A><END>","얼굴 윤곽을 평평하게 보이려면,<0A><00>",64,not_generated,
codec,198,평,64,1,codec:198:6,"In order to flatten the appearance of<0A>your face,<0A><END>","얼굴 윤곽을 평평하게 보이려면,<0A><00>",64,not_generated,
codec,200,걱,64,1,codec:200:7,Don't worry. That's what the Camo Index<0A>is for.<0A><END>,걱정 마. CAMO INDEX가 있잖아.<0A><00>,64,not_generated,
codec,200,높,64,1,codec:200:10,"With a high enough Camo Index, you can<0A>even fool enemies inches away.<0A><END>",Camo Index가 높으면<0A>코앞도 속일 수 있어.<0A><00>,64,not_generated,
codec,200,속,64,1,codec:200:10,"With a high enough Camo Index, you can<0A>even fool enemies inches away.<0A><END>",Camo Index가 높으면<0A>코앞도 속일 수 있어.<0A><00>,64,not_generated,
codec,200,앞,64,1,codec:200:10,"With a high enough Camo Index, you can<0A>even fool enemies inches away.<0A><END>",Camo Index가 높으면<0A>코앞도 속일 수 있어.<0A><00>,64,not_generated,
codec,200,잖,64,1,codec:200:7,Don't worry. That's what the Camo Index<0A>is for.<0A><END>,걱정 마. CAMO INDEX가 있잖아.<0A><00>,64,not_generated,
codec,202,걱,64,1,codec:202:5,you don't need to be concerned with being<0A>spotted by distant enemies.<0A><END>,멀리 있는 적에게 들킬 걱정은 없어.<0A><00>,64,not_generated,
codec,202,멀,64,1,codec:202:5,you don't need to be concerned with being<0A>spotted by distant enemies.<0A><END>,멀리 있는 적에게 들킬 걱정은 없어.<0A><00>,64,not_generated,
codec,202,킬,64,1,codec:202:5,you don't need to be concerned with being<0A>spotted by distant enemies.<0A><END>,멀리 있는 적에게 들킬 걱정은 없어.<0A><00>,64,not_generated,
codec,210,남,64,1,codec:210:16,Remaining bullets are displayed<0A>beneath your Camo Index.<0A><END>,남은 탄은 CAMO INDEX 아래에 보여.<0A><00>,64,not_generated,
codec,210,탄,64,1,codec:210:16,Remaining bullets are displayed<0A>beneath your Camo Index.<0A><END>,남은 탄은 CAMO INDEX 아래에 보여.<0A><00>,64,not_generated,
codec,212,남,64,1,codec:212:4,and you will always have a bullet in your<0A>chamber.<0A><END>,CHAMBER엔 늘 탄이 남아.<0A><00>,64,not_generated,
codec,212,늘,64,1,codec:212:4,and you will always have a bullet in your<0A>chamber.<0A><END>,CHAMBER엔 늘 탄이 남아.<0A><00>,64,not_generated,
codec,212,탄,64,1,codec:212:4,and you will always have a bullet in your<0A>chamber.<0A><END>,CHAMBER엔 늘 탄이 남아.<0A><00>,64,not_generated,
codec,217,넣,64,1,codec:217:15,I put it in my backpack first.<0A><END>,먼저 BACKPACK에 넣었어.<0A><00>,64,not_generated,
codec,217,먼,64,1,codec:217:15,I put it in my backpack first.<0A><END>,먼저 BACKPACK에 넣었어.<0A><00>,64,not_generated,
codec,218,꺼,64,1,codec:218:8,to remove the weapon from your backpack<0A>and equip it to your person.<0A><END>,BACKPACK에서 무기를 꺼내 몸에 장비해.<0A><00>,64,not_generated,
codec,218,몸,64,1,codec:218:8,to remove the weapon from your backpack<0A>and equip it to your person.<0A><END>,BACKPACK에서 무기를 꺼내 몸에 장비해.<0A><00>,64,not_generated,
codec,218,비,64,2,codec:218:3|codec:218:8,"To place a weapon on your person, go to<0A>the Survival Viewer, then BACKPACK,<0A>then select WEAPON.<0A><END> || to remove the weapon from your backpack<0A>and equip it to your person.<0A><END>","무기 장비는 SURVIVAL, BACKPACK, WEAPON 순서야.<0A><00> || BACKPACK에서 무기를 꺼내 몸에 장비해.<0A><00>",64,not_generated,
codec,218,순,64,1,codec:218:3,"To place a weapon on your person, go to<0A>the Survival Viewer, then BACKPACK,<0A>then select WEAPON.<0A><END>","무기 장비는 SURVIVAL, BACKPACK, WEAPON 순서야.<0A><00>",64,not_generated,
codec,218,장,64,2,codec:218:3|codec:218:8,"To place a weapon on your person, go to<0A>the Survival Viewer, then BACKPACK,<0A>then select WEAPON.<0A><END> || to remove the weapon from your backpack<0A>and equip it to your person.<0A><END>","무기 장비는 SURVIVAL, BACKPACK, WEAPON 순서야.<0A><00> || BACKPACK에서 무기를 꺼내 몸에 장비해.<0A><00>",64,not_generated,
codec,225,격,64,1,codec:225:3,"For the assault rifle and various other<0A>weapons,<0A><END>","돌격소총 및 기타 다양한 무기의 경우,<0A><00>",64,not_generated,
codec,225,경,64,1,codec:225:3,"For the assault rifle and various other<0A>weapons,<0A><END>","돌격소총 및 기타 다양한 무기의 경우,<0A><00>",64,not_generated,
codec,225,및,64,1,codec:225:3,"For the assault rifle and various other<0A>weapons,<0A><END>","돌격소총 및 기타 다양한 무기의 경우,<0A><00>",64,not_generated,
codec,225,양,64,1,codec:225:3,"For the assault rifle and various other<0A>weapons,<0A><END>","돌격소총 및 기타 다양한 무기의 경우,<0A><00>",64,not_generated,
codec,225,총,64,1,codec:225:3,"For the assault rifle and various other<0A>weapons,<0A><END>","돌격소총 및 기타 다양한 무기의 경우,<0A><00>",64,not_generated,
codec,225,타,64,1,codec:225:3,"For the assault rifle and various other<0A>weapons,<0A><END>","돌격소총 및 기타 다양한 무기의 경우,<0A><00>",64,not_generated,
codec,230,발,64,1,codec:230:4,"Before putting down the front foot,<0A><END>","앞발을 내리기 전,<0A><00>",64,not_generated,
codec,230,앞,64,1,codec:230:4,"Before putting down the front foot,<0A><END>","앞발을 내리기 전,<0A><00>",64,not_generated,
codec,230,전,64,1,codec:230:4,"Before putting down the front foot,<0A><END>","앞발을 내리기 전,<0A><00>",64,not_generated,
codec,231,낮,64,1,codec:231:5,"And, since your posture is low while<0A>stalking, you are that much less likely<0A>to be spotted by the enemy.<0A><END>",STALKING은 자세가 낮아 적에게 들킬 가능성도 줄어.<0A><00>,64,not_generated,
codec,231,능,64,1,codec:231:5,"And, since your posture is low while<0A>stalking, you are that much less likely<0A>to be spotted by the enemy.<0A><END>",STALKING은 자세가 낮아 적에게 들킬 가능성도 줄어.<0A><00>,64,not_generated,
codec,231,킬,64,1,codec:231:5,"And, since your posture is low while<0A>stalking, you are that much less likely<0A>to be spotted by the enemy.<0A><END>",STALKING은 자세가 낮아 적에게 들킬 가능성도 줄어.<0A><00>,64,not_generated,
codec,233,럼,64,1,codec:233:22,"Okay, then what would you drink?<0A><END>","알았어, 그럼 뭘 마실래?<0A><00>",64,not_generated,
codec,233,뭘,64,1,codec:233:22,"Okay, then what would you drink?<0A><END>","알았어, 그럼 뭘 마실래?<0A><00>",64,not_generated,
codec,233,실,64,1,codec:233:22,"Okay, then what would you drink?<0A><END>","알았어, 그럼 뭘 마실래?<0A><00>",64,not_generated,
codec,234,직,64,1,codec:234:16,FOX is a next-generation espionage<0A>organization<0A><END>,"FOX는 차세대 첩보 조직이고,<0A><00>",64,not_generated,
codec,234,차,64,1,codec:234:16,FOX is a next-generation espionage<0A>organization<0A><END>,"FOX는 차세대 첩보 조직이고,<0A><00>",64,not_generated,
codec,234,첩,64,1,codec:234:16,FOX is a next-generation espionage<0A>organization<0A><END>,"FOX는 차세대 첩보 조직이고,<0A><00>",64,not_generated,
codec,235,국,64,1,codec:235:21,That's the American way?<0A><END>,그게 미국 방식이야?<0A><00>,64,not_generated,
codec,235,식,64,1,codec:235:21,That's the American way?<0A><END>,그게 미국 방식이야?<0A><00>,64,not_generated,
codec,235,쿼,64,1,codec:235:53,Quoi!?<0A><END>,쿼이!?<0A><00>,64,not_generated,
codec,236,널,64,2,codec:236:20|codec:236:19,A tunnel?<0A><END> || From a tunnel.<0A><END>,터널?<0A><00> || 터널에서.<0A><00>,64,not_generated,
codec,237,몸,64,1,codec:237:18,"No, I mean the ""naked"" part.<0A><END>","아니요, ""알몸"" 부분을 의미합니다.<0A><00>",64,not_generated,
codec,237,엇,64,1,codec:237:16,Yeah. What does it mean?<0A><END>,네. 그것은 무엇을 의미합니까?<0A><00>,64,not_generated,
codec,237,합,64,2,codec:237:18|codec:237:16,"No, I mean the ""naked"" part.<0A><END> || Yeah. What does it mean?<0A><END>","아니요, ""알몸"" 부분을 의미합니다.<0A><00> || 네. 그것은 무엇을 의미합니까?<0A><00>",64,not_generated,
codec,238,뭔,64,1,codec:238:24,"No, but...something is strange.<0A><END>",아니... 뭔가 이상해.<0A><00>,64,not_generated,
codec,238,황,64,1,codec:238:14,"Snake, what's the situation?<0A><END>","Snake, 상황은?<0A><00>",64,not_generated,
codec,261,각,64,1,codec:261:902,Think about it. Shoot a bullet at a drum full<0A>of flammable fuel and...<0A><END>,생각해 보세요. 가연성 연료가 가득 찬 드럼통에 총알을 쏘고...<0A><00>,64,not_generated,
codec,261,경,64,1,codec:261:904,"If you blow up those drums full of fuel, the<0A>explosion should take care of any enemies<0A>in a fairly wide radius.<0A><END>",연료가 가득 찬 드럼통을 폭파시키면 폭발로 인해 상당히 넓은 반경에 있는 모든 적을 처리할 수 있다.<0A><00>,64,not_generated,
codec,261,굴,64,1,codec:261:906,Drums lying on their side can be sent rolling.<0A>Time it right and you might be able to use it<0A>to bowl over multiple enemies at once.<0A><END>,드럼을 옆으로 눕혀서 굴릴 수 있다. 시간을 잘 맞추면 이를 사용하여 한 번에 여러 적을 제압할 수 있다.<0A><00>,64,not_generated,
codec,261,냥,64,1,codec:261:905,Just make sure you don't get caught up in<0A>the blast yourself.<0A><END>,그냥 폭발에 휘말리지 않도록 해.<0A><00>,64,not_generated,
codec,261,넓,64,1,codec:261:904,"If you blow up those drums full of fuel, the<0A>explosion should take care of any enemies<0A>in a fairly wide radius.<0A><END>",연료가 가득 찬 드럼통을 폭파시키면 폭발로 인해 상당히 넓은 반경에 있는 모든 적을 처리할 수 있다.<0A><00>,64,not_generated,
codec,261,누,64,1,codec:261:907,Give it a try. Stand near a drum and press<0A>the Action Button.<0A><END>,한번 사용해 보세요. 드럼 근처에 서서 액션 버튼을 누르세요.<0A><00>,64,not_generated,
codec,261,눕,64,1,codec:261:906,Drums lying on their side can be sent rolling.<0A>Time it right and you might be able to use it<0A>to bowl over multiple enemies at once.<0A><END>,드럼을 옆으로 눕혀서 굴릴 수 있다. 시간을 잘 맞추면 이를 사용하여 한 번에 여러 적을 제압할 수 있다.<0A><00>,64,not_generated,
codec,261,당,64,1,codec:261:904,"If you blow up those drums full of fuel, the<0A>explosion should take care of any enemies<0A>in a fairly wide radius.<0A><END>",연료가 가득 찬 드럼통을 폭파시키면 폭발로 인해 상당히 넓은 반경에 있는 모든 적을 처리할 수 있다.<0A><00>,64,not_generated,
codec,261,득,64,2,codec:261:904|codec:261:902,"If you blow up those drums full of fuel, the<0A>explosion should take care of any enemies<0A>in a fairly wide radius.<0A><END> || Think about it. Shoot a bullet at a drum full<0A>of flammable fuel and...<0A><END>",연료가 가득 찬 드럼통을 폭파시키면 폭발로 인해 상당히 넓은 반경에 있는 모든 적을 처리할 수 있다.<0A><00> || 생각해 보세요. 가연성 연료가 가득 찬 드럼통에 총알을 쏘고...<0A><00>,64,not_generated,
codec,261,든,64,1,codec:261:904,"If you blow up those drums full of fuel, the<0A>explosion should take care of any enemies<0A>in a fairly wide radius.<0A><END>",연료가 가득 찬 드럼통을 폭파시키면 폭발로 인해 상당히 넓은 반경에 있는 모든 적을 처리할 수 있다.<0A><00>,64,not_generated,
codec,261,럼,64,5,codec:261:906|codec:261:907|codec:261:904|codec:261:900|codec:261:902,"Drums lying on their side can be sent rolling.<0A>Time it right and you might be able to use it<0A>to bowl over multiple enemies at once.<0A><END> || Give it a try. Stand near a drum and press<0A>the Action Button.<0A><END> || If you blow up those drums full of fuel, the<0A>explosion should take care of any enemies<0A>in a fairly wide radius.<0A><END> || Snake, those drums are filled with fuel.<0A>That'll prove to be useful.<0A><END> || Think about it. Shoot a bullet at a drum full<0A>of flammable fuel and...<0A><END>","드럼을 옆으로 눕혀서 굴릴 수 있다. 시간을 잘 맞추면 이를 사용하여 한 번에 여러 적을 제압할 수 있다.<0A><00> || 한번 사용해 보세요. 드럼 근처에 서서 액션 버튼을 누르세요.<0A><00> || 연료가 가득 찬 드럼통을 폭파시키면 폭발로 인해 상당히 넓은 반경에 있는 모든 적을 처리할 수 있다.<0A><00> || Snake, 그 드럼에는 연료가 채워져 있다. 그것은 유용할 거다.<0A><00> || 생각해 보세요. 가연성 연료가 가득 찬 드럼통에 총알을 쏘고...<0A><00>",64,not_generated,
codec,261,료,64,3,codec:261:904|codec:261:900|codec:261:902,"If you blow up those drums full of fuel, the<0A>explosion should take care of any enemies<0A>in a fairly wide radius.<0A><END> || Snake, those drums are filled with fuel.<0A>That'll prove to be useful.<0A><END> || Think about it. Shoot a bullet at a drum full<0A>of flammable fuel and...<0A><END>","연료가 가득 찬 드럼통을 폭파시키면 폭발로 인해 상당히 넓은 반경에 있는 모든 적을 처리할 수 있다.<0A><00> || Snake, 그 드럼에는 연료가 채워져 있다. 그것은 유용할 거다.<0A><00> || 생각해 보세요. 가연성 연료가 가득 찬 드럼통에 총알을 쏘고...<0A><00>",64,not_generated,
codec,261,릴,64,1,codec:261:906,Drums lying on their side can be sent rolling.<0A>Time it right and you might be able to use it<0A>to bowl over multiple enemies at once.<0A><END>,드럼을 옆으로 눕혀서 굴릴 수 있다. 시간을 잘 맞추면 이를 사용하여 한 번에 여러 적을 제압할 수 있다.<0A><00>,64,not_generated,
codec,261,맞,64,1,codec:261:906,Drums lying on their side can be sent rolling.<0A>Time it right and you might be able to use it<0A>to bowl over multiple enemies at once.<0A><END>,드럼을 옆으로 눕혀서 굴릴 수 있다. 시간을 잘 맞추면 이를 사용하여 한 번에 여러 적을 제압할 수 있다.<0A><00>,64,not_generated,
codec,261,모,64,1,codec:261:904,"If you blow up those drums full of fuel, the<0A>explosion should take care of any enemies<0A>in a fairly wide radius.<0A><END>",연료가 가득 찬 드럼통을 폭파시키면 폭발로 인해 상당히 넓은 반경에 있는 모든 적을 처리할 수 있다.<0A><00>,64,not_generated,
codec,261,반,64,1,codec:261:904,"If you blow up those drums full of fuel, the<0A>explosion should take care of any enemies<0A>in a fairly wide radius.<0A><END>",연료가 가득 찬 드럼통을 폭파시키면 폭발로 인해 상당히 넓은 반경에 있는 모든 적을 처리할 수 있다.<0A><00>,64,not_generated,
codec,261,발,64,2,codec:261:904|codec:261:905,"If you blow up those drums full of fuel, the<0A>explosion should take care of any enemies<0A>in a fairly wide radius.<0A><END> || Just make sure you don't get caught up in<0A>the blast yourself.<0A><END>",연료가 가득 찬 드럼통을 폭파시키면 폭발로 인해 상당히 넓은 반경에 있는 모든 적을 처리할 수 있다.<0A><00> || 그냥 폭발에 휘말리지 않도록 해.<0A><00>,64,not_generated,
codec,261,생,64,1,codec:261:902,Think about it. Shoot a bullet at a drum full<0A>of flammable fuel and...<0A><END>,생각해 보세요. 가연성 연료가 가득 찬 드럼통에 총알을 쏘고...<0A><00>,64,not_generated,
codec,261,쏘,64,1,codec:261:902,Think about it. Shoot a bullet at a drum full<0A>of flammable fuel and...<0A><END>,생각해 보세요. 가연성 연료가 가득 찬 드럼통에 총알을 쏘고...<0A><00>,64,not_generated,
codec,261,압,64,1,codec:261:906,Drums lying on their side can be sent rolling.<0A>Time it right and you might be able to use it<0A>to bowl over multiple enemies at once.<0A><END>,드럼을 옆으로 눕혀서 굴릴 수 있다. 시간을 잘 맞추면 이를 사용하여 한 번에 여러 적을 제압할 수 있다.<0A><00>,64,not_generated,
codec,261,액,64,1,codec:261:907,Give it a try. Stand near a drum and press<0A>the Action Button.<0A><END>,한번 사용해 보세요. 드럼 근처에 서서 액션 버튼을 누르세요.<0A><00>,64,not_generated,
codec,261,연,64,3,codec:261:904|codec:261:900|codec:261:902,"If you blow up those drums full of fuel, the<0A>explosion should take care of any enemies<0A>in a fairly wide radius.<0A><END> || Snake, those drums are filled with fuel.<0A>That'll prove to be useful.<0A><END> || Think about it. Shoot a bullet at a drum full<0A>of flammable fuel and...<0A><END>","연료가 가득 찬 드럼통을 폭파시키면 폭발로 인해 상당히 넓은 반경에 있는 모든 적을 처리할 수 있다.<0A><00> || Snake, 그 드럼에는 연료가 채워져 있다. 그것은 유용할 거다.<0A><00> || 생각해 보세요. 가연성 연료가 가득 찬 드럼통에 총알을 쏘고...<0A><00>",64,not_generated,
codec,261,옆,64,1,codec:261:906,Drums lying on their side can be sent rolling.<0A>Time it right and you might be able to use it<0A>to bowl over multiple enemies at once.<0A><END>,드럼을 옆으로 눕혀서 굴릴 수 있다. 시간을 잘 맞추면 이를 사용하여 한 번에 여러 적을 제압할 수 있다.<0A><00>,64,not_generated,
codec,261,용,64,3,codec:261:906|codec:261:907|codec:261:900,"Drums lying on their side can be sent rolling.<0A>Time it right and you might be able to use it<0A>to bowl over multiple enemies at once.<0A><END> || Give it a try. Stand near a drum and press<0A>the Action Button.<0A><END> || Snake, those drums are filled with fuel.<0A>That'll prove to be useful.<0A><END>","드럼을 옆으로 눕혀서 굴릴 수 있다. 시간을 잘 맞추면 이를 사용하여 한 번에 여러 적을 제압할 수 있다.<0A><00> || 한번 사용해 보세요. 드럼 근처에 서서 액션 버튼을 누르세요.<0A><00> || Snake, 그 드럼에는 연료가 채워져 있다. 그것은 유용할 거다.<0A><00>",64,not_generated,
codec,261,워,64,1,codec:261:900,"Snake, those drums are filled with fuel.<0A>That'll prove to be useful.<0A><END>","Snake, 그 드럼에는 연료가 채워져 있다. 그것은 유용할 거다.<0A><00>",64,not_generated,
codec,261,져,64,1,codec:261:900,"Snake, those drums are filled with fuel.<0A>That'll prove to be useful.<0A><END>","Snake, 그 드럼에는 연료가 채워져 있다. 그것은 유용할 거다.<0A><00>",64,not_generated,
codec,261,찬,64,2,codec:261:904|codec:261:902,"If you blow up those drums full of fuel, the<0A>explosion should take care of any enemies<0A>in a fairly wide radius.<0A><END> || Think about it. Shoot a bullet at a drum full<0A>of flammable fuel and...<0A><END>",연료가 가득 찬 드럼통을 폭파시키면 폭발로 인해 상당히 넓은 반경에 있는 모든 적을 처리할 수 있다.<0A><00> || 생각해 보세요. 가연성 연료가 가득 찬 드럼통에 총알을 쏘고...<0A><00>,64,not_generated,
codec,261,채,64,1,codec:261:900,"Snake, those drums are filled with fuel.<0A>That'll prove to be useful.<0A><END>","Snake, 그 드럼에는 연료가 채워져 있다. 그것은 유용할 거다.<0A><00>",64,not_generated,
codec,261,처,64,2,codec:261:907|codec:261:904,"Give it a try. Stand near a drum and press<0A>the Action Button.<0A><END> || If you blow up those drums full of fuel, the<0A>explosion should take care of any enemies<0A>in a fairly wide radius.<0A><END>",한번 사용해 보세요. 드럼 근처에 서서 액션 버튼을 누르세요.<0A><00> || 연료가 가득 찬 드럼통을 폭파시키면 폭발로 인해 상당히 넓은 반경에 있는 모든 적을 처리할 수 있다.<0A><00>,64,not_generated,
codec,261,총,64,1,codec:261:902,Think about it. Shoot a bullet at a drum full<0A>of flammable fuel and...<0A><END>,생각해 보세요. 가연성 연료가 가득 찬 드럼통에 총알을 쏘고...<0A><00>,64,not_generated,
codec,261,추,64,1,codec:261:906,Drums lying on their side can be sent rolling.<0A>Time it right and you might be able to use it<0A>to bowl over multiple enemies at once.<0A><END>,드럼을 옆으로 눕혀서 굴릴 수 있다. 시간을 잘 맞추면 이를 사용하여 한 번에 여러 적을 제압할 수 있다.<0A><00>,64,not_generated,
codec,261,통,64,2,codec:261:904|codec:261:902,"If you blow up those drums full of fuel, the<0A>explosion should take care of any enemies<0A>in a fairly wide radius.<0A><END> || Think about it. Shoot a bullet at a drum full<0A>of flammable fuel and...<0A><END>",연료가 가득 찬 드럼통을 폭파시키면 폭발로 인해 상당히 넓은 반경에 있는 모든 적을 처리할 수 있다.<0A><00> || 생각해 보세요. 가연성 연료가 가득 찬 드럼통에 총알을 쏘고...<0A><00>,64,not_generated,
codec,261,튼,64,1,codec:261:907,Give it a try. Stand near a drum and press<0A>the Action Button.<0A><END>,한번 사용해 보세요. 드럼 근처에 서서 액션 버튼을 누르세요.<0A><00>,64,not_generated,
codec,261,파,64,1,codec:261:904,"If you blow up those drums full of fuel, the<0A>explosion should take care of any enemies<0A>in a fairly wide radius.<0A><END>",연료가 가득 찬 드럼통을 폭파시키면 폭발로 인해 상당히 넓은 반경에 있는 모든 적을 처리할 수 있다.<0A><00>,64,not_generated,
codec,261,폭,64,2,codec:261:904|codec:261:905,"If you blow up those drums full of fuel, the<0A>explosion should take care of any enemies<0A>in a fairly wide radius.<0A><END> || Just make sure you don't get caught up in<0A>the blast yourself.<0A><END>",연료가 가득 찬 드럼통을 폭파시키면 폭발로 인해 상당히 넓은 반경에 있는 모든 적을 처리할 수 있다.<0A><00> || 그냥 폭발에 휘말리지 않도록 해.<0A><00>,64,not_generated,
codec,261,혀,64,1,codec:261:906,Drums lying on their side can be sent rolling.<0A>Time it right and you might be able to use it<0A>to bowl over multiple enemies at once.<0A><END>,드럼을 옆으로 눕혀서 굴릴 수 있다. 시간을 잘 맞추면 이를 사용하여 한 번에 여러 적을 제압할 수 있다.<0A><00>,64,not_generated,
codec,261,휘,64,1,codec:261:905,Just make sure you don't get caught up in<0A>the blast yourself.<0A><END>,그냥 폭발에 휘말리지 않도록 해.<0A><00>,64,not_generated,
codec,270,걸,64,1,codec:270:734,Spies throughout the ages have used lockers<0A>to help them accomplish their missions.<0A><END>,스파이들은 여러 시대에 걸쳐 MISSION를 완수하기 위해 사물함을 사용해 왔습니다.<0A><00>,64,not_generated,
codec,270,높,64,1,codec:270:733,Lockers are a highly prized commodity<0A>among intelligence agents.<0A><END>,사물함은 정보요원들 사이에서 매우 높이 평가되는 상품입니다.<0A><00>,64,not_generated,
codec,270,누,64,1,codec:270:741,"To come out of the locker, just press<0A>the Action Button again.<0A><END>",사물함에서 나오려면 액션 버튼을 다시 누르세요.<0A><00>,64,not_generated,
codec,270,눌,64,1,codec:270:739,"To hide inside a locker, first open the locker<0A>by standing in front of it and pressing the<0A>Action Button.<0A><END>",사물함 안에 숨으려면 먼저 사물함 앞에 서서 작업 버튼을 눌러 사물함을 엽니다.<0A><00>,64,not_generated,
codec,270,동,64,1,codec:270:738,Use them wisely and they'll prove valuable<0A>during the mission.<0A><END>,현명하게 사용하면 MISSION 동안 가치 있는 것으로 입증될 거다.<0A><00>,64,not_generated,
codec,270,됩,64,1,codec:270:742,"To hide an enemy's body in a locker,<0A>simply drag the body in front of an open<0A>locker.<0A><END>",적의 시체를 사물함에 숨기려면 열려 있는 사물함 앞으로 시체를 드래그하면 됩니다.<0A><00>,64,not_generated,
codec,270,론,64,1,codec:270:736,Of course I am.<0A><END>,물론이지.<0A><00>,64,not_generated,
codec,270,른,64,1,codec:270:745,"You can't use that locker. If you need to<0A>use a locker, look for another one.<0A><END>",그 사물함은 못 써.<0A>다른 사물함을 찾아.<0A><00>,64,not_generated,
codec,270,매,64,1,codec:270:733,Lockers are a highly prized commodity<0A>among intelligence agents.<0A><END>,사물함은 정보요원들 사이에서 매우 높이 평가되는 상품입니다.<0A><00>,64,not_generated,
codec,270,먼,64,1,codec:270:739,"To hide inside a locker, first open the locker<0A>by standing in front of it and pressing the<0A>Action Button.<0A><END>",사물함 안에 숨으려면 먼저 사물함 앞에 서서 작업 버튼을 눌러 사물함을 엽니다.<0A><00>,64,not_generated,
codec,270,목,64,1,codec:270:737,"You can use lockers for any number of<0A>purposes - hiding yourself, hiding the bodies<0A>of enemy soldiers, using the door as a shield.<0A><END>","사물함을 다양한 목적으로 사용할 수 있다. 자신을 숨기고, 적군의 시체를 숨기고, 문을 방패로 사용합니다.<0A><00>",64,not_generated,
codec,270,술,64,1,codec:270:743,"You can also break the doors of lockers.<0A>If the door of a locker won't open and you're<0A>determined to get inside, try breaking into it.<0A><END>",사물함 문도 부술 수 있어.<0A>안 열리면 부수고 들어가 봐.<0A><00>,64,not_generated,
codec,270,숨,64,4,codec:270:740|codec:270:742|codec:270:739|codec:270:737,"Once the door is open, you can enter<0A>the locker to hide inside it.<0A><END> || To hide an enemy's body in a locker,<0A>simply drag the body in front of an open<0A>locker.<0A><END> || To hide inside a locker, first open the locker<0A>by standing in front of it and pressing the<0A>Action Button.<0A><END> || You can use lockers for any number of<0A>purposes - hiding yourself, hiding the bodies<0A>of enemy soldiers, using the door as a shield.<0A><END>","문이 열리면 사물함에 들어가서 그 안에 숨을 수 있습니다.<0A><00> || 적의 시체를 사물함에 숨기려면 열려 있는 사물함 앞으로 시체를 드래그하면 됩니다.<0A><00> || 사물함 안에 숨으려면 먼저 사물함 앞에 서서 작업 버튼을 눌러 사물함을 엽니다.<0A><00> || 사물함을 다양한 목적으로 사용할 수 있다. 자신을 숨기고, 적군의 시체를 숨기고, 문을 방패로 사용합니다.<0A><00>",64,not_generated,
codec,270,신,64,1,codec:270:737,"You can use lockers for any number of<0A>purposes - hiding yourself, hiding the bodies<0A>of enemy soldiers, using the door as a shield.<0A><END>","사물함을 다양한 목적으로 사용할 수 있다. 자신을 숨기고, 적군의 시체를 숨기고, 문을 방패로 사용합니다.<0A><00>",64,not_generated,
codec,270,실,64,1,codec:270:735,Are you sure about that?<0A><END>,확실합니까?<0A><00>,64,not_generated,
codec,270,써,64,1,codec:270:745,"You can't use that locker. If you need to<0A>use a locker, look for another one.<0A><END>",그 사물함은 못 써.<0A>다른 사물함을 찾아.<0A><00>,64,not_generated,
codec,270,앞,64,2,codec:270:742|codec:270:739,"To hide an enemy's body in a locker,<0A>simply drag the body in front of an open<0A>locker.<0A><END> || To hide inside a locker, first open the locker<0A>by standing in front of it and pressing the<0A>Action Button.<0A><END>",적의 시체를 사물함에 숨기려면 열려 있는 사물함 앞으로 시체를 드래그하면 됩니다.<0A><00> || 사물함 안에 숨으려면 먼저 사물함 앞에 서서 작업 버튼을 눌러 사물함을 엽니다.<0A><00>,64,not_generated,
codec,270,액,64,1,codec:270:741,"To come out of the locker, just press<0A>the Action Button again.<0A><END>",사물함에서 나오려면 액션 버튼을 다시 누르세요.<0A><00>,64,not_generated,
codec,270,양,64,1,codec:270:737,"You can use lockers for any number of<0A>purposes - hiding yourself, hiding the bodies<0A>of enemy soldiers, using the door as a shield.<0A><END>","사물함을 다양한 목적으로 사용할 수 있다. 자신을 숨기고, 적군의 시체를 숨기고, 문을 방패로 사용합니다.<0A><00>",64,not_generated,
codec,270,업,64,1,codec:270:739,"To hide inside a locker, first open the locker<0A>by standing in front of it and pressing the<0A>Action Button.<0A><END>",사물함 안에 숨으려면 먼저 사물함 앞에 서서 작업 버튼을 눌러 사물함을 엽니다.<0A><00>,64,not_generated,
codec,270,열,64,3,codec:270:740|codec:270:742|codec:270:743,"Once the door is open, you can enter<0A>the locker to hide inside it.<0A><END> || To hide an enemy's body in a locker,<0A>simply drag the body in front of an open<0A>locker.<0A><END> || You can also break the doors of lockers.<0A>If the door of a locker won't open and you're<0A>determined to get inside, try breaking into it.<0A><END>",문이 열리면 사물함에 들어가서 그 안에 숨을 수 있습니다.<0A><00> || 적의 시체를 사물함에 숨기려면 열려 있는 사물함 앞으로 시체를 드래그하면 됩니다.<0A><00> || 사물함 문도 부술 수 있어.<0A>안 열리면 부수고 들어가 봐.<0A><00>,64,not_generated,
codec,270,엽,64,1,codec:270:739,"To hide inside a locker, first open the locker<0A>by standing in front of it and pressing the<0A>Action Button.<0A><END>",사물함 안에 숨으려면 먼저 사물함 앞에 서서 작업 버튼을 눌러 사물함을 엽니다.<0A><00>,64,not_generated,
codec,270,오,64,1,codec:270:741,"To come out of the locker, just press<0A>the Action Button again.<0A><END>",사물함에서 나오려면 액션 버튼을 다시 누르세요.<0A><00>,64,not_generated,
codec,270,완,64,1,codec:270:734,Spies throughout the ages have used lockers<0A>to help them accomplish their missions.<0A><END>,스파이들은 여러 시대에 걸쳐 MISSION를 완수하기 위해 사물함을 사용해 왔습니다.<0A><00>,64,not_generated,
codec,270,용,64,3,codec:270:734|codec:270:738|codec:270:737,"Spies throughout the ages have used lockers<0A>to help them accomplish their missions.<0A><END> || Use them wisely and they'll prove valuable<0A>during the mission.<0A><END> || You can use lockers for any number of<0A>purposes - hiding yourself, hiding the bodies<0A>of enemy soldiers, using the door as a shield.<0A><END>","스파이들은 여러 시대에 걸쳐 MISSION를 완수하기 위해 사물함을 사용해 왔습니다.<0A><00> || 현명하게 사용하면 MISSION 동안 가치 있는 것으로 입증될 거다.<0A><00> || 사물함을 다양한 목적으로 사용할 수 있다. 자신을 숨기고, 적군의 시체를 숨기고, 문을 방패로 사용합니다.<0A><00>",64,not_generated,
codec,270,작,64,1,codec:270:739,"To hide inside a locker, first open the locker<0A>by standing in front of it and pressing the<0A>Action Button.<0A><END>",사물함 안에 숨으려면 먼저 사물함 앞에 서서 작업 버튼을 눌러 사물함을 엽니다.<0A><00>,64,not_generated,
codec,270,증,64,1,codec:270:738,Use them wisely and they'll prove valuable<0A>during the mission.<0A><END>,현명하게 사용하면 MISSION 동안 가치 있는 것으로 입증될 거다.<0A><00>,64,not_generated,
codec,270,찾,64,2,codec:270:732|codec:270:745,"Ah, you've found some lockers.<0A><END> || You can't use that locker. If you need to<0A>use a locker, look for another one.<0A><END>",LOCKER를 찾았군.<0A><00> || 그 사물함은 못 써.<0A>다른 사물함을 찾아.<0A><00>,64,not_generated,
codec,270,체,64,2,codec:270:742|codec:270:737,"To hide an enemy's body in a locker,<0A>simply drag the body in front of an open<0A>locker.<0A><END> || You can use lockers for any number of<0A>purposes - hiding yourself, hiding the bodies<0A>of enemy soldiers, using the door as a shield.<0A><END>","적의 시체를 사물함에 숨기려면 열려 있는 사물함 앞으로 시체를 드래그하면 됩니다.<0A><00> || 사물함을 다양한 목적으로 사용할 수 있다. 자신을 숨기고, 적군의 시체를 숨기고, 문을 방패로 사용합니다.<0A><00>",64,not_generated,
codec,270,쳐,64,1,codec:270:734,Spies throughout the ages have used lockers<0A>to help them accomplish their missions.<0A><END>,스파이들은 여러 시대에 걸쳐 MISSION를 완수하기 위해 사물함을 사용해 왔습니다.<0A><00>,64,not_generated,
codec,270,치,64,1,codec:270:738,Use them wisely and they'll prove valuable<0A>during the mission.<0A><END>,현명하게 사용하면 MISSION 동안 가치 있는 것으로 입증될 거다.<0A><00>,64,not_generated,
codec,270,튼,64,2,codec:270:741|codec:270:739,"To come out of the locker, just press<0A>the Action Button again.<0A><END> || To hide inside a locker, first open the locker<0A>by standing in front of it and pressing the<0A>Action Button.<0A><END>",사물함에서 나오려면 액션 버튼을 다시 누르세요.<0A><00> || 사물함 안에 숨으려면 먼저 사물함 앞에 서서 작업 버튼을 눌러 사물함을 엽니다.<0A><00>,64,not_generated,
codec,270,파,64,1,codec:270:734,Spies throughout the ages have used lockers<0A>to help them accomplish their missions.<0A><END>,스파이들은 여러 시대에 걸쳐 MISSION를 완수하기 위해 사물함을 사용해 왔습니다.<0A><00>,64,not_generated,
codec,270,패,64,1,codec:270:737,"You can use lockers for any number of<0A>purposes - hiding yourself, hiding the bodies<0A>of enemy soldiers, using the door as a shield.<0A><END>","사물함을 다양한 목적으로 사용할 수 있다. 자신을 숨기고, 적군의 시체를 숨기고, 문을 방패로 사용합니다.<0A><00>",64,not_generated,
codec,270,평,64,1,codec:270:733,Lockers are a highly prized commodity<0A>among intelligence agents.<0A><END>,사물함은 정보요원들 사이에서 매우 높이 평가되는 상품입니다.<0A><00>,64,not_generated,
codec,270,품,64,1,codec:270:733,Lockers are a highly prized commodity<0A>among intelligence agents.<0A><END>,사물함은 정보요원들 사이에서 매우 높이 평가되는 상품입니다.<0A><00>,64,not_generated,
codec,270,합,64,2,codec:270:735|codec:270:737,"Are you sure about that?<0A><END> || You can use lockers for any number of<0A>purposes - hiding yourself, hiding the bodies<0A>of enemy soldiers, using the door as a shield.<0A><END>","확실합니까?<0A><00> || 사물함을 다양한 목적으로 사용할 수 있다. 자신을 숨기고, 적군의 시체를 숨기고, 문을 방패로 사용합니다.<0A><00>",64,not_generated,
codec,270,현,64,1,codec:270:738,Use them wisely and they'll prove valuable<0A>during the mission.<0A><END>,현명하게 사용하면 MISSION 동안 가치 있는 것으로 입증될 거다.<0A><00>,64,not_generated,
codec,270,확,64,1,codec:270:735,Are you sure about that?<0A><END>,확실합니까?<0A><00>,64,not_generated,
codec,274,맘,64,1,codec:274:20,Fine! Wear whatever you want!<0A><END>,좋아! 맘대로 입어!<0A><00>,64,not_generated,
codec,274,엇,64,1,codec:274:9,Of all the...<0A><END>,무엇보다도...<0A><00>,64,not_generated,
codec,275,격,64,1,codec:275:12,"Nowadays, with the Cold War raging,<0A><END>","냉전이 격화되는 요즘,<0A><00>",64,not_generated,
codec,275,국,64,1,codec:275:15,"I never saw it used in Korea, though.<0A><END>",한국에서는 사용되는 것을 본 적이 없다.<0A><00>,64,not_generated,
codec,275,냉,64,1,codec:275:12,"Nowadays, with the Cold War raging,<0A><END>","냉전이 격화되는 요즘,<0A><00>",64,not_generated,
codec,275,병,64,1,codec:275:9,But it was almost never used to disguise<0A>individual soldiers...<0A><END>,병사 개인을 CAMO하는 데에는 거의 사용되지 않았는데요...<0A><00>,64,not_generated,
codec,275,용,64,2,codec:275:9|codec:275:15,"But it was almost never used to disguise<0A>individual soldiers...<0A><END> || I never saw it used in Korea, though.<0A><END>",병사 개인을 CAMO하는 데에는 거의 사용되지 않았는데요...<0A><00> || 한국에서는 사용되는 것을 본 적이 없다.<0A><00>,64,not_generated,
codec,275,전,64,2,codec:275:7|codec:275:12,"Camouflage, in the modern sense of<0A>the word, wasn't introduced until the<0A>First World War.<0A><END> || Nowadays, with the Cold War raging,<0A><END>","현대적인 의미에서 CAMO은 제1차 세계 대전 이전에 도입되지 않았습니다.<0A><00> || 냉전이 격화되는 요즘,<0A><00>",64,not_generated,
codec,275,즘,64,1,codec:275:12,"Nowadays, with the Cold War raging,<0A><END>","냉전이 격화되는 요즘,<0A><00>",64,not_generated,
codec,275,차,64,1,codec:275:7,"Camouflage, in the modern sense of<0A>the word, wasn't introduced until the<0A>First World War.<0A><END>",현대적인 의미에서 CAMO은 제1차 세계 대전 이전에 도입되지 않았습니다.<0A><00>,64,not_generated,
codec,275,현,64,1,codec:275:7,"Camouflage, in the modern sense of<0A>the word, wasn't introduced until the<0A>First World War.<0A><END>",현대적인 의미에서 CAMO은 제1차 세계 대전 이전에 도입되지 않았습니다.<0A><00>,64,not_generated,
codec,275,화,64,1,codec:275:12,"Nowadays, with the Cold War raging,<0A><END>","냉전이 격화되는 요즘,<0A><00>",64,not_generated,
codec,276,괴,64,1,codec:276:4,"Concealing and disruptive, right?<0A><END>",은폐하고 파괴적이죠?<0A><00>,64,not_generated,
codec,276,죠,64,1,codec:276:4,"Concealing and disruptive, right?<0A><END>",은폐하고 파괴적이죠?<0A><00>,64,not_generated,
codec,276,파,64,1,codec:276:4,"Concealing and disruptive, right?<0A><END>",은폐하고 파괴적이죠?<0A><00>,64,not_generated,
codec,276,폐,64,1,codec:276:4,"Concealing and disruptive, right?<0A><END>",은폐하고 파괴적이죠?<0A><00>,64,not_generated,
codec,291,느,64,1,codec:291:4,"Naturally, this means that close-quarters<0A>combat will be more important than ever.<0A><END>",당연히 CQC가 그 어느 때보다<0A>중요하다.<0A><00>,64,not_generated,
codec,291,당,64,1,codec:291:4,"Naturally, this means that close-quarters<0A>combat will be more important than ever.<0A><END>",당연히 CQC가 그 어느 때보다<0A>중요하다.<0A><00>,64,not_generated,
codec,291,연,64,1,codec:291:4,"Naturally, this means that close-quarters<0A>combat will be more important than ever.<0A><END>",당연히 CQC가 그 어느 때보다<0A>중요하다.<0A><00>,64,not_generated,
codec,291,중,64,1,codec:291:4,"Naturally, this means that close-quarters<0A>combat will be more important than ever.<0A><END>",당연히 CQC가 그 어느 때보다<0A>중요하다.<0A><00>,64,not_generated,
codec,292,격,64,1,codec:292:5,But striking your opponent is just one<0A>aspect of CQC.<0A><END>,타격은 CQC의 한 부분일 뿐이야.<0A><00>,64,not_generated,
codec,292,뿐,64,1,codec:292:5,But striking your opponent is just one<0A>aspect of CQC.<0A><END>,타격은 CQC의 한 부분일 뿐이야.<0A><00>,64,not_generated,
codec,292,타,64,1,codec:292:5,But striking your opponent is just one<0A>aspect of CQC.<0A><END>,타격은 CQC의 한 부분일 뿐이야.<0A><00>,64,not_generated,
codec,293,놀,64,1,codec:293:14,You'll be surprised at how much you can<0A>learn this way.<0A><END>,이렇게 배우는 게 많아서 놀랄 거야.<0A><00>,64,not_generated,
codec,293,랄,64,1,codec:293:14,You'll be surprised at how much you can<0A>learn this way.<0A><END>,이렇게 배우는 게 많아서 놀랄 거야.<0A><00>,64,not_generated,
codec,293,론,64,1,codec:293:8,"You can use this to knock him out,<0A>or even kill him if you do it long enough.<0A><END>",계속 쓰면 기절은 물론<0A>죽일 수도 있어.<0A><00>,64,not_generated,
codec,293,많,64,1,codec:293:14,You'll be surprised at how much you can<0A>learn this way.<0A><END>,이렇게 배우는 게 많아서 놀랄 거야.<0A><00>,64,not_generated,
codec,293,몇,64,1,codec:293:4,"From this point, there are several things<0A>you can do.<0A><END>",이 시점에서 수행할 수 있는 작업이 몇 가지 있다.<0A><00>,64,not_generated,
codec,293,배,64,1,codec:293:14,You'll be surprised at how much you can<0A>learn this way.<0A><END>,이렇게 배우는 게 많아서 놀랄 거야.<0A><00>,64,not_generated,
codec,293,속,64,1,codec:293:8,"You can use this to knock him out,<0A>or even kill him if you do it long enough.<0A><END>",계속 쓰면 기절은 물론<0A>죽일 수도 있어.<0A><00>,64,not_generated,
codec,293,쓰,64,1,codec:293:8,"You can use this to knock him out,<0A>or even kill him if you do it long enough.<0A><END>",계속 쓰면 기절은 물론<0A>죽일 수도 있어.<0A><00>,64,not_generated,
codec,293,업,64,1,codec:293:4,"From this point, there are several things<0A>you can do.<0A><END>",이 시점에서 수행할 수 있는 작업이 몇 가지 있다.<0A><00>,64,not_generated,
codec,293,작,64,1,codec:293:4,"From this point, there are several things<0A>you can do.<0A><END>",이 시점에서 수행할 수 있는 작업이 몇 가지 있다.<0A><00>,64,not_generated,
codec,296,당,64,1,codec:296:14,"Except you, right?<0A><END>",당신만 빼고요?<0A><00>,64,not_generated,
codec,296,몸,64,1,codec:296:8,"Mind, body and technique.<0A><END>","마음, 몸, 기술.<0A><00>",64,not_generated,
codec,296,빼,64,1,codec:296:14,"Except you, right?<0A><END>",당신만 빼고요?<0A><00>,64,not_generated,
codec,296,술,64,1,codec:296:8,"Mind, body and technique.<0A><END>","마음, 몸, 기술.<0A><00>",64,not_generated,
codec,296,신,64,1,codec:296:14,"Except you, right?<0A><END>",당신만 빼고요?<0A><00>,64,not_generated,
codec,297,된,64,1,codec:297:12,but for this mission you'll be using<0A>specifically designed tranquilizer rounds.<0A><END>,이번 임무에선 전용 마취탄을 쓰게 된다.,64,not_generated,
codec,297,밀,64,1,codec:297:16,which pushes the plunger and injects<0A>the tranquilizer into the target.<0A><END>,피스톤을 밀어 대상에게 마취제를 주입한다.<0A><00>,64,not_generated,
codec,297,발,64,1,codec:297:9,But I'll have to reload it by hand<0A>every time I fire. Right?<0A><END>,하지만 한 발마다 손으로 재장전해야 하지?<0A><00>,64,not_generated,
codec,297,선,64,1,codec:297:12,but for this mission you'll be using<0A>specifically designed tranquilizer rounds.<0A><END>,이번 임무에선 전용 마취탄을 쓰게 된다.,64,not_generated,
codec,297,손,64,1,codec:297:9,But I'll have to reload it by hand<0A>every time I fire. Right?<0A><END>,하지만 한 발마다 손으로 재장전해야 하지?<0A><00>,64,not_generated,
codec,297,쓰,64,1,codec:297:12,but for this mission you'll be using<0A>specifically designed tranquilizer rounds.<0A><END>,이번 임무에선 전용 마취탄을 쓰게 된다.,64,not_generated,
codec,297,용,64,1,codec:297:12,but for this mission you'll be using<0A>specifically designed tranquilizer rounds.<0A><END>,이번 임무에선 전용 마취탄을 쓰게 된다.,64,not_generated,
codec,297,장,64,1,codec:297:9,But I'll have to reload it by hand<0A>every time I fire. Right?<0A><END>,하지만 한 발마다 손으로 재장전해야 하지?<0A><00>,64,not_generated,
codec,297,재,64,1,codec:297:9,But I'll have to reload it by hand<0A>every time I fire. Right?<0A><END>,하지만 한 발마다 손으로 재장전해야 하지?<0A><00>,64,not_generated,
codec,297,전,64,2,codec:297:12|codec:297:9,but for this mission you'll be using<0A>specifically designed tranquilizer rounds.<0A><END> || But I'll have to reload it by hand<0A>every time I fire. Right?<0A><END>,이번 임무에선 전용 마취탄을 쓰게 된다. || 하지만 한 발마다 손으로 재장전해야 하지?<0A><00>,64,not_generated,
codec,297,주,64,1,codec:297:16,which pushes the plunger and injects<0A>the tranquilizer into the target.<0A><END>,피스톤을 밀어 대상에게 마취제를 주입한다.<0A><00>,64,not_generated,
codec,297,총,64,1,codec:297:4,that's been modified by the CIA into<0A>a tranquilizer gun.<0A><END>,CIA가 마취총으로 개조한 것이다.<0A><00>,64,not_generated,
codec,297,취,64,3,codec:297:12|codec:297:4|codec:297:16,but for this mission you'll be using<0A>specifically designed tranquilizer rounds.<0A><END> || that's been modified by the CIA into<0A>a tranquilizer gun.<0A><END> || which pushes the plunger and injects<0A>the tranquilizer into the target.<0A><END>,이번 임무에선 전용 마취탄을 쓰게 된다. || CIA가 마취총으로 개조한 것이다.<0A><00> || 피스톤을 밀어 대상에게 마취제를 주입한다.<0A><00>,64,not_generated,
codec,297,탄,64,1,codec:297:12,but for this mission you'll be using<0A>specifically designed tranquilizer rounds.<0A><END>,이번 임무에선 전용 마취탄을 쓰게 된다.,64,not_generated,
codec,297,톤,64,1,codec:297:16,which pushes the plunger and injects<0A>the tranquilizer into the target.<0A><END>,피스톤을 밀어 대상에게 마취제를 주입한다.<0A><00>,64,not_generated,
codec,297,피,64,1,codec:297:16,which pushes the plunger and injects<0A>the tranquilizer into the target.<0A><END>,피스톤을 밀어 대상에게 마취제를 주입한다.<0A><00>,64,not_generated,
codec,298,쓰,64,1,codec:298:3,I see you're using the .45.<0A><END>,.45를 쓰고 있군.<0A><00>,64,not_generated,
codec,300,쉽,64,1,codec:300:12,Making it easier to carry around with you.<0A><END>,휴대하기 쉽게 만드는 것.<0A><00>,64,not_generated,
codec,300,휴,64,1,codec:300:12,Making it easier to carry around with you.<0A><END>,휴대하기 쉽게 만드는 것.<0A><00>,64,not_generated,
codec,301,견,64,1,codec:301:3,I see you've found yourself an RGD-5.<0A><END>,RGD-5를 발견하신 것 같군요.<0A><00>,64,not_generated,
codec,301,발,64,1,codec:301:3,I see you've found yourself an RGD-5.<0A><END>,RGD-5를 발견하신 것 같군요.<0A><00>,64,not_generated,
codec,301,신,64,1,codec:301:3,I see you've found yourself an RGD-5.<0A><END>,RGD-5를 발견하신 것 같군요.<0A><00>,64,not_generated,
codec,302,갖,64,1,codec:302:3,"You got a magazine, huh.<0A><END>",잡지를 갖고 계시군요.<0A><00>,64,not_generated,
codec,303,경,64,1,codec:303:3,I see you're using binoculars.<0A><END>,쌍안경을 사용하고 계시군요.<0A><00>,64,not_generated,
codec,303,쌍,64,1,codec:303:3,I see you're using binoculars.<0A><END>,쌍안경을 사용하고 계시군요.<0A><00>,64,not_generated,
codec,303,용,64,1,codec:303:3,I see you're using binoculars.<0A><END>,쌍안경을 사용하고 계시군요.<0A><00>,64,not_generated,
codec,309,걱,64,1,codec:309:8,Don't worry. I remember the drill.<0A><END>,걱정 마. 훈련은 기억해.<0A><00>,64,not_generated,
codec,309,련,64,1,codec:309:8,Don't worry. I remember the drill.<0A><END>,걱정 마. 훈련은 기억해.<0A><00>,64,not_generated,
codec,309,억,64,1,codec:309:8,Don't worry. I remember the drill.<0A><END>,걱정 마. 훈련은 기억해.<0A><00>,64,not_generated,
codec,309,훈,64,1,codec:309:8,Don't worry. I remember the drill.<0A><END>,걱정 마. 훈련은 기억해.<0A><00>,64,not_generated,
codec,313,긴,64,3,codec:313:9|codec:313:20|codec:313:8,"I'm not nervous.<0A><END> || No estoy nervioso.<0A><END> || The truth is, you're nervous, aren't you?<0A><END>",긴장 안 했어.<0A><00> || 긴장 안 했어.<0A><00> || 사실 긴장했지?<0A><00>,64,not_generated,
codec,313,실,64,1,codec:313:8,"The truth is, you're nervous, aren't you?<0A><END>",사실 긴장했지?<0A><00>,64,not_generated,
codec,313,장,64,3,codec:313:9|codec:313:20|codec:313:8,"I'm not nervous.<0A><END> || No estoy nervioso.<0A><END> || The truth is, you're nervous, aren't you?<0A><END>",긴장 안 했어.<0A><00> || 긴장 안 했어.<0A><00> || 사실 긴장했지?<0A><00>,64,not_generated,
codec,313,했,64,3,codec:313:9|codec:313:20|codec:313:8,"I'm not nervous.<0A><END> || No estoy nervioso.<0A><END> || The truth is, you're nervous, aren't you?<0A><END>",긴장 안 했어.<0A><00> || 긴장 안 했어.<0A><00> || 사실 긴장했지?<0A><00>,64,not_generated,
codec,314,선,64,1,codec:314:4,"Use ""CAMOUFLAGE"" to change your<0A>camouflage, ""BACKPACK"" to select<0A>a weapon,<0A><END>","""CAMOUFLAGE""로 위장,<0A>""BACKPACK""으로 무기<0A>선택.<0A><00>",64,not_generated,
codec,314,장,64,1,codec:314:4,"Use ""CAMOUFLAGE"" to change your<0A>camouflage, ""BACKPACK"" to select<0A>a weapon,<0A><END>","""CAMOUFLAGE""로 위장,<0A>""BACKPACK""으로 무기<0A>선택.<0A><00>",64,not_generated,
codec,314,택,64,1,codec:314:4,"Use ""CAMOUFLAGE"" to change your<0A>camouflage, ""BACKPACK"" to select<0A>a weapon,<0A><END>","""CAMOUFLAGE""로 위장,<0A>""BACKPACK""으로 무기<0A>선택.<0A><00>",64,not_generated,
codec,317,전,64,2,codec:317:13|codec:317:10,Not a thing.<0A><END> || Not at all?<0A><END>,전혀 없어요.<0A><00> || 전혀 안 그래요?<0A><00>,64,not_generated,
codec,317,혀,64,2,codec:317:13|codec:317:10,Not a thing.<0A><END> || Not at all?<0A><END>,전혀 없어요.<0A><00> || 전혀 안 그래요?<0A><00>,64,not_generated,
codec,318,년,64,1,codec:318:8,Four years ago... the U2 crash.<0A><END>,4년 전... U2 충돌 사고.<0A><00>,64,not_generated,
codec,318,단,64,1,codec:318:3,"Tell me, what's the advantage of<0A>a solo sneaking mission?<0A><END>",단독 잠입 MISSION의 장점이 뭐지?<0A><00>,64,not_generated,
codec,318,독,64,1,codec:318:3,"Tell me, what's the advantage of<0A>a solo sneaking mission?<0A><END>",단독 잠입 MISSION의 장점이 뭐지?<0A><00>,64,not_generated,
codec,318,잠,64,1,codec:318:3,"Tell me, what's the advantage of<0A>a solo sneaking mission?<0A><END>",단독 잠입 MISSION의 장점이 뭐지?<0A><00>,64,not_generated,
codec,318,장,64,1,codec:318:3,"Tell me, what's the advantage of<0A>a solo sneaking mission?<0A><END>",단독 잠입 MISSION의 장점이 뭐지?<0A><00>,64,not_generated,
codec,318,전,64,1,codec:318:8,Four years ago... the U2 crash.<0A><END>,4년 전... U2 충돌 사고.<0A><00>,64,not_generated,
codec,318,충,64,1,codec:318:8,Four years ago... the U2 crash.<0A><END>,4년 전... U2 충돌 사고.<0A><00>,64,not_generated,
codec,319,관,64,1,codec:319:3,"When you see an enemy, the first thing<0A>to do is conceal yourself and watch what<0A>he's doing.<0A><END>",적을 보면 먼저<0A>몸을 숨기고 행동을<0A>관찰해라.<0A><00>,64,not_generated,
codec,319,동,64,1,codec:319:3,"When you see an enemy, the first thing<0A>to do is conceal yourself and watch what<0A>he's doing.<0A><END>",적을 보면 먼저<0A>몸을 숨기고 행동을<0A>관찰해라.<0A><00>,64,not_generated,
codec,319,먼,64,1,codec:319:3,"When you see an enemy, the first thing<0A>to do is conceal yourself and watch what<0A>he's doing.<0A><END>",적을 보면 먼저<0A>몸을 숨기고 행동을<0A>관찰해라.<0A><00>,64,not_generated,
codec,319,몸,64,1,codec:319:3,"When you see an enemy, the first thing<0A>to do is conceal yourself and watch what<0A>he's doing.<0A><END>",적을 보면 먼저<0A>몸을 숨기고 행동을<0A>관찰해라.<0A><00>,64,not_generated,
codec,319,숨,64,1,codec:319:3,"When you see an enemy, the first thing<0A>to do is conceal yourself and watch what<0A>he's doing.<0A><END>",적을 보면 먼저<0A>몸을 숨기고 행동을<0A>관찰해라.<0A><00>,64,not_generated,
codec,319,찰,64,1,codec:319:3,"When you see an enemy, the first thing<0A>to do is conceal yourself and watch what<0A>he's doing.<0A><END>",적을 보면 먼저<0A>몸을 숨기고 행동을<0A>관찰해라.<0A><00>,64,not_generated,
codec,324,비,64,1,codec:324:3,"You said the enemy is equipped with<0A>AK-47s, didn't you?<0A><END>",적이 AK-47을 장비하고 있다고 했죠?<0A><00>,64,not_generated,
codec,324,장,64,1,codec:324:3,"You said the enemy is equipped with<0A>AK-47s, didn't you?<0A><END>",적이 AK-47을 장비하고 있다고 했죠?<0A><00>,64,not_generated,
codec,324,죠,64,1,codec:324:3,"You said the enemy is equipped with<0A>AK-47s, didn't you?<0A><END>",적이 AK-47을 장비하고 있다고 했죠?<0A><00>,64,not_generated,
codec,324,했,64,1,codec:324:3,"You said the enemy is equipped with<0A>AK-47s, didn't you?<0A><END>",적이 AK-47을 장비하고 있다고 했죠?<0A><00>,64,not_generated,
codec,326,갖,64,1,codec:326:3,"You mentioned the enemy was also<0A>carrying grenades, correct?<0A><END>",적도 GRENADE를 갖고 있다고 했지?<0A><00>,64,not_generated,
codec,326,했,64,1,codec:326:3,"You mentioned the enemy was also<0A>carrying grenades, correct?<0A><END>",적도 GRENADE를 갖고 있다고 했지?<0A><00>,64,not_generated,
codec,328,곤,64,1,codec:328:6,"Hey, you used to smoke them.<0A><END>","야, 너 담배 피우곤 했잖아.<0A><00>",64,not_generated,
codec,328,너,64,1,codec:328:6,"Hey, you used to smoke them.<0A><END>","야, 너 담배 피우곤 했잖아.<0A><00>",64,not_generated,
codec,328,담,64,1,codec:328:6,"Hey, you used to smoke them.<0A><END>","야, 너 담배 피우곤 했잖아.<0A><00>",64,not_generated,
codec,328,배,64,1,codec:328:6,"Hey, you used to smoke them.<0A><END>","야, 너 담배 피우곤 했잖아.<0A><00>",64,not_generated,
codec,328,셨,64,1,codec:328:10,Did you say leeches?<0A><END>,거머리라고 하셨나요?<0A><00>,64,not_generated,
codec,328,잖,64,1,codec:328:6,"Hey, you used to smoke them.<0A><END>","야, 너 담배 피우곤 했잖아.<0A><00>",64,not_generated,
codec,328,피,64,2,codec:328:3|codec:328:6,"Are you smoking a cigar?<0A><END> || Hey, you used to smoke them.<0A><END>","CIGAR를 피우고 있습니까?<0A><00> || 야, 너 담배 피우곤 했잖아.<0A><00>",64,not_generated,
codec,328,했,64,1,codec:328:6,"Hey, you used to smoke them.<0A><END>","야, 너 담배 피우곤 했잖아.<0A><00>",64,not_generated,
codec,331,꼭,64,1,codec:331:4,The survival knife is a necessity in the field.<0A><END>,SURVIVAL KNIFE는 현장에서 꼭 필요한 제품입니다.<0A><00>,64,not_generated,
codec,331,비,64,1,codec:331:3,I see you've got the survival knife equipped.<0A><END>,SURVIVAL KNIFE를 장비했군.<0A><00>,64,not_generated,
codec,331,장,64,2,codec:331:3|codec:331:4,I see you've got the survival knife equipped.<0A><END> || The survival knife is a necessity in the field.<0A><END>,SURVIVAL KNIFE를 장비했군.<0A><00> || SURVIVAL KNIFE는 현장에서 꼭 필요한 제품입니다.<0A><00>,64,not_generated,
codec,331,품,64,1,codec:331:4,The survival knife is a necessity in the field.<0A><END>,SURVIVAL KNIFE는 현장에서 꼭 필요한 제품입니다.<0A><00>,64,not_generated,
codec,331,했,64,1,codec:331:3,I see you've got the survival knife equipped.<0A><END>,SURVIVAL KNIFE를 장비했군.<0A><00>,64,not_generated,
codec,331,현,64,1,codec:331:4,The survival knife is a necessity in the field.<0A><END>,SURVIVAL KNIFE는 현장에서 꼭 필요한 제품입니다.<0A><00>,64,not_generated,
codec,336,든,64,1,codec:336:3,The weapon you're equipped with now is<0A>called the XM16E1.<0A><END>,지금 든 무기는 XM16E1이야.<0A><00>,64,not_generated,
codec,336,발,64,1,codec:336:5,"If it's still in development, then what's it<0A>doing here?<0A><END>",아직 개발 중이라면 여기서는 무엇을 하고 있나?<0A><00>,64,not_generated,
codec,336,엇,64,1,codec:336:5,"If it's still in development, then what's it<0A>doing here?<0A><END>",아직 개발 중이라면 여기서는 무엇을 하고 있나?<0A><00>,64,not_generated,
codec,336,중,64,1,codec:336:5,"If it's still in development, then what's it<0A>doing here?<0A><END>",아직 개발 중이라면 여기서는 무엇을 하고 있나?<0A><00>,64,not_generated,
codec,336,직,64,1,codec:336:5,"If it's still in development, then what's it<0A>doing here?<0A><END>",아직 개발 중이라면 여기서는 무엇을 하고 있나?<0A><00>,64,not_generated,
codec,337,강,64,1,codec:337:9,It can be a powerful weapon if you know<0A>how to use it.<0A><END>,잘 쓰면 강력한 무기야.<0A><00>,64,not_generated,
codec,337,럼,64,1,codec:337:6,It looks kind of like an AK-47.<0A><END>,AK-47처럼 보여요.<0A><00>,64,not_generated,
codec,337,력,64,1,codec:337:9,It can be a powerful weapon if you know<0A>how to use it.<0A><END>,잘 쓰면 강력한 무기야.<0A><00>,64,not_generated,
codec,337,쓰,64,1,codec:337:9,It can be a powerful weapon if you know<0A>how to use it.<0A><END>,잘 쓰면 강력한 무기야.<0A><00>,64,not_generated,
codec,337,처,64,1,codec:337:6,It looks kind of like an AK-47.<0A><END>,AK-47처럼 보여요.<0A><00>,64,not_generated,
codec,338,격,64,1,codec:338:3,"When aiming a sniper rifle,<0A><END>","저격총을 조준할 때,<0A><00>",64,not_generated,
codec,338,준,64,1,codec:338:3,"When aiming a sniper rifle,<0A><END>","저격총을 조준할 때,<0A><00>",64,not_generated,
codec,338,총,64,1,codec:338:3,"When aiming a sniper rifle,<0A><END>","저격총을 조준할 때,<0A><00>",64,not_generated,
codec,339,얻,64,1,codec:339:3,"You've got a white phosphorus grenade,<0A>I see.<0A><END>",WHITE PHOSPHORUS GRENADE를 얻었군.<0A><00>,64,not_generated,
codec,343,든,64,1,codec:343:3,What is that you have in your hands?<0A><END>,손에 든 게 뭐야?<0A><00>,64,not_generated,
codec,343,손,64,1,codec:343:3,What is that you have in your hands?<0A><END>,손에 든 게 뭐야?<0A><00>,64,not_generated,
codec,344,향,64,1,codec:344:3,"Ah, you've got a directional microphone.<0A><END>","아, 방향성 마이크가 있군요.<0A><00>",64,not_generated,
codec,348,높,64,1,codec:348:5,"So if you need a high Camo Index, make<0A>sure you're wearing face paint. Got it?<0A><END>",Camo Index를 높이려면<0A>face paint를 해. 알겠지?<0A><00>,64,not_generated,
codec,353,걸,64,1,codec:353:6,you might be able to catch something<0A>with it.<0A><END>,그걸로 뭔가 잡을 수도 있어.<0A><00>,64,not_generated,
codec,353,동,64,1,codec:353:4,The mousetrap is designed to capture<0A>smaller animals.<0A><END>,MOUSETRAP은 작은 동물을 잡는 장치야.<0A><00>,64,not_generated,
codec,353,뭔,64,1,codec:353:6,you might be able to catch something<0A>with it.<0A><END>,그걸로 뭔가 잡을 수도 있어.<0A><00>,64,not_generated,
codec,353,작,64,1,codec:353:4,The mousetrap is designed to capture<0A>smaller animals.<0A><END>,MOUSETRAP은 작은 동물을 잡는 장치야.<0A><00>,64,not_generated,
codec,353,장,64,1,codec:353:4,The mousetrap is designed to capture<0A>smaller animals.<0A><END>,MOUSETRAP은 작은 동물을 잡는 장치야.<0A><00>,64,not_generated,
codec,353,치,64,1,codec:353:4,The mousetrap is designed to capture<0A>smaller animals.<0A><END>,MOUSETRAP은 작은 동물을 잡는 장치야.<0A><00>,64,not_generated,
codec,354,복,64,1,codec:354:3,You have some LIFE medicine on you.<0A><END>,LIFE 회복약이 있군.<0A><00>,64,not_generated,
codec,354,약,64,1,codec:354:3,You have some LIFE medicine on you.<0A><END>,LIFE 회복약이 있군.<0A><00>,64,not_generated,
codec,354,회,64,1,codec:354:3,You have some LIFE medicine on you.<0A><END>,LIFE 회복약이 있군.<0A><00>,64,not_generated,
codec,355,격,64,1,codec:355:1486,Appuie plusieurs fois pour r<G6A>aliser<0A>une attaque combin<G6A>e.<0A><END>,여러 번 누르면 콤보 공격이 수행됩니다.<0A><00>,64,not_generated,
codec,355,공,64,1,codec:355:1486,Appuie plusieurs fois pour r<G6A>aliser<0A>une attaque combin<G6A>e.<0A><END>,여러 번 누르면 콤보 공격이 수행됩니다.<0A><00>,64,not_generated,
codec,355,냥,64,1,codec:355:408,Just make sure you don't end up getting<0A>burned yourself.<0A><END>,그냥 자신이 다치지 않도록 해.<0A><00>,64,not_generated,
codec,355,누,64,1,codec:355:1486,Appuie plusieurs fois pour r<G6A>aliser<0A>une attaque combin<G6A>e.<0A><END>,여러 번 누르면 콤보 공격이 수행됩니다.<0A><00>,64,not_generated,
codec,355,답,64,1,codec:355:1122,SIN RESPUESTA<0A><END>,죄의 응답<0A><00>,64,not_generated,
codec,355,당,64,1,codec:355:445,"""MAP"" will serve you well.<0A><END>","""MAP""가 당신에게 도움이 될 거다.<0A><00>",64,not_generated,
codec,355,됩,64,1,codec:355:1486,Appuie plusieurs fois pour r<G6A>aliser<0A>une attaque combin<G6A>e.<0A><END>,여러 번 누르면 콤보 공격이 수행됩니다.<0A><00>,64,not_generated,
codec,355,신,64,2,codec:355:445|codec:355:408,"""MAP"" will serve you well.<0A><END> || Just make sure you don't end up getting<0A>burned yourself.<0A><END>","""MAP""가 당신에게 도움이 될 거다.<0A><00> || 그냥 자신이 다치지 않도록 해.<0A><00>",64,not_generated,
codec,355,써,64,1,codec:355:206,Use them wisely.<0A><END>,잘 써.<0A><00>,64,not_generated,
codec,355,억,64,1,codec:355:191,Remember that.<0A><END>,기억하세요.<0A><00>,64,not_generated,
codec,355,용,64,1,codec:355:1490,Je vois que tu utilises l'EZ Gun.<0A><END>,EZ Gun을 사용하고 계시군요.<0A><00>,64,not_generated,
codec,355,움,64,1,codec:355:445,"""MAP"" will serve you well.<0A><END>","""MAP""가 당신에게 도움이 될 거다.<0A><00>",64,not_generated,
codec,355,잊,64,2,codec:355:90|codec:355:133,Don't forget that.<0A><END> || Exactly. Don't forget it.<0A><END>,그것을 잊지 마세요.<0A><00> || 정확합니다. 잊지 마세요.<0A><00>,64,not_generated,
codec,355,죄,64,1,codec:355:1122,SIN RESPUESTA<0A><END>,죄의 응답<0A><00>,64,not_generated,
codec,355,치,64,1,codec:355:408,Just make sure you don't end up getting<0A>burned yourself.<0A><END>,그냥 자신이 다치지 않도록 해.<0A><00>,64,not_generated,
codec,355,콤,64,1,codec:355:1486,Appuie plusieurs fois pour r<G6A>aliser<0A>une attaque combin<G6A>e.<0A><END>,여러 번 누르면 콤보 공격이 수행됩니다.<0A><00>,64,not_generated,
codec,355,합,64,1,codec:355:133,Exactly. Don't forget it.<0A><END>,정확합니다. 잊지 마세요.<0A><00>,64,not_generated,
codec,355,확,64,1,codec:355:133,Exactly. Don't forget it.<0A><END>,정확합니다. 잊지 마세요.<0A><00>,64,not_generated,
codec,365,독,64,1,codec:365:11,"Although they're not poisonous, they're<0A>still very dangerous, so be careful around<0A>them.<0A><END>",독은 없지만 매우 위험하니 조심해.,64,not_generated,
codec,365,매,64,1,codec:365:11,"Although they're not poisonous, they're<0A>still very dangerous, so be careful around<0A>them.<0A><END>",독은 없지만 매우 위험하니 조심해.,64,not_generated,
codec,393,몰,64,1,codec:393:14,You don't know?<0A><END>,몰라?<0A><00>,64,not_generated,
codec,399,단,64,1,codec:399:11,"They've got an appetite, huh?<0A><END>",식욕이 대단하군.<0A><00>,64,not_generated,
codec,399,식,64,1,codec:399:11,"They've got an appetite, huh?<0A><END>",식욕이 대단하군.<0A><00>,64,not_generated,
codec,399,욕,64,1,codec:399:11,"They've got an appetite, huh?<0A><END>",식욕이 대단하군.<0A><00>,64,not_generated,
codec,402,럼,64,1,codec:402:13,Like what?<0A><END>,뭐처럼요?<0A><00>,64,not_generated,
codec,402,처,64,1,codec:402:13,Like what?<0A><END>,뭐처럼요?<0A><00>,64,not_generated,
codec,407,했,64,1,codec:407:23,Je disais <G68>a comme <G68>a...<0A><END>,그렇게 말했는데...<0A><00>,64,not_generated,
codec,414,싫,64,1,codec:414:14,Hell no.<0A><END>,절대 싫어.<0A><00>,64,not_generated,
codec,417,블,64,1,codec:417:10,Yablo... what now?<0A><END>,야블로... 이제 어쩌지?<0A><00>,64,not_generated,
codec,417,쩌,64,1,codec:417:10,Yablo... what now?<0A><END>,야블로... 이제 어쩌지?<0A><00>,64,not_generated,
codec,419,흠,64,1,codec:419:13,Huh... that's strange.<0A><END>,흠... 이상하군.<0A><00>,64,not_generated,
codec,427,골,64,2,codec:427:22|codec:427:10,<G40>Golova?<0A><END> || Golova?<0A><END>,골로바?<0A><00> || 골로바?<0A><00>,64,not_generated,
codec,438,럼,64,1,codec:438:12,"So you won't be able to see me naked,<0A>then.<0A><END>",그럼 내 알몸은 못 보겠군.<0A><00>,64,not_generated,
codec,438,몸,64,1,codec:438:12,"So you won't be able to see me naked,<0A>then.<0A><END>",그럼 내 알몸은 못 보겠군.<0A><00>,64,not_generated,
codec,440,담,64,1,codec:440:24,Cigarettes are bad for you.<0A><END>,담배는 몸에 해롭습니다.<0A><00>,64,not_generated,
codec,440,롭,64,2,codec:440:24|codec:440:28,Cigarettes are bad for you.<0A><END> || Smoking is bad for you.<0A><END>,담배는 몸에 해롭습니다.<0A><00> || 흡연은 몸에 해롭습니다.<0A><00>,64,not_generated,
codec,440,몸,64,2,codec:440:24|codec:440:28,Cigarettes are bad for you.<0A><END> || Smoking is bad for you.<0A><END>,담배는 몸에 해롭습니다.<0A><00> || 흡연은 몸에 해롭습니다.<0A><00>,64,not_generated,
codec,440,배,64,1,codec:440:24,Cigarettes are bad for you.<0A><END>,담배는 몸에 해롭습니다.<0A><00>,64,not_generated,
codec,440,연,64,1,codec:440:28,Smoking is bad for you.<0A><END>,흡연은 몸에 해롭습니다.<0A><00>,64,not_generated,
codec,440,흡,64,1,codec:440:28,Smoking is bad for you.<0A><END>,흡연은 몸에 해롭습니다.<0A><00>,64,not_generated,
codec,441,각,64,4,codec:441:72|codec:441:16|codec:441:44|codec:441:17,<G48>a me rappelle un truc.<0A><END> || It reminds me of something.<0A><END> || Me recuerda a algo.<0A><END> || Reminds you of something?<0A><END>,생각나는 게 있어.<0A><00> || 뭔가 생각나네요.<0A><00> || 뭔가 생각나.<0A><00> || 뭔가 생각나?<0A><00>,64,not_generated,
codec,441,과,64,1,codec:441:13,It's also got earphones and a boom mike...<0A><END>,EARPHONE과 BOOM MIC도 있어.<0A><00>,64,not_generated,
codec,441,뭔,64,3,codec:441:16|codec:441:44|codec:441:17,It reminds me of something.<0A><END> || Me recuerda a algo.<0A><END> || Reminds you of something?<0A><END>,뭔가 생각나네요.<0A><00> || 뭔가 생각나.<0A><00> || 뭔가 생각나?<0A><00>,64,not_generated,
codec,441,생,64,4,codec:441:72|codec:441:16|codec:441:44|codec:441:17,<G48>a me rappelle un truc.<0A><END> || It reminds me of something.<0A><END> || Me recuerda a algo.<0A><END> || Reminds you of something?<0A><END>,생각나는 게 있어.<0A><00> || 뭔가 생각나네요.<0A><00> || 뭔가 생각나.<0A><00> || 뭔가 생각나?<0A><00>,64,not_generated,
codec,441,플,64,2,codec:441:31|codec:441:29,...The Fly?<0A><END> || The Fly?<0A><END>,...플라이?<0A><00> || 플라이?<0A><00>,64,not_generated,
codec,444,걸,64,2,codec:444:484|codec:444:488,...Oh. OK. But what's this thing doing<0A>here?<0A><END> || Right... So what's this doing here...<0A><END>,...오. 좋아요. 그런데 이게 뭐하는 걸까요?<0A><00> || 그렇죠... 그럼 이게 여기서 뭐하는 걸까요...<0A><00>,64,not_generated,
codec,444,교,64,1,codec:444:495,Maybe you could use it as a diversion?<0A><END>,교란용으로 쓸 수 있지 않을까?<0A><00>,64,not_generated,
codec,444,긴,64,1,codec:444:496,"And I hear that if you find all of the Yoshis<0A>and shake them, something good will happen.<0A>Try it out.<0A><END>",요시들을 모두 찾아 흔들어주면 좋은 일이 생긴다고 합니다. 사용해 보세요.<0A><00>,64,not_generated,
codec,444,두,64,2,codec:444:496|codec:444:493,"And I hear that if you find all of the Yoshis<0A>and shake them, something good will happen.<0A>Try it out.<0A><END> || What did you have in mind?<0A><END>",요시들을 모두 찾아 흔들어주면 좋은 일이 생긴다고 합니다. 사용해 보세요.<0A><00> || 무엇을 염두에 두셨나요?<0A><00>,64,not_generated,
codec,444,란,64,1,codec:444:495,Maybe you could use it as a diversion?<0A><END>,교란용으로 쓸 수 있지 않을까?<0A><00>,64,not_generated,
codec,444,럼,64,1,codec:444:488,Right... So what's this doing here...<0A><END>,그렇죠... 그럼 이게 여기서 뭐하는 걸까요...<0A><00>,64,not_generated,
codec,444,련,64,1,codec:444:489,He must be getting popular in the Soviet<0A>Union.<0A><END>,소련에서 인기가 있나 봐.<0A><00>,64,not_generated,
codec,444,모,64,2,codec:444:496|codec:444:483,"And I hear that if you find all of the Yoshis<0A>and shake them, something good will happen.<0A>Try it out.<0A><END> || That's Yoshi. Don't tell me you've never<0A>heard of him.<0A><END>",요시들을 모두 찾아 흔들어주면 좋은 일이 생긴다고 합니다. 사용해 보세요.<0A><00> || Yoshi야. 설마 모르는 건 아니지?<0A><00>,64,not_generated,
codec,444,몰,64,1,codec:444:494,"Yoshi makes noise when you shake him.<0A>If the enemy hears that, they might come<0A>to check it out.<0A><END>",요시는 흔들면 소리를 내.<0A>적이 들으면 확인하러 올지도 몰라.<0A><00>,64,not_generated,
codec,444,반,64,1,codec:444:492,"On the other hand, you might be able to<0A>use Yoshi's power to help you in your<0A>mission.<0A><END>",반면에 요시의 힘을 사용하여 MISSION을 수행하는 데 도움을 줄 수도 있습니다.<0A><00>,64,not_generated,
codec,444,생,64,1,codec:444:496,"And I hear that if you find all of the Yoshis<0A>and shake them, something good will happen.<0A>Try it out.<0A><END>",요시들을 모두 찾아 흔들어주면 좋은 일이 생긴다고 합니다. 사용해 보세요.<0A><00>,64,not_generated,
codec,444,셨,64,1,codec:444:493,What did you have in mind?<0A><END>,무엇을 염두에 두셨나요?<0A><00>,64,not_generated,
codec,444,쓸,64,1,codec:444:495,Maybe you could use it as a diversion?<0A><END>,교란용으로 쓸 수 있지 않을까?<0A><00>,64,not_generated,
codec,444,앞,64,1,codec:444:481,Right in front of you.<0A><END>,바로 앞에요.<0A><00>,64,not_generated,
codec,444,엇,64,1,codec:444:493,What did you have in mind?<0A><END>,무엇을 염두에 두셨나요?<0A><00>,64,not_generated,
codec,444,염,64,1,codec:444:493,What did you have in mind?<0A><END>,무엇을 염두에 두셨나요?<0A><00>,64,not_generated,
codec,444,오,64,1,codec:444:484,...Oh. OK. But what's this thing doing<0A>here?<0A><END>,...오. 좋아요. 그런데 이게 뭐하는 걸까요?<0A><00>,64,not_generated,
codec,444,용,64,3,codec:444:496|codec:444:495|codec:444:492,"And I hear that if you find all of the Yoshis<0A>and shake them, something good will happen.<0A>Try it out.<0A><END> || Maybe you could use it as a diversion?<0A><END> || On the other hand, you might be able to<0A>use Yoshi's power to help you in your<0A>mission.<0A><END>",요시들을 모두 찾아 흔들어주면 좋은 일이 생긴다고 합니다. 사용해 보세요.<0A><00> || 교란용으로 쓸 수 있지 않을까?<0A><00> || 반면에 요시의 힘을 사용하여 MISSION을 수행하는 데 도움을 줄 수도 있습니다.<0A><00>,64,not_generated,
codec,444,움,64,1,codec:444:492,"On the other hand, you might be able to<0A>use Yoshi's power to help you in your<0A>mission.<0A><END>",반면에 요시의 힘을 사용하여 MISSION을 수행하는 데 도움을 줄 수도 있습니다.<0A><00>,64,not_generated,
codec,444,잖,64,1,codec:444:477,"Hey, that's Yoshi!<0A><END>","이봐, Yoshi잖아!<0A><00>",64,not_generated,
codec,444,죠,64,1,codec:444:488,Right... So what's this doing here...<0A><END>,그렇죠... 그럼 이게 여기서 뭐하는 걸까요...<0A><00>,64,not_generated,
codec,444,주,64,1,codec:444:496,"And I hear that if you find all of the Yoshis<0A>and shake them, something good will happen.<0A>Try it out.<0A><END>",요시들을 모두 찾아 흔들어주면 좋은 일이 생긴다고 합니다. 사용해 보세요.<0A><00>,64,not_generated,
codec,444,찾,64,1,codec:444:496,"And I hear that if you find all of the Yoshis<0A>and shake them, something good will happen.<0A>Try it out.<0A><END>",요시들을 모두 찾아 흔들어주면 좋은 일이 생긴다고 합니다. 사용해 보세요.<0A><00>,64,not_generated,
codec,444,합,64,1,codec:444:496,"And I hear that if you find all of the Yoshis<0A>and shake them, something good will happen.<0A>Try it out.<0A><END>",요시들을 모두 찾아 흔들어주면 좋은 일이 생긴다고 합니다. 사용해 보세요.<0A><00>,64,not_generated,
codec,444,형,64,1,codec:444:482,...This doll?<0A><END>,...이 인형?<0A><00>,64,not_generated,
codec,444,확,64,1,codec:444:494,"Yoshi makes noise when you shake him.<0A>If the enemy hears that, they might come<0A>to check it out.<0A><END>",요시는 흔들면 소리를 내.<0A>적이 들으면 확인하러 올지도 몰라.<0A><00>,64,not_generated,
codec,444,흔,64,2,codec:444:496|codec:444:494,"And I hear that if you find all of the Yoshis<0A>and shake them, something good will happen.<0A>Try it out.<0A><END> || Yoshi makes noise when you shake him.<0A>If the enemy hears that, they might come<0A>to check it out.<0A><END>",요시들을 모두 찾아 흔들어주면 좋은 일이 생긴다고 합니다. 사용해 보세요.<0A><00> || 요시는 흔들면 소리를 내.<0A>적이 들으면 확인하러 올지도 몰라.<0A><00>,64,not_generated,
codec,444,힘,64,1,codec:444:492,"On the other hand, you might be able to<0A>use Yoshi's power to help you in your<0A>mission.<0A><END>",반면에 요시의 힘을 사용하여 MISSION을 수행하는 데 도움을 줄 수도 있습니다.<0A><00>,64,not_generated,
codec,445,동,64,1,codec:445:3,PERSONAL DATA [4/4]<0A><0A>FVRT ANIMAL:CAT<0A>FVRT LIQUOR:BEER<0A>FVRT UMA:SNOWMAN<0A>FVRT UFO:ADAMSKI TYPE<0A>PRIMARY INVNTNS:EZ GUN<0A>NO. OF THIS YEAR'S WRRTN<0A>APOLOGY:21<0A><END>,PROFILE [4/4] 동물:CAT 술:BEER UMA:SNOWMAN UFO:ADAMSKI 발명:EZ GUN WRITTEN APOLOGY:21<0A><00>,64,not_generated,
codec,445,발,64,1,codec:445:3,PERSONAL DATA [4/4]<0A><0A>FVRT ANIMAL:CAT<0A>FVRT LIQUOR:BEER<0A>FVRT UMA:SNOWMAN<0A>FVRT UFO:ADAMSKI TYPE<0A>PRIMARY INVNTNS:EZ GUN<0A>NO. OF THIS YEAR'S WRRTN<0A>APOLOGY:21<0A><END>,PROFILE [4/4] 동물:CAT 술:BEER UMA:SNOWMAN UFO:ADAMSKI 발명:EZ GUN WRITTEN APOLOGY:21<0A><00>,64,not_generated,
codec,445,술,64,1,codec:445:3,PERSONAL DATA [4/4]<0A><0A>FVRT ANIMAL:CAT<0A>FVRT LIQUOR:BEER<0A>FVRT UMA:SNOWMAN<0A>FVRT UFO:ADAMSKI TYPE<0A>PRIMARY INVNTNS:EZ GUN<0A>NO. OF THIS YEAR'S WRRTN<0A>APOLOGY:21<0A><END>,PROFILE [4/4] 동물:CAT 술:BEER UMA:SNOWMAN UFO:ADAMSKI 발명:EZ GUN WRITTEN APOLOGY:21<0A><00>,64,not_generated,
codec,451,섞,64,1,codec:451:11,Camouflage means blending in with nature.<0A><END>,CAMOUFLAGE는 자연에 섞이는 거야.<0A><00>,64,not_generated,
codec,451,연,64,1,codec:451:11,Camouflage means blending in with nature.<0A><END>,CAMOUFLAGE는 자연에 섞이는 거야.<0A><00>,64,not_generated,
codec,452,꺼,64,1,codec:452:13,"To take an item out of your backpack, use<0A>the ""BACKPACK"" option in the Survival<0A>Viewer.<0A><END>","BACKPACK의 아이템은<0A>""BACKPACK""에서 꺼내.<0A><00>",64,not_generated,
codec,452,템,64,1,codec:452:13,"To take an item out of your backpack, use<0A>the ""BACKPACK"" option in the Survival<0A>Viewer.<0A><END>","BACKPACK의 아이템은<0A>""BACKPACK""에서 꺼내.<0A><00>",64,not_generated,
codec,453,선,64,1,codec:453:10,"To place a weapon on your person, select<0A>""WEAPON"" under the ""BACKPACK"" section<0A>of the Survival Viewer.<0A><END>","사람에게 무기를 장착하려면 Survival Viewer의 ""BACKPACK"" 섹션에서 ""WEAPON""을 선택해.<0A><00>",64,not_generated,
codec,453,섹,64,1,codec:453:10,"To place a weapon on your person, select<0A>""WEAPON"" under the ""BACKPACK"" section<0A>of the Survival Viewer.<0A><END>","사람에게 무기를 장착하려면 Survival Viewer의 ""BACKPACK"" 섹션에서 ""WEAPON""을 선택해.<0A><00>",64,not_generated,
codec,453,장,64,1,codec:453:10,"To place a weapon on your person, select<0A>""WEAPON"" under the ""BACKPACK"" section<0A>of the Survival Viewer.<0A><END>","사람에게 무기를 장착하려면 Survival Viewer의 ""BACKPACK"" 섹션에서 ""WEAPON""을 선택해.<0A><00>",64,not_generated,
codec,453,착,64,1,codec:453:10,"To place a weapon on your person, select<0A>""WEAPON"" under the ""BACKPACK"" section<0A>of the Survival Viewer.<0A><END>","사람에게 무기를 장착하려면 Survival Viewer의 ""BACKPACK"" 섹션에서 ""WEAPON""을 선택해.<0A><00>",64,not_generated,
codec,453,택,64,1,codec:453:10,"To place a weapon on your person, select<0A>""WEAPON"" under the ""BACKPACK"" section<0A>of the Survival Viewer.<0A><END>","사람에게 무기를 장착하려면 Survival Viewer의 ""BACKPACK"" 섹션에서 ""WEAPON""을 선택해.<0A><00>",64,not_generated,
codec,455,경,64,1,codec:455:15,You can take precise aim with the front and<0A>rear sights.<0A><END>,전방 조준경과 후방 조준경으로 정확한 조준이 가능합니다.<0A><00>,64,not_generated,
codec,455,과,64,1,codec:455:15,You can take precise aim with the front and<0A>rear sights.<0A><END>,전방 조준경과 후방 조준경으로 정확한 조준이 가능합니다.<0A><00>,64,not_generated,
codec,455,능,64,1,codec:455:15,You can take precise aim with the front and<0A>rear sights.<0A><END>,전방 조준경과 후방 조준경으로 정확한 조준이 가능합니다.<0A><00>,64,not_generated,
codec,455,전,64,1,codec:455:15,You can take precise aim with the front and<0A>rear sights.<0A><END>,전방 조준경과 후방 조준경으로 정확한 조준이 가능합니다.<0A><00>,64,not_generated,
codec,455,준,64,1,codec:455:15,You can take precise aim with the front and<0A>rear sights.<0A><END>,전방 조준경과 후방 조준경으로 정확한 조준이 가능합니다.<0A><00>,64,not_generated,
codec,455,합,64,1,codec:455:15,You can take precise aim with the front and<0A>rear sights.<0A><END>,전방 조준경과 후방 조준경으로 정확한 조준이 가능합니다.<0A><00>,64,not_generated,
codec,455,확,64,1,codec:455:15,You can take precise aim with the front and<0A>rear sights.<0A><END>,전방 조준경과 후방 조준경으로 정확한 조준이 가능합니다.<0A><00>,64,not_generated,
codec,457,써,64,1,codec:457:11,That's where the Survival Viewer comes in.<0A><END>,그럴 때 SURVIVAL VIEWER를 써.<0A><00>,64,not_generated,
codec,458,류,64,1,codec:458:14,I heard the enemies you encountered in the<0A>Virtuous Mission were only carrying weapons<0A>like AKs and grenades.<0A><END>,Virtuous Mission의 적들은 AK와 수류탄 정도만 썼다며.,64,not_generated,
codec,458,며,64,1,codec:458:14,I heard the enemies you encountered in the<0A>Virtuous Mission were only carrying weapons<0A>like AKs and grenades.<0A><END>,Virtuous Mission의 적들은 AK와 수류탄 정도만 썼다며.,64,not_generated,
codec,458,썼,64,1,codec:458:14,I heard the enemies you encountered in the<0A>Virtuous Mission were only carrying weapons<0A>like AKs and grenades.<0A><END>,Virtuous Mission의 적들은 AK와 수류탄 정도만 썼다며.,64,not_generated,
codec,458,탄,64,1,codec:458:14,I heard the enemies you encountered in the<0A>Virtuous Mission were only carrying weapons<0A>like AKs and grenades.<0A><END>,Virtuous Mission의 적들은 AK와 수류탄 정도만 썼다며.,64,not_generated,
codec,462,맞,64,1,codec:462:13,To fit it with a knife.<0A><END>,칼로 맞추려고요.<0A><00>,64,not_generated,
codec,462,추,64,1,codec:462:13,To fit it with a knife.<0A><END>,칼로 맞추려고요.<0A><00>,64,not_generated,
codec,462,칼,64,1,codec:462:13,To fit it with a knife.<0A><END>,칼로 맞추려고요.<0A><00>,64,not_generated,
codec,464,경,64,1,codec:464:10,A clapper is a kind of warning device used<0A>to detect intruders.<0A><END>,Clapper는 침입자를 찾는 경보 장치다.<0A><00>,64,not_generated,
codec,464,장,64,1,codec:464:10,A clapper is a kind of warning device used<0A>to detect intruders.<0A><END>,Clapper는 침입자를 찾는 경보 장치다.<0A><00>,64,not_generated,
codec,464,찾,64,1,codec:464:10,A clapper is a kind of warning device used<0A>to detect intruders.<0A><END>,Clapper는 침입자를 찾는 경보 장치다.<0A><00>,64,not_generated,
codec,464,치,64,1,codec:464:10,A clapper is a kind of warning device used<0A>to detect intruders.<0A><END>,Clapper는 침입자를 찾는 경보 장치다.<0A><00>,64,not_generated,
codec,464,침,64,1,codec:464:10,A clapper is a kind of warning device used<0A>to detect intruders.<0A><END>,Clapper는 침입자를 찾는 경보 장치다.<0A><00>,64,not_generated,
codec,465,선,64,1,codec:465:11,Infrared?<0A><END>,적외선?<0A><00>,64,not_generated,
codec,465,외,64,1,codec:465:11,Infrared?<0A><END>,적외선?<0A><00>,64,not_generated,
codec,465,피,64,1,codec:465:13,But there's no way to avoid something<0A>like that.<0A><END>,그런 건 피할 방법이 없어.<0A><00>,64,not_generated,
codec,466,감,64,1,codec:466:11,Emotions?<0A><END>,감정?<0A><00>,64,not_generated,
codec,466,쁨,64,1,codec:466:18,The Joy?<0A><END>,기쁨?<0A><00>,64,not_generated,
codec,468,던,64,1,codec:468:10,You say Granin was involved in the<0A>development of the SS-1C?<0A><END>,Granin가 SS-1C 개발에 참여했다고 하던가요?<0A><00>,64,not_generated,
codec,468,동,64,1,codec:468:13,A mobile platform?<0A><END>,이동식 발판?<0A><00>,64,not_generated,
codec,468,발,64,2,codec:468:13|codec:468:10,A mobile platform?<0A><END> || You say Granin was involved in the<0A>development of the SS-1C?<0A><END>,이동식 발판?<0A><00> || Granin가 SS-1C 개발에 참여했다고 하던가요?<0A><00>,64,not_generated,
codec,468,식,64,1,codec:468:13,A mobile platform?<0A><END>,이동식 발판?<0A><00>,64,not_generated,
codec,468,참,64,1,codec:468:10,You say Granin was involved in the<0A>development of the SS-1C?<0A><END>,Granin가 SS-1C 개발에 참여했다고 하던가요?<0A><00>,64,not_generated,
codec,468,판,64,1,codec:468:13,A mobile platform?<0A><END>,이동식 발판?<0A><00>,64,not_generated,
codec,468,했,64,1,codec:468:10,You say Granin was involved in the<0A>development of the SS-1C?<0A><END>,Granin가 SS-1C 개발에 참여했다고 하던가요?<0A><00>,64,not_generated,
codec,469,얹,64,1,codec:469:10,"Sigint, Granin said something about putting<0A>legs on a tank. Do you know what he was<0A>talking about?<0A><END>","Sigint, Granin는 탱크에 다리를 얹는 것에 대해 말했습니다. 그가 무슨 말을 했는지 아시나요?<0A><00>",64,not_generated,
codec,469,탱,64,1,codec:469:10,"Sigint, Granin said something about putting<0A>legs on a tank. Do you know what he was<0A>talking about?<0A><END>","Sigint, Granin는 탱크에 다리를 얹는 것에 대해 말했습니다. 그가 무슨 말을 했는지 아시나요?<0A><00>",64,not_generated,
codec,469,했,64,1,codec:469:10,"Sigint, Granin said something about putting<0A>legs on a tank. Do you know what he was<0A>talking about?<0A><END>","Sigint, Granin는 탱크에 다리를 얹는 것에 대해 말했습니다. 그가 무슨 말을 했는지 아시나요?<0A><00>",64,not_generated,
codec,480,발,64,1,codec:480:10,You say Granin's shoes were rigged with<0A>a transmitter?<0A><END>,Granin의 신발에 송신기가 있었다고?<0A><00>,64,not_generated,
codec,480,송,64,1,codec:480:10,You say Granin's shoes were rigged with<0A>a transmitter?<0A><END>,Granin의 신발에 송신기가 있었다고?<0A><00>,64,not_generated,
codec,480,신,64,1,codec:480:10,You say Granin's shoes were rigged with<0A>a transmitter?<0A><END>,Granin의 신발에 송신기가 있었다고?<0A><00>,64,not_generated,
codec,481,용,64,1,codec:481:12,The gun uses 4.5 mm rounds.<0A><END>,총은 4.5mm 탄환을 사용합니다.<0A><00>,64,not_generated,
codec,481,총,64,1,codec:481:12,The gun uses 4.5 mm rounds.<0A><END>,총은 4.5mm 탄환을 사용합니다.<0A><00>,64,not_generated,
codec,481,탄,64,1,codec:481:12,The gun uses 4.5 mm rounds.<0A><END>,총은 4.5mm 탄환을 사용합니다.<0A><00>,64,not_generated,
codec,481,합,64,1,codec:481:12,The gun uses 4.5 mm rounds.<0A><END>,총은 4.5mm 탄환을 사용합니다.<0A><00>,64,not_generated,
codec,481,환,64,1,codec:481:12,The gun uses 4.5 mm rounds.<0A><END>,총은 4.5mm 탄환을 사용합니다.<0A><00>,64,not_generated,
codec,483,얻,64,1,codec:483:10,So you found yourself a cigarette-shaped<0A>narcosis gun.<0A><END>,CIGAR형 마취총을 얻었군.<0A><00>,64,not_generated,
codec,483,총,64,1,codec:483:10,So you found yourself a cigarette-shaped<0A>narcosis gun.<0A><END>,CIGAR형 마취총을 얻었군.<0A><00>,64,not_generated,
codec,483,취,64,1,codec:483:10,So you found yourself a cigarette-shaped<0A>narcosis gun.<0A><END>,CIGAR형 마취총을 얻었군.<0A><00>,64,not_generated,
codec,483,형,64,1,codec:483:10,So you found yourself a cigarette-shaped<0A>narcosis gun.<0A><END>,CIGAR형 마취총을 얻었군.<0A><00>,64,not_generated,
codec,485,녹,64,1,codec:485:10,"Ah. A handkerchief soaked with<0A>a knockout drug, you say?<0A><END>",아. 녹아웃 약물을 적신 손수건이라고요?<0A><00>,64,not_generated,
codec,485,손,64,1,codec:485:10,"Ah. A handkerchief soaked with<0A>a knockout drug, you say?<0A><END>",아. 녹아웃 약물을 적신 손수건이라고요?<0A><00>,64,not_generated,
codec,485,신,64,1,codec:485:10,"Ah. A handkerchief soaked with<0A>a knockout drug, you say?<0A><END>",아. 녹아웃 약물을 적신 손수건이라고요?<0A><00>,64,not_generated,
codec,485,약,64,1,codec:485:10,"Ah. A handkerchief soaked with<0A>a knockout drug, you say?<0A><END>",아. 녹아웃 약물을 적신 손수건이라고요?<0A><00>,64,not_generated,
codec,485,웃,64,1,codec:485:10,"Ah. A handkerchief soaked with<0A>a knockout drug, you say?<0A><END>",아. 녹아웃 약물을 적신 손수건이라고요?<0A><00>,64,not_generated,
codec,488,꼭,64,1,codec:488:12,Be sure to keep an eye on it.<0A><END>,꼭 지켜보세요.<0A><00>,64,not_generated,
codec,488,켜,64,1,codec:488:12,Be sure to keep an eye on it.<0A><END>,꼭 지켜보세요.<0A><00>,64,not_generated,
codec,492,불,64,1,codec:492:10,"A torch? A little primitive but, a light's<0A>a light.<0A><END>",횃불? 조금 원시적이지만 빛은 빛이다.<0A><00>,64,not_generated,
codec,492,빛,64,1,codec:492:10,"A torch? A little primitive but, a light's<0A>a light.<0A><END>",횃불? 조금 원시적이지만 빛은 빛이다.<0A><00>,64,not_generated,
codec,492,횃,64,1,codec:492:10,"A torch? A little primitive but, a light's<0A>a light.<0A><END>",횃불? 조금 원시적이지만 빛은 빛이다.<0A><00>,64,not_generated,
codec,494,강,64,1,codec:494:12,The grenade itself is composed of two<0A>steel-plated casings.<0A><END>,수류탄 자체는 두 개의 강철 도금 케이스로 구성됩니다.<0A><00>,64,not_generated,
codec,494,구,64,1,codec:494:12,The grenade itself is composed of two<0A>steel-plated casings.<0A><END>,수류탄 자체는 두 개의 강철 도금 케이스로 구성됩니다.<0A><00>,64,not_generated,
codec,494,닙,64,1,codec:494:18,Of course not!<0A><END>,물론 아닙니다!<0A><00>,64,not_generated,
codec,494,됩,64,1,codec:494:12,The grenade itself is composed of two<0A>steel-plated casings.<0A><END>,수류탄 자체는 두 개의 강철 도금 케이스로 구성됩니다.<0A><00>,64,not_generated,
codec,494,두,64,1,codec:494:12,The grenade itself is composed of two<0A>steel-plated casings.<0A><END>,수류탄 자체는 두 개의 강철 도금 케이스로 구성됩니다.<0A><00>,64,not_generated,
codec,494,론,64,1,codec:494:18,Of course not!<0A><END>,물론 아닙니다!<0A><00>,64,not_generated,
codec,494,류,64,1,codec:494:12,The grenade itself is composed of two<0A>steel-plated casings.<0A><END>,수류탄 자체는 두 개의 강철 도금 케이스로 구성됩니다.<0A><00>,64,not_generated,
codec,494,쓸,64,1,codec:494:10,Gonna use a grenade huh?<0A><END>,GRENADE를 쓸 건가?<0A><00>,64,not_generated,
codec,494,철,64,1,codec:494:12,The grenade itself is composed of two<0A>steel-plated casings.<0A><END>,수류탄 자체는 두 개의 강철 도금 케이스로 구성됩니다.<0A><00>,64,not_generated,
codec,494,체,64,1,codec:494:12,The grenade itself is composed of two<0A>steel-plated casings.<0A><END>,수류탄 자체는 두 개의 강철 도금 케이스로 구성됩니다.<0A><00>,64,not_generated,
codec,494,케,64,1,codec:494:12,The grenade itself is composed of two<0A>steel-plated casings.<0A><END>,수류탄 자체는 두 개의 강철 도금 케이스로 구성됩니다.<0A><00>,64,not_generated,
codec,494,탄,64,1,codec:494:12,The grenade itself is composed of two<0A>steel-plated casings.<0A><END>,수류탄 자체는 두 개의 강철 도금 케이스로 구성됩니다.<0A><00>,64,not_generated,
codec,495,글,64,1,codec:495:13,"Back then, they were known as ""Willy<0A>Petes,"" after the first two letters of ""white<0A>phosphorus.""<0A><END>","당시엔 백린의 앞글자를 따서 ""Willy Petes""라 불렀지.",64,not_generated,
codec,495,당,64,1,codec:495:13,"Back then, they were known as ""Willy<0A>Petes,"" after the first two letters of ""white<0A>phosphorus.""<0A><END>","당시엔 백린의 앞글자를 따서 ""Willy Petes""라 불렀지.",64,not_generated,
codec,495,따,64,1,codec:495:13,"Back then, they were known as ""Willy<0A>Petes,"" after the first two letters of ""white<0A>phosphorus.""<0A><END>","당시엔 백린의 앞글자를 따서 ""Willy Petes""라 불렀지.",64,not_generated,
codec,495,렀,64,1,codec:495:13,"Back then, they were known as ""Willy<0A>Petes,"" after the first two letters of ""white<0A>phosphorus.""<0A><END>","당시엔 백린의 앞글자를 따서 ""Willy Petes""라 불렀지.",64,not_generated,
codec,495,린,64,1,codec:495:13,"Back then, they were known as ""Willy<0A>Petes,"" after the first two letters of ""white<0A>phosphorus.""<0A><END>","당시엔 백린의 앞글자를 따서 ""Willy Petes""라 불렀지.",64,not_generated,
codec,495,몸,64,1,codec:495:18,Just make sure you don't accidentally set<0A>yourself on fire.<0A><END>,실수로 몸에 불붙이지 마.<0A><00>,64,not_generated,
codec,495,백,64,1,codec:495:13,"Back then, they were known as ""Willy<0A>Petes,"" after the first two letters of ""white<0A>phosphorus.""<0A><END>","당시엔 백린의 앞글자를 따서 ""Willy Petes""라 불렀지.",64,not_generated,
codec,495,불,64,2,codec:495:13|codec:495:18,"Back then, they were known as ""Willy<0A>Petes,"" after the first two letters of ""white<0A>phosphorus.""<0A><END> || Just make sure you don't accidentally set<0A>yourself on fire.<0A><END>","당시엔 백린의 앞글자를 따서 ""Willy Petes""라 불렀지. || 실수로 몸에 불붙이지 마.<0A><00>",64,not_generated,
codec,495,붙,64,1,codec:495:18,Just make sure you don't accidentally set<0A>yourself on fire.<0A><END>,실수로 몸에 불붙이지 마.<0A><00>,64,not_generated,
codec,495,실,64,1,codec:495:18,Just make sure you don't accidentally set<0A>yourself on fire.<0A><END>,실수로 몸에 불붙이지 마.<0A><00>,64,not_generated,
codec,495,앞,64,1,codec:495:13,"Back then, they were known as ""Willy<0A>Petes,"" after the first two letters of ""white<0A>phosphorus.""<0A><END>","당시엔 백린의 앞글자를 따서 ""Willy Petes""라 불렀지.",64,not_generated,
codec,497,랐,64,1,codec:497:18,but I never thought they'd be used in<0A>an actual battle...<0A><END>,실전에 쓰일 줄은 몰랐어...<0A><00>,64,not_generated,
codec,497,몰,64,1,codec:497:18,but I never thought they'd be used in<0A>an actual battle...<0A><END>,실전에 쓰일 줄은 몰랐어...<0A><00>,64,not_generated,
codec,497,실,64,1,codec:497:18,but I never thought they'd be used in<0A>an actual battle...<0A><END>,실전에 쓰일 줄은 몰랐어...<0A><00>,64,not_generated,
codec,497,쓰,64,2,codec:497:18|codec:497:20,but I never thought they'd be used in<0A>an actual battle...<0A><END> || It's the same stuff that's used in camera<0A>flashes.<0A><END>,실전에 쓰일 줄은 몰랐어...<0A><00> || CAMERA FLASH에도 쓰이는 물질이야.<0A><00>,64,not_generated,
codec,497,전,64,1,codec:497:18,but I never thought they'd be used in<0A>an actual battle...<0A><END>,실전에 쓰일 줄은 몰랐어...<0A><00>,64,not_generated,
codec,497,질,64,1,codec:497:20,It's the same stuff that's used in camera<0A>flashes.<0A><END>,CAMERA FLASH에도 쓰이는 물질이야.<0A><00>,64,not_generated,
codec,498,각,64,1,codec:498:10,"Thinking of using a smoke grenade, huh?<0A><END>",SMOKE GRENADE를 쓸 생각이군?<0A><00>,64,not_generated,
codec,498,생,64,1,codec:498:10,"Thinking of using a smoke grenade, huh?<0A><END>",SMOKE GRENADE를 쓸 생각이군?<0A><00>,64,not_generated,
codec,498,쓸,64,1,codec:498:10,"Thinking of using a smoke grenade, huh?<0A><END>",SMOKE GRENADE를 쓸 생각이군?<0A><00>,64,not_generated,
codec,500,던,64,1,codec:500:14,Throw it?<0A><END>,던져?<0A><00>,64,not_generated,
codec,500,져,64,1,codec:500:14,Throw it?<0A><END>,던져?<0A><00>,64,not_generated,
codec,501,경,64,1,codec:501:10,I see you're using the binoculars.<0A><END>,쌍안경을 사용하고 계시군요.<0A><00>,64,not_generated,
codec,501,쌍,64,1,codec:501:10,I see you're using the binoculars.<0A><END>,쌍안경을 사용하고 계시군요.<0A><00>,64,not_generated,
codec,501,용,64,1,codec:501:10,I see you're using the binoculars.<0A><END>,쌍안경을 사용하고 계시군요.<0A><00>,64,not_generated,
codec,504,씀,64,1,codec:504:17,You mean the AN-PAS-5.<0A><END>,AN-PAS-5를 말씀하시는군요.<0A><00>,64,not_generated,
codec,509,언,64,1,codec:509:14,Be careful about when and where you use it.<0A><END>,"언제, 어디서 사용하는지 주의해.<0A><00>",64,not_generated,
codec,509,용,64,1,codec:509:14,Be careful about when and where you use it.<0A><END>,"언제, 어디서 사용하는지 주의해.<0A><00>",64,not_generated,
codec,509,주,64,1,codec:509:14,Be careful about when and where you use it.<0A><END>,"언제, 어디서 사용하는지 주의해.<0A><00>",64,not_generated,
codec,515,류,64,1,codec:515:10,Stun grenades?<0A><END>,기절 수류탄?<0A><00>,64,not_generated,
codec,515,탄,64,1,codec:515:10,Stun grenades?<0A><END>,기절 수류탄?<0A><00>,64,not_generated,
codec,517,뚫,64,1,codec:517:12,It can punch through a wall too<0A>so watch out.<0A><END>,벽도 뚫으니 조심해.<0A><00>,64,not_generated,
codec,517,벽,64,1,codec:517:12,It can punch through a wall too<0A>so watch out.<0A><END>,벽도 뚫으니 조심해.<0A><00>,64,not_generated,
codec,522,과,64,1,codec:522:10,"No. They kind of look like AKMs,<0A>but they're different.<0A><END>",아니요. AKM과 비슷해 보이지만 다릅니다.<0A><00>,64,not_generated,
codec,522,릅,64,1,codec:522:10,"No. They kind of look like AKMs,<0A>but they're different.<0A><END>",아니요. AKM과 비슷해 보이지만 다릅니다.<0A><00>,64,not_generated,
codec,522,비,64,1,codec:522:10,"No. They kind of look like AKMs,<0A>but they're different.<0A><END>",아니요. AKM과 비슷해 보이지만 다릅니다.<0A><00>,64,not_generated,
codec,522,슷,64,1,codec:522:10,"No. They kind of look like AKMs,<0A>but they're different.<0A><END>",아니요. AKM과 비슷해 보이지만 다릅니다.<0A><00>,64,not_generated,
codec,528,격,64,1,codec:528:12,Attack dogs were regularly employed in<0A>the First and Second World Wars as well.<0A><END>,공격견은 1차 세계대전과 2차 세계대전에도 정기적으로 사용되었습니다.<0A><00>,64,not_generated,
codec,528,견,64,2,codec:528:12|codec:528:15,Attack dogs were regularly employed in<0A>the First and Second World Wars as well.<0A><END> || Bomb dogs?<0A><END>,공격견은 1차 세계대전과 2차 세계대전에도 정기적으로 사용되었습니다.<0A><00> || 폭탄견?<0A><00>,64,not_generated,
codec,528,공,64,1,codec:528:12,Attack dogs were regularly employed in<0A>the First and Second World Wars as well.<0A><END>,공격견은 1차 세계대전과 2차 세계대전에도 정기적으로 사용되었습니다.<0A><00>,64,not_generated,
codec,528,과,64,1,codec:528:12,Attack dogs were regularly employed in<0A>the First and Second World Wars as well.<0A><END>,공격견은 1차 세계대전과 2차 세계대전에도 정기적으로 사용되었습니다.<0A><00>,64,not_generated,
codec,528,쓰,64,1,codec:528:10,People have been using dogs in war since<0A>before recorded history.<0A><END>,개는 기록 이전부터<0A>전쟁에 쓰였다.<0A><00>,64,not_generated,
codec,528,였,64,1,codec:528:10,People have been using dogs in war since<0A>before recorded history.<0A><END>,개는 기록 이전부터<0A>전쟁에 쓰였다.<0A><00>,64,not_generated,
codec,528,용,64,1,codec:528:12,Attack dogs were regularly employed in<0A>the First and Second World Wars as well.<0A><END>,공격견은 1차 세계대전과 2차 세계대전에도 정기적으로 사용되었습니다.<0A><00>,64,not_generated,
codec,528,쟁,64,1,codec:528:10,People have been using dogs in war since<0A>before recorded history.<0A><END>,개는 기록 이전부터<0A>전쟁에 쓰였다.<0A><00>,64,not_generated,
codec,528,전,64,2,codec:528:12|codec:528:10,Attack dogs were regularly employed in<0A>the First and Second World Wars as well.<0A><END> || People have been using dogs in war since<0A>before recorded history.<0A><END>,공격견은 1차 세계대전과 2차 세계대전에도 정기적으로 사용되었습니다.<0A><00> || 개는 기록 이전부터<0A>전쟁에 쓰였다.<0A><00>,64,not_generated,
codec,528,차,64,1,codec:528:12,Attack dogs were regularly employed in<0A>the First and Second World Wars as well.<0A><END>,공격견은 1차 세계대전과 2차 세계대전에도 정기적으로 사용되었습니다.<0A><00>,64,not_generated,
codec,528,탄,64,1,codec:528:15,Bomb dogs?<0A><END>,폭탄견?<0A><00>,64,not_generated,
codec,528,폭,64,1,codec:528:15,Bomb dogs?<0A><END>,폭탄견?<0A><00>,64,not_generated,
codec,531,글,64,1,codec:531:11,"The name ""DShK"" comes from the initials<0A>of the two creators - Degtyarev and<0A>Shpagin -<0A><END>",DShK란 이름은 두 개발자<0A>Degtyarev와 Shpagin의<0A>머리글자에서 왔어.<0A><00>,64,not_generated,
codec,531,두,64,1,codec:531:11,"The name ""DShK"" comes from the initials<0A>of the two creators - Degtyarev and<0A>Shpagin -<0A><END>",DShK란 이름은 두 개발자<0A>Degtyarev와 Shpagin의<0A>머리글자에서 왔어.<0A><00>,64,not_generated,
codec,531,란,64,1,codec:531:11,"The name ""DShK"" comes from the initials<0A>of the two creators - Degtyarev and<0A>Shpagin -<0A><END>",DShK란 이름은 두 개발자<0A>Degtyarev와 Shpagin의<0A>머리글자에서 왔어.<0A><00>,64,not_generated,
codec,531,름,64,1,codec:531:11,"The name ""DShK"" comes from the initials<0A>of the two creators - Degtyarev and<0A>Shpagin -<0A><END>",DShK란 이름은 두 개발자<0A>Degtyarev와 Shpagin의<0A>머리글자에서 왔어.<0A><00>,64,not_generated,
codec,531,많,64,1,codec:531:13,They saw a lot of action in World War II.<0A><END>,제2차 세계대전에서 많은 활약을 펼쳤습니다.<0A><00>,64,not_generated,
codec,531,발,64,1,codec:531:11,"The name ""DShK"" comes from the initials<0A>of the two creators - Degtyarev and<0A>Shpagin -<0A><END>",DShK란 이름은 두 개발자<0A>Degtyarev와 Shpagin의<0A>머리글자에서 왔어.<0A><00>,64,not_generated,
codec,531,약,64,1,codec:531:13,They saw a lot of action in World War II.<0A><END>,제2차 세계대전에서 많은 활약을 펼쳤습니다.<0A><00>,64,not_generated,
codec,531,전,64,1,codec:531:13,They saw a lot of action in World War II.<0A><END>,제2차 세계대전에서 많은 활약을 펼쳤습니다.<0A><00>,64,not_generated,
codec,531,차,64,1,codec:531:13,They saw a lot of action in World War II.<0A><END>,제2차 세계대전에서 많은 활약을 펼쳤습니다.<0A><00>,64,not_generated,
codec,531,쳤,64,1,codec:531:13,They saw a lot of action in World War II.<0A><END>,제2차 세계대전에서 많은 활약을 펼쳤습니다.<0A><00>,64,not_generated,
codec,531,펼,64,1,codec:531:13,They saw a lot of action in World War II.<0A><END>,제2차 세계대전에서 많은 활약을 펼쳤습니다.<0A><00>,64,not_generated,
codec,531,활,64,1,codec:531:13,They saw a lot of action in World War II.<0A><END>,제2차 세계대전에서 많은 활약을 펼쳤습니다.<0A><00>,64,not_generated,
codec,537,벌,64,1,codec:537:10,"Snake, watch out for those bullet bees.<0A><END>","Snake, 총알벌을 조심해.<0A><00>",64,not_generated,
codec,537,총,64,1,codec:537:10,"Snake, watch out for those bullet bees.<0A><END>","Snake, 총알벌을 조심해.<0A><00>",64,not_generated,
codec,538,럼,64,1,codec:538:13,That means you'll be able to damage him<0A>with a gun.<0A><END>,그럼 총으로 DAMAGE를 줄 수 있어.<0A><00>,64,not_generated,
codec,538,총,64,1,codec:538:13,That means you'll be able to damage him<0A>with a gun.<0A><END>,그럼 총으로 DAMAGE를 줄 수 있어.<0A><00>,64,not_generated,
codec,543,구,64,2,codec:543:11|codec:543:12,Maybe it's part of some kind of tactical<0A>research.<0A><END> || Tactical research?<0A><END>,어쩌면 일종의 전술 연구의 일부일 수도 있습니다.<0A><00> || 전술 연구?<0A><00>,64,not_generated,
codec,543,술,64,2,codec:543:11|codec:543:12,Maybe it's part of some kind of tactical<0A>research.<0A><END> || Tactical research?<0A><END>,어쩌면 일종의 전술 연구의 일부일 수도 있습니다.<0A><00> || 전술 연구?<0A><00>,64,not_generated,
codec,543,연,64,2,codec:543:11|codec:543:12,Maybe it's part of some kind of tactical<0A>research.<0A><END> || Tactical research?<0A><END>,어쩌면 일종의 전술 연구의 일부일 수도 있습니다.<0A><00> || 전술 연구?<0A><00>,64,not_generated,
codec,543,전,64,2,codec:543:11|codec:543:12,Maybe it's part of some kind of tactical<0A>research.<0A><END> || Tactical research?<0A><END>,어쩌면 일종의 전술 연구의 일부일 수도 있습니다.<0A><00> || 전술 연구?<0A><00>,64,not_generated,
codec,543,종,64,1,codec:543:11,Maybe it's part of some kind of tactical<0A>research.<0A><END>,어쩌면 일종의 전술 연구의 일부일 수도 있습니다.<0A><00>,64,not_generated,
codec,543,쩌,64,1,codec:543:11,Maybe it's part of some kind of tactical<0A>research.<0A><END>,어쩌면 일종의 전술 연구의 일부일 수도 있습니다.<0A><00>,64,not_generated,
codec,548,공,64,1,codec:548:10,Flying platforms are a type of personal<0A>VTOL aircraft.<0A><END>,비행 플랫폼은 개인용 VTOL 항공기의 한 유형다.<0A><00>,64,not_generated,
codec,548,년,64,1,codec:548:12,"Yeah, back in the 50's.<0A><END>","그래, 50년대였지.<0A><00>",64,not_generated,
codec,548,랫,64,1,codec:548:10,Flying platforms are a type of personal<0A>VTOL aircraft.<0A><END>,비행 플랫폼은 개인용 VTOL 항공기의 한 유형다.<0A><00>,64,not_generated,
codec,548,비,64,1,codec:548:10,Flying platforms are a type of personal<0A>VTOL aircraft.<0A><END>,비행 플랫폼은 개인용 VTOL 항공기의 한 유형다.<0A><00>,64,not_generated,
codec,548,였,64,1,codec:548:12,"Yeah, back in the 50's.<0A><END>","그래, 50년대였지.<0A><00>",64,not_generated,
codec,548,용,64,1,codec:548:10,Flying platforms are a type of personal<0A>VTOL aircraft.<0A><END>,비행 플랫폼은 개인용 VTOL 항공기의 한 유형다.<0A><00>,64,not_generated,
codec,548,폼,64,1,codec:548:10,Flying platforms are a type of personal<0A>VTOL aircraft.<0A><END>,비행 플랫폼은 개인용 VTOL 항공기의 한 유형다.<0A><00>,64,not_generated,
codec,548,플,64,1,codec:548:10,Flying platforms are a type of personal<0A>VTOL aircraft.<0A><END>,비행 플랫폼은 개인용 VTOL 항공기의 한 유형다.<0A><00>,64,not_generated,
codec,548,항,64,1,codec:548:10,Flying platforms are a type of personal<0A>VTOL aircraft.<0A><END>,비행 플랫폼은 개인용 VTOL 항공기의 한 유형다.<0A><00>,64,not_generated,
codec,548,형,64,1,codec:548:10,Flying platforms are a type of personal<0A>VTOL aircraft.<0A><END>,비행 플랫폼은 개인용 VTOL 항공기의 한 유형다.<0A><00>,64,not_generated,
codec,553,쓴,64,1,codec:553:10,"Snake, The Fear is supposed to be<0A>wearing some kind of stealth camo.<0A><END>","Snake, The Fear는<0A>stealth 위장을 쓴대.<0A><00>",64,not_generated,
codec,553,장,64,1,codec:553:10,"Snake, The Fear is supposed to be<0A>wearing some kind of stealth camo.<0A><END>","Snake, The Fear는<0A>stealth 위장을 쓴대.<0A><00>",64,not_generated,
codec,560,갖,64,1,codec:560:10,"Hey, you've got thermal goggles, don't<0A>you?<0A><END>",THERMAL GOGGLES를 갖고 있지?<0A><00>,64,not_generated,
codec,564,너,64,1,codec:564:14,"If the enemy's getting too close for<0A>comfort, press the Action Button to<0A>ditch it, pronto.<0A><END>",적이 너무 가까우면 Action Button으로 즉시 버려.,64,not_generated,
codec,564,즉,64,1,codec:564:14,"If the enemy's getting too close for<0A>comfort, press the Action Button to<0A>ditch it, pronto.<0A><END>",적이 너무 가까우면 Action Button으로 즉시 버려.,64,not_generated,
codec,574,료,64,1,codec:574:12,"But from what I hear, that guy is using<0A>liquid rocket fuel.<0A><END>",듣자니 액체 ROCKET 연료를 쓴대.<0A><00>,64,not_generated,
codec,574,쓴,64,1,codec:574:12,"But from what I hear, that guy is using<0A>liquid rocket fuel.<0A><END>",듣자니 액체 ROCKET 연료를 쓴대.<0A><00>,64,not_generated,
codec,574,액,64,1,codec:574:12,"But from what I hear, that guy is using<0A>liquid rocket fuel.<0A><END>",듣자니 액체 ROCKET 연료를 쓴대.<0A><00>,64,not_generated,
codec,574,연,64,1,codec:574:12,"But from what I hear, that guy is using<0A>liquid rocket fuel.<0A><END>",듣자니 액체 ROCKET 연료를 쓴대.<0A><00>,64,not_generated,
codec,574,체,64,1,codec:574:12,"But from what I hear, that guy is using<0A>liquid rocket fuel.<0A><END>",듣자니 액체 ROCKET 연료를 쓴대.<0A><00>,64,not_generated,
codec,586,능,64,1,codec:586:11,But apparently their performance wasn't<0A>quite up to the standards of the Soviet<0A>military.<0A><END>,하지만 성능은 소련군 기준에 못 미쳤던 모양이야.,64,not_generated,
codec,586,던,64,1,codec:586:11,But apparently their performance wasn't<0A>quite up to the standards of the Soviet<0A>military.<0A><END>,하지만 성능은 소련군 기준에 못 미쳤던 모양이야.,64,not_generated,
codec,586,두,64,1,codec:586:17,It's got two of them.<0A><END>,두 개가 있습니다.<0A><00>,64,not_generated,
codec,586,련,64,1,codec:586:11,But apparently their performance wasn't<0A>quite up to the standards of the Soviet<0A>military.<0A><END>,하지만 성능은 소련군 기준에 못 미쳤던 모양이야.,64,not_generated,
codec,586,모,64,1,codec:586:11,But apparently their performance wasn't<0A>quite up to the standards of the Soviet<0A>military.<0A><END>,하지만 성능은 소련군 기준에 못 미쳤던 모양이야.,64,not_generated,
codec,586,양,64,1,codec:586:11,But apparently their performance wasn't<0A>quite up to the standards of the Soviet<0A>military.<0A><END>,하지만 성능은 소련군 기준에 못 미쳤던 모양이야.,64,not_generated,
codec,586,준,64,1,codec:586:11,But apparently their performance wasn't<0A>quite up to the standards of the Soviet<0A>military.<0A><END>,하지만 성능은 소련군 기준에 못 미쳤던 모양이야.,64,not_generated,
codec,586,쳤,64,1,codec:586:11,But apparently their performance wasn't<0A>quite up to the standards of the Soviet<0A>military.<0A><END>,하지만 성능은 소련군 기준에 못 미쳤던 모양이야.,64,not_generated,
codec,598,괜,64,1,codec:598:10,"Snake, you OK?<0A><END>","Snake, 괜찮으세요?<0A><00>",64,not_generated,
codec,598,농,64,1,codec:598:12,No kidding. What happened?<0A><END>,농담이 아닙니다. 무슨 일이에요?<0A><00>,64,not_generated,
codec,598,닙,64,1,codec:598:12,No kidding. What happened?<0A><END>,농담이 아닙니다. 무슨 일이에요?<0A><00>,64,not_generated,
codec,598,담,64,1,codec:598:12,No kidding. What happened?<0A><END>,농담이 아닙니다. 무슨 일이에요?<0A><00>,64,not_generated,
codec,598,찮,64,1,codec:598:10,"Snake, you OK?<0A><END>","Snake, 괜찮으세요?<0A><00>",64,not_generated,
codec,599,료,64,1,codec:599:10,"Snake, you've got to plant that C3 you got<0A>from EVA on the liquid fuel tanks.<0A><END>","Snake, EVA에서 얻은 C3를 액체 연료 탱크에 설치해야 해요.<0A><00>",64,not_generated,
codec,599,액,64,1,codec:599:10,"Snake, you've got to plant that C3 you got<0A>from EVA on the liquid fuel tanks.<0A><END>","Snake, EVA에서 얻은 C3를 액체 연료 탱크에 설치해야 해요.<0A><00>",64,not_generated,
codec,599,얻,64,1,codec:599:10,"Snake, you've got to plant that C3 you got<0A>from EVA on the liquid fuel tanks.<0A><END>","Snake, EVA에서 얻은 C3를 액체 연료 탱크에 설치해야 해요.<0A><00>",64,not_generated,
codec,599,연,64,1,codec:599:10,"Snake, you've got to plant that C3 you got<0A>from EVA on the liquid fuel tanks.<0A><END>","Snake, EVA에서 얻은 C3를 액체 연료 탱크에 설치해야 해요.<0A><00>",64,not_generated,
codec,599,체,64,1,codec:599:10,"Snake, you've got to plant that C3 you got<0A>from EVA on the liquid fuel tanks.<0A><END>","Snake, EVA에서 얻은 C3를 액체 연료 탱크에 설치해야 해요.<0A><00>",64,not_generated,
codec,599,치,64,1,codec:599:10,"Snake, you've got to plant that C3 you got<0A>from EVA on the liquid fuel tanks.<0A><END>","Snake, EVA에서 얻은 C3를 액체 연료 탱크에 설치해야 해요.<0A><00>",64,not_generated,
codec,599,탱,64,1,codec:599:10,"Snake, you've got to plant that C3 you got<0A>from EVA on the liquid fuel tanks.<0A><END>","Snake, EVA에서 얻은 C3를 액체 연료 탱크에 설치해야 해요.<0A><00>",64,not_generated,
codec,600,각,64,1,codec:600:12,Mess with a tank and BOOM!<0A>You're confetti.<0A><END>,TANK를 건드리면 BOOM! 산산조각이야.<0A><00>,64,not_generated,
codec,600,산,64,1,codec:600:12,Mess with a tank and BOOM!<0A>You're confetti.<0A><END>,TANK를 건드리면 BOOM! 산산조각이야.<0A><00>,64,not_generated,
codec,606,써,64,1,codec:606:10,"Snake, try using a chaff grenade.<0A><END>","Snake, CHAFF GRENADE를 써 봐.<0A><00>",64,not_generated,
codec,616,걸,64,1,codec:616:12,Just don't let me catch you using<0A>a tranquilizer gun.<0A><END>,마취총 쓰는 걸 들키지만 마.<0A><00>,64,not_generated,
codec,616,쓰,64,1,codec:616:12,Just don't let me catch you using<0A>a tranquilizer gun.<0A><END>,마취총 쓰는 걸 들키지만 마.<0A><00>,64,not_generated,
codec,616,총,64,1,codec:616:12,Just don't let me catch you using<0A>a tranquilizer gun.<0A><END>,마취총 쓰는 걸 들키지만 마.<0A><00>,64,not_generated,
codec,616,취,64,1,codec:616:12,Just don't let me catch you using<0A>a tranquilizer gun.<0A><END>,마취총 쓰는 걸 들키지만 마.<0A><00>,64,not_generated,
codec,625,놈,64,1,codec:625:13,Use TNT and Claymores to give them<0A>a hard time.<0A><END>,TNT와 Claymore로 놈들을 막아.<0A><00>,64,not_generated,
codec,625,막,64,1,codec:625:13,Use TNT and Claymores to give them<0A>a hard time.<0A><END>,TNT와 Claymore로 놈들을 막아.<0A><00>,64,not_generated,
codec,632,너,64,1,codec:632:12,"Because the barrel is cut so short, it's got<0A>some nasty recoil though.<0A><END>",총열이 너무 짧아 반동이 심해.,64,not_generated,
codec,632,동,64,1,codec:632:12,"Because the barrel is cut so short, it's got<0A>some nasty recoil though.<0A><END>",총열이 너무 짧아 반동이 심해.,64,not_generated,
codec,632,반,64,1,codec:632:12,"Because the barrel is cut so short, it's got<0A>some nasty recoil though.<0A><END>",총열이 너무 짧아 반동이 심해.,64,not_generated,
codec,632,열,64,1,codec:632:12,"Because the barrel is cut so short, it's got<0A>some nasty recoil though.<0A><END>",총열이 너무 짧아 반동이 심해.,64,not_generated,
codec,632,짧,64,1,codec:632:12,"Because the barrel is cut so short, it's got<0A>some nasty recoil though.<0A><END>",총열이 너무 짧아 반동이 심해.,64,not_generated,
codec,632,총,64,1,codec:632:12,"Because the barrel is cut so short, it's got<0A>some nasty recoil though.<0A><END>",총열이 너무 짧아 반동이 심해.,64,not_generated,
codec,634,격,64,1,codec:634:10,"If The Boss gets you with a CQC attack,<0A><END>","The Boss가 CQC 공격을 받으면,<0A><00>",64,not_generated,
codec,634,공,64,1,codec:634:10,"If The Boss gets you with a CQC attack,<0A><END>","The Boss가 CQC 공격을 받으면,<0A><00>",64,not_generated,
codec,634,받,64,1,codec:634:10,"If The Boss gets you with a CQC attack,<0A><END>","The Boss가 CQC 공격을 받으면,<0A><00>",64,not_generated,
codec,639,돼,64,1,codec:639:15,No way! Really?<0A><END>,말도 안돼! 정말?<0A><00>,64,not_generated,
codec,642,관,64,1,codec:642:10,This mission is all about procuring on site.<0A><END>,이 MISSION은 현장 조달에 관한 것입니다.<0A><00>,64,not_generated,
codec,642,달,64,1,codec:642:10,This mission is all about procuring on site.<0A><END>,이 MISSION은 현장 조달에 관한 것입니다.<0A><00>,64,not_generated,
codec,642,장,64,1,codec:642:10,This mission is all about procuring on site.<0A><END>,이 MISSION은 현장 조달에 관한 것입니다.<0A><00>,64,not_generated,
codec,642,현,64,1,codec:642:10,This mission is all about procuring on site.<0A><END>,이 MISSION은 현장 조달에 관한 것입니다.<0A><00>,64,not_generated,
codec,643,달,64,1,codec:643:22,"While I was at it, I also fitted it with<0A>an experimental laser sight.<0A><END>",실험용 레이저 사이트도 달았지.<0A><00>,64,not_generated,
codec,643,레,64,1,codec:643:22,"While I was at it, I also fitted it with<0A>an experimental laser sight.<0A><END>",실험용 레이저 사이트도 달았지.<0A><00>,64,not_generated,
codec,643,실,64,1,codec:643:22,"While I was at it, I also fitted it with<0A>an experimental laser sight.<0A><END>",실험용 레이저 사이트도 달았지.<0A><00>,64,not_generated,
codec,643,용,64,2,codec:643:10|codec:643:22,"Aha, you're using the EZ GUN.<0A><END> || While I was at it, I also fitted it with<0A>an experimental laser sight.<0A><END>","아하, EZ GUN을 사용하시네요.<0A><00> || 실험용 레이저 사이트도 달았지.<0A><00>",64,not_generated,
codec,643,작,64,1,codec:643:17,The inside of the powder case contains<0A>a tiny piston.<0A><END>,탄피 안에는 작은 PISTON이 있어.<0A><00>,64,not_generated,
codec,643,탄,64,1,codec:643:17,The inside of the powder case contains<0A>a tiny piston.<0A><END>,탄피 안에는 작은 PISTON이 있어.<0A><00>,64,not_generated,
codec,643,트,64,1,codec:643:22,"While I was at it, I also fitted it with<0A>an experimental laser sight.<0A><END>",실험용 레이저 사이트도 달았지.<0A><00>,64,not_generated,
codec,643,피,64,1,codec:643:17,The inside of the powder case contains<0A>a tiny piston.<0A><END>,탄피 안에는 작은 PISTON이 있어.<0A><00>,64,not_generated,
codec,648,갖,64,1,codec:648:10,"Hey, you've got an M1911A1.<0A><END>",M1911A1을 갖고 있군.<0A><00>,64,not_generated,
codec,652,교,64,1,codec:652:17,The regular hammer's been replaced with<0A>a ring hammer.<0A><END>,일반 해머가 링 해머로 교체되었습니다.<0A><00>,64,not_generated,
codec,652,구,64,1,codec:652:20,Looks like they eliminated it altogether.<0A>This is a tool for pros.<0A><END>,완전히 제거한 것 같습니다. 이것은 전문가를 위한 도구입니다.<0A><00>,64,not_generated,
codec,652,글,64,1,codec:652:32,"Well, I'll be damned. That's some gun.<0A><END>","글쎄, 난 망할거야. 그거 총이에요.<0A><00>",64,not_generated,
codec,652,능,64,1,codec:652:31,Whoever did this is a professional.<0A>No question - this thing could shoot<0A>a one-hole at 25 yards in a machine rest.<0A><END>,이건 프로 솜씨다.<0A>25야드 원홀도 가능해.<0A><00>,64,not_generated,
codec,652,독,64,1,codec:652:15,"The sight system's original, too.<0A><END>",SIGHT SYSTEM도 독창적이야.<0A><00>,64,not_generated,
codec,652,링,64,1,codec:652:17,The regular hammer's been replaced with<0A>a ring hammer.<0A><END>,일반 해머가 링 해머로 교체되었습니다.<0A><00>,64,not_generated,
codec,652,망,64,1,codec:652:32,"Well, I'll be damned. That's some gun.<0A><END>","글쎄, 난 망할거야. 그거 총이에요.<0A><00>",64,not_generated,
codec,652,반,64,1,codec:652:17,The regular hammer's been replaced with<0A>a ring hammer.<0A><END>,일반 해머가 링 해머로 교체되었습니다.<0A><00>,64,not_generated,
codec,652,솜,64,1,codec:652:31,Whoever did this is a professional.<0A>No question - this thing could shoot<0A>a one-hole at 25 yards in a machine rest.<0A><END>,이건 프로 솜씨다.<0A>25야드 원홀도 가능해.<0A><00>,64,not_generated,
codec,652,쎄,64,1,codec:652:32,"Well, I'll be damned. That's some gun.<0A><END>","글쎄, 난 망할거야. 그거 총이에요.<0A><00>",64,not_generated,
codec,652,씨,64,1,codec:652:31,Whoever did this is a professional.<0A>No question - this thing could shoot<0A>a one-hole at 25 yards in a machine rest.<0A><END>,이건 프로 솜씨다.<0A>25야드 원홀도 가능해.<0A><00>,64,not_generated,
codec,652,약,64,1,codec:652:10,It's more than a little.<0A><END>,그것은 약간 이상의 정도입니다.<0A><00>,64,not_generated,
codec,652,완,64,1,codec:652:20,Looks like they eliminated it altogether.<0A>This is a tool for pros.<0A><END>,완전히 제거한 것 같습니다. 이것은 전문가를 위한 도구입니다.<0A><00>,64,not_generated,
codec,652,전,64,1,codec:652:20,Looks like they eliminated it altogether.<0A>This is a tool for pros.<0A><END>,완전히 제거한 것 같습니다. 이것은 전문가를 위한 도구입니다.<0A><00>,64,not_generated,
codec,652,창,64,1,codec:652:15,"The sight system's original, too.<0A><END>",SIGHT SYSTEM도 독창적이야.<0A><00>,64,not_generated,
codec,652,체,64,1,codec:652:17,The regular hammer's been replaced with<0A>a ring hammer.<0A><END>,일반 해머가 링 해머로 교체되었습니다.<0A><00>,64,not_generated,
codec,652,총,64,1,codec:652:32,"Well, I'll be damned. That's some gun.<0A><END>","글쎄, 난 망할거야. 그거 총이에요.<0A><00>",64,not_generated,
codec,652,홀,64,1,codec:652:31,Whoever did this is a professional.<0A>No question - this thing could shoot<0A>a one-hole at 25 yards in a machine rest.<0A><END>,이건 프로 솜씨다.<0A>25야드 원홀도 가능해.<0A><00>,64,not_generated,
codec,654,났,64,1,codec:654:14,"I said, where'd you get it?<0A><END>","내가 말했지, 어디서 났어?<0A><00>",64,not_generated,
codec,654,용,64,1,codec:654:10,"Using the Patriot, eh?<0A><END>",패트리어트를 사용하는 거죠?<0A><00>,64,not_generated,
codec,654,죠,64,1,codec:654:10,"Using the Patriot, eh?<0A><END>",패트리어트를 사용하는 거죠?<0A><00>,64,not_generated,
codec,654,찾,64,1,codec:654:46,"J'ai dit, tu l'as trouv<G6A> o<G7A>?<0A><END>",어디서 찾았나요?<0A><00>,64,not_generated,
codec,654,트,64,1,codec:654:10,"Using the Patriot, eh?<0A><END>",패트리어트를 사용하는 거죠?<0A><00>,64,not_generated,
codec,654,패,64,1,codec:654:10,"Using the Patriot, eh?<0A><END>",패트리어트를 사용하는 거죠?<0A><00>,64,not_generated,
codec,654,했,64,1,codec:654:14,"I said, where'd you get it?<0A><END>","내가 말했지, 어디서 났어?<0A><00>",64,not_generated,
codec,655,련,64,2,codec:655:59|codec:655:25,Les Sovi<G6A>tiques l'ont s<G7C>rement d<G6A>velopp<G6A><0A>seuls.<0A><END> || The Soviets probably developed this one<0A>on their own.<0A><END>,아마도 소련이 자체적으로 개발했을 거다.<0A><00> || 아마도 소련이 자체적으로 개발했을 거다.<0A><00>,64,not_generated,
codec,655,발,64,2,codec:655:59|codec:655:25,Les Sovi<G6A>tiques l'ont s<G7C>rement d<G6A>velopp<G6A><0A>seuls.<0A><END> || The Soviets probably developed this one<0A>on their own.<0A><END>,아마도 소련이 자체적으로 개발했을 거다.<0A><00> || 아마도 소련이 자체적으로 개발했을 거다.<0A><00>,64,not_generated,
codec,655,죠,64,1,codec:655:16,Then it's gotta be the Vz-61.<0A><END>,그렇다면 Vz-61이겠죠.<0A><00>,64,not_generated,
codec,655,중,64,1,codec:655:26,"With that laser sight on, accuracy<0A>should be no problem.<0A><END>",LASER SIGHT가 있으니 명중은 문제없어.<0A><00>,64,not_generated,
codec,655,체,64,2,codec:655:59|codec:655:25,Les Sovi<G6A>tiques l'ont s<G7C>rement d<G6A>velopp<G6A><0A>seuls.<0A><END> || The Soviets probably developed this one<0A>on their own.<0A><END>,아마도 소련이 자체적으로 개발했을 거다.<0A><00> || 아마도 소련이 자체적으로 개발했을 거다.<0A><00>,64,not_generated,
codec,655,탄,64,1,codec:655:49,32 ACP.<0A><END>,32 ACP 탄.<0A><00>,64,not_generated,
codec,655,했,64,2,codec:655:59|codec:655:25,Les Sovi<G6A>tiques l'ont s<G7C>rement d<G6A>velopp<G6A><0A>seuls.<0A><END> || The Soviets probably developed this one<0A>on their own.<0A><END>,아마도 소련이 자체적으로 개발했을 거다.<0A><00> || 아마도 소련이 자체적으로 개발했을 거다.<0A><00>,64,not_generated,
codec,656,각,64,1,codec:656:15,"What they came up with was the AR-15,<0A>the so-called ""black rifle.""<0A><END>",그들이 생각해낸 것은 소위 '검은 소총'이라 불리는 AR-15였습니다.<0A><00>,64,not_generated,
codec,656,검,64,1,codec:656:15,"What they came up with was the AR-15,<0A>the so-called ""black rifle.""<0A><END>",그들이 생각해낸 것은 소위 '검은 소총'이라 불리는 AR-15였습니다.<0A><00>,64,not_generated,
codec,656,과,64,1,codec:656:20,But that thing looks a lot different from<0A>a regular XM16E1.<0A><END>,그건 일반 XM16E1과 많이 달라 보입니다.<0A><00>,64,not_generated,
codec,656,낸,64,1,codec:656:15,"What they came up with was the AR-15,<0A>the so-called ""black rifle.""<0A><END>",그들이 생각해낸 것은 소위 '검은 소총'이라 불리는 AR-15였습니다.<0A><00>,64,not_generated,
codec,656,달,64,1,codec:656:20,But that thing looks a lot different from<0A>a regular XM16E1.<0A><END>,그건 일반 XM16E1과 많이 달라 보입니다.<0A><00>,64,not_generated,
codec,656,된,64,1,codec:656:22,The fact that it's painted in camouflage<0A>colors shows that<0A><END>,CAMO색으로 도색된 것으로 보아<0A><00>,64,not_generated,
codec,656,많,64,1,codec:656:20,But that thing looks a lot different from<0A>a regular XM16E1.<0A><END>,그건 일반 XM16E1과 많이 달라 보입니다.<0A><00>,64,not_generated,
codec,656,반,64,1,codec:656:20,But that thing looks a lot different from<0A>a regular XM16E1.<0A><END>,그건 일반 XM16E1과 많이 달라 보입니다.<0A><00>,64,not_generated,
codec,656,불,64,1,codec:656:15,"What they came up with was the AR-15,<0A>the so-called ""black rifle.""<0A><END>",그들이 생각해낸 것은 소위 '검은 소총'이라 불리는 AR-15였습니다.<0A><00>,64,not_generated,
codec,656,색,64,1,codec:656:22,The fact that it's painted in camouflage<0A>colors shows that<0A><END>,CAMO색으로 도색된 것으로 보아<0A><00>,64,not_generated,
codec,656,생,64,1,codec:656:15,"What they came up with was the AR-15,<0A>the so-called ""black rifle.""<0A><END>",그들이 생각해낸 것은 소위 '검은 소총'이라 불리는 AR-15였습니다.<0A><00>,64,not_generated,
codec,656,써,64,1,codec:656:28,Have fun with that.<0A><END>,잘 써 봐.<0A><00>,64,not_generated,
codec,656,였,64,1,codec:656:15,"What they came up with was the AR-15,<0A>the so-called ""black rifle.""<0A><END>",그들이 생각해낸 것은 소위 '검은 소총'이라 불리는 AR-15였습니다.<0A><00>,64,not_generated,
codec,656,총,64,1,codec:656:15,"What they came up with was the AR-15,<0A>the so-called ""black rifle.""<0A><END>",그들이 생각해낸 것은 소위 '검은 소총'이라 불리는 AR-15였습니다.<0A><00>,64,not_generated,
codec,657,갖,64,1,codec:657:10,"Got yourself an AK-47, huh?<0A><END>",AK-47을 갖고 계시죠?<0A><00>,64,not_generated,
codec,657,년,64,1,codec:657:12,"The first model was completed in 1946,<0A><END>","첫 MODEL은 1946년에 완성됐고,<0A><00>",64,not_generated,
codec,657,완,64,1,codec:657:12,"The first model was completed in 1946,<0A><END>","첫 MODEL은 1946년에 완성됐고,<0A><00>",64,not_generated,
codec,657,죠,64,1,codec:657:10,"Got yourself an AK-47, huh?<0A><END>",AK-47을 갖고 계시죠?<0A><00>,64,not_generated,
codec,657,첫,64,1,codec:657:12,"The first model was completed in 1946,<0A><END>","첫 MODEL은 1946년에 완성됐고,<0A><00>",64,not_generated,
codec,658,갖,64,1,codec:658:10,I see you got yourself an M63.<0A><END>,M63을 갖고 계시군요.<0A><00>,64,not_generated,
codec,658,국,64,1,codec:658:11,The M63 is an American-made system<0A>weapon.<0A><END>,M63은 미국제 SYSTEM WEAPON이야.<0A><00>,64,not_generated,
codec,658,꿔,64,1,codec:658:15,"The term ""system weapon"" refers to<0A>a design where most of the parts are<0A>interchangeable,<0A><END>","System Weapon은<0A>대부분의 부품을 서로<0A>바꿔 쓸 수 있는 설계야,<0A><00>",64,not_generated,
codec,658,쓸,64,1,codec:658:15,"The term ""system weapon"" refers to<0A>a design where most of the parts are<0A>interchangeable,<0A><END>","System Weapon은<0A>대부분의 부품을 서로<0A>바꿔 쓸 수 있는 설계야,<0A><00>",64,not_generated,
codec,658,품,64,1,codec:658:15,"The term ""system weapon"" refers to<0A>a design where most of the parts are<0A>interchangeable,<0A><END>","System Weapon은<0A>대부분의 부품을 서로<0A>바꿔 쓸 수 있는 설계야,<0A><00>",64,not_generated,
codec,659,갖,64,1,codec:659:10,"Ah, you've got an SVD.<0A><END>","아, SVD를 갖고 계시군요.<0A><00>",64,not_generated,
codec,659,격,64,2,codec:659:13|codec:659:35,"For a long time, the standard Russian<0A>sniper rifle was the Mosin Nagant.<0A><END> || Pendant longtemps, le Mosin Nagant a <G6A>t<G6A> le<0A>fusil Sniper standard des Russes.<0A><END>",오랫동안 러시아 표준 저격총은 Mosin Nagant였습니다.<0A><00> || 오랫동안 Mosin Nagant는 러시아 표준 저격소총이었습니다.<0A><00>,64,not_generated,
codec,659,동,64,2,codec:659:13|codec:659:35,"For a long time, the standard Russian<0A>sniper rifle was the Mosin Nagant.<0A><END> || Pendant longtemps, le Mosin Nagant a <G6A>t<G6A> le<0A>fusil Sniper standard des Russes.<0A><END>",오랫동안 러시아 표준 저격총은 Mosin Nagant였습니다.<0A><00> || 오랫동안 Mosin Nagant는 러시아 표준 저격소총이었습니다.<0A><00>,64,not_generated,
codec,659,랫,64,2,codec:659:13|codec:659:35,"For a long time, the standard Russian<0A>sniper rifle was the Mosin Nagant.<0A><END> || Pendant longtemps, le Mosin Nagant a <G6A>t<G6A> le<0A>fusil Sniper standard des Russes.<0A><END>",오랫동안 러시아 표준 저격총은 Mosin Nagant였습니다.<0A><00> || 오랫동안 Mosin Nagant는 러시아 표준 저격소총이었습니다.<0A><00>,64,not_generated,
codec,659,였,64,1,codec:659:13,"For a long time, the standard Russian<0A>sniper rifle was the Mosin Nagant.<0A><END>",오랫동안 러시아 표준 저격총은 Mosin Nagant였습니다.<0A><00>,64,not_generated,
codec,659,오,64,2,codec:659:13|codec:659:35,"For a long time, the standard Russian<0A>sniper rifle was the Mosin Nagant.<0A><END> || Pendant longtemps, le Mosin Nagant a <G6A>t<G6A> le<0A>fusil Sniper standard des Russes.<0A><END>",오랫동안 러시아 표준 저격총은 Mosin Nagant였습니다.<0A><00> || 오랫동안 Mosin Nagant는 러시아 표준 저격소총이었습니다.<0A><00>,64,not_generated,
codec,659,준,64,2,codec:659:13|codec:659:35,"For a long time, the standard Russian<0A>sniper rifle was the Mosin Nagant.<0A><END> || Pendant longtemps, le Mosin Nagant a <G6A>t<G6A> le<0A>fusil Sniper standard des Russes.<0A><END>",오랫동안 러시아 표준 저격총은 Mosin Nagant였습니다.<0A><00> || 오랫동안 Mosin Nagant는 러시아 표준 저격소총이었습니다.<0A><00>,64,not_generated,
codec,659,총,64,2,codec:659:13|codec:659:35,"For a long time, the standard Russian<0A>sniper rifle was the Mosin Nagant.<0A><END> || Pendant longtemps, le Mosin Nagant a <G6A>t<G6A> le<0A>fusil Sniper standard des Russes.<0A><END>",오랫동안 러시아 표준 저격총은 Mosin Nagant였습니다.<0A><00> || 오랫동안 Mosin Nagant는 러시아 표준 저격소총이었습니다.<0A><00>,64,not_generated,
codec,659,표,64,2,codec:659:13|codec:659:35,"For a long time, the standard Russian<0A>sniper rifle was the Mosin Nagant.<0A><END> || Pendant longtemps, le Mosin Nagant a <G6A>t<G6A> le<0A>fusil Sniper standard des Russes.<0A><END>",오랫동안 러시아 표준 저격총은 Mosin Nagant였습니다.<0A><00> || 오랫동안 Mosin Nagant는 러시아 표준 저격소총이었습니다.<0A><00>,64,not_generated,
codec,660,능,64,1,codec:660:15,"Oh, and firing from a standing position<0A>works,<0A><END>","서서 쏘는 것도 가능하고,<0A><00>",64,not_generated,
codec,660,배,64,1,codec:660:12,to adjust the scope's magnification level.<0A><END>,SCOPE 배율을 조절해.<0A><00>,64,not_generated,
codec,660,쏘,64,1,codec:660:15,"Oh, and firing from a standing position<0A>works,<0A><END>","서서 쏘는 것도 가능하고,<0A><00>",64,not_generated,
codec,660,율,64,1,codec:660:12,to adjust the scope's magnification level.<0A><END>,SCOPE 배율을 조절해.<0A><00>,64,not_generated,
codec,661,겨,64,1,codec:661:19,They were so highly valued<0A><END>,"아주 귀하게 여겨져서,<0A><00>",64,not_generated,
codec,661,귀,64,1,codec:661:19,They were so highly valued<0A><END>,"아주 귀하게 여겨져서,<0A><00>",64,not_generated,
codec,661,낙,64,1,codec:661:23,Maybe for parachute jumps?<0A><END>,아마 낙하산 점프용일까?<0A><00>,64,not_generated,
codec,661,돼,64,1,codec:661:27,"That means no repeat firing.<0A>One shot, one kill.<0A><END>",연사는 안 돼. 한 발에 하나씩.<0A><00>,64,not_generated,
codec,661,발,64,1,codec:661:27,"That means no repeat firing.<0A>One shot, one kill.<0A><END>",연사는 안 돼. 한 발에 하나씩.<0A><00>,64,not_generated,
codec,661,산,64,1,codec:661:23,Maybe for parachute jumps?<0A><END>,아마 낙하산 점프용일까?<0A><00>,64,not_generated,
codec,661,생,64,1,codec:661:14,Mosin Nagants are created<0A><END>,Mosin Nagant가 생성되었습니다.<0A><00>,64,not_generated,
codec,661,씩,64,1,codec:661:27,"That means no repeat firing.<0A>One shot, one kill.<0A><END>",연사는 안 돼. 한 발에 하나씩.<0A><00>,64,not_generated,
codec,661,연,64,1,codec:661:27,"That means no repeat firing.<0A>One shot, one kill.<0A><END>",연사는 안 돼. 한 발에 하나씩.<0A><00>,64,not_generated,
codec,661,용,64,1,codec:661:23,Maybe for parachute jumps?<0A><END>,아마 낙하산 점프용일까?<0A><00>,64,not_generated,
codec,661,져,64,1,codec:661:19,They were so highly valued<0A><END>,"아주 귀하게 여겨져서,<0A><00>",64,not_generated,
codec,661,주,64,1,codec:661:19,They were so highly valued<0A><END>,"아주 귀하게 여겨져서,<0A><00>",64,not_generated,
codec,662,경,64,1,codec:662:14,but using FPS Mode to look through the<0A>scope will give you a more accurate shot.<0A><END>,FPS Mode로 조준경을 보면 더 정확히 쏠 수 있어.,64,not_generated,
codec,662,돼,64,1,codec:662:20,The warhead is made of the plastic explosive<0A>HEAT.<0A><END>,탄두는 PLASTIC 폭약 HEAT로 돼 있어.<0A><00>,64,not_generated,
codec,662,두,64,1,codec:662:20,The warhead is made of the plastic explosive<0A>HEAT.<0A><END>,탄두는 PLASTIC 폭약 HEAT로 돼 있어.<0A><00>,64,not_generated,
codec,662,맞,64,1,codec:662:18,"Even if it doesn't hit the target,<0A><END>","표적에 맞지 않아도,<0A><00>",64,not_generated,
codec,662,쏠,64,1,codec:662:14,but using FPS Mode to look through the<0A>scope will give you a more accurate shot.<0A><END>,FPS Mode로 조준경을 보면 더 정확히 쏠 수 있어.,64,not_generated,
codec,662,약,64,1,codec:662:20,The warhead is made of the plastic explosive<0A>HEAT.<0A><END>,탄두는 PLASTIC 폭약 HEAT로 돼 있어.<0A><00>,64,not_generated,
codec,662,준,64,1,codec:662:14,but using FPS Mode to look through the<0A>scope will give you a more accurate shot.<0A><END>,FPS Mode로 조준경을 보면 더 정확히 쏠 수 있어.,64,not_generated,
codec,662,탄,64,1,codec:662:20,The warhead is made of the plastic explosive<0A>HEAT.<0A><END>,탄두는 PLASTIC 폭약 HEAT로 돼 있어.<0A><00>,64,not_generated,
codec,662,폭,64,1,codec:662:20,The warhead is made of the plastic explosive<0A>HEAT.<0A><END>,탄두는 PLASTIC 폭약 HEAT로 돼 있어.<0A><00>,64,not_generated,
codec,662,표,64,1,codec:662:18,"Even if it doesn't hit the target,<0A><END>","표적에 맞지 않아도,<0A><00>",64,not_generated,
codec,662,확,64,1,codec:662:14,but using FPS Mode to look through the<0A>scope will give you a more accurate shot.<0A><END>,FPS Mode로 조준경을 보면 더 정확히 쏠 수 있어.,64,not_generated,
codec,663,돼,64,1,codec:663:12,It's composed of 77% RDX and 23%<0A>moldable plastic.<0A><END>,RDX 77%와 가소성 PLASTIC 23%로 돼 있어.<0A><00>,64,not_generated,
codec,663,발,64,1,codec:663:15,Looks like EVA set up the detonators with<0A>a special timer mechanism.<0A><END>,EVA가 특수 타이머 장치로 폭발 장치를 설치한 것 같아요.<0A><00>,64,not_generated,
codec,663,얻,64,1,codec:663:10,"Got some C3, I see.<0A><END>",C3를 좀 얻었군요.<0A><00>,64,not_generated,
codec,663,장,64,1,codec:663:15,Looks like EVA set up the detonators with<0A>a special timer mechanism.<0A><END>,EVA가 특수 타이머 장치로 폭발 장치를 설치한 것 같아요.<0A><00>,64,not_generated,
codec,663,좀,64,1,codec:663:10,"Got some C3, I see.<0A><END>",C3를 좀 얻었군요.<0A><00>,64,not_generated,
codec,663,치,64,1,codec:663:15,Looks like EVA set up the detonators with<0A>a special timer mechanism.<0A><END>,EVA가 특수 타이머 장치로 폭발 장치를 설치한 것 같아요.<0A><00>,64,not_generated,
codec,663,타,64,1,codec:663:15,Looks like EVA set up the detonators with<0A>a special timer mechanism.<0A><END>,EVA가 특수 타이머 장치로 폭발 장치를 설치한 것 같아요.<0A><00>,64,not_generated,
codec,663,폭,64,1,codec:663:15,Looks like EVA set up the detonators with<0A>a special timer mechanism.<0A><END>,EVA가 특수 타이머 장치로 폭발 장치를 설치한 것 같아요.<0A><00>,64,not_generated,
codec,666,놓,64,1,codec:666:20,"Mines planted by the enemy can also be<0A>picked up in this way,<0A><END>",적이 심어놓은 지뢰도 이렇게 제거할 수 있다.<0A><00>,64,not_generated,
codec,666,된,64,1,codec:666:19,You can pick up a planted Claymore by<0A>crawling over it.<0A><END>,설치된 Claymore는 포복해서 주울 수 있어.<0A><00>,64,not_generated,
codec,666,뢰,64,2,codec:666:20|codec:666:52,"Mines planted by the enemy can also be<0A>picked up in this way,<0A><END> || Tu pourras aussi r<G6A>cup<G6A>rer les mines pos<G6A>es<0A>par l'ennemi de cette fa<G68>on,<0A><END>","적이 심어놓은 지뢰도 이렇게 제거할 수 있다.<0A><00> || 이런 식으로 적이 설치한 지뢰도 회수할 수 있고,<0A><00>",64,not_generated,
codec,666,복,64,1,codec:666:19,You can pick up a planted Claymore by<0A>crawling over it.<0A><END>,설치된 Claymore는 포복해서 주울 수 있어.<0A><00>,64,not_generated,
codec,666,식,64,1,codec:666:52,"Tu pourras aussi r<G6A>cup<G6A>rer les mines pos<G6A>es<0A>par l'ennemi de cette fa<G68>on,<0A><END>","이런 식으로 적이 설치한 지뢰도 회수할 수 있고,<0A><00>",64,not_generated,
codec,666,울,64,1,codec:666:19,You can pick up a planted Claymore by<0A>crawling over it.<0A><END>,설치된 Claymore는 포복해서 주울 수 있어.<0A><00>,64,not_generated,
codec,666,주,64,1,codec:666:19,You can pick up a planted Claymore by<0A>crawling over it.<0A><END>,설치된 Claymore는 포복해서 주울 수 있어.<0A><00>,64,not_generated,
codec,666,치,64,2,codec:666:52|codec:666:19,"Tu pourras aussi r<G6A>cup<G6A>rer les mines pos<G6A>es<0A>par l'ennemi de cette fa<G68>on,<0A><END> || You can pick up a planted Claymore by<0A>crawling over it.<0A><END>","이런 식으로 적이 설치한 지뢰도 회수할 수 있고,<0A><00> || 설치된 Claymore는 포복해서 주울 수 있어.<0A><00>",64,not_generated,
codec,666,회,64,1,codec:666:52,"Tu pourras aussi r<G6A>cup<G6A>rer les mines pos<G6A>es<0A>par l'ennemi de cette fa<G68>on,<0A><END>","이런 식으로 적이 설치한 지뢰도 회수할 수 있고,<0A><00>",64,not_generated,
codec,667,류,64,1,codec:667:10,That's a weird grenade you got there.<0A><END>,거기에 있는 이상한 수류탄이군요.<0A><00>,64,not_generated,
codec,667,탄,64,1,codec:667:10,That's a weird grenade you got there.<0A><END>,거기에 있는 이상한 수류탄이군요.<0A><00>,64,not_generated,
codec,668,갖,64,1,codec:668:10,Looks like you've got some TNT.<0A><END>,TNT를 갖고 있군.<0A><00>,64,not_generated,
codec,668,결,64,1,codec:668:11,"TNT is short for trinitrotoluene, a pale yellow<0A>crystalline compound made from a tri-nitrified<0A>mix of nitric acid and sulfuric acid.<0A><END>",TNT는 trinitrotoluene의 약자야.<0A>nitric acid과 sulfuric acid을 tri-nitrified해 만든<0A>연노랑 결정 화합물이야.<0A><00>,64,not_generated,
codec,668,과,64,1,codec:668:11,"TNT is short for trinitrotoluene, a pale yellow<0A>crystalline compound made from a tri-nitrified<0A>mix of nitric acid and sulfuric acid.<0A><END>",TNT는 trinitrotoluene의 약자야.<0A>nitric acid과 sulfuric acid을 tri-nitrified해 만든<0A>연노랑 결정 화합물이야.<0A><00>,64,not_generated,
codec,668,노,64,1,codec:668:11,"TNT is short for trinitrotoluene, a pale yellow<0A>crystalline compound made from a tri-nitrified<0A>mix of nitric acid and sulfuric acid.<0A><END>",TNT는 trinitrotoluene의 약자야.<0A>nitric acid과 sulfuric acid을 tri-nitrified해 만든<0A>연노랑 결정 화합물이야.<0A><00>,64,not_generated,
codec,668,든,64,1,codec:668:11,"TNT is short for trinitrotoluene, a pale yellow<0A>crystalline compound made from a tri-nitrified<0A>mix of nitric acid and sulfuric acid.<0A><END>",TNT는 trinitrotoluene의 약자야.<0A>nitric acid과 sulfuric acid을 tri-nitrified해 만든<0A>연노랑 결정 화합물이야.<0A><00>,64,not_generated,
codec,668,랑,64,1,codec:668:11,"TNT is short for trinitrotoluene, a pale yellow<0A>crystalline compound made from a tri-nitrified<0A>mix of nitric acid and sulfuric acid.<0A><END>",TNT는 trinitrotoluene의 약자야.<0A>nitric acid과 sulfuric acid을 tri-nitrified해 만든<0A>연노랑 결정 화합물이야.<0A><00>,64,not_generated,
codec,668,약,64,1,codec:668:11,"TNT is short for trinitrotoluene, a pale yellow<0A>crystalline compound made from a tri-nitrified<0A>mix of nitric acid and sulfuric acid.<0A><END>",TNT는 trinitrotoluene의 약자야.<0A>nitric acid과 sulfuric acid을 tri-nitrified해 만든<0A>연노랑 결정 화합물이야.<0A><00>,64,not_generated,
codec,668,연,64,1,codec:668:11,"TNT is short for trinitrotoluene, a pale yellow<0A>crystalline compound made from a tri-nitrified<0A>mix of nitric acid and sulfuric acid.<0A><END>",TNT는 trinitrotoluene의 약자야.<0A>nitric acid과 sulfuric acid을 tri-nitrified해 만든<0A>연노랑 결정 화합물이야.<0A><00>,64,not_generated,
codec,668,합,64,1,codec:668:11,"TNT is short for trinitrotoluene, a pale yellow<0A>crystalline compound made from a tri-nitrified<0A>mix of nitric acid and sulfuric acid.<0A><END>",TNT는 trinitrotoluene의 약자야.<0A>nitric acid과 sulfuric acid을 tri-nitrified해 만든<0A>연노랑 결정 화합물이야.<0A><00>,64,not_generated,
codec,668,화,64,1,codec:668:11,"TNT is short for trinitrotoluene, a pale yellow<0A>crystalline compound made from a tri-nitrified<0A>mix of nitric acid and sulfuric acid.<0A><END>",TNT는 trinitrotoluene의 약자야.<0A>nitric acid과 sulfuric acid을 tri-nitrified해 만든<0A>연노랑 결정 화합물이야.<0A><00>,64,not_generated,
codec,670,갖,64,1,codec:670:10,"Hey, you got a mousetrap!<0A><END>","이봐, 쥐덫을 갖고 있구나!<0A><00>",64,not_generated,
codec,670,구,64,1,codec:670:10,"Hey, you got a mousetrap!<0A><END>","이봐, 쥐덫을 갖고 있구나!<0A><00>",64,not_generated,
codec,670,달,64,1,codec:670:14,"Whether or not you actually catch anything,<0A>though, is all a matter of luck.<0A><END>",실제로 잡을지는<0A>운에 달렸다.<0A><00>,64,not_generated,
codec,670,덫,64,1,codec:670:10,"Hey, you got a mousetrap!<0A><END>","이봐, 쥐덫을 갖고 있구나!<0A><00>",64,not_generated,
codec,670,렸,64,1,codec:670:14,"Whether or not you actually catch anything,<0A>though, is all a matter of luck.<0A><END>",실제로 잡을지는<0A>운에 달렸다.<0A><00>,64,not_generated,
codec,670,실,64,1,codec:670:14,"Whether or not you actually catch anything,<0A>though, is all a matter of luck.<0A><END>",실제로 잡을지는<0A>운에 달렸다.<0A><00>,64,not_generated,
codec,670,운,64,1,codec:670:14,"Whether or not you actually catch anything,<0A>though, is all a matter of luck.<0A><END>",실제로 잡을지는<0A>운에 달렸다.<0A><00>,64,not_generated,
codec,670,쥐,64,1,codec:670:10,"Hey, you got a mousetrap!<0A><END>","이봐, 쥐덫을 갖고 있구나!<0A><00>",64,not_generated,
codec,674,옷,64,1,codec:674:10,"Hey, what's that you're wearing...?<0A><END>","이봐, 그 옷은 뭐야...?<0A><00>",64,not_generated,
codec,675,뢰,64,2,codec:675:10|codec:675:11,"Using the mine detector, huh?<0A><END> || When you equip the mine detector, it lets<0A>you know with a sound if there are any<0A>Claymore mines nearby.<0A><END>",지뢰 탐지기를 사용하는 거죠?<0A><00> || 지뢰 탐지기를 장비하면<0A>근처 Claymore 지뢰를<0A>소리로 알려준다.<0A><00>,64,not_generated,
codec,675,비,64,1,codec:675:11,"When you equip the mine detector, it lets<0A>you know with a sound if there are any<0A>Claymore mines nearby.<0A><END>",지뢰 탐지기를 장비하면<0A>근처 Claymore 지뢰를<0A>소리로 알려준다.<0A><00>,64,not_generated,
codec,675,용,64,1,codec:675:10,"Using the mine detector, huh?<0A><END>",지뢰 탐지기를 사용하는 거죠?<0A><00>,64,not_generated,
codec,675,장,64,1,codec:675:11,"When you equip the mine detector, it lets<0A>you know with a sound if there are any<0A>Claymore mines nearby.<0A><END>",지뢰 탐지기를 장비하면<0A>근처 Claymore 지뢰를<0A>소리로 알려준다.<0A><00>,64,not_generated,
codec,675,죠,64,1,codec:675:10,"Using the mine detector, huh?<0A><END>",지뢰 탐지기를 사용하는 거죠?<0A><00>,64,not_generated,
codec,675,준,64,1,codec:675:11,"When you equip the mine detector, it lets<0A>you know with a sound if there are any<0A>Claymore mines nearby.<0A><END>",지뢰 탐지기를 장비하면<0A>근처 Claymore 지뢰를<0A>소리로 알려준다.<0A><00>,64,not_generated,
codec,675,처,64,1,codec:675:11,"When you equip the mine detector, it lets<0A>you know with a sound if there are any<0A>Claymore mines nearby.<0A><END>",지뢰 탐지기를 장비하면<0A>근처 Claymore 지뢰를<0A>소리로 알려준다.<0A><00>,64,not_generated,
codec,675,탐,64,2,codec:675:10|codec:675:11,"Using the mine detector, huh?<0A><END> || When you equip the mine detector, it lets<0A>you know with a sound if there are any<0A>Claymore mines nearby.<0A><END>",지뢰 탐지기를 사용하는 거죠?<0A><00> || 지뢰 탐지기를 장비하면<0A>근처 Claymore 지뢰를<0A>소리로 알려준다.<0A><00>,64,not_generated,
codec,676,갑,64,1,codec:676:16,"Yeah. And then when I put it on, I suddenly<0A>got this feeling of inner peace.<0A><END>",그래. 그걸 쓰자 갑자기<0A>마음이 평온해졌어.<0A><00>,64,not_generated,
codec,676,걸,64,1,codec:676:16,"Yeah. And then when I put it on, I suddenly<0A>got this feeling of inner peace.<0A><END>",그래. 그걸 쓰자 갑자기<0A>마음이 평온해졌어.<0A><00>,64,not_generated,
codec,676,쓰,64,1,codec:676:16,"Yeah. And then when I put it on, I suddenly<0A>got this feeling of inner peace.<0A><END>",그래. 그걸 쓰자 갑자기<0A>마음이 평온해졌어.<0A><00>,64,not_generated,
codec,676,온,64,1,codec:676:16,"Yeah. And then when I put it on, I suddenly<0A>got this feeling of inner peace.<0A><END>",그래. 그걸 쓰자 갑자기<0A>마음이 평온해졌어.<0A><00>,64,not_generated,
codec,676,운,64,1,codec:676:15,Destiny...?<0A><END>,운명...?<0A><00>,64,not_generated,
codec,676,졌,64,1,codec:676:16,"Yeah. And then when I put it on, I suddenly<0A>got this feeling of inner peace.<0A><END>",그래. 그걸 쓰자 갑자기<0A>마음이 평온해졌어.<0A><00>,64,not_generated,
codec,676,평,64,1,codec:676:16,"Yeah. And then when I put it on, I suddenly<0A>got this feeling of inner peace.<0A><END>",그래. 그걸 쓰자 갑자기<0A>마음이 평온해졌어.<0A><00>,64,not_generated,
codec,680,경,64,1,codec:680:31,Anti-convulsant effect?<0A><END>,항경련 효과?<0A><00>,64,not_generated,
codec,680,과,64,1,codec:680:31,Anti-convulsant effect?<0A><END>,항경련 효과?<0A><00>,64,not_generated,
codec,680,딕,64,1,codec:680:25,"Yo, Para-Medic!<0A><END>","야, 패러메딕!<0A><00>",64,not_generated,
codec,680,련,64,1,codec:680:31,Anti-convulsant effect?<0A><END>,항경련 효과?<0A><00>,64,not_generated,
codec,680,메,64,1,codec:680:25,"Yo, Para-Medic!<0A><END>","야, 패러메딕!<0A><00>",64,not_generated,
codec,680,몰,64,1,codec:680:23,Beats me.<0A><END>,나도 몰라.<0A><00>,64,not_generated,
codec,680,패,64,1,codec:680:25,"Yo, Para-Medic!<0A><END>","야, 패러메딕!<0A><00>",64,not_generated,
codec,680,항,64,1,codec:680:31,Anti-convulsant effect?<0A><END>,항경련 효과?<0A><00>,64,not_generated,
codec,680,효,64,1,codec:680:31,Anti-convulsant effect?<0A><END>,항경련 효과?<0A><00>,64,not_generated,
codec,681,단,64,1,codec:681:25,"Well, once you've equi...<0A><END>",일단 장비하면...<0A><00>,64,not_generated,
codec,681,비,64,1,codec:681:25,"Well, once you've equi...<0A><END>",일단 장비하면...<0A><00>,64,not_generated,
codec,681,장,64,1,codec:681:25,"Well, once you've equi...<0A><END>",일단 장비하면...<0A><00>,64,not_generated,
codec,684,맘,64,1,codec:684:13,"...Man, you do whatever you want.<0A><END>",...맘대로 해.<0A><00>,64,not_generated,
codec,688,남,64,1,codec:688:11,It was originally worn by South Vietnamese<0A>Marines.<0A><END>,원래 남베트남 해병대가 입던 거야.<0A><00>,64,not_generated,
codec,688,던,64,1,codec:688:11,It was originally worn by South Vietnamese<0A>Marines.<0A><END>,원래 남베트남 해병대가 입던 거야.<0A><00>,64,not_generated,
codec,688,베,64,1,codec:688:11,It was originally worn by South Vietnamese<0A>Marines.<0A><END>,원래 남베트남 해병대가 입던 거야.<0A><00>,64,not_generated,
codec,688,병,64,1,codec:688:11,It was originally worn by South Vietnamese<0A>Marines.<0A><END>,원래 남베트남 해병대가 입던 거야.<0A><00>,64,not_generated,
codec,688,트,64,1,codec:688:11,It was originally worn by South Vietnamese<0A>Marines.<0A><END>,원래 남베트남 해병대가 입던 거야.<0A><00>,64,not_generated,
codec,695,낵,64,1,codec:695:31,"Snack, tea, same thing.<0A><END>","스낵, 차, 같은 것.<0A><00>",64,not_generated,
codec,695,차,64,1,codec:695:31,"Snack, tea, same thing.<0A><END>","스낵, 차, 같은 것.<0A><00>",64,not_generated,
codec,710,든,64,1,codec:710:13,"Huh. Well, whatever it is, it's a fine piece<0A>of work.<0A><END>",뭔진 몰라도 잘 만든 물건이야.<0A><00>,64,not_generated,
codec,710,몰,64,2,codec:710:13|codec:710:11,"Huh. Well, whatever it is, it's a fine piece<0A>of work.<0A><END> || Sneaking suit? What's that all about?<0A><END>",뭔진 몰라도 잘 만든 물건이야.<0A><00> || 몰래옷? 그게 다 뭐야?<0A><00>,64,not_generated,
codec,710,뭔,64,1,codec:710:13,"Huh. Well, whatever it is, it's a fine piece<0A>of work.<0A><END>",뭔진 몰라도 잘 만든 물건이야.<0A><00>,64,not_generated,
codec,710,옷,64,1,codec:710:11,Sneaking suit? What's that all about?<0A><END>,몰래옷? 그게 다 뭐야?<0A><00>,64,not_generated,
codec,710,진,64,1,codec:710:13,"Huh. Well, whatever it is, it's a fine piece<0A>of work.<0A><END>",뭔진 몰라도 잘 만든 물건이야.<0A><00>,64,not_generated,
codec,721,뭘,64,1,codec:721:10,"Snake, what are you wearing now?<0A><END>","Snake, 지금 뭘 입었어?<0A><00>",64,not_generated,
codec,722,술,64,1,codec:722:10,"Snake, what's that camouflage...?<0A><END>","Snake, 저 위장술은 뭐지...?<0A><00>",64,not_generated,
codec,722,얻,64,1,codec:722:11,It's called 'hornet stripe'. I got it from<0A>The Pain.<0A><END>,HORNET STRIPE야. The Pain에게 얻었어.<0A><00>,64,not_generated,
codec,722,장,64,1,codec:722:10,"Snake, what's that camouflage...?<0A><END>","Snake, 저 위장술은 뭐지...?<0A><00>",64,not_generated,
codec,723,봉,64,1,codec:723:26,Ah bon?<0A><END>,아 봉?<0A><00>,64,not_generated,
codec,724,끼,64,1,codec:724:11,It's moss camouflage. I got it from The End.<0A><END>,이끼 CAMO이에요. The End에서 가져왔습니다.<0A><00>,64,not_generated,
codec,724,져,64,1,codec:724:11,It's moss camouflage. I got it from The End.<0A><END>,이끼 CAMO이에요. The End에서 가져왔습니다.<0A><00>,64,not_generated,
codec,726,모,64,1,codec:726:38,<G48>a a l'air utile.<0A><END>,쓸모 있어 보여.<0A><00>,64,not_generated,
codec,726,쓸,64,1,codec:726:38,<G48>a a l'air utile.<0A><END>,쓸모 있어 보여.<0A><00>,64,not_generated,
codec,726,했,64,1,codec:726:10,"Eh? That's some bizarre camo you got on,<0A>Snake...<0A><END>","응? 이상한 CAMO를 했군, Snake...<0A><00>",64,not_generated,
codec,727,떤,64,1,codec:727:10,"Snake, what kind of camo is that?<0A><END>","Snake, 저건 어떤 CAMO인가?<0A><00>",64,not_generated,
codec,728,당,64,1,codec:728:10,Eh? That's some crazy camouflage you<0A>got on.<0A><END>,응? 당신이 쓴 미친 CAMO술이군요.<0A><00>,64,not_generated,
codec,728,술,64,1,codec:728:10,Eh? That's some crazy camouflage you<0A>got on.<0A><END>,응? 당신이 쓴 미친 CAMO술이군요.<0A><00>,64,not_generated,
codec,728,신,64,1,codec:728:10,Eh? That's some crazy camouflage you<0A>got on.<0A><END>,응? 당신이 쓴 미친 CAMO술이군요.<0A><00>,64,not_generated,
codec,728,쓴,64,1,codec:728:10,Eh? That's some crazy camouflage you<0A>got on.<0A><END>,응? 당신이 쓴 미친 CAMO술이군요.<0A><00>,64,not_generated,
codec,728,친,64,1,codec:728:10,Eh? That's some crazy camouflage you<0A>got on.<0A><END>,응? 당신이 쓴 미친 CAMO술이군요.<0A><00>,64,not_generated,
codec,729,냐,64,1,codec:729:32,Why? Because his Camo Index is...<0A><END>,왜냐면 Camo Index가...<0A><00>,64,not_generated,
codec,729,덱,64,1,codec:729:33,"Camo Index, shmamo Index.<0A><END>","CAMO 인덱스, shmamo 인덱스.<0A><00>",64,not_generated,
codec,729,쿼,64,1,codec:729:64,Quoi?!<0A><END>,쿼이?!<0A><00>,64,not_generated,
codec,747,결,64,1,codec:747:14,But then the mission ended up being<0A>canceled...<0A><END>,하지만 MISSION은 결국 취소됐지...<0A><00>,64,not_generated,
codec,747,국,64,1,codec:747:14,But then the mission ended up being<0A>canceled...<0A><END>,하지만 MISSION은 결국 취소됐지...<0A><00>,64,not_generated,
codec,747,잖,64,1,codec:747:16,But you didn't throw it out.<0A><END>,하지만 버리진 않았잖아.<0A><00>,64,not_generated,
codec,747,진,64,1,codec:747:16,But you didn't throw it out.<0A><END>,하지만 버리진 않았잖아.<0A><00>,64,not_generated,
codec,747,취,64,1,codec:747:14,But then the mission ended up being<0A>canceled...<0A><END>,하지만 MISSION은 결국 취소됐지...<0A><00>,64,not_generated,
codec,750,론,64,1,codec:750:11,Of course it is.<0A><END>,물론 그렇습니다.<0A><00>,64,not_generated,
codec,750,술,64,1,codec:750:15,What about the lips?<0A><END>,입술은 어떻습니까?<0A><00>,64,not_generated,
codec,752,격,64,1,codec:752:20,Makes you wonder where she learned to shoot<0A>like that.<0A><END>,그녀가 어디서 그런 사격을 배웠는지 궁금하군.<0A><00>,64,not_generated,
codec,752,궁,64,3,codec:752:42|codec:752:20|codec:752:31,A se demander o<G7A> elle a appris <G61> tirer comme<0A><G68>a.<0A><END> || Makes you wonder where she learned to shoot<0A>like that.<0A><END> || Me pregunto d<G74>nde habr<G62> aprendido a disparar<0A>as<G6E>.<0A><END>,그녀가 그런 촬영법을 어디서 배웠는지 궁금해집니다.<0A><00> || 그녀가 어디서 그런 사격을 배웠는지 궁금하군.<0A><00> || 그런 촬영법을 어디서 배웠는지 궁금하네요.<0A><00>,64,not_generated,
codec,752,배,64,3,codec:752:42|codec:752:20|codec:752:31,A se demander o<G7A> elle a appris <G61> tirer comme<0A><G68>a.<0A><END> || Makes you wonder where she learned to shoot<0A>like that.<0A><END> || Me pregunto d<G74>nde habr<G62> aprendido a disparar<0A>as<G6E>.<0A><END>,그녀가 그런 촬영법을 어디서 배웠는지 궁금해집니다.<0A><00> || 그녀가 어디서 그런 사격을 배웠는지 궁금하군.<0A><00> || 그런 촬영법을 어디서 배웠는지 궁금하네요.<0A><00>,64,not_generated,
codec,752,영,64,2,codec:752:42|codec:752:31,A se demander o<G7A> elle a appris <G61> tirer comme<0A><G68>a.<0A><END> || Me pregunto d<G74>nde habr<G62> aprendido a disparar<0A>as<G6E>.<0A><END>,그녀가 그런 촬영법을 어디서 배웠는지 궁금해집니다.<0A><00> || 그런 촬영법을 어디서 배웠는지 궁금하네요.<0A><00>,64,not_generated,
codec,752,웠,64,3,codec:752:42|codec:752:20|codec:752:31,A se demander o<G7A> elle a appris <G61> tirer comme<0A><G68>a.<0A><END> || Makes you wonder where she learned to shoot<0A>like that.<0A><END> || Me pregunto d<G74>nde habr<G62> aprendido a disparar<0A>as<G6E>.<0A><END>,그녀가 그런 촬영법을 어디서 배웠는지 궁금해집니다.<0A><00> || 그녀가 어디서 그런 사격을 배웠는지 궁금하군.<0A><00> || 그런 촬영법을 어디서 배웠는지 궁금하네요.<0A><00>,64,not_generated,
codec,752,집,64,1,codec:752:42,A se demander o<G7A> elle a appris <G61> tirer comme<0A><G68>a.<0A><END>,그녀가 그런 촬영법을 어디서 배웠는지 궁금해집니다.<0A><00>,64,not_generated,
codec,752,촬,64,2,codec:752:42|codec:752:31,A se demander o<G7A> elle a appris <G61> tirer comme<0A><G68>a.<0A><END> || Me pregunto d<G74>nde habr<G62> aprendido a disparar<0A>as<G6E>.<0A><END>,그녀가 그런 촬영법을 어디서 배웠는지 궁금해집니다.<0A><00> || 그런 촬영법을 어디서 배웠는지 궁금하네요.<0A><00>,64,not_generated,
codec,757,른,64,1,codec:757:12,None other.<0A><END>,다른 것은 없다.<0A><00>,64,not_generated,
codec,767,선,64,1,codec:767:2895,A infrarouges ?<0A><END>,적외선?<0A><00>,64,not_generated,
codec,767,외,64,1,codec:767:2895,A infrarouges ?<0A><END>,적외선?<0A><00>,64,not_generated,
codec,779,릴,64,1,codec:779:585,Couldn't tell you.<0A><END>,말씀드릴 수 없었습니다.<0A><00>,64,not_generated,
codec,779,모,64,1,codec:779:3335,Aucune id<G6A>e.<0A><END>,모르겠어.<0A><00>,64,not_generated,
codec,779,씀,64,1,codec:779:585,Couldn't tell you.<0A><END>,말씀드릴 수 없었습니다.<0A><00>,64,not_generated,
codec,830,단,64,1,codec:830:14,"Like the Virtuous Mission, Operation Snake<0A>Eater is a solo sneaking mission.<0A><END>","Virtuous MISSION처럼, 작전 Snake Eater는 단독 잠입 MISSION입니다.<0A><00>",64,not_generated,
codec,830,독,64,1,codec:830:14,"Like the Virtuous Mission, Operation Snake<0A>Eater is a solo sneaking mission.<0A><END>","Virtuous MISSION처럼, 작전 Snake Eater는 단독 잠입 MISSION입니다.<0A><00>",64,not_generated,
codec,830,럼,64,1,codec:830:14,"Like the Virtuous Mission, Operation Snake<0A>Eater is a solo sneaking mission.<0A><END>","Virtuous MISSION처럼, 작전 Snake Eater는 단독 잠입 MISSION입니다.<0A><00>",64,not_generated,
codec,830,작,64,1,codec:830:14,"Like the Virtuous Mission, Operation Snake<0A>Eater is a solo sneaking mission.<0A><END>","Virtuous MISSION처럼, 작전 Snake Eater는 단독 잠입 MISSION입니다.<0A><00>",64,not_generated,
codec,830,잠,64,1,codec:830:14,"Like the Virtuous Mission, Operation Snake<0A>Eater is a solo sneaking mission.<0A><END>","Virtuous MISSION처럼, 작전 Snake Eater는 단독 잠입 MISSION입니다.<0A><00>",64,not_generated,
codec,830,전,64,1,codec:830:14,"Like the Virtuous Mission, Operation Snake<0A>Eater is a solo sneaking mission.<0A><END>","Virtuous MISSION처럼, 작전 Snake Eater는 단독 잠입 MISSION입니다.<0A><00>",64,not_generated,
codec,830,처,64,1,codec:830:14,"Like the Virtuous Mission, Operation Snake<0A>Eater is a solo sneaking mission.<0A><END>","Virtuous MISSION처럼, 작전 Snake Eater는 단독 잠입 MISSION입니다.<0A><00>",64,not_generated,
codec,831,과,64,1,codec:831:14,"Unlike the Virtuous Mission, this is<0A>a night operation.<0A><END>",Virtuous Mission과 달리 야간 작전입니다.<0A><00>,64,not_generated,
codec,831,달,64,1,codec:831:14,"Unlike the Virtuous Mission, this is<0A>a night operation.<0A><END>",Virtuous Mission과 달리 야간 작전입니다.<0A><00>,64,not_generated,
codec,831,작,64,1,codec:831:14,"Unlike the Virtuous Mission, this is<0A>a night operation.<0A><END>",Virtuous Mission과 달리 야간 작전입니다.<0A><00>,64,not_generated,
codec,831,전,64,1,codec:831:14,"Unlike the Virtuous Mission, this is<0A>a night operation.<0A><END>",Virtuous Mission과 달리 야간 작전입니다.<0A><00>,64,not_generated,
codec,833,과,64,1,codec:833:14,Operation Snake Eater is different from the<0A>Virtuous Mission in that you won't be able<0A>to complete it in just a few hours.<0A><END>,OPERATION SNAKE EATER는 몇 시간 만에 끝난 VIRTUOUS MISSION과 달라.<0A><00>,64,not_generated,
codec,833,끝,64,1,codec:833:14,Operation Snake Eater is different from the<0A>Virtuous Mission in that you won't be able<0A>to complete it in just a few hours.<0A><END>,OPERATION SNAKE EATER는 몇 시간 만에 끝난 VIRTUOUS MISSION과 달라.<0A><00>,64,not_generated,
codec,833,달,64,1,codec:833:14,Operation Snake Eater is different from the<0A>Virtuous Mission in that you won't be able<0A>to complete it in just a few hours.<0A><END>,OPERATION SNAKE EATER는 몇 시간 만에 끝난 VIRTUOUS MISSION과 달라.<0A><00>,64,not_generated,
codec,833,몇,64,1,codec:833:14,Operation Snake Eater is different from the<0A>Virtuous Mission in that you won't be able<0A>to complete it in just a few hours.<0A><END>,OPERATION SNAKE EATER는 몇 시간 만에 끝난 VIRTUOUS MISSION과 달라.<0A><00>,64,not_generated,
codec,841,능,64,1,codec:841:15,That's impossible. The drone shouldn't have<0A>been picked up by their radar at all.<0A><END>,불가능해. DRONE이 RADAR에 잡힐 리 없어.<0A><00>,64,not_generated,
codec,841,불,64,1,codec:841:15,That's impossible. The drone shouldn't have<0A>been picked up by their radar at all.<0A><END>,불가능해. DRONE이 RADAR에 잡힐 리 없어.<0A><00>,64,not_generated,
codec,841,힐,64,1,codec:841:15,That's impossible. The drone shouldn't have<0A>been picked up by their radar at all.<0A><END>,불가능해. DRONE이 RADAR에 잡힐 리 없어.<0A><00>,64,not_generated,
codec,843,진,64,1,codec:843:14,"Snake, you don't have a tranquilizer<0A>gun right now.<0A><END>","Snake, 지금은 진정제 총이 없다.<0A><00>",64,not_generated,
codec,843,총,64,1,codec:843:14,"Snake, you don't have a tranquilizer<0A>gun right now.<0A><END>","Snake, 지금은 진정제 총이 없다.<0A><00>",64,not_generated,
codec,849,럼,64,2,codec:849:33|codec:849:47,<G40>Y qu<G6A> hora?<0A><END> || Et une heure ?<0A><END>,그럼 시간은?<0A><00> || 그럼 1시간은?<0A><00>,64,not_generated,
codec,859,벼,64,1,codec:859:17,...lighten up...<0A><END>,...가벼워지다...<0A><00>,64,not_generated,
codec,859,워,64,1,codec:859:17,...lighten up...<0A><END>,...가벼워지다...<0A><00>,64,not_generated,
codec,861,럼,64,1,codec:861:18,Of course I do.<0A><END>,그럼.<0A><00>,64,not_generated,
codec,898,괜,64,1,codec:898:24,"Snake, are you OK? Snake!!<0A><END>","Snake, 괜찮나? Snake!!<0A><00>",64,not_generated,
codec,898,찮,64,1,codec:898:24,"Snake, are you OK? Snake!!<0A><END>","Snake, 괜찮나? Snake!!<0A><00>",64,not_generated,
codec,909,과,64,1,codec:909:15,Pass through the warehouse and you'll<0A>come out into a forest.<0A><END>,WAREHOUSE를 통과하면 숲이 나와.<0A><00>,64,not_generated,
codec,909,통,64,1,codec:909:15,Pass through the warehouse and you'll<0A>come out into a forest.<0A><END>,WAREHOUSE를 통과하면 숲이 나와.<0A><00>,64,not_generated,
codec,911,갔,64,1,codec:911:14,"Major, Sokolov's been hauled off.<0A><END>","Major, Sokolov가 끌려갔어.<0A><00>",64,not_generated,
codec,911,끌,64,1,codec:911:14,"Major, Sokolov's been hauled off.<0A><END>","Major, Sokolov가 끌려갔어.<0A><00>",64,not_generated,
codec,927,님,64,1,codec:927:24,"Major, this door...<0A><END>","소령님, 이 문은...<0A><00>",64,not_generated,
codec,927,열,64,1,codec:927:25,It won't open?<0A><END>,안 열려?<0A><00>,64,not_generated,
codec,956,글,64,1,codec:956:14,Who knows - they'll probably be a little more<0A>desperate for food just lying around.<0A><END>,글쎄. 먹을 게 부족해질지도.<0A><00>,64,not_generated,
codec,956,먹,64,1,codec:956:14,Who knows - they'll probably be a little more<0A>desperate for food just lying around.<0A><END>,글쎄. 먹을 게 부족해질지도.<0A><00>,64,not_generated,
codec,956,쎄,64,1,codec:956:14,Who knows - they'll probably be a little more<0A>desperate for food just lying around.<0A><END>,글쎄. 먹을 게 부족해질지도.<0A><00>,64,not_generated,
codec,956,족,64,1,codec:956:14,Who knows - they'll probably be a little more<0A>desperate for food just lying around.<0A><END>,글쎄. 먹을 게 부족해질지도.<0A><00>,64,not_generated,
codec,956,질,64,1,codec:956:14,Who knows - they'll probably be a little more<0A>desperate for food just lying around.<0A><END>,글쎄. 먹을 게 부족해질지도.<0A><00>,64,not_generated,
codec,992,각,64,1,codec:992:55,T'as vraiment l'esprit tordu...<0A><END>FO,정말 이상한 생각이군...<0A><00>,64,not_generated,
codec,992,생,64,1,codec:992:55,T'as vraiment l'esprit tordu...<0A><END>FO,정말 이상한 생각이군...<0A><00>,64,not_generated,
codec,999,널,64,1,codec:999:19,The tunnel to Groznyj Grad.<0A><END>,Groznyj Grad로 가는 터널.<0A><00>,64,not_generated,
codec,999,텨,64,1,codec:999:14,"Snake, hold on.<0A><END>","Snake, 버텨.<0A><00>",64,not_generated,
codec,1006,농,64,1,codec:1006:17,No kidding.<0A><END>,농담이 아닙니다.<0A><00>,64,not_generated,
codec,1006,닙,64,1,codec:1006:17,No kidding.<0A><END>,농담이 아닙니다.<0A><00>,64,not_generated,
codec,1006,담,64,1,codec:1006:17,No kidding.<0A><END>,농담이 아닙니다.<0A><00>,64,not_generated,
codec,1039,따,64,1,codec:1039:14,"Snake, are you being pursued by the<0A>enemy?<0A><END>","Snake, enemy가 따라오나?<0A><00>",64,not_generated,
codec,1039,오,64,1,codec:1039:14,"Snake, are you being pursued by the<0A>enemy?<0A><END>","Snake, enemy가 따라오나?<0A><00>",64,not_generated,
codec,1067,된,64,1,codec:1067:14,"Snake, it appears they've got snipers<0A>in place.<0A><END>","Snake, SNIPER가 배치된 것 같아.<0A><00>",64,not_generated,
codec,1067,배,64,1,codec:1067:14,"Snake, it appears they've got snipers<0A>in place.<0A><END>","Snake, SNIPER가 배치된 것 같아.<0A><00>",64,not_generated,
codec,1067,치,64,1,codec:1067:14,"Snake, it appears they've got snipers<0A>in place.<0A><END>","Snake, SNIPER가 배치된 것 같아.<0A><00>",64,not_generated,
codec,1081,떼,64,1,codec:1081:15,You'll need to use a grenade to get rid of<0A>the hornet swarm first.<0A><END>,먼저 GRENADE로 HORNET 떼를 없애.<0A><00>,64,not_generated,
codec,1081,먼,64,1,codec:1081:15,You'll need to use a grenade to get rid of<0A>the hornet swarm first.<0A><END>,먼저 GRENADE로 HORNET 떼를 없애.<0A><00>,64,not_generated,
codec,1081,애,64,1,codec:1081:15,You'll need to use a grenade to get rid of<0A>the hornet swarm first.<0A><END>,먼저 GRENADE로 HORNET 떼를 없애.<0A><00>,64,not_generated,
codec,1089,롭,64,1,codec:1089:14,"Snake, if The Pain's hornets stick to you,<0A>you won't be able to move freely.<0A><END>","Snake, The Pain의 HORNET이 붙으면 자유롭게 못 움직여.<0A><00>",64,not_generated,
codec,1089,붙,64,1,codec:1089:14,"Snake, if The Pain's hornets stick to you,<0A>you won't be able to move freely.<0A><END>","Snake, The Pain의 HORNET이 붙으면 자유롭게 못 움직여.<0A><00>",64,not_generated,
codec,1089,움,64,1,codec:1089:14,"Snake, if The Pain's hornets stick to you,<0A>you won't be able to move freely.<0A><END>","Snake, The Pain의 HORNET이 붙으면 자유롭게 못 움직여.<0A><00>",64,not_generated,
codec,1089,직,64,1,codec:1089:14,"Snake, if The Pain's hornets stick to you,<0A>you won't be able to move freely.<0A><END>","Snake, The Pain의 HORNET이 붙으면 자유롭게 못 움직여.<0A><00>",64,not_generated,
codec,1097,속,64,1,codec:1097:14,"To move forward underwater, use the<0A>Circle Pad.<0A><END>",물속에서 CIRCLE PAD로 전진해.<0A><00>,64,not_generated,
codec,1097,전,64,1,codec:1097:14,"To move forward underwater, use the<0A>Circle Pad.<0A><END>",물속에서 CIRCLE PAD로 전진해.<0A><00>,64,not_generated,
codec,1097,진,64,1,codec:1097:14,"To move forward underwater, use the<0A>Circle Pad.<0A><END>",물속에서 CIRCLE PAD로 전진해.<0A><00>,64,not_generated,
codec,1101,빛,64,1,codec:1101:15,"When you're near the light from a flare,<0A>your Camo Index will go down.<0A><END>",FLARE 빛 가까이에선 CAMO INDEX가 내려가.<0A><00>,64,not_generated,
codec,1101,선,64,1,codec:1101:15,"When you're near the light from a flare,<0A>your Camo Index will go down.<0A><END>",FLARE 빛 가까이에선 CAMO INDEX가 내려가.<0A><00>,64,not_generated,
codec,1107,글,64,1,codec:1107:25,"Well, I...<0A><END>","글쎄요, 저는...<0A><00>",64,not_generated,
codec,1107,댄,64,1,codec:1107:27,A ritual dance?<0A><END>,의식 댄스?<0A><00>,64,not_generated,
codec,1107,론,64,1,codec:1107:30,Of course.<0A><END>,물론이죠.<0A><00>,64,not_generated,
codec,1107,식,64,1,codec:1107:27,A ritual dance?<0A><END>,의식 댄스?<0A><00>,64,not_generated,
codec,1107,쎄,64,1,codec:1107:25,"Well, I...<0A><END>","글쎄요, 저는...<0A><00>",64,not_generated,
codec,1107,죠,64,1,codec:1107:30,Of course.<0A><END>,물론이죠.<0A><00>,64,not_generated,
codec,1118,통,64,1,codec:1118:24,"Snake, ton d<G6A>guisement a l'air de fonctionner.<0A><END>","Snake, disguise가 통하는군.<0A><00>",64,not_generated,
codec,1121,굴,64,1,codec:1121:16,Take care to keep your face hidden<0A>from the scientists.<0A><END>,SCIENTIST에게 얼굴을 보이지 마.<0A><00>,64,not_generated,
codec,1121,얼,64,1,codec:1121:16,Take care to keep your face hidden<0A>from the scientists.<0A><END>,SCIENTIST에게 얼굴을 보이지 마.<0A><00>,64,not_generated,
codec,1130,주,64,1,codec:1130:12,"Go into the Survival Viewer and use<0A>""CURE"" to give yourself a serum<0A>injection!<0A><END>",SURVIVAL에서 CURE로 SERUM을 주사해!<0A><00>,64,not_generated,
codec,1146,노,64,1,codec:1146:15,He's lying low somewhere in those woods<0A>and waiting for his chance.<0A><END>,숲 어딘가에 숨어 기회를 노리고 있어.<0A><00>,64,not_generated,
codec,1146,딘,64,1,codec:1146:15,He's lying low somewhere in those woods<0A>and waiting for his chance.<0A><END>,숲 어딘가에 숨어 기회를 노리고 있어.<0A><00>,64,not_generated,
codec,1146,숨,64,1,codec:1146:15,He's lying low somewhere in those woods<0A>and waiting for his chance.<0A><END>,숲 어딘가에 숨어 기회를 노리고 있어.<0A><00>,64,not_generated,
codec,1146,회,64,1,codec:1146:15,He's lying low somewhere in those woods<0A>and waiting for his chance.<0A><END>,숲 어딘가에 숨어 기회를 노리고 있어.<0A><00>,64,not_generated,
codec,1150,늘,64,1,codec:1150:10,"If you're hit by one of The End's<0A>tranquilizer rounds, the tranquilizer<0A>needle will stay stuck in your body.<0A><END>",The End의 마취탄에 맞으면 바늘이 몸에 박혀.<0A><00>,64,not_generated,
codec,1150,맞,64,1,codec:1150:10,"If you're hit by one of The End's<0A>tranquilizer rounds, the tranquilizer<0A>needle will stay stuck in your body.<0A><END>",The End의 마취탄에 맞으면 바늘이 몸에 박혀.<0A><00>,64,not_generated,
codec,1150,몸,64,1,codec:1150:10,"If you're hit by one of The End's<0A>tranquilizer rounds, the tranquilizer<0A>needle will stay stuck in your body.<0A><END>",The End의 마취탄에 맞으면 바늘이 몸에 박혀.<0A><00>,64,not_generated,
codec,1150,박,64,1,codec:1150:10,"If you're hit by one of The End's<0A>tranquilizer rounds, the tranquilizer<0A>needle will stay stuck in your body.<0A><END>",The End의 마취탄에 맞으면 바늘이 몸에 박혀.<0A><00>,64,not_generated,
codec,1150,취,64,1,codec:1150:10,"If you're hit by one of The End's<0A>tranquilizer rounds, the tranquilizer<0A>needle will stay stuck in your body.<0A><END>",The End의 마취탄에 맞으면 바늘이 몸에 박혀.<0A><00>,64,not_generated,
codec,1150,탄,64,1,codec:1150:10,"If you're hit by one of The End's<0A>tranquilizer rounds, the tranquilizer<0A>needle will stay stuck in your body.<0A><END>",The End의 마취탄에 맞으면 바늘이 몸에 박혀.<0A><00>,64,not_generated,
codec,1150,혀,64,1,codec:1150:10,"If you're hit by one of The End's<0A>tranquilizer rounds, the tranquilizer<0A>needle will stay stuck in your body.<0A><END>",The End의 마취탄에 맞으면 바늘이 몸에 박혀.<0A><00>,64,not_generated,
codec,1153,줘,64,1,codec:1153:14,The best locations for sniping are<0A>determined naturally by the terrain.<0A><END>,SNIPING 위치는 지형이 정해 줘.<0A><00>,64,not_generated,
codec,1153,치,64,1,codec:1153:14,The best locations for sniping are<0A>determined naturally by the terrain.<0A><END>,SNIPING 위치는 지형이 정해 줘.<0A><00>,64,not_generated,
codec,1153,형,64,1,codec:1153:14,The best locations for sniping are<0A>determined naturally by the terrain.<0A><END>,SNIPING 위치는 지형이 정해 줘.<0A><00>,64,not_generated,
codec,1161,써,64,1,codec:1161:16,You might also try using the directional<0A>microphone.<0A><END>,DIRECTIONAL MIC도 써 봐.<0A><00>,64,not_generated,
codec,1164,높,64,1,codec:1164:30,"Snake, ces montagnes sont tr<G69>s <G6A>lev<G6A>es.<0A><END>","Snake, 이 산은 아주 높아.<0A><00>",64,not_generated,
codec,1164,산,64,1,codec:1164:30,"Snake, ces montagnes sont tr<G69>s <G6A>lev<G6A>es.<0A><END>","Snake, 이 산은 아주 높아.<0A><00>",64,not_generated,
codec,1164,주,64,1,codec:1164:30,"Snake, ces montagnes sont tr<G69>s <G6A>lev<G6A>es.<0A><END>","Snake, 이 산은 아주 높아.<0A><00>",64,not_generated,
codec,1175,공,64,1,codec:1175:14,You can operate an anti-aircraft gun<0A>emplacement by standing next to it<0A>and pressing the Action Button.<0A><END>,대공포 옆에서<0A>액션 버튼을 눌러 조작해.<0A><00>,64,not_generated,
codec,1175,눌,64,1,codec:1175:14,You can operate an anti-aircraft gun<0A>emplacement by standing next to it<0A>and pressing the Action Button.<0A><END>,대공포 옆에서<0A>액션 버튼을 눌러 조작해.<0A><00>,64,not_generated,
codec,1175,액,64,1,codec:1175:14,You can operate an anti-aircraft gun<0A>emplacement by standing next to it<0A>and pressing the Action Button.<0A><END>,대공포 옆에서<0A>액션 버튼을 눌러 조작해.<0A><00>,64,not_generated,
codec,1175,옆,64,1,codec:1175:14,You can operate an anti-aircraft gun<0A>emplacement by standing next to it<0A>and pressing the Action Button.<0A><END>,대공포 옆에서<0A>액션 버튼을 눌러 조작해.<0A><00>,64,not_generated,
codec,1175,작,64,1,codec:1175:14,You can operate an anti-aircraft gun<0A>emplacement by standing next to it<0A>and pressing the Action Button.<0A><END>,대공포 옆에서<0A>액션 버튼을 눌러 조작해.<0A><00>,64,not_generated,
codec,1175,튼,64,1,codec:1175:14,You can operate an anti-aircraft gun<0A>emplacement by standing next to it<0A>and pressing the Action Button.<0A><END>,대공포 옆에서<0A>액션 버튼을 눌러 조작해.<0A><00>,64,not_generated,
codec,1189,곧,64,1,codec:1189:17,"Sorry, Major. I'll get...<0A><END>","미안, Major. 곧...<0A><00>",64,not_generated,
codec,1189,찾,64,1,codec:1189:14,"Snake, have you found Raikov?<0A><END>","Snake, Raikov를 찾았나요?<0A><00>",64,not_generated,
codec,1212,실,64,1,codec:1212:16,"If that happens, your mission will end in<0A>failure.<0A><END>",그러면 MISSION은 실패야.<0A><00>,64,not_generated,
codec,1212,패,64,1,codec:1212:16,"If that happens, your mission will end in<0A>failure.<0A><END>",그러면 MISSION은 실패야.<0A><00>,64,not_generated,
codec,1218,연,64,1,codec:1218:15,Coincidence?<0A><END>,우연의 일치?<0A><00>,64,not_generated,
codec,1218,치,64,1,codec:1218:15,Coincidence?<0A><END>,우연의 일치?<0A><00>,64,not_generated,
codec,1218,형,64,1,codec:1218:22,I don't have any brothers.<0A><END>,난 형제가 없어.<0A><00>,64,not_generated,
codec,1219,괜,64,1,codec:1219:26,You're all right...<0A><END>,괜찮아...<0A><00>,64,not_generated,
codec,1219,찮,64,1,codec:1219:26,You're all right...<0A><END>,괜찮아...<0A><00>,64,not_generated,
codec,1224,럼,64,1,codec:1224:16,"What was it, then?<0A><END>",그럼 뭐였지?<0A><00>,64,not_generated,
codec,1224,였,64,1,codec:1224:16,"What was it, then?<0A><END>",그럼 뭐였지?<0A><00>,64,not_generated,
codec,1231,짜,64,1,codec:1231:17,A fake death pill?<0A><END>,가짜 사형제?<0A><00>,64,not_generated,
codec,1231,형,64,1,codec:1231:17,A fake death pill?<0A><END>,가짜 사형제?<0A><00>,64,not_generated,
codec,1240,긴,64,1,codec:1240:17,...Where am I?<0A><END>,...여긴 어디지?<0A><00>,64,not_generated,
codec,1240,꿈,64,1,codec:1240:24,Was it a dream...<0A><END>,꿈이었나...<0A><00>,64,not_generated,
codec,1240,년,64,1,codec:1240:15,"...Major, what year is this?<0A><END>","...소령님, 올해는 몇 년도입니까?<0A><00>",64,not_generated,
codec,1240,님,64,1,codec:1240:15,"...Major, what year is this?<0A><END>","...소령님, 올해는 몇 년도입니까?<0A><00>",64,not_generated,
codec,1240,몇,64,1,codec:1240:15,"...Major, what year is this?<0A><END>","...소령님, 올해는 몇 년도입니까?<0A><00>",64,not_generated,
codec,1240,송,64,1,codec:1240:16,Beg your pardon?<0A><END>,죄송합니다.<0A><00>,64,not_generated,
codec,1240,죄,64,1,codec:1240:16,Beg your pardon?<0A><END>,죄송합니다.<0A><00>,64,not_generated,
codec,1240,합,64,1,codec:1240:16,Beg your pardon?<0A><END>,죄송합니다.<0A><00>,64,not_generated,
codec,1257,끝,64,1,codec:1257:19,"When it reaches zero, it's all over.<0A>You've got to finish him off before then!<0A><END>",0이 되면 끝이야. 그전에 끝내!<0A><00>,64,not_generated,
codec,1257,속,64,1,codec:1257:18,And don't forget that the timer is still<0A>ticking on the C3 detonators.<0A><END>,C3 TIMER가 계속 가는 것도 잊지 마.<0A><00>,64,not_generated,
codec,1257,잊,64,1,codec:1257:18,And don't forget that the timer is still<0A>ticking on the C3 detonators.<0A><END>,C3 TIMER가 계속 가는 것도 잊지 마.<0A><00>,64,not_generated,
codec,1257,전,64,1,codec:1257:19,"When it reaches zero, it's all over.<0A>You've got to finish him off before then!<0A><END>",0이 되면 끝이야. 그전에 끝내!<0A><00>,64,not_generated,
codec,1344,골,64,1,codec:1344:10,"To treat an injury, first press the START<0A>button to open the Survival Viewer.<0A>Then select ""CURE"" to start the treatment.<0A><END>",부상 치료는 START로 SURVIVAL을 열고 CURE를 골라.<0A><00>,64,not_generated,
codec,1344,료,64,2,codec:1344:11|codec:1344:10,"Healing is divided into medicinal<0A>treatment and surgical treatment.<0A><END> || To treat an injury, first press the START<0A>button to open the Survival Viewer.<0A>Then select ""CURE"" to start the treatment.<0A><END>",치유에는 약물치료와 수술치료가 있다.<0A><00> || 부상 치료는 START로 SURVIVAL을 열고 CURE를 골라.<0A><00>,64,not_generated,
codec,1344,술,64,1,codec:1344:11,Healing is divided into medicinal<0A>treatment and surgical treatment.<0A><END>,치유에는 약물치료와 수술치료가 있다.<0A><00>,64,not_generated,
codec,1344,약,64,1,codec:1344:11,Healing is divided into medicinal<0A>treatment and surgical treatment.<0A><END>,치유에는 약물치료와 수술치료가 있다.<0A><00>,64,not_generated,
codec,1344,열,64,1,codec:1344:10,"To treat an injury, first press the START<0A>button to open the Survival Viewer.<0A>Then select ""CURE"" to start the treatment.<0A><END>",부상 치료는 START로 SURVIVAL을 열고 CURE를 골라.<0A><00>,64,not_generated,
codec,1344,치,64,2,codec:1344:11|codec:1344:10,"Healing is divided into medicinal<0A>treatment and surgical treatment.<0A><END> || To treat an injury, first press the START<0A>button to open the Survival Viewer.<0A>Then select ""CURE"" to start the treatment.<0A><END>",치유에는 약물치료와 수술치료가 있다.<0A><00> || 부상 치료는 START로 SURVIVAL을 열고 CURE를 골라.<0A><00>,64,not_generated,
codec,1354,든,64,1,codec:1354:14,"Snake, watch out for enemy soldiers<0A>carrying RPG-7s.<0A><END>","Snake, RPG-7 든 적을 조심해.<0A><00>",64,not_generated,
codec,1357,먹,64,1,codec:1357:14,So be sure to check the icon before you<0A>eat the food.<0A><END>,FOOD를 먹기 전 ICON을 확인해.<0A><00>,64,not_generated,
codec,1357,전,64,1,codec:1357:14,So be sure to check the icon before you<0A>eat the food.<0A><END>,FOOD를 먹기 전 ICON을 확인해.<0A><00>,64,not_generated,
codec,1357,확,64,1,codec:1357:14,So be sure to check the icon before you<0A>eat the food.<0A><END>,FOOD를 먹기 전 ICON을 확인해.<0A><00>,64,not_generated,
codec,1359,토,64,1,codec:1359:11,You can also induce vomiting.<0A><END>,토할 수도 있어.<0A><00>,64,not_generated,
codec,1362,엄,64,1,codec:1362:15,"You'll move in the direction that the<0A>camera is facing. So, point the camera<0A>in the direction you want to swim.<0A><END>",CAMERA 방향으로 움직여. 헤엄칠 방향으로 CAMERA를 돌려.<0A><00>,64,not_generated,
codec,1362,움,64,1,codec:1362:15,"You'll move in the direction that the<0A>camera is facing. So, point the camera<0A>in the direction you want to swim.<0A><END>",CAMERA 방향으로 움직여. 헤엄칠 방향으로 CAMERA를 돌려.<0A><00>,64,not_generated,
codec,1362,직,64,1,codec:1362:15,"You'll move in the direction that the<0A>camera is facing. So, point the camera<0A>in the direction you want to swim.<0A><END>",CAMERA 방향으로 움직여. 헤엄칠 방향으로 CAMERA를 돌려.<0A><00>,64,not_generated,
codec,1362,칠,64,1,codec:1362:15,"You'll move in the direction that the<0A>camera is facing. So, point the camera<0A>in the direction you want to swim.<0A><END>",CAMERA 방향으로 움직여. 헤엄칠 방향으로 CAMERA를 돌려.<0A><00>,64,not_generated,
codec,1362,향,64,1,codec:1362:15,"You'll move in the direction that the<0A>camera is facing. So, point the camera<0A>in the direction you want to swim.<0A><END>",CAMERA 방향으로 움직여. 헤엄칠 방향으로 CAMERA를 돌려.<0A><00>,64,not_generated,
codec,1362,헤,64,1,codec:1362:15,"You'll move in the direction that the<0A>camera is facing. So, point the camera<0A>in the direction you want to swim.<0A><END>",CAMERA 방향으로 움직여. 헤엄칠 방향으로 CAMERA를 돌려.<0A><00>,64,not_generated,
codec,1365,롤,64,1,codec:1365:14,"Snake, let's go over the controls for<0A>CQC one more time.<0A><END>","Snake, CQC에 대한 컨트롤을 한 번 더 살펴보겠습니다.<0A><00>",64,not_generated,
codec,1365,살,64,1,codec:1365:14,"Snake, let's go over the controls for<0A>CQC one more time.<0A><END>","Snake, CQC에 대한 컨트롤을 한 번 더 살펴보겠습니다.<0A><00>",64,not_generated,
codec,1365,컨,64,1,codec:1365:14,"Snake, let's go over the controls for<0A>CQC one more time.<0A><END>","Snake, CQC에 대한 컨트롤을 한 번 더 살펴보겠습니다.<0A><00>",64,not_generated,
codec,1365,트,64,1,codec:1365:14,"Snake, let's go over the controls for<0A>CQC one more time.<0A><END>","Snake, CQC에 대한 컨트롤을 한 번 더 살펴보겠습니다.<0A><00>",64,not_generated,
codec,1365,펴,64,1,codec:1365:14,"Snake, let's go over the controls for<0A>CQC one more time.<0A><END>","Snake, CQC에 대한 컨트롤을 한 번 더 살펴보겠습니다.<0A><00>",64,not_generated,
codec,1366,격,64,1,codec:1366:26,"But stay alert. While the enemy is nearly<0A>helpless in your grasp, if you give him<0A>a chance, he'll turn the tables on you.<0A><END>",방심 마. 붙잡힌 적도 기회를 주면 반격해.<0A><00>,64,not_generated,
codec,1366,뒤,64,1,codec:1366:14,"When you're holding an enemy from<0A>behind, he'll be almost completely<0A>helpless.<0A><END>",적을 뒤에서 붙잡고 있으면 그는 거의 완전히 무력해질 거다.<0A><00>,64,not_generated,
codec,1366,력,64,1,codec:1366:14,"When you're holding an enemy from<0A>behind, he'll be almost completely<0A>helpless.<0A><END>",적을 뒤에서 붙잡고 있으면 그는 거의 완전히 무력해질 거다.<0A><00>,64,not_generated,
codec,1366,반,64,1,codec:1366:26,"But stay alert. While the enemy is nearly<0A>helpless in your grasp, if you give him<0A>a chance, he'll turn the tables on you.<0A><END>",방심 마. 붙잡힌 적도 기회를 주면 반격해.<0A><00>,64,not_generated,
codec,1366,붙,64,2,codec:1366:26|codec:1366:14,"But stay alert. While the enemy is nearly<0A>helpless in your grasp, if you give him<0A>a chance, he'll turn the tables on you.<0A><END> || When you're holding an enemy from<0A>behind, he'll be almost completely<0A>helpless.<0A><END>",방심 마. 붙잡힌 적도 기회를 주면 반격해.<0A><00> || 적을 뒤에서 붙잡고 있으면 그는 거의 완전히 무력해질 거다.<0A><00>,64,not_generated,
codec,1366,쓸,64,1,codec:1366:15,"From there, there are a number of things<0A>you can do.<0A><END>",거기서 여러 방법을 쓸 수 있어.<0A><00>,64,not_generated,
codec,1366,완,64,1,codec:1366:14,"When you're holding an enemy from<0A>behind, he'll be almost completely<0A>helpless.<0A><END>",적을 뒤에서 붙잡고 있으면 그는 거의 완전히 무력해질 거다.<0A><00>,64,not_generated,
codec,1366,전,64,1,codec:1366:14,"When you're holding an enemy from<0A>behind, he'll be almost completely<0A>helpless.<0A><END>",적을 뒤에서 붙잡고 있으면 그는 거의 완전히 무력해질 거다.<0A><00>,64,not_generated,
codec,1366,주,64,1,codec:1366:26,"But stay alert. While the enemy is nearly<0A>helpless in your grasp, if you give him<0A>a chance, he'll turn the tables on you.<0A><END>",방심 마. 붙잡힌 적도 기회를 주면 반격해.<0A><00>,64,not_generated,
codec,1366,질,64,1,codec:1366:14,"When you're holding an enemy from<0A>behind, he'll be almost completely<0A>helpless.<0A><END>",적을 뒤에서 붙잡고 있으면 그는 거의 완전히 무력해질 거다.<0A><00>,64,not_generated,
codec,1366,회,64,1,codec:1366:26,"But stay alert. While the enemy is nearly<0A>helpless in your grasp, if you give him<0A>a chance, he'll turn the tables on you.<0A><END>",방심 마. 붙잡힌 적도 기회를 주면 반격해.<0A><00>,64,not_generated,
codec,1366,힌,64,1,codec:1366:26,"But stay alert. While the enemy is nearly<0A>helpless in your grasp, if you give him<0A>a chance, he'll turn the tables on you.<0A><END>",방심 마. 붙잡힌 적도 기회를 주면 반격해.<0A><00>,64,not_generated,
codec,1367,권,64,1,codec:1367:15,"such as the survival knife, a handgun,<0A>or your bare hands.<0A><END>","예를 들어 SURVIVAL 나이프, 권총 또는 맨손.<0A><00>",64,not_generated,
codec,1367,맨,64,1,codec:1367:15,"such as the survival knife, a handgun,<0A>or your bare hands.<0A><END>","예를 들어 SURVIVAL 나이프, 권총 또는 맨손.<0A><00>",64,not_generated,
codec,1367,손,64,1,codec:1367:15,"such as the survival knife, a handgun,<0A>or your bare hands.<0A><END>","예를 들어 SURVIVAL 나이프, 권총 또는 맨손.<0A><00>",64,not_generated,
codec,1367,예,64,1,codec:1367:15,"such as the survival knife, a handgun,<0A>or your bare hands.<0A><END>","예를 들어 SURVIVAL 나이프, 권총 또는 맨손.<0A><00>",64,not_generated,
codec,1367,총,64,1,codec:1367:15,"such as the survival knife, a handgun,<0A>or your bare hands.<0A><END>","예를 들어 SURVIVAL 나이프, 권총 또는 맨손.<0A><00>",64,not_generated,
codec,1369,뒤,64,1,codec:1369:17,Apparently that's what they call The Boss<0A>behind the Iron Curtain.<0A><END>,분명히 그들은 철의 장막 뒤의 The Boss라고 부릅니다.<0A><00>,64,not_generated,
codec,1369,릅,64,1,codec:1369:17,Apparently that's what they call The Boss<0A>behind the Iron Curtain.<0A><END>,분명히 그들은 철의 장막 뒤의 The Boss라고 부릅니다.<0A><00>,64,not_generated,
codec,1369,막,64,1,codec:1369:17,Apparently that's what they call The Boss<0A>behind the Iron Curtain.<0A><END>,분명히 그들은 철의 장막 뒤의 The Boss라고 부릅니다.<0A><00>,64,not_generated,
codec,1369,예,64,1,codec:1369:16,Voyevoda?<0A><END>,보예보다?<0A><00>,64,not_generated,
codec,1369,장,64,1,codec:1369:17,Apparently that's what they call The Boss<0A>behind the Iron Curtain.<0A><END>,분명히 그들은 철의 장막 뒤의 The Boss라고 부릅니다.<0A><00>,64,not_generated,
codec,1369,철,64,1,codec:1369:17,Apparently that's what they call The Boss<0A>behind the Iron Curtain.<0A><END>,분명히 그들은 철의 장막 뒤의 The Boss라고 부릅니다.<0A><00>,64,not_generated,
codec,1370,북,64,1,codec:1370:14,"Major, why did The Boss defect?<0A><END>","소령, The Boss는 왜 탈북했나요?<0A><00>",64,not_generated,
codec,1370,탈,64,1,codec:1370:14,"Major, why did The Boss defect?<0A><END>","소령, The Boss는 왜 탈북했나요?<0A><00>",64,not_generated,
codec,1370,했,64,1,codec:1370:14,"Major, why did The Boss defect?<0A><END>","소령, The Boss는 왜 탈북했나요?<0A><00>",64,not_generated,
codec,1373,경,64,1,codec:1373:51,"Volgin, pour sa part,<0A><END>","Volgin의 경우,<0A><00>",64,not_generated,
codec,1374,결,64,1,codec:1374:77,"Apr<G69>s cela, les Am<G6A>ricains <G6A>tant toujours<0A>derri<G69>re les Sovi<G6A>tiques en terme de vol<0A>orbital, le Pr<G6A>sident Kennedy a pris une<0A>d<G6A>cision l<G6A>gendaire.<0A><END>",그 후 궤도 비행 측면에서 미국이 여전히 소련에 뒤처져 있는 상황에서 케네디 대통령은 전설적인 결정을 내렸습니다.<0A><00>,64,not_generated,
codec,1374,국,64,1,codec:1374:77,"Apr<G69>s cela, les Am<G6A>ricains <G6A>tant toujours<0A>derri<G69>re les Sovi<G6A>tiques en terme de vol<0A>orbital, le Pr<G6A>sident Kennedy a pris une<0A>d<G6A>cision l<G6A>gendaire.<0A><END>",그 후 궤도 비행 측면에서 미국이 여전히 소련에 뒤처져 있는 상황에서 케네디 대통령은 전설적인 결정을 내렸습니다.<0A><00>,64,not_generated,
codec,1374,궤,64,1,codec:1374:77,"Apr<G69>s cela, les Am<G6A>ricains <G6A>tant toujours<0A>derri<G69>re les Sovi<G6A>tiques en terme de vol<0A>orbital, le Pr<G6A>sident Kennedy a pris une<0A>d<G6A>cision l<G6A>gendaire.<0A><END>",그 후 궤도 비행 측면에서 미국이 여전히 소련에 뒤처져 있는 상황에서 케네디 대통령은 전설적인 결정을 내렸습니다.<0A><00>,64,not_generated,
codec,1374,뒤,64,1,codec:1374:77,"Apr<G69>s cela, les Am<G6A>ricains <G6A>tant toujours<0A>derri<G69>re les Sovi<G6A>tiques en terme de vol<0A>orbital, le Pr<G6A>sident Kennedy a pris une<0A>d<G6A>cision l<G6A>gendaire.<0A><END>",그 후 궤도 비행 측면에서 미국이 여전히 소련에 뒤처져 있는 상황에서 케네디 대통령은 전설적인 결정을 내렸습니다.<0A><00>,64,not_generated,
codec,1374,련,64,1,codec:1374:77,"Apr<G69>s cela, les Am<G6A>ricains <G6A>tant toujours<0A>derri<G69>re les Sovi<G6A>tiques en terme de vol<0A>orbital, le Pr<G6A>sident Kennedy a pris une<0A>d<G6A>cision l<G6A>gendaire.<0A><END>",그 후 궤도 비행 측면에서 미국이 여전히 소련에 뒤처져 있는 상황에서 케네디 대통령은 전설적인 결정을 내렸습니다.<0A><00>,64,not_generated,
codec,1374,렸,64,1,codec:1374:77,"Apr<G69>s cela, les Am<G6A>ricains <G6A>tant toujours<0A>derri<G69>re les Sovi<G6A>tiques en terme de vol<0A>orbital, le Pr<G6A>sident Kennedy a pris une<0A>d<G6A>cision l<G6A>gendaire.<0A><END>",그 후 궤도 비행 측면에서 미국이 여전히 소련에 뒤처져 있는 상황에서 케네디 대통령은 전설적인 결정을 내렸습니다.<0A><00>,64,not_generated,
codec,1374,비,64,1,codec:1374:77,"Apr<G69>s cela, les Am<G6A>ricains <G6A>tant toujours<0A>derri<G69>re les Sovi<G6A>tiques en terme de vol<0A>orbital, le Pr<G6A>sident Kennedy a pris une<0A>d<G6A>cision l<G6A>gendaire.<0A><END>",그 후 궤도 비행 측면에서 미국이 여전히 소련에 뒤처져 있는 상황에서 케네디 대통령은 전설적인 결정을 내렸습니다.<0A><00>,64,not_generated,
codec,1374,전,64,1,codec:1374:77,"Apr<G69>s cela, les Am<G6A>ricains <G6A>tant toujours<0A>derri<G69>re les Sovi<G6A>tiques en terme de vol<0A>orbital, le Pr<G6A>sident Kennedy a pris une<0A>d<G6A>cision l<G6A>gendaire.<0A><END>",그 후 궤도 비행 측면에서 미국이 여전히 소련에 뒤처져 있는 상황에서 케네디 대통령은 전설적인 결정을 내렸습니다.<0A><00>,64,not_generated,
codec,1374,져,64,1,codec:1374:77,"Apr<G69>s cela, les Am<G6A>ricains <G6A>tant toujours<0A>derri<G69>re les Sovi<G6A>tiques en terme de vol<0A>orbital, le Pr<G6A>sident Kennedy a pris une<0A>d<G6A>cision l<G6A>gendaire.<0A><END>",그 후 궤도 비행 측면에서 미국이 여전히 소련에 뒤처져 있는 상황에서 케네디 대통령은 전설적인 결정을 내렸습니다.<0A><00>,64,not_generated,
codec,1374,처,64,1,codec:1374:77,"Apr<G69>s cela, les Am<G6A>ricains <G6A>tant toujours<0A>derri<G69>re les Sovi<G6A>tiques en terme de vol<0A>orbital, le Pr<G6A>sident Kennedy a pris une<0A>d<G6A>cision l<G6A>gendaire.<0A><END>",그 후 궤도 비행 측면에서 미국이 여전히 소련에 뒤처져 있는 상황에서 케네디 대통령은 전설적인 결정을 내렸습니다.<0A><00>,64,not_generated,
codec,1374,측,64,1,codec:1374:77,"Apr<G69>s cela, les Am<G6A>ricains <G6A>tant toujours<0A>derri<G69>re les Sovi<G6A>tiques en terme de vol<0A>orbital, le Pr<G6A>sident Kennedy a pris une<0A>d<G6A>cision l<G6A>gendaire.<0A><END>",그 후 궤도 비행 측면에서 미국이 여전히 소련에 뒤처져 있는 상황에서 케네디 대통령은 전설적인 결정을 내렸습니다.<0A><00>,64,not_generated,
codec,1374,케,64,1,codec:1374:77,"Apr<G69>s cela, les Am<G6A>ricains <G6A>tant toujours<0A>derri<G69>re les Sovi<G6A>tiques en terme de vol<0A>orbital, le Pr<G6A>sident Kennedy a pris une<0A>d<G6A>cision l<G6A>gendaire.<0A><END>",그 후 궤도 비행 측면에서 미국이 여전히 소련에 뒤처져 있는 상황에서 케네디 대통령은 전설적인 결정을 내렸습니다.<0A><00>,64,not_generated,
codec,1374,통,64,1,codec:1374:77,"Apr<G69>s cela, les Am<G6A>ricains <G6A>tant toujours<0A>derri<G69>re les Sovi<G6A>tiques en terme de vol<0A>orbital, le Pr<G6A>sident Kennedy a pris une<0A>d<G6A>cision l<G6A>gendaire.<0A><END>",그 후 궤도 비행 측면에서 미국이 여전히 소련에 뒤처져 있는 상황에서 케네디 대통령은 전설적인 결정을 내렸습니다.<0A><00>,64,not_generated,
codec,1374,황,64,1,codec:1374:77,"Apr<G69>s cela, les Am<G6A>ricains <G6A>tant toujours<0A>derri<G69>re les Sovi<G6A>tiques en terme de vol<0A>orbital, le Pr<G6A>sident Kennedy a pris une<0A>d<G6A>cision l<G6A>gendaire.<0A><END>",그 후 궤도 비행 측면에서 미국이 여전히 소련에 뒤처져 있는 상황에서 케네디 대통령은 전설적인 결정을 내렸습니다.<0A><00>,64,not_generated,
codec,1375,두,64,1,codec:1375:15,We're one step away from a nuclear war.<0A><END>,우리는 핵전쟁을 앞두고 있습니다.<0A><00>,64,not_generated,
codec,1375,앞,64,1,codec:1375:15,We're one step away from a nuclear war.<0A><END>,우리는 핵전쟁을 앞두고 있습니다.<0A><00>,64,not_generated,
codec,1375,쟁,64,1,codec:1375:15,We're one step away from a nuclear war.<0A><END>,우리는 핵전쟁을 앞두고 있습니다.<0A><00>,64,not_generated,
codec,1375,전,64,1,codec:1375:15,We're one step away from a nuclear war.<0A><END>,우리는 핵전쟁을 앞두고 있습니다.<0A><00>,64,not_generated,
codec,1375,주,64,2,codec:1375:45|codec:1375:21,... Une semaine.<0A><END> || ...One week.<0A><END>,일주일.<0A><00> || ...1주일.<0A><00>,64,not_generated,
codec,1375,콘,64,1,codec:1375:16,"Defcon 2, huh.<0A><END>","데프콘 2, 응.<0A><00>",64,not_generated,
codec,1375,핵,64,1,codec:1375:15,We're one step away from a nuclear war.<0A><END>,우리는 핵전쟁을 앞두고 있습니다.<0A><00>,64,not_generated,
codec,1396,냥,64,1,codec:1396:15,Are you planning to just leave Raikov's<0A>corpse there?<0A><END>,Raikov의 시체를 그냥 둘 거야?<0A><00>,64,not_generated,
codec,1396,체,64,1,codec:1396:15,Are you planning to just leave Raikov's<0A>corpse there?<0A><END>,Raikov의 시체를 그냥 둘 거야?<0A><00>,64,not_generated,
codec,1397,실,64,1,codec:1397:17,"In other words, mission failed.<0A><END>","다시 말해, MISSION 실패다.<0A><00>",64,not_generated,
codec,1397,패,64,1,codec:1397:17,"In other words, mission failed.<0A><END>","다시 말해, MISSION 실패다.<0A><00>",64,not_generated,
codec,1431,능,64,1,codec:1431:647,Claymores pack quite a punch.<0A>Don't risk heavy injury. Be careful.<0A><END>,Claymores는 상당한 성능을 발휘합니다. 큰 부상을 입을 위험이 없다. 조심해.<0A><00>,64,not_generated,
codec,1431,당,64,1,codec:1431:647,Claymores pack quite a punch.<0A>Don't risk heavy injury. Be careful.<0A><END>,Claymores는 상당한 성능을 발휘합니다. 큰 부상을 입을 위험이 없다. 조심해.<0A><00>,64,not_generated,
codec,1431,발,64,1,codec:1431:647,Claymores pack quite a punch.<0A>Don't risk heavy injury. Be careful.<0A><END>,Claymores는 상당한 성능을 발휘합니다. 큰 부상을 입을 위험이 없다. 조심해.<0A><00>,64,not_generated,
codec,1431,큰,64,1,codec:1431:647,Claymores pack quite a punch.<0A>Don't risk heavy injury. Be careful.<0A><END>,Claymores는 상당한 성능을 발휘합니다. 큰 부상을 입을 위험이 없다. 조심해.<0A><00>,64,not_generated,
codec,1431,합,64,1,codec:1431:647,Claymores pack quite a punch.<0A>Don't risk heavy injury. Be careful.<0A><END>,Claymores는 상당한 성능을 발휘합니다. 큰 부상을 입을 위험이 없다. 조심해.<0A><00>,64,not_generated,
codec,1431,휘,64,1,codec:1431:647,Claymores pack quite a punch.<0A>Don't risk heavy injury. Be careful.<0A><END>,Claymores는 상당한 성능을 발휘합니다. 큰 부상을 입을 위험이 없다. 조심해.<0A><00>,64,not_generated,
codec,1449,백,64,1,codec:1449:20,It should be obvious.<0A><END>,명백해야 한다.<0A><00>,64,not_generated,
codec,1465,경,64,1,codec:1465:4526,C'<G6A>tait la voie de secours dont EVA a parl<G6A>.<0A>Tu arrives <G61> l'ouvrir ?<0A><END>,이것은 EVA가 말한 탈출 경로였습니다. 열어주실 수 있나?<0A><00>,64,not_generated,
codec,1465,실,64,1,codec:1465:4526,C'<G6A>tait la voie de secours dont EVA a parl<G6A>.<0A>Tu arrives <G61> l'ouvrir ?<0A><END>,이것은 EVA가 말한 탈출 경로였습니다. 열어주실 수 있나?<0A><00>,64,not_generated,
codec,1465,열,64,1,codec:1465:4526,C'<G6A>tait la voie de secours dont EVA a parl<G6A>.<0A>Tu arrives <G61> l'ouvrir ?<0A><END>,이것은 EVA가 말한 탈출 경로였습니다. 열어주실 수 있나?<0A><00>,64,not_generated,
codec,1465,였,64,1,codec:1465:4526,C'<G6A>tait la voie de secours dont EVA a parl<G6A>.<0A>Tu arrives <G61> l'ouvrir ?<0A><END>,이것은 EVA가 말한 탈출 경로였습니다. 열어주실 수 있나?<0A><00>,64,not_generated,
codec,1465,주,64,1,codec:1465:4526,C'<G6A>tait la voie de secours dont EVA a parl<G6A>.<0A>Tu arrives <G61> l'ouvrir ?<0A><END>,이것은 EVA가 말한 탈출 경로였습니다. 열어주실 수 있나?<0A><00>,64,not_generated,
codec,1465,출,64,1,codec:1465:4526,C'<G6A>tait la voie de secours dont EVA a parl<G6A>.<0A>Tu arrives <G61> l'ouvrir ?<0A><END>,이것은 EVA가 말한 탈출 경로였습니다. 열어주실 수 있나?<0A><00>,64,not_generated,
codec,1465,탈,64,1,codec:1465:4526,C'<G6A>tait la voie de secours dont EVA a parl<G6A>.<0A>Tu arrives <G61> l'ouvrir ?<0A><END>,이것은 EVA가 말한 탈출 경로였습니다. 열어주실 수 있나?<0A><00>,64,not_generated,
codec,1481,늪,64,1,codec:1481:10,The crocodiles in that swamp are extremely<0A>vicious.<0A><END>,그 늪의 CROCODILE은 아주 사나워.<0A><00>,64,not_generated,
codec,1481,워,64,1,codec:1481:10,The crocodiles in that swamp are extremely<0A>vicious.<0A><END>,그 늪의 CROCODILE은 아주 사나워.<0A><00>,64,not_generated,
codec,1481,주,64,1,codec:1481:10,The crocodiles in that swamp are extremely<0A>vicious.<0A><END>,그 늪의 CROCODILE은 아주 사나워.<0A><00>,64,not_generated,
codec,1491,닛,64,1,codec:1491:10,"EVA, what kind of unit are those Ocelots<0A>I fought a little while ago?<0A><END>","EVA, 제가 조금 전에 싸운 Ocelot는 어떤 유닛인가?<0A><00>",64,not_generated,
codec,1491,떤,64,1,codec:1491:10,"EVA, what kind of unit are those Ocelots<0A>I fought a little while ago?<0A><END>","EVA, 제가 조금 전에 싸운 Ocelot는 어떤 유닛인가?<0A><00>",64,not_generated,
codec,1491,싸,64,1,codec:1491:10,"EVA, what kind of unit are those Ocelots<0A>I fought a little while ago?<0A><END>","EVA, 제가 조금 전에 싸운 Ocelot는 어떤 유닛인가?<0A><00>",64,not_generated,
codec,1491,운,64,1,codec:1491:10,"EVA, what kind of unit are those Ocelots<0A>I fought a little while ago?<0A><END>","EVA, 제가 조금 전에 싸운 Ocelot는 어떤 유닛인가?<0A><00>",64,not_generated,
codec,1491,전,64,1,codec:1491:10,"EVA, what kind of unit are those Ocelots<0A>I fought a little while ago?<0A><END>","EVA, 제가 조금 전에 싸운 Ocelot는 어떤 유닛인가?<0A><00>",64,not_generated,
codec,1497,셨,64,1,codec:1497:10,"Good, you made it to Bolshaya Past.<0A><END>",좋습니다. Bolshaya Past에 도착하셨습니다.<0A><00>,64,not_generated,
codec,1497,착,64,1,codec:1497:10,"Good, you made it to Bolshaya Past.<0A><END>",좋습니다. Bolshaya Past에 도착하셨습니다.<0A><00>,64,not_generated,
codec,1509,푸,64,1,codec:1509:23,Pues... no.<0A><END>,푸에... 아니.<0A><00>,64,not_generated,
codec,1512,출,64,1,codec:1512:10,"EVA, is that attack chopper the escape<0A>route you were talking about?<0A><END>","EVA, 저 ATTACK CHOPPER가 말한 탈출로야?<0A><00>",64,not_generated,
codec,1512,탈,64,1,codec:1512:10,"EVA, is that attack chopper the escape<0A>route you were talking about?<0A><END>","EVA, 저 ATTACK CHOPPER가 말한 탈출로야?<0A><00>",64,not_generated,
codec,1516,몰,64,1,codec:1516:14,I don't know. The Cobras only take orders<0A>from The Boss.<0A><END>,몰라. Cobra는 The Boss의 명령만 들어.<0A><00>,64,not_generated,
codec,1522,굴,64,1,codec:1522:10,That cave is known as Chyornaya<0A>Peschera.<0A><END>,그 동굴은 Chyornaya Peschera로 알려져 있습니다.<0A><00>,64,not_generated,
codec,1522,동,64,1,codec:1522:10,That cave is known as Chyornaya<0A>Peschera.<0A><END>,그 동굴은 Chyornaya Peschera로 알려져 있습니다.<0A><00>,64,not_generated,
codec,1522,져,64,1,codec:1522:10,That cave is known as Chyornaya<0A>Peschera.<0A><END>,그 동굴은 Chyornaya Peschera로 알려져 있습니다.<0A><00>,64,not_generated,
codec,1523,겼,64,1,codec:1523:10,"Snake, you beat The Pain!<0A><END>","Snake, 당신이 The Pain를 이겼어요!<0A><00>",64,not_generated,
codec,1523,당,64,1,codec:1523:10,"Snake, you beat The Pain!<0A><END>","Snake, 당신이 The Pain를 이겼어요!<0A><00>",64,not_generated,
codec,1523,신,64,1,codec:1523:10,"Snake, you beat The Pain!<0A><END>","Snake, 당신이 The Pain를 이겼어요!<0A><00>",64,not_generated,
codec,1531,북,64,1,codec:1531:12,the forest to the north.<0A><END>,북쪽의 숲.<0A><00>,64,not_generated,
codec,1531,쪽,64,1,codec:1531:12,the forest to the north.<0A><END>,북쪽의 숲.<0A><00>,64,not_generated,
codec,1532,북,64,1,codec:1532:10,Head north and you'll come to Sokrovenno.<0A><END>,북쪽으로 가면 Sokrovenno야.<0A><00>,64,not_generated,
codec,1532,쪽,64,1,codec:1532:10,Head north and you'll come to Sokrovenno.<0A><END>,북쪽으로 가면 Sokrovenno야.<0A><00>,64,not_generated,
codec,1540,걸,64,1,codec:1540:15,Why are you asking me that?<0A><END>,왜 그런 걸 물어?<0A><00>,64,not_generated,
codec,1543,당,64,1,codec:1543:20,Only natural?<0A><END>,당연한 일?<0A><00>,64,not_generated,
codec,1543,매,64,1,codec:1543:36,<G40>Muy normal?<0A><END>,매우 정상인가?<0A><00>,64,not_generated,
codec,1543,연,64,1,codec:1543:20,Only natural?<0A><END>,당연한 일?<0A><00>,64,not_generated,
codec,1543,취,64,1,codec:1543:23,"Sounds like your type, huh?<0A><END>",네 취향 같군?<0A><00>,64,not_generated,
codec,1543,향,64,1,codec:1543:23,"Sounds like your type, huh?<0A><END>",네 취향 같군?<0A><00>,64,not_generated,
codec,1568,뭔,64,1,codec:1568:16,A present? What is it?<0A><END>,선물? 뭔데?<0A><00>,64,not_generated,
codec,1568,선,64,1,codec:1568:16,A present? What is it?<0A><END>,선물? 뭔데?<0A><00>,64,not_generated,
codec,1568,회,64,1,codec:1568:14,Detour?<0A><END>,우회로?<0A><00>,64,not_generated,
codec,1573,갈,64,1,codec:1573:11,The only ones who are cleared to enter<0A>the west wing are those with colonel-class<0A>authorization.<0A><END>,서관은 Colonel급 권한이 있어야 들어갈 수 있어.<0A><00>,64,not_generated,
codec,1573,관,64,1,codec:1573:11,The only ones who are cleared to enter<0A>the west wing are those with colonel-class<0A>authorization.<0A><END>,서관은 Colonel급 권한이 있어야 들어갈 수 있어.<0A><00>,64,not_generated,
codec,1573,권,64,1,codec:1573:11,The only ones who are cleared to enter<0A>the west wing are those with colonel-class<0A>authorization.<0A><END>,서관은 Colonel급 권한이 있어야 들어갈 수 있어.<0A><00>,64,not_generated,
codec,1573,급,64,1,codec:1573:11,The only ones who are cleared to enter<0A>the west wing are those with colonel-class<0A>authorization.<0A><END>,서관은 Colonel급 권한이 있어야 들어갈 수 있어.<0A><00>,64,not_generated,
codec,1579,진,64,2,codec:1579:23|codec:1579:63,Even after seeing that photo?<0A><END> || M<G6B>me apr<G69>s avoir vu cette photo ?<0A><END>,그 사진을 보고도?<0A><00> || 이 사진을 보고도?<0A><00>,64,not_generated,
codec,1582,먹,64,1,codec:1582:12,Why aren't you eating it?<0A><END>,왜 안 먹어?<0A><00>,64,not_generated,
codec,1586,뭘,64,1,codec:1586:43,A quoi ! ?<0A><END>,뭘!?<0A><00>,64,not_generated,
codec,1597,배,64,1,codec:1597:20,"I was hungry, OK!? Give me a break!<0A>It's just a little packet of noodles...<0A><END>",배가 고팠어! 작은 NOODLES 하나잖아...<0A><00>,64,not_generated,
codec,1597,작,64,1,codec:1597:20,"I was hungry, OK!? Give me a break!<0A>It's just a little packet of noodles...<0A><END>",배가 고팠어! 작은 NOODLES 하나잖아...<0A><00>,64,not_generated,
codec,1597,잖,64,1,codec:1597:20,"I was hungry, OK!? Give me a break!<0A>It's just a little packet of noodles...<0A><END>",배가 고팠어! 작은 NOODLES 하나잖아...<0A><00>,64,not_generated,
codec,1597,팠,64,1,codec:1597:20,"I was hungry, OK!? Give me a break!<0A>It's just a little packet of noodles...<0A><END>",배가 고팠어! 작은 NOODLES 하나잖아...<0A><00>,64,not_generated,
codec,1601,낭,64,2,codec:1601:18|codec:1601:17,A waste of time?<0A><END> || It'd be a waste of time.<0A><END>,시간 낭비인가?<0A><00> || 시간 낭비가 될 거다.<0A><00>,64,not_generated,
codec,1601,비,64,2,codec:1601:18|codec:1601:17,A waste of time?<0A><END> || It'd be a waste of time.<0A><END>,시간 낭비인가?<0A><00> || 시간 낭비가 될 거다.<0A><00>,64,not_generated,
codec,1603,얻,64,1,codec:1603:10,"EVA, that Shagohod data you got from<0A>Sokolov...<0A><END>","EVA, Sokolov에게서 얻은 Shagohod 데이터...<0A><00>",64,not_generated,
codec,1604,새,64,1,codec:1604:12,I use it to take pictures of the fortress<0A>and the Shagohod and...<0A><END>,요새와 Shagohod의 사진을 찍고...<0A><00>,64,not_generated,
codec,1604,진,64,1,codec:1604:12,I use it to take pictures of the fortress<0A>and the Shagohod and...<0A><END>,요새와 Shagohod의 사진을 찍고...<0A><00>,64,not_generated,
codec,1604,찍,64,1,codec:1604:12,I use it to take pictures of the fortress<0A>and the Shagohod and...<0A><END>,요새와 Shagohod의 사진을 찍고...<0A><00>,64,not_generated,
codec,1607,중,64,1,codec:1607:11,I'm on my way to the rail bridge.<0A><END>,RAIL BRIDGE로 가는 중이야.<0A><00>,64,not_generated,
codec,1613,새,64,1,codec:1613:10,"The name Groznyj Grad means<0A>""the terrible fortress.""<0A><END>",Groznyj Grad는 무서운 요새라는 뜻이야.<0A><00>,64,not_generated,
codec,1613,운,64,1,codec:1613:10,"The name Groznyj Grad means<0A>""the terrible fortress.""<0A><END>",Groznyj Grad는 무서운 요새라는 뜻이야.<0A><00>,64,not_generated,
codec,1623,랫,64,1,codec:1623:10,Flying platforms?<0A><END>,비행 플랫폼?<0A><00>,64,not_generated,
codec,1623,비,64,1,codec:1623:10,Flying platforms?<0A><END>,비행 플랫폼?<0A><00>,64,not_generated,
codec,1623,폼,64,1,codec:1623:10,Flying platforms?<0A><END>,비행 플랫폼?<0A><00>,64,not_generated,
codec,1623,플,64,1,codec:1623:10,Flying platforms?<0A><END>,비행 플랫폼?<0A><00>,64,not_generated,
codec,1632,죠,64,1,codec:1632:13,Uh huh. Then what?<0A><END>,어허. 그러면 어쩌죠?<0A><00>,64,not_generated,
codec,1632,쩌,64,1,codec:1632:13,Uh huh. Then what?<0A><END>,어허. 그러면 어쩌죠?<0A><00>,64,not_generated,
codec,1632,허,64,1,codec:1632:13,Uh huh. Then what?<0A><END>,어허. 그러면 어쩌죠?<0A><00>,64,not_generated,
codec,1635,뽑,64,1,codec:1635:10,"The Ocelots are an elite unit hand-picked<0A>from the ranks of Spetsnaz, GRU's special<0A>forces.<0A><END>",Ocelot은 GRU 특수부대 Spetsnaz에서 뽑은 정예야.<0A><00>,64,not_generated,
codec,1635,예,64,1,codec:1635:10,"The Ocelots are an elite unit hand-picked<0A>from the ranks of Spetsnaz, GRU's special<0A>forces.<0A><END>",Ocelot은 GRU 특수부대 Spetsnaz에서 뽑은 정예야.<0A><00>,64,not_generated,
codec,1641,과,64,1,codec:1641:10,"Even if you disguise yourself as<0A>a scientist,<0A><END>",과학자로 변장해도<0A><00>,64,not_generated,
codec,1641,변,64,1,codec:1641:10,"Even if you disguise yourself as<0A>a scientist,<0A><END>",과학자로 변장해도<0A><00>,64,not_generated,
codec,1641,장,64,1,codec:1641:10,"Even if you disguise yourself as<0A>a scientist,<0A><END>",과학자로 변장해도<0A><00>,64,not_generated,
codec,1641,학,64,1,codec:1641:10,"Even if you disguise yourself as<0A>a scientist,<0A><END>",과학자로 변장해도<0A><00>,64,not_generated,
codec,1656,변,64,1,codec:1656:10,"EVA, I disguised myself as Raikov.<0A><END>","EVA, Raikov로 변장했어요.<0A><00>",64,not_generated,
codec,1656,장,64,1,codec:1656:10,"EVA, I disguised myself as Raikov.<0A><END>","EVA, Raikov로 변장했어요.<0A><00>",64,not_generated,
codec,1656,했,64,1,codec:1656:10,"EVA, I disguised myself as Raikov.<0A><END>","EVA, Raikov로 변장했어요.<0A><00>",64,not_generated,
codec,1668,열,64,1,codec:1668:14,The only way to get in is to pretend you're<0A>Raikov and get them to open the door for<0A>you.<0A><END>,Raikov인 척해서 보초가 문을 열게 해야 해.<0A><00>,64,not_generated,
codec,1668,척,64,1,codec:1668:14,The only way to get in is to pretend you're<0A>Raikov and get them to open the door for<0A>you.<0A><END>,Raikov인 척해서 보초가 문을 열게 해야 해.<0A><00>,64,not_generated,
codec,1668,초,64,1,codec:1668:14,The only way to get in is to pretend you're<0A>Raikov and get them to open the door for<0A>you.<0A><END>,Raikov인 척해서 보초가 문을 열게 해야 해.<0A><00>,64,not_generated,
codec,1674,눈,64,1,codec:1674:14,But your eye...<0A><END>,그런데 네 눈은...<0A><00>,64,not_generated,
codec,1676,님,64,1,codec:1676:10,"Snake, I've got some good news.<0A><END>","Snake님, 좋은 소식이 있어요.<0A><00>",64,not_generated,
codec,1676,식,64,1,codec:1676:10,"Snake, I've got some good news.<0A><END>","Snake님, 좋은 소식이 있어요.<0A><00>",64,not_generated,
codec,1688,주,64,1,codec:1688:10,A specific radio frequency?<0A><END>,특정 RADIO 주파수?<0A><00>,64,not_generated,
codec,1688,파,64,1,codec:1688:10,A specific radio frequency?<0A><END>,특정 RADIO 주파수?<0A><00>,64,not_generated,
codec,1689,굉,64,1,codec:1689:18,G<G6A>nial...<0A><END>FON,굉장해...<0A><00>,64,not_generated,
codec,1689,장,64,1,codec:1689:18,G<G6A>nial...<0A><END>FON,굉장해...<0A><00>,64,not_generated,
codec,1690,앞,64,1,codec:1690:11,Stand in front of the door and SEND<0A>a message on frequency 144.75!<0A><END>,문 앞에서 144.75에 SEND해!<0A><00>,64,not_generated,
codec,1694,꿈,64,1,codec:1694:14,A dream?<0A><END>,꿈?<0A><00>,64,not_generated,
codec,1694,노,64,1,codec:1694:28,Any song?<0A><END>,노래 있나?<0A><00>,64,not_generated,
codec,1700,두,64,1,codec:1700:11,"When the count reaches zero, all of<0A>the C3 charges will explode at once.<0A><END>",COUNT가 0이 되면 C3가 모두 폭발해.<0A><00>,64,not_generated,
codec,1700,모,64,1,codec:1700:11,"When the count reaches zero, all of<0A>the C3 charges will explode at once.<0A><END>",COUNT가 0이 되면 C3가 모두 폭발해.<0A><00>,64,not_generated,
codec,1700,발,64,1,codec:1700:11,"When the count reaches zero, all of<0A>the C3 charges will explode at once.<0A><END>",COUNT가 0이 되면 C3가 모두 폭발해.<0A><00>,64,not_generated,
codec,1700,폭,64,1,codec:1700:11,"When the count reaches zero, all of<0A>the C3 charges will explode at once.<0A><END>",COUNT가 0이 되면 C3가 모두 폭발해.<0A><00>,64,not_generated,
codec,1706,출,64,1,codec:1706:12,About our escape plan...<0A><END>,우리의 탈출 계획에 대해...<0A><00>,64,not_generated,
codec,1706,탈,64,1,codec:1706:12,About our escape plan...<0A><END>,우리의 탈출 계획에 대해...<0A><00>,64,not_generated,
codec,1708,당,64,2,codec:1708:25|codec:1708:16,<G40>Tus bolsas?<0A><END> || Your bags?<0A><END>,당신의 가방은요?<0A><00> || 당신의 가방은요?<0A><00>,64,not_generated,
codec,1708,신,64,2,codec:1708:25|codec:1708:16,<G40>Tus bolsas?<0A><END> || Your bags?<0A><END>,당신의 가방은요?<0A><00> || 당신의 가방은요?<0A><00>,64,not_generated,
codec,1710,각,64,1,codec:1710:11,"EVA, what do you think?<0A><END>","EVA, 어떻게 생각하세요?<0A><00>",64,not_generated,
codec,1710,생,64,1,codec:1710:11,"EVA, what do you think?<0A><END>","EVA, 어떻게 생각하세요?<0A><00>",64,not_generated,
codec,1711,구,64,1,codec:1711:14,Frog!?<0A><END>,개구리!?<0A><00>,64,not_generated,
codec,1712,굴,64,1,codec:1712:13,He's got a handsome face.<0A><END>,잘생긴 얼굴이야.<0A><00>,64,not_generated,
codec,1712,긴,64,1,codec:1712:13,He's got a handsome face.<0A><END>,잘생긴 얼굴이야.<0A><00>,64,not_generated,
codec,1712,떤,64,1,codec:1712:10,"EVA, what kind of guy is Raikov?<0A><END>","EVA, Raikov는 어떤 자야?<0A><00>",64,not_generated,
codec,1712,럼,64,1,codec:1712:23,Okay then...<0A><END>,그럼요...<0A><00>,64,not_generated,
codec,1712,른,64,1,codec:1712:12,Anything else?<0A><END>,다른 건 없나요?<0A><00>,64,not_generated,
codec,1712,생,64,1,codec:1712:13,He's got a handsome face.<0A><END>,잘생긴 얼굴이야.<0A><00>,64,not_generated,
codec,1712,얼,64,1,codec:1712:13,He's got a handsome face.<0A><END>,잘생긴 얼굴이야.<0A><00>,64,not_generated,
codec,1713,냥,64,1,codec:1713:13,And Granin was a hunting casuality?<0A><END>,Granin는 사냥 사상자였나요?<0A><00>,64,not_generated,
codec,1713,너,64,1,codec:1713:24,You too.<0A><END>,너도.<0A><00>,64,not_generated,
codec,1713,력,64,1,codec:1713:16,Just violence for violence sake.<0A><END>,폭력을 위한 폭력일 뿐이야.<0A><00>,64,not_generated,
codec,1713,뿐,64,1,codec:1713:16,Just violence for violence sake.<0A><END>,폭력을 위한 폭력일 뿐이야.<0A><00>,64,not_generated,
codec,1713,였,64,1,codec:1713:13,And Granin was a hunting casuality?<0A><END>,Granin는 사냥 사상자였나요?<0A><00>,64,not_generated,
codec,1713,폭,64,1,codec:1713:16,Just violence for violence sake.<0A><END>,폭력을 위한 폭력일 뿐이야.<0A><00>,64,not_generated,
codec,1714,맡,64,1,codec:1714:20,I'll leave that to you.<0A><END>,네게 맡기지.<0A><00>,64,not_generated,
codec,1714,불,64,1,codec:1714:13,Right. Here they call it an Ekranoplan.<0A><END>,그래. 여기선 Ekranoplan이라 불러.<0A><00>,64,not_generated,
codec,1714,선,64,1,codec:1714:13,Right. Here they call it an Ekranoplan.<0A><END>,그래. 여기선 Ekranoplan이라 불러.<0A><00>,64,not_generated,
codec,1714,출,64,1,codec:1714:10,"EVA, about the escape plan...<0A><END>","EVA, 탈출 계획에 대해...<0A><00>",64,not_generated,
codec,1714,탈,64,1,codec:1714:10,"EVA, about the escape plan...<0A><END>","EVA, 탈출 계획에 대해...<0A><00>",64,not_generated,
codec,1715,걸,64,1,codec:1715:17,Why are you telling me this?<0A><END>,왜 그걸 말해주는 거지?<0A><00>,64,not_generated,
codec,1715,닙,64,1,codec:1715:15,And it's not just Katyn.<0A><END>,그리고 그것은 단지 Katyn이 아닙니다.<0A><00>,64,not_generated,
codec,1715,단,64,1,codec:1715:15,And it's not just Katyn.<0A><END>,그리고 그것은 단지 Katyn이 아닙니다.<0A><00>,64,not_generated,
codec,1715,맞,64,1,codec:1715:11,"The Katyn Forest Massacre, right?<0A><END>","카틴 숲 학살, 맞죠?<0A><00>",64,not_generated,
codec,1715,살,64,1,codec:1715:11,"The Katyn Forest Massacre, right?<0A><END>","카틴 숲 학살, 맞죠?<0A><00>",64,not_generated,
codec,1715,엇,64,1,codec:1715:19,Volgin was?<0A><END>,Volgin는 무엇입니까?<0A><00>,64,not_generated,
codec,1715,죠,64,1,codec:1715:11,"The Katyn Forest Massacre, right?<0A><END>","카틴 숲 학살, 맞죠?<0A><00>",64,not_generated,
codec,1715,주,64,1,codec:1715:17,Why are you telling me this?<0A><END>,왜 그걸 말해주는 거지?<0A><00>,64,not_generated,
codec,1715,카,64,1,codec:1715:11,"The Katyn Forest Massacre, right?<0A><END>","카틴 숲 학살, 맞죠?<0A><00>",64,not_generated,
codec,1715,틴,64,1,codec:1715:11,"The Katyn Forest Massacre, right?<0A><END>","카틴 숲 학살, 맞죠?<0A><00>",64,not_generated,
codec,1715,학,64,1,codec:1715:11,"The Katyn Forest Massacre, right?<0A><END>","카틴 숲 학살, 맞죠?<0A><00>",64,not_generated,
codec,1729,클,64,1,codec:1729:59,Clappers?<0A><END>,클래퍼?<0A><00>,64,not_generated,
codec,1729,퍼,64,1,codec:1729:59,Clappers?<0A><END>,클래퍼?<0A><00>,64,not_generated,
codec,1737,굴,64,1,codec:1737:2181,l'aqueduc <G61> l'autre bout de la grotte.<0A><END>,동굴 반대편 끝에 있는 수로.<0A><00>,64,not_generated,
codec,1737,끝,64,1,codec:1737:2181,l'aqueduc <G61> l'autre bout de la grotte.<0A><END>,동굴 반대편 끝에 있는 수로.<0A><00>,64,not_generated,
codec,1737,동,64,1,codec:1737:2181,l'aqueduc <G61> l'autre bout de la grotte.<0A><END>,동굴 반대편 끝에 있는 수로.<0A><00>,64,not_generated,
codec,1737,반,64,1,codec:1737:2181,l'aqueduc <G61> l'autre bout de la grotte.<0A><END>,동굴 반대편 끝에 있는 수로.<0A><00>,64,not_generated,
codec,1740,깐,64,1,codec:1740:1985,Attends une minute...<0A><END>,잠깐...<0A><00>,64,not_generated,
codec,1740,잠,64,1,codec:1740:1985,Attends une minute...<0A><END>,잠깐...<0A><00>,64,not_generated,
codec,1754,갔,64,1,codec:1754:29,Enough. Hurry to the factory where ADAM<0A>is waiting. Scouts have probably already been<0A>sent out to investigate the explosion.<0A><END>,이제 됐다. ADAM이 기다리는 공장으로 서둘러. 폭발을 조사하러 정찰대가 갔을 거야.,64,not_generated,
codec,1754,공,64,1,codec:1754:29,Enough. Hurry to the factory where ADAM<0A>is waiting. Scouts have probably already been<0A>sent out to investigate the explosion.<0A><END>,이제 됐다. ADAM이 기다리는 공장으로 서둘러. 폭발을 조사하러 정찰대가 갔을 거야.,64,not_generated,
codec,1754,능,64,1,codec:1754:21,"No, that's impossible. The man The Boss<0A>is working with, Volgin, isn't exactly on<0A>speaking terms with Khrushchev.<0A><END>","아니, 불가능해. Volgin은<0A>hrushchev.와 사이가 안 좋아.<0A><00>",64,not_generated,
codec,1754,렸,64,1,codec:1754:30,"You've lost your weapon, right?<0A><END>",무기를 잃어버렸죠?<0A><00>,64,not_generated,
codec,1754,발,64,1,codec:1754:29,Enough. Hurry to the factory where ADAM<0A>is waiting. Scouts have probably already been<0A>sent out to investigate the explosion.<0A><END>,이제 됐다. ADAM이 기다리는 공장으로 서둘러. 폭발을 조사하러 정찰대가 갔을 거야.,64,not_generated,
codec,1754,불,64,1,codec:1754:21,"No, that's impossible. The man The Boss<0A>is working with, Volgin, isn't exactly on<0A>speaking terms with Khrushchev.<0A><END>","아니, 불가능해. Volgin은<0A>hrushchev.와 사이가 안 좋아.<0A><00>",64,not_generated,
codec,1754,잃,64,1,codec:1754:30,"You've lost your weapon, right?<0A><END>",무기를 잃어버렸죠?<0A><00>,64,not_generated,
codec,1754,장,64,1,codec:1754:29,Enough. Hurry to the factory where ADAM<0A>is waiting. Scouts have probably already been<0A>sent out to investigate the explosion.<0A><END>,이제 됐다. ADAM이 기다리는 공장으로 서둘러. 폭발을 조사하러 정찰대가 갔을 거야.,64,not_generated,
codec,1754,죠,64,1,codec:1754:30,"You've lost your weapon, right?<0A><END>",무기를 잃어버렸죠?<0A><00>,64,not_generated,
codec,1754,찰,64,1,codec:1754:29,Enough. Hurry to the factory where ADAM<0A>is waiting. Scouts have probably already been<0A>sent out to investigate the explosion.<0A><END>,이제 됐다. ADAM이 기다리는 공장으로 서둘러. 폭발을 조사하러 정찰대가 갔을 거야.,64,not_generated,
codec,1754,폭,64,1,codec:1754:29,Enough. Hurry to the factory where ADAM<0A>is waiting. Scouts have probably already been<0A>sent out to investigate the explosion.<0A><END>,이제 됐다. ADAM이 기다리는 공장으로 서둘러. 폭발을 조사하러 정찰대가 갔을 거야.,64,not_generated,
codec,1755,맞,64,1,codec:1755:10,"She's right, Snake. You should get some<0A>sleep.<0A><END>","그녀 말이 맞아, Snake. 좀 자.<0A><00>",64,not_generated,
codec,1755,좀,64,1,codec:1755:10,"She's right, Snake. You should get some<0A>sleep.<0A><END>","그녀 말이 맞아, Snake. 좀 자.<0A><00>",64,not_generated,
codec,1761,릴,64,1,codec:1761:16,He should be lying in wait for you in one<0A>of those places.<0A><END>,그 장소 중 하나에서 기다릴 거야.<0A><00>,64,not_generated,
codec,1761,장,64,1,codec:1761:16,He should be lying in wait for you in one<0A>of those places.<0A><END>,그 장소 중 하나에서 기다릴 거야.<0A><00>,64,not_generated,
codec,1761,중,64,1,codec:1761:16,He should be lying in wait for you in one<0A>of those places.<0A><END>,그 장소 중 하나에서 기다릴 거야.<0A><00>,64,not_generated,
codec,1763,갈,64,1,codec:1763:22,You can't get out.<0A><END>,나갈 수 없어.<0A><00>,64,not_generated,
codec,1763,곧,64,1,codec:1763:30,Uh huh. They'll be there any minute now.<0A>You've got to get out quick!<0A><END>,그래. 곧 올 거야.<0A>빨리 빠져나가!<0A><00>,64,not_generated,
codec,1763,빠,64,1,codec:1763:30,Uh huh. They'll be there any minute now.<0A>You've got to get out quick!<0A><END>,그래. 곧 올 거야.<0A>빨리 빠져나가!<0A><00>,64,not_generated,
codec,1763,빨,64,1,codec:1763:30,Uh huh. They'll be there any minute now.<0A>You've got to get out quick!<0A><END>,그래. 곧 올 거야.<0A>빨리 빠져나가!<0A><00>,64,not_generated,
codec,1763,전,64,1,codec:1763:20,"Yeah, and now all of Groznyj Grad is on<0A>red alert.<0A><END>","그래, Groznyj Grad 전체가 RED ALERT야.<0A><00>",64,not_generated,
codec,1763,져,64,1,codec:1763:30,Uh huh. They'll be there any minute now.<0A>You've got to get out quick!<0A><END>,그래. 곧 올 거야.<0A>빨리 빠져나가!<0A><00>,64,not_generated,
codec,1763,체,64,1,codec:1763:20,"Yeah, and now all of Groznyj Grad is on<0A>red alert.<0A><END>","그래, Groznyj Grad 전체가 RED ALERT야.<0A><00>",64,not_generated,
codec,1765,걱,64,1,codec:1765:11,Snake!? You didn't call...I was worried!<0A>Are you all right?<0A><END>,Snake!? 연락이 없어 걱정했어! 괜찮아?<0A><00>,64,not_generated,
codec,1765,괜,64,1,codec:1765:11,Snake!? You didn't call...I was worried!<0A>Are you all right?<0A><END>,Snake!? 연락이 없어 걱정했어! 괜찮아?<0A><00>,64,not_generated,
codec,1765,락,64,1,codec:1765:11,Snake!? You didn't call...I was worried!<0A>Are you all right?<0A><END>,Snake!? 연락이 없어 걱정했어! 괜찮아?<0A><00>,64,not_generated,
codec,1765,연,64,1,codec:1765:11,Snake!? You didn't call...I was worried!<0A>Are you all right?<0A><END>,Snake!? 연락이 없어 걱정했어! 괜찮아?<0A><00>,64,not_generated,
codec,1765,찮,64,1,codec:1765:11,Snake!? You didn't call...I was worried!<0A>Are you all right?<0A><END>,Snake!? 연락이 없어 걱정했어! 괜찮아?<0A><00>,64,not_generated,
codec,1765,했,64,1,codec:1765:11,Snake!? You didn't call...I was worried!<0A>Are you all right?<0A><END>,Snake!? 연락이 없어 걱정했어! 괜찮아?<0A><00>,64,not_generated,
codec,1771,약,64,1,codec:1771:18,Alright. I'll make sure I finish planting<0A>all 4 charges before I start the timer.<0A><END>,좋아. 타이머 전에 폭약 4개를 다 설치할게.,64,not_generated,
codec,1771,전,64,1,codec:1771:18,Alright. I'll make sure I finish planting<0A>all 4 charges before I start the timer.<0A><END>,좋아. 타이머 전에 폭약 4개를 다 설치할게.,64,not_generated,
codec,1771,치,64,1,codec:1771:18,Alright. I'll make sure I finish planting<0A>all 4 charges before I start the timer.<0A><END>,좋아. 타이머 전에 폭약 4개를 다 설치할게.,64,not_generated,
codec,1771,타,64,1,codec:1771:18,Alright. I'll make sure I finish planting<0A>all 4 charges before I start the timer.<0A><END>,좋아. 타이머 전에 폭약 4개를 다 설치할게.,64,not_generated,
codec,1771,폭,64,1,codec:1771:18,Alright. I'll make sure I finish planting<0A>all 4 charges before I start the timer.<0A><END>,좋아. 타이머 전에 폭약 4개를 다 설치할게.,64,not_generated,
codec,1782,남,64,1,codec:1782:26,You've still got a mission to complete.<0A><END>,아직 완료해야 할 MISSION가 남아 있다.<0A><00>,64,not_generated,
codec,1782,료,64,1,codec:1782:26,You've still got a mission to complete.<0A><END>,아직 완료해야 할 MISSION가 남아 있다.<0A><00>,64,not_generated,
codec,1782,완,64,1,codec:1782:26,You've still got a mission to complete.<0A><END>,아직 완료해야 할 MISSION가 남아 있다.<0A><00>,64,not_generated,
codec,1782,직,64,1,codec:1782:26,You've still got a mission to complete.<0A><END>,아직 완료해야 할 MISSION가 남아 있다.<0A><00>,64,not_generated,
codec,1783,했,64,1,codec:1783:14,"Well done, Snake!<0A><END>","잘했어요, Snake!<0A><00>",64,not_generated,
codec,1788,꼭,64,1,codec:1788:79,En la cima de la monta<G72>a. Entendido.<0A><END>,산 꼭대기에. 이해했다.<0A><00>,64,not_generated,
codec,1788,산,64,1,codec:1788:79,En la cima de la monta<G72>a. Entendido.<0A><END>,산 꼭대기에. 이해했다.<0A><00>,64,not_generated,
codec,1788,했,64,1,codec:1788:79,En la cima de la monta<G72>a. Entendido.<0A><END>,산 꼭대기에. 이해했다.<0A><00>,64,not_generated,
codec,1804,과,64,1,codec:1804:10,"Snake, unlike the Virtuous Mission, this is<0A>a night operation.<0A><END>","Snake, Virtuous Mission과 달리<0A>이번엔 야간 Mission이야.<0A><00>",64,not_generated,
codec,1804,달,64,1,codec:1804:10,"Snake, unlike the Virtuous Mission, this is<0A>a night operation.<0A><END>","Snake, Virtuous Mission과 달리<0A>이번엔 야간 Mission이야.<0A><00>",64,not_generated,
codec,1807,접,64,1,codec:1807:10,"Snake, be careful when you approach<0A>the enemy.<0A><END>","Snake, 적에게 접근할 때는 조심해.<0A><00>",64,not_generated,
codec,1815,강,64,1,codec:1815:12,"As you can see, they're very large.<0A>Strong, too.<0A><END>",보시다시피 매우 큽니다. 역시 강하다.<0A><00>,64,not_generated,
codec,1815,매,64,1,codec:1815:12,"As you can see, they're very large.<0A>Strong, too.<0A><END>",보시다시피 매우 큽니다. 역시 강하다.<0A><00>,64,not_generated,
codec,1815,역,64,1,codec:1815:12,"As you can see, they're very large.<0A>Strong, too.<0A><END>",보시다시피 매우 큽니다. 역시 강하다.<0A><00>,64,not_generated,
codec,1815,큽,64,1,codec:1815:12,"As you can see, they're very large.<0A>Strong, too.<0A><END>",보시다시피 매우 큽니다. 역시 강하다.<0A><00>,64,not_generated,
codec,1815,피,64,1,codec:1815:12,"As you can see, they're very large.<0A>Strong, too.<0A><END>",보시다시피 매우 큽니다. 역시 강하다.<0A><00>,64,not_generated,
codec,1818,격,64,1,codec:1818:10,"Snake, be careful of those attack dogs.<0A><END>","Snake, 저 공격견들을 조심해.<0A><00>",64,not_generated,
codec,1818,견,64,1,codec:1818:10,"Snake, be careful of those attack dogs.<0A><END>","Snake, 저 공격견들을 조심해.<0A><00>",64,not_generated,
codec,1818,공,64,1,codec:1818:10,"Snake, be careful of those attack dogs.<0A><END>","Snake, 저 공격견들을 조심해.<0A><00>",64,not_generated,
codec,1818,너,64,1,codec:1818:12,"No, you're the one who's dangerous.<0A><END>","아니, 위험한 건 너야.<0A><00>",64,not_generated,
codec,1822,전,64,1,codec:1822:11,"If you're engaging in proximity combat,<0A>use caution!<0A><END>",근접전 중엔 조심해!<0A><00>,64,not_generated,
codec,1822,접,64,1,codec:1822:11,"If you're engaging in proximity combat,<0A>use caution!<0A><END>",근접전 중엔 조심해!<0A><00>,64,not_generated,
codec,1822,중,64,1,codec:1822:11,"If you're engaging in proximity combat,<0A>use caution!<0A><END>",근접전 중엔 조심해!<0A><00>,64,not_generated,
codec,1837,럼,64,1,codec:1837:13,Then what?<0A><END>,그럼 어쩌죠?<0A><00>,64,not_generated,
codec,1837,벌,64,1,codec:1837:15,The hornets?<0A><END>,말벌?<0A><00>,64,not_generated,
codec,1837,죠,64,1,codec:1837:13,Then what?<0A><END>,그럼 어쩌죠?<0A><00>,64,not_generated,
codec,1837,쩌,64,1,codec:1837:13,Then what?<0A><END>,그럼 어쩌죠?<0A><00>,64,not_generated,
codec,1846,구,64,1,codec:1846:11,Hunt for food on a regular basis to keep<0A>your stamina level up.<0A><END>,꾸준히 식량을 구해 Stamina를 유지해.,64,not_generated,
codec,1846,꾸,64,1,codec:1846:11,Hunt for food on a regular basis to keep<0A>your stamina level up.<0A><END>,꾸준히 식량을 구해 Stamina를 유지해.,64,not_generated,
codec,1846,량,64,1,codec:1846:11,Hunt for food on a regular basis to keep<0A>your stamina level up.<0A><END>,꾸준히 식량을 구해 Stamina를 유지해.,64,not_generated,
codec,1846,식,64,1,codec:1846:11,Hunt for food on a regular basis to keep<0A>your stamina level up.<0A><END>,꾸준히 식량을 구해 Stamina를 유지해.,64,not_generated,
codec,1846,준,64,1,codec:1846:11,Hunt for food on a regular basis to keep<0A>your stamina level up.<0A><END>,꾸준히 식량을 구해 Stamina를 유지해.,64,not_generated,
codec,1854,녕,64,1,codec:1854:12,H... hello there.<0A><END>,아... 안녕.<0A><00>,64,not_generated,
codec,1854,멋,64,1,codec:1854:16,"Yeah, but it looks so cool...<0A><END>",그래도 멋지잖아...<0A><00>,64,not_generated,
codec,1854,잖,64,1,codec:1854:16,"Yeah, but it looks so cool...<0A><END>",그래도 멋지잖아...<0A><00>,64,not_generated,
codec,1860,쉬,64,1,codec:1860:11,Save the game and take a break.<0A><END>,SAVE하고 쉬어.<0A><00>,64,not_generated,
codec,1861,눈,64,1,codec:1861:10,"Snake, your right eye...<0A><END>","Snake, 오른쪽 눈...<0A><00>",64,not_generated,
codec,1861,료,64,1,codec:1861:13,So I can't heal it even in the Survival<0A>Viewer.<0A><END>,SURVIVAL VIEWER에서도 치료 못 해.<0A><00>,64,not_generated,
codec,1861,른,64,1,codec:1861:10,"Snake, your right eye...<0A><END>","Snake, 오른쪽 눈...<0A><00>",64,not_generated,
codec,1861,오,64,1,codec:1861:10,"Snake, your right eye...<0A><END>","Snake, 오른쪽 눈...<0A><00>",64,not_generated,
codec,1861,쪽,64,1,codec:1861:10,"Snake, your right eye...<0A><END>","Snake, 오른쪽 눈...<0A><00>",64,not_generated,
codec,1861,치,64,1,codec:1861:13,So I can't heal it even in the Survival<0A>Viewer.<0A><END>,SURVIVAL VIEWER에서도 치료 못 해.<0A><00>,64,not_generated,
codec,1864,체,64,1,codec:1864:17,What in the...?<0A><END>,대체 무슨...?<0A><00>,64,not_generated,
codec,1865,모,64,1,codec:1865:10,I think letting the guard see you throw up<0A>is a good idea.<0A><END>,보초에게 토하는 모습을 보여 주면 좋겠어.<0A><00>,64,not_generated,
codec,1865,주,64,1,codec:1865:10,I think letting the guard see you throw up<0A>is a good idea.<0A><END>,보초에게 토하는 모습을 보여 주면 좋겠어.<0A><00>,64,not_generated,
codec,1865,초,64,1,codec:1865:10,I think letting the guard see you throw up<0A>is a good idea.<0A><END>,보초에게 토하는 모습을 보여 주면 좋겠어.<0A><00>,64,not_generated,
codec,1865,토,64,1,codec:1865:10,I think letting the guard see you throw up<0A>is a good idea.<0A><END>,보초에게 토하는 모습을 보여 주면 좋겠어.<0A><00>,64,not_generated,
codec,1990,맞,64,1,codec:1990:25,<G22>Ah claro!<0A><END>,아 맞다!<0A><00>,64,not_generated,
codec,2022,뛰,64,1,codec:2022:13,Sometimes it even jumps several yards at<0A>a time.<0A><END>,몇 미터씩 뛰기도 해.<0A><00>,64,not_generated,
codec,2022,몇,64,1,codec:2022:13,Sometimes it even jumps several yards at<0A>a time.<0A><END>,몇 미터씩 뛰기도 해.<0A><00>,64,not_generated,
codec,2022,씩,64,1,codec:2022:13,Sometimes it even jumps several yards at<0A>a time.<0A><END>,몇 미터씩 뛰기도 해.<0A><00>,64,not_generated,
codec,2022,전,64,1,codec:2022:23,He's an expert on UMAs.<0A><END>,그는 UMA 전문가다.<0A><00>,64,not_generated,
codec,2029,땠,64,1,codec:2029:13,"So, how did it taste?<0A><END>",그래서 맛이 어땠어?<0A><00>,64,not_generated,
codec,2029,맛,64,1,codec:2029:13,"So, how did it taste?<0A><END>",그래서 맛이 어땠어?<0A><00>,64,not_generated,
codec,2092,료,64,1,codec:2092:11,you can heal it instantaneously.<0A><END>,즉시 치료할 수 있다.<0A><00>,64,not_generated,
codec,2092,즉,64,1,codec:2092:11,you can heal it instantaneously.<0A><END>,즉시 치료할 수 있다.<0A><00>,64,not_generated,
codec,2092,치,64,1,codec:2092:11,you can heal it instantaneously.<0A><END>,즉시 치료할 수 있다.<0A><00>,64,not_generated,
codec,2097,맞,64,1,codec:2097:10,"When you get shot, you'll sometimes suffer<0A>a gunshot wound.<0A><END>",총에 맞으면 총상을 입기도 해.<0A><00>,64,not_generated,
codec,2097,총,64,1,codec:2097:10,"When you get shot, you'll sometimes suffer<0A>a gunshot wound.<0A><END>",총에 맞으면 총상을 입기도 해.<0A><00>,64,not_generated,
codec,2102,몸,64,1,codec:2102:10,"Snake, look at your body.<0A><END>","Snake, 몸 좀 봐.<0A><00>",64,not_generated,
codec,2102,좀,64,1,codec:2102:10,"Snake, look at your body.<0A><END>","Snake, 몸 좀 봐.<0A><00>",64,not_generated,
codec,2103,빨,64,1,codec:2103:12,You should get rid of them as soon as<0A>possible.<0A><END>,최대한 빨리 없애.<0A><00>,64,not_generated,
codec,2103,애,64,1,codec:2103:12,You should get rid of them as soon as<0A>possible.<0A><END>,최대한 빨리 없애.<0A><00>,64,not_generated,
codec,2103,최,64,1,codec:2103:12,You should get rid of them as soon as<0A>possible.<0A><END>,최대한 빨리 없애.<0A><00>,64,not_generated,
codec,2108,먼,64,1,codec:2108:11,"To treat an arrow wound, first use your<0A>knife to dig the arrow out.<0A><END>",화살 상처는 먼저<0A>칼로 화살을 빼내.<0A><00>,64,not_generated,
codec,2108,빼,64,1,codec:2108:11,"To treat an arrow wound, first use your<0A>knife to dig the arrow out.<0A><END>",화살 상처는 먼저<0A>칼로 화살을 빼내.<0A><00>,64,not_generated,
codec,2108,살,64,1,codec:2108:11,"To treat an arrow wound, first use your<0A>knife to dig the arrow out.<0A><END>",화살 상처는 먼저<0A>칼로 화살을 빼내.<0A><00>,64,not_generated,
codec,2108,처,64,1,codec:2108:11,"To treat an arrow wound, first use your<0A>knife to dig the arrow out.<0A><END>",화살 상처는 먼저<0A>칼로 화살을 빼내.<0A><00>,64,not_generated,
codec,2108,칼,64,1,codec:2108:11,"To treat an arrow wound, first use your<0A>knife to dig the arrow out.<0A><END>",화살 상처는 먼저<0A>칼로 화살을 빼내.<0A><00>,64,not_generated,
codec,2108,화,64,1,codec:2108:11,"To treat an arrow wound, first use your<0A>knife to dig the arrow out.<0A><END>",화살 상처는 먼저<0A>칼로 화살을 빼내.<0A><00>,64,not_generated,
codec,2113,길,64,1,codec:2113:19,Let's hope so...<0A><END>,그러길 바라야지...<0A><00>,64,not_generated,
codec,2113,널,64,1,codec:2113:33,So that I could watch over you.<0A><END>,널 지켜보기 위해서.<0A><00>,64,not_generated,
codec,2113,멈,64,1,codec:2113:40,Stop right there!<0A><END>,거기 멈춰!<0A><00>,64,not_generated,
codec,2113,춰,64,1,codec:2113:40,Stop right there!<0A><END>,거기 멈춰!<0A><00>,64,not_generated,
codec,2113,치,64,1,codec:2113:22,And try not to get yourself hurt.<0A><END>,다치지 않게 조심해.<0A><00>,64,not_generated,
codec,2113,켜,64,1,codec:2113:33,So that I could watch over you.<0A><END>,널 지켜보기 위해서.<0A><00>,64,not_generated,
codec,2114,걸,64,1,codec:2114:15,I wouldn't think so.<0A><END>,그렇진 않을걸.<0A><00>,64,not_generated,
codec,2114,관,64,1,codec:2114:12,You know the Ocelot Unit commander?<0A><END>,Ocelot 부대 지휘관을 알아?<0A><00>,64,not_generated,
codec,2114,론,64,1,codec:2114:90,"... Euh, oui bien s<G7C>r.<0A><END>FO","... 음, 물론이죠.<0A><00>",64,not_generated,
codec,2114,맞,64,1,codec:2114:33,"Hmm. Yeah, maybe you're right.<0A><END>",음. 네 말이 맞을지도.<0A><00>,64,not_generated,
codec,2114,죠,64,2,codec:2114:90|codec:2114:29,"... Euh, oui bien s<G7C>r.<0A><END>FO || Oh, right.<0A><END>","... 음, 물론이죠.<0A><00> || 아, 그렇죠.<0A><00>",64,not_generated,
codec,2114,진,64,1,codec:2114:15,I wouldn't think so.<0A><END>,그렇진 않을걸.<0A><00>,64,not_generated,
codec,2114,휘,64,1,codec:2114:12,You know the Ocelot Unit commander?<0A><END>,Ocelot 부대 지휘관을 알아?<0A><00>,64,not_generated,
codec,2116,증,64,1,codec:2116:13,...Any symptoms?<0A><END>,...증상이 있나?<0A><00>,64,not_generated,
codec,2117,밝,64,2,codec:2117:24|codec:2117:100,"Later, it was shown that deoxyribonucleic<0A>acid, or DNA, was a biological<0A>macromolecule.<0A><END> || Plus tard, on a d<G6A>montr<G6A> que l'acide<0A>d<G6A>soxyribonucl<G6A>ique ou ADN <G6A>tait une<0A>macromol<G6A>cule biologique.<0A><END>",나중에 DNA가 생물학적 거대분자임이 밝혀졌다.<0A><00> || 나중에 DNA가 생물학적 거대분자로 밝혀졌다.<0A><00>,64,not_generated,
codec,2117,생,64,2,codec:2117:24|codec:2117:100,"Later, it was shown that deoxyribonucleic<0A>acid, or DNA, was a biological<0A>macromolecule.<0A><END> || Plus tard, on a d<G6A>montr<G6A> que l'acide<0A>d<G6A>soxyribonucl<G6A>ique ou ADN <G6A>tait une<0A>macromol<G6A>cule biologique.<0A><END>",나중에 DNA가 생물학적 거대분자임이 밝혀졌다.<0A><00> || 나중에 DNA가 생물학적 거대분자로 밝혀졌다.<0A><00>,64,not_generated,
codec,2117,전,64,1,codec:2117:13,Genes?<0A><END>,유전자?<0A><00>,64,not_generated,
codec,2117,졌,64,2,codec:2117:24|codec:2117:100,"Later, it was shown that deoxyribonucleic<0A>acid, or DNA, was a biological<0A>macromolecule.<0A><END> || Plus tard, on a d<G6A>montr<G6A> que l'acide<0A>d<G6A>soxyribonucl<G6A>ique ou ADN <G6A>tait une<0A>macromol<G6A>cule biologique.<0A><END>",나중에 DNA가 생물학적 거대분자임이 밝혀졌다.<0A><00> || 나중에 DNA가 생물학적 거대분자로 밝혀졌다.<0A><00>,64,not_generated,
codec,2117,중,64,2,codec:2117:24|codec:2117:100,"Later, it was shown that deoxyribonucleic<0A>acid, or DNA, was a biological<0A>macromolecule.<0A><END> || Plus tard, on a d<G6A>montr<G6A> que l'acide<0A>d<G6A>soxyribonucl<G6A>ique ou ADN <G6A>tait une<0A>macromol<G6A>cule biologique.<0A><END>",나중에 DNA가 생물학적 거대분자임이 밝혀졌다.<0A><00> || 나중에 DNA가 생물학적 거대분자로 밝혀졌다.<0A><00>,64,not_generated,
codec,2117,학,64,2,codec:2117:24|codec:2117:100,"Later, it was shown that deoxyribonucleic<0A>acid, or DNA, was a biological<0A>macromolecule.<0A><END> || Plus tard, on a d<G6A>montr<G6A> que l'acide<0A>d<G6A>soxyribonucl<G6A>ique ou ADN <G6A>tait une<0A>macromol<G6A>cule biologique.<0A><END>",나중에 DNA가 생물학적 거대분자임이 밝혀졌다.<0A><00> || 나중에 DNA가 생물학적 거대분자로 밝혀졌다.<0A><00>,64,not_generated,
codec,2117,혀,64,2,codec:2117:24|codec:2117:100,"Later, it was shown that deoxyribonucleic<0A>acid, or DNA, was a biological<0A>macromolecule.<0A><END> || Plus tard, on a d<G6A>montr<G6A> que l'acide<0A>d<G6A>soxyribonucl<G6A>ique ou ADN <G6A>tait une<0A>macromol<G6A>cule biologique.<0A><END>",나중에 DNA가 생물학적 거대분자임이 밝혀졌다.<0A><00> || 나중에 DNA가 생물학적 거대분자로 밝혀졌다.<0A><00>,64,not_generated,
codec,2128,너,64,1,codec:2128:30,"Un Calorie Mate, c'est un suppl<G6A>ment<0A><G6A>nerg<G6A>tique<0A><END>",칼로리메이트는 에너지 보충제입니다.<0A><00>,64,not_generated,
codec,2128,메,64,1,codec:2128:30,"Un Calorie Mate, c'est un suppl<G6A>ment<0A><G6A>nerg<G6A>tique<0A><END>",칼로리메이트는 에너지 보충제입니다.<0A><00>,64,not_generated,
codec,2128,충,64,1,codec:2128:30,"Un Calorie Mate, c'est un suppl<G6A>ment<0A><G6A>nerg<G6A>tique<0A><END>",칼로리메이트는 에너지 보충제입니다.<0A><00>,64,not_generated,
codec,2128,칼,64,1,codec:2128:30,"Un Calorie Mate, c'est un suppl<G6A>ment<0A><G6A>nerg<G6A>tique<0A><END>",칼로리메이트는 에너지 보충제입니다.<0A><00>,64,not_generated,
codec,2128,트,64,1,codec:2128:30,"Un Calorie Mate, c'est un suppl<G6A>ment<0A><G6A>nerg<G6A>tique<0A><END>",칼로리메이트는 에너지 보충제입니다.<0A><00>,64,not_generated,
codec,2173,겨,64,1,codec:2173:42,"That's the spirit, Snake. Have a little fun.<0A><END>","좋아, Snake. 좀 즐겨.<0A><00>",64,not_generated,
codec,2173,났,64,1,codec:2173:19,I know. So then what happened?<0A><END>,알아요. 그럼 무슨 일이 일어났나요?<0A><00>,64,not_generated,
codec,2173,냥,64,1,codec:2173:16,It's just make-believe.<0A><END>,그냥 상상 속의 일입니다.<0A><00>,64,not_generated,
codec,2173,닌,64,1,codec:2173:35,"I don't suppose you're the movie watching<0A>type, are you?<0A><END>",당신은 영화를 보는 타입은 아닌 것 같은데요?<0A><00>,64,not_generated,
codec,2173,당,64,1,codec:2173:35,"I don't suppose you're the movie watching<0A>type, are you?<0A><END>",당신은 영화를 보는 타입은 아닌 것 같은데요?<0A><00>,64,not_generated,
codec,2173,럼,64,1,codec:2173:19,I know. So then what happened?<0A><END>,알아요. 그럼 무슨 일이 일어났나요?<0A><00>,64,not_generated,
codec,2173,많,64,1,codec:2173:34,You sure know a lot about movies.<0A><END>,MOVIE를 많이 아는군.<0A><00>,64,not_generated,
codec,2173,뭔,64,1,codec:2173:11,No. What is it?<0A><END>,아니요. 뭔데요?<0A><00>,64,not_generated,
codec,2173,속,64,1,codec:2173:16,It's just make-believe.<0A><END>,그냥 상상 속의 일입니다.<0A><00>,64,not_generated,
codec,2173,신,64,1,codec:2173:35,"I don't suppose you're the movie watching<0A>type, are you?<0A><END>",당신은 영화를 보는 타입은 아닌 것 같은데요?<0A><00>,64,not_generated,
codec,2173,영,64,3,codec:2173:35|codec:2173:12|codec:2173:40,"I don't suppose you're the movie watching<0A>type, are you?<0A><END> || It's a movie. You haven't seen it?<0A><END> || That's the magic of movies.<0A><END>",당신은 영화를 보는 타입은 아닌 것 같은데요?<0A><00> || 영화예요. 본 적 없나요?<0A><00> || 그게 영화의 마법이죠.<0A><00>,64,not_generated,
codec,2173,예,64,1,codec:2173:12,It's a movie. You haven't seen it?<0A><END>,영화예요. 본 적 없나요?<0A><00>,64,not_generated,
codec,2173,좀,64,1,codec:2173:42,"That's the spirit, Snake. Have a little fun.<0A><END>","좋아, Snake. 좀 즐겨.<0A><00>",64,not_generated,
codec,2173,죠,64,1,codec:2173:40,That's the magic of movies.<0A><END>,그게 영화의 마법이죠.<0A><00>,64,not_generated,
codec,2173,즐,64,1,codec:2173:42,"That's the spirit, Snake. Have a little fun.<0A><END>","좋아, Snake. 좀 즐겨.<0A><00>",64,not_generated,
codec,2173,타,64,2,codec:2173:35|codec:2173:28,"I don't suppose you're the movie watching<0A>type, are you?<0A><END> || Really... that's too bad.<0A><END>",당신은 영화를 보는 타입은 아닌 것 같은데요?<0A><00> || 정말... 안타깝네요.<0A><00>,64,not_generated,
codec,2173,화,64,3,codec:2173:35|codec:2173:12|codec:2173:40,"I don't suppose you're the movie watching<0A>type, are you?<0A><END> || It's a movie. You haven't seen it?<0A><END> || That's the magic of movies.<0A><END>",당신은 영화를 보는 타입은 아닌 것 같은데요?<0A><00> || 영화예요. 본 적 없나요?<0A><00> || 그게 영화의 마법이죠.<0A><00>,64,not_generated,
codec,2175,걱,64,1,codec:2175:22,I appreciate the concern.<0A><END>,걱정해 줘서 고마워.<0A><00>,64,not_generated,
codec,2175,례,64,2,codec:2175:36|codec:2175:18,<G22>Qu<G6A> grosero! <G40>Por qu<G6A> dices eso?<0A><END> || How rude! Why do you say that?<0A><END>,정말 무례해요! 왜 그런 말을 합니까?<0A><00> || 정말 무례해요! 왜 그런 말을 합니까?<0A><00>,64,not_generated,
codec,2175,워,64,1,codec:2175:22,I appreciate the concern.<0A><END>,걱정해 줘서 고마워.<0A><00>,64,not_generated,
codec,2175,줘,64,1,codec:2175:22,I appreciate the concern.<0A><END>,걱정해 줘서 고마워.<0A><00>,64,not_generated,
codec,2175,처,64,1,codec:2175:11,"Nope, never heard of it.<0A><END>","아니, 처음 들어.<0A><00>",64,not_generated,
codec,2175,합,64,2,codec:2175:36|codec:2175:18,<G22>Qu<G6A> grosero! <G40>Por qu<G6A> dices eso?<0A><END> || How rude! Why do you say that?<0A><END>,정말 무례해요! 왜 그런 말을 합니까?<0A><00> || 정말 무례해요! 왜 그런 말을 합니까?<0A><00>,64,not_generated,
codec,2176,농,64,1,codec:2176:27,You're kidding.<0A><END>,농담이지.<0A><00>,64,not_generated,
codec,2176,담,64,1,codec:2176:27,You're kidding.<0A><END>,농담이지.<0A><00>,64,not_generated,
codec,2176,럼,64,2,codec:2176:21|codec:2176:42,"Guess I'm out of luck, then.<0A><END> || Pues entonces no voy a poder verla.<0A><END>",그럼 운이 없군.<0A><00> || 그럼 못 보겠네.<0A><00>,64,not_generated,
codec,2176,운,64,1,codec:2176:21,"Guess I'm out of luck, then.<0A><END>",그럼 운이 없군.<0A><00>,64,not_generated,
codec,2177,막,64,1,codec:2177:10,"Snake, have you heard of ""The Last War""?<0A><END>","Snake 씨, '마지막 전쟁'이라고 들어보셨나요?<0A><00>",64,not_generated,
codec,2177,셨,64,1,codec:2177:10,"Snake, have you heard of ""The Last War""?<0A><END>","Snake 씨, '마지막 전쟁'이라고 들어보셨나요?<0A><00>",64,not_generated,
codec,2177,씨,64,1,codec:2177:10,"Snake, have you heard of ""The Last War""?<0A><END>","Snake 씨, '마지막 전쟁'이라고 들어보셨나요?<0A><00>",64,not_generated,
codec,2177,억,64,1,codec:2177:11,"Nope, doesn't ring a bell.<0A><END>","아니, 기억나지 않아.<0A><00>",64,not_generated,
codec,2177,쟁,64,1,codec:2177:10,"Snake, have you heard of ""The Last War""?<0A><END>","Snake 씨, '마지막 전쟁'이라고 들어보셨나요?<0A><00>",64,not_generated,
codec,2177,전,64,1,codec:2177:10,"Snake, have you heard of ""The Last War""?<0A><END>","Snake 씨, '마지막 전쟁'이라고 들어보셨나요?<0A><00>",64,not_generated,
codec,2178,오,64,1,codec:2178:19,"Yeah, that'll be the day...<0A><END>","그래, 그럴 날이 오겠지...<0A><00>",64,not_generated,
codec,2179,죠,64,1,codec:2179:16,"Yeah, right.<0A><END>","네, 그렇죠.<0A><00>",64,not_generated,
codec,2180,모,64,1,codec:2180:11,"No, don't know it.<0A><END>","아니요, 모르겠어요.<0A><00>",64,not_generated,
codec,2180,혹,64,1,codec:2180:10,"Snake, have you ever seen ""On the Beach""?<0A><END>","Snake, 혹시 <3C>On the Beach<3E> 본 적 있나요?<0A><00>",64,not_generated,
codec,2183,맞,64,1,codec:2183:13,The army tries to fight them off with<0A>flamethrowers.<0A><END>,군대는 FLAMETHROWER로 맞서.<0A><00>,64,not_generated,
codec,2184,신,64,1,codec:2184:12,It's based on Greek mythology.<0A><END>,그리스 신화를 바탕으로 했어.<0A><00>,64,not_generated,
codec,2184,탕,64,1,codec:2184:12,It's based on Greek mythology.<0A><END>,그리스 신화를 바탕으로 했어.<0A><00>,64,not_generated,
codec,2184,했,64,1,codec:2184:12,It's based on Greek mythology.<0A><END>,그리스 신화를 바탕으로 했어.<0A><00>,64,not_generated,
codec,2184,혹,64,1,codec:2184:10,"Snake, have you ever seen ""Jason and<0A>the Argonauts""?<0A><END>","Snake, 혹시 ""Jason and the Argonauts""를 본 적이 있나?<0A><00>",64,not_generated,
codec,2184,화,64,1,codec:2184:12,It's based on Greek mythology.<0A><END>,그리스 신화를 바탕으로 했어.<0A><00>,64,not_generated,
codec,2185,닥,64,1,codec:2185:12,"""Dr. Strangelove."" Have you seen it?<0A><END>","""닥터 스트레인지러브."" 본 적 있나?<0A><00>",64,not_generated,
codec,2185,레,64,1,codec:2185:12,"""Dr. Strangelove."" Have you seen it?<0A><END>","""닥터 스트레인지러브."" 본 적 있나?<0A><00>",64,not_generated,
codec,2185,트,64,1,codec:2185:12,"""Dr. Strangelove."" Have you seen it?<0A><END>","""닥터 스트레인지러브."" 본 적 있나?<0A><00>",64,not_generated,
codec,2186,메,64,1,codec:2186:18,The major...<0A><END>,메이저...<0A><00>,64,not_generated,
codec,2186,접,64,1,codec:2186:21,Do you want to tell him yourself?<0A><END>,직접 말할래?<0A><00>,64,not_generated,
codec,2186,직,64,1,codec:2186:21,Do you want to tell him yourself?<0A><END>,직접 말할래?<0A><00>,64,not_generated,
codec,2188,납,64,1,codec:2188:13,It crosses the ocean and emerges in<0A>New York.<0A><END>,바다를 건너 뉴욕에 나타납니다.<0A><00>,64,not_generated,
codec,2188,너,64,2,codec:2188:35|codec:2188:13,Il traverse l'oc<G6A>an et arrive <G61> New York.<0A><END> || It crosses the ocean and emerges in<0A>New York.<0A><END>,그는 바다를 건너 뉴욕에 도착합니다.<0A><00> || 바다를 건너 뉴욕에 나타납니다.<0A><00>,64,not_generated,
codec,2188,뉴,64,2,codec:2188:35|codec:2188:13,Il traverse l'oc<G6A>an et arrive <G61> New York.<0A><END> || It crosses the ocean and emerges in<0A>New York.<0A><END>,그는 바다를 건너 뉴욕에 도착합니다.<0A><00> || 바다를 건너 뉴욕에 나타납니다.<0A><00>,64,not_generated,
codec,2188,욕,64,2,codec:2188:35|codec:2188:13,Il traverse l'oc<G6A>an et arrive <G61> New York.<0A><END> || It crosses the ocean and emerges in<0A>New York.<0A><END>,그는 바다를 건너 뉴욕에 도착합니다.<0A><00> || 바다를 건너 뉴욕에 나타납니다.<0A><00>,64,not_generated,
codec,2188,착,64,1,codec:2188:35,Il traverse l'oc<G6A>an et arrive <G61> New York.<0A><END>,그는 바다를 건너 뉴욕에 도착합니다.<0A><00>,64,not_generated,
codec,2188,타,64,1,codec:2188:13,It crosses the ocean and emerges in<0A>New York.<0A><END>,바다를 건너 뉴욕에 나타납니다.<0A><00>,64,not_generated,
codec,2188,합,64,1,codec:2188:35,Il traverse l'oc<G6A>an et arrive <G61> New York.<0A><END>,그는 바다를 건너 뉴욕에 도착합니다.<0A><00>,64,not_generated,
codec,2192,놓,64,2,codec:2192:28|codec:2192:11,<G4A>sa me la he perdido.<0A><END> || Missed that one.<0A><END>,그거 놓쳤어요.<0A><00> || 그건 놓쳤다.<0A><00>,64,not_generated,
codec,2192,렸,64,1,codec:2192:21,This was when you were a kid?<0A><END>,어렸을 때였나요?<0A><00>,64,not_generated,
codec,2192,멀,64,1,codec:2192:18,All of them? Not even close.<0A><END>,전부? 아직 멀었어.<0A><00>,64,not_generated,
codec,2192,씨,64,1,codec:2192:10,"Snake, have you ever seen ""North by<0A>Northwest""?<0A><END>","Snake 씨, 혹시 ""North by Northwest""를 본 적 있나요?<0A><00>",64,not_generated,
codec,2192,였,64,1,codec:2192:21,This was when you were a kid?<0A><END>,어렸을 때였나요?<0A><00>,64,not_generated,
codec,2192,전,64,1,codec:2192:18,All of them? Not even close.<0A><END>,전부? 아직 멀었어.<0A><00>,64,not_generated,
codec,2192,직,64,1,codec:2192:18,All of them? Not even close.<0A><END>,전부? 아직 멀었어.<0A><00>,64,not_generated,
codec,2192,쳤,64,2,codec:2192:28|codec:2192:11,<G4A>sa me la he perdido.<0A><END> || Missed that one.<0A><END>,그거 놓쳤어요.<0A><00> || 그건 놓쳤다.<0A><00>,64,not_generated,
codec,2192,혹,64,1,codec:2192:10,"Snake, have you ever seen ""North by<0A>Northwest""?<0A><END>","Snake 씨, 혹시 ""North by Northwest""를 본 적 있나요?<0A><00>",64,not_generated,
codec,2193,신,64,1,codec:2193:10,"Snake, have you ever heard of ""The Blob""?<0A><END>","Snake, 혹시 ""The Blob""에 대해 들어보신 적 있으신가요?<0A><00>",64,not_generated,
codec,2193,혹,64,1,codec:2193:10,"Snake, have you ever heard of ""The Blob""?<0A><END>","Snake, 혹시 ""The Blob""에 대해 들어보신 적 있으신가요?<0A><00>",64,not_generated,
codec,2194,트,64,1,codec:2194:19,A date?<0A><END>,데이트요?<0A><00>,64,not_generated,
codec,2195,럼,64,1,codec:2195:22,Like a thoroughbred horse?<0A><END>,순종 말처럼요?<0A><00>,64,not_generated,
codec,2195,론,64,2,codec:2195:37|codec:2195:15,<G40>Clones?<0A><END> || Clones?<0A><END>,<1f><40> 클론?<0A><00> || 클론?<0A><00>,64,not_generated,
codec,2195,순,64,1,codec:2195:22,Like a thoroughbred horse?<0A><END>,순종 말처럼요?<0A><00>,64,not_generated,
codec,2195,종,64,1,codec:2195:22,Like a thoroughbred horse?<0A><END>,순종 말처럼요?<0A><00>,64,not_generated,
codec,2195,처,64,1,codec:2195:22,Like a thoroughbred horse?<0A><END>,순종 말처럼요?<0A><00>,64,not_generated,
codec,2195,클,64,2,codec:2195:37|codec:2195:15,<G40>Clones?<0A><END> || Clones?<0A><END>,<1f><40> 클론?<0A><00> || 클론?<0A><00>,64,not_generated,
codec,2197,불,64,1,codec:2197:18,Poor guy.<0A><END>,불쌍하군.<0A><00>,64,not_generated,
codec,2197,쌍,64,1,codec:2197:18,Poor guy.<0A><END>,불쌍하군.<0A><00>,64,not_generated,
codec,2198,닌,64,1,codec:2198:11,No... don't think so.<0A><END>,아니... 아닌 것 같아.<0A><00>,64,not_generated,
codec,2198,멀,64,1,codec:2198:16,"If I see any aliens, I'll be sure to keep<0A>my distance.<0A><END>",ALIEN을 보면 멀리할게.<0A><00>,64,not_generated,
codec,2199,녕,64,1,codec:2199:10,"Hey Snake, have you ever seen<0A>""Frankenstein""?<0A><END>","안녕 Snake, 혹시 ""프랑켄슈타인""을 본 적 있나?<0A><00>",64,not_generated,
codec,2199,랑,64,1,codec:2199:10,"Hey Snake, have you ever seen<0A>""Frankenstein""?<0A><END>","안녕 Snake, 혹시 ""프랑켄슈타인""을 본 적 있나?<0A><00>",64,not_generated,
codec,2199,슈,64,1,codec:2199:10,"Hey Snake, have you ever seen<0A>""Frankenstein""?<0A><END>","안녕 Snake, 혹시 ""프랑켄슈타인""을 본 적 있나?<0A><00>",64,not_generated,
codec,2199,켄,64,1,codec:2199:10,"Hey Snake, have you ever seen<0A>""Frankenstein""?<0A><END>","안녕 Snake, 혹시 ""프랑켄슈타인""을 본 적 있나?<0A><00>",64,not_generated,
codec,2199,타,64,1,codec:2199:10,"Hey Snake, have you ever seen<0A>""Frankenstein""?<0A><END>","안녕 Snake, 혹시 ""프랑켄슈타인""을 본 적 있나?<0A><00>",64,not_generated,
codec,2199,혹,64,1,codec:2199:10,"Hey Snake, have you ever seen<0A>""Frankenstein""?<0A><END>","안녕 Snake, 혹시 ""프랑켄슈타인""을 본 적 있나?<0A><00>",64,not_generated,
codec,2200,흠,64,1,codec:2200:11,Hmm... no.<0A><END>,흠... 아니.<0A><00>,64,not_generated,
codec,2201,남,64,1,codec:2201:14,"Imagine that, Snake. The guy's body just<0A>keeps getting smaller and smaller.<0A><END>","상상해 보세요, Snake. 그 남자의 몸은 점점 작아지고 있어요.<0A><00>",64,not_generated,
codec,2201,닌,64,1,codec:2201:20,Even though they're not real?<0A><END>,진짜가 아닌데도요?<0A><00>,64,not_generated,
codec,2201,몸,64,1,codec:2201:14,"Imagine that, Snake. The guy's body just<0A>keeps getting smaller and smaller.<0A><END>","상상해 보세요, Snake. 그 남자의 몸은 점점 작아지고 있어요.<0A><00>",64,not_generated,
codec,2201,작,64,1,codec:2201:14,"Imagine that, Snake. The guy's body just<0A>keeps getting smaller and smaller.<0A><END>","상상해 보세요, Snake. 그 남자의 몸은 점점 작아지고 있어요.<0A><00>",64,not_generated,
codec,2201,진,64,1,codec:2201:20,Even though they're not real?<0A><END>,진짜가 아닌데도요?<0A><00>,64,not_generated,
codec,2201,짜,64,1,codec:2201:20,Even though they're not real?<0A><END>,진짜가 아닌데도요?<0A><00>,64,not_generated,
codec,2202,먹,64,1,codec:2202:16,Prey?<0A><END>,먹이?<0A><00>,64,not_generated,
codec,2202,혹,64,1,codec:2202:10,"Snake, have you ever seen<0A>""The Quartermass Xperiment""?<0A><END>","Snake, 혹시<0A>""The Quartermass Xperiment"" 봤어?<0A><00>",64,not_generated,
codec,2203,구,64,1,codec:2203:10,"Snake, have you ever seen ""The Day<0A>the Earth Stood Still""?<0A><END>","Snake, '지구가 멈추는 날'을 본 적 있나?<0A><00>",64,not_generated,
codec,2203,멈,64,1,codec:2203:10,"Snake, have you ever seen ""The Day<0A>the Earth Stood Still""?<0A><END>","Snake, '지구가 멈추는 날'을 본 적 있나?<0A><00>",64,not_generated,
codec,2203,추,64,1,codec:2203:10,"Snake, have you ever seen ""The Day<0A>the Earth Stood Still""?<0A><END>","Snake, '지구가 멈추는 날'을 본 적 있나?<0A><00>",64,not_generated,
codec,2204,깐,64,1,codec:2204:13,"Wait, isn't this...<0A><END>","잠깐, 이건...<0A><00>",64,not_generated,
codec,2204,름,64,1,codec:2204:8,It's the name of a character.<0A><END>,CHARACTER 이름이야.<0A><00>,64,not_generated,
codec,2204,베,64,1,codec:2204:4,Did you get cut up?<0A><END>,베였나?<0A><00>,64,not_generated,
codec,2204,였,64,1,codec:2204:4,Did you get cut up?<0A><END>,베였나?<0A><00>,64,not_generated,
codec,2204,잠,64,1,codec:2204:13,"Wait, isn't this...<0A><END>","잠깐, 이건...<0A><00>",64,not_generated,
codec,2204,중,64,1,codec:2204:51,... Lo estoy intentando.<0A><END>,...해 보는 중이야.<0A><00>,64,not_generated,
codec,2204,큘,64,1,codec:2204:17,Dracula...!<0A><END>,드라큘라...!<0A><00>,64,not_generated,
